,Unnamed: 0,obj_values,MRO_obj_values,cluster_SAA_obj_values,epsilon,online_time,MRO_time,cluster_SAA_time,MRO_square_val,MRO_sig_val,square_val,sig_val,worst_values,MRO_worst_values,worst_times,MRO_worst_times,worst_values_regret,MRO_worst_values_regret,worst_times_regret,MRO_worst_times_regret,t,regret_bound,MRO_regret_bound,MRO_eval0,MRO_eval1,MRO_satisfy0,MRO_satisfy1,O_eval0,O_eval1,O_satisfy0,O_satisfy1,O_worst_satisfy0,O_worst_satisfy1,MRO_worst_satisfy0,MRO_worst_satisfy1,cluster_SAA_eval0,cluster_SAA_eval1,cluster_SAA_satisfy0,cluster_SAA_satisfy1
0,0.0,1.0,1.0,0.0,2.674961219905688,0.15387856209417802,0.06959409412229428,0.16619343601632858,7.329350702381441e-32,0.0,7.329350702381441e-32,0.0,1.0,1.0,7.259845733642578e-05,1.710653305053711e-05,1.0,1.0,2.3484230041503903e-05,1.2874603271484377e-05,0.0,3.1209664777984854,7.152557390810443e-08,1.0,1.0,1.0,1.0,1.0,1.0,1.0,1.0,1.0,1.0,1.0,1.0,6.07937008082941,5.326109242418205,0.0,0.0
1,1.0,1.0,1.0,0.0,2.5557724169850897,0.27295576897449786,0.32376893964828923,0.2729795589693822,9.691113590965256e-32,0.0,6.107792251984536e-32,0.0,1.0,1.0,4.7326087951660156e-05,1.5437602996826172e-05,1.0,1.0,2.241134643554688e-05,1.2993812561035156e-05,1.0,3.473575254056267,2.3238771744100464,1.0,1.0,0.0,0.0,1.0,1.0,0.0,0.0,0.0,0.0,0.0,0.0,6.7294668526116075,5.727570568006001,0.0,0.0
2,2.0,1.000000000854527,1.0000000008496936,2.4363227484829822e-15,2.309401076758504,0.4411292917793616,0.27078800118761137,0.1537330076098442,1.1395533304374358e-31,0.0,4.071861501323024e-32,0.0,1.000000000854527,1.0000000008496936,4.00543212890625e-05,1.4781951904296877e-05,1.0,1.0,1.9431114196777344e-05,1.3589859008789062e-05,4.0,3.123086446139864,2.5534099771370182,1.000000000000164,1.000000000000226,1.0,1.0,1.0000000000001645,1.0000000000002252,1.0,1.0,1.0,1.0,1.0,1.0,2.9640711883767907,3.15896289694133,0.0,0.0
3,3.0,1.0000000000166105,1.0000000000247158,3.6998182295633345e-15,2.2493653007613963,0.2635909177479334,0.28330051968805486,0.38787719304673374,9.479831512249619e-32,0.0,3.6646753511907207e-32,0.0,1.0000000000166105,1.0000000000247158,4.857778549194336e-05,1.7344951629638672e-05,1.00000000082871,1.000000000824173,2.0682811737060547e-05,1.2636184692382812e-05,5.0,2.8429707512893225,2.490971385603712,1.0,1.0000000000000282,1.0,1.0,1.0,1.0000000000000289,1.0,1.0,1.0,1.0,1.0,1.0,4.745138236073252,4.5058967644779715,0.0,0.0
4,4.0,1.0000000000214526,1.0000000004970353,2.1986380969808898e-15,2.0678926158286823,0.333052507659886,0.1447627553134225,0.0660256757983006,10.830154989229056,6.833452454684569e-12,12.145489719637675,4.3282639377346345e-13,1.0000000000214526,1.0000000004970353,4.0471553802490234e-05,1.537799835205078e-05,1.0000000000151534,1.000000000023039,2.235174179077148e-05,1.2874603271484377e-05,9.0,2.298300802589082,2.006965529903672,1.0000000000001514,1.0000000000002531,1.0,1.0,1.0000000000001392,1.000000000000075,1.0,1.0,1.0,1.0,1.0,1.0,6.5217402714619706,7.188750500854718,0.0,0.0
5,5.0,1.0000000001620104,1.000000000114714,1.6005715271679341e-15,2.032530992618459,0.43497566558653483,0.519469287712127,0.48280138091649855,12.938242060274842,2.0682252207156653e-12,14.30978056462271,2.499315569319075e-12,1.0000000001620104,1.000000000114714,4.082918167114258e-05,1.5616416931152344e-05,1.0000000000213245,1.000000000499047,2.0682811737060547e-05,1.3470649719238281e-05,10.0,2.503301321123138,2.2306634327076202,1.000000000000585,1.0000000000000413,1.0,1.0,1.000000000000078,1.000000000000497,1.0,1.0,1.0,1.0,1.0,1.0,3.5917031684013843,4.0108082936608325,0.0,0.0
6,6.0,1.000000000157125,1.0000000000261373,2.1634740782498116e-15,1.9158945017742988,0.441135898581706,0.41181606834288687,0.40248685172991827,19.30972965839498,7.66299304712591e-13,20.15533930183227,2.799384992819024e-12,1.000000000157125,1.000000000026137,4.094839096069336e-05,1.4960765838623047e-05,1.0000000001518918,1.0000000001102975,2.3066997528076172e-05,1.329183578491211e-05,14.0,2.270304258809554,1.9680758689571543,1.000000000000044,1.0000000000000724,1.0,1.0,1.000000000002677,1.0000000000003086,1.0,1.0,1.0,1.0,1.0,1.0,6.121374089046872,5.467668750055287,0.0,0.0
7,7.0,1.0000000001266063,1.0000000001195102,1.3697376566312871e-15,1.891483218006352,0.5220320245716721,0.4579576256801374,0.3542070268304087,20.528706540591536,3.891056921112579e-12,21.05405216129563,3.275385518364259e-12,1.0000000001266065,1.0000000001195102,4.2378902435302734e-05,1.5020370483398438e-05,1.0000000001536093,1.000000000025731,2.110004425048828e-05,1.2636184692382812e-05,15.0,2.3835358970655838,2.1120084719749315,1.0000000000000746,1.000000000000295,1.0,1.0,1.0000000000000544,1.000000000000527,1.0,1.0,1.0,1.0,1.0,1.0,3.780893961936799,4.058561303268822,0.0,0.0
8,8.0,1.000000000225487,1.0000000014336177,1.3079815008865125e-15,1.8072040072196895,0.3414053600863553,0.31195811636280263,0.2082698387675918,24.40746130264601,3.7134022708625495e-11,25.27466156103955,7.447193324979413e-12,1.0000000002254867,1.0000000014336177,4.2498111724853516e-05,1.4781951904296877e-05,1.0000000001238163,1.000000000115058,2.0682811737060547e-05,1.2814998626708986e-05,19.0,2.165647546962746,1.958083277340956,1.0000000000212454,1.0000000000048526,1.0,1.0,1.0000000000006115,1.0000000000013238,1.0,1.0,1.0,1.0,1.0,1.0,4.098946345476001,4.433867180769489,0.0,0.0
9,9.0,1.0000000000411657,1.000000000047129,1.687538997430238e-15,1.7888543819998317,0.3794318959116935,0.40168812341289595,0.32922501873690635,25.56459249210006,1.497511004089347e-12,26.107906376894363,1.7036083654886624e-12,1.0000000000411657,1.000000000047129,4.4405460357666016e-05,1.4781951904296877e-05,1.0000000002244236,1.0000000014103125,2.0623207092285156e-05,1.2874603271484377e-05,20.0,2.0678350007450073,2.1794478679442855,1.0000000000001361,1.0000000000000762,1.0,1.0,1.0000000000003406,1.0000000000004015,1.0,1.0,1.0,1.0,1.0,1.0,4.814078222517139,4.53406447219756,0.0,0.0
10,10.0,1.000000000301052,1.0000000000212785,2.7380059004358642e-15,1.656495506266208,0.34752351907081896,0.16865858196979383,0.14763493125792593,31.217289991020074,9.154156191241094e-13,32.31457298168142,1.3355877678321384e-11,1.000000000301052,1.0000000000212785,4.422664642333985e-05,1.5676021575927734e-05,1.0000000000377647,1.0000000000435039,2.2232532501220707e-05,1.2636184692382812e-05,29.0,1.8150886455950253,1.7777213359343622,1.0000000000000826,1.00000000000008,1.0,1.0,1.0000000000003042,1.0000000000002063,1.0,1.0,1.0,1.0,1.0,1.0,3.2605600744348235,2.9645912414749516,0.0,0.0
11,11.0,1.0000000001575056,1.0000000001796112,1.2593101165033917e-15,1.6445344676020788,0.20654077513609076,0.29727937839925284,0.32797480619046837,31.879626350236396,7.946296795172511e-12,32.99218710409343,7.570529124224987e-12,1.0000000001575056,1.0000000001796112,4.416704177856446e-05,1.519918441772461e-05,1.0000000002988747,1.0000000000211595,2.4437904357910156e-05,1.3053417205810547e-05,30.0,1.8867953883040298,1.888072943513345,1.0000000000001936,1.0000000000000009,1.0,1.0,1.0000000000003657,1.0000000000009046,1.0,1.0,1.0,1.0,1.0,1.0,4.939079569633218,4.399760112973461,0.0,0.0
12,12.0,1.0000000000437677,1.0000000000795697,1.0156805951844208e-15,1.414213562373095,0.27169313549529756,0.26525396539364005,0.31231256586033845,37.127409773421576,4.606894293129882e-12,39.349073652642886,2.469138175170693e-12,1.0000000000437679,1.0000000000795697,4.4465065002441406e-05,1.52587890625e-05,1.0000000001354588,1.000000000154314,2.264976501464844e-05,1.3113021850585938e-05,59.0,1.1088324733335915,1.0480261046645118,1.0000000000004612,1.0000000000001765,1.0,1.0,1.0000000000000255,1.0000000000000506,1.0,1.0,1.0,1.0,1.0,1.0,3.607809601101689,3.862129633599827,0.0,0.0
13,13.0,1.000000000178197,1.0000000000199396,1.760130502886498e-15,1.4087426143292945,0.3828139612451195,0.2740402834606357,0.1862461823620833,37.88232120612542,1.1421769513092911e-12,39.50951854388805,1.0713020641535291e-11,1.000000000178197,1.0000000000199396,4.565715789794922e-05,1.5676021575927734e-05,1.0000000000436144,1.0000000000794642,2.2351741790771488e-05,1.33514404296875e-05,60.0,1.1211468664613689,1.0807352592313941,1.0000000000000304,1.0000000000001443,1.0,1.0,1.0000000000005742,1.0000000000001155,1.0,1.0,1.0,1.0,1.0,1.0,4.115069005665477,4.500859171959519,0.0,0.0
14,14.0,1.0000000000205072,1.0000000001321132,1.5114893463825347e-15,1.2495759747681023,0.22599185875151304,0.27057039388455445,0.23972976277582342,40.60326225678225,9.09570699182352e-12,43.117611845791174,1.4571650764323641e-12,1.0000000000205072,1.0000000001321134,4.7206878662109375e-05,1.7583370208740234e-05,1.000000000162923,1.000000000017403,2.193450927734375e-05,1.3768672943115233e-05,100.0,0.747876736824385,0.6810133669704944,1.0000000000003906,1.0000000000003453,1.0,1.0,1.00000000000002,1.0000000000001588,1.0,1.0,1.0,1.0,1.0,1.0,5.886205316223249,5.299506832181851,0.0,0.0
15,15.0,1.000000000134335,1.000000000094166,1.2380034104782406e-15,1.2466183777610622,0.279519229196012,0.15155202511232346,0.2030208576470613,40.56869753271921,5.813892606337067e-12,42.98362245258642,9.16534851158822e-12,1.0000000001343352,1.000000000094166,4.5418739318847656e-05,1.5735626220703125e-05,1.0000000000204443,1.0000000001315659,2.5272369384765625e-05,1.3768672943115233e-05,101.0,0.8091536757954914,0.7046115712445405,1.000000000000012,1.0000000000001437,1.0,1.0,1.0000000000000002,1.00000000000013,1.0,1.0,1.0,1.0,1.0,1.0,3.5491912668493595,3.398521367859078,0.0,0.0
16,16.0,1.0000000000130758,1.0000000002059315,1.2246301533822612e-15,1.0571132736047375,0.1733447548467666,0.2653346759616397,0.21931113855680445,42.529238304516774,1.5810245795482454e-11,45.59956144441957,1.1360298880464646e-12,1.0000000000130758,1.0000000002059315,5.078315734863281e-05,1.7642974853515625e-05,1.0000000001144747,1.0000000000801366,3.0219554901123047e-05,1.519918441772461e-05,200.0,0.4685512820688017,0.369902105352444,1.0000000000000002,1.0000000000007159,1.0,1.0,1.0,0.9999999999999999,1.0,1.0,1.0,1.0,1.0,1.0,4.5230507722280775,4.518136833550261,0.0,0.0
17,17.0,1.0000000000475726,1.0000000002467941,6.103531919359174e-16,1.0558280271268556,0.1992136239423416,0.27044877375010395,0.25728589331265533,42.22739117361965,1.818171489847921e-11,45.558873685586406,3.846246676061899e-12,1.0000000000475724,1.0000000002467941,5.5730342864990234e-05,1.7881393432617188e-05,1.0000000000130596,1.0000000002056164,2.7596950531005856e-05,1.4960765838623047e-05,201.0,0.46623298362520016,0.3766177170074788,1.0000000000005127,1.0000000000008664,1.0,1.0,1.0000000000000426,0.9999999999999996,1.0,1.0,1.0,1.0,1.0,1.0,5.628293256039246,4.838415797946314,0.0,0.0
18,18.0,1.0000000000636982,1.0000000000384928,6.251829655061332e-16,0.9571610809587846,0.3873636547359638,0.165927366411779,0.17578197055263445,43.06537740457722,3.5167103291364415e-12,46.7565506494371,6.2059632478499e-12,1.0000000000636982,1.0000000000384928,6.252527236938477e-05,1.895427703857422e-05,1.0000000000432787,1.0000000002212315,2.813339233398437e-05,1.621246337890625e-05,300.0,0.3365290442201229,0.2591342416840547,1.0000000000001177,1.0000000000001537,1.0,1.0,1.0000000000000002,1.0000000000000002,1.0,1.0,1.0,1.0,1.0,1.0,4.38659240172014,4.767036328574098,0.0,0.0
19,19.0,1.0000000000587632,1.0000000000733988,9.054122738405485e-16,0.9563781264542008,0.16069225565297524,0.024937148729804827,0.15719389414880425,43.018494718803105,6.381094908098194e-12,46.23779836340197,5.468714533506196e-12,1.0000000000587637,1.000000000073399,5.3882598876953125e-05,1.925230026245117e-05,1.0000000000636393,1.000000000038511,3.260374069213867e-05,1.6391277313232422e-05,301.0,0.3486858362255027,0.264887178995063,1.000000000000345,1.0000000000005762,1.0,1.0,0.9999999999999999,1.0000000000000073,1.0,1.0,1.0,1.0,1.0,1.0,4.676747112702632,4.376131322275415,0.0,0.0
20,20.0,1.0000000000088984,1.0000000000861682,1.3617365123025838e-15,0.8916537399685627,0.2507065260433592,0.31722804909804836,0.27735537156695494,43.35243849282605,7.061646535012335e-12,47.25039686632062,9.409853554789951e-13,1.0000000000088987,1.0000000000861682,5.7578086853027344e-05,1.9729137420654297e-05,1.0000000000547895,1.000000000068248,3.820657730102539e-05,1.7881393432617188e-05,400.0,0.2733939161739103,0.20396978362812565,1.00000000000017,1.000000000000116,1.0,1.0,1.0000000000000004,1.0000000000000009,1.0,1.0,1.0,1.0,1.0,1.0,4.365213779029209,4.509416688180085,0.0,0.0
21,21.0,1.0000000000340399,1.000000000212272,3.241796541116067e-16,0.891104184243764,0.3103806040016934,0.3192311754100956,0.2614535770844668,43.45536456709668,2.005759994328879e-11,47.16725319208595,3.707307996443376e-12,1.0000000000340403,1.0000000002122722,6.091594696044922e-05,2.1636486053466797e-05,1.0000000000088918,1.0000000000861244,3.898143768310547e-05,1.6927719116210938e-05,401.0,0.272710809651824,0.20590210202120537,1.0000000000000036,1.0000000000001468,1.0,1.0,1.0000000000000004,0.9999999999999999,1.0,1.0,1.0,1.0,1.0,1.0,4.593212247831968,4.981888455353143,0.0,0.0
22,22.0,1.0000000000145308,1.0000000000201787,5.988608948671142e-16,0.84379538703644,0.25867586227832357,0.24400864302879197,0.33055353286908934,43.84094498676301,1.8158552219627254e-12,47.553524035231256,1.5771033544016257e-12,1.000000000014531,1.0000000000201787,6.651878356933594e-05,2.3543834686279293e-05,1.000000000032148,1.000000000200286,5.173683166503906e-05,1.9311904907226562e-05,500.0,0.2330236531906613,0.16677113376364266,1.0000000000001843,1.000000000000198,1.0,1.0,1.000000000000059,0.9999999999999967,1.0,1.0,1.0,1.0,1.0,1.0,3.578491041244954,3.8475005090966867,0.0,0.0
23,23.0,1.0000000000483305,1.000000000038797,6.933408612283587e-16,0.8433781827620509,0.36622738227015356,0.3714230133919045,0.234733528108336,43.715983233735855,3.596314012947266e-12,47.576334378118865,5.254475817999178e-12,1.000000000048331,1.000000000038797,6.115436553955078e-05,2.1278858184814453e-05,1.0000000000145304,1.0000000000201736,4.4465065002441406e-05,2.0146369934082028e-05,501.0,0.23256153880899605,0.16776795082715784,1.0000000000000335,1.0000000000001894,1.0,1.0,1.000000000000075,1.0,1.0,1.0,1.0,1.0,1.0,1.0,4.382946341420245,4.809005667328936,0.0,0.0
24,24.0,1.0000000000659643,1.0000000001823985,2.1378674771707555e-16,0.8065311541071388,0.24811970576411113,0.17925740679493168,0.25214813585625956,43.73903046816409,1.880404963970089e-11,47.205373998732234,7.065866853967709e-12,1.0000000000659643,1.0000000001823985,6.282329559326172e-05,2.3126602172851562e-05,1.0000000000464069,1.000000000037215,3.88026237487793e-05,2.092123031616211e-05,600.0,0.21045963039400828,0.1412457229563442,1.0000000000004219,1.0000000000001223,1.0,1.0,1.000000000000039,1.0000000000009885,1.0,1.0,1.0,1.0,1.0,1.0,4.275256747323652,4.388556012821046,0.0,0.0
25,25.0,1.0000000000676,1.000000000029142,5.343635325206973e-16,0.8061982206392606,0.3600962534546852,0.29540015477687115,0.25632118235807866,43.75508350409296,3.023133128137831e-12,47.19035469965567,7.152146311938731e-12,1.0000000000676004,1.000000000029142,6.186962127685547e-05,2.3424625396728516e-05,1.0000000000659341,1.000000000182479,4.2498111724853516e-05,1.996755599975586e-05,601.0,0.21011436274084372,0.14224711470986467,1.0000000000000777,1.0000000000002691,1.0,1.0,1.0000000000000355,1.0000000000010985,1.0,1.0,1.0,1.0,1.0,1.0,4.500177627364122,4.53352911862689,0.0,0.0
26,26.0,1.0000000000192208,1.0000000000406,5.227890618438813e-16,0.776269838215918,0.31328544672578573,0.30387717747362325,0.2882395437336527,43.807285079002384,4.067258547294325e-12,47.18203665300808,2.2981418974294515e-12,1.0000000000192208,1.0000000000406,8.463859558105469e-05,2.574920654296875e-05,1.0000000000648952,1.0000000000280171,4.559755325317383e-05,2.110004425048828e-05,700.0,0.18821930122514716,0.12312058132475015,0.999999999999997,1.000000000000059,1.0,1.0,1.0000000000000004,1.0000000000000004,1.0,1.0,1.0,1.0,1.0,1.0,3.7340284931825396,3.691624546094645,0.0,0.0
27,27.0,1.0000000000081775,1.0000000000074336,4.0383183105345635e-16,0.7759948090006693,0.20356839511077848,0.23675525741418818,0.2855391947668977,43.82570303281453,7.166555671217474e-13,47.19197151719692,9.843357243558406e-13,1.0000000000081775,1.0000000000074336,8.213520050048828e-05,2.574920654296875e-05,1.000000000019205,1.0000000000405915,6.300210952758789e-05,2.1636486053466797e-05,701.0,0.18795076198048738,0.12408667494622024,1.0000000000000124,1.0000000000001017,1.0,1.0,1.0000000000000007,1.0000000000000002,1.0,1.0,1.0,1.0,1.0,1.0,5.012809545312335,4.827988404919771,0.0,0.0
28,28.0,1.0000000000048233,1.0000000000135847,6.691679646560571e-16,0.7509499993209888,0.17786282626911998,0.24292789824539796,0.104533709352836,43.928666168176406,1.4756152131808704e-12,47.88878568749394,5.91119079151053e-13,1.0000000000048233,1.0000000000135847,8.0108642578125e-05,2.6166439056396484e-05,1.000000000007943,1.0000000000072387,5.2809715270996094e-05,2.5093555450439453e-05,800.0,0.1701713675695016,0.10967672515484818,1.0000000000000104,1.0000000000000573,1.0,1.0,1.0000000000000002,1.0000000000000093,1.0,1.0,1.0,1.0,1.0,1.0,4.1156199801519735,4.435687708051427,0.0,0.0
29,29.0,1.0000000000279734,1.0000000000584288,4.061749558143214e-16,0.7507169659339514,0.2538263870519586,0.17181423614965746,0.1345640207873657,43.80832283730152,5.81440010558229e-12,47.8824163223528,3.465238710809033e-12,1.0000000000279738,1.000000000058429,6.723403930664062e-05,2.6524066925048828e-05,1.000000000004821,1.0000000000135816,3.796815872192383e-05,2.193450927734375e-05,801.0,0.1699600620090118,0.11056069387967563,1.0000000000000775,1.0000000000001477,1.0,1.0,1.0000000000000127,1.0000000000000073,1.0,1.0,1.0,1.0,1.0,1.0,4.606706253861505,4.849518243508797,0.0,0.0
30,30.0,1.0000000000085345,1.00000000000537,6.780334427738387e-16,0.7292859495778229,0.12629346310859546,0.30562289542285725,0.2867314235190861,43.84600980005923,6.122050993836588e-13,47.59389690757655,1.1161881425275479e-12,1.0000000000085345,1.00000000000537,7.539987564086914e-05,2.801418304443359e-05,1.0000000000273461,1.0000000000567526,4.971027374267578e-05,2.4497509002685547e-05,900.0,0.16375325939752627,0.09932584648578495,0.9999999999999981,1.0000000000000382,1.0,1.0,1.0,1.0000000000000002,1.0,1.0,1.0,1.0,1.0,1.0,4.255055001467463,3.80413657324674,0.0,0.0
31,31.0,1.0000000000000029,1.000000000014035,5.444504302880321e-16,0.7290846283855369,0.3328290332574397,0.15675768308574328,0.15175193455070252,44.04369950694742,1.502716396252769e-12,47.58727284070212,1.1458825058796733e-15,1.0000000000000036,1.000000000014035,7.092952728271484e-05,2.5987625122070312e-05,1.0000000000085323,1.0000000000053697,4.8577785491943366e-05,2.282857894897461e-05,901.0,0.16357189743006081,0.09989333715719503,0.9999999999999981,1.0000000000001876,1.0,1.0,1.0,1.0,1.0,1.0,1.0,1.0,1.0,1.0,3.2405037742772125,3.2440586673612306,0.0,0.0
32,32.0,1.0000000000364986,1.0000000000214149,4.970043171928935e-16,0.7104253924946725,0.22820549848256633,0.04270469327457242,0.1273662794264964,44.02096601502784,2.2906339622222807e-12,47.54766428579022,4.717315150996916e-12,1.0000000000364992,1.0000000000214149,7.957220077514648e-05,3.248453140258789e-05,1.0000000000000033,1.0000000000136717,5.519390106201172e-05,2.485513687133789e-05,1000.0,0.15216541490455232,0.09059591814257931,0.9999999999999952,1.0000000000000937,1.0,1.0,1.0000000000001152,1.0000000000000173,1.0,1.0,1.0,1.0,1.0,1.0,4.42592347290525,4.7009509842302695,0.0,0.0
33,33.0,1.0000000000461275,1.000000000014805,7.930755676652615e-16,0.7102487795804687,0.2845483989804051,0.0912949111079797,0.25562810426345095,44.00854177170851,1.6329528297259083e-12,47.55134521484634,6.0127123624619435e-12,1.0000000000461275,1.000000000014805,7.665157318115234e-05,2.801418304443359e-05,1.000000000036499,1.0000000000214035,4.929304122924805e-05,2.425909042358398e-05,1001.0,0.15651662858007545,0.09088258956874506,1.0000000000001665,1.0000000000002012,1.0,1.0,1.0,1.0000000000003262,1.0,1.0,1.0,1.0,1.0,1.0,3.728772522368879,4.560732101038051,0.0,0.0
34,34.0,1.0000000000144165,1.0000000000248712,8.110405258398571e-16,0.6937762391988856,0.24688510043779388,0.287611351988744,0.2420983033371158,44.198309093246756,2.7978836693429117e-12,47.44847496439695,1.832138237000783e-12,1.0000000000144171,1.0000000000248712,7.551908493041992e-05,3.17692756652832e-05,1.000000000044968,1.0000000000144964,6.103515625e-05,2.574920654296875e-05,1100.0,0.14928805838208448,0.08322491314286515,1.0000000000000138,1.0000000000001406,1.0,1.0,1.0,1.0,1.0,1.0,1.0,1.0,1.0,1.0,4.068901747872253,4.2331347410762135,0.0,0.0
35,35.0,1.0000000000161635,1.0000000000112714,4.788715134696483e-16,0.6936193649685762,0.15362186747370288,0.18200708279618988,0.2439856842393055,44.150591294241615,1.295187987400623e-12,47.45919129771199,2.1837388738758724e-12,1.0000000000161637,1.0000000000112714,7.87973403930664e-05,2.9385089874267578e-05,1.00000000001441,1.0000000000248654,4.410743713378906e-05,2.5510787963867188e-05,1101.0,0.15055467290857677,0.08385240530113612,0.9999999999999689,0.999999999999957,1.0,1.0,0.9999999999999484,0.9999999999999983,1.0,1.0,1.0,1.0,1.0,1.0,4.056728555869396,4.263091990514046,0.0,0.0
36,36.0,1.000000000024621,1.0000000000206897,7.553432291811775e-16,0.6789116006760688,0.3278496071579866,0.3693081811652518,0.2063413729774765,44.14343678734475,2.5170629066517085e-12,47.377039684706986,3.4539868659989818e-12,1.0000000000246216,1.0000000000206897,8.0108642578125e-05,3.254413604736328e-05,1.00000000001581,1.0000000000110676,5.704164505004883e-05,2.9265880584716797e-05,1200.0,0.14370615475464918,0.07742344051201995,0.9999999999999875,1.000000000000123,1.0,1.0,1.000000000000082,1.000000000000045,1.0,1.0,1.0,1.0,1.0,1.0,4.13147913430902,3.829093707361761,0.0,0.0
37,37.0,1.000000000049985,1.0000000000211928,4.993932299200097e-16,0.6787708206579931,0.18272813496878365,0.11308222427032885,0.14378387358738107,44.13398754001664,2.4150572365592743e-12,47.4526316357926,6.681087367515561e-12,1.0000000000499853,1.0000000000211928,9.208917617797852e-05,3.439188003540039e-05,1.0000000000246168,1.0000000000206841,6.276369094848633e-05,2.8789043426513672e-05,1201.0,0.14358752157197177,0.07772111187548891,1.0000000000000084,1.0000000000000333,1.0,1.0,1.0000000000000306,0.9999999999999996,1.0,1.0,1.0,1.0,1.0,1.0,4.954727304743634,5.0960360993196,0.0,0.0
38,38.0,1.0000000000316,1.0000000000235407,4.447310852032151e-16,0.6721800322680852,0.22367918083909893,0.2545277245808392,0.15183244051877404,44.22268696431367,2.7271010188681717e-12,47.91177561858146,4.333285768133056e-12,1.0000000000315998,1.0000000000235405,8.0108642578125e-05,3.463029861450195e-05,1.0000000000495177,1.0000000000210036,5.030632019042969e-05,2.688169479370117e-05,1249.0,0.1426346144471698,0.0750403731484261,1.0000000000000009,1.000000000000444,1.0,1.0,1.0000000000001332,1.000000000000035,1.0,1.0,1.0,1.0,1.0,1.0,4.91460647714307,5.055477415868948,0.0,0.0
39,39.0,1.0000000000055924,1.000000000004564,5.450929658951441e-16,0.6720460918345627,0.1787360392045229,0.2002418870106339,0.21248382277553898,44.17418780753987,5.696719103525652e-13,47.547144162700356,7.025518281343728e-13,1.0000000000055929,1.000000000004564,7.164478302001953e-05,3.3855438232421875e-05,1.0000000000315938,1.0000000000235356,5.9485435485839844e-05,2.753734588623047e-05,1250.0,0.14252004380232522,0.07534802676355262,1.0000000000000018,1.0000000000000557,1.0,1.0,1.0000000000001246,1.0000000000000258,1.0,1.0,1.0,1.0,1.0,1.0,4.48093881452661,4.788507545682064,0.0,0.0
40,40.0,1.000000000044643,1.000000000010399,4.509377120326162e-16,0.665514256711765,0.24860865616938096,0.20263862179126585,0.23452294757589698,44.12018127617584,1.153908067436923e-12,47.39079629255318,6.057452623788949e-12,1.0000000000446432,1.000000000010399,8.869171142578125e-05,3.5762786865234375e-05,1.0000000000055302,1.0000000000045224,5.900859832763672e-05,2.8848648071289062e-05,1300.0,0.1406688730729519,0.07281714311985397,1.0000000000000007,0.9999999999999916,1.0,1.0,1.0000000000004041,1.0000000000000153,1.0,1.0,1.0,1.0,1.0,1.0,5.0793716782906895,4.539569384270891,0.0,0.0
41,41.0,1.0000000000436169,1.0000000000093747,7.472540537680921e-16,0.6653868245840072,0.23015748249599705,0.26679192244773725,0.18889632239006454,44.10428824169948,1.1304990039212484e-12,47.28363510302134,5.990706080771229e-12,1.000000000043617,1.000000000009375,8.189678192138672e-05,3.933906555175781e-05,1.0000000000446232,1.0000000000103972,5.716085433959961e-05,2.86102294921875e-05,1301.0,0.14056103713764487,0.0729598692786871,1.0000000000000355,1.0000000000000366,1.0,1.0,1.0000000000000617,1.0000000000001035,1.0,1.0,1.0,1.0,1.0,1.0,4.381912708989471,4.180116161115411,0.0,0.0
42,42.0,1.000000000018806,1.000000000003936,1.4412551816294937e-15,0.6533425003853389,0.22276984259951854,0.20144046755740413,0.14783256093505767,44.20322033951696,5.00307664020354e-13,47.20140658754045,2.4234077575838402e-12,1.0000000000188065,1.000000000003936,7.849931716918945e-05,4.0590763092041016e-05,1.0000000000428204,1.000000000009205,5.6624412536621094e-05,2.9742717742919922e-05,1400.0,0.13491335245266384,0.06799942455545445,0.9999999999999972,1.0000000000000202,1.0,1.0,1.0000000000000189,1.0,1.0,1.0,1.0,1.0,1.0,1.0,4.470531484947013,4.795314255944157,0.0,0.0
43,43.0,1.0000000000111027,1.000000000006881,3.5320253123387804e-16,0.6532262989578206,0.16814280650578434,0.2083640260971151,0.14314197906060144,44.26904265961774,8.711352920828601e-13,47.19363423492179,1.5636614020351477e-12,1.0000000000111022,1.0000000000068807,7.975101470947266e-05,3.844499588012695e-05,1.0000000000188036,1.000000000003936,6.747245788574219e-05,3.0100345611572266e-05,1401.0,0.13481745536532777,0.06824067192124075,1.0000000000000235,0.99999999999993,1.0,1.0,1.0000000000000204,1.0,1.0,1.0,1.0,1.0,1.0,1.0,4.499564958435343,4.698062383418515,0.0,0.0
44,44.0,1.0000000000063887,1.0000000000064435,1.3843646973446828e-15,0.642314952732316,0.24448747985297808,0.14784825267270202,0.1749876021058298,44.096155289650895,7.887791705257656e-13,47.27969815277423,9.127880373830604e-13,1.0000000000063893,1.0000000000064437,8.219480514526367e-05,3.916025161743164e-05,1.0000000000109248,1.0000000000067817,6.210803985595703e-05,3.2961368560791016e-05,1499.0,0.12832105213943304,0.06397280918761292,1.0,1.0000000000000755,1.0,1.0,1.0000000000000138,1.0000000000000842,1.0,1.0,1.0,1.0,1.0,1.0,3.7703585172466276,3.6367633720782058,0.0,0.0
45,45.0,1.0000000000097402,1.0000000000105518,4.539742520626721e-16,0.6422082293004144,0.1536505811964161,0.29686396301258355,0.3634458563756197,44.15135632103468,1.2955010264990765e-12,47.2666776012938,1.4341749640960452e-12,1.0000000000097407,1.000000000010552,8.869171142578126e-05,4.00543212890625e-05,1.0000000000063867,1.0000000000064417,6.562471389770508e-05,3.451108932495117e-05,1500.0,0.12823523892596442,0.06416702755342733,1.0000000000000122,1.0000000000000338,1.0,1.0,1.0000000000000335,1.0000000000000724,1.0,1.0,1.0,1.0,1.0,1.0,4.592797526204524,4.106406289587343,0.0,0.0
46,46.0,1.0000000000055966,1.0000000000061273,6.498416973486559e-16,0.6421015944724467,0.2837998796603642,0.21184950874885541,0.20782042195787648,44.16677618954829,7.286533041392894e-13,47.26877844234547,8.155160182981409e-13,1.0000000000055973,1.0000000000061273,8.362531661987305e-05,4.088878631591797e-05,1.000000000009739,1.0000000000105511,6.61611557006836e-05,3.2842159271240234e-05,1501.0,0.12815012172082588,0.06433435916703417,0.9999999999999807,0.9999999999999851,1.0,1.0,1.0000000000000235,1.0,1.0,1.0,1.0,1.0,1.0,1.0,4.229766055411094,4.29812525572345,0.0,0.0
47,47.0,1.0000000000286178,1.0000000000144496,1.3850637493972377e-15,0.6319623889437206,0.19536044722190127,0.17657456494634968,0.20053944888059047,44.16087373986609,1.7456361209423895e-12,47.16712269548901,4.0816764298674825e-12,1.0000000000286178,1.0000000000144493,9.60230827331543e-05,4.506111145019532e-05,1.0000000000055076,1.0000000000060387,7.50422477722168e-05,3.641843795776367e-05,1600.0,0.12313213095776708,0.060475679143546825,1.0000000000000893,1.0000000000000326,1.0,1.0,1.0000000000004148,1.0000000000000417,1.0,1.0,1.0,1.0,1.0,1.0,4.31289895247327,4.189579341360235,0.0,0.0
48,48.0,1.0000000000273013,1.0000000000024982,3.544971152103239e-16,0.6318639907486101,0.25827662349911407,0.3513685637153685,0.27966989693231875,44.19547047320273,3.0669637992944465e-13,47.43220380706018,3.8871302917850924e-12,1.0000000000273013,1.0000000000024984,9.47713851928711e-05,3.7610530853271484e-05,1.0000000000286269,1.0000000000144516,6.389617919921875e-05,3.3915042877197266e-05,1601.0,0.12305525673856835,0.06061098733719808,1.000000000000043,1.0000000000000584,1.0,1.0,1.0000000000002829,1.0,1.0,1.0,1.0,1.0,1.0,1.0,4.865975813086524,4.547284332756495,0.0,0.0
49,49.0,1.0000000000408573,1.0000000000147307,3.6601546166674517e-16,0.6224850068533267,0.31921511417021975,0.164134835707955,0.2663184877019375,44.2852529072256,1.7447607549027075e-12,47.07322616909769,5.893964251164305e-12,1.0000000000408575,1.0000000000147307,9.876489639282227e-05,4.506111145019532e-05,1.0000000000268967,1.0000000000024558,7.855892181396484e-05,4.285573959350586e-05,1700.0,0.11860127622342814,0.05718074161873455,0.9999999999999976,1.0000000000000318,1.0,1.0,1.0,1.0000000000000073,1.0,1.0,1.0,1.0,1.0,1.0,3.9671561156559325,4.085089276528608,0.0,0.0
50,50.0,1.0000000000278457,1.0000000000040492,2.6800562550776974e-16,0.6223937668352144,0.2634645603829994,0.3189623592770658,0.3519176914123818,44.32045182318596,8.353166569279103e-13,47.146874435806346,3.9916339414472565e-12,1.0000000000278455,1.0000000000040492,0.00010073184967035273,4.869699478149415e-05,1.0000000000408524,1.0000000000147289,8.177757263183594e-05,3.355741500854492e-05,1701.0,0.11853160713127289,0.0573168006728799,1.0000000000000067,1.0000000000000338,1.0,1.0,1.0,1.0000000000000115,1.0,1.0,1.0,1.0,1.0,1.0,3.524112242486293,4.314657911927543,0.0,0.0
51,51.0,1.0000000000909404,1.000000000002563,4.990306913423452e-16,0.6180912478919132,0.26851884624920785,0.3013141300762072,0.33440110547235236,44.206290332782416,3.1544418983650615e-13,47.238470775129,1.2746642237851085e-11,1.000000000090941,1.000000000002563,9.566545486450194e-05,3.93986701965332e-05,1.0000000000276517,1.000000000004023,7.301568984985352e-05,3.337860107421875e-05,1749.0,0.11810528233525441,0.05589409412753475,1.0000000000000182,1.0,1.0,1.0,1.0,1.0,1.0,1.0,1.0,1.0,1.0,1.0,4.072054500656542,4.258162814229966,0.0,0.0
52,52.0,1.0000000000824392,1.0000000000029907,1.1943595843260944e-16,0.6180031818858467,0.38199677300872276,0.49467137962346897,0.33137375791557133,44.2754289101593,3.719195258825888e-13,47.28250271991466,1.1342845339786589e-11,1.000000000082439,1.0000000000029905,9.077787399291992e-05,5.042552947998047e-05,1.0000000000909535,1.0000000000025622,8.827447891235352e-05,3.546476364135742e-05,1750.0,0.1200168707792176,0.05609359124146282,1.0,1.000000000000043,1.0,1.0,1.0000000000000007,1.0000000000000002,1.0,1.0,1.0,1.0,1.0,1.0,4.087745459986808,4.18197668154464,0.0,0.0
53,53.0,1.000000000103427,1.0000000000018046,3.359577928256291e-16,0.6136781913399566,0.29412198014324525,0.3478994219331071,0.3361885887570679,44.15846330348002,2.1980541425158408e-13,47.14531378494733,1.4572387910088492e-11,1.000000000103427,1.0000000000018048,9.608268737792969e-05,4.70280647277832e-05,1.0000000000819826,1.0000000000029714,6.788969039916992e-05,3.3974647521972656e-05,1800.0,0.1196097616873328,0.0547027160136002,1.0000000000000069,1.0000000000000138,1.0,1.0,1.0000000000002034,1.0000000000007936,1.0,1.0,1.0,1.0,1.0,1.0,4.521509698293089,5.0259885461196125,0.0,0.0
54,54.0,1.0000000000445435,1.000000000002478,5.781950530516007e-16,0.6135932237794103,0.3745238642441108,0.31154744041850785,0.243892197497189,44.2659878310335,3.1934839908453894e-13,47.14334148136641,6.846205434727305e-12,1.0000000000445435,1.000000000002478,0.00011575222015374999,4.875659942626953e-05,1.0000000001033975,1.0000000000018043,9.059906005859376e-05,3.927946090698242e-05,1801.0,0.11954346615677662,0.0548079971645067,1.0000000000000386,1.000000000000028,1.0,1.0,1.0,1.0000000000001854,1.0,1.0,1.0,1.0,1.0,1.0,4.789537038578063,4.825274835448725,0.0,0.0
55,55.0,1.000000000022572,1.0000000000083018,4.134488027531243e-16,0.605461101034452,0.31411676341667766,0.19181222550105304,0.17358364793471992,44.17910852304107,1.0849999813735742e-12,46.95886884726511,3.3942693071501753e-12,1.0000000000225726,1.0000000000083016,0.00010192394256585587,4.291534423828125e-05,1.000000000044042,1.000000000002451,7.462501525878906e-05,3.635883331298828e-05,1900.0,0.11484923638428153,0.05220176690236225,0.9999999999999972,1.0000000000000326,1.0,1.0,1.0,1.000000000000207,1.0,1.0,1.0,1.0,1.0,1.0,4.5953729551915785,4.350261277971969,0.0,0.0
56,56.0,1.0000000000265685,1.0000000000057274,7.131260721264238e-16,0.6053816702553034,0.1954834130010567,0.36991075408877805,0.29589584853965784,44.21060210702474,7.424230432946963e-13,46.96520777212279,4.0061050839010924e-12,1.000000000026569,1.0000000000057276,0.000104248523712075,4.9591064453125e-05,1.0000000000225704,1.0000000000083,7.545948028564453e-05,3.707408905029297e-05,1901.0,0.11549308308600842,0.05232677081550675,1.0000000000001068,1.0000000000000693,1.0,1.0,1.0,1.0000000000002427,1.0,1.0,1.0,1.0,1.0,1.0,4.376950307685889,4.134201860524831,0.0,0.0
57,57.0,1.000000000025541,1.000000000006839,6.415083589644212e-16,0.5978408160095932,0.23282369389198715,0.3171595699968748,0.22631863609421993,44.14272497026185,8.810900833506628e-13,47.188689471058474,3.744751224014268e-12,1.0000000000255405,1.000000000006839,9.79900360107422e-05,4.07099723815918e-05,1.0000000000262248,1.0000000000056644,0.0001045465469360293,3.802776336669922e-05,1999.0,0.11095924706434225,0.049877015282010446,1.0000000000000262,1.000000000000051,1.0,1.0,1.0,1.0000000000000204,1.0,1.0,1.0,1.0,1.0,1.0,4.23417936758627,4.764883129549985,0.0,0.0
58,58.0,1.0000000000118698,1.0000000000039042,8.332902115624849e-16,0.5977662583207943,0.24668096943059936,0.23237383953528473,0.1844551648246124,44.18645894825903,5.14437384351047e-13,47.18671896554676,1.8082620604533441e-12,1.00000000001187,1.0000000000039038,0.000103414058685225,5.167722702026367e-05,1.0000000000255405,1.0000000000068372,8.07046890258789e-05,4.184246063232422e-05,2000.0,0.11195694675568799,0.0499693288930924,1.0000000000000104,1.0000000000000093,1.0,1.0,1.0,1.0,1.0,1.0,1.0,1.0,1.0,1.0,4.5039721954799035,4.482899596608115,0.0,0.0
59,59.0,1.0,1.0,0.0,2.006220914929266,0.27978258184157306,0.05878357909386973,0.08132132422178981,7.329350702381441e-32,0.0,7.329350702381441e-32,0.0,1.0,1.0,8.487701416015625e-05,1.6868114471435547e-05,1.0,1.0,2.4199485778808594e-05,1.3649463653564451e-05,0.0,3.1209664777984862,7.152557390810443e-08,1.0,1.0,1.0,1.0,1.0,1.0,1.0,1.0,1.0,1.0,1.0,1.0,6.07937008082941,5.326109242418205,0.0,0.0
60,60.0,1.0,1.0,0.0,1.9168293127388172,0.2951287574833259,0.25049406982725486,0.2216062582447193,9.691113590965256e-32,0.0,6.107792251984536e-32,0.0,1.0,1.0,4.5299530029296875e-05,1.5139579772949219e-05,1.0,1.0,1.9669532775878906e-05,1.2159347534179688e-05,1.0,3.4586766536911915,2.3089785740449713,1.0,1.0,0.0,0.0,1.0,1.0,0.0,0.0,0.0,0.0,0.0,0.0,6.7294668526116075,5.727570568006001,0.0,0.0
61,61.0,1.000000000084816,1.0000000000807567,2.4363227484829822e-15,1.7320508075688776,0.3010542934644036,0.2432051647920161,0.21986483415821567,1.1395533304374358e-31,0.0,4.071861501323024e-32,0.0,1.000000000084816,1.0000000000807567,4.428625106811524e-05,1.537799835205078e-05,1.0,1.0,2.1338462829589844e-05,1.4483928680419922e-05,4.0,3.1048084389825044,2.5351319699796586,1.0000000000002127,1.0000000000000677,1.0,1.0,1.0000000000001232,1.0000000000000657,1.0,1.0,1.0,1.0,1.0,1.0,2.9640711883767907,3.15896289694133,0.0,0.0
62,62.0,1.0000000001400444,1.0000000001400102,3.6998182295633345e-15,1.6870239755710472,0.3376059700967744,0.2928664294886403,0.28104059031466017,9.479831512249619e-32,0.0,3.6646753511907207e-32,0.0,1.0000000001400444,1.0000000001400102,4.690885543823242e-05,1.4960765838623047e-05,1.0000000000816014,1.000000000078014,2.1159648895263672e-05,1.2636184692382812e-05,5.0,2.825237587991644,2.4732382223060334,1.000000000000047,1.0000000000001934,1.0,1.0,1.0000000000000493,1.0000000000001927,1.0,1.0,1.0,1.0,1.0,1.0,4.745138236073252,4.5058967644779715,0.0,0.0
63,63.0,1.0000000004525138,1.0000000000575566,2.1986380969808898e-15,1.5509194618715116,0.4698519510566257,0.29105322976829484,0.39282960566924885,10.830154989229056,3.7726964409655143e-13,12.145489719637675,1.3000091082991462e-11,1.0000000004525138,1.0000000000575566,4.893541336059571e-05,1.609325408935547e-05,1.0000000001324203,1.0000000001323863,2.3484230041503906e-05,1.2993812561035156e-05,9.0,2.283124087487157,1.991788814801747,1.000000000000169,1.0000000000002827,1.0,1.0,1.0000000000011755,1.0000000000014622,1.0,1.0,1.0,1.0,1.0,1.0,6.5217402714619706,7.188750500854718,0.0,0.0
64,64.0,1.000000001001771,1.0000000003746778,1.6005715271679341e-15,1.5243982444638442,0.5173986845766194,0.337393183785025,0.3377677834359929,12.938242060274842,1.1992897415898561e-11,14.30978056462271,2.5949905187635144e-11,1.000000001001771,1.0000000003746776,4.762411117553711e-05,1.609325408935547e-05,1.0000000004431222,1.0000000000569829,2.6047229766845703e-05,1.2874603271484377e-05,10.0,2.488700634139337,2.2160627457238196,1.0000000000002254,1.0000000000011442,1.0,1.0,1.0000000000000002,1.0000000000027183,1.0,1.0,1.0,1.0,1.0,1.0,3.5917031684013843,4.0108082936608325,0.0,0.0
65,65.0,1.0000000006624608,1.000000000015408,2.1634740782498116e-15,1.4369208763307242,0.45559596980456263,0.32696022937307134,0.43159597879275674,19.30972965839498,7.137302444965898e-13,20.15533930183227,2.3604483864590377e-11,1.0000000006624608,1.000000000015408,4.559755325317383e-05,1.5676021575927734e-05,1.0000000009206034,1.0000000003554683,2.1338462829589844e-05,1.3470649719238281e-05,14.0,2.2576531468406973,1.9554247569882974,1.0000000000000286,1.0000000000000426,1.0,1.0,1.0000000000025018,1.000000000001226,1.0,1.0,1.0,1.0,1.0,1.0,6.121374089046872,5.467668750055287,0.0,0.0
66,66.0,1.0000000000847153,1.000000001550999,1.3697376566312871e-15,1.4186124135047635,0.5648927446454763,0.3181708746706135,0.408852395019494,20.528706540591536,4.94091545455433e-11,21.05405216129563,2.704353407878557e-12,1.0000000000847153,1.000000001550999,4.3511390686035156e-05,1.5854835510253906e-05,1.0000000006524603,1.0000000000151643,2.1398067474365234e-05,1.3113021850585938e-05,15.0,2.3712940532859066,2.0997666281952543,1.0000000000006648,1.000000000002547,1.0,1.0,1.0000000000005018,1.0000000000000338,1.0,1.0,1.0,1.0,1.0,1.0,3.780893961936799,4.058561303268822,0.0,0.0
67,67.0,1.0000000000795775,1.0000000000103733,1.3079815008865125e-15,1.3554030054147672,0.5807361897313967,0.4530008098809048,0.40633459633681923,24.40746130264601,4.1383216298207525e-13,25.27466156103955,4.3093873377160934e-12,1.0000000000795775,1.000000000010373,4.83393669128418e-05,1.52587890625e-05,1.000000000080287,1.0000000015121862,2.2709369659423828e-05,1.3053417205810547e-05,19.0,2.154800581804171,1.9472363121823808,1.0000000000000069,1.0000000000000446,1.0,1.0,1.0000000000002132,1.0000000000001752,1.0,1.0,1.0,1.0,1.0,1.0,4.098946345476001,4.433867180769489,0.0,0.0
68,68.0,1.0000000000821512,1.000000000315846,1.687538997430238e-15,1.3416407864998738,0.41685142635833466,0.29974474653135985,0.22654670348856598,25.56459249210006,1.3853161950905245e-11,26.107906376894363,3.341600329775929e-12,1.0000000000821512,1.000000000315846,4.178285598754883e-05,1.4781951904296877e-05,1.0000000000779201,1.0000000000102864,2.044439315795898e-05,1.2814998626708986e-05,20.0,2.0572861098175563,2.168898977016835,1.0000000000021076,1.0000000000018523,1.0,1.0,1.0000000000001736,1.0000000000005518,1.0,1.0,1.0,1.0,1.0,1.0,4.814078222517139,4.53406447219756,0.0,0.0
69,69.0,1.0000000006157128,1.0000000001195817,2.7380059004358642e-15,1.242371629699656,0.4329033538815565,0.3500882825464941,0.33594767824979493,31.217289991020074,4.568804485065711e-12,32.31457298168142,3.3455883488412374e-11,1.0000000006157128,1.000000000119582,4.953145980834961e-05,1.5437602996826172e-05,1.000000000077231,1.0000000002939002,2.288818359375e-05,1.3113021850585938e-05,29.0,1.806601431314696,1.7692341216540335,1.0000000000000004,1.0000000000000253,1.0,1.0,1.0000000000011158,1.000000000000214,1.0,1.0,1.0,1.0,1.0,1.0,3.2605600744348235,2.9645912414749516,0.0,0.0
70,70.0,1.0000000002434801,1.000000000274551,1.2593101165033917e-15,1.233400850701559,0.43463584460550914,0.31847496255068103,0.38271028740564356,31.879626350236396,1.766977913193151e-11,32.99218710409343,1.5192214946375364e-11,1.00000000024348,1.000000000274551,4.738569259643555e-05,1.531839370727539e-05,1.0000000006165997,1.0000000001178826,2.419948577880859e-05,1.2874603271484377e-05,30.0,1.8784854951402912,1.879763050349606,1.0000000000009988,1.0000000000010028,1.0,1.0,1.0000000000001934,1.0000000000004199,1.0,1.0,1.0,1.0,1.0,1.0,4.939079569633218,4.399760112973461,0.0,0.0
71,71.0,1.0000000000219247,1.0000000000534057,1.0156805951844208e-15,1.0606601717798212,0.46298630663659424,0.2740962818497792,0.5106906240689568,37.127409773421576,3.979838594098117e-12,39.349073652642886,1.5617515961019457e-12,1.0000000000219247,1.0000000000534057,5.131959915161133e-05,1.5497207641601562e-05,1.0000000002126987,1.0000000002346594,2.205371856689453e-05,1.3470649719238281e-05,59.0,1.1035793580938726,1.0427729894247928,1.0000000000000098,1.0000000000000235,1.0,1.0,1.0000000000000002,1.000000000000161,1.0,1.0,1.0,1.0,1.0,1.0,3.607809601101689,3.862129633599827,0.0,0.0
72,72.0,1.0000000000454592,1.0000000000916307,1.760130502886498e-15,1.056556960746971,0.3781033994746394,0.36444795964052895,0.7137645072652958,37.88232120612542,7.53635316545871e-12,39.50951854388805,3.273496004178119e-12,1.0000000000454592,1.0000000000916307,4.6133995056152344e-05,1.6033649444580078e-05,1.0000000000218345,1.000000000053284,2.1338462829589844e-05,1.3113021850585938e-05,60.0,1.1159574459467116,1.0755458387167371,1.0000000000001366,1.0000000000000988,1.0,1.0,1.0000000000001326,1.0000000000002283,1.0,1.0,1.0,1.0,1.0,1.0,4.115069005665477,4.500859171959519,0.0,0.0
73,73.0,1.0000000001385474,1.0000000001689207,1.5114893463825347e-15,0.9371819810760768,0.592494938406162,0.37288924696622416,0.30253043328411877,40.60326225678225,1.4209228238470929e-11,43.117611845791174,1.2407532408905316e-11,1.0000000001385476,1.0000000001689207,4.684925079345703e-05,1.9133090972900387e-05,1.0000000000393625,1.0000000000805191,2.2292137145996094e-05,1.3709068298339842e-05,100.0,0.7443485555245397,0.6774851856706491,1.000000000001544,1.0000000000002285,1.0,1.0,1.0000000000000184,1.0000000000018456,1.0,1.0,1.0,1.0,1.0,1.0,5.886205316223249,5.299506832181851,0.0,0.0
74,74.0,1.000000000045897,1.0000000000357268,1.2380034104782406e-15,0.9349637833207968,0.4560001069912687,0.2978304694406688,0.41643914434825996,40.56869753271921,2.9535100780170194e-12,42.98362245258642,4.165299918396616e-12,1.0000000000458973,1.0000000000357265,5.4001808166503906e-05,1.609325408935547e-05,1.0000000001377538,1.0000000001685805,3.081560134887695e-05,1.3470649719238281e-05,101.0,0.8056528354961174,0.7011107309451666,1.0000000000000413,1.0000000000001372,1.0,1.0,1.0000000000000002,1.0000000000000007,1.0,1.0,1.0,1.0,1.0,1.0,3.5491912668493595,3.398521367859078,0.0,0.0
75,75.0,1.0000000002260232,1.0000000001556386,1.2246301533822612e-15,0.7928349552035533,0.3734538180870004,0.6784585280693136,0.4057882300112396,42.529238304516774,1.5963578697413432e-11,45.59956144441957,2.4888185956584153e-11,1.000000000226023,1.0000000001556388,5.418062210083008e-05,1.7821788787841797e-05,1.0000000000391789,1.000000000031107,3.165006637573242e-05,1.5020370483398438e-05,200.0,0.4665390333793727,0.367889856663015,1.000000000000381,1.0000000000000522,1.0,1.0,0.9999999999999947,1.0000000000000004,1.0,1.0,1.0,1.0,1.0,1.0,4.5230507722280775,4.518136833550261,0.0,0.0
76,76.0,1.0000000000569185,1.0000000000813478,6.103531919359174e-16,0.7918710203451418,0.39863062504446134,0.4218988087959587,0.3457873840816319,42.22739117361965,7.553208732686963e-12,45.558873685586406,6.117229700132899e-12,1.0000000000569185,1.0000000000813478,5.6028366088867194e-05,1.7583370208740234e-05,1.0000000002259852,1.0000000001555458,3.3020973205566406e-05,1.519918441772461e-05,201.0,0.46422910591136496,0.3746138392936436,1.0000000000002265,1.0000000000003726,1.0,1.0,1.0000000000000158,0.9999999999999948,1.0,1.0,1.0,1.0,1.0,1.0,5.628293256039246,4.838415797946314,0.0,0.0
77,77.0,1.0000000000345426,1.0000000001003393,6.251829655061332e-16,0.7178708107190884,0.3361665265983902,0.417378673388157,0.39200568973319605,43.06537740457722,1.1846991420658921e-11,46.7565506494371,4.32386676554283e-12,1.0000000000345426,1.0000000001003393,5.5730342864990234e-05,1.8298625946044922e-05,1.0000000000513067,1.0000000000728924,3.248453140258789e-05,1.6868114471435547e-05,300.0,0.335102299918672,0.2577074973826038,1.0000000000000628,1.000000000000146,1.0,1.0,1.0000000000000429,1.0000000000000036,1.0,1.0,1.0,1.0,1.0,1.0,4.38659240172014,4.767036328574098,0.0,0.0
78,78.0,1.0000000000054114,1.0000000001423484,9.054122738405485e-16,0.7172835948406505,0.3619701717398129,0.22055787593126291,0.47938183177029714,43.018494718803105,1.6353287641983395e-11,46.23779836340197,6.712870999810624e-13,1.000000000005412,1.0000000001423484,5.7637691497802734e-05,1.877546310424805e-05,1.0000000000345413,1.0000000001004463,3.1888484954833984e-05,1.615285873413086e-05,301.0,0.3472631681017846,0.263464510871345,1.0000000000002567,1.000000000000661,1.0,1.0,1.0000000000000002,1.0,1.0,1.0,1.0,1.0,1.0,1.0,4.676747112702632,4.376131322275415,0.0,0.0
79,79.0,1.0000000000041704,1.0000000001132923,1.3617365123025838e-15,0.668740304976422,0.35784618149045855,0.29699985001934687,0.35883704008301714,43.35243849282605,1.4379250328156587e-11,47.25039686632062,5.738383019788713e-13,1.0000000000041709,1.0000000001132925,6.175041198730469e-05,1.9550323486328125e-05,1.000000000005123,1.0000000001319194,3.2782554626464844e-05,1.6927719116210938e-05,400.0,0.2722821284682138,0.20285799592242923,0.9999999999999983,1.000000000000169,1.0,1.0,1.0000000000000326,1.0000000000000002,1.0,1.0,1.0,1.0,1.0,1.0,4.365213779029209,4.509416688180085,0.0,0.0
80,80.0,1.0000000000459188,1.000000000106331,3.241796541116067e-16,0.668328138182823,0.30149538908153767,0.24920937541173768,0.256251705926843,43.45536456709668,1.2825510973454678e-11,47.16725319208595,6.129392423281374e-12,1.000000000045919,1.000000000106331,6.580352783203125e-05,1.9490718841552734e-05,1.000000000004172,1.0000000001132507,3.3795833587646484e-05,1.6868114471435547e-05,401.0,0.27160144582367607,0.20479273819305738,0.9999999999999769,1.0000000000001672,1.0,1.0,1.0000000000001705,1.0000000000001101,1.0,1.0,1.0,1.0,1.0,1.0,4.593212247831968,4.981888455353143,0.0,0.0
81,81.0,1.0000000000625677,1.0000000000555749,5.988608948671142e-16,0.63284654027733,0.3304353461717255,0.13551852211821822,0.2147478655679151,43.84094498676301,6.908068946359262e-12,47.553524035231256,9.204013184168557e-12,1.0000000000625682,1.000000000055575,6.216764450073242e-05,2.104043960571289e-05,1.0000000000433173,1.0000000000997216,3.743171691894531e-05,1.895427703857422e-05,500.0,0.23210989778503793,0.1658573783580194,1.0000000000002218,1.000000000000088,1.0,1.0,1.0,1.0,1.0,1.0,1.0,1.0,1.0,1.0,3.578491041244954,3.8475005090966867,0.0,0.0
82,82.0,1.0000000000607874,1.000000000028431,6.933408612283587e-16,0.6325336370715382,0.13750133157009253,0.18108973320340735,0.14334231964312494,43.715983233735855,3.456681252169577e-12,47.576334378118865,9.212175269428952e-12,1.0000000000607874,1.0000000000284308,6.777048110961914e-05,2.0682811737060547e-05,1.000000000062487,1.0000000000555767,3.790855407714844e-05,1.8477439880371094e-05,501.0,0.23164939586221145,0.16685580788037324,1.000000000000093,0.9999999999999378,1.0,1.0,1.000000000000372,1.0000000000000473,1.0,1.0,1.0,1.0,1.0,1.0,4.382946341420245,4.809005667328936,0.0,0.0
83,83.0,1.000000000109447,1.0000000000145175,2.1378674771707555e-16,0.6048983655803541,0.22054083872353653,0.26182068343041465,0.16868570644874126,43.73903046816409,1.7329985931140033e-12,47.205373998732234,1.5094555311831115e-11,1.000000000109447,1.0000000000145175,6.401538848876953e-05,2.2172927856445312e-05,1.000000000058031,1.0000000000270175,4.553794860839844e-05,2.038478851318359e-05,600.0,0.2096824132285346,0.14046850579087058,0.9999999999999976,1.0000000000002827,1.0,1.0,0.999999999999996,1.000000000000392,1.0,1.0,1.0,1.0,1.0,1.0,4.275256747323652,4.388556012821046,0.0,0.0
84,84.0,1.0000000000330957,1.0000000000133658,5.343635325206973e-16,0.6046486654794454,0.33698937908047805,0.20841672841925174,0.28488589497283096,43.75508350409296,1.6614443136273972e-12,47.19035469965567,4.443381672870532e-12,1.0000000000330962,1.0000000000133658,6.61015510559082e-05,2.276897430419922e-05,1.0000000001093718,1.000000000014514,3.4689903259277344e-05,1.9669532775878906e-05,601.0,0.2093382983723776,0.14147105034139856,0.999999999999881,0.9999999999999802,1.0,1.0,1.0000000000001348,1.0000000000000528,1.0,1.0,1.0,1.0,1.0,1.0,4.500177627364122,4.53352911862689,0.0,0.0
85,85.0,1.0000000000461937,1.0000000000156852,5.227890618438813e-16,0.5822023786619385,0.31283843662822614,0.14532134652836243,0.12824764172546563,43.807285079002384,2.1122594611146666e-12,47.18203665300808,7.507773047856596e-12,1.0000000000461942,1.0000000000156852,6.878376007080078e-05,2.408027648925781e-05,1.0000000000319806,1.0000000000129077,4.8398971557617194e-05,2.110004425048828e-05,700.0,0.18754216449843897,0.12244344459804204,1.0000000000000349,1.0000000000001128,1.0,1.0,1.0000000000000002,1.00000000000015,1.0,1.0,1.0,1.0,1.0,1.0,3.7340284931825396,3.691624546094645,0.0,0.0
86,86.0,1.0000000000519762,1.0000000000061922,4.0383183105345635e-16,0.581996106750502,0.1756983662489801,0.28214886185014615,0.19793032895540813,43.82570303281453,8.612370731589658e-13,47.19197151719692,8.614147756764447e-12,1.0000000000519766,1.0000000000061924,7.605552673339844e-05,2.431869506835937e-05,1.0000000000461697,1.0000000000156917,4.225969314575195e-05,2.0682811737060547e-05,701.0,0.18727449189113377,0.12341040485686652,1.0000000000000016,0.9999999999999859,1.0,1.0,1.0000000000000007,1.0,1.0,1.0,1.0,1.0,1.0,1.0,5.012809545312335,4.827988404919771,0.0,0.0
87,87.0,1.0000000000111111,1.0000000000027012,6.691679646560571e-16,0.5632124994907416,0.32035293517401436,0.21812162495916704,0.18468172149732703,43.928666168176406,4.0683733124960967e-13,47.88878568749394,1.856180874980498e-12,1.0000000000111116,1.0000000000027012,8.428096771240234e-05,2.485513687133789e-05,1.000000000050924,1.000000000006072,4.571676254272461e-05,2.1398067474365234e-05,800.0,0.1695708646916662,0.10907622227701275,1.0,1.0,1.0,1.0,1.0000000000000002,1.0000000000000777,1.0,1.0,1.0,1.0,1.0,1.0,4.1156199801519735,4.435687708051427,0.0,0.0
88,88.0,1.0000000000099756,1.0000000000100258,4.061749558143214e-16,0.5630377244504636,0.15283884532982484,0.14666606008540836,0.20347691467031834,43.80832283730152,1.9874482195079244e-12,47.8824163223528,1.6557755304701915e-12,1.0000000000099754,1.0000000000100258,6.973743438720703e-05,2.5570392608642578e-05,1.000000000011102,1.0000000000027014,4.32133674621582e-05,2.09808349609375e-05,801.0,0.1693602352465517,0.1099608671172156,1.0000000000000275,1.000000000000006,1.0,1.0,1.0000000000000817,1.0,1.0,1.0,1.0,1.0,1.0,1.0,4.606706253861505,4.849518243508797,0.0,0.0
89,89.0,1.0000000000038036,1.000000000006362,6.780334427738387e-16,0.5469644621833671,0.1963312771986238,0.11852449650177728,0.17537554714363063,43.84600980005923,8.571621619979744e-13,47.59389690757655,6.252530721534268e-13,1.0000000000038043,1.000000000006362,6.979703903198242e-05,2.7179718017578125e-05,1.0000000000096696,1.0000000000097207,4.6312808990478516e-05,2.259016036987305e-05,900.0,0.16321339389521555,0.09878598098347424,1.000000000000005,1.0000000000000908,1.0,1.0,0.9999999999999999,1.0,1.0,1.0,1.0,1.0,1.0,1.0,4.255055001467463,3.80413657324674,0.0,0.0
90,90.0,1.000000000002504,1.0000000000071334,5.444504302880321e-16,0.5468134712891527,0.21479516150429837,0.20248987409286195,0.17678636329947037,44.04369950694742,9.828803211594783e-13,47.58727284070212,4.551989457431419e-13,1.0000000000025038,1.0000000000071334,7.009506225585938e-05,2.7358531951904297e-05,1.000000000003803,1.000000000006359,4.673004150390625e-05,2.259016036987305e-05,901.0,0.163032574649706,0.09935401437684023,0.9999999999999968,0.9999999999999963,1.0,1.0,1.0,1.0000000000000002,1.0,1.0,1.0,1.0,1.0,1.0,3.2405037742772125,3.2440586673612306,0.0,0.0
91,91.0,1.0000000000161031,1.0000000000020406,4.970043171928935e-16,0.5328190443710044,0.07869717665016643,0.0869818231440149,0.11376974952872836,44.02096601502784,2.9406416494772537e-13,47.54766428579022,2.52538396496462e-12,1.0000000000161038,1.0000000000020406,7.95125961303711e-05,2.855062484741211e-05,1.0000000000024287,1.0000000000069504,5.078315734863281e-05,2.425909042358398e-05,1000.0,0.1516747715910131,0.0901052748290401,1.0,1.0,1.0,1.0,1.0000000000000075,1.0000000000000007,1.0,1.0,1.0,1.0,1.0,1.0,4.42592347290525,4.7009509842302695,0.0,0.0
92,92.0,1.0000000000380176,1.0000000000044618,7.930755676652615e-16,0.5326865846853516,0.2523731296532787,0.18832440383266655,0.26529941288754344,44.00854177170851,6.953215063583973e-13,47.55134521484634,6.5756042647582265e-12,1.000000000038018,1.0000000000044618,7.581710815429688e-05,2.9146671295166016e-05,1.0000000000161038,1.0000000000020404,4.798173904418945e-05,2.5987625122070312e-05,1001.0,0.15602643086542337,0.09039239185409306,1.0000000000000127,1.0000000000000706,1.0,1.0,1.0000000000000182,1.000000000000036,1.0,1.0,1.0,1.0,1.0,1.0,3.728772522368879,4.560732101038051,0.0,0.0
93,93.0,1.0000000000076699,1.0000000000055191,8.110405258398571e-16,0.5203321793991642,0.02392065292224285,0.16020526085048908,0.10290054295910515,44.198309093246756,9.784856183222221e-13,47.44847496439695,1.3152680051170665e-12,1.0000000000076703,1.0000000000055191,7.56978988647461e-05,3.165006637573242e-05,1.000000000037041,1.0000000000043598,5.40614128112793e-05,2.5928020477294922e-05,1100.0,0.14883819803224185,0.08277505279302255,0.9999999999999849,1.0000000000000164,1.0,1.0,1.0,1.0,1.0,1.0,1.0,1.0,1.0,1.0,4.068901747872253,4.2331347410762135,0.0,0.0
94,94.0,1.0000000000072973,1.0000000000097264,4.788715134696483e-16,0.5202145237264322,0.18036599073093385,0.11491125123575327,0.2514513828209601,44.150591294241615,1.3753528655519917e-12,47.45919129771199,1.2330734685276468e-12,1.0000000000072973,1.0000000000097264,7.861852645874023e-05,3.141164779663086e-05,1.0000000000076716,1.0000000000055151,5.257129669189453e-05,2.47955322265625e-05,1101.0,0.1501051851919395,0.08340291758449883,1.0000000000000249,0.99999999999992,1.0,1.0,1.0000000000000004,1.0000000000000024,1.0,1.0,1.0,1.0,1.0,1.0,4.056728555869396,4.263091990514046,0.0,0.0
95,95.0,1.0000000000091722,1.0000000000028195,7.553432291811775e-16,0.5091837005070516,0.2915153944632038,0.19679865794023493,0.12339357763994477,44.14343678734475,4.3198618955823143e-13,47.377039684706986,1.7680532464556173e-12,1.000000000009173,1.0000000000028195,8.702278137207031e-05,3.260374069213867e-05,1.000000000007177,1.000000000009558,5.221366882324219e-05,2.7239322662353516e-05,1200.0,0.1432906573318287,0.07700794308919945,1.0000000000000093,0.9999999999999953,1.0,1.0,1.0,1.0,1.0,1.0,1.0,1.0,1.0,1.0,4.13147913430902,3.829093707361761,0.0,0.0
96,96.0,1.0000000000133689,1.0000000000047695,4.993932299200097e-16,0.5090781154934948,0.1794860745430924,0.2097389576956629,0.2287862781668082,44.13398754001664,6.799985763343193e-13,47.4526316357926,2.377176054122973e-12,1.0000000000133689,1.0000000000047695,8.958578109741211e-05,3.272294998168945e-05,1.00000000000917,1.000000000002819,5.65648078918457e-05,2.664327621459961e-05,1201.0,0.14317234054051428,0.0773059308440314,1.00000000000003,1.000000000000015,1.0,1.0,1.0,1.0,1.0,1.0,1.0,1.0,1.0,1.0,4.954727304743634,5.0960360993196,0.0,0.0
97,97.0,1.0000000000539688,1.0000000000021478,4.447310852032151e-16,0.5041350242010639,0.1357847988256253,0.19252596754813567,0.21496151736937458,44.22268696431367,3.3121447725198167e-13,47.91177561858146,9.024361401695604e-12,1.000000000053969,1.000000000002148,8.33272933959961e-05,3.1113624572753906e-05,1.0000000000132472,1.0000000000047327,5.882978439331055e-05,3.236532211303711e-05,1249.0,0.1422340582096422,0.0746398169108986,1.0,1.0,1.0,1.0,1.0000000000000007,0.9999999999999999,1.0,1.0,1.0,1.0,1.0,1.0,4.91460647714307,5.055477415868948,0.0,0.0
98,98.0,1.0000000000869689,1.0000000000026956,5.450929658951441e-16,0.504034568875922,0.24624740658327932,0.27696887758793304,0.13331117655616248,44.17418780753987,4.63025080870884e-13,47.547144162700356,1.5026108246109607e-11,1.000000000086969,1.0000000000026956,8.398294448852539e-05,3.170967102050781e-05,1.0000000000539422,1.0000000000021472,5.7220458984375e-05,2.640485763549805e-05,1250.0,0.14211978098696323,0.07494776394819072,0.999999999999986,1.000000000000006,1.0,1.0,1.0000000000000004,1.0000000000000002,1.0,1.0,1.0,1.0,1.0,1.0,4.48093881452661,4.788507545682064,0.0,0.0
99,99.0,1.000000000004947,1.0000000000166924,4.509377120326162e-16,0.4991356925338237,0.13160096650244663,0.18041784974047914,0.15296049928292627,44.12018127617584,2.5476369204965885e-12,47.39079629255318,1.213790689924682e-12,1.0000000000049476,1.0000000000166924,9.930133819573398e-05,3.7550926208496094e-05,1.0000000000859364,1.0000000000026734,6.437301635742188e-05,2.8967857360839844e-05,1300.0,0.140282737991631,0.07243100803853308,1.0000000000001383,1.0000000000000944,1.0,1.0,1.0,1.0,1.0,1.0,1.0,1.0,1.0,1.0,5.0793716782906895,4.539569384270891,0.0,0.0
100,100.0,1.0000000000425637,1.0000000000081644,7.472540537680921e-16,0.4990401184380054,0.23881588107906276,0.18815967912087217,0.2059415482799522,44.10428824169948,1.3573139549518197e-12,47.28363510302134,7.7889358226738e-12,1.000000000042564,1.0000000000081646,8.291006088256836e-05,3.331899642944336e-05,1.0000000000049454,1.0000000000166929,6.55055046081543e-05,2.7716159820556637e-05,1301.0,0.1401751741585124,0.07257400629955467,0.9999999999999708,0.9999999999999705,1.0,1.0,1.0,1.0,1.0,1.0,1.0,1.0,1.0,1.0,4.381912708989471,4.180116161115411,0.0,0.0
101,101.0,1.0000000000394804,1.00000000000235,1.4412551816294937e-15,0.4900068752890042,0.3065239951247349,0.3756751377368346,0.3076510048704222,44.20322033951696,3.591921738296307e-13,47.20140658754045,6.799261351648704e-12,1.0000000000394804,1.00000000000235,8.898973464965822e-05,3.802776336669922e-05,1.0000000000417906,1.0000000000080076,7.361173629760742e-05,2.9921531677246094e-05,1400.0,0.13455260678536904,0.06763867888815965,0.9999999999999551,0.9999999999999805,1.0,1.0,1.0,1.0,1.0,1.0,1.0,1.0,1.0,1.0,4.470531484947013,4.795314255944157,0.0,0.0
102,102.0,1.0000000000310076,1.0000000000033071,3.5320253123387804e-16,0.4899197242183654,0.23549744515912605,0.1753672838094644,0.11351290723541747,44.26904265961774,4.975259180457637e-13,47.19363423492179,5.394920167310254e-12,1.000000000031008,1.0000000000033071,8.618831634521484e-05,3.796815872192383e-05,1.0000000000394738,1.0000000000023495,6.216764450073242e-05,3.0040740966796875e-05,1401.0,0.13445694628527288,0.06788016284118585,1.000000000000052,1.0000000000000444,1.0,1.0,1.0,1.0,1.0,1.0,1.0,1.0,1.0,1.0,4.499564958435343,4.698062383418515,0.0,0.0
103,103.0,1.000000000014138,1.0000000000007703,1.3843646973446828e-15,0.481736214549237,0.22666592476889486,0.19265039032325149,0.1434640270308591,44.096155289650895,1.3229582544708634e-13,47.27969815277423,2.5192616905119303e-12,1.0000000000141385,1.0000000000007703,9.435415267944337e-05,4.029273986816406e-05,1.0000000000305174,1.0000000000032396,6.0677528381347656e-05,3.045797348022461e-05,1499.0,0.12798227776157084,0.06363403480975069,0.9999999999999868,0.9999999999999933,1.0,1.0,0.9999999999999591,1.0000000000001057,1.0,1.0,1.0,1.0,1.0,1.0,3.7703585172466276,3.6367633720782058,0.0,0.0
104,104.0,1.000000000026399,1.000000000008797,4.539742520626721e-16,0.4816561719753108,0.2695866887806915,0.12002663209568702,0.179549848951865,44.15135632103468,1.3378129538090324e-12,47.2666776012938,4.967231535651541e-12,1.0000000000263995,1.000000000008797,9.03010368347168e-05,3.820657730102539e-05,1.0000000000141296,1.0000000000007705,6.216764450073242e-05,3.218650817871094e-05,1500.0,0.127896672471833,0.06382846109929582,0.9999999999998813,1.0000000000003475,1.0,1.0,0.9999999999999438,1.000000000000009,1.0,1.0,1.0,1.0,1.0,1.0,4.592797526204524,4.106406289587343,0.0,0.0
105,105.0,1.0000000000056164,1.0000000000017162,6.498416973486559e-16,0.4815761958543351,0.12971242668572808,0.18444192520109934,0.299693185777869,44.16677618954829,3.353181683919297e-13,47.26877844234547,9.504900186971597e-13,1.0000000000056173,1.0000000000017162,8.600950241088867e-05,3.6835670471191406e-05,1.0000000000263838,1.0000000000087983,5.84721565246582e-05,3.063678741455078e-05,1501.0,0.12781176292831037,0.06399600037451868,0.9999999999999768,0.9999999999999905,1.0,1.0,1.0,1.0,1.0,1.0,1.0,1.0,1.0,1.0,4.229766055411094,4.29812525572345,0.0,0.0
106,106.0,1.0000000000157978,1.0000000000042264,1.3850637493972377e-15,0.4739717917077904,0.35817309049889445,0.1755655265878886,0.19439471251098436,44.16087373986609,7.213482320985708e-13,47.16712269548901,2.99398948001396e-12,1.0000000000157983,1.0000000000042262,9.143352508544922e-05,5.739927291870117e-05,1.0000000000055178,1.0000000000016875,8.499622344970703e-05,3.8743019104003906e-05,1600.0,0.12281311177741698,0.060156659963196725,0.9999999999998593,0.9999999999998559,1.0,1.0,0.9999999999999853,0.9999999999999885,1.0,1.0,1.0,1.0,1.0,1.0,4.31289895247327,4.189579341360235,0.0,0.0
107,107.0,1.0000000000101008,1.0000000000022822,3.544971152103239e-16,0.4738979930614576,0.21999669610522682,0.2653471553931012,0.1502782522584311,44.19547047320273,3.758187721175083e-13,47.43220380706018,1.7842342727122412e-12,1.0000000000101013,1.0000000000022822,0.00010228157043450469,4.3749809265136726e-05,1.000000000015801,1.0000000000042277,7.331371307373047e-05,3.3915042877197266e-05,1601.0,0.12273642134075985,0.06029215193938955,0.999999999999974,1.0000000000000044,1.0,1.0,1.0,1.0,1.0,1.0,1.0,1.0,1.0,1.0,4.865975813086524,4.547284332756495,0.0,0.0
108,108.0,1.0000000000415503,1.0000000000043747,3.6601546166674517e-16,0.466863755139995,0.26619448693236336,0.3031466350075788,0.20575806801207358,44.2852529072256,6.957403698451508e-13,47.07322616909769,7.386911870718625e-12,1.0000000000415508,1.0000000000043747,9.065866470336914e-05,4.655122756958008e-05,1.0000000000099496,1.0000000000022433,9.846687316888202e-05,4.1425228118896484e-05,1700.0,0.11829961893168026,0.056879084326986754,0.9999999999998913,0.9999999999999782,1.0,1.0,0.9999999999998644,0.9999999999999959,1.0,1.0,1.0,1.0,1.0,1.0,3.9671561156559325,4.085089276528608,0.0,0.0
109,109.0,1.000000000023805,1.0000000000031533,2.6800562550776974e-16,0.4667953251264108,0.20019235328072676,0.11947536520892749,0.0450735404156148,44.32045182318596,6.967421787362526e-13,47.146874435806346,4.735308146639324e-12,1.0000000000238045,1.0000000000031533,9.745359420776367e-05,4.2498111724853516e-05,1.0000000000415583,1.000000000004372,6.41942024230957e-05,3.403425216674805e-05,1701.0,0.1182301136745939,0.0570153072162009,0.999999999999921,0.999999999999935,1.0,1.0,0.9999999999998767,0.9999999999999957,1.0,1.0,1.0,1.0,1.0,1.0,3.524112242486293,4.314657911927543,0.0,0.0
110,110.0,1.0000000000060327,1.0000000000030085,4.990306913423452e-16,0.4635684359189349,0.21551607426954428,0.1547271267045289,0.24431616580113763,44.206290332782416,5.862099099565143e-13,47.238470775129,1.2409996380328427e-12,1.000000000006033,1.0000000000030087,9.721517562866211e-05,4.208087921142578e-05,1.000000000023725,1.0000000000031175,5.936622619628906e-05,3.325939178466797e-05,1749.0,0.11781144376782393,0.05560025556010425,0.9999999999999434,0.9999999999999698,1.0,1.0,1.0000000000000007,1.0000000000000007,1.0,1.0,1.0,1.0,1.0,1.0,4.072054500656542,4.258162814229966,0.0,0.0
111,111.0,1.0000000000018052,1.000000000004597,1.1943595843260944e-16,0.463502386414385,0.17281661520246416,0.07799701206386082,0.17328681913204488,44.2754289101593,7.579906945857328e-13,47.28250271991466,3.7532756263504636e-13,1.0000000000018048,1.000000000004597,9.03010368347168e-05,3.6716461181640625e-05,1.0000000000060316,1.0000000000030083,6.628036499023438e-05,3.3795833587646484e-05,1750.0,0.11972318744997432,0.05579990791221955,0.9999999999998888,0.9999999999999505,1.0,1.0,1.0000000000000002,1.0000000000000007,1.0,1.0,1.0,1.0,1.0,1.0,4.087745459986808,4.18197668154464,0.0,0.0
112,112.0,1.000000000024932,1.0000000000028635,3.359577928256291e-16,0.4602586435049675,0.20575745066162193,0.21389521099627018,0.14247123512905088,44.15846330348002,5.560693026385455e-13,47.14531378494733,6.8207509046762605e-12,1.000000000024932,1.0000000000028633,9.85860824584961e-05,5.203485488891602e-05,1.000000000001792,1.0000000000045537,7.420778274536133e-05,3.546476364135742e-05,1800.0,0.11932363133911432,0.054416585665381795,0.999999999999966,0.9999999999999802,1.0,1.0,0.9999999999997627,0.9999999999998945,1.0,1.0,1.0,1.0,1.0,1.0,4.521509698293089,5.0259885461196125,0.0,0.0
113,113.0,1.0000000000556424,1.0000000000060625,5.781950530516007e-16,0.4601949178345577,0.1859520582365803,0.1863424180191941,0.21288604009896514,44.2659878310335,9.492423151193014e-13,47.14334148136641,1.0881904873318446e-11,1.000000000055642,1.0000000000060623,0.000101506710052425,4.89354133605957e-05,1.0000000000249336,1.000000000002862,6.80685043334961e-05,3.534555435180664e-05,1801.0,0.11925748280548272,0.054522013813212825,0.9999999999998405,0.9999999999999845,1.0,1.0,0.9999999999997076,0.9999999999996949,1.0,1.0,1.0,1.0,1.0,1.0,4.789537038578063,4.825274835448725,0.0,0.0
114,114.0,1.0000000000122533,1.0000000000020353,4.134488027531243e-16,0.454095825775839,0.08507490728516127,0.04481585574103517,0.15885310230078173,44.17910852304107,3.572217033695429e-13,46.95886884726511,2.4829183620175836e-12,1.0000000000122535,1.0000000000020353,9.143352508544922e-05,4.6312808990478516e-05,1.0000000000547538,1.0000000000059666,7.11679458618164e-05,3.647804260253906e-05,1900.0,0.11457707697885394,0.05192960749693465,0.9999999999999322,0.9999999999999158,1.0,1.0,0.999999999999758,1.0000000000000058,1.0,1.0,1.0,1.0,1.0,1.0,4.5953729551915785,4.350261277971969,0.0,0.0
115,115.0,1.000000000011882,1.000000000005607,7.131260721264238e-16,0.4540362526914775,0.09455470170360057,0.13047256169375027,0.17122432397445664,44.21060210702474,1.0912777181845728e-12,46.96520777212279,2.3777666031760738e-12,1.0000000000118818,1.0000000000056073,9.614229202270506e-05,4.267692565917969e-05,1.000000000012252,1.0000000000020353,7.37309455871582e-05,3.522634506225586e-05,1901.0,0.11522105633132243,0.05205474406082085,0.9999999999999192,0.9999999999999377,1.0,1.0,0.9999999999998535,1.0000000000000135,1.0,1.0,1.0,1.0,1.0,1.0,4.376950307685889,4.134201860524831,0.0,0.0
116,116.0,1.0000000000217386,1.0000000000034797,6.415083589644212e-16,0.4483806120071948,0.1636757127125747,0.08733509801095349,0.16822244756622234,44.14272497026185,7.55205196449308e-13,47.188689471058474,5.146893542876978e-12,1.0000000000217386,1.0000000000034797,0.000105917453765775,4.589557647705078e-05,1.0000000000116624,1.0000000000055285,8.738040924072266e-05,3.731250762939453e-05,1999.0,0.11069960701385523,0.04961737523152345,0.9999999999999412,0.9999999999999454,1.0,1.0,0.9999999999999044,1.0000000000001132,1.0,1.0,1.0,1.0,1.0,1.0,4.23417936758627,4.764883129549985,0.0,0.0
117,117.0,1.000000000017735,1.0000000000035978,8.332902115624849e-16,0.4483246937405957,0.13161299523198972,0.17584863695083178,0.1932196406414732,44.18645894825903,7.900732852655261e-13,47.18671896554676,3.837531843973983e-12,1.0000000000177345,1.0000000000035976,0.00011694431304925,4.780292510986328e-05,1.000000000021736,1.0000000000034779,9.787082672119139e-05,3.725290298461914e-05,2000.0,0.11169742714529504,0.049709809282699496,0.999999999999888,0.9999999999999263,1.0,1.0,0.9999999999998912,1.0000000000000155,1.0,1.0,1.0,1.0,1.0,1.0,4.5039721954799035,4.482899596608115,0.0,0.0
118,118.0,1.0,1.0,0.0,1.671850762441055,0.7867775682825595,0.08430424157995725,0.23952633223962033,7.329350702381441e-32,0.0,7.329350702381441e-32,0.0,1.0,1.0,9.268522262567969e-05,1.7464160919189453e-05,1.0,1.0,2.8252601623535156e-05,1.2636184692382812e-05,0.0,3.1209664777984854,7.152557368605984e-08,1.0,1.0,1.0,1.0,1.0,1.0,1.0,1.0,1.0,1.0,1.0,1.0,6.07937008082941,5.326109242418205,0.0,0.0
119,119.0,1.0,1.0,0.0,1.597357760615681,0.3616692344658077,0.20998247963143507,0.17393987131072203,9.691113590965256e-32,0.0,6.107792251984536e-32,0.0,1.0,1.0,4.470348358154297e-05,1.4781951904296877e-05,1.0,1.0,2.1576881408691406e-05,1.2755393981933595e-05,1.0,3.4512273535086546,2.3015292738624344,1.0,1.0,0.0,0.0,1.0,1.0,0.0,0.0,0.0,0.0,0.0,0.0,6.7294668526116075,5.727570568006001,0.0,0.0
120,120.0,1.000000000790619,1.0000000007902556,2.4363227484829822e-15,1.4433756729740643,0.3736769099486992,0.2683864803402684,0.28451258398126805,1.1395533304374358e-31,0.0,4.071861501323024e-32,0.0,1.000000000790619,1.0000000007902556,4.547834396362305e-05,1.5437602996826172e-05,1.0,1.0,1.9490718841552734e-05,1.4543533325195312e-05,4.0,3.095669435403825,2.5259929664009793,1.000000000000051,1.0000000000016593,1.0,1.0,1.0000000000001261,1.0000000000015978,1.0,1.0,1.0,1.0,1.0,1.0,2.9640711883767907,3.15896289694133,0.0,0.0
121,121.0,1.0000000001623621,1.0000000001556728,3.6998182295633345e-15,1.4058533129758728,0.48152299626963213,0.2719943852862343,0.3194271559477784,9.479831512249619e-32,0.0,3.6646753511907207e-32,0.0,1.000000000162362,1.0000000001556728,4.4226646423339844e-05,1.5437602996826172e-05,1.0000000007555476,1.0000000007551932,2.03251838684082e-05,1.2576580047607422e-05,5.0,2.8163710063428047,2.4643716406571934,1.0000000000000002,1.0000000000000007,1.0,1.0,1.0,1.0000000000000002,1.0,1.0,1.0,1.0,1.0,1.0,4.745138236073252,4.5058967644779715,0.0,0.0
122,122.0,1.0000000000292035,1.0000000005919758,2.1986380969808898e-15,1.2924328848929263,0.542609428637661,0.3434914429089986,0.33946500247111544,10.830154989229056,6.6601367278350065e-12,12.145489719637675,5.590845247078441e-13,1.0000000000292033,1.0000000005919756,5.519390106201172e-05,1.5854835510253906e-05,1.000000000139723,1.0000000001342606,2.110004425048828e-05,1.3589859008789062e-05,9.0,2.2755357299361942,1.9842004572507848,1.0000000000004592,1.000000000000617,1.0,1.0,1.0,1.0000000000000004,1.0,1.0,1.0,1.0,1.0,1.0,6.5217402714619706,7.188750500854718,0.0,0.0
123,123.0,1.0000000009657892,1.0000000001265459,1.6005715271679341e-15,1.2703318703865367,0.5691789088887163,0.4492112521547824,0.3265245208167471,12.938242060274842,2.031119716860985e-12,14.30978056462271,1.4180399447264828e-11,1.0000000009657892,1.0000000001265459,4.416704177856445e-05,1.5020370483398438e-05,1.0000000000286091,1.0000000005845207,2.026557922363281e-05,1.239776611328125e-05,10.0,2.4814002906474366,2.208762402231919,1.0000000000000755,1.0000000000001175,1.0,1.0,0.9999999999999925,1.000000000000955,1.0,1.0,1.0,1.0,1.0,1.0,3.5917031684013843,4.0108082936608325,0.0,0.0
124,124.0,1.0000000001490672,1.0000000004077356,2.1634740782498116e-15,1.197434063608937,0.3064299224643036,0.5083403472672217,0.593212550971657,19.30972965839498,1.907207871164548e-11,20.15533930183227,7.636390058308214e-12,1.0000000001490672,1.0000000004077358,4.756450653076172e-05,1.4722347259521486e-05,1.000000000929349,1.0000000001188771,2.2113323211669922e-05,1.3113021850585938e-05,14.0,2.251327590856269,1.9490992010038692,1.0000000000004055,1.000000000000163,1.0,1.0,1.0000000000012883,1.0000000000013465,1.0,1.0,1.0,1.0,1.0,1.0,6.121374089046872,5.467668750055287,0.0,0.0
125,125.0,1.0000000000665827,1.0000000000584368,1.3697376566312871e-15,1.1821770112539698,0.3460575350327417,0.4748324718675576,0.5261828820221126,20.528706540591536,2.2911880726006473e-12,21.05405216129563,3.221513333873105e-12,1.0000000000665827,1.000000000058437,4.750490188598633e-05,1.52587890625e-05,1.0000000001486873,1.0000000004001288,2.020597457885742e-05,1.2814998626708986e-05,15.0,2.3651731313960678,2.0936457063054155,0.9999999999999996,0.9999999999999996,1.0,1.0,1.000000000000536,1.0000000000000007,1.0,1.0,1.0,1.0,1.0,1.0,3.780893961936799,4.058561303268822,0.0,0.0
126,126.0,1.0000000000228813,1.000000000439345,1.3079815008865125e-15,1.1295025045123062,0.43568768986733625,0.47442241990938777,0.3398284580325707,24.40746130264601,2.5470435945547834e-11,25.27466156103955,1.2579347286045817e-12,1.0000000000228813,1.000000000439345,4.774332046508789e-05,1.5020370483398438e-05,1.0000000000648237,1.000000000058196,2.0623207092285156e-05,1.3113021850585938e-05,19.0,2.1493770992248837,1.941812829603093,1.0,1.000000000004318,1.0,1.0,1.0000000000000007,1.0000000000001759,1.0,1.0,1.0,1.0,1.0,1.0,4.098946345476001,4.433867180769489,0.0,0.0
127,127.0,1.0000000000181133,1.0000000000144287,1.687538997430238e-15,1.118033988749895,0.4159808100084774,0.5264649142045528,0.45329911983571947,25.56459249210006,7.78277442492481e-13,26.107906376894363,7.475331464945612e-13,1.0000000000181133,1.0000000000144287,4.142522811889649e-05,1.4781951904296877e-05,1.0000000000229499,1.0000000004281342,2.0563602447509766e-05,1.2636184692382812e-05,20.0,2.0520116643538313,2.1636245315531095,1.0000000000000369,1.0000000000001785,1.0,1.0,1.0000000000000373,1.0000000000002331,1.0,1.0,1.0,1.0,1.0,1.0,4.814078222517139,4.53406447219756,0.0,0.0
128,128.0,1.0000000001072495,1.0000000000673948,2.7380059004358642e-15,1.03530969141638,0.4149342901073396,0.22389808064326638,0.34546007367316633,31.217289991020074,4.238843753125737e-12,32.31457298168142,7.127427732978684e-12,1.0000000001072495,1.0000000000673948,4.655122756958008e-05,1.4960765838623047e-05,1.0000000000170959,1.0000000000132374,2.5272369384765625e-05,1.3649463653564451e-05,29.0,1.8023578241745315,1.7649905145138687,1.0000000000000002,1.0000000000000842,1.0,1.0,1.000000000000148,1.0000000000007354,1.0,1.0,1.0,1.0,1.0,1.0,3.2605600744348235,2.9645912414749516,0.0,0.0
129,129.0,1.000000000112813,1.0000000000704423,1.2593101165033917e-15,1.0278340422512993,0.3665901804342866,0.4338684824178926,0.4099697545170784,31.879626350236396,4.6250202080853695e-12,32.99218710409343,8.252396385291912e-12,1.000000000112813,1.0000000000704425,5.0365924835205085e-05,1.5974044799804688e-05,1.0000000001060074,1.0000000000672007,2.1517276763916016e-05,1.2874603271484377e-05,30.0,1.8743305485584216,1.8756081037677366,1.0000000000008662,1.0000000000002567,1.0,1.0,1.0000000000006648,1.0000000000003275,1.0,1.0,1.0,1.0,1.0,1.0,4.939079569633218,4.399760112973461,0.0,0.0
130,130.0,1.00000000005896,1.000000000029435,1.0156805951844208e-15,0.8838834764831843,0.3919754839153029,0.49879853083984926,0.5623367535881698,37.127409773421576,2.813025420239646e-12,39.349073652642886,5.533462577034242e-12,1.00000000005896,1.000000000029435,4.690885543823242e-05,1.5914440155029297e-05,1.000000000101244,1.0000000000622078,2.4378299713134766e-05,1.3470649719238281e-05,59.0,1.100952800474013,1.0401464318049332,1.0000000000002829,1.0000000000000446,1.0,1.0,1.0000000000000633,1.000000000000118,1.0,1.0,1.0,1.0,1.0,1.0,3.607809601101689,3.862129633599827,0.0,0.0
131,131.0,1.000000000092177,1.0000000001267824,1.760130502886498e-15,0.880464133955809,0.5461171045899391,0.4425920153735205,0.5562809573602863,37.88232120612542,1.1885981515264304e-11,39.50951854388805,8.871041508211437e-12,1.0000000000921774,1.0000000001267821,4.45246696472168e-05,1.5676021575927734e-05,1.000000000059152,1.0000000000294174,2.199411392211914e-05,1.329183578491211e-05,60.0,1.113362735689383,1.0729511284594082,1.0000000000002403,1.000000000000073,1.0,1.0,1.0000000000000435,1.0000000000000775,1.0,1.0,1.0,1.0,1.0,1.0,4.115069005665477,4.500859171959519,0.0,0.0
132,132.0,1.0000000001353901,1.0000000000048084,1.5114893463825347e-15,0.780984984230064,0.3777969332877546,0.3654319724882953,0.3066063361475244,40.60326225678225,5.206152969045824e-13,43.117611845791174,1.470131846946829e-11,1.0000000001353904,1.0000000000048084,4.845857620239258e-05,1.7702579498291016e-05,1.0000000000818052,1.0000000001165588,2.205371856689453e-05,1.3530254364013672e-05,100.0,0.7425844648746169,0.6757210950207263,1.0,1.0000000000000002,1.0,1.0,1.0000000000018499,1.0000000000026639,1.0,1.0,1.0,1.0,1.0,1.0,5.886205316223249,5.299506832181851,0.0,0.0
133,133.0,1.000000000006161,1.0000000000603215,1.2380034104782406e-15,0.7791364861006639,0.40870878013083706,0.33213503658771515,0.3019563773996196,40.56869753271921,5.9077792448426214e-12,42.98362245258642,7.019735945563543e-13,1.000000000006161,1.0000000000603215,4.291534423828125e-05,1.5854835510253906e-05,1.0000000001349219,1.0000000000048164,2.2113323211669922e-05,1.3947486877441406e-05,101.0,0.8039024153464303,0.6993603107954794,1.0000000000002403,1.000000000000495,1.0,1.0,1.0000000000000404,1.000000000000087,1.0,1.0,1.0,1.0,1.0,1.0,3.5491912668493595,3.398521367859078,0.0,0.0
134,134.0,1.000000000044862,1.0000000008067427,1.2246301533822612e-15,0.6606957960029611,0.2927689310163259,0.36440843553282315,0.23477217293111602,42.529238304516774,9.40040338253827e-11,45.59956144441957,6.475603386846274e-12,1.0000000000448623,1.0000000008067431,5.728006362915039e-05,1.7642974853515625e-05,1.0000000000052809,1.0000000000514946,2.79545783996582e-05,1.519918441772461e-05,200.0,0.4655329090346582,0.3668837323183005,1.0000000000007976,1.0000000000000617,1.0,1.0,0.9999999999999344,1.0000000000000084,1.0,1.0,1.0,1.0,1.0,1.0,4.5230507722280775,4.518136833550261,0.0,0.0
135,135.0,1.0000000000248122,1.0000000000181282,6.103531919359174e-16,0.6598925169542847,0.2679987389128655,0.42514982382999733,0.22349324723472813,42.22739117361965,2.489898120477466e-12,45.558873685586406,3.3424511809885005e-12,1.0000000000248122,1.0000000000181282,5.197525024414063e-05,1.7821788787841797e-05,1.000000000044776,1.0000000008054089,2.4974346160888672e-05,1.4722347259521486e-05,201.0,0.46322716705444733,0.373611900436726,1.000000000000043,1.000000000000076,1.0,1.0,1.0000000000000384,1.0,1.0,1.0,1.0,1.0,1.0,1.0,5.628293256039246,4.838415797946314,0.0,0.0
136,136.0,1.0000000000102984,1.0000000000397113,6.251829655061332e-16,0.5982256755992403,0.3573331300285645,0.20570100209442893,0.24042037961771706,43.06537740457722,4.749009746472002e-12,46.7565506494371,1.53268945804611e-12,1.0000000000102984,1.0000000000397113,6.520748138427734e-05,1.8537044525146484e-05,1.0000000000223292,1.0000000000166842,3.248453140258789e-05,1.5974044799804688e-05,300.0,0.3343889277679466,0.25699412523187837,1.0000000000001819,1.000000000000011,1.0,1.0,1.0,1.0,1.0,1.0,1.0,1.0,1.0,1.0,4.38659240172014,4.767036328574098,0.0,0.0
137,137.0,1.0000000000068971,1.0000000001079343,9.054122738405485e-16,0.5977363290338754,0.24289486411726097,0.22460169403348113,0.18671579100191588,43.018494718803105,1.4528392015214623e-11,46.23779836340197,1.0450650874820538e-12,1.0000000000068971,1.0000000001079343,5.441904067993164e-05,1.806020736694336e-05,1.0000000000102887,1.0000000000396798,2.9325485229492188e-05,1.6033649444580078e-05,301.0,0.3465518340399255,0.26275317680948584,1.000000000000373,1.0000000000001676,1.0,1.0,0.9999999999999996,1.0000000000000004,1.0,1.0,1.0,1.0,1.0,1.0,4.676747112702632,4.376131322275415,0.0,0.0
138,138.0,1.0000000000428249,1.0000000000438085,1.3617365123025838e-15,0.5572835874803517,0.11625386553350829,0.08783971448428919,0.09638057783013201,43.35243849282605,6.358973635721976e-12,47.25039686632062,7.44363946338483e-12,1.000000000042825,1.0000000000438085,5.53131103515625e-05,1.9073486328125e-05,1.000000000006407,1.0000000001012388,3.9696693420410156e-05,1.7523765563964844e-05,400.0,0.2717262346153656,0.20230210206958096,1.0000000000000795,1.0000000000003366,1.0,1.0,1.0000000000000053,1.0000000000000004,1.0,1.0,1.0,1.0,1.0,1.0,4.365213779029209,4.509416688180085,0.0,0.0
139,139.0,1.0000000000589815,1.0000000000407505,3.241796541116067e-16,0.5569401151523525,0.2578092574258335,0.29573496378725395,0.27715954545419663,43.45536456709668,6.051380524206091e-12,47.16725319208595,9.671442491966535e-12,1.0000000000589817,1.0000000000407505,5.8770179748535156e-05,1.9729137420654297e-05,1.0000000000427933,1.000000000043812,4.303455352783203e-05,1.806020736694336e-05,401.0,0.2710467639096021,0.2042380562789834,0.999999999999938,0.9999999999999831,1.0,1.0,1.0000000000000004,1.0000000000000002,1.0,1.0,1.0,1.0,1.0,1.0,4.593212247831968,4.981888455353143,0.0,0.0
140,140.0,1.0000000000074776,1.00000000002307,5.988608948671142e-16,0.527372116897775,0.14286191278370092,0.2459976059617474,0.21412580588366836,43.84094498676301,3.2007352214191824e-12,47.553524035231256,1.3065811359140164e-12,1.0000000000074785,1.00000000002307,5.793571472167969e-05,2.199411392211914e-05,1.0000000000552243,1.000000000038492,4.857778549194336e-05,1.9013881683349606e-05,500.0,0.23165302008222619,0.16540050065520764,0.9999999999999637,1.0000000000001814,1.0,1.0,0.9999999999999936,1.0000000000000966,1.0,1.0,1.0,1.0,1.0,1.0,3.578491041244954,3.8475005090966867,0.0,0.0
141,141.0,1.000000000011061,1.0000000000697014,6.933408612283587e-16,0.5271113642262818,0.2987164708902128,0.2195104249985888,0.29909769172081724,43.715983233735855,1.0913436711208224e-11,47.576334378118865,1.7065272120321349e-12,1.0000000000110614,1.0000000000697011,6.669759750366211e-05,2.688169479370117e-05,1.000000000007463,1.000000000023094,3.451108932495117e-05,1.8835067749023438e-05,501.0,0.23119332438881907,0.16639973640698083,1.0000000000000677,1.0000000000001452,1.0,1.0,1.0000000000002167,1.0000000000005342,1.0,1.0,1.0,1.0,1.0,1.0,4.382946341420245,4.809005667328936,0.0,0.0
142,142.0,1.0000000000344589,1.0000000000066485,2.1378674771707555e-16,0.5040819713169618,0.20967486436711621,0.20970778050832445,0.26579667074838653,43.73903046816409,1.2040044351779488e-12,47.205373998732234,6.391776547895765e-12,1.0000000000344589,1.0000000000066485,7.635354995727539e-05,2.3424625396728516e-05,1.0000000000105702,1.000000000066989,4.184246063232422e-05,2.044439315795898e-05,600.0,0.20929380464579786,0.1400798972081338,0.9999999999999944,1.0,1.0,1.0,0.9999999999999998,0.9999999999999999,1.0,1.0,1.0,1.0,1.0,1.0,4.275256747323652,4.388556012821046,0.0,0.0
143,143.0,1.0000000000542124,1.0000000000025806,5.343635325206973e-16,0.5038738878995379,0.3714989636209793,0.3615423209266737,0.344596896902658,43.75508350409296,6.413178569056074e-13,47.19035469965567,8.834566512526761e-12,1.000000000054213,1.0000000000025806,6.413459777832031e-05,2.247095108032227e-05,1.0000000000344516,1.0000000000066531,3.832578659057617e-05,1.9609928131103516e-05,601.0,0.2089502661881446,0.14108301815716548,0.9999999999999774,1.0000000000000169,1.0,1.0,1.0000000000000007,1.0000000000000004,1.0,1.0,1.0,1.0,1.0,1.0,4.500177627364122,4.53352911862689,0.0,0.0
144,144.0,1.0000000000066678,1.00000000000616,5.227890618438813e-16,0.4851686488849487,0.33796059974702075,0.3215380690526217,0.3507148260250687,43.807285079002384,1.2842959950052373e-12,47.18203665300808,1.1453205995896976e-12,1.000000000006668,1.0000000000061602,7.140636444091797e-05,2.4437904357910156e-05,1.000000000051928,1.000000000002488,5.924701690673828e-05,2.038478851318359e-05,700.0,0.18720359613508486,0.12210487623468795,0.9999999999999853,0.9999999999999865,1.0,1.0,1.0,1.0,1.0,1.0,1.0,1.0,1.0,1.0,3.7340284931825396,3.691624546094645,0.0,0.0
145,145.0,1.0000000000116933,1.0000000000127913,4.0383183105345635e-16,0.4849967556254183,0.3752999347052537,0.2936457680771127,0.31320498284185305,43.82570303281453,2.0065245499128916e-12,47.19197151719692,2.201042071298042e-12,1.0000000000116933,1.0000000000127913,6.765127182006836e-05,2.431869506835937e-05,1.000000000006669,1.0000000000061593,4.684925079345703e-05,2.0802021026611328e-05,701.0,0.18693635684645693,0.12307226981218972,0.9999999999999879,1.000000000000075,1.0,1.0,1.0000000000000002,1.0,1.0,1.0,1.0,1.0,1.0,1.0,5.012809545312335,4.827988404919771,0.0,0.0
146,146.0,1.0000000000040465,1.0000000000024032,6.691679646560571e-16,0.469343749575618,0.32259819534374395,0.3150291637866757,0.33900001744041214,43.928666168176406,6.620838108265988e-13,47.88878568749394,8.061936556569213e-13,1.0000000000040472,1.0000000000024032,7.462501525878906e-05,2.6047229766845703e-05,1.0000000000113871,1.0000000000124745,5.1856040954589844e-05,2.2351741790771484e-05,800.0,0.16927061325274848,0.10877597083809505,1.0000000000001792,1.0000000000001157,1.0,1.0,1.0000000000000002,1.0000000000000007,1.0,1.0,1.0,1.0,1.0,1.0,4.1156199801519735,4.435687708051427,0.0,0.0
147,147.0,1.000000000005647,1.0000000000083125,4.061749558143214e-16,0.4691981037087196,0.41127943684114143,0.34578640112886205,0.32849723595427344,43.80832283730152,1.67294231955226e-12,47.8824163223528,1.143864021974428e-12,1.0000000000056475,1.0000000000083125,6.99758529663086e-05,2.485513687133789e-05,1.0000000000040477,1.0000000000024054,6.401538848876953e-05,3.314018249511719e-05,801.0,0.16906032186532172,0.1096609537359856,0.9999999999999095,0.9999999999999982,1.0,1.0,1.0000000000000098,1.0000000000000002,1.0,1.0,1.0,1.0,1.0,1.0,4.606706253861505,4.849518243508797,0.0,0.0
148,148.0,1.0000000000049434,1.0000000000125704,6.780334427738387e-16,0.4558037184861393,0.3322812509723007,0.25467013369780034,0.25863183219917113,43.84600980005923,2.144603218155715e-12,47.59389690757655,9.665284533434275e-13,1.0000000000049434,1.0000000000125704,7.587671279907227e-05,2.6702880859375e-05,1.0000000000055174,1.00000000000809,5.0306320190429694e-05,2.408027648925781e-05,900.0,0.1629434611440602,0.09851604823231888,0.9999999999999487,1.0000000000002969,1.0,1.0,1.0,1.0,1.0,1.0,1.0,1.0,1.0,1.0,4.255055001467463,3.80413657324674,0.0,0.0
149,149.0,1.0000000000039413,1.0000000000044724,5.444504302880321e-16,0.4556778927409605,0.25476777629228303,0.13176955486414954,0.21654336049687112,44.04369950694742,8.446423288529389e-13,47.58727284070212,8.546410145684773e-13,1.0000000000039415,1.0000000000044724,7.724761962890625e-05,3.063678741455078e-05,1.0000000000049418,1.0000000000125715,5.3822994232177734e-05,2.3901462554931637e-05,901.0,0.1627629132595286,0.09908435298666282,0.9999999999998621,0.9999999999999546,1.0,1.0,0.9999999999999999,0.9999999999999999,1.0,1.0,1.0,1.0,1.0,1.0,3.2405037742772125,3.2440586673612306,0.0,0.0
150,150.0,1.000000000019814,1.0000000000030138,4.970043171928935e-16,0.4440158703091703,0.27358550479402766,0.18299023510189724,0.20530845446046436,44.02096601502784,5.665502892697275e-13,47.54766428579022,4.10446629696629e-12,1.000000000019814,1.0000000000030136,8.07642936706543e-05,3.081560134887695e-05,1.0000000000038645,1.0000000000043685,5.7995319366455085e-05,2.402067184448242e-05,1000.0,0.1514294499342435,0.08985995317227041,0.9999999999998189,0.9999999999999039,1.0,1.0,1.0000000000000002,1.000000000000598,1.0,1.0,1.0,1.0,1.0,1.0,4.42592347290525,4.7009509842302695,0.0,0.0
151,151.0,1.0000000000851943,1.0000000000026146,7.930755676652615e-16,0.4439054872377929,0.34482475800905377,0.18667260662186885,0.2644818761036731,44.00854177170851,5.147967870411959e-13,47.55134521484634,1.743332596130929e-11,1.0000000000851945,1.0000000000026144,7.969141006469727e-05,2.694129943847656e-05,1.0000000000198135,1.0000000000030127,5.334615707397461e-05,2.4378299713134766e-05,1001.0,0.15578133200809743,0.09014729299676708,0.9999999999999957,0.9999999999999826,1.0,1.0,0.9999999999999674,1.0000000000011202,1.0,1.0,1.0,1.0,1.0,1.0,3.728772522368879,4.560732101038051,0.0,0.0
152,152.0,1.0000000000064855,1.0000000000174716,8.110405258398571e-16,0.4336101494993035,0.4160346132121049,0.3423958396306261,0.3283185914042406,44.198309093246756,3.829545278173986e-12,47.44847496439695,1.2771054450266479e-12,1.000000000006486,1.0000000000174716,7.683038711547852e-05,3.141164779663086e-05,1.0000000000829998,1.00000000000254,5.418062210083008e-05,2.467632293701172e-05,1100.0,0.1486132678573206,0.08255012261810125,1.000000000000031,0.9999999999999708,1.0,1.0,1.0,1.0,1.0,1.0,1.0,1.0,1.0,1.0,4.068901747872253,4.2331347410762135,0.0,0.0
153,153.0,1.0000000000062346,1.000000000005414,4.788715134696483e-16,0.4335121031053601,0.1819940641871653,0.24403331842040638,0.15164383465889836,44.150591294241615,1.165227046858186e-12,47.45919129771199,1.3281204797777097e-12,1.0000000000062346,1.000000000005414,8.034706115722656e-05,3.24249267578125e-05,1.000000000006486,1.0000000000174696,6.145238876342773e-05,2.968311309814453e-05,1101.0,0.14988044133362088,0.08317817372618022,0.9999999999999386,0.999999999999956,1.0,1.0,1.0,1.0,1.0,1.0,1.0,1.0,1.0,1.0,4.056728555869396,4.263091990514046,0.0,0.0
154,154.0,1.0000000000363398,1.000000000002268,7.553432291811775e-16,0.424319750422543,0.271042603009846,0.4251194059615954,0.3552051297738217,44.14343678734475,5.787150841528361e-13,47.377039684706986,7.85632911884186e-12,1.0000000000363396,1.000000000002268,8.398294448852539e-05,3.11732292175293e-05,1.0000000000061195,1.0000000000052998,6.175041198730469e-05,3.069639205932617e-05,1200.0,0.14308290862041848,0.07680019437778925,0.9999999999998228,0.9999999999997595,1.0,1.0,0.9999999999999881,1.000000000000028,1.0,1.0,1.0,1.0,1.0,1.0,4.13147913430902,3.829093707361761,0.0,0.0
155,155.0,1.0000000000486238,1.000000000003303,4.993932299200097e-16,0.4242317629112457,0.4591431908775121,0.23765621351776645,0.2976720829610713,44.13398754001664,7.734632448063222e-13,47.4526316357926,9.714128478945916e-12,1.0000000000486242,1.0000000000033031,8.90493392944336e-05,3.010034561157227e-05,1.0000000000363314,1.0000000000022662,5.328655242919922e-05,2.6702880859375e-05,1201.0,0.14296475002478556,0.07709834032830268,0.9999999999999278,0.9999999999999225,1.0,1.0,1.0,1.000000000000323,1.0,1.0,1.0,1.0,1.0,1.0,4.954727304743634,5.0960360993196,0.0,0.0
156,156.0,1.0000000000263387,1.0000000000053162,4.447310852032151e-16,0.4201125201675532,0.31255545205203816,0.29122231539804483,0.17333299206802616,44.22268696431367,1.1781207765506913e-12,47.91177561858146,6.74775336173957e-12,1.0000000000263385,1.0000000000053162,8.45789909362793e-05,3.3915042877197266e-05,1.0000000000481155,1.0000000000032645,5.46574592590332e-05,2.664327621459961e-05,1249.0,0.1420337800908785,0.07443953879213483,0.999999999999847,0.9999999999998281,1.0,1.0,1.0000000000000007,1.0,1.0,1.0,1.0,1.0,1.0,1.0,4.91460647714307,5.055477415868948,0.0,0.0
157,157.0,1.000000000065301,1.0000000000030973,5.450929658951441e-16,0.4200288073966016,0.3865381766227074,0.2730498632299714,0.29109010793035844,44.17418780753987,9.031589110937527e-13,47.547144162700356,1.3459961144771868e-11,1.0000000000653009,1.0000000000030973,8.219480514526367e-05,3.510713577270508e-05,1.000000000026318,1.000000000005314,5.4717063903808594e-05,2.783536911010742e-05,1250.0,0.14191964957928233,0.07474763254050973,0.9999999999999802,1.00000000000003,1.0,1.0,1.0,1.0,1.0,1.0,1.0,1.0,1.0,1.0,4.48093881452661,4.788507545682064,0.0,0.0
158,158.0,1.0000000000202884,1.000000000003871,4.509377120326162e-16,0.4159464104448531,0.34824576991377393,0.3073170144343748,0.287749839015305,44.12018127617584,1.3580453492280391e-12,47.39079629255318,4.469360513865169e-12,1.0000000000202889,1.000000000003871,8.934736251831055e-05,4.13060188293457e-05,1.0000000000645417,1.0000000000030662,7.12275505065918e-05,2.944469451904297e-05,1300.0,0.1400896704509705,0.07223794049787267,0.9999999999999718,0.9999999999999574,1.0,1.0,1.0,1.0,1.0,1.0,1.0,1.0,1.0,1.0,5.0793716782906895,4.539569384270891,0.0,0.0
159,159.0,1.000000000018156,1.0000000000034797,7.472540537680921e-16,0.4158667653650045,0.19231771316844967,0.11253910715458909,0.2887450056150555,44.10428824169948,1.2632965330625542e-12,47.28363510302134,4.31874576087564e-12,1.0000000000181557,1.0000000000034797,8.89897346496582e-05,3.796815872192383e-05,1.0000000000202762,1.0000000000038747,5.4895877838134766e-05,2.765655517578125e-05,1301.0,0.13998224266894627,0.07238107480998847,0.9999999999998828,0.9999999999998617,1.0,1.0,1.0000000000000002,1.0000000000000009,1.0,1.0,1.0,1.0,1.0,1.0,4.381912708989471,4.180116161115411,0.0,0.0
160,160.0,1.000000000014761,1.0000000000012859,1.4412551816294937e-15,0.4083390627408368,0.20603714411845425,0.28646573680453,0.26084404147695744,44.20322033951696,4.1518789197496387e-13,47.20140658754045,3.3414063726282356e-12,1.0000000000147615,1.000000000001286,8.51750373840332e-05,3.534555435180664e-05,1.0000000000179345,1.0000000000033695,5.942583084106446e-05,3.0159950256347656e-05,1400.0,0.13437223395172154,0.06745830605451225,0.9999999999999933,0.9999999999999857,1.0,1.0,0.99999999999995,0.9999999999999999,1.0,1.0,1.0,1.0,1.0,1.0,4.470531484947013,4.795314255944157,0.0,0.0
161,161.0,1.0000000000297957,1.000000000001384,3.5320253123387804e-16,0.4082664368486378,0.16199659084668383,0.23648941551800812,0.13558875612216068,44.26904265961774,4.328397921416559e-13,47.19363423492179,6.893988916165718e-12,1.000000000029796,1.000000000001384,8.559226989746094e-05,3.904104232788086e-05,1.0000000000147589,1.0000000000012856,8.046627044677734e-05,3.457069396972656e-05,1401.0,0.13427669174524537,0.06769990830115842,0.9999999999999207,0.9999999999999252,1.0,1.0,0.9999999999999889,1.0,1.0,1.0,1.0,1.0,1.0,1.0,4.499564958435343,4.698062383418515,0.0,0.0
162,162.0,1.0000000000037903,1.0000000000025702,1.3843646973446828e-15,0.4014468454576975,0.20230288349557662,0.24499485397245727,0.23210244806250552,44.096155289650895,1.0113997036448213e-12,47.27969815277423,9.098221400562715e-13,1.0000000000037903,1.0000000000025702,8.863210678100586e-05,3.7550926208496094e-05,1.0000000000289964,1.0000000000013598,5.930662155151367e-05,3.248453140258789e-05,1499.0,0.12781289057263975,0.0634646476208196,1.0,1.0,1.0,1.0,0.9999999999999775,0.9999999999999999,1.0,1.0,1.0,1.0,1.0,1.0,3.7703585172466276,3.6367633720782058,0.0,0.0
163,163.0,1.0000000000163036,1.0000000000033813,4.539742520626721e-16,0.401380143312759,0.21666456491220742,0.20138030248926944,0.1298803617828525,44.15135632103468,1.432639610487306e-12,47.2666776012938,6.183659361597758e-12,1.0000000000163043,1.0000000000033813,8.821487426757812e-05,4.124641418457031e-05,1.0000000000037916,1.0000000000025713,6.16312026977539e-05,3.0994415283203125e-05,1500.0,0.12772738924476723,0.06365917787223013,0.9999999999998231,0.9999999999998327,1.0,1.0,0.999999999999988,0.9999999999999989,1.0,1.0,1.0,1.0,1.0,1.0,4.592797526204524,4.106406289587343,0.0,0.0
164,164.0,1.0000000000084996,1.0000000000036358,6.498416973486559e-16,0.4013134965452792,0.29698275605915114,0.19985034782439465,0.29950226610526437,44.16677618954829,8.86410356359415e-13,47.26877844234547,1.934704812617032e-12,1.0000000000084996,1.0000000000036358,9.697675704951132e-05,5.1856040954589844e-05,1.0000000000162967,1.0000000000033837,6.461143493652344e-05,3.170967102050781e-05,1501.0,0.1276425835320526,0.06382682097826088,0.9999999999998495,0.9999999999998774,1.0,1.0,0.9999999999999779,0.9999999999999916,1.0,1.0,1.0,1.0,1.0,1.0,4.229766055411094,4.29812525572345,0.0,0.0
165,165.0,1.0000000000044178,1.0000000000020837,1.3850637493972377e-15,0.3949764930898253,0.2158041945076547,0.2753152162767946,0.23437509796349332,44.16087373986609,7.279994537281067e-13,47.16712269548901,1.0918629448135307e-12,1.000000000004418,1.0000000000020839,9.769201278686523e-05,4.404783248901368e-05,1.0000000000083535,1.0000000000035505,7.086992263793945e-05,3.4868717193603516e-05,1600.0,0.12265360218724197,0.05999715037302163,0.9999999999998666,0.9999999999998899,1.0,1.0,1.0,1.0,1.0,1.0,1.0,1.0,1.0,1.0,4.31289895247327,4.189579341360235,0.0,0.0
166,166.0,1.0000000000122826,1.0000000000041953,3.544971152103239e-16,0.3949149942178813,0.13101787288906047,0.2421022960916161,0.3019761262694373,44.19547047320273,1.3619766377385656e-12,47.43220380706018,2.394385903744618e-12,1.0000000000122835,1.0000000000041953,8.70823860168457e-05,3.6597251892089844e-05,1.0000000000044187,1.0000000000020839,5.942583084106445e-05,3.11732292175293e-05,1601.0,0.12257700364185554,0.06013273424048535,0.9999999999998007,0.9999999999997282,1.0,1.0,1.0,1.0,1.0,1.0,1.0,1.0,1.0,1.0,4.865975813086524,4.547284332756495,0.0,0.0
167,167.0,1.0000000000109324,1.0000000000016565,3.6601546166674517e-16,0.3890531292833292,0.18016328901285306,0.124217395321466,0.17109174176584924,44.2852529072256,6.609774311461194e-13,47.07322616909769,3.2942557772550823e-12,1.0000000000109335,1.0000000000016565,9.447336196899414e-05,3.916025161743164e-05,1.0000000000118376,1.000000000004139,5.9604644775390625e-05,3.2067298889160156e-05,1700.0,0.11814879028580635,0.056728255681112824,0.9999999999999492,0.9999999999999436,1.0,1.0,1.0,1.0,1.0,1.0,1.0,1.0,1.0,1.0,3.9671561156559325,4.085089276528608,0.0,0.0
168,168.0,1.0000000000152027,1.0000000000061773,2.6800562550776974e-16,0.388996104272009,0.1392207815079018,0.05219594348454847,0.2717130177770741,44.32045182318596,2.5250283660235443e-12,47.146874435806346,5.655367977358504e-12,1.0000000000152027,1.0000000000061773,9.924173355097851e-05,4.13656234741211e-05,1.0000000000109304,1.0000000000016553,7.873773574829102e-05,3.451108932495117e-05,1701.0,0.1180793669462544,0.056864560487861475,0.9999999999998627,0.9999999999998694,1.0,1.0,0.9999999999998461,1.0,1.0,1.0,1.0,1.0,1.0,1.0,3.524112242486293,4.314657911927543,0.0,0.0
169,169.0,1.000000000028138,1.0000000000047418,4.990306913423452e-16,0.3863070299324457,0.35529230895917857,0.13106150762178,0.3048440833226777,44.206290332782416,2.8572950732921365e-12,47.238470775129,7.417866143960428e-12,1.0000000000281384,1.0000000000047422,9.310245513916016e-05,4.07099723815918e-05,1.0000000000150877,1.000000000006138,6.651878356933594e-05,3.451108932495117e-05,1749.0,0.11766452448410862,0.05545333627638895,0.9999999999999564,0.9999999999999515,1.0,1.0,0.9999999999999856,1.0,1.0,1.0,1.0,1.0,1.0,1.0,4.072054500656542,4.258162814229966,0.0,0.0
170,170.0,1.0000000000089313,1.0000000000068514,1.1943595843260944e-16,0.3862519886786542,0.27454933867556974,0.16730729368282476,0.21532423957251007,44.2754289101593,3.119981149029214e-12,47.28250271991466,1.966634942898481e-12,1.0000000000089317,1.0000000000068514,0.0001039505004882121,5.036592483520508e-05,1.0000000000281266,1.0000000000047393,9.137392044067384e-05,3.510713577270508e-05,1750.0,0.11957634578535273,0.05565306624759792,0.999999999999723,0.9999999999997469,1.0,1.0,1.0,1.0,1.0,1.0,1.0,1.0,1.0,1.0,4.087745459986808,4.18197668154464,0.0,0.0
171,171.0,1.0000000000475504,1.0000000000012261,3.359577928256291e-16,0.3835488695874728,0.1416939634364098,0.07057479996001345,0.049791151424869826,44.15846330348002,6.401392035716125e-13,47.14531378494733,1.0060929267290182e-11,1.0000000000475506,1.0000000000012261,9.673833847045898e-05,4.5418739318847656e-05,1.000000000008893,1.0000000000068274,8.589029312133789e-05,3.4868717193603516e-05,1800.0,0.1191805661650051,0.05427352049127258,0.9999999999999828,0.9999999999999782,1.0,1.0,1.0,1.0000000000004994,1.0,1.0,1.0,1.0,1.0,1.0,4.521509698293089,5.0259885461196125,0.0,0.0
172,172.0,1.0000000000212839,1.00000000000477,5.781950530516007e-16,0.3834957648621314,0.2199142575846053,0.1685404047602787,0.24451764521654695,44.2659878310335,3.297733333484796e-12,47.14334148136641,4.481576792947546e-12,1.0000000000212834,1.00000000000477,9.626150131225585e-05,4.589557647705078e-05,1.00000000004753,1.0000000000012261,8.612871170043945e-05,3.5643577575683594e-05,1801.0,0.11911449112983583,0.0543790221375659,0.9999999999995898,0.9999999999996655,1.0,1.0,1.0,1.0,1.0,1.0,1.0,1.0,1.0,1.0,4.789537038578063,4.825274835448725,0.0,0.0
173,173.0,1.0000000000398814,1.0000000000026361,4.134488027531243e-16,0.3784131881465325,0.13671749253990123,0.20235508464975283,0.2257729203556664,44.17910852304107,1.5862786004540743e-12,46.95886884726511,1.75532772627457e-11,1.0000000000398819,1.0000000000026361,0.00012367963790889999,5.46574592590332e-05,1.0000000000210358,1.00000000000467,0.0001027584075927,4.738569259643555e-05,1900.0,0.11444099727614022,0.05179352779422085,0.9999999999997566,0.9999999999997417,1.0,1.0,0.9999999999999487,1.0,1.0,1.0,1.0,1.0,1.0,1.0,4.5953729551915785,4.350261277971969,0.0,0.0
174,174.0,1.0000000000548979,1.0000000000038711,7.131260721264238e-16,0.3783635439095646,0.19764538807794452,0.4342772510717623,0.3289701787871308,44.21060210702474,1.5643418413276115e-12,46.96520777212279,2.0333286267260785e-11,1.000000000054898,1.0000000000038711,0.0001039505004882,4.398822784423829e-05,1.0000000000398814,1.0000000000026372,9.691715240478516e-05,3.606081008911133e-05,1901.0,0.11508504295397953,0.05191873068347795,0.9999999999999655,0.9999999999999591,1.0,1.0,1.0,1.0,1.0,1.0,1.0,1.0,1.0,1.0,4.376950307685889,4.134201860524831,0.0,0.0
175,175.0,1.0000000000036429,1.0000000000027605,6.415083589644212e-16,0.3736505100059957,0.13232565228827292,0.07256434112787243,0.1346930767758749,44.14272497026185,1.0108078850537123e-12,47.188689471058474,1.0790028772884208e-12,1.0000000000036429,1.0000000000027602,0.00014120340347282498,4.673004150390625e-05,1.000000000053099,1.0000000000036604,9.018182754516603e-05,3.9458274841308594e-05,1999.0,0.11056978698861172,0.04948755520627995,0.9999999999999309,0.9999999999999486,1.0,1.0,1.0,1.0,1.0,1.0,1.0,1.0,1.0,1.0,4.23417936758627,4.764883129549985,0.0,0.0
176,176.0,1.0000000000145988,1.0000000000092621,8.332902115624849e-16,0.3736039114504964,0.11234553792746735,0.21043866052059457,0.197469251579605,44.18645894825903,6.767306332933597e-12,47.18671896554676,5.396085794875903e-12,1.0000000000145988,1.0000000000092617,0.00010418891906729999,4.941225051879883e-05,1.000000000003642,1.0000000000027593,9.238719940185547e-05,3.784894943237305e-05,2000.0,0.11156766734009857,0.049580049477503094,0.9999999999998801,0.9999999999999224,1.0,1.0,0.9999999999999796,0.9999999999999866,1.0,1.0,1.0,1.0,1.0,1.0,4.5039721954799035,4.482899596608115,0.0,0.0
177,177.0,1.0,1.0,0.0,1.337480609952844,0.0890908607980236,0.020892059430479976,0.04054497514152897,7.329350702381441e-32,0.0,7.329350702381441e-32,0.0,1.0,1.0,8.410215377807617e-05,1.6450881958007812e-05,1.0,1.0,2.3663043975830075e-05,1.2636184692382812e-05,0.0,3.120966477798486,7.152557368605984e-08,1.0,1.0,1.0,1.0,1.0,1.0,1.0,1.0,1.0,1.0,1.0,1.0,6.07937008082941,5.326109242418205,0.0,0.0
178,178.0,1.0,1.0,0.0,1.2778862084925449,0.11687648406950753,0.16357656760374084,0.16720535751665005,9.691113590965256e-32,0.0,6.107792251984536e-32,0.0,1.0,1.0,6.41942024230957e-05,1.5497207641601562e-05,1.0,1.0,2.658367156982422e-05,1.3768672943115234e-05,1.0,3.4437780533261177,2.2940799736798976,1.0,1.0,0.0,0.0,1.0,1.0,0.0,0.0,0.0,0.0,0.0,0.0,6.7294668526116075,5.727570568006001,0.0,0.0
179,179.0,1.0000000010332672,1.0000000010624697,2.4363227484829822e-15,1.1547005383792517,0.200670703954529,0.1257545854896307,0.25250954518560315,1.1395533304374358e-31,0.0,4.071861501323024e-32,0.0,1.0000000010332672,1.0000000010624697,5.453824996948242e-05,1.5735626220703125e-05,1.0,1.0,2.0682811737060547e-05,1.4603137969970705e-05,4.0,3.086530431825145,2.5168539628223,1.0000000000000973,1.0000000000020597,1.0,1.0,1.0000000000000975,1.0000000000020626,1.0,1.0,1.0,1.0,1.0,1.0,2.9640711883767907,3.15896289694133,0.0,0.0
180,180.0,1.0000000000450198,1.0000000000444,3.6998182295633345e-15,1.124682650380698,0.2571424295310862,0.2557466703583486,0.2706440304755233,9.479831512249619e-32,0.0,3.6646753511907207e-32,0.0,1.0000000000450195,1.0000000000444,4.9173831939697266e-05,1.5020370483398438e-05,1.000000000979011,1.0000000010133863,2.002716064453125e-05,1.3232231140136719e-05,5.0,2.807504424693965,2.4555050590083543,0.9999999999999966,1.0000000000001008,1.0,1.0,0.9999999999999818,0.9999999999999993,1.0,1.0,1.0,1.0,1.0,1.0,4.745138236073252,4.5058967644779715,0.0,0.0
181,181.0,1.0000000003172538,1.0000000000177804,2.1986380969808898e-15,1.0339463079143412,0.4292834534426219,0.29359509772621095,0.2353149918490089,10.830154989229056,1.3358124130645267e-12,12.145489719637675,1.961628082192135e-11,1.0000000003172538,1.0000000000177802,6.479024887084961e-05,1.5437602996826172e-05,1.0000000000461466,1.0000000000454967,2.104043960571289e-05,1.2874603271484377e-05,9.0,2.267947372385232,1.976612099699822,1.0,1.0000000000000007,1.0,1.0,0.9999999999999816,1.0000000000001488,1.0,1.0,1.0,1.0,1.0,1.0,6.5217402714619706,7.188750500854718,0.0,0.0
182,182.0,1.000000000059638,1.0000000001082547,1.6005715271679341e-15,1.0162654963092297,0.4666978939785622,0.2948608756996691,0.4094583156984299,12.938242060274842,1.1055798868990034e-11,14.30978056462271,3.3195168835931094e-12,1.000000000059638,1.000000000108255,4.476308822631836e-05,1.519918441772461e-05,1.0000000003068044,1.000000000017301,2.306699752807617e-05,1.2636184692382812e-05,10.0,2.474099947155536,2.2014620587400184,1.0000000000001927,1.000000000001863,1.0,1.0,1.000000000000484,1.0000000000006581,1.0,1.0,1.0,1.0,1.0,1.0,3.5917031684013843,4.0108082936608325,0.0,0.0
183,183.0,1.0000000000862173,1.0000000000719,2.1634740782498116e-15,0.9579472508871494,0.4765369779197499,0.32941954693524167,0.48589890758739784,19.30972965839498,3.821713413568329e-12,20.15533930183227,2.8721323565075873e-12,1.0000000000862173,1.0000000000719,4.673004150390625e-05,1.5139579772949219e-05,1.0000000000883162,1.000000000256033,2.3186206817626953e-05,1.2874603271484377e-05,14.0,2.245002034871841,1.9427736450194415,1.0000000000000633,1.0000000000004554,1.0,1.0,1.0000000000000742,1.0000000000003244,1.0,1.0,1.0,1.0,1.0,1.0,6.121374089046872,5.467668750055287,0.0,0.0
184,184.0,1.0000000002985883,1.0000000000456868,1.3697376566312871e-15,0.9457416090031758,0.5187779733678326,0.2958024102263152,0.30384176661027595,20.528706540591536,2.7995911144884647e-12,21.05405216129563,1.4665185732454237e-11,1.0000000002985887,1.0000000000456866,4.410743713378907e-05,1.52587890625e-05,1.000000000084346,1.000000000070635,2.2113323211669922e-05,1.2636184692382812e-05,15.0,2.3590522095062294,2.0875247844155767,1.0000000000000562,1.0000000000009301,1.0,1.0,1.0000000000000007,1.0000000000113272,1.0,1.0,1.0,1.0,1.0,1.0,3.780893961936799,4.058561303268822,0.0,0.0
185,185.0,1.0000000001846434,1.0000000001030178,1.3079815008865125e-15,0.9036020036098448,0.3437427286989987,0.2515251730219461,0.22732438112143427,24.40746130264601,7.041138505581301e-12,25.27466156103955,1.2310718416896903e-11,1.0000000001846434,1.0000000001030178,4.744529724121094e-05,1.5676021575927734e-05,1.000000000296243,1.0000000000426472,2.4616718292236328e-05,1.2874603271484377e-05,19.0,2.1439536166455957,1.9363893470238052,1.0000000000000002,1.0000000000000373,1.0,1.0,1.000000000000564,1.0000000000004685,1.0,1.0,1.0,1.0,1.0,1.0,4.098946345476001,4.433867180769489,0.0,0.0
186,186.0,1.0000000001540212,1.0000000000215195,1.687538997430238e-15,0.8944271909999159,0.29996199219021946,0.34741565794683993,0.228701772459317,25.56459249210006,1.4961321070927624e-12,26.107906376894363,1.0600914590597201e-11,1.0000000001540212,1.0000000000215195,4.392862319946289e-05,1.5676021575927734e-05,1.000000000182395,1.0000000001027174,2.264976501464844e-05,1.33514404296875e-05,20.0,2.046737218890106,2.1583500860893845,1.0,1.000000000000096,1.0,1.0,1.0000000000004905,1.0000000000009215,1.0,1.0,1.0,1.0,1.0,1.0,4.814078222517139,4.53406447219756,0.0,0.0
187,187.0,1.0000000000165763,1.0000000008485952,2.7380059004358642e-15,0.8282477531331041,0.38505315582733596,0.3072471803752705,0.29921070061391214,31.217289991020074,7.271762358929124e-11,32.31457298168142,1.4281108975127917e-12,1.0000000000165763,1.000000000848595,4.494190216064453e-05,1.4901161193847656e-05,1.0000000001478226,1.0000000000199978,2.0682811737060547e-05,1.33514404296875e-05,29.0,1.798114217034367,1.7607469073737039,1.0000000000001474,1.0000000000003402,1.0,1.0,1.0000000000000009,1.000000000000187,1.0,1.0,1.0,1.0,1.0,1.0,3.2605600744348235,2.9645912414749516,0.0,0.0
188,188.0,1.0000000000583489,1.0000000000574154,1.2593101165033917e-15,0.8222672338010394,0.2976759627345018,0.2953978457371704,0.36219550552777946,31.879626350236396,5.173456900970613e-12,32.99218710409343,5.287596551082987e-12,1.0000000000583489,1.000000000057415,4.953145980834961e-05,1.5616416931152344e-05,1.0000000000164038,1.0000000008401697,2.104043960571289e-05,1.329183578491211e-05,30.0,1.8701756019765523,1.8714531571858668,1.0000000000000282,1.0000000000000495,1.0,1.0,1.0000000000000369,1.0000000000003457,1.0,1.0,1.0,1.0,1.0,1.0,4.939079569633218,4.399760112973461,0.0,0.0
189,189.0,1.0000000001100675,1.0000000000954492,1.0156805951844208e-15,0.7071067811865475,0.19579214759869495,0.19816519471351052,0.39770733716432,37.127409773421576,8.692451272662714e-12,39.349073652642886,1.4697760369886126e-11,1.0000000001100677,1.0000000000954492,4.76837158203125e-05,1.609325408935547e-05,1.0000000000514084,1.0000000000501448,2.1159648895263672e-05,1.3053417205810547e-05,59.0,1.0983262428541531,1.0375198741850735,1.000000000000043,1.0000000000000804,1.0,1.0,1.0,1.000000000000161,1.0,1.0,1.0,1.0,1.0,1.0,3.607809601101689,3.862129633599827,0.0,0.0
190,190.0,1.0000000000888254,1.0000000000407003,1.760130502886498e-15,0.7043713071646472,0.13759076909627763,0.2088378794142045,0.12264664273243395,37.88232120612542,4.893327196433881e-12,39.50951854388805,1.1281944609300774e-11,1.0000000000888254,1.0000000000407003,4.810094833374024e-05,1.615285873413086e-05,1.000000000109928,1.0000000000961287,2.3305416107177734e-05,1.33514404296875e-05,60.0,1.1107680254320544,1.0703564182020797,1.0000000000002545,1.000000000000121,1.0,1.0,1.0000000000000002,1.0000000000001745,1.0,1.0,1.0,1.0,1.0,1.0,4.115069005665477,4.500859171959519,0.0,0.0
191,191.0,1.0000000000054583,1.000000000074131,1.5114893463825347e-15,0.6247879873840512,0.1633909561205655,0.18004627985646943,0.2015264275250956,40.60326225678225,9.015215293860566e-12,43.117611845791174,7.448866920104333e-13,1.0000000000054583,1.000000000074131,5.084276199340821e-05,2.4199485778808594e-05,1.0000000000793823,1.000000000037282,2.5391578674316406e-05,1.33514404296875e-05,100.0,0.7408203742246942,0.6739570043708035,1.0000000000002085,1.0000000000009366,1.0,1.0,1.0000000000000002,1.0000000000000469,1.0,1.0,1.0,1.0,1.0,1.0,5.886205316223249,5.299506832181851,0.0,0.0
192,192.0,1.0000000000422293,1.000000000035308,1.2380034104782406e-15,0.6233091888805311,0.31807565962662915,0.5025150022120215,0.27279360115062445,40.56869753271921,4.48859843423778e-12,42.98362245258642,6.100823986460273e-12,1.0000000000422293,1.000000000035308,5.0365924835205085e-05,1.633167266845703e-05,1.0000000000054223,1.000000000073681,2.402067184448242e-05,1.3470649719238281e-05,101.0,0.8021519951967434,0.6976098906457925,1.0000000000000402,1.0000000000003824,1.0,1.0,1.0000000000000002,1.0000000000000016,1.0,1.0,1.0,1.0,1.0,1.0,3.5491912668493595,3.398521367859078,0.0,0.0
193,193.0,1.0000000001149092,1.000000000062362,1.2246301533822612e-15,0.5285566368023689,0.34555188514059404,0.21312434738501904,0.34803936787648126,42.529238304516774,1.092230885681133e-11,45.59956144441957,2.0035795922086594e-11,1.000000000114909,1.0000000000623621,5.4717063903808594e-05,1.7821788787841797e-05,1.0000000000358535,1.0000000000298426,2.855062484741211e-05,1.5020370483398438e-05,200.0,0.46452678468994374,0.36587760797358604,0.9999999999999695,1.0,1.0,1.0,0.9999999999999641,0.9999999999999726,1.0,1.0,1.0,1.0,1.0,1.0,4.5230507722280775,4.518136833550261,0.0,0.0
194,194.0,1.0000000000725846,1.0000000000796236,6.103531919359174e-16,0.5279140135634278,0.21370643371483306,0.1900941966450773,0.2520103882416151,42.22739117361965,1.247585745607155e-11,45.558873685586406,1.2765891633975733e-11,1.0000000000725844,1.0000000000796236,5.239248275756836e-05,1.7642974853515625e-05,1.0000000001147193,1.0000000000621787,2.5570392608642578e-05,1.4960765838623047e-05,201.0,0.46222522819752976,0.3726099615798084,0.9999999999999918,1.0000000000000955,1.0,1.0,0.9999999999997548,0.9999999999999999,1.0,1.0,1.0,1.0,1.0,1.0,5.628293256039246,4.838415797946314,0.0,0.0
195,195.0,1.0000000000137896,1.0000000000302771,6.251829655061332e-16,0.4785805404793923,0.37417580734472716,0.15358982339967042,0.12903477915097028,43.06537740457722,5.260038852571079e-12,46.7565506494371,2.8317916317865776e-12,1.0000000000137896,1.0000000000302771,5.6684017181396484e-05,1.8596649169921875e-05,1.0000000000670284,1.0000000000729683,3.039836883544922e-05,1.5974044799804688e-05,300.0,0.33367555561722106,0.2562807530811529,1.0000000000001201,1.0000000000000002,1.0,1.0,1.0,1.0,1.0,1.0,1.0,1.0,1.0,1.0,4.38659240172014,4.767036328574098,0.0,0.0
196,196.0,1.000000000012684,1.0000000000659977,9.054122738405485e-16,0.4781890632271003,0.23347886354895303,0.2785456232377328,0.23852160503156475,43.018494718803105,1.618206231685214e-11,46.23779836340197,8.538645462436058e-12,1.0000000000126845,1.0000000000659977,6.532669067382812e-05,1.9311904907226562e-05,1.0000000000137788,1.0000000000302223,3.123283386230469e-05,1.5974044799804688e-05,301.0,0.34584049997806643,0.26204184274762676,1.000000000001075,1.000000000001475,1.0,1.0,1.0,1.0000000000000004,1.0,1.0,1.0,1.0,1.0,1.0,4.676747112702632,4.376131322275415,0.0,0.0
197,197.0,1.0000000000078078,1.0000000000109108,1.3617365123025838e-15,0.4458268699842813,0.26502023905050004,0.23487334506353358,0.30944779294077307,43.35243849282605,2.091581845991502e-12,47.25039686632062,1.6312634370868403e-12,1.000000000007808,1.0000000000109108,5.9604644775390625e-05,1.931190490722656e-05,1.000000000013409,1.000000000061707,3.838539123535156e-05,1.7940998077392578e-05,400.0,0.27117034076251734,0.20174620821673273,1.0,1.0,1.0,1.0,1.0000000000000098,1.000000000000091,1.0,1.0,1.0,1.0,1.0,1.0,4.365213779029209,4.509416688180085,0.0,0.0
198,198.0,1.0000000000189782,1.0000000000264735,3.241796541116067e-16,0.445552092121882,0.31213962915353477,0.5283863574150018,0.3045810587354935,43.45536456709668,4.395823674959058e-12,47.16725319208595,3.738837099799968e-12,1.0000000000189786,1.0000000000264735,6.407499313354492e-05,2.2172927856445312e-05,1.0000000000078022,1.0000000000109204,3.319978713989258e-05,1.7344951629638672e-05,401.0,0.2704920819955281,0.2036833743649094,0.9999999999999916,1.000000000000054,1.0,1.0,1.0000000000000002,1.0000000000000184,1.0,1.0,1.0,1.0,1.0,1.0,4.593212247831968,4.981888455353143,0.0,0.0
199,199.0,1.0000000000413198,1.0000000000265163,5.988608948671142e-16,0.42189769351822,0.3208768112235702,0.30480742757208645,0.28100938134593884,43.84094498676301,7.035217952754424e-12,47.553524035231256,1.3692293448667697e-11,1.0000000000413198,1.0000000000265163,6.979703903198242e-05,2.092123031616211e-05,1.000000000017884,1.0000000000250622,4.416704177856445e-05,1.901388168334961e-05,500.0,0.23119614237941452,0.16494362295239598,0.9999999999999966,1.0000000000000324,1.0,1.0,0.9999999999999535,0.9999999999999999,1.0,1.0,1.0,1.0,1.0,1.0,3.578491041244954,3.8475005090966867,0.0,0.0
200,200.0,1.0000000000315246,1.0000000000824123,6.933408612283587e-16,0.4216890913810254,0.2970485735568218,0.3281324934214353,0.27525385719491163,43.715983233735855,2.9242535106168674e-11,47.576334378118865,7.341536085690302e-12,1.0000000000315246,1.0000000000824119,5.954504013061524e-05,2.1338462829589844e-05,1.0000000000414642,1.000000000026476,3.6656856536865234e-05,1.8537044525146484e-05,501.0,0.23073725291542677,0.16594366493358853,1.0000000000001823,1.0000000000001315,1.0,1.0,1.0,1.0,1.0,1.0,1.0,1.0,1.0,1.0,4.382946341420245,4.809005667328936,0.0,0.0
201,201.0,1.0000000000071632,1.0000000000087852,2.1378674771707555e-16,0.4032655770535694,0.3271255092113279,0.3345974790863692,0.13157855387544257,43.73903046816409,6.175138774977643e-12,47.205373998732234,1.706686674446263e-12,1.0000000000071636,1.0000000000087852,6.496906280517578e-05,2.2113323211669922e-05,1.000000000029172,1.0000000000794065,4.8995018005371094e-05,2.03251838684082e-05,600.0,0.20890519606306107,0.13969128862539698,0.9999999999998392,0.9999999999995683,1.0,1.0,0.9999999999999833,1.0000000000000002,1.0,1.0,1.0,1.0,1.0,1.0,4.275256747323652,4.388556012821046,0.0,0.0
202,202.0,1.0000000000229443,1.0000000000250733,5.343635325206973e-16,0.4030991103196303,0.23914984369184822,0.2081459051696583,0.2571227033622563,43.75508350409296,8.976205321752189e-12,47.19035469965567,5.699854825382103e-12,1.0000000000229448,1.0000000000250735,6.073713302612305e-05,2.3365020751953125e-05,1.0000000000071543,1.0000000000087876,3.898143768310547e-05,2.2530555725097656e-05,601.0,0.20856223400391152,0.14069498597293248,0.9999999999995397,0.9999999999994312,1.0,1.0,0.999999999999748,0.9999999999999494,1.0,1.0,1.0,1.0,1.0,1.0,4.500177627364122,4.53352911862689,0.0,0.0
203,203.0,1.0000000000318694,1.0000000000194198,5.227890618438813e-16,0.388134919107959,0.20562845125095913,0.16874118684791028,0.22535408235853532,43.807285079002384,8.645373581724847e-12,47.18203665300808,1.3554402360158529e-11,1.0000000000318698,1.0000000000194198,6.282329559326172e-05,2.3365020751953125e-05,1.0000000000221578,1.0000000000258342,4.315376281738281e-05,2.020597457885742e-05,700.0,0.18686502777173084,0.12176630787133386,0.999999999999815,0.9999999999998607,1.0,1.0,1.0,1.0,1.0,1.0,1.0,1.0,1.0,1.0,3.7340284931825396,3.691624546094645,0.0,0.0
204,204.0,1.0000000000152078,1.0000000000264113,4.0383183105345635e-16,0.3879974045003346,0.24021680530859155,0.1785612153471447,0.2517729189712554,43.82570303281453,1.496442704564332e-11,47.19197151719692,5.2148932795581316e-12,1.0000000000152076,1.000000000026411,6.765127182006836e-05,2.473592758178711e-05,1.0000000000318803,1.0000000000194083,4.547834396362305e-05,2.092123031616211e-05,701.0,0.1865982218017801,0.12273413476751292,1.000000000000362,1.0000000000001992,1.0,1.0,1.0,1.0,1.0,1.0,1.0,1.0,1.0,1.0,5.012809545312335,4.827988404919771,0.0,0.0
205,205.0,1.000000000000832,1.0000000000241047,6.691679646560571e-16,0.3754749996604944,0.2673190998029895,0.2569782473728992,0.19885740469908336,43.928666168176406,3.86421227659286e-11,47.88878568749394,9.57416271866716e-13,1.0000000000032399,1.0000000000323557,7.414817810058594e-05,2.431869506835937e-05,1.0000000000146771,1.0000000000258358,4.351139068603516e-05,2.1398067474365234e-05,800.0,0.1689703618138308,0.10847571939917727,1.0000000000002942,1.000000000000192,1.0,1.0,1.0000000000000002,1.0000000000000007,1.0,1.0,1.0,1.0,1.0,1.0,4.1156199801519735,4.435687708051427,0.0,0.0
206,206.0,1.0000000000000013,1.0000000000124372,4.061749558143214e-16,0.3753584829669757,0.08799904154147946,0.286975129856728,0.0996383179444819,43.80832283730152,5.5879428152485684e-11,47.8824163223528,1.4150136810827964e-13,1.000000000000583,1.0000000000438407,6.955862045288086e-05,2.4557113647460938e-05,1.000000000003236,1.0000000000323968,4.3392181396484375e-05,2.1457672119140625e-05,801.0,0.1687604084840917,0.1093610403547556,0.9999999999988463,0.9999999999988335,1.0,1.0,1.0000000000000002,1.0000000000000002,1.0,1.0,1.0,1.0,1.0,1.0,4.606706253861505,4.849518243508797,0.0,0.0
207,207.0,1.000000000000001,1.0000000000147153,6.780334427738387e-16,0.3646429747889114,0.20110575569560749,0.2587091370369307,0.0493174166185781,43.84600980005923,3.136781592605822e-11,47.59389690757655,6.407750327885937e-13,1.0000000000024336,1.0000000000184865,7.897615432739258e-05,2.580881118774414e-05,1.0000000000005664,1.0000000000426061,4.9054622650146484e-05,2.3663043975830078e-05,900.0,0.16267352839290478,0.09824611548116355,1.0000000000008602,1.000000000000628,1.0,1.0,0.9999999999999999,1.0,1.0,1.0,1.0,1.0,1.0,1.0,4.255055001467463,3.80413657324674,0.0,0.0
208,208.0,1.0000000000169815,1.0000000000352331,5.444504302880321e-16,0.3645423141927684,0.18617981841089198,0.16655858699232334,0.4438850416918285,44.04369950694742,4.9611148890267107e-11,47.58727284070212,2.5641681811943515e-11,1.0000000000267693,1.000000000083186,7.653236389160156e-05,2.7418136596679688e-05,1.0000000000024323,1.0000000000185698,6.127357482910156e-05,2.4616718292236328e-05,901.0,0.1624932518693512,0.09881469159648543,1.0000000000030707,1.0000000000023033,1.0,1.0,0.9999999999999996,0.9999999999999999,1.0,1.0,1.0,1.0,1.0,1.0,3.2405037742772125,3.2440586673612306,0.0,0.0
209,209.0,1.000000000008148,1.000000000020076,4.970043171928935e-16,0.3552126962473362,0.31959281070157886,0.2856392671819776,0.31904730072710663,44.02096601502784,1.8472679991525387e-11,47.54766428579022,4.488343223895521e-12,1.000000000008148,1.0000000000200757,7.659196853637695e-05,2.6762485504150387e-05,1.0000000000258953,1.0000000000799332,4.744529724121094e-05,2.419948577880859e-05,1000.0,0.1511841282774739,0.08961463151550082,0.9999999999998389,0.999999999999873,1.0,1.0,1.0000000000000007,1.0000000000000002,1.0,1.0,1.0,1.0,1.0,1.0,4.42592347290525,4.7009509842302695,0.0,0.0
210,210.0,1.0000000000086795,1.0000000000254738,7.930755676652615e-16,0.3551243897902343,0.31341351923765615,0.29479268391150976,0.1984679377055726,44.00854177170851,4.624472204554464e-11,47.55134521484634,6.24459478769575e-11,1.0000000001291174,1.0000000000476263,7.49826431274414e-05,3.11732292175293e-05,1.0000000000081424,1.0000000000200977,5.7578086853027344e-05,2.6524066925048825e-05,1001.0,0.15553623315077145,0.08990219413944107,0.9999999999900041,0.9999999999917223,1.0,1.0,1.0,1.0,1.0,1.0,1.0,1.0,1.0,1.0,3.728772522368879,4.560732101038051,0.0,0.0
211,211.0,1.0000000000318703,1.0000000000253102,8.110405258398571e-16,0.3468881195994428,0.167140569363255,0.2550499291392043,0.1747685081791132,44.198309093246756,3.218710305827133e-11,47.44847496439695,2.580626840927973e-11,1.000000000031871,1.0000000000253102,8.094310760498047e-05,3.0875205993652344e-05,1.00000000012641,1.0000000000445095,5.799531936645508e-05,2.562999725341797e-05,1100.0,0.14838833768239929,0.08232519244317996,0.9999999999993403,0.9999999999992787,1.0,1.0,1.0,1.0,1.0,1.0,1.0,1.0,1.0,1.0,4.068901747872253,4.2331347410762135,0.0,0.0
212,212.0,1.0000000000189881,1.0000000000232814,4.788715134696483e-16,0.3468096824842881,0.29037189472001046,0.1407436478766612,0.19872026261873538,44.150591294241615,2.511883342475716e-11,47.45919129771199,2.898853449829918e-11,1.0000000000339604,1.0000000000254683,8.094310760498047e-05,3.165006637573242e-05,1.0000000000319091,1.0000000000253677,7.200241088867188e-05,2.682209014892578e-05,1101.0,0.1496556974753022,0.08295342986786154,0.9999999999984381,0.9999999999985907,1.0,1.0,0.9999999999999716,0.9999999999999638,1.0,1.0,1.0,1.0,1.0,1.0,4.056728555869396,4.263091990514046,0.0,0.0
213,213.0,1.0000000000000002,1.0000000000162037,7.553432291811775e-16,0.3394558003380344,0.24404535436769947,0.2641203943639993,0.3387661130982451,44.14343678734475,8.474155494424752e-11,47.377039684706986,1.5353541997020214e-11,1.0000000000235651,1.0000000000340257,8.720159530639648e-05,3.272294998168945e-05,1.000000000032492,1.0000000000250373,5.6147575378417976e-05,2.634525299072266e-05,1200.0,0.14287515990900818,0.07659244566637895,0.9999999999950997,0.9999999999948185,1.0,1.0,1.0,1.0,1.0,1.0,1.0,1.0,1.0,1.0,4.13147913430902,3.829093707361761,0.0,0.0
214,214.0,1.0000000000021214,1.0000000000125617,4.993932299200097e-16,0.3393854103289965,0.3509257177938707,0.17934005043935025,0.31248175149085,44.13398754001664,5.54510996268832e-11,47.4526316357926,1.4661776054349604e-11,1.0000000000225857,1.0000000000750526,8.243322372436523e-05,2.8789043426513672e-05,1.000000000023507,1.0000000000339453,7.456541061401367e-05,2.688169479370117e-05,1201.0,0.1427571595090568,0.0768907498125739,0.9999999999990908,0.9999999999991007,1.0,1.0,0.9999999999999608,1.0,1.0,1.0,1.0,1.0,1.0,1.0,4.954727304743634,5.0960360993196,0.0,0.0
215,215.0,1.0000000000000038,1.00000000000802,4.447310852032151e-16,0.3360900161340426,0.24790878914063794,0.22382513195043424,0.13839901878964153,44.22268696431367,0.31198818721516564,47.91177561858146,0.22424830563895487,1.0560257378091413,1.1644329351755647,8.875131607055664e-05,3.641843795776368e-05,1.0000000000221905,1.0000000000744573,6.181001663208008e-05,2.8848648071289062e-05,1249.0,0.1418335019721147,0.07423926067337103,0.9999999999950313,0.9999999999966653,1.0,1.0,1.000000000000001,1.0000000000000009,1.0,1.0,1.0,1.0,1.0,1.0,4.91460647714307,5.055477415868948,0.0,0.0
216,216.0,1.000000000002016,1.0000000000150941,5.450929658951441e-16,0.3360230459172813,0.1945658714976161,0.2662950026569888,0.2685077272471971,44.17418780753987,0.2936644327523072,47.547144162700356,0.22408922110535834,1.055869512925411,1.1403793359359045,8.916854858398438e-05,3.129243850708008e-05,1.0558695130059919,1.164085330088325,6.949901580810547e-05,3.1113624572753906e-05,1250.0,0.14171951817160133,0.0745475011328288,0.9999999999943547,0.9999999999954791,1.0,1.0,1.0,1.0,1.0,1.0,1.0,1.0,1.0,1.0,4.48093881452661,4.788507545682064,0.0,0.0
217,217.0,1.0000000000192557,1.0000000000707883,4.509377120326162e-16,0.3327571283558825,0.32391699566505844,0.18283939990215003,0.12538347014924506,44.12018127617584,1.1195828814908815e-10,47.39079629255318,1.2588444190841888e-10,1.0000000000815987,1.0000000001276745,9.60230827331543e-05,3.427267074584961e-05,1.0564802174378356,1.1384638230401052,7.56978988647461e-05,3.260374069213867e-05,1300.0,0.13989660291031009,0.07204487295721225,0.9999999999996395,0.9999999999997294,1.0,1.0,1.0,1.0,1.0,1.0,1.0,1.0,1.0,1.0,5.0793716782906895,4.539569384270891,0.0,0.0
218,218.0,1.0000000000001994,1.0000000000368447,7.472540537680921e-16,0.3326934122920036,0.15380608540726826,0.33055921533377836,0.34893335157539696,44.10428824169948,9.658679239683999e-11,47.28363510302134,5.1396000565903586e-11,1.0000000000151137,1.0000000000618876,9.137392044067381e-05,3.5643577575683594e-05,1.0000000000815181,1.0000000001279634,7.021427154541016e-05,2.789497375488281e-05,1301.0,0.13978931117938,0.07218814332042227,0.9999999999975964,0.9999999999980277,1.0,1.0,1.0,1.0,1.0,1.0,1.0,1.0,1.0,1.0,4.381912708989471,4.180116161115411,0.0,0.0
219,219.0,1.0000000000000009,1.0000000000023437,1.4412551816294937e-15,0.3266712501926694,0.333839229424484,0.3363097154069692,0.34273753716843197,44.20322033951696,0.36210116504450734,47.20140658754045,0.3361133585521052,1.1024259025353136,1.1407613965008971,9.006261825561523e-05,3.9517879486083984e-05,1.0000000000149531,1.0000000000617186,5.990266799926758e-05,2.9861927032470703e-05,1400.0,0.13419186111807413,0.06727793322086476,0.9999999999975048,0.9999999999979728,1.0,1.0,0.9999999999999998,1.0,1.0,1.0,1.0,1.0,1.0,1.0,4.470531484947013,4.795314255944157,0.0,0.0
220,220.0,1.0000000000000009,1.000000000010989,3.5320253123387804e-16,0.3266131494789103,0.4912675723899156,0.2470308497431688,0.2229235781705938,44.26904265961774,0.4050851257236781,47.19363423492179,0.33603228961920073,1.1023937908427546,1.1885238363064219,9.441375732421875e-05,3.5643577575683594e-05,1.102393790847185,1.1408020203823734,6.175041198730469e-05,2.956390380859375e-05,1401.0,0.13409643720521797,0.06751965376113095,0.9999999999947515,0.9999999999955735,1.0,1.0,0.9999999999999998,1.0,1.0,1.0,1.0,1.0,1.0,1.0,4.499564958435343,4.698062383418515,0.0,0.0
221,221.0,1.000000000002419,1.000000000007225,1.3843646973446828e-15,0.321157476366158,0.2625258813495747,0.39791928412159905,0.2691183445858769,44.096155289650895,0.3673852220013228,47.27969815277423,0.4896266500562843,1.2739859852987723,1.1347528092915786,8.666515350341797e-05,4.0531158447265625e-05,1.0961232279632973,1.17956841545205,5.8770179748535156e-05,3.0517578125e-05,1499.0,0.1276435033837086,0.06329526043188849,0.999999999998199,0.9999999999983189,1.0,1.0,0.9999999999998599,0.9999999999999999,1.0,1.0,1.0,1.0,1.0,1.0,3.7703585172466276,3.6367633720782058,0.0,0.0
222,222.0,1.0,1.0000000000176268,4.539742520626721e-16,0.3211041146502072,0.3078406801214441,0.31393561768345535,0.2407450277241878,44.15135632103468,0.4089675120382554,47.2666776012938,0.4894051168200313,1.2581472723647762,1.1806985270206825,9.012222290039064e-05,4.082918167114258e-05,1.2737697098436849,1.1351974727032157,5.6624412536621094e-05,3.063678741455078e-05,1500.0,0.1275581060177015,0.06348989464516436,0.9999999999940984,0.999999999994899,1.0,1.0,1.0,0.9999999999999999,1.0,1.0,1.0,1.0,1.0,1.0,4.592797526204524,4.106406289587343,0.0,0.0
223,223.0,1.0000000000006943,1.0000000000067526,6.498416973486559e-16,0.3210507972362234,0.2985437270835973,0.24509092711377883,0.2610620511113666,44.16677618954829,0.3951623667563761,47.26877844234547,0.4893896644037568,1.2577197987677273,1.1660049550852907,0.000108361244201625,4.374980926513672e-05,1.257719798767756,1.180877687821174,6.133317947387695e-05,3.0338764190673828e-05,1501.0,0.1274734041357949,0.06365764158200317,0.9999999999986728,0.9999999999991749,1.0,1.0,1.0,0.9999999999999999,1.0,1.0,1.0,1.0,1.0,1.0,4.229766055411094,4.29812525572345,0.0,0.0
224,224.0,1.0,1.0000000000076756,1.3850637493972377e-15,0.3159811944718603,0.3859237143187783,0.43470726057421416,0.35576266056159506,44.16087373986609,0.44826415115730317,47.16712269548901,0.5502676149924691,1.3146206062279764,1.2242515627511794,0.0001051425933837879,3.9517879486083984e-05,1.251907566791742,1.1607334882893865,9.924173355097031e-05,3.3736228942871094e-05,1600.0,0.12249409259706688,0.059837640782846625,0.9999999999766739,0.9999999999863147,1.0,1.0,0.9999999999984506,0.999999999999399,1.0,1.0,1.0,1.0,1.0,1.0,4.31289895247327,4.189579341360235,0.0,0.0
225,225.0,1.0000000000000009,1.0,3.544971152103239e-16,0.315931995374305,0.32339587435126305,0.2429070795187726,0.2750365530373528,44.19547047320273,0.4809254583956062,47.43220380706018,0.5502988366977404,1.3153713451907436,1.280801386295368,8.702278137207031e-05,3.975629806518555e-05,1.3153713451907212,1.2249534409242453,8.803606033325195e-05,3.272294998168945e-05,1601.0,0.12241758594295125,0.05997331654158105,0.9999999999807802,0.9999999999874494,1.0,1.0,0.9999999999981302,0.9999999999971598,1.0,1.0,1.0,1.0,1.0,1.0,4.865975813086524,4.547284332756495,0.0,0.0
226,226.0,0.9984419692914553,0.9987207537514117,3.6601546166674517e-16,0.3112425034266634,0.2772333573666401,0.25061467388877645,0.17464715760434044,44.2852529072256,0.4802813147621099,47.07322616909769,0.5313935043375774,1.309975113869327,1.271266392419995,0.00010329484939574726,4.416704177856445e-05,1.311205306065155,1.2739047988791659,6.99758529663086e-05,3.236532211303711e-05,1700.0,0.11799796163993245,0.05657742703523885,0.901395833296407,0.9009798560704976,1.0,1.0,0.9714014868958867,0.958798715147521,1.0,1.0,1.0,1.0,1.0,1.0,3.9671561156559325,4.085089276528608,0.0,0.0
227,227.0,0.9987984114547196,0.9986916666791205,2.6800562550776974e-16,0.3111968834176072,0.3327165012015029,0.33533704397268593,0.2563325966475531,44.32045182318596,0.430081138334852,47.146874435806346,0.5284948668635585,1.296941727431914,1.2233491611776715,9.196996688842773e-05,4.4286251068115234e-05,1.3100940677264186,1.2713898039294256,6.908178329467773e-05,3.3736228942871094e-05,1701.0,0.11792862021791489,0.056713813759521975,0.8760896796144544,0.8665682080993766,1.0,1.0,0.971401486906343,0.9587987151398314,1.0,1.0,1.0,1.0,1.0,1.0,3.524112242486293,4.314657911927543,0.0,0.0
228,228.0,0.9961986404442891,0.9929824275648103,4.990306913423452e-16,0.3090456239459566,0.4040895192301832,0.3225653542904183,0.25613454409176484,44.206290332782416,0.48616127125771835,47.238470775129,0.6181726753595221,1.4059874980850455,1.2814480921614675,9.077787399291992e-05,4.112720489501953e-05,1.2996578391271645,1.2200970448205504,6.35385513305664e-05,3.2842159271240234e-05,1749.0,0.11751760520039335,0.055306416992673677,0.8591303658168558,0.8832843156961646,1.0,1.0,0.947997358075102,0.9925141564376969,1.0,1.0,1.0,1.0,1.0,1.0,4.072054500656542,4.258162814229966,0.0,0.0
229,229.0,0.9952005782223416,0.9930417574466097,1.1943595843260944e-16,0.3090015909429233,0.09618849324760956,0.20973145309835667,0.2306328585837036,44.2754289101593,0.4721862933313941,47.28250271991466,0.618242497460479,1.4056177545362127,1.248444587023296,8.791685104370117e-05,4.2319297790527344e-05,1.405617754433042,1.2813911864886391,9.077787399291992e-05,3.68952751159668e-05,1750.0,0.11942950412073111,0.05550622458297633,0.8368732818088886,0.8946777433121571,1.0,1.0,0.9355880071895503,0.9925141564504273,1.0,1.0,1.0,1.0,1.0,1.0,4.087745459986808,4.18197668154464,0.0,0.0
230,230.0,0.9936127763988424,0.9920436859992267,3.359577928256291e-16,0.3068390956699783,0.36900911020347843,0.12071614409796892,0.18277808261336753,44.15846330348002,0.48077778537190186,47.14531378494733,0.5979064202660337,1.3743815242278647,1.2789318582617577,9.73939895629883e-05,4.7326087951660156e-05,1.4027052032193392,1.2514545121459881,8.022785186767578e-05,3.618001937866211e-05,1800.0,0.1190375009908959,0.054130455317163303,0.9027121806190982,0.9274017961622314,1.0,1.0,0.9938906551918965,0.9913305061907823,1.0,1.0,1.0,1.0,1.0,1.0,4.521509698293089,5.0259885461196125,0.0,0.0
231,231.0,0.9928842186616078,0.9927839132163074,5.781950530516007e-16,0.3067966118897051,0.3601175671210512,0.12772383069386703,0.25939187762560323,44.2659878310335,0.45833965533849874,47.14334148136641,0.5979993959862124,1.3738253326425955,1.224818167169313,0.00012528896331785,5.829334259033203e-05,1.3738253326322996,1.2784484248699959,9.864568710327147e-05,3.7550926208496094e-05,1801.0,0.11897149945418882,0.054236030461918924,0.8873036451681285,0.9111824895937928,1.0,1.0,0.9938906552773825,0.9913305062832792,1.0,1.0,1.0,1.0,1.0,1.0,4.789537038578063,4.825274835448725,0.0,0.0
232,232.0,0.991764486254098,0.9881972884454295,4.134488027531243e-16,0.302730550517226,0.153092494001612,0.3144103214144707,0.2118189808097668,44.17910852304107,0.5387551601554474,46.95886884726511,0.5650260516909031,1.3238853373705832,1.3489432372245957,0.000102937221527025,4.3392181396484375e-05,1.367868052449424,1.218746499417633,7.289648056030273e-05,3.510713577270508e-05,1900.0,0.11430491757342642,0.05165744809150705,0.83303918373231,0.8130435935691291,1.0,1.0,0.86325720426852,0.8763772895956932,1.0,1.0,1.0,1.0,1.0,1.0,4.5953729551915785,4.350261277971969,0.0,0.0
233,233.0,0.9920765345406404,0.9903832187682012,7.131260721264238e-16,0.3026908351276517,0.4951307156588882,0.34215619502356276,0.40268110961187625,44.21060210702474,0.49724775117865516,46.96520777212279,0.5199715557215432,1.3007495417250756,1.3187106358570098,0.000112771987914975,4.184246063232422e-05,1.323641537196149,1.3494897680193807,0.00010621547698973672,3.5703182220458984e-05,1901.0,0.11494902957663652,0.05178271730613495,0.8364479565459084,0.8363162466347349,1.0,1.0,0.8494754004087931,0.8583964308437751,1.0,1.0,1.0,1.0,1.0,1.0,4.376950307685889,4.134201860524831,0.0,0.0
234,234.0,0.9808726060312541,0.9799811333369628,6.415083589644212e-16,0.2989204080047966,0.41602843638975173,0.1361450450494885,0.09855314076412465,44.14272497026185,0.49207969058167333,47.188689471058474,0.7439852508826144,1.5855163772223426,1.27370644455313,0.0001038312911986625,5.27501106262207e-05,1.301861467119328,1.3147849413179935,7.510185241699219e-05,3.892183303833008e-05,1999.0,0.11043996696336823,0.04935773518103645,0.8332044426974882,0.845010295716899,1.0,1.0,0.954192790088529,0.9259285458888371,1.0,1.0,1.0,1.0,1.0,1.0,4.23417936758627,4.764883129549985,0.0,0.0
235,235.0,0.9810642913263217,0.9786182977072246,8.332902115624849e-16,0.2988831291603971,0.2364176879636943,0.26920283591607586,0.039319013885687995,44.18645894825903,0.5174898930136596,47.18671896554676,0.7459059491196159,1.569943432390793,1.3096191271339603,0.00010275840759271134,4.750490188598633e-05,1.5855747006982854,1.2734248595442486,9.983777999873125e-05,3.8504600524902344e-05,2000.0,0.11143790753490215,0.049450289672306594,0.8693291990495603,0.869734608231106,1.0,1.0,0.9544520005410149,0.9786347185746594,1.0,1.0,1.0,1.0,1.0,1.0,4.5039721954799035,4.482899596608115,0.0,0.0
236,236.0,0.9976098438311606,0.9976098438311606,0.0,1.003110457464633,0.29213505308143795,0.08437583921477197,0.12733259436208752,7.329350702381441e-32,0.0,7.329350702381441e-32,0.0,0.9976098438311606,0.9976098438311606,7.450580596923828e-05,1.704692840576172e-05,1.0,1.0,2.4497509002685547e-05,1.2874603271484377e-05,0.0,3.120966477798486,7.152557368605984e-08,1.0,1.0193149276140243,1.0,0.75,1.0,1.0193149276140245,1.0,0.75,1.0,0.75,1.0,0.75,6.07937008082941,5.326109242418205,0.0,0.0
237,237.0,0.9962093754513559,0.9962093754513559,0.0,0.9584146563694088,0.17367681290488685,0.2369954065652564,0.30489380983635783,9.691113590965256e-32,0.0,6.107792251984536e-32,0.0,0.9962093754513559,0.9962093754513559,4.2319297790527344e-05,1.5437602996826172e-05,1.0,1.0,3.3795833587646484e-05,1.4066696166992188e-05,1.0,3.4363287531435796,2.2866306734973594,1.0,1.0155355218338307,0.75,0.0,1.0,1.0155355218338307,0.75,0.0,0.75,0.0,0.75,0.0,6.7294668526116075,5.727570568006001,0.0,0.0
238,238.0,1.0000000000109832,1.0000000000100804,2.4363227484829822e-15,0.8660254037844388,0.33002690813736985,0.3387437757919542,0.33710280450759456,1.1395533304374358e-31,0.0,4.071861501323024e-32,0.0,1.0000000000109832,1.0000000000100804,4.39286231994629e-05,1.5020370483398438e-05,1.1226100792982043,1.122610079298204,2.104043960571289e-05,1.4722347259521486e-05,4.0,3.0773914282464663,2.5077149592436205,0.9999999999999999,1.0000000000000173,1.0,1.0,1.0,1.0000000000001676,1.0,1.0,1.0,1.0,1.0,1.0,2.9640711883767907,3.15896289694133,0.0,0.0
239,239.0,1.0000000000168234,1.000000000018838,3.6998182295633345e-15,0.8435119877855236,0.46216877753613517,0.42445477109868074,0.28297179786022747,9.479831512249619e-32,0.0,3.6646753511907207e-32,0.0,1.0000000000168237,1.0000000000188383,5.131959915161133e-05,1.5974044799804688e-05,1.0000000000090106,1.000000000008113,2.2649765014648438e-05,1.329183578491211e-05,5.0,2.798637843045126,2.4466384773595147,0.9999999999999349,1.0000000000073364,1.0,1.0,0.9999999999999346,1.000000000007339,1.0,1.0,1.0,1.0,1.0,1.0,4.745138236073252,4.5058967644779715,0.0,0.0
240,240.0,0.9998861726534811,0.999886172640813,2.1986380969808898e-15,0.7754597309357558,0.57380919897696,0.3592573112109676,0.2681949798716232,10.830154989229056,0.05844270156272657,12.145489719637675,0.0648493470412995,1.000000000010507,1.000000000004385,4.57763671875e-05,1.5974044799804688e-05,1.0000000011479293,1.0000000011479226,2.026557922363281e-05,1.3053417205810547e-05,9.0,2.2603590148342696,1.9690237421488594,1.0026864257702566,1.0000000000011084,1.0,1.0,1.0026864258033341,1.0000000000010951,1.0,1.0,1.0,1.0,1.0,1.0,6.5217402714619706,7.188750500854718,0.0,0.0
241,241.0,1.0000000000051257,1.000000000002134,1.6005715271679341e-15,0.7621991222319221,0.4061388990958221,0.3722956789424643,0.3470899930689484,12.938242060274842,0.0837607259359904,14.30978056462271,0.051883811249921155,1.000000000005126,1.0000000000140665,4.4584274291992194e-05,1.5735626220703125e-05,1.0000000000255382,1.000000000021811,2.050399780273437e-05,1.2874603271484377e-05,10.0,2.466799603663636,2.1941617152481183,1.0000000000000282,1.000000000000075,1.0,1.0,1.0000000000000335,0.9999999999999918,1.0,1.0,1.0,1.0,1.0,1.0,3.5917031684013843,4.0108082936608325,0.0,0.0
242,242.0,1.0000000000047025,1.000000000003059,2.1634740782498116e-15,0.7184604381653621,0.3615882835001684,0.4970813810941763,0.5113961972529069,19.30972965839498,0.05767781472740065,20.15533930183227,0.059505977476626226,1.0000000000047025,1.0000000000204694,5.239248275756836e-05,1.5020370483398438e-05,1.0125225230843213,1.0237645797810093,2.3424625396728512e-05,1.4543533325195312e-05,14.0,2.238676478887413,1.9364480890350133,0.9999999999999996,1.0000000000000386,1.0,1.0,0.9999999999999754,1.0000000000000002,1.0,1.0,1.0,1.0,1.0,1.0,6.121374089046872,5.467668750055287,0.0,0.0
243,243.0,1.000000000026912,1.0000000000095057,1.3697376566312871e-15,0.7093062067523819,0.5285833329544403,0.3726495501468889,0.36285504198167473,20.528706540591536,3.421861266561521e-11,21.05405216129563,5.6212662302712604e-11,1.0000000000269123,1.0000000001425482,5.0902366638183594e-05,1.4960765838623047e-05,1.0000000005057823,1.000000000036527,2.110004425048828e-05,1.2874603271484377e-05,15.0,2.3529312876163906,2.0814038625257387,1.0,1.0000000000004965,1.0,1.0,1.0000000000007918,1.0000000000155826,1.0,1.0,1.0,1.0,1.0,1.0,3.780893961936799,4.058561303268822,0.0,0.0
244,244.0,1.0000000000794456,1.0000000001701164,1.3079815008865125e-15,0.6777015027073836,0.32549846143228933,0.33813199040014297,0.41931625560391694,24.40746130264601,0.03946325475246881,25.27466156103955,0.08394701048260239,1.0000000001041036,1.0000000001701164,5.221366882324219e-05,1.537799835205078e-05,1.0000000000680935,1.000000000137507,2.8848648071289062e-05,1.3828277587890625e-05,19.0,2.1385301340663085,1.930965864444518,1.0000000000004392,1.0000000000016347,1.0,1.0,1.0000000000013174,1.0000000000035154,1.0,1.0,1.0,1.0,1.0,1.0,4.098946345476001,4.433867180769489,0.0,0.0
245,245.0,1.0000000001429714,1.0000000000035147,1.687538997430238e-15,0.6708203932499369,0.5285713115008548,0.356730350991711,0.32463968527736137,25.56459249210006,6.1154092900750355e-12,26.107906376894363,5.227580368583062e-11,1.0000000001429714,1.0000000000035147,4.547834396362305e-05,1.621246337890625e-05,1.011951458450782,1.0000000004070497,2.312660217285156e-05,1.2874603271484377e-05,20.0,2.0414627734263804,2.153075640625659,1.0000000000000762,1.0000000000003617,1.0,1.0,0.9999999999999998,1.0000000000019802,1.0,1.0,1.0,1.0,1.0,1.0,4.814078222517139,4.53406447219756,0.0,0.0
246,246.0,1.0000000000059268,1.0000000001029865,2.7380059004358642e-15,0.621185814849828,0.4498729504994117,0.33450195158366114,0.25310653808992356,31.217289991020074,1.1880603527113966e-11,32.31457298168142,1.0054514410593727e-12,1.0000000000059268,1.0000000001029865,7.545948028564453e-05,1.5974044799804688e-05,1.000000000415689,1.0000000000251503,2.8848648071289062e-05,1.3947486877441406e-05,29.0,1.7938706098942028,1.7565033002335397,1.0000000000000002,1.0,1.0,1.0,0.9999999999999999,1.0000000000000009,1.0,1.0,1.0,1.0,1.0,1.0,3.2605600744348235,2.9645912414749516,0.0,0.0
247,247.0,1.0000000000143605,1.0000000000662597,1.2593101165033917e-15,0.6167004253507795,0.2668715920299291,0.41471830056980247,0.4975938916322775,31.879626350236396,2.336918119334135e-11,32.99218710409343,1.3104158234712925e-11,1.0000000000143605,1.0000000000662594,5.048513412475586e-05,1.5854835510253906e-05,1.0000000000057672,1.00000000010235,2.181529998779297e-05,1.3530254364013672e-05,30.0,1.8660206553946832,1.867298210603998,0.9999999999999998,1.000000000000776,1.0,1.0,0.9999999999999762,1.0000000000000002,1.0,1.0,1.0,1.0,1.0,1.0,4.939079569633218,4.399760112973461,0.0,0.0
248,248.0,1.0000000000471259,1.0000000000477935,1.0156805951844208e-15,0.5303300858899106,0.5800771286594681,0.33945746871177107,0.39448947372147813,37.127409773421576,2.5062875819853447e-11,39.349073652642886,2.2379756554891106e-10,1.0000000000700293,1.0000000001520535,5.239248275756836e-05,1.6033649444580078e-05,1.0000000000164462,1.000000000065583,2.1636486053466797e-05,1.3828277587890623e-05,59.0,1.0956996852342935,1.034893316565214,1.000000000000068,1.000000000000082,1.0,1.0,0.9999999999999999,1.0,1.0,1.0,1.0,1.0,1.0,1.0,3.607809601101689,3.862129633599827,0.0,0.0
249,249.0,1.0000000000132485,1.000000000031027,1.760130502886498e-15,0.5282784803734855,0.4095404407707974,0.36459843744523823,0.7082412126474082,37.88232120612542,4.146124939101543e-11,39.50951854388805,6.691361140389937e-12,1.0000000000365978,1.000000000264718,4.953145980834961e-05,1.5914440155029297e-05,1.0000000000702531,1.0000000001520333,2.253055572509766e-05,1.4603137969970703e-05,60.0,1.1081733151747255,1.0677617079447508,0.9999999999999661,0.9999999999999999,1.0,1.0,0.9999999999999257,0.9999999999998779,1.0,1.0,1.0,1.0,1.0,1.0,4.115069005665477,4.500859171959519,0.0,0.0
250,250.0,1.0000000000105271,1.0000000000094584,1.5114893463825347e-15,0.4685909905380384,0.3139502871199511,0.3785857261391356,0.19578081794315944,40.60326225678225,0.24039497654112507,43.117611845791174,0.2410040660273927,1.027682309279959,1.0295782244939125,5.185604095458985e-05,1.811981201171875e-05,1.0000000000334084,1.0000000002410117,2.402067184448242e-05,1.3947486877441406e-05,100.0,0.7390562835747714,0.6721929137208807,0.999999999999822,0.9999999999997313,1.0,1.0,1.0000000000000002,1.0,1.0,1.0,1.0,1.0,1.0,1.0,5.886205316223249,5.299506832181851,0.0,0.0
251,251.0,1.0000000000462173,1.000000000002979,1.2380034104782406e-15,0.4674818916603983,0.39695890498114744,0.4183903950615786,0.4046847998397425,40.56869753271921,0.2892512647765276,42.98362245258642,0.16148241692334267,1.012217709947386,1.0930000472803476,5.346536636352539e-05,1.6391277313232422e-05,1.0253499580588454,1.0271757054646886,2.2232532501220707e-05,1.3589859008789062e-05,101.0,0.8004015750470562,0.6958594704961054,0.999999999999948,0.9999999999999497,1.0,1.0,0.9999999999997327,1.0,1.0,1.0,1.0,1.0,1.0,1.0,3.5491912668493595,3.398521367859078,0.0,0.0
252,252.0,1.000000000002664,1.0000000000680445,1.2246301533822612e-15,0.3964174776017766,0.2731935728807002,0.2078960267244838,0.2248073899536393,42.529238304516774,0.1723376512702742,45.59956144441957,0.19241028743068614,1.0229897612904504,1.0134506127358807,6.848573684692383e-05,1.859664916992188e-05,1.012093276071535,1.129037080706833,3.045797348022461e-05,1.5020370483398438e-05,200.0,0.4635206603452291,0.36487148362887145,0.9999999999973771,0.9999999999978922,1.0,1.0,0.9999999999999516,0.9999999999999996,1.0,1.0,1.0,1.0,1.0,1.0,4.5230507722280775,4.518136833550261,0.0,0.0
253,253.0,1.000000000000002,1.0000000000006934,6.103531919359174e-16,0.3959355101725709,0.1942134911078028,0.24569142155814916,0.3108414788730442,42.22739117361965,0.3285271837204477,45.558873685586406,0.19164366675433706,1.0224112840369628,1.1640942286590568,5.59687614440918e-05,1.7404556274414062e-05,1.0224112841080966,1.012951327163645,3.0875205993652344e-05,1.627206802368164e-05,201.0,0.46122328934061213,0.3716080227228908,1.0,1.0,1.0,1.0,0.9999999999999996,0.9999999999999999,1.0,1.0,1.0,1.0,1.0,1.0,5.628293256039246,4.838415797946314,0.0,0.0
254,254.0,1.0000000000117433,1.0000000000092228,6.251829655061332e-16,0.3589354053595442,0.4007125929347239,0.1964868197683245,0.2321762687643058,43.06537740457722,0.3473878295053324,46.7565506494371,0.371785943068527,1.138311802091439,1.1328371053819957,6.705522537231445e-05,1.9133090972900387e-05,1.0157073502808873,1.171357597003882,3.540515899658203e-05,1.6629695892333984e-05,300.0,0.33296218346649564,0.25556738093042747,0.9999999999609267,0.9999999999740089,1.0,1.0,0.9999999999749457,0.9999999999708863,1.0,1.0,1.0,1.0,1.0,1.0,4.38659240172014,4.767036328574098,0.0,0.0
255,255.0,1.0000000000000024,1.0000000000000002,9.054122738405485e-16,0.3586417974203252,0.43587142520118505,0.2670415723114274,0.2654670323827304,43.018494718803105,0.41976652417300747,46.23779836340197,0.37427445797309633,1.142430162781394,1.182032388405493,5.650520324707032e-05,1.8358230590820312e-05,1.1416451786435364,1.131013842034097,3.129243850708008e-05,1.6391277313232422e-05,301.0,0.3451291659162074,0.2613305086857678,0.9999999999899696,0.9999999999989099,1.0,1.0,0.9999999999997647,0.9999999999998037,1.0,1.0,1.0,1.0,1.0,1.0,4.676747112702632,4.376131322275415,0.0,0.0
256,256.0,1.0000000000000009,1.000000000055294,1.3617365123025838e-15,0.334370152488211,0.3796116597368382,0.2611653044587001,0.10627663717605174,43.35243849282605,0.3814781319265885,47.25039686632062,0.40485673613447476,1.1683674840333211,1.1455734152418895,6.496906280517578e-05,1.9550323486328125e-05,1.1392123963444087,1.1835536020171604,5.489587783813477e-05,1.8537044525146488e-05,400.0,0.2706144469096692,0.20119031436388454,0.9999999999826154,0.9999999999876823,1.0,1.0,0.9999999999998618,0.9999999999999027,1.0,1.0,1.0,1.0,1.0,1.0,4.365213779029209,4.509416688180085,0.0,0.0
257,257.0,1.0000000000008902,1.0000000000140172,3.241796541116067e-16,0.3341640690914115,0.28504910401534284,0.23982035287190223,0.1655307451728731,43.45536456709668,0.3913849090885612,47.16725319208595,0.3757328159257987,1.1285126188798202,1.164547562928575,5.9843063354492194e-05,2.086162567138672e-05,1.1679257768798454,1.143504613612036,3.4689903259277344e-05,1.7344951629638672e-05,401.0,0.26993740008145406,0.20312869245083548,0.9999999999860774,0.9999999999876021,1.0,1.0,0.9999999999997606,0.9999999999997162,1.0,1.0,1.0,1.0,1.0,1.0,4.593212247831968,4.981888455353143,0.0,0.0
258,258.0,0.9972104112066584,0.9957786504243716,5.988608948671142e-16,0.316423270138665,0.2221665540710091,0.2317749769426882,0.33012373134260997,43.84094498676301,0.441980178557589,47.553524035231256,0.513662409797628,1.2487290942434865,1.2157475498114851,6.252527236938477e-05,2.1159648895263672e-05,1.118661850361645,1.149288308631258,4.881620407104492e-05,2.020597457885742e-05,500.0,0.23073926467660283,0.1644867452495843,0.8897328152152821,0.8835107405145395,1.0,1.0,0.8609312276192144,0.8536724168013322,1.0,1.0,1.0,1.0,1.0,1.0,3.578491041244954,3.8475005090966867,0.0,0.0
259,259.0,0.996840688275453,0.9962302037756539,6.933408612283587e-16,0.3162668185357691,0.24458786303875965,0.300284240511246,0.20517410017782817,43.715983233735855,0.41563088003385273,47.576334378118865,0.4044227858162198,1.1803328966870954,1.1927679474988508,6.711483001708984e-05,2.1159648895263672e-05,1.2469698302460648,1.2161109043886222,3.707408905029297e-05,1.9073486328124997e-05,501.0,0.23028118144203444,0.1654875934601962,0.9678316211507882,0.9752076749911607,1.0,1.0,0.9668804156259029,0.9635828182727079,1.0,1.0,1.0,1.0,1.0,1.0,4.382946341420245,4.809005667328936,0.0,0.0
260,260.0,0.963971910509746,0.9747036235455923,2.1378674771707555e-16,0.3024491827901771,0.32463898096466437,0.2653016849071718,0.23205672117182985,43.73903046816409,0.5092345729844542,47.205373998732234,0.7146616005405666,1.5843197882073867,1.3125702894224929,6.633996963500977e-05,2.282857894897461e-05,1.1561465977957026,1.1859943535388233,4.3511390686035156e-05,2.1636486053466797e-05,600.0,0.2085165874803242,0.1393026800426602,0.8029763349375802,0.8544853148641853,1.0,1.0,0.9097222479293435,0.90167899554427,1.0,1.0,1.0,1.0,1.0,1.0,4.275256747323652,4.388556012821046,0.0,0.0
261,261.0,0.9668345076458764,0.9664960976797803,5.343635325206973e-16,0.3023243327397227,0.23154724796768278,0.16721564374165607,0.163356572156772,43.75508350409296,0.4583469629920732,47.19035469965567,0.7192674942796767,1.580884262684291,1.2437862221873774,6.306171417236328e-05,2.372264862060547e-05,1.5856578213789692,1.3136132506720122,3.993511199951172e-05,2.038478851318359e-05,601.0,0.20817420181967844,0.14030695378869937,0.8007174701940064,0.8630195933720026,1.0,1.0,0.9133815163676793,0.8970019621418074,1.0,1.0,1.0,1.0,1.0,1.0,4.500177627364122,4.53352911862689,0.0,0.0
262,262.0,0.9491264993094255,0.9499156544129844,5.227890618438813e-16,0.2911011893309692,0.24351088609546423,0.23094934987602753,0.2553423393401317,43.807285079002384,0.5727538494090233,47.18203665300808,0.7353114957226243,1.5795838891546974,1.391157755599043,8.594989776611328e-05,2.616643905639648e-05,1.5393603456399836,1.2351480730507163,6.198883056640625e-05,2.330541610717773e-05,700.0,0.18652645940837667,0.12142773950797975,0.8101998467844695,0.7956933516645168,1.0,1.0,0.915147157478173,0.9313377978445545,1.0,1.0,1.0,1.0,1.0,1.0,3.7340284931825396,3.691624546094645,0.0,0.0
263,263.0,0.9491677508792951,0.9424163445174641,4.0383183105345635e-16,0.290998053375251,0.24599396216217426,0.26167788763996214,0.34521327592665324,43.82570303281453,0.5068647371173081,47.19197151719692,0.7353509991373376,1.5800849658213152,1.2823312855254971,8.416175842285156e-05,2.5033950805664062e-05,1.5794760379165576,1.3932553967243382,5.4001808166503906e-05,2.1159648895263672e-05,701.0,0.18626008675710326,0.12239599972283612,0.8480102398778193,0.8605110839065242,1.0,1.0,0.9151471574673662,0.9313377974032723,1.0,1.0,1.0,1.0,1.0,1.0,5.012809545312335,4.827988404919771,0.0,0.0
264,264.0,0.9295837238331286,0.9400783919012923,6.691679646560571e-16,0.2816062497453708,0.27124989021103824,0.2221259088837541,0.25904685765272006,43.928666168176406,0.533322994253547,47.88878568749394,0.8643402324724156,1.6535843349159207,1.3169129356206941,8.285045623779297e-05,2.384185791015625e-05,1.5671297860809281,1.261030288898559,3.826618194580078e-05,2.1457672119140625e-05,800.0,0.16867011037491308,0.10817546796025958,0.7592915502988399,0.8189395693282477,1.0,1.0,1.0109427070859058,0.9993734008116311,1.0,1.0,1.0,1.0,1.0,1.0,4.1156199801519735,4.435687708051427,0.0,0.0
265,265.0,0.927933366097816,0.9332444789457242,4.061749558143214e-16,0.2815188622252318,0.1477524505462497,0.14221907960018143,0.3205122076906263,43.80832283730152,0.5208537570191119,47.8824163223528,0.8639235386075996,1.6524905600846118,1.3253953808522982,7.545948028564453e-05,2.5451183319091797e-05,1.6526283811831155,1.3158663988249621,6.729364395141602e-05,2.4020671844482422e-05,801.0,0.1684604951028617,0.1090611269735256,0.7947420169671126,0.7866051611403759,1.0,1.0,1.0109427070871329,0.9993734008130482,1.0,1.0,1.0,1.0,1.0,1.0,4.606706253861505,4.849518243508797,0.0,0.0
266,266.0,0.8971231007343429,0.9326815796603114,6.780334427738387e-16,0.2734822310916835,0.28788484469987446,0.1088444114429876,0.3081469285534694,43.84600980005923,0.5146193983357156,47.59389690757655,0.8392702165195132,1.6757172858557832,1.3149757725524975,7.867813110351562e-05,2.7716159820556637e-05,1.627526776066834,1.3156004883533752,5.167722702026367e-05,2.3782253265380856e-05,900.0,0.16240359564174944,0.09797618273000815,0.7920134552206708,0.8382023188456875,1.0,1.0,0.8934554063340211,0.9754527057095465,1.0,1.0,1.0,1.0,1.0,1.0,4.255055001467463,3.80413657324674,0.0,0.0
267,267.0,0.8976905690614765,0.9257822607197753,5.444504302880321e-16,0.2734067356445763,0.29225160757778207,0.41673672560136765,0.3253886988386511,44.04369950694742,0.5020668912641221,47.58727284070212,0.8389632122678792,1.676469212522073,1.2620141363293722,9.745359420771797e-05,6.008148193359375e-05,1.6760330403409984,1.3150468742575123,5.716085433959961e-05,2.7000904083251953e-05,901.0,0.1622235904791738,0.09854503020630803,0.7027730333105837,0.7554483668676535,1.0,1.0,0.8932790934324706,0.9754614763270467,1.0,1.0,1.0,1.0,1.0,1.0,3.2405037742772125,3.2440586673612306,0.0,0.0
268,268.0,0.9022222458893365,0.9126553314438234,4.970043171928935e-16,0.2664095221855022,0.24984540004516018,0.4132457033265382,0.3487148531712591,44.02096601502784,0.5034851228615508,47.54766428579022,0.824499322344608,1.63787254455726,1.296832472743496,7.492303848266602e-05,3.409385681152344e-05,1.6723343920459484,1.2510416946170937,6.496906280517578e-05,2.5987625122070316e-05,1000.0,0.15093880662070422,0.08936930985873123,0.677969351582733,0.7173283635605072,1.0,1.0,0.9201082630738308,0.9068757622932347,1.0,1.0,1.0,1.0,1.0,1.0,4.42592347290525,4.7009509842302695,0.0,0.0
269,269.0,0.9081989304524964,0.9200175664094035,7.930755676652615e-16,0.2663432923426758,0.39099438785342494,0.3888755363295786,0.12940526154125104,44.00854177170851,0.5288786646842889,47.55134521484634,0.8305093426135814,1.6438290812571128,1.3084520031271443,9.322166442871095e-05,3.081560134887695e-05,1.6368355837437218,1.2960027712001008,5.9723854064941406e-05,2.5331974029541016e-05,1001.0,0.15529113429344543,0.08965709528211505,0.7540999302974539,0.7572856489618859,1.0,1.0,0.9209267449997274,0.9068757622959085,1.0,1.0,1.0,1.0,1.0,1.0,3.728772522368879,4.560732101038051,0.0,0.0
270,270.0,0.8840101324286807,0.8976546672402403,8.110405258398571e-16,0.2601660896995821,0.2980219622841105,0.3420693348743952,0.08604128943989048,44.198309093246756,0.5272925119110817,47.44847496439695,0.8059133379103615,1.6034522323497602,1.3037626583737456,9.48309898376465e-05,4.172325134277344e-05,1.6274760305471245,1.303071141748217,6.80088996887207e-05,2.640485763549805e-05,1100.0,0.14816340750747797,0.08210026226825864,0.7138890399075514,0.7444435246775768,1.0,1.0,0.8731911135402523,0.8530839122227554,1.0,1.0,1.0,1.0,1.0,1.0,4.068901747872253,4.2331347410762135,0.0,0.0
271,271.0,0.8845330262536163,0.8977173332731431,4.788715134696483e-16,0.2601072618632161,0.34861369570717216,0.30455111101036886,0.37593010987620795,44.150591294241615,0.48485135971346094,47.45919129771199,0.8053778552003165,1.6033457451032695,1.2996889430295637,8.511543273925781e-05,3.1113624572753906e-05,1.602719672312426,1.3034923762891983,6.723403930664062e-05,2.5987625122070312e-05,1101.0,0.14943095361698358,0.08272868600954292,0.6697559062416392,0.6799549296424016,1.0,1.0,0.8731911134799262,0.8530839122080811,1.0,1.0,1.0,1.0,1.0,1.0,4.056728555869396,4.263091990514046,0.0,0.0
272,272.0,0.8722096222383386,0.8830776848255538,7.553432291811775e-16,0.2545918502535258,0.2813642212422564,0.2739535645814612,0.15638781560119241,44.14343678734475,0.4974009541680942,47.377039684706986,0.7479024249070498,1.506938627230896,1.2746661935467056,8.535385131835938e-05,3.62396240234375e-05,1.5875120432939882,1.2895670709148468,5.8591365814208984e-05,2.801418304443359e-05,1200.0,0.142667411197598,0.07638469695496874,0.6541586535013024,0.6526843489777875,1.0,1.0,0.8168026204169282,0.8472620901301297,1.0,1.0,1.0,1.0,1.0,1.0,4.13147913430902,3.829093707361761,0.0,0.0
273,273.0,0.865011357002508,0.8895779226822386,4.993932299200097e-16,0.2545390577467474,0.46238195680780336,0.401561068254523,0.38102219678694377,44.13398754001664,0.5310683387208084,47.4526316357926,0.7592061057662386,1.5254365489720598,1.3197256065293643,8.434057235717773e-05,3.314018249511719e-05,1.5061270809324485,1.2746978719853863,6.014108657836914e-05,2.694129943847656e-05,1201.0,0.142549568993328,0.07668315929684517,0.7863449105382392,0.7987793536863107,1.0,1.0,0.8628739519993476,0.9143481443777218,1.0,1.0,1.0,1.0,1.0,1.0,4.954727304743634,5.0960360993196,0.0,0.0
274,274.0,0.848728329960402,0.8755609168242672,4.447310852032151e-16,0.2520675121005319,0.271194850676693,0.3203604918089695,0.1676767324679531,44.22268696431367,0.47780129973358143,47.91177561858146,0.8333594748678446,1.6115336220014687,1.255851463170701,0.00010502338409422305,3.3915042877197266e-05,1.5160603589078931,1.3124976499676326,6.461143493652344e-05,2.7179718017578125e-05,1249.0,0.14163322385335092,0.07403898255460731,0.6276274919110325,0.6383035661520398,1.0,1.0,0.9232562893183411,0.884740445939892,1.0,1.0,1.0,1.0,1.0,1.0,4.91460647714307,5.055477415868948,0.0,0.0
275,275.0,0.862008854011478,0.8847278009215658,5.450929658951441e-16,0.252017284437961,0.29479476623237133,0.3156405502813868,0.29491962335305283,44.17418780753987,0.5271779064423608,47.547144162700356,0.8175422344415482,1.6113399269436308,1.248688997468605,8.487701416015625e-05,3.355741500854492e-05,1.611339926942585,1.255406622925573,7.241964340209961e-05,2.7358531951904297e-05,1250.0,0.14151938676392034,0.07434736972514783,0.6673582443273843,0.6657775219477335,1.0,1.0,0.9027000894267843,0.9412845885259302,1.0,1.0,1.0,1.0,1.0,1.0,4.48093881452661,4.788507545682064,0.0,0.0
276,276.0,0.858815185706805,0.8732478014430454,4.509377120326162e-16,0.2495678462669118,0.2238876382471062,0.21915593126323069,0.2851234198897145,44.12018127617584,0.533026969324657,47.39079629255318,0.861782554973797,1.592991797531678,1.284960669052091,8.600950241088867e-05,3.343820571899414e-05,1.6007210751795333,1.2450600145999606,6.324052810668945e-05,2.753734588623047e-05,1300.0,0.1397035353696496,0.07185180541655178,0.6432094838297115,0.678842557854689,1.0,1.0,0.9378858071587834,0.8939114217246574,1.0,1.0,1.0,1.0,1.0,1.0,5.0793716782906895,4.539569384270891,0.0,0.0
277,277.0,0.8618278679584042,0.8794785290124911,7.472540537680921e-16,0.2495200592190027,0.41304676682921126,0.2942766033229418,0.2218209962593391,44.10428824169948,0.49276607017822754,47.28363510302134,0.8604216750741157,1.5928994973690807,1.272549420875864,9.387731552124022e-05,3.0934810638427734e-05,1.5927073451740559,1.2843421889057187,6.467103958129883e-05,3.057718276977539e-05,1301.0,0.1395963796898138,0.07199521183085607,0.7334908092250381,0.6864858483606942,1.0,1.0,0.9463867987208363,0.9175441014516184,1.0,1.0,1.0,1.0,1.0,1.0,4.381912708989471,4.180116161115411,0.0,0.0
278,278.0,0.841487882306608,0.8562206902113632,1.4412551816294937e-15,0.2450034376445021,0.13058581558289,0.1788137577823363,0.19116540451068428,44.20322033951696,0.535271682833064,47.20140658754045,0.6865119573488613,1.4605691048001448,1.3001073972679444,9.66191291809082e-05,3.4749507904052734e-05,1.5982370539617283,1.2528112502154807,5.501508712768555e-05,2.8789043426513672e-05,1400.0,0.13401148828442674,0.06709756038721736,0.6268585116293902,0.6696644570515704,1.0,1.0,0.7462391731727972,0.8042852652020458,1.0,1.0,1.0,1.0,1.0,1.0,4.470531484947013,4.795314255944157,0.0,0.0
279,279.0,0.8407246901948962,0.8614689738662344,3.5320253123387804e-16,0.2449598621091827,0.18214620958315206,0.1329179888707585,0.19075647753197694,44.26904265961774,0.49645367051248107,47.19363423492179,0.6866706860320348,1.4581642246088384,1.261634454970369,9.250640869140625e-05,4.3392181396484375e-05,1.4601259267890665,1.3006934834565773,5.936622619628907e-05,2.9742717742919922e-05,1401.0,0.13391618266519054,0.06733939922110352,0.6036610709963526,0.6454587538118128,1.0,1.0,0.7462391731727971,0.8041574519779964,1.0,1.0,1.0,1.0,1.0,1.0,4.499564958435343,4.698062383418515,0.0,0.0
280,280.0,0.8383565280457536,0.8487747973989669,1.3843646973446828e-15,0.2408681072746185,0.10919391486095262,0.17798667837632817,0.16193084453698242,44.096155289650895,0.5668152733671556,47.27969815277423,0.7165176181748525,1.4748707339992617,1.3404981425159341,0.0001018047332763039,5.328655242919922e-05,1.4525039792000671,1.2467050712683785,6.264448165893555e-05,3.2007694244384766e-05,1499.0,0.12747411619477744,0.06312587324295732,0.5617919543828007,0.6581705444199711,1.0,1.0,0.8334860846102836,0.8976152677754603,1.0,1.0,1.0,1.0,1.0,1.0,3.7703585172466276,3.6367633720782058,0.0,0.0
281,281.0,0.8371404310085853,0.8469137721388875,4.539742520626721e-16,0.2408280859876554,0.151191288488917,0.19482571055414152,0.17456672067055473,44.15135632103468,0.4839639323089566,47.2666776012938,0.713122834739519,1.4718297878411433,1.2592143904443467,0.0001099109649658,4.214048385620117e-05,1.4745321295729057,1.3405438816962003,6.03795051574707e-05,3.230571746826172e-05,1500.0,0.12738882279063582,0.06332061141809862,0.5850772832706806,0.6380130073541678,1.0,1.0,0.818592824874965,0.8976152676735187,1.0,1.0,1.0,1.0,1.0,1.0,4.592797526204524,4.106406289587343,0.0,0.0
282,282.0,0.8326940097032379,0.8494563009909326,6.498416973486559e-16,0.2407880979271675,0.23246121994452545,0.18601942248642442,0.17882189195370296,44.16677618954829,0.5803434758597998,47.26877844234547,0.7174728963376364,1.4707303653920667,1.2970837938476816,9.924173355098202e-05,5.2869319915771484e-05,1.4712261964577205,1.2594624203456475,6.103515625e-05,3.17692756652832e-05,1501.0,0.12730422473953706,0.06348846218574537,0.6460072522255672,0.6712299933941483,1.0,1.0,0.818907320167354,0.8976152677182538,1.0,1.0,1.0,1.0,1.0,1.0,4.229766055411094,4.29812525572345,0.0,0.0
283,283.0,0.819987671166751,0.8416478862903024,1.3850637493972377e-15,0.2369858958538952,0.2273625116795301,0.23267244378803295,0.21077385405078528,44.16087373986609,0.48515387805885263,47.16712269548901,0.6445243694167423,1.430340419882263,1.24565963358613,9.840726852412655e-05,4.267692565917969e-05,1.4634067900233978,1.2880691386217735,7.617473602294922e-05,3.534555435180664e-05,1600.0,0.12233458300689187,0.059678131192671596,0.5938114062411904,0.593214937276642,1.0,1.0,0.7283686239329016,0.7035500530465035,1.0,1.0,1.0,1.0,1.0,1.0,4.31289895247327,4.189579341360235,0.0,0.0
284,284.0,0.8183548496902029,0.8286762852344967,3.544971152103239e-16,0.2369489965307288,0.09904667886439711,0.16912632412277154,0.29360209731385106,44.19547047320273,0.4970609523690418,47.43220380706018,0.7236005393320206,1.4558165010025117,1.2523341293818442,0.00010693073272703438,4.220008850097656e-05,1.4300471249038997,1.245234657022409,7.075071334838867e-05,3.457069396972656e-05,1601.0,0.12225816824404705,0.05981389884267675,0.5546129854175329,0.6265553104028218,1.0,1.0,0.7718680455034581,0.7880583794541027,1.0,1.0,1.0,1.0,1.0,1.0,4.865975813086524,4.547284332756495,0.0,0.0
285,285.0,0.8150336036564334,0.8156441950044915,3.6601546166674517e-16,0.2334318775699975,0.24166464066365728,0.283052422106266,0.28083997080102563,44.2852529072256,0.5268927628260506,47.07322616909769,0.6598592553368167,1.4371117859287976,1.266110308346661,0.00010418891906731367,5.5789947509765625e-05,1.444961387078302,1.2370670821436256,8.404254913330078e-05,4.458427429199219e-05,1700.0,0.11784713299405852,0.05642659838936495,0.6037197578523172,0.6225304026715489,1.0,1.0,0.7396601319006387,0.7064105944108092,1.0,1.0,1.0,1.0,1.0,1.0,3.9671561156559325,4.085089276528608,0.0,0.0
286,286.0,0.818376624424683,0.8255039932651996,2.6800562550776974e-16,0.2333976625632054,0.23121963039739055,0.18241146992659196,0.12783237977419043,44.32045182318596,0.4946378227408197,47.146874435806346,0.678958962640691,1.4650138576725238,1.2911387358453377,0.00010311603546136249,4.112720489501953e-05,1.4372026389102022,1.2663461258627309,0.00011175870895379882,3.504753112792969e-05,1701.0,0.1177778734895754,0.056563067031182475,0.5357170265661597,0.567223068651031,1.0,1.0,0.7526985843441925,0.7117960165709967,1.0,1.0,1.0,1.0,1.0,1.0,3.524112242486293,4.314657911927543,0.0,0.0
287,287.0,0.8041393248845533,0.8127979997952638,4.990306913423452e-16,0.2317842179594674,0.3280851141316816,0.12924057029886166,0.1865441951667889,44.206290332782416,0.5021622185251053,47.238470775129,0.6757707606879964,1.432179689887938,1.246728564272927,0.000117540359497,5.7041645050048835e-05,1.457964823579037,1.2847502358794922,7.402896881103516e-05,3.504753112792969e-05,1749.0,0.11737068591667812,0.05515949770895838,0.582055705842726,0.5604518120649058,1.0,1.0,0.7230769180588976,0.7214007214300617,1.0,1.0,1.0,1.0,1.0,1.0,4.072054500656542,4.258162814229966,0.0,0.0
288,288.0,0.8064785471129847,0.8134958240971777,1.1943595843260944e-16,0.2317511932071925,0.3151002437807619,0.283279430004768,0.1948378478409722,44.2754289101593,0.4593914513700165,47.28250271991466,0.7317628074789432,1.4683506751072137,1.234571455997687,9.655952453613281e-05,4.494190216064454e-05,1.4316628819275539,1.2464483244073727,7.557868957519531e-05,3.5703182220458984e-05,1750.0,0.11928266245610943,0.05535938291835465,0.5509942192060943,0.5518654445536914,1.0,1.0,0.8108971343812158,0.8475873777372707,1.0,1.0,1.0,1.0,1.0,1.0,4.087745459986808,4.18197668154464,0.0,0.0
289,289.0,0.8028467512724692,0.8106361046424178,3.359577928256291e-16,0.2301293217524837,0.13017080514691765,0.04675807693274685,0.16486359020927915,44.15846330348002,0.5178859314552231,47.14531378494733,0.7098249437835016,1.4961445479310298,1.2763352073245633,9.888410568232148e-05,4.976987838745117e-05,1.4653278920130821,1.2284413124746216,6.115436553955078e-05,3.504753112792969e-05,1800.0,0.11889443581678663,0.053987390143054106,0.59522814974117,0.6007779236138276,1.0,1.0,0.8048378165069038,0.7698115495751217,1.0,1.0,1.0,1.0,1.0,1.0,4.521509698293089,5.0259885461196125,0.0,0.0
290,290.0,0.8026330390698322,0.8111877604042916,5.781950530516007e-16,0.2300974589172788,0.2351155985379591,0.13301121536642307,0.1520972835132852,44.2659878310335,0.5149581270087529,47.14334148136641,0.7096802565382316,1.492882261022735,1.280255146976922,9.72747802734375e-05,4.780292510986328e-05,1.495627641279854,1.27592536365762,8.58306884765625e-05,3.892183303833008e-05,1801.0,0.11882850777854193,0.054093038786272,0.6388708707500763,0.6488109906598264,1.0,1.0,0.8047636562364148,0.7559351693359505,1.0,1.0,1.0,1.0,1.0,1.0,4.789537038578063,4.825274835448725,0.0,0.0
291,291.0,0.789863235275942,0.8003439362869385,4.134488027531243e-16,0.2270479128879195,0.18685345153789962,0.20629127306165174,0.17155604757135728,44.17910852304107,0.4922515843912227,46.95886884726511,0.6648011630138749,1.408170429304924,1.2253523979938425,0.000103533267974775,5.322694778442383e-05,1.4777665608516688,1.2721073392591236,8.863210678100586e-05,4.5418739318847656e-05,1900.0,0.11416883787071262,0.05152136838879335,0.5828698197798869,0.6178311699022492,1.0,1.0,0.7313162244873583,0.6922390265757054,1.0,1.0,1.0,1.0,1.0,1.0,4.5953729551915785,4.350261277971969,0.0,0.0
292,292.0,0.7896509141865009,0.8029845397051869,7.131260721264238e-16,0.2270181263457387,0.21724791917949915,0.2670787110109813,0.2720046703470871,44.21060210702474,0.5262027164966749,46.96520777212279,0.6649003718853838,1.4080412745662032,1.2628652420718895,0.00011932849884025,6.079673767089844e-05,1.4080412745957187,1.2252756973581693,7.325410842895508e-05,4.410743713378906e-05,1901.0,0.11481301619929363,0.05164670392879205,0.5927325486091798,0.6500301279167707,1.0,1.0,0.7313162244111376,0.6921302710531252,1.0,1.0,1.0,1.0,1.0,1.0,4.376950307685889,4.134201860524831,0.0,0.0
293,293.0,0.7774508679978598,0.7995001949198753,6.415083589644212e-16,0.2241903060035974,0.11682282754918558,0.1246310508577153,0.13175258715637023,44.14272497026185,0.48512307967063795,47.188689471058474,0.793480002848127,1.5194317612985548,1.2453940402177963,0.000107765197753875,6.526708602905273e-05,1.3991130097534226,1.2577149238843568,6.937980651855469e-05,3.814697265625e-05,1999.0,0.11031014693812473,0.04922791515579295,0.5146166249764502,0.5676314827037475,1.0,1.0,0.8206161392700919,0.8408202251899564,1.0,1.0,1.0,1.0,1.0,1.0,4.23417936758627,4.764883129549985,0.0,0.0
294,294.0,0.7873409594132977,0.7958219701121736,8.332902115624849e-16,0.2241623468702978,0.1008206279366277,0.10523366328561676,0.12968120910227296,44.18645894825903,0.46963473038556625,47.18671896554676,0.741487536366935,1.4387143881159106,1.201745071296674,9.530782699584961e-05,5.704164505004883e-05,1.5193118776909427,1.245317736487207,6.639957427978516e-05,3.8564205169677734e-05,2000.0,0.11130814772970568,0.049320529867110094,0.5391088747585286,0.5694840562290829,1.0,1.0,0.8147071565607611,0.7958175229700534,1.0,1.0,1.0,1.0,1.0,1.0,4.5039721954799035,4.482899596608115,0.0,0.0
295,295.0,0.8564597621390021,0.8564597621390018,0.0,0.668740304976422,0.2089997745351866,0.10441313486080611,0.11105395195772862,7.329350702381441e-32,0.0,7.329350702381441e-32,0.0,0.8564597621390021,0.8564597621390018,8.690357208251954e-05,1.704692840576172e-05,1.0,1.0,2.020597457885742e-05,1.2636184692382812e-05,0.0,3.120966477798486,7.152557368605984e-08,0.9952467108100277,1.0104121524617677,0.0,0.0,0.9952467108100277,1.0104121524617677,0.0,0.0,0.0,0.0,0.0,0.0,6.07937008082941,5.326109242418205,0.0,0.0
296,296.0,0.8202765617404022,0.8202765617404013,0.0,0.6389431042462724,0.3654932870995253,0.25058250274742017,0.29560108832083637,9.691113590965256e-32,1.8503717077085938e-17,6.107792251984536e-32,0.0,0.8202765617404021,0.8202765617404015,5.328655242919922e-05,1.519918441772461e-05,0.8928863247247816,0.8928863247247806,2.038478851318359e-05,1.3053417205810547e-05,1.0,3.4288794529610422,2.279181373314822,1.0006550136016774,1.0308666243978142,0.0,0.0,1.0006550136016767,1.030866624397812,0.0,0.0,0.0,0.0,0.0,0.0,6.7294668526116075,5.727570568006001,0.0,0.0
297,297.0,0.9129173514407656,0.9129173514407729,2.4363227484829822e-15,0.5773502691896258,0.3930569912772625,0.2927419925690628,0.3721603829180821,1.1395533304374358e-31,2.158766992326693e-17,4.071861501323024e-32,9.25185853854297e-18,0.9129173514407656,0.9129173514407729,4.780292510986328e-05,1.5020370483398438e-05,1.0903057832460346,1.0903057832460248,1.990795135498047e-05,1.4424324035644531e-05,4.0,3.068252424667786,2.4985759556649407,1.0188574138161823,1.0017852537478475,0.75,0.0,1.018857413816185,1.0017852537478482,0.75,0.0,0.75,0.0,0.75,0.0,2.9640711883767907,3.15896289694133,0.0,0.0
298,298.0,0.9310236898126636,0.9310236898126467,3.6998182295633345e-15,0.5623413251903491,0.2762945182621479,0.24485753272892907,0.24756656156387175,9.479831512249619e-32,0.0,3.6646753511907207e-32,0.0,0.9310236898126636,0.9310236898126467,5.716085433959961e-05,1.519918441772461e-05,0.9764064453679651,0.976406445367979,1.9788742065429688e-05,1.239776611328125e-05,5.0,2.789771261396286,2.4377718957106755,1.0298600097404056,1.023592836560114,0.0,0.0,1.0298600097404098,1.0235928365601124,0.0,0.0,0.0,0.0,0.0,0.0,4.745138236073252,4.5058967644779715,0.0,0.0
299,299.0,0.8966591604497149,0.8943410301401793,2.1986380969808898e-15,0.5169731539571706,0.3184736889670603,0.26882629905594513,0.2982793650007806,10.830154989229056,0.09837610434483031,12.145489719637675,0.0920528731426063,0.9132621804828043,0.9338493115373516,4.941225051879883e-05,1.519918441772461e-05,0.947984086855655,0.9479840868556709,2.0623207092285156e-05,1.2636184692382812e-05,9.0,2.2527706572833064,1.9614353845978967,0.9830392826504463,1.0044997533137936,0.0,0.0,0.9804681846206479,1.0208464520824836,0.0,0.0,1.0,1.0,1.0,1.0,6.5217402714619706,7.188750500854718,0.0,0.0
300,300.0,0.9088810543843721,0.9046070704352567,1.6005715271679341e-15,0.5081327481546147,0.24320357869146386,0.22496594017138702,0.24843634816352278,12.938242060274842,0.12174694193918545,14.30978056462271,0.0964086874827273,0.9129509721002118,0.9181263857183449,4.774332046508789e-05,1.519918441772461e-05,0.9177520050462037,0.9450392016603331,2.038478851318359e-05,1.2814998626708986e-05,10.0,2.4594992601717354,2.1868613717562173,1.0314261270465295,1.0318129338326374,0.0,0.0,1.0223366684009627,1.0325946360506315,0.0,0.0,0.75,0.75,0.75,0.0,3.5917031684013843,4.0108082936608325,0.0,0.0
301,301.0,0.9153073386201324,0.9292479522029939,2.1634740782498116e-15,0.4789736254435747,0.3596354297478683,0.37324501684634015,0.4639667113078758,19.30972965839498,0.18778996445354917,20.15533930183227,0.16867963819412263,0.970083878554854,0.961603818912117,4.291534423828125e-05,1.4960765838623047e-05,0.9602221751482893,0.9506276009728212,2.1517276763916016e-05,1.3768672943115233e-05,14.0,2.2323509229029845,1.9301225330505847,0.9796845467885555,0.9913024491404243,0.0,0.0,0.9947041686845703,0.9940878073784447,0.0,0.0,1.0,1.0,1.0,1.0,6.121374089046872,5.467668750055287,0.0,0.0
302,302.0,0.9411261782031787,0.9145648963994232,1.3697376566312871e-15,0.4728708045015879,0.3785797655000351,0.39006831293227145,0.4292048513889312,20.528706540591536,0.1977324651578163,21.05405216129563,0.1739016472073187,1.0124411282742458,1.0089482769549192,4.0531158447265625e-05,1.5020370483398438e-05,1.0276962742491245,1.001466950491325,2.2709369659423828e-05,1.2636184692382812e-05,15.0,2.3468103657265518,2.0752829406359004,1.0089930180893514,1.0051655433816564,0.0,0.0,1.030606993972544,1.0231494399449754,0.0,0.0,1.0,1.0,1.0,1.0,3.780893961936799,4.058561303268822,0.0,0.0
303,303.0,0.9400798244381589,0.9553657232438661,1.3079815008865125e-15,0.4518010018049224,0.2861716437037103,0.2598286064458079,0.1370756327523849,24.40746130264601,0.17651504720016398,25.27466156103955,0.2117698838402257,1.0014322592184595,0.9919468478052064,4.500150680541992e-05,1.5676021575927734e-05,1.0859422664020755,1.0391404034562222,2.086162567138672e-05,1.3232231140136719e-05,19.0,2.1331066514870214,1.9255423818652306,0.9725588678616862,0.960890394727356,1.0,1.0,1.0222552860007523,1.041742286946833,0.75,0.0,1.0,1.0,1.0,1.0,4.098946345476001,4.433867180769489,0.0,0.0
304,304.0,0.9814469775979667,0.9826320327411832,1.687538997430238e-15,0.4472135954999579,0.10525088710710398,0.4632674058084376,0.29107292584376404,25.56459249210006,0.17468209756418113,26.107906376894363,0.1973638922490794,1.0219142620117267,1.0209357668487797,4.2438507080078125e-05,1.5020370483398438e-05,1.0251991131556886,1.0082318937445596,2.1576881408691406e-05,1.3768672943115233e-05,20.0,2.0361883279626554,2.1478011951619336,1.0016472702798822,0.9698760340729398,1.0,1.0,0.9711648533526863,0.9713151270816954,1.0,1.0,1.0,1.0,1.0,1.0,4.814078222517139,4.53406447219756,0.0,0.0
305,305.0,0.9738003677184077,0.9731306164901037,2.7380059004358642e-15,0.414123876566552,0.26093826472060755,0.5014005554257892,0.4676065120147541,31.217289991020074,0.2890321191598012,32.31457298168142,0.264515570384323,1.0858734386382127,1.1145887722376053,4.678964614868164e-05,1.6033649444580078e-05,1.1016918789167054,1.1009588115665643,2.2709369659423828e-05,1.33514404296875e-05,29.0,1.7896270027540382,1.7522596930933754,0.9824661482750385,0.9980320457462122,1.0,1.0,0.9172510337755743,0.9756973350266666,1.0,1.0,1.0,1.0,1.0,1.0,3.2605600744348235,2.9645912414749516,0.0,0.0
306,306.0,0.968680627563856,0.9661770730405193,1.2593101165033917e-15,0.4111336169005197,0.26108269853284577,0.42474774079164485,0.41249551629880443,31.879626350236396,0.24717845442177092,32.99218710409343,0.24962428481793675,1.0612100255801538,1.0091939920577624,4.8995018005371094e-05,1.5497207641601562e-05,1.0793056738555722,1.1174850439117672,2.6106834411621094e-05,1.329183578491211e-05,30.0,1.8618657088128137,1.8631432640221286,0.9318475700987876,0.9590788595672904,1.0,1.0,0.9385246597374628,0.971295976689124,1.0,1.0,1.0,1.0,1.0,1.0,4.939079569633218,4.399760112973461,0.0,0.0
307,307.0,0.9686508641800544,0.9550171093597993,1.0156805951844208e-15,0.3535533905932737,0.34126654302235687,0.34284883725922555,0.4720623543835245,37.127409773421576,0.3119067800930492,39.349073652642886,0.4705879435513669,1.2312587157908423,1.0804951178196247,4.500150680541992e-05,1.5854835510253906e-05,1.1812337446497339,1.1317693823237853,2.2947788238525387e-05,1.3530254364013672e-05,59.0,1.093073127614434,1.0322667589453545,0.8461617201006583,0.8176545062603832,1.0,1.0,0.8741897173442997,0.8560491646508496,1.0,1.0,1.0,1.0,1.0,1.0,3.607809601101689,3.862129633599827,0.0,0.0
308,308.0,0.9623036960701556,0.9698662217131918,1.760130502886498e-15,0.3521856535823236,0.18834271212108428,0.21758307697018603,0.4310803525149822,37.88232120612542,0.3637924668720369,39.50951854388805,0.49259085324606133,1.357789143671711,1.1231750498141106,4.7087669372558594e-05,1.5914440155029297e-05,1.2244858630440503,1.08029759646281,2.4199485778808594e-05,1.3828277587890623e-05,60.0,1.105578604917397,1.065166997687422,0.8799318033349287,0.8941835134723233,1.0,1.0,0.8910390968911063,0.9251280688922183,1.0,1.0,1.0,1.0,1.0,1.0,4.115069005665477,4.500859171959519,0.0,0.0
309,309.0,0.9388668411181702,0.9127264605424116,1.5114893463825347e-15,0.3123939936920256,0.3349753254442476,0.2526888863067142,0.2272522971616126,40.60326225678225,0.4138559993293429,43.117611845791174,0.5946683912147523,1.3243207516365048,1.1929217248346136,5.2809715270996094e-05,1.800060272216797e-05,1.3661129116137616,1.118532849724637,2.3245811462402344e-05,1.4007091522216797e-05,100.0,0.7372921929248486,0.670428823070958,0.8443149472605869,0.8213555186533443,1.0,1.0,0.9054943017506161,0.9104483673398712,1.0,1.0,1.0,1.0,1.0,1.0,5.886205316223249,5.299506832181851,0.0,0.0
310,310.0,0.9375877624828843,0.940961187333059,1.2380034104782406e-15,0.3116545944402655,0.3330307626165449,0.23088147648377344,0.46760243840981275,40.56869753271921,0.40072568648075424,42.98362245258642,0.600071160459803,1.387868808783264,1.1399309147181786,4.601478576660156e-05,1.5735626220703125e-05,1.3293551587085077,1.1908550424163822,2.4259090423583984e-05,1.430511474609375e-05,101.0,0.7986511548973692,0.6941090503464183,0.8278656833524406,0.8258119302059981,1.0,1.0,0.9097989032204289,0.9159691612401002,1.0,1.0,1.0,1.0,1.0,1.0,3.5491912668493595,3.398521367859078,0.0,0.0
311,311.0,0.8579410040779669,0.8782071461011477,1.2246301533822612e-15,0.2642783184011844,0.22051574144279584,0.35165670403512195,0.2628813031478785,42.529238304516774,0.5269172253349221,45.59956144441957,0.7126299474101845,1.4817370992926429,1.264734453795343,5.269050598144531e-05,1.7881393432617188e-05,1.378748689353684,1.1567403807783139,2.8789043426513672e-05,1.4781951904296877e-05,200.0,0.4625145360005146,0.363865359284157,0.7764740554562646,0.7933562669307005,1.0,1.0,0.869222573093905,0.8293891868265322,1.0,1.0,1.0,1.0,1.0,1.0,4.5230507722280775,4.518136833550261,0.0,0.0
312,312.0,0.8597879798324692,0.8879810016490541,6.103531919359174e-16,0.2639570067817139,0.15143873076885936,0.35091780428774655,0.2538356310687959,42.22739117361965,0.4495123630021919,45.558873685586406,0.7159026178420201,1.5090567029733073,1.1726264152750487,6.0439109802246094e-05,1.8835067749023438e-05,1.4870306569270082,1.2662080029631753,2.956390380859375e-05,1.5795230865478516e-05,201.0,0.4602213504836946,0.3706060838659732,0.7442646682228381,0.7817095176985851,1.0,1.0,0.9503447090799645,0.9639620180468792,1.0,1.0,1.0,1.0,1.0,1.0,5.628293256039246,4.838415797946314,0.0,0.0
313,313.0,0.7732433289985696,0.8544020011654208,6.251829655061332e-16,0.2392902702396961,0.24599584302632138,0.1301320230704732,0.1956901834346354,43.06537740457722,0.4914265755056736,46.7565506494371,0.802963097112389,1.5513619505825582,1.2393063922519703,6.23464584350586e-05,1.8596649169921875e-05,1.4793998594699764,1.1635549318325031,3.2007694244384766e-05,1.615285873413086e-05,300.0,0.3322488113157702,0.254854008779702,0.701194192234054,0.7281715274424232,1.0,1.0,0.865117842393333,0.9049389495019392,1.0,1.0,1.0,1.0,1.0,1.0,4.38659240172014,4.767036328574098,0.0,0.0
314,314.0,0.7715903010682326,0.8655237894903792,9.054122738405485e-16,0.2390945316135501,0.28056870453292504,0.30367894074879587,0.31686493766028434,43.018494718803105,0.577309914414549,46.23779836340197,0.8048976477447779,1.5713985266024908,1.2662975074733875,5.924701690673829e-05,1.9133090972900387e-05,1.5520474617458655,1.2381253395966714,3.272294998168945e-05,1.6450881958007812e-05,301.0,0.3444178318543483,0.2606191746239087,0.7675018343034696,0.8210651127117814,1.0,1.0,0.865821579727591,0.9049389495129365,0.75,1.0,1.0,1.0,1.0,1.0,4.676747112702632,4.376131322275415,0.0,0.0
315,315.0,0.7567395519146503,0.8120000610819524,1.3617365123025838e-15,0.2229134349921406,0.29962330183479935,0.2996823248104192,0.23317391279852012,43.35243849282605,0.5149673647322021,47.25039686632062,0.7093599365356,1.4785997365258388,1.1831671519666944,6.318092346191406e-05,2.0503997802734375e-05,1.5283406633571792,1.289349339977799,3.916025161743164e-05,1.7344951629638672e-05,400.0,0.2700585530568209,0.20063442051103625,0.7074909911630395,0.6575927200330169,1.0,1.0,0.8190290395351777,0.7793358678936045,1.0,1.0,1.0,1.0,1.0,1.0,4.365213779029209,4.509416688180085,0.0,0.0
316,316.0,0.7612973562280135,0.8013192238740564,3.241796541116067e-16,0.222776046060941,0.3041952089988626,0.2410528372856788,0.17656332219485193,43.45536456709668,0.5257528731039591,47.16725319208595,0.7116709217473038,1.4866806320325163,1.2117872378679828,5.59687614440918e-05,1.931190490722656e-05,1.4820891844751942,1.1848482523658712,3.451108932495117e-05,1.6927719116210938e-05,401.0,0.2693827181673802,0.20257401053676147,0.6980885305077347,0.6875529889363032,1.0,1.0,0.868240606831077,0.859386210421699,1.0,1.0,1.0,1.0,1.0,1.0,4.593212247831968,4.981888455353143,0.0,0.0
317,317.0,0.7269997802993008,0.768619022787904,5.988608948671142e-16,0.21094884675911,0.30453189066611225,0.3030299825477414,0.18180211528670043,43.84094498676301,0.5092005976244073,47.553524035231256,0.7444759128416594,1.4019676307090323,1.227377513115162,6.181001663208008e-05,2.1576881408691406e-05,1.4627375839292114,1.1961954708961984,3.707408905029297e-05,1.811981201171875e-05,500.0,0.2302823869737911,0.16402986754677257,0.6075680417931819,0.6716623253134049,1.0,1.0,0.7318678732519275,0.6994533487685628,1.0,1.0,1.0,1.0,1.0,1.0,3.578491041244954,3.8475005090966867,0.0,0.0
318,318.0,0.7297959649359906,0.7666443516273913,6.933408612283587e-16,0.2108445456905127,0.18867803789908064,0.24548533681081605,0.08215589309111235,43.715983233735855,0.5180342880437224,47.576334378118865,0.6756904999923397,1.4032493045915029,1.2014821355658893,6.252527236938477e-05,2.1398067474365234e-05,1.4010375170954836,1.2278276182857564,3.546476364135742e-05,1.901388168334961e-05,501.0,0.22982510996864206,0.16503152198680385,0.6374878539524316,0.6776864127550455,1.0,1.0,0.7288390547111675,0.7383465255771076,1.0,1.0,1.0,1.0,1.0,1.0,4.382946341420245,4.809005667328936,0.0,0.0
319,319.0,0.6905219696383478,0.7208205782502218,2.1378674771707555e-16,0.2016327885267847,0.25948080699890846,0.20854562066961074,0.22647926578065375,43.73903046816409,0.45879800730491865,47.205373998732234,0.7279829446326724,1.3740900338451483,1.127718986281776,6.896257400512695e-05,2.3484230041503903e-05,1.38653123330148,1.1681798560150252,3.987550735473633e-05,1.901388168334961e-05,600.0,0.20812797889758738,0.1389140714599234,0.5301531023929469,0.6039618264486293,1.0,1.0,0.7876744773267188,0.8169456036853759,1.0,0.75,1.0,1.0,1.0,1.0,4.275256747323652,4.388556012821046,0.0,0.0
320,320.0,0.6908495351427888,0.7248946249660619,5.343635325206973e-16,0.2015495551598151,0.3295323268393986,0.34364100761013106,0.21670804027235127,43.75508350409296,0.4687926967943953,47.19035469965567,0.6756422055131128,1.3453552857766693,1.1506624086099346,6.622076034545898e-05,2.187490463256836e-05,1.3744367519535878,1.1293490694531756,3.820657730102539e-05,1.990795135498047e-05,601.0,0.20778616963544533,0.13991892160446637,0.5589547930164267,0.6037527724368066,1.0,1.0,0.7261957596423354,0.7113732329571729,1.0,1.0,1.0,1.0,1.0,1.0,4.500177627364122,4.53352911862689,0.0,0.0
321,321.0,0.6819439477432969,0.7020088525901852,5.227890618438813e-16,0.1940674595539795,0.2085033037001267,0.2427675861981697,0.3272946005454287,43.807285079002384,0.5549216166875713,47.18203665300808,0.7818716920519712,1.412745589500468,1.2455585984334023,7.158517837524414e-05,2.402067184448242e-05,1.306437040265556,1.1414302413602035,4.303455352783203e-05,2.1219253540039062e-05,700.0,0.18618789104502256,0.12108917114462564,0.5912341477657597,0.6446621221471338,1.0,1.0,0.8852161237025102,0.811627499240168,1.0,1.0,1.0,1.0,1.0,1.0,3.7340284931825396,3.691624546094645,0.0,0.0
322,322.0,0.6824507588787437,0.7091114320416618,4.0383183105345635e-16,0.1939987022501673,0.27411235211184243,0.32398989802459255,0.27998762356583023,43.82570303281453,0.5131687979659898,47.19197151719692,0.7315016958104132,1.3923770838693459,1.1432252356360002,6.461143493652344e-05,2.4616718292236328e-05,1.4113885573414588,1.245163456460234,4.565715789794922e-05,2.09808349609375e-05,701.0,0.18592195171242648,0.12205786467815923,0.593055807794124,0.5844071589808999,1.0,1.0,0.850846659074604,0.7857602393043138,1.0,1.0,1.0,1.0,1.0,1.0,5.012809545312335,4.827988404919771,0.0,0.0
323,323.0,0.6419408083201463,0.6797926221342916,6.691679646560571e-16,0.1877374998302472,0.2169342500274069,0.22732335206819693,0.2019239642540924,43.928666168176406,0.4838169415321121,47.88878568749394,0.7479807785343725,1.329442836799386,1.109839817492395,7.045269012451172e-05,2.5510787963867188e-05,1.381425755852394,1.1223498861470442,4.70280647277832e-05,2.1219253540039062e-05,800.0,0.16836985893599538,0.10787521652134188,0.5521910143237032,0.5672239529394462,1.0,1.0,0.8168789480972334,0.8208930959755548,0.0,0.0,1.0,1.0,1.0,1.0,4.1156199801519735,4.435687708051427,0.0,0.0
324,324.0,0.6414763630342002,0.6947869844778802,4.061749558143214e-16,0.1876792414834878,0.22656446078326553,0.23014983709435907,0.25616656249621883,43.80832283730152,0.5310512141763462,47.8824163223528,0.748230354946426,1.329838521343887,1.1353681801086135,6.848573684692383e-05,2.4557113647460938e-05,1.3298385217858453,1.1091539710961396,3.612041473388672e-05,2.1755695343017578e-05,801.0,0.1681605817216317,0.10876121359229553,0.5772157977629794,0.6096912270461428,1.0,1.0,0.8179736136118588,0.8208930959802276,0.0,0.0,1.0,1.0,1.0,1.0,4.606706253861505,4.849518243508797,0.0,0.0
325,325.0,0.6239280692401472,0.6837975348942436,6.780334427738387e-16,0.1823214873944557,0.29884574474999676,0.36518683342728764,0.26246324810199434,43.84600980005923,0.5049023326398188,47.59389690757655,0.8355482430567023,1.404941124537884,1.1263966258587,7.05718994140625e-05,2.8908252716064453e-05,1.3091539756172665,1.1394472182751862,4.810094833374024e-05,2.3603439331054688e-05,900.0,0.16213366289059405,0.09770624997885277,0.5413220031381223,0.5880764359805657,1.0,1.0,0.8524194815346893,0.8856677707803245,0.75,0.0,1.0,1.0,1.0,1.0,4.255055001467463,3.80413657324674,0.0,0.0
326,326.0,0.6211967715293352,0.6756936245383249,5.444504302880321e-16,0.1822711570963842,0.42760062293382356,0.25289520120713854,0.26205257262336085,44.04369950694742,0.48824827440234847,47.58727284070212,0.8350368948832775,1.4038234060477461,1.1079006617457257,7.706880569458008e-05,3.248453140258789e-05,1.4038234060477497,1.125626578266318,4.863739013671875e-05,2.276897430419922e-05,901.0,0.1619539290889964,0.09827536881613062,0.5609687131718563,0.6117990257283056,1.0,1.0,0.8496354637033285,0.8909804497808426,0.0,0.0,1.0,1.0,1.0,1.0,3.2405037742772125,3.2440586673612306,0.0,0.0
327,327.0,0.6364151031655811,0.6608724953042389,4.970043171928935e-16,0.1776063481236681,0.1464082059101201,0.07511016965145242,0.1259291472379118,44.02096601502784,0.48538760298571487,47.54766428579022,0.7924857127345044,1.3486478738225773,1.102316035826842,7.432699203491211e-05,2.855062484741211e-05,1.3930981650801544,1.0994624267951005,5.269050598144531e-05,2.5093555450439453e-05,1000.0,0.15069348496393462,0.08912398820196163,0.537952768020268,0.5480758084011048,1.0,1.0,0.8353717414343536,0.8519844225195933,0.0,0.0,1.0,1.0,1.0,1.0,4.42592347290525,4.7009509842302695,0.0,0.0
328,328.0,0.6344371422068028,0.6555104608029823,7.930755676652615e-16,0.1775621948951171,0.1957041096757166,0.2571689910255372,0.20988356100860978,44.00854177170851,0.5052468293952437,47.55134521484634,0.7848716178829662,1.3379978513133604,1.1279035813061498,7.474422454833984e-05,2.9265880584716797e-05,1.3477645749610956,1.1020901883325738,5.2928924560546875e-05,2.431869506835937e-05,1001.0,0.15504603543611936,0.08941199642478909,0.5365786725091428,0.5820119259987657,1.0,1.0,0.830894499439696,0.850672566234577,0.75,0.0,1.0,1.0,1.0,1.0,3.728772522368879,4.560732101038051,0.0,0.0
329,329.0,0.6078370273604308,0.644368085413423,8.110405258398571e-16,0.1734440597997214,0.1832839275593869,0.16092812421265987,0.19636415399145327,44.198309093246756,0.5218363484107224,47.44847496439695,0.7529169859659048,1.357259932491491,1.1306207580358332,7.683038711547852e-05,3.075599670410156e-05,1.3430743772481981,1.1161454178361627,5.453824996948242e-05,2.5212764739990234e-05,1100.0,0.14793847733255666,0.08187533209333735,0.5575915470870436,0.596918457558338,1.0,1.0,0.789034931509141,0.7207471043849636,1.0,1.0,1.0,1.0,1.0,1.0,4.068901747872253,4.2331347410762135,0.0,0.0
330,330.0,0.608057309915822,0.6512889118851972,4.788715134696483e-16,0.173404841242144,0.47482521226629615,0.23696360475150866,0.2113681998453103,44.150591294241615,0.4683122696938903,47.45919129771199,0.7557220814849435,1.3559879229178418,1.0596203650631102,8.410215377807617e-05,3.349781036376953e-05,1.357274160536576,1.1299787868749716,6.0558319091796875e-05,2.717971801757812e-05,1101.0,0.1492062097586649,0.08250394215122425,0.5201209920358154,0.5473775762432933,1.0,1.0,0.8215361322316963,0.712635195724665,1.0,0.0,1.0,1.0,1.0,1.0,4.056728555869396,4.263091990514046,0.0,0.0
331,331.0,0.6124856377622642,0.6252531793529126,7.553432291811775e-16,0.1697279001690172,0.2727806693874299,0.21969479852123183,0.2508518458344042,44.14343678734475,0.45949408641690564,47.377039684706986,0.6981760757425044,1.2477438500020408,1.0650178172816487,9.268522262573244e-05,3.224611282348633e-05,1.3451928697698867,1.0494274533408339,5.412101745605469e-05,2.6702880859374997e-05,1200.0,0.1424596624861877,0.07617694824355854,0.5131158749374674,0.5257911407775773,1.0,1.0,0.691222069097982,0.7917851795085196,1.0,1.0,1.0,1.0,1.0,1.0,4.13147913430902,3.829093707361761,0.0,0.0
332,332.0,0.6094404053066329,0.640022232382854,4.993932299200097e-16,0.1696927051644982,0.4194778293604031,0.2607452411320991,0.2759960956173017,44.13398754001664,0.47877439334585736,47.4526316357926,0.6963533717061684,1.2442644515595043,1.0775296802541803,8.100271224975586e-05,3.439188003540039e-05,1.2470444245231225,1.0649922947400565,6.145238876342773e-05,2.79545783996582e-05,1201.0,0.14234197847759927,0.07647556878111639,0.49531277270231155,0.5589408385382781,1.0,1.0,0.7050269787203737,0.7907769110277685,0.75,1.0,1.0,1.0,1.0,1.0,4.954727304743634,5.0960360993196,0.0,0.0
333,333.0,0.5917965605779512,0.6291812886544991,4.447310852032151e-16,0.1680450080670213,0.2347425933694467,0.22632753616198897,0.2780698034912347,44.22268696431367,0.4869027673689137,47.91177561858146,0.6597451762144138,1.2072156287805322,1.0737740674221234,8.147954940795898e-05,3.212690353393555e-05,1.2360185254018003,1.0696761507695862,5.4001808166503906e-05,3.522634506225586e-05,1249.0,0.1414329457345872,0.07383870443584353,0.4982581777622614,0.5265875831281447,1.0,1.0,0.6982861119326311,0.7226648398074529,1.0,1.0,1.0,1.0,1.0,1.0,4.91460647714307,5.055477415868948,0.0,0.0
334,334.0,0.5965233598784269,0.640037866239902,5.450929658951441e-16,0.1680115229586406,0.25217753223842004,0.2856940132332966,0.20927430660231036,44.17418780753987,0.4713331109383089,47.547144162700356,0.6029268857108959,1.2024743393408341,1.0737763593825143,8.004903793334961e-05,3.319978713989258e-05,1.2065752083304964,1.0735924065002411,5.233287811279297e-05,2.688169479370117e-05,1250.0,0.1413192553562394,0.07414723831746682,0.5229257305797648,0.5489662337592611,1.0,1.0,0.6378909747075102,0.65206360277391,1.0,1.0,1.0,1.0,1.0,1.0,4.48093881452661,4.788507545682064,0.0,0.0
335,335.0,0.5932947663657994,0.6145225702465209,4.509377120326162e-16,0.1663785641779412,0.35201629204675555,0.2899863087222911,0.17715801630401984,44.12018127617584,0.5413669331655284,47.39079629255318,0.7335752703163944,1.3031413332197308,1.1371871471369857,8.165836334228516e-05,3.439188003540039e-05,1.1874924415139287,1.0623655701162649,5.412101745605469e-05,2.8133392333984375e-05,1300.0,0.1395104678289892,0.07165873787589136,0.5758172746560448,0.6224173990142794,1.0,1.0,0.7166203475363719,0.7256730396305741,1.0,0.75,1.0,1.0,1.0,1.0,5.0793716782906895,4.539569384270891,0.0,0.0
336,336.0,0.6009112941604668,0.6187449000901999,7.472540537680921e-16,0.1663467061460018,0.23009163222741327,0.14809428935404867,0.36213878373382613,44.10428824169948,0.4915524840765302,47.28363510302134,0.6034905700678235,1.1870922351773587,1.0805703453712487,8.594989776611328e-05,3.606081008911133e-05,1.3029818028492783,1.1366130013971154,5.3882598876953125e-05,2.801418304443359e-05,1301.0,0.13940344820024758,0.0718022803412898,0.5153328200645655,0.5547851422475637,1.0,1.0,0.6186199694544252,0.633570183768281,1.0,1.0,1.0,1.0,1.0,1.0,4.381912708989471,4.180116161115411,0.0,0.0
337,337.0,0.582101895537436,0.6110251137783412,1.4412551816294937e-15,0.1633356250963347,0.17777440685313192,0.17345460597425696,0.1371758708846755,44.20322033951696,0.4881429651308803,47.20140658754045,0.6777133997098983,1.2230044783687684,1.0684542213461745,9.185075759887695e-05,4.26173210144043e-05,1.173836247830787,1.0738954089976867,6.175041198730469e-05,2.962350845336914e-05,1400.0,0.13383111545077936,0.06691718755356996,0.5122690837536483,0.5337329903432325,1.0,1.0,0.7063636398165132,0.717312763151404,1.0,0.75,1.0,1.0,1.0,1.0,4.470531484947013,4.795314255944157,0.0,0.0
338,338.0,0.5819010145240304,0.610438492693214,3.5320253123387804e-16,0.1633065747394551,0.2385248074424453,0.19675947917858133,0.20850109145976603,44.26904265961774,0.4659812485569007,47.19363423492179,0.6769170381062345,1.2222814134304134,1.0510891098657766,8.45193862915039e-05,3.6835670471191406e-05,1.2227742185743782,1.067955728976248,6.687641143798828e-05,3.063678741455078e-05,1401.0,0.13373592812516308,0.06715914468107605,0.5022268456538137,0.5357623781003108,1.0,1.0,0.7062560063115255,0.7170390339608576,1.0,0.75,1.0,1.0,1.0,1.0,4.499564958435343,4.698062383418515,0.0,0.0
339,339.0,0.5873686284714837,0.5952316419948631,1.3843646973446828e-15,0.160578738183079,0.1961353017832152,0.21165160305099556,0.31225594575516874,44.096155289650895,0.5225362874123787,47.27969815277423,0.7219404154655511,1.252557771545964,1.0706464488478475,0.0001271963119506,4.291534423828125e-05,1.2176704333916613,1.0411115459838267,6.526708602905273e-05,3.2782554626464844e-05,1499.0,0.12730472900584636,0.06295648605402622,0.5126409726713449,0.5503051282896778,1.0,1.0,0.7628506027960511,0.7714685930569042,1.0,0.0,1.0,1.0,1.0,1.0,3.7703585172466276,3.6367633720782058,0.0,0.0
340,340.0,0.5872845673335754,0.5949818406445008,4.539742520626721e-16,0.1605520573251036,0.23938934935722495,0.29598346375860274,0.2350872595561668,44.15135632103468,0.49095146098880593,47.2666776012938,0.7191842492053032,1.252940867516219,1.057432129704512,9.101629257202148e-05,3.999471664428711e-05,1.2527017670557277,1.070625284751104,6.562471389770508e-05,3.075599670410156e-05,1500.0,0.12721953956357013,0.06315132819103293,0.4968066166982702,0.5414229207529552,1.0,1.0,0.7628520103452847,0.7688372688559095,1.0,0.0,1.0,1.0,1.0,1.0,4.592797526204524,4.106406289587343,0.0,0.0
341,341.0,0.5832087948362101,0.6005121470946109,6.498416973486559e-16,0.1605253986181117,0.17095289455028248,0.17723574460251257,0.2401859809178859,44.16677618954829,0.4695223963363204,47.26877844234547,0.7203518292140769,1.263651900688512,1.0251503137826694,9.441375732421875e-05,4.369020462036133e-05,1.2525738429462407,1.0577889093689028,5.5849552154541016e-05,3.039836883544922e-05,1501.0,0.12713504534327927,0.06331928278948765,0.4889232580836029,0.5234027782595341,1.0,1.0,0.7405922371670676,0.7684114373412492,0.75,0.0,1.0,1.0,1.0,1.0,4.229766055411094,4.29812525572345,0.0,0.0
342,342.0,0.5605616230686056,0.5936149633990366,1.3850637493972377e-15,0.1579905972359301,0.22009052149951455,0.20484554819995537,0.1156378166051581,44.16087373986609,0.45703007289432146,47.16712269548901,0.6756414225491507,1.2218098844326364,1.019067090263838,9.936094284053398e-05,4.4345855712890625e-05,1.2528736346988913,1.0156108351366404,6.079673767089844e-05,3.24249267578125e-05,1600.0,0.12217507341671678,0.059518621602496526,0.49580448815715766,0.5150101310513446,1.0,1.0,0.7239400713190265,0.6478810631984735,0.75,1.0,1.0,1.0,1.0,1.0,4.31289895247327,4.189579341360235,0.0,0.0
343,343.0,0.5572796719109848,0.5814033130064886,3.544971152103239e-16,0.1579659976871525,0.16401714063249526,0.09009990689810363,0.13922271976480255,44.19547047320273,0.4629287845841931,47.43220380706018,0.6923059318498785,1.2395475559123543,1.005511862491073,9.453296661376954e-05,4.13060188293457e-05,1.2223236892214824,1.0194842596371678,6.258487701416016e-05,3.2782554626464844e-05,1601.0,0.12209875054514276,0.05965448114377255,0.49337049263319194,0.5230348559391181,1.0,1.0,0.7339821695626099,0.7119026489595641,0.0,0.0,1.0,1.0,1.0,1.0,4.865975813086524,4.547284332756495,0.0,0.0
344,344.0,0.5553824852487379,0.5734161803904008,3.6601546166674517e-16,0.1556212517133317,0.24666145100491121,0.2272685371572151,0.23460037459153682,44.2852529072256,0.48642342911473163,47.07322616909769,0.6834327379081044,1.226662398934729,1.0401296711997128,9.584426879882812e-05,4.488229751586914e-05,1.2370098751358152,0.9982135968704976,6.645917892456055e-05,3.552436828613281e-05,1700.0,0.11769630434818454,0.05627576974349105,0.5083537527737969,0.534754515976689,1.0,1.0,0.6714592261968473,0.6906730129416372,0.75,0.75,1.0,1.0,1.0,1.0,3.9671561156559325,4.085089276528608,0.0,0.0
345,345.0,0.5580875456357192,0.5722218945768068,2.6800562550776974e-16,0.1555984417088036,0.20254712138557804,0.2409735772525891,0.23060435277875507,44.32045182318596,0.4912285543603959,47.146874435806346,0.8049030664345771,1.3026984616873056,1.026264203080921,8.797645568847656e-05,4.559755325317383e-05,1.2269316680380649,1.0402334308012122,6.628036499023438e-05,3.4749507904052734e-05,1701.0,0.1176271267612359,0.056412320302843,0.516567889478923,0.5502177321954851,1.0,1.0,0.8250032916594732,0.7911023054104193,0.75,0.75,1.0,1.0,1.0,1.0,3.524112242486293,4.314657911927543,0.0,0.0
346,346.0,0.5535876363591837,0.5693156689855421,4.990306913423452e-16,0.1545228119729783,0.18766307405894622,0.2448788263718597,0.3170372822787612,44.206290332782416,0.4749611934756439,47.238470775129,0.6964497292830911,1.228678623903906,1.0133499371233243,9.530782699584961e-05,4.64320182800293e-05,1.2961376058998688,1.0204380978990124,6.854534149169922e-05,3.516674041748047e-05,1749.0,0.11722376663296283,0.05501257842524315,0.5191129570580801,0.5202022095458436,1.0,1.0,0.7124935701778785,0.6953726300746489,0.75,0.0,1.0,1.0,1.0,1.0,4.072054500656542,4.258162814229966,0.0,0.0
347,347.0,0.5582521899003348,0.5631014225078665,1.1943595843260944e-16,0.1545007954714616,0.2180037462385371,0.2787004432175308,0.13990240189013997,44.2754289101593,0.47135238342930125,47.28250271991466,0.6935350170624314,1.226146418058721,1.011811987649197,9.72747802734375e-05,3.4749507904052734e-05,1.2282570280144465,1.0132209871863773,6.604194641113281e-05,3.457069396972656e-05,1750.0,0.11913582079148782,0.055212541253733025,0.4959075454494555,0.5282044240389179,1.0,1.0,0.7195453693911003,0.7663065429647214,0.0,0.0,1.0,1.0,1.0,1.0,4.087745459986808,4.18197668154464,0.0,0.0
348,348.0,0.5516482607065529,0.5663267637798407,3.359577928256291e-16,0.1534195478349891,0.3031634641229175,0.19958591432077807,0.22131002414971587,44.15846330348002,0.4901976935893411,47.14531378494733,0.5586647782184392,1.0921734246341872,1.0261344303671818,0.000112473964691125,5.1021575927734375e-05,1.2210688655576747,1.0112788921763283,6.61015510559082e-05,3.635883331298828e-05,1800.0,0.11875137064267742,0.053844324968944896,0.5247345936395672,0.5444982706466288,1.0,1.0,0.6016488697735475,0.6586405162051261,1.0,1.0,1.0,1.0,1.0,1.0,4.521509698293089,5.0259885461196125,0.0,0.0
349,349.0,0.5544759520269911,0.5672575689211421,5.781950530516007e-16,0.1533983059448525,0.19195799529552451,0.2773169901338406,0.1999315243447199,44.2659878310335,0.47307451674602147,47.14334148136641,0.6987953399203182,1.2383226846209963,1.0154355655459386,0.000104367733001625,5.650520324707032e-05,1.0917811188363873,1.02578282674785,0.00010108947753898868,3.6776065826416016e-05,1801.0,0.11868551610289495,0.0539500471106251,0.5269621795124599,0.5715228795899756,1.0,1.0,0.7446430581261361,0.7567394843752888,1.0,1.0,1.0,1.0,1.0,1.0,4.789537038578063,4.825274835448725,0.0,0.0
350,350.0,0.5426194797471731,0.5601421563112232,4.134488027531243e-16,0.151365275258613,0.32280667033046484,0.2293506238493137,0.28306968457764015,44.17910852304107,0.4737520973093531,46.95886884726511,0.657900800452933,1.1979774044749174,1.0103117069552747,0.000112116336822475,4.6312808990478516e-05,1.2278926044967529,1.0094040644534918,0.00010162591934198477,4.184246063232422e-05,1900.0,0.11403275816799884,0.05138528868607955,0.4943159279630708,0.5199533436232231,1.0,1.0,0.6590437244604183,0.6806830190376422,1.0,0.0,1.0,1.0,1.0,1.0,4.5953729551915785,4.350261277971969,0.0,0.0
351,351.0,0.5430839987699191,0.5635620938418513,7.131260721264238e-16,0.1513454175638258,0.3636014147778041,0.2759828720591031,0.28695654426701367,44.21060210702474,0.5199609925081977,46.96520777212279,0.6618877726553991,1.2019083378656625,1.0584526516095016,9.310245513916016e-05,5.0127506256103516e-05,1.1975555887415332,1.010150779558857,7.963180541992188e-05,3.737211227416992e-05,1901.0,0.11467700282195062,0.05151069055144905,0.5195563144146588,0.5935233108435826,1.0,1.0,0.6590437245065138,0.6985495065402054,1.0,0.0,1.0,1.0,1.0,1.0,4.376950307685889,4.134201860524831,0.0,0.0
352,352.0,0.5354990765001293,0.5539306386647636,6.415083589644212e-16,0.1494602040023983,0.28420726448530326,0.20935157965868706,0.36869540822226554,44.14272497026185,0.49364725595078546,47.188689471058474,0.6161423555742593,1.1199998554912578,1.0324795177426291,0.0001084804534912,5.4001808166503906e-05,1.194246607127643,1.0504328943393282,7.814168930053711e-05,4.3272972106933594e-05,1999.0,0.11018032691288122,0.04909809513054945,0.5407903967485352,0.5291580113978593,1.0,1.0,0.628052060295455,0.6640791838220133,1.0,1.0,1.0,1.0,1.0,1.0,4.23417936758627,4.764883129549985,0.0,0.0
353,353.0,0.5378586047220479,0.553936611067679,8.332902115624849e-16,0.1494415645801985,0.4809090192429721,0.20135490363463754,0.17977241094922647,44.18645894825903,0.48514875654477685,47.18671896554676,0.5677205239560754,1.1101213684816895,1.0246613905617035,0.00010389089584343671,4.839897155761719e-05,1.1203778212081335,1.0321615918744291,6.985664367675781e-05,3.987550735473633e-05,2000.0,0.11117838792450918,0.049190770061913705,0.528710435175765,0.5313297525658267,1.0,1.0,0.6102014506753344,0.6398914364150786,1.0,1.0,1.0,1.0,1.0,1.0,4.5039721954799035,4.482899596608115,0.0,0.0
354,354.0,0.6313934555217271,0.6313934555217329,0.0,0.4681182134834953,0.3412988120689988,0.09628569218330077,0.1712559178122319,7.329350702381441e-32,0.0,7.329350702381441e-32,0.0,0.6313934555217271,0.6313934555217329,7.236003875732422e-05,1.728534698486328e-05,1.0,1.0,2.050399780273437e-05,1.2814998626708986e-05,0.0,3.120966477798486,7.152557374157098e-08,0.9731414081786611,1.00261840647606,0.0,0.0,0.9731414081786622,1.0026184064760597,0.0,0.0,0.0,0.0,0.0,0.0,6.07937008082941,5.326109242418205,0.0,0.0
355,355.0,0.6327241884390047,0.6327241884390042,0.0,0.4472601729723907,0.3851984313223511,0.3824947040411643,0.2574151719454676,9.691113590965256e-32,1.8503717077085938e-17,6.107792251984536e-32,0.0,0.6327241884390047,0.6327241884390042,4.756450653076172e-05,1.5556812286376953e-05,0.7500833351895797,0.7500833351895793,2.336502075195312e-05,1.3053417205810547e-05,1.0,3.4244098728515198,2.2747117932052996,0.9956484514127765,1.019445680872408,0.0,0.0,0.9956484514127761,1.019445680872408,0.0,0.0,0.0,0.0,0.0,0.0,6.7294668526116075,5.727570568006001,0.0,0.0
356,356.0,0.7366142047631588,0.7366142047631592,2.4363227484829822e-15,0.404145188432738,0.7846073591499589,0.6274059768184088,0.31344244931824505,1.1395533304374358e-31,1.2335811384723961e-17,4.071861501323024e-32,0.0,0.7366142047631588,0.7366142047631592,4.363059997558594e-05,1.519918441772461e-05,0.9421708708679845,0.9421708708679809,2.020597457885742e-05,1.4483928680419922e-05,4.0,3.0627690225205786,2.4930925535177333,1.0105937327158439,0.9926259217607569,0.0,0.0,1.0105937327158434,0.9926259217607518,0.0,0.0,0.0,0.0,0.0,0.0,2.9640711883767907,3.15896289694133,0.0,0.0
357,357.0,0.755316546253448,0.7553165462534481,3.6998182295633345e-15,0.3936389276332443,0.8467854529153556,0.5894327764981426,0.27430446975631634,9.479831512249619e-32,1.1102230246251566e-17,3.6646753511907207e-32,0.0,0.755316546253448,0.7553165462534481,4.1425228118896484e-05,1.4960765838623047e-05,0.776543126082283,0.7765431260819964,1.990795135498047e-05,1.2874603271484377e-05,5.0,2.7844513124069827,2.432451946721372,1.0076371597021707,0.9930209325554737,0.0,0.0,1.0076371597021705,0.9930209325554737,0.0,0.0,0.0,0.0,0.0,0.0,4.745138236073252,4.5058967644779715,0.0,0.0
358,358.0,0.7540728811931126,0.7527054863700158,2.1986380969808898e-15,0.3618812077700193,0.34710051876027137,0.6463838912895881,0.3123615610529668,10.830154989229056,0.11825205245111214,12.145489719637675,0.0959926785185047,0.8192388354275122,0.8266181828423961,4.309415817260742e-05,1.5437602996826172e-05,0.843329743782395,0.843329743782395,2.1755695343017578e-05,1.239776611328125e-05,9.0,2.2482176427527296,1.9568823700673195,0.9870666563201642,1.0494753124394682,0.0,0.0,0.9670433224266981,1.0505710145523757,0.0,0.0,0.0,0.0,0.0,0.0,6.5217402714619706,7.188750500854718,0.0,0.0
359,359.0,0.7395206969395307,0.740793343480575,1.6005715271679341e-15,0.3556929237082303,0.3235073663527146,0.26798697811318556,0.4006508378079161,12.938242060274842,0.12471639321660472,14.30978056462271,0.13738593078924036,0.8210448172523732,0.8251666594005106,4.4405460357666016e-05,1.537799835205078e-05,0.8396767012004092,0.831015462383204,2.282857894897461e-05,1.3232231140136719e-05,10.0,2.455119054076596,2.182481165661078,1.02992207000371,1.0149419705226947,0.0,0.0,1.0001440655735527,0.9906126755835313,0.0,0.0,0.0,0.0,0.0,0.0,3.5917031684013843,4.0108082936608325,0.0,0.0
360,360.0,0.7105304450354066,0.7473566810160016,2.1634740782498116e-15,0.3352815378105022,0.5073952114325948,0.5478102813940495,0.26105855900095776,19.30972965839498,0.19800652601950164,20.15533930183227,0.20241859071154913,0.8606072373957565,0.8533779957175179,4.5418739318847656e-05,1.5497207641601562e-05,0.9126935868139604,0.8630994994122716,2.372264862060547e-05,1.329183578491211e-05,14.0,2.228555589312328,1.9263271994599278,0.8969428091955518,0.9433974456164111,0.0,0.0,0.9922158158037854,1.0296436462804204,0.0,0.0,0.75,0.0,1.0,0.75,6.121374089046872,5.467668750055287,0.0,0.0
361,361.0,0.746430555331669,0.7461144845018121,1.3697376566312871e-15,0.3310095631511115,0.3752656277501955,0.3254165192483924,0.6071107999305241,20.528706540591536,0.2277750972762493,21.05405216129563,0.20894527270039437,0.8767832860603133,0.9097034542411445,4.178285598754883e-05,1.4960765838623047e-05,0.9128936051625837,0.9109759004931,2.187490463256836e-05,1.239776611328125e-05,15.0,2.3431378125926487,2.0716103875019964,0.9621697252504124,1.0023399502644847,0.0,0.0,1.0101614250223854,0.9564509529362082,0.0,0.0,0.0,0.0,1.0,0.75,3.780893961936799,4.058561303268822,0.0,0.0
362,362.0,0.7760402913651785,0.8057610684316451,1.3079815008865125e-15,0.3162607012634457,0.2500328628229908,0.3522177609847858,0.12122832238674161,24.40746130264601,0.23674655213810733,25.27466156103955,0.23470421837469976,0.9690760186365159,0.9518606517225163,4.380941390991211e-05,1.5437602996826172e-05,1.0087280266564524,0.9623112197577672,2.1219253540039062e-05,1.2874603271484377e-05,19.0,2.1298525619394484,1.922288292317658,1.0645714047948795,1.006971341316698,0.0,0.0,1.025298974428826,0.9867069380732264,0.0,0.0,1.0,1.0,1.0,1.0,4.098946345476001,4.433867180769489,0.0,0.0
363,363.0,0.8071443943515529,0.8138159830508385,1.687538997430238e-15,0.3130495168499705,0.34604324807878584,0.48525159037671983,0.33702736982377246,25.56459249210006,0.23684922856668256,26.107906376894363,0.2720712789331284,1.0138367783035098,0.9464306599558104,4.929304122924805e-05,1.519918441772461e-05,0.9883459451363007,0.9687240069191263,2.044439315795898e-05,1.3172626495361328e-05,20.0,2.0330236606844196,2.1446365278836983,1.0008950614483036,1.0515146059391336,0.0,0.0,1.0339611904966308,0.9975767962444503,0.0,0.0,1.0,1.0,1.0,1.0,4.814078222517139,4.53406447219756,0.0,0.0
364,364.0,0.7937920377962531,0.8005344059985028,2.7380059004358642e-15,0.2898867135965864,0.37887302966555575,0.6183412731043063,0.18855495238676664,31.217289991020074,0.35059009485752635,32.31457298168142,0.3332887915045795,1.0803167492854748,1.0600020810305353,4.982948303222656e-05,1.4960765838623047e-05,1.1481407776077113,1.042163412380224,2.2351741790771484e-05,1.2814998626708986e-05,29.0,1.7870808384699397,1.7497135288092764,0.9373144572732302,0.9095367587946774,0.0,0.0,0.9418692875511668,0.9935067577456957,0.0,0.0,1.0,1.0,1.0,1.0,3.2605600744348235,2.9645912414749516,0.0,0.0
365,365.0,0.7822113631920771,0.7925198318895621,1.2593101165033917e-15,0.2877935318303637,0.4986103405826725,0.5940795313217677,0.5464296283898875,31.879626350236396,0.30658274515426837,32.99218710409343,0.33935169617113803,1.0159551366091208,1.0266022035839562,4.661083221435547e-05,1.5437602996826172e-05,1.0689046849265709,1.0646138982168465,2.3424625396728512e-05,1.3053417205810547e-05,30.0,1.8593727408636915,1.8606502960730065,0.9383690090320472,0.9248243455403364,0.75,0.75,0.9323417136477626,0.9419878158949289,0.0,0.0,1.0,1.0,1.0,1.0,4.939079569633218,4.399760112973461,0.0,0.0
366,366.0,0.7707727920207766,0.7958677140481636,1.0156805951844208e-15,0.2474873734152916,0.5469971921411343,0.4353106439812109,0.3745792040717788,37.127409773421576,0.43080212566008647,39.349073652642886,0.5050114468827324,1.2231682973771554,1.099208022549349,4.869699478149414e-05,1.5735626220703125e-05,1.2478129056646379,1.1533098818593364,2.300739288330078e-05,1.3828277587890625e-05,59.0,1.0914971930425181,1.0306908243734387,0.9023019119834192,0.8145202198421205,1.0,1.0,0.8406616842190198,0.8421371248286228,1.0,0.75,1.0,1.0,1.0,1.0,3.607809601101689,3.862129633599827,0.0,0.0
367,367.0,0.7475031959973457,0.8194944249769478,1.760130502886498e-15,0.2465299575076265,0.26608318189391866,0.22571256209630516,0.5263193428399973,37.88232120612542,0.4128933957378427,39.50951854388805,0.5452885816336538,1.2256816892395228,1.1176928147119494,4.804134368896485e-05,1.5676021575927734e-05,1.2116733848457106,1.0957658425903103,2.628564834594727e-05,1.3113021850585938e-05,60.0,1.1040217787629996,1.0636101715330248,0.8264365088120122,0.8644880375847407,1.0,1.0,0.9048393699659643,0.9803330259353759,0.0,0.0,1.0,1.0,1.0,1.0,4.115069005665477,4.500859171959519,0.0,0.0
368,368.0,0.6951652186101662,0.7692784730556395,1.5114893463825347e-15,0.2186757955844179,0.1969175816630013,0.306298416107893,0.15013597521465272,40.60326225678225,0.5134181791707482,43.117611845791174,0.597503471698476,1.265811981826575,1.1163500666099897,4.929304122924805e-05,1.8775463104248047e-05,1.2621620106490332,1.1459153193942742,2.4616718292236328e-05,1.3530254364013672e-05,100.0,0.7362337385348949,0.6693703686810043,0.7885835594298791,0.81573955614208,1.0,0.75,0.9857097810465177,0.9095088317301382,0.0,0.0,1.0,1.0,1.0,1.0,5.886205316223249,5.299506832181851,0.0,0.0
369,369.0,0.7030741948328986,0.7358660773372157,1.2380034104782406e-15,0.2181582161081858,0.17061670665862036,0.3047820479259826,0.38400684006046504,40.56869753271921,0.5175540447313272,42.98362245258642,0.6029873830823963,1.2633069269876032,1.156652158983193,4.690885543823242e-05,1.615285873413086e-05,1.2636292589066305,1.126774803992936,2.491474151611328e-05,1.3768672943115233e-05,101.0,0.797600902807557,0.6930587982566062,0.843454770002156,0.7729897583577614,1.0,0.75,0.8911621159753746,0.8990727060716676,0.0,0.0,1.0,1.0,1.0,1.0,3.5491912668493595,3.398521367859078,0.0,0.0
370,370.0,0.6344966235217112,0.6836014736225575,1.2246301533822612e-15,0.184994822880829,0.12676742766052485,0.019285664136987124,0.1989844250492751,42.529238304516774,0.5410988724098396,45.59956144441957,0.6580336590985131,1.2863754312739888,1.1571070102113679,6.413459777832031e-05,1.8596649169921875e-05,1.269223576302285,1.1193398357002189,3.606081008911133e-05,1.519918441772461e-05,200.0,0.4619108613936859,0.3632616846773282,0.7698850127206249,0.7637655976453751,1.0,1.0,0.8348599068373523,0.8191815019880448,0.0,0.0,1.0,1.0,1.0,1.0,4.5230507722280775,4.518136833550261,0.0,0.0
371,371.0,0.6371526199236993,0.6948192142773887,6.103531919359174e-16,0.1847699047471997,0.23778941220371047,0.27940407785354177,0.2925047599710524,42.22739117361965,0.5420914997344486,45.558873685586406,0.6590655125969141,1.2834519050786621,1.163776339183903,6.276369094848633e-05,1.7642974853515625e-05,1.2877550176491623,1.1558833278301717,2.849102020263672e-05,1.519918441772461e-05,201.0,0.459620187169544,0.3700049205518226,0.6958473291108622,0.6875353179139909,1.0,1.0,0.8240582229294733,0.7826259682044756,1.0,0.75,1.0,1.0,1.0,1.0,5.628293256039246,4.838415797946314,0.0,0.0
372,372.0,0.5618591088402679,0.6480069277691326,6.251829655061332e-16,0.1675031891677873,0.16008532268460834,0.31385314941871906,0.343568682030309,43.06537740457722,0.5471796718999371,46.7565506494371,0.7938801270963077,1.3309166404841068,1.1238260777185989,6.252527236938477e-05,1.8894672393798828e-05,1.2690183565161366,1.1403383851133237,2.9146671295166016e-05,1.6629695892333984e-05,300.0,0.3318207880253349,0.2544259854892667,0.6733362667788756,0.6485173164587921,1.0,1.0,0.8217744265537721,0.7943584080202278,0.0,0.0,1.0,1.0,1.0,1.0,4.38659240172014,4.767036328574098,0.0,0.0
373,373.0,0.5667772999329689,0.6790062549498996,9.054122738405485e-16,0.1673661721294851,0.32939200976397837,0.17482490069232876,0.27513298782287166,43.018494718803105,0.5494949955756087,46.23779836340197,0.7967254064212578,1.3368749035175378,1.1117606776053648,6.091594696044922e-05,1.9550323486328125e-05,1.3317811389400367,1.127917639768291,3.165006637573242e-05,1.6391277313232422e-05,301.0,0.34399103141723286,0.26019237418679325,0.6938484300438573,0.7153326762509421,1.0,1.0,0.8249110878098098,0.7943409517373232,0.0,0.0,1.0,1.0,1.0,1.0,4.676747112702632,4.376131322275415,0.0,0.0
374,374.0,0.5683583927855185,0.6165424682356044,1.3617365123025838e-15,0.1560394044944984,0.09908152278512714,0.16274077212437985,0.265538899868261,43.35243849282605,0.5224622583561511,47.25039686632062,0.6991746487919481,1.2076167349319382,1.0712560640586577,6.753206253051758e-05,1.990795135498047e-05,1.3206570289564181,1.1204262856279623,4.374980926513672e-05,1.7762184143066406e-05,400.0,0.26972501674511196,0.20030088419932734,0.6207865480125487,0.6604559672998798,1.0,1.0,0.7033702997538247,0.7281701482966125,0.75,0.0,1.0,1.0,1.0,1.0,4.365213779029209,4.509416688180085,0.0,0.0
375,375.0,0.5688379900598277,0.5952404251980453,3.241796541116067e-16,0.1559432322426586,0.34556202212115744,0.21130311023443937,0.1725101747433655,43.45536456709668,0.5635866795502691,47.16725319208595,0.6872672985408851,1.2502755171836284,1.1077884437537304,5.811452865600586e-05,1.931190490722656e-05,1.2115264908962766,1.0703705845540186,3.4689903259277344e-05,1.6927719116210938e-05,401.0,0.2690499090189358,0.20224120138831708,0.5752539077191152,0.6635529860487017,1.0,1.0,0.7916876538659045,0.7383950787892033,0.75,0.0,1.0,1.0,1.0,1.0,4.593212247831968,4.981888455353143,0.0,0.0
376,376.0,0.5160516045431294,0.5717954670186172,5.988608948671142e-16,0.147664192731377,0.3599992445670068,0.3853206900530495,0.3103567632497288,43.84094498676301,0.5110838000687876,47.553524035231256,0.6862384972876938,1.1663731016281869,1.0339874870160113,7.861852645874023e-05,2.187490463256836e-05,1.224707640759871,1.0645221878350155,3.921985626220703e-05,1.8358230590820312e-05,500.0,0.23000826035210412,0.16375574092508557,0.560948180924532,0.6137012786027581,1.0,1.0,0.6532164672871936,0.7099290738653344,0.0,0.0,1.0,1.0,1.0,1.0,3.578491041244954,3.8475005090966867,0.0,0.0
377,377.0,0.5165309561068511,0.5743082045310681,6.933408612283587e-16,0.1475911819833589,0.24077003606362268,0.0769316058722324,0.10752645402681076,43.715983233735855,0.5195336909542289,47.576334378118865,0.6818617206674482,1.1573565897550515,1.043473507800957,6.23464584350586e-05,2.2172927856445312e-05,1.1651965673948737,1.0350435617188125,4.13060188293457e-05,1.8596649169921875e-05,501.0,0.22955146708460666,0.16475787910276846,0.5778989384439032,0.5869531831494988,1.0,0.75,0.7180284236714085,0.7087879625471394,0.0,0.0,1.0,1.0,1.0,1.0,4.382946341420245,4.809005667328936,0.0,0.0
378,378.0,0.5038961636986777,0.5274958001272037,2.1378674771707555e-16,0.1411429519687493,0.11949305294547222,0.22843970725079993,0.27231791277881706,43.73903046816409,0.4873426077050692,47.205373998732234,0.65302684670524,1.1283459332853756,0.9896287874172517,6.663799285888672e-05,2.3186206817626953e-05,1.1465576671192654,1.0217725641474809,3.9637088775634766e-05,2.026557922363281e-05,600.0,0.20789481374794536,0.1386809063102813,0.5316469359689104,0.5458427170463838,1.0,0.0,0.7338617455070094,0.7672774441789099,0.0,0.0,1.0,1.0,1.0,1.0,4.275256747323652,4.388556012821046,0.0,0.0
379,379.0,0.5027486961640151,0.5466793698897089,5.343635325206973e-16,0.1410846886118706,0.19036246358882633,0.161270372045692,0.17719642911106348,43.75508350409296,0.47516996529319744,47.19035469965567,0.6286446232323605,1.0948406437564961,0.9946271867190807,7.140636444091797e-05,2.2113323211669922e-05,1.1286115155404486,0.9894418212633851,3.8743019104003906e-05,1.9490718841552734e-05,601.0,0.20755335032490552,0.13968610229392647,0.5492211502589046,0.5515721388602391,1.0,1.0,0.7012533198321825,0.693608046987586,0.0,0.0,1.0,1.0,1.0,1.0,4.500177627364122,4.53352911862689,0.0,0.0
380,380.0,0.48488716834295825,0.522881013620373,5.227890618438813e-16,0.1358472216877856,0.17829834145959464,0.2684211432351731,0.14262388180941338,43.807285079002384,0.5898087365240839,47.18203665300808,0.6946340396008084,1.1493834372663745,1.0771537519049779,7.098913192749023e-05,2.378225326538086e-05,1.08266743380213,0.9788369538198567,4.750490188598633e-05,2.026557922363281e-05,700.0,0.18598475002701015,0.12088603012661314,0.6663650616644802,0.6572126806290955,0.75,0.75,0.7137130724893188,0.7451064509051547,0.0,0.0,1.0,1.0,1.0,1.0,3.7340284931825396,3.691624546094645,0.0,0.0
381,381.0,0.4849981315463818,0.5148880932247744,4.0383183105345635e-16,0.1357990915751171,0.16305902635212985,0.24274931161198765,0.21765860123559824,43.82570303281453,0.5037142829014774,47.19197151719692,0.6943168534587578,1.1510999358522176,0.9903608645344386,6.586313247680664e-05,2.419948577880859e-05,1.149083317862593,1.0776094463192152,4.9591064453125e-05,2.2590160369873043e-05,701.0,0.18571907068562038,0.12185498365135312,0.5537080097559703,0.5515588314157418,1.0,1.0,0.7134105797598074,0.7459384619103884,0.0,0.0,1.0,1.0,1.0,1.0,5.012809545312335,4.827988404919771,0.0,0.0
382,382.0,0.4615925380928012,0.4995539246334574,6.691679646560571e-16,0.131416249881173,0.3414381832699291,0.19220765505451703,0.1739430948509834,43.928666168176406,0.5048558976671058,47.88878568749394,0.7186618366474844,1.1488984843588539,0.9845085934127262,8.20159912109375e-05,2.467632293701172e-05,1.1394190099012915,0.970598827245019,4.6312808990478516e-05,2.1398067474365234e-05,800.0,0.16818970807264477,0.10769506565799128,0.5522688932592317,0.5589652835310966,1.0,0.75,0.7418832993503622,0.7749387635406678,0.0,0.0,1.0,1.0,1.0,1.0,4.1156199801519735,4.435687708051427,0.0,0.0
383,383.0,0.4613355305513801,0.501739686451091,4.061749558143214e-16,0.1313754690384415,0.033963731373660225,0.24593495432054624,0.1273650417570024,43.80832283730152,0.5128320799907112,47.8824163223528,0.7456087424172821,1.1668976228506427,0.9810195812075535,8.797645568847658e-05,2.4974346160888672e-05,1.147868420340181,0.9837056819218255,5.8531761169433594e-05,2.3961067199707028e-05,801.0,0.1679806336928937,0.10858126556355753,0.5415874012774597,0.5776345514648319,1.0,0.75,0.7352321341202269,0.7805280505508545,0.0,0.0,1.0,1.0,1.0,1.0,4.606706253861505,4.849518243508797,0.0,0.0
384,384.0,0.4617887645934229,0.5034075970155945,6.780334427738387e-16,0.127625041176119,0.3146064630127512,0.37510479998309165,0.2206760884728282,43.84600980005923,0.49206881314504597,47.59389690757655,0.8349455141788016,1.254222993735237,0.9713264908653315,9.042024612426758e-05,2.855062484741211e-05,1.1485241654012401,0.9726114317189973,6.431341171264648e-05,2.6345252990722653e-05,900.0,0.16197170323990087,0.09754429032815955,0.5134950529512495,0.5662565775263104,0.75,1.0,0.8632327813452961,0.8844265590176188,0.0,0.0,1.0,1.0,1.0,1.0,4.255055001467463,3.80413657324674,0.0,0.0
385,385.0,0.458984996387407,0.4935343649932581,5.444504302880321e-16,0.1275898099674689,0.09877777984365815,0.17125027492875228,0.23580783780198544,44.04369950694742,0.5113298837744749,47.58727284070212,0.8208835496100613,1.23637138480218,0.9843077221903291,7.969141006469727e-05,2.9146671295166016e-05,1.2536440786758607,0.9706542469192943,5.5253505706787116e-05,2.4974346160888672e-05,901.0,0.16179213225488998,0.09811357198202422,0.5246167715598384,0.5956894838950173,1.0,0.0,0.8364101889672977,0.8308279539198559,0.0,0.0,1.0,1.0,1.0,1.0,3.2405037742772125,3.2440586673612306,0.0,0.0
386,386.0,0.46197147572309594,0.4774498698707253,4.970043171928935e-16,0.1243244436865676,0.23821475025033573,0.12184726662235328,0.15656873158877713,44.02096601502784,0.48338313283535295,47.54766428579022,0.7924857127558057,1.1872662449807512,0.9375464700133858,8.606910705566406e-05,2.8192996978759766e-05,1.2322866838434794,0.9751856145590122,6.22868537902832e-05,2.7239322662353516e-05,1000.0,0.15054629196987293,0.0889767952078999,0.48777890119807715,0.5202759072491132,0.75,0.0,0.8353717414500547,0.8566056439865904,0.0,0.0,1.0,1.0,1.0,1.0,4.42592347290525,4.7009509842302695,0.0,0.0
387,387.0,0.45455018092043403,0.4845127495459244,7.930755676652615e-16,0.124293536426582,0.1837906857253983,0.37031082541216165,0.21697499894071368,44.00854177170851,0.4935509471370515,47.55134521484634,0.7848716178996199,1.1774354821607091,0.9450539223475651,7.921457290649414e-05,2.682209014892578e-05,1.186423065856008,0.9372224696832807,4.5359134674072266e-05,2.3365020751953125e-05,1001.0,0.15489897612172376,0.08926493711039347,0.5181864295199373,0.5318510928238637,1.0,0.0,0.8308944994449095,0.85385317921402,0.0,0.0,1.0,1.0,1.0,1.0,3.728772522368879,4.560732101038051,0.0,0.0
388,388.0,0.4433286650493424,0.46675492114622746,8.110405258398571e-16,0.1214108418598049,0.10950051620602602,0.2138792573823593,0.11853106674971056,44.198309093246756,0.49685518728451045,47.44847496439695,0.7458886910281634,1.1452623914225353,0.9553855183605215,7.557868957519531e-05,3.3020973205566406e-05,1.1862130248015563,0.9398480181897084,5.447864532470703e-05,2.6047229766845703e-05,1100.0,0.1478035192276039,0.08174037398838455,0.5254398141718211,0.5595919116357034,0.0,0.0,0.7794842309712847,0.7579925485306992,0.0,0.0,1.0,1.0,1.0,1.0,4.068901747872253,4.2331347410762135,0.0,0.0
389,389.0,0.44303921889511666,0.47182381146726526,4.788715134696483e-16,0.1213833888695008,0.305261792789679,0.3421649902011268,0.12466077733552083,44.150591294241615,0.4714245903346146,47.45919129771199,0.7519985056084394,1.150317843459658,0.9105468614182732,7.56382942199707e-05,3.075599670410156e-05,1.1444874647381653,0.954825219128167,5.167722702026368e-05,2.431869506835937e-05,1101.0,0.1490713634436738,0.08236909583623311,0.4938905205286164,0.5285350967760505,1.0,0.75,0.7872676051168035,0.7512789606563236,0.0,0.0,1.0,1.0,1.0,1.0,4.056728555869396,4.263091990514046,0.0,0.0
390,390.0,0.44543763758077576,0.44862857722885763,7.553432291811775e-16,0.118809530118312,0.11057042534230273,0.29176997800823296,0.1542548697325401,44.14343678734475,0.4832155036908403,47.377039684706986,0.6778883579566374,1.0640074638760106,0.9346785580347796,7.766485214233398e-05,3.36766242980957e-05,1.144721194822406,0.9043502142626857,5.900859832763672e-05,2.7418136596679688e-05,1200.0,0.1423350132593416,0.07605229901671234,0.5125726807293667,0.49853159040118944,0.75,0.0,0.6854285665599782,0.7625773257301587,0.0,0.0,1.0,1.0,1.0,1.0,4.13147913430902,3.829093707361761,0.0,0.0
391,391.0,0.4452591341638871,0.46807297188705693,4.993932299200097e-16,0.1187848936151487,0.17052718199556693,0.27807682589627797,0.25416707812109957,44.13398754001664,0.4984149077638989,47.4526316357926,0.6906746839244489,1.0692028252456875,0.9263899595926446,7.50422477722168e-05,3.1888484954833984e-05,1.0633534558374034,0.9342302354382118,6.23464584350586e-05,2.7477741241455075e-05,1201.0,0.142217424168162,0.07635101447167918,0.5093205663522721,0.5572966393439053,1.0,0.0,0.7051834639955978,0.7666160793299941,0.0,0.0,1.0,1.0,1.0,1.0,4.954727304743634,5.0960360993196,0.0,0.0
392,392.0,0.4183134837270208,0.4620505015385939,4.447310852032151e-16,0.1176315056469149,0.23405612708302212,0.2412319712457247,0.1379652327741496,44.22268696431367,0.4915714375784926,47.91177561858146,0.6442384659817835,1.0340838974623394,0.918929932198072,8.13603401184082e-05,4.011392593383789e-05,1.0639987265449808,0.9287246251940355,6.759166717529297e-05,2.9206275939941406e-05,1249.0,0.14131277886332894,0.0737185375645853,0.4958273225660358,0.5217450357289997,0.75,0.0,0.6702894167753676,0.7052350935364963,0.0,0.0,1.0,1.0,1.0,1.0,4.91460647714307,5.055477415868948,0.0,0.0
393,393.0,0.4255938441100435,0.4648665516359714,5.450929658951441e-16,0.1176080660710484,0.20254816999658942,0.3374430491239764,0.3364052194519899,44.17418780753987,0.5060384722525069,47.547144162700356,0.6065416666874224,1.0306342738893284,0.9540551472101475,7.975101470947266e-05,3.4868717193603516e-05,1.0338145447051486,0.9184879551204752,5.8829784393310554e-05,2.783536911010742e-05,1250.0,0.14119917651163083,0.0740271594728583,0.5094545095776979,0.5332763819110258,0.0,0.0,0.544681339186174,0.6197894922926279,0.0,0.0,1.0,1.0,1.0,1.0,4.48093881452661,4.788507545682064,0.0,0.0
394,394.0,0.4255302775094624,0.44665478147054877,4.509377120326162e-16,0.1164649949245588,0.27598620584467426,0.24451282183872533,0.29875516693573445,44.12018127617584,0.5499264121202211,47.39079629255318,0.5879032852752519,0.990439514453307,0.96920696902003,8.273124694824219e-05,3.904104232788086e-05,1.0209134438799556,0.9528418765470057,5.5849552154541016e-05,2.849102020263672e-05,1300.0,0.13939462730459293,0.07154289735149508,0.5529761619016451,0.594131302077751,0.0,0.0,0.5858114391858587,0.6787912615613403,0.0,0.0,1.0,1.0,1.0,1.0,5.0793716782906895,4.539569384270891,0.0,0.0
395,395.0,0.42340339501276253,0.4513718211854125,7.472540537680921e-16,0.1164426943022012,0.3367852552328258,0.388204324641265,0.1656577165122144,44.10428824169948,0.5057232193860711,47.28363510302134,0.5914794993276474,1.0016503378732395,0.9368704676909689,7.867813110351562e-05,3.784894943237305e-05,0.9902196167460208,0.9691482777186393,6.35385513305664e-05,3.0338764190673828e-05,1301.0,0.13928768930650787,0.07168652144755007,0.5199611632282121,0.5458378811900397,0.75,0.0,0.5851693335634606,0.624787406635891,0.0,0.0,1.0,1.0,1.0,1.0,4.381912708989471,4.180116161115411,0.0,0.0
396,396.0,0.420506236649354,0.4431013612409792,1.4412551816294937e-15,0.1143349375674343,0.2687135413871147,0.1353693677228875,0.3824265337898396,44.20322033951696,0.5326755410347432,47.20140658754045,0.6736910385849658,1.0712118295624402,0.9658756410389455,8.928775787353516e-05,3.629922866821289e-05,0.9846398417989457,0.9295426016023256,5.3942203521728516e-05,2.8789043426513672e-05,1400.0,0.13372289175059085,0.06680896385338145,0.5505745775455783,0.5356741398029943,0.0,0.0,0.675153126174156,0.7256371103886177,0.0,0.0,1.0,1.0,1.0,1.0,4.470531484947013,4.795314255944157,0.0,0.0
397,397.0,0.42042573289984786,0.44177022726160187,3.5320253123387804e-16,0.1143146023176186,0.33143049658974627,0.2642992396722547,0.1951153058907948,44.26904265961774,0.48018144586120914,47.19363423492179,0.6731177309253771,1.0705642474246635,0.9094351575625469,9.918212890624999e-05,3.7550926208496094e-05,1.0706593315637427,0.9654140306183102,7.545948028564453e-05,3.314018249511719e-05,1401.0,0.13362777540114656,0.06705099195705962,0.504899060728575,0.5242340356427636,0.0,0.0,0.6768754533767685,0.7252156694256047,0.0,0.0,1.0,1.0,1.0,1.0,4.499564958435343,4.698062383418515,0.0,0.0
398,398.0,0.4184096439915767,0.42972510256082685,1.3843646973446828e-15,0.1124051167281552,0.28951272147241974,0.18238094588741657,0.26068362116348,44.096155289650895,0.5232162671305912,47.27969815277423,0.7020668157622126,1.068727595182977,0.9309738950505995,8.887052536010742e-05,4.178285598754883e-05,1.0670801006330626,0.9008472337399671,5.829334259033203e-05,3.0934810638427734e-05,1499.0,0.12720309669248772,0.06285485374066752,0.5104598706975246,0.5179618254602854,0.0,0.0,0.7189668781439046,0.7478729046738154,0.0,0.0,1.0,1.0,1.0,1.0,3.7703585172466276,3.6367633720782058,0.0,0.0
399,399.0,0.41817466802524006,0.42743893762248414,4.539742520626721e-16,0.1123864401275725,0.34942009113728995,0.34123558178544044,0.3429135496844537,44.15135632103468,0.4850220274601196,47.2666776012938,0.7006029701073326,1.0665755729716104,0.891524959192817,8.767843246459961e-05,4.029273986816406e-05,1.0684200519537812,0.9307219757546924,6.204843521118164e-05,3.0517578125e-05,1500.0,0.12711796962733063,0.06304975825479345,0.5191057481483556,0.5483596224279667,0.0,0.0,0.7170543031114169,0.7463839776767722,0.0,0.0,1.0,1.0,1.0,1.0,4.592797526204524,4.106406289587343,0.0,0.0
400,400.0,0.41729753120679713,0.4352756488599874,6.498416973486559e-16,0.1123677790326781,0.20400108292233196,0.28012869309168303,0.3123142514377832,44.16677618954829,0.4809010951355857,47.26877844234547,0.7124686632090955,1.1032242919084,0.8980570296673582,9.542703628540038e-05,4.0531158447265625e-05,1.0666035977544956,0.8916143285666445,5.53131103515625e-05,3.159046173095703e-05,1501.0,0.12703353770552467,0.06321777515173298,0.48491449691589217,0.5285791186978189,0.0,0.0,0.7206073609964945,0.7462082434548349,0.0,0.0,1.0,1.0,1.0,1.0,4.229766055411094,4.29812525572345,0.0,0.0
401,401.0,0.3987475719321969,0.4279091831980284,1.3850637493972377e-15,0.110593418065151,0.1698549489374272,0.32081889797700563,0.24095910257892683,44.16087373986609,0.478312390281557,47.16712269548901,0.6655945452026115,1.0535006160636913,0.8821335474711124,9.09566879272461e-05,4.124641418457031e-05,1.0906852032004961,0.8932694775184449,5.936622619628906e-05,3.069639205932617e-05,1600.0,0.12207936766261178,0.05942291584839152,0.5021504235447436,0.518060314835877,0.0,0.0,0.695622948958444,0.7210620486702741,0.0,0.0,1.0,1.0,1.0,1.0,4.31289895247327,4.189579341360235,0.0,0.0
402,402.0,0.3932008229524789,0.4186968260914904,3.544971152103239e-16,0.1105761983810067,0.15135307732271028,0.24127098772441968,0.0681870894040912,44.19547047320273,0.4780716570096917,47.43220380706018,0.6632398686249894,1.0487120710068853,0.8837284600292113,9.369850158691406e-05,3.9637088775634766e-05,1.053586455137617,0.8825970714677882,7.140636444091797e-05,3.2782554626464844e-05,1601.0,0.12200309992580015,0.05955883052442995,0.48319374718002017,0.5166051696617842,0.0,0.0,0.6365830002550327,0.7336145679778118,0.0,0.0,1.0,1.0,1.0,1.0,4.865975813086524,4.547284332756495,0.0,0.0
403,403.0,0.39083361480385514,0.40847959906136105,3.6601546166674517e-16,0.1089348761993321,0.28362949326401576,0.3090561574790626,0.31673870753729716,44.2852529072256,0.48577876710747964,47.07322616909769,0.648481891901473,1.0414125579120923,0.8860089389740669,9.518861770629883e-05,4.458427429199219e-05,1.0466043457572765,0.8767487849657276,7.277727127075195e-05,3.88026237487793e-05,1700.0,0.11760580716066024,0.05618527255596665,0.49808835714441224,0.5285913683131683,0.0,0.0,0.6123154975803544,0.6152198807587027,0.0,0.0,1.0,1.0,1.0,1.0,3.9671561156559325,4.085089276528608,0.0,0.0
404,404.0,0.39299217412412035,0.4188880226542429,2.6800562550776974e-16,0.1089189091961625,0.03994192689424378,0.5577028578263707,0.1265336926444433,44.32045182318596,0.4876385354916315,47.146874435806346,0.6492240907766479,1.0419869882437391,0.8971394081993991,0.00010871887207028203,4.1484832763671875e-05,1.0414959297099606,0.8862215699386807,6.16908073425293e-05,3.844499588012695e-05,1701.0,0.11753667872423229,0.0563218722658393,0.5210978660035227,0.5751466702555172,0.0,0.0,0.6124591052483811,0.6150704358189181,0.0,0.0,1.0,1.0,1.0,1.0,3.524112242486293,4.314657911927543,0.0,0.0
405,405.0,0.3959153438685847,0.4087978321383972,4.990306913423452e-16,0.1081659683810848,0.1380184775916859,0.2625679363263771,0.1582653970108367,44.206290332782416,0.4857312199601168,47.238470775129,0.6117123506399818,0.992811727255057,0.881237893525072,9.429454803466798e-05,4.7147274017333984e-05,1.0381297682490096,0.8956062151431323,6.139278411865234e-05,3.409385681152344e-05,1749.0,0.11713561506273365,0.054924426855013975,0.5457970333731421,0.5535838150519379,0.0,0.0,0.626480731404248,0.6262938161273968,0.0,0.0,1.0,1.0,1.0,1.0,4.072054500656542,4.258162814229966,0.0,0.0
406,406.0,0.3971921947721304,0.40545755729469407,1.1943595843260944e-16,0.1081505568300231,0.29177024803357193,0.2576250225538388,0.2823774671996943,44.2754289101593,0.47216877186970413,47.28250271991466,0.6413124858246535,1.0277642612544342,0.8638837648304267,9.727478027343751e-05,4.363059997558594e-05,0.9927655242039692,0.8811984539653874,7.241964340209961e-05,3.8504600524902344e-05,1750.0,0.11904771579271482,0.055124436254960024,0.4974885060943285,0.5202888786618441,0.0,0.0,0.6985039035011619,0.7329307689640554,0.0,0.0,1.0,1.0,1.0,1.0,4.087745459986808,4.18197668154464,0.0,0.0
407,407.0,0.39453765152713116,0.4101786303572147,3.359577928256291e-16,0.1073936834844924,0.09461053728591645,0.3202612150344066,0.22602182207629082,44.15846330348002,0.49792081295445106,47.14531378494733,0.536689823093426,0.9216564303370083,0.9021499559769811,9.512901306152344e-05,4.4345855712890625e-05,1.028047579218389,0.8615801942571805,6.681680679321289e-05,3.594160079956055e-05,1800.0,0.1186655315382119,0.0537584858644793,0.5232070105921492,0.5510994001447647,0.0,0.0,0.5209246939287886,0.5496364384028266,0.0,0.0,1.0,1.0,1.0,1.0,4.521509698293089,5.0259885461196125,0.0,0.0
408,408.0,0.3938612133676834,0.41159449360594275,5.781950530516007e-16,0.1073788141613967,0.20442863955395296,0.20075472653843457,0.28156154247699305,44.2659878310335,0.5126659970357791,47.14334148136641,0.5620244442477279,0.9470908632566377,0.9039323861032514,9.548664093017578e-05,5.120038986206055e-05,0.9213360058806299,0.9018141624156347,6.973743438720703e-05,3.4868717193603516e-05,1801.0,0.11859972109750683,0.053864252105236904,0.5004388997176333,0.5404756951103423,0.0,0.0,0.5727026451672584,0.567141295795929,0.0,0.0,1.0,1.0,1.0,1.0,4.789537038578063,4.825274835448725,0.0,0.0
409,409.0,0.38374230238192475,0.40310548416523273,4.134488027531243e-16,0.1059556926810291,0.2626913107233122,0.3103262315271422,0.26232581515796477,44.17910852304107,0.5001421124924855,46.95886884726511,0.637943206604311,1.0215871882504972,0.8903462187510623,0.000106930732727025,5.364418029785156e-05,0.9351133964392593,0.899311160458765,8.440017700195312e-05,4.088878631591797e-05,1900.0,0.11395111034637055,0.05130364086445125,0.5027857464749849,0.5453571717665308,0.0,0.0,0.6492295667967025,0.7045566182050994,0.0,0.0,1.0,1.0,1.0,1.0,4.5953729551915785,4.350261277971969,0.0,0.0
410,410.0,0.3831495361216497,0.40129870954273084,7.131260721264238e-16,0.1059417922946781,0.31184403202496463,0.2798553162137977,0.24657577479956672,44.21060210702474,0.4927809095584463,46.96520777212279,0.637316708560493,1.0203862057925757,0.8925491955382356,0.0001232624053955,4.774332046508789e-05,1.0213468500870053,0.8908032833252234,7.69495964050293e-05,3.653764724731445e-05,1901.0,0.11459539479554492,0.05142908252504333,0.5181514715856347,0.5477706358042777,0.0,0.0,0.6489237433200019,0.7027795515449227,0.0,0.0,1.0,1.0,1.0,1.0,4.376950307685889,4.134201860524831,0.0,0.0
411,411.0,0.38105409306011695,0.4035548342781776,6.415083589644212e-16,0.1046221428016788,0.206423259107396,0.12766497582197187,0.1618376276455819,44.14272497026185,0.5021256105715781,47.188689471058474,0.5956863440086684,0.961984626501237,0.8803981748395234,0.00010484457015982501,5.328655242919922e-05,1.016043180222126,0.8850564030834062,9.101629257202148e-05,3.802776336669922e-05,1999.0,0.11010243489773512,0.04902020311540335,0.5037537701606323,0.5468275058934038,0.0,0.0,0.6032188137603751,0.6649761089093855,0.0,0.0,1.0,1.0,1.0,1.0,4.23417936758627,4.764883129549985,0.0,0.0
412,412.0,0.3852302483744265,0.3979174655147775,8.332902115624849e-16,0.104609095206139,0.2630058781360276,0.23439067456638435,0.2502000217791646,44.18645894825903,0.523794423655424,47.18671896554676,0.5895430455702457,0.9475466555094033,0.9037368024008935,0.000110387802123975,5.2809715270996094e-05,0.9620303799913543,0.8803927770910597,6.771087646484375e-05,3.8564205169677734e-05,2000.0,0.11110053204139135,0.049112914178795805,0.5319921017739904,0.541686284583663,0.0,0.0,0.5700266965547988,0.6384853000429555,0.0,0.0,1.0,1.0,1.0,1.0,4.5039721954799035,4.482899596608115,0.0,0.0
413,413.0,0.45099532537266485,0.45099532537266757,0.0,0.334370152488211,0.13402269338257605,0.06519086571643128,0.23481060372432694,7.329350702381441e-32,0.0,7.329350702381441e-32,0.0,0.45099532537266485,0.45099532537266757,6.258487701416016e-05,1.6570091247558594e-05,1.0,1.0,2.47955322265625e-05,1.3768672943115233e-05,0.0,3.1209664777984854,7.152557374157098e-08,0.9755615428429172,1.0049251030501485,0.0,0.0,0.9755615428429157,1.0049251030501494,0.0,0.0,0.0,0.0,0.0,0.0,6.07937008082941,5.326109242418205,0.0,0.0
414,414.0,0.4546307166186324,0.45463071661863275,0.0,0.3194715521231362,0.5738779116654769,0.42255941807525227,0.33627398271346465,9.691113590965256e-32,0.0,6.107792251984536e-32,0.0,0.4546307166186324,0.45463071661863275,5.066394805908203e-05,1.5437602996826172e-05,0.6014968234308693,0.6014968234308683,2.104043960571289e-05,1.2636184692382812e-05,1.0,3.421430152778505,2.2717320731322848,0.9755615428429187,1.013063923374051,0.0,0.0,0.9755615428429163,1.0130639233740497,0.0,0.0,0.0,0.0,0.0,0.0,6.7294668526116075,5.727570568006001,0.0,0.0
415,415.0,0.5787810649235126,0.5787810649235152,2.4363227484829822e-15,0.2886751345948129,1.0334878350840881,0.9337676174473017,0.31672351056477055,1.1395533304374358e-31,1.2335811384723961e-17,4.071861501323024e-32,9.25185853854297e-18,0.5787810649235126,0.5787810649235152,4.285573959350586e-05,1.621246337890625e-05,0.7854017092076389,0.7854017092076393,2.1338462829589844e-05,1.52587890625e-05,4.0,3.0591134210891067,2.489436952086261,1.021208988185571,1.0030689732195124,0.0,0.0,1.021208988185571,1.0030689732195124,0.0,0.0,0.0,0.0,0.0,0.0,2.9640711883767907,3.15896289694133,0.0,0.0
416,416.0,0.570571909365206,0.5705719093652061,3.6998182295633345e-15,0.2811706625951745,2.003804472158663,1.5767542691901326,0.4652648604824208,9.479831512249619e-32,8.326672684688675e-18,3.6646753511907207e-32,0.0,0.570571909365206,0.5705719093652061,6.29425048828125e-05,1.52587890625e-05,0.642666471179864,0.642666471179864,2.044439315795898e-05,1.3113021850585938e-05,5.0,2.7809046797474473,2.428905314061836,1.0364747393170521,1.0192023865904902,0.0,0.0,1.0364747393170521,1.0192023865904902,0.0,0.0,0.0,0.0,0.0,0.0,4.745138236073252,4.5058967644779715,0.0,0.0
417,417.0,0.5771794189949221,0.5807137576656163,2.1986380969808898e-15,0.2584865769785853,1.186958481790498,1.326393877796363,0.2934744085650891,10.830154989229056,0.13211813424803434,12.145489719637675,0.11377656762839727,0.6685959092665965,0.6593908094188516,4.225969314575195e-05,1.52587890625e-05,0.7795562215254594,0.7795562215254572,2.086162567138672e-05,1.2755393981933595e-05,9.0,2.2451822997323445,1.9538470270469344,1.0163495397937636,1.0183893003032118,0.0,0.0,0.9670433224266987,0.9696032234807481,0.0,0.0,0.0,0.0,0.0,0.0,6.5217402714619706,7.188750500854718,0.0,0.0
418,418.0,0.5767321171871668,0.5688264941630914,1.6005715271679341e-15,0.2540663740773073,0.7014965357375331,0.6918811979703605,0.2059066279325634,12.938242060274842,0.12812199375875427,14.30978056462271,0.16458418240733394,0.6903496203581901,0.6751337716523091,4.786252975463867e-05,1.519918441772461e-05,0.7402170012990961,0.7050704364932802,2.1696090698242188e-05,1.3232231140136719e-05,10.0,2.4521989166798357,2.1795610282643176,0.9920845123736608,1.0005162334053588,0.0,0.0,0.9830742779699448,0.9773672839415345,0.0,0.0,0.0,0.0,0.0,0.0,3.5917031684013843,4.0108082936608325,0.0,0.0
419,419.0,0.5560969011485059,0.5822332878818943,2.1634740782498116e-15,0.2394868127217873,0.6693259329767898,0.36915655073244125,0.20505147310905156,19.30972965839498,0.21896100863730356,20.15533930183227,0.19712247945456984,0.7375471558865951,0.7576734714679505,4.565715789794922e-05,1.519918441772461e-05,0.7837776656238866,0.7511675225381933,2.193450927734375e-05,1.2993812561035156e-05,14.0,2.2260253669185563,1.9237969770661567,0.9182115932145416,0.9803969887179478,0.0,0.0,1.0122419801927183,1.0379719006700079,0.0,0.0,0.0,0.0,0.0,0.0,6.121374089046872,5.467668750055287,0.0,0.0
420,420.0,0.5740263641810559,0.5809073192026095,1.3697376566312871e-15,0.2364354022507939,0.666171643184498,0.9383867118740454,0.1769541410030797,20.528706540591536,0.24603661722060105,21.05405216129563,0.1915385446216088,0.7633026533895956,0.7847889803594196,4.7147274017333984e-05,1.519918441772461e-05,0.7995967284357297,0.7962734717286822,2.026557922363281e-05,1.2636184692382812e-05,15.0,2.340689443836714,2.069162018746062,1.022081243487328,1.0493761933009105,0.0,0.0,0.9946083761847415,0.9722245735609326,0.0,0.0,0.0,0.0,0.0,0.0,3.780893961936799,4.058561303268822,0.0,0.0
421,421.0,0.6055452184085357,0.6222977018200303,1.3079815008865125e-15,0.2259005009024612,0.3968294055666774,0.5522453393787146,0.10374219715595243,24.40746130264601,0.27225489956326937,25.27466156103955,0.26527542105461893,0.8504037130430279,0.8887625065458699,4.279613494873047e-05,1.4960765838623047e-05,0.9161924982492129,0.862531829837643,2.044439315795898e-05,1.2576580047607422e-05,19.0,2.1276831689077333,1.920118899285943,1.071191056336251,1.0685100548954005,0.0,0.0,1.0289397169027295,1.0085817445581384,0.0,0.0,0.75,0.0,0.75,0.75,4.098946345476001,4.433867180769489,0.0,0.0
422,422.0,0.6573881402469988,0.6741479814152616,1.687538997430238e-15,0.2236067977499789,0.32869792834389955,0.6755443353322335,0.31582031102152536,25.56459249210006,0.2915655368461536,26.107906376894363,0.2890720994243825,0.8870503296870375,0.8547048506796437,4.011392593383789e-05,1.4781951904296877e-05,0.8925155991766668,0.9315426106769908,2.1219253540039062e-05,1.2636184692382812e-05,20.0,2.03091388249893,2.1425267496982086,0.9957169300256606,1.0074836710363602,0.0,0.0,1.0093531113353629,1.0150226964802525,0.0,0.0,0.75,0.75,0.75,0.75,4.814078222517139,4.53406447219756,0.0,0.0
423,423.0,0.6123764388399657,0.6471717398471734,2.7380059004358642e-15,0.207061938283276,0.521852215344552,0.4222846369957551,0.3177418187260627,31.217289991020074,0.356197159571539,32.31457298168142,0.3581847078373468,0.9222463393274616,0.9326445122036778,4.738569259643555e-05,1.4960765838623047e-05,1.023321395153874,0.9910716535452742,2.110004425048828e-05,1.2874603271484377e-05,29.0,1.7853833956138736,1.7480160859532106,0.8704899031485588,0.9043643223284801,0.0,0.0,0.9010382401474375,0.939031339644454,0.0,0.0,1.0,1.0,1.0,1.0,3.2605600744348235,2.9645912414749516,0.0,0.0
424,424.0,0.6245151517498254,0.6419799343227434,1.2593101165033917e-15,0.2055668084502598,1.3130542055587284,1.1980337631539442,0.28002140024909744,31.879626350236396,0.37493959671713917,32.99218710409343,0.34554036220794443,0.9137452443803881,0.9971928493326849,4.3511390686035156e-05,1.519918441772461e-05,0.9346556735281638,0.9159297214359348,2.4974346160888672e-05,1.3053417205810547e-05,30.0,1.8577107622309443,1.858988317440259,0.9330951124840516,0.9066585462617089,0.0,0.0,0.8829988838207248,0.8960630213200728,0.0,0.0,1.0,1.0,1.0,1.0,4.939079569633218,4.399760112973461,0.0,0.0
425,425.0,0.5957713255881744,0.6343357963415258,1.0156805951844208e-15,0.1767766952966368,0.33986197097692633,0.809682666847948,0.5134153421968222,37.127409773421576,0.586688077982257,39.349073652642886,0.48114182314871745,1.0790862492741469,1.1692931447806343,4.5359134674072266e-05,1.5676021575927734e-05,1.1215196050591363,1.1373308486312959,2.1457672119140625e-05,1.3053417205810547e-05,59.0,1.0904465699945745,1.0296402013254946,0.8489940680825129,0.8581792096733667,0.0,0.0,0.828090415741382,0.9319759834251189,0.0,0.0,1.0,1.0,1.0,1.0,3.607809601101689,3.862129633599827,0.0,0.0
426,426.0,0.5805307708047978,0.6613944344560848,1.760130502886498e-15,0.1760928267911618,0.4874164491193369,1.3541278255288491,0.351220685755834,37.88232120612542,0.5335511376927435,39.50951854388805,0.5364478819434069,1.0872677501601018,1.1088333737543918,4.357099533081055e-05,1.5497207641601562e-05,1.0675444241954408,1.1933885911721034,2.1338462829589844e-05,1.3113021850585938e-05,60.0,1.1029838946600679,1.0625722874300936,0.9150171174687004,0.9549276821901496,0.0,0.0,0.9294399074387265,0.9446288361183497,0.0,0.0,1.0,1.0,1.0,1.0,4.115069005665477,4.500859171959519,0.0,0.0
427,427.0,0.5198290667466122,0.6190537363130341,1.5114893463825347e-15,0.1561969968460128,0.33136415347689757,0.4836079850210808,0.4255807301378809,40.60326225678225,0.5456685177930649,43.117611845791174,0.604783036332709,1.0822278399293976,1.097924218453473,5.1140785217285156e-05,1.7940998077392578e-05,1.083115458487906,1.101899307244868,2.372264862060547e-05,1.3768672943115233e-05,100.0,0.7355281022749259,0.6686647324210353,0.7680040284681208,0.7878317911081915,0.0,0.0,0.885834913764966,0.9167600096864997,0.0,0.0,1.0,1.0,1.0,1.0,5.886205316223249,5.299506832181851,0.0,0.0
428,428.0,0.5296103307825203,0.575801465141994,1.2380034104782406e-15,0.1558272972201327,0.3880960876122117,0.3469684742740355,0.37469604809302837,40.56869753271921,0.5808265496562867,42.98362245258642,0.6066357991261737,1.0886527804950474,1.102567415221681,4.3332576751708984e-05,1.5914440155029297e-05,1.0805123218961157,1.0910822809304979,2.3245811462402344e-05,1.3709068298339842e-05,101.0,0.7969007347476822,0.6923586301967313,0.7995184605809179,0.8037936420943423,0.0,0.0,0.8452217931648114,0.9028353282475738,0.0,0.0,1.0,1.0,1.0,1.0,3.5491912668493595,3.398521367859078,0.0,0.0
429,429.0,0.48030855340195594,0.5171159529494391,1.2246301533822612e-15,0.1321391592005922,0.4077426777803339,0.9723390660365112,0.30363424535607914,42.529238304516774,0.5458886941764484,45.59956144441957,0.6189923600993338,1.0749423904436308,1.0223664396229823,5.424022674560547e-05,1.7583370208740234e-05,1.128765908115433,1.0885475408975722,2.753734588623047e-05,1.5497207641601562e-05,200.0,0.4615084116558001,0.3628592349394424,0.7064518737221254,0.7035804657907585,0.0,0.0,0.7477162209512027,0.7416179851885589,0.0,0.0,1.0,1.0,1.0,1.0,4.5230507722280775,4.518136833550261,0.0,0.0
430,430.0,0.4764407428202313,0.5242925641767351,6.103531919359174e-16,0.1319785033908569,0.34131793526466936,0.3890363366808742,0.41532368987100193,42.22739117361965,0.5433021755525704,45.558873685586406,0.6590655125286031,1.1118492042845742,1.0056374596823683,5.0187110900878906e-05,1.7344951629638672e-05,1.080017869086478,1.0288811429870004,2.5987625122070312e-05,1.4781951904296877e-05,201.0,0.45921941162677693,0.3696041450090556,0.6938091812279314,0.7248517483087091,0.0,0.0,0.7726168740525894,0.7702715366111079,0.0,0.0,1.0,1.0,1.0,1.0,5.628293256039246,4.838415797946314,0.0,0.0
431,431.0,0.418503835548295,0.4907701491854415,6.251829655061332e-16,0.119645135119848,0.367027795757167,0.4928502070833929,0.38025312742684036,43.06537740457722,0.5591518480096374,46.7565506494371,0.8203753716340444,1.2178252351769108,1.021096178634926,5.1915645599365234e-05,1.8298625946044922e-05,1.1088947306033088,1.0154725578452712,2.855062484741211e-05,1.5974044799804688e-05,300.0,0.3315354391650447,0.25414063662897646,0.6661385416515432,0.6591638197760656,0.75,0.75,0.8579256346639769,0.8277274157666505,0.0,0.0,1.0,1.0,1.0,1.0,4.38659240172014,4.767036328574098,0.0,0.0
432,432.0,0.4205466274606623,0.5029724811051023,9.054122738405485e-16,0.119547265806775,0.37390987214166665,0.5145797963486984,0.341428829706274,43.018494718803105,0.5540957153306179,46.23779836340197,0.8069203863285721,1.1910796514005548,1.0141868849272426,5.3048133850097656e-05,1.871585845947266e-05,1.2209371030506573,1.025627666924813,3.0517578125e-05,1.615285873413086e-05,301.0,0.3437064977924893,0.25990784056204963,0.5764853052836345,0.6171338685462018,0.0,0.0,0.8352556123996672,0.8133260557831025,0.0,0.0,1.0,1.0,1.0,1.0,4.676747112702632,4.376131322275415,0.0,0.0
433,433.0,0.4094259505437686,0.45888187216922227,1.3617365123025838e-15,0.1114567174960703,0.3859466570429504,0.6339054772397503,0.262822674412746,43.35243849282605,0.5738573903890511,47.25039686632062,0.7258145429987911,1.1128887052577854,0.9580455222479698,5.942583084106445e-05,1.931190490722656e-05,1.1848073635497633,1.0090104833839812,2.962350845336914e-05,1.7344951629638672e-05,400.0,0.26950265920397265,0.20007852665818804,0.6354170419570188,0.6269806134642467,0.0,0.0,0.7490932038768118,0.7532071264840877,0.0,0.0,1.0,1.0,1.0,1.0,4.365213779029209,4.509416688180085,0.0,0.0
434,434.0,0.4088995475262649,0.4525738362263164,3.241796541116067e-16,0.1113880230304705,0.1274538862053305,0.24487963394494727,0.1445772564620711,43.45536456709668,0.5714164260011796,47.16725319208595,0.704709878765002,1.102808209500747,0.9825326136174607,6.347894668579102e-05,2.020597457885742e-05,1.1136713096051234,0.9573597484125449,3.5703182220458984e-05,1.7464160919189453e-05,401.0,0.26882803625330615,0.20201932862268748,0.6331221885740818,0.6465701443529666,0.0,0.0,0.741531030725434,0.7240765985366218,0.0,0.0,1.0,1.0,1.0,1.0,4.593212247831968,4.981888455353143,0.0,0.0
435,435.0,0.36925421291167737,0.422438102037652,5.988608948671142e-16,0.105474423379555,0.24017514090519393,0.24373544991249219,0.05626351316459475,43.84094498676301,0.5192049038537495,47.553524035231256,0.6918106546299705,1.0420179334355006,0.9369798745009534,6.240606307983398e-05,2.0742416381835938e-05,1.0897399083161305,0.9498360125249479,3.451108932495117e-05,1.8358230590820312e-05,500.0,0.22982550927097942,0.16357298984396088,0.5310560761309323,0.5761217769255631,0.0,0.0,0.6339462715308565,0.702807279932615,0.0,0.0,1.0,1.0,1.0,1.0,3.578491041244954,3.8475005090966867,0.0,0.0
436,436.0,0.3693715609584688,0.426731995470209,6.933408612283587e-16,0.1054222728452563,0.29578836180735374,0.6693250802345574,0.10455779649782922,43.715983233735855,0.5563424625456099,47.576334378118865,0.6913647015653228,1.0414435052988582,0.9674489221883745,6.443262100219727e-05,2.1338462829589844e-05,1.040880908718732,0.9372317965330945,3.933906555175781e-05,1.919269561767578e-05,501.0,0.22936903849524976,0.16457545051341144,0.5911601550785788,0.6022095623576016,0.0,0.0,0.7406305095011165,0.7036031110044026,0.0,0.0,1.0,1.0,1.0,1.0,4.382946341420245,4.809005667328936,0.0,0.0
437,437.0,0.3802731333399147,0.3926883470035276,2.1378674771707555e-16,0.1008163942633923,0.15471395646454764,0.5238784655812196,0.2975866631022654,43.73903046816409,0.4955896369857483,47.205373998732234,0.6402473096776016,0.9876060826840368,0.8593743443358974,6.80685043334961e-05,2.282857894897461e-05,1.0269516506921161,0.9408607204461513,4.2498111724853516e-05,1.9848346710205078e-05,600.0,0.2077393703148506,0.1385254628771866,0.5610288196985425,0.5563648917870508,0.0,0.0,0.6995221879130671,0.6673337844587752,0.0,0.0,1.0,1.0,1.0,1.0,4.275256747323652,4.388556012821046,0.0,0.0
438,438.0,0.3748789628506463,0.42427780694436,5.343635325206973e-16,0.1007747775799075,0.16437092277919868,0.5481753943604417,0.178600491490215,43.75508350409296,0.4943520007344412,47.19035469965567,0.6286446231729798,0.9662539381129749,0.8883372957800063,6.532669067382812e-05,2.193450927734375e-05,0.9870743799955108,0.8618543400701175,3.546476364135742e-05,1.9490718841552734e-05,601.0,0.20739813745121233,0.13953088942023328,0.5077523271639902,0.5602994220690325,0.0,0.0,0.6933226696777781,0.663432566144013,0.0,0.0,1.0,1.0,1.0,1.0,4.500177627364122,4.53352911862689,0.0,0.0
439,439.0,0.3532985115864095,0.38989551496966224,5.227890618438813e-16,0.0970337297769897,0.19797393504995847,0.3035310902632773,0.15436219424009315,43.807285079002384,0.549406482143407,47.18203665300808,0.6923495464361807,1.0161792911521965,0.9328216287788104,6.306171417236328e-05,2.372264862060547e-05,0.9570161857678433,0.8786938163784006,3.8623809814453125e-05,2.026557922363281e-05,700.0,0.18584932268166854,0.12075060278127155,0.575307733570301,0.609039924974107,0.0,0.0,0.7112423115814254,0.7382814138271477,0.0,0.0,1.0,1.0,1.0,1.0,3.7340284931825396,3.691624546094645,0.0,0.0
440,440.0,0.3529967837620062,0.3840832130888744,4.0383183105345635e-16,0.0969993511250836,0.28307249501813203,0.3129698178381659,0.17680284375092015,43.82570303281453,0.5115671038875348,47.19197151719692,0.6926776441096828,1.0168572585412146,0.8634325826943019,7.051229476928711e-05,2.4437904357910156e-05,1.0153579828725396,0.9338503188157187,3.55839729309082e-05,2.0563602447509766e-05,701.0,0.18558381666774967,0.12171972963348242,0.5585244831526678,0.5563451491605083,0.0,0.0,0.7114506410768501,0.7407956248209819,0.0,0.0,1.0,1.0,1.0,1.0,5.012809545312335,4.827988404919771,0.0,0.0
441,441.0,0.33388228290784244,0.36272845441817847,6.691679646560571e-16,0.0938687499151236,0.1649424273637123,0.33357355860061944,0.1871554122772067,43.928666168176406,0.5007144981450651,47.88878568749394,0.7210081745636752,1.0215990948184897,0.8677074128853521,6.651878356933594e-05,2.5570392608642578e-05,1.021848992928354,0.8426155195698954,4.392862319946289e-05,2.241134643554688e-05,800.0,0.16806960749707767,0.10757496508242417,0.5477295540095153,0.5385934720594537,0.0,0.0,0.7227078899843151,0.7361377630084094,0.0,0.0,1.0,1.0,1.0,1.0,4.1156199801519735,4.435687708051427,0.0,0.0
442,442.0,0.33242431316325444,0.3694133823171226,4.061749558143214e-16,0.0938396207417439,0.1771974869188852,0.3683651358587667,0.2800705463741906,43.80832283730152,0.510312459574698,47.8824163223528,0.7194633806033548,1.025838593942118,0.8561206232819212,6.604194641113281e-05,2.5391578674316406e-05,1.023039501711822,0.8669816003204893,5.316734313964844e-05,2.1696090698242188e-05,801.0,0.16786066834040167,0.10846130021106552,0.5246200855213541,0.5420000031897144,0.0,0.0,0.7265585965682421,0.7380210696827587,0.0,0.0,1.0,1.0,1.0,1.0,4.606706253861505,4.849518243508797,0.0,0.0
443,443.0,0.33786900174900436,0.3705404703742502,6.780334427738387e-16,0.0911607436972278,0.15447225503157822,0.35451241582632065,0.197104510909412,43.84600980005923,0.5085967452757171,47.59389690757655,0.7728738051517198,1.0802213025943843,0.8517962893266162,7.444620132446289e-05,2.7298927307128903e-05,1.0135648391956467,0.8525867722188781,3.719329833984375e-05,2.276897430419922e-05,900.0,0.16186373013943875,0.09743631722769745,0.5264418174664889,0.6066163235205171,0.0,0.0,0.797884927055305,0.78161028837284,0.0,0.0,1.0,1.0,1.0,1.0,4.255055001467463,3.80413657324674,0.0,0.0
444,444.0,0.3374741415188207,0.36279732539739357,5.444504302880321e-16,0.0911355785481921,0.1992679439135827,0.1034924748237244,0.2221568740205839,44.04369950694742,0.5173278629785963,47.58727284070212,0.7658195919332529,1.0537279176189043,0.8595151481339531,7.140636444091797e-05,2.79545783996582e-05,1.079732750514588,0.8511320720009585,4.839897155761719e-05,2.3543834686279297e-05,901.0,0.161684267698819,0.09800570742595323,0.5162384822667401,0.5326593576184688,0.0,0.0,0.7574801250730011,0.7809910151147875,0.0,0.0,1.0,1.0,1.0,1.0,3.2405037742772125,3.2440586673612306,0.0,0.0
445,445.0,0.33644518879565843,0.349534856047522,4.970043171928935e-16,0.088803174061834,0.3103190391557291,0.3922289197216742,0.17141906899632886,44.02096601502784,0.5114085007252567,47.54766428579022,0.7031893284679359,1.0297069070098437,0.8555180842737975,7.37309455871582e-05,2.9921531677246097e-05,1.0530831521040185,0.8624442631923155,5.322694778442383e-05,2.3603439331054688e-05,1000.0,0.150448163307165,0.08887866654519203,0.5143346149779902,0.5268484867989662,0.0,0.0,0.753512949053611,0.7623599451265597,0.0,0.0,1.0,1.0,1.0,1.0,4.42592347290525,4.7009509842302695,0.0,0.0
446,446.0,0.3319216765125965,0.35621308934929513,7.930755676652615e-16,0.0887810974475585,0.26711507496656844,0.3339745862176641,0.17236489086644718,44.00854177170851,0.5098003268121496,47.55134521484634,0.7099145442215263,1.0343763346032624,0.8405559177613495,7.671117782592773e-05,2.789497375488281e-05,1.0289713804332299,0.8555434772843622,4.905462265014649e-05,2.5033950805664062e-05,1001.0,0.15480093657879337,0.08916689756746304,0.5284470087184082,0.5582605194755147,0.0,0.0,0.7545246344228209,0.7778064023075294,0.0,0.0,1.0,1.0,1.0,1.0,3.728772522368879,4.560732101038051,0.0,0.0
447,447.0,0.3301728974670133,0.3446831556551276,8.110405258398571e-16,0.0867220298998607,0.18128973315469912,0.4115070138359442,0.23178235872182995,44.198309093246756,0.5420196219649693,47.44847496439695,0.7458886910067843,1.0374599383590735,0.8731804943042375,8.541345596313477e-05,2.9921531677246094e-05,1.021900713541085,0.840771449619762,5.328655242919922e-05,2.5510787963867188e-05,1100.0,0.14771354715763535,0.08165040191841605,0.5313846504976822,0.5770802074927367,0.0,0.0,0.7794842309448416,0.7579925486341561,0.0,0.0,1.0,1.0,1.0,1.0,4.068901747872253,4.2331347410762135,0.0,0.0
448,448.0,0.3300410984278339,0.34898163343158684,4.788715134696483e-16,0.086702420621072,0.2432859622058458,0.36983539053471753,0.22798168472945682,44.150591294241615,0.47859035123324456,47.45919129771199,0.7519985056025544,1.0428884143991908,0.819101611319373,9.131431579589844e-05,3.49879264831543e-05,1.0367093875842501,0.8726626532234955,6.854534149169922e-05,2.5987625122070316e-05,1101.0,0.1489814659003463,0.08227919829290561,0.49200726692468005,0.5243675990523136,0.0,0.0,0.7872676051088215,0.7512789607675171,0.0,0.0,1.0,1.0,1.0,1.0,4.056728555869396,4.263091990514046,0.0,0.0
449,449.0,0.32428080172577733,0.32713562355641124,7.553432291811775e-16,0.0848639500845086,0.28698765143053606,0.09219544334337107,0.15733089705463496,44.14343678734475,0.5138934807536116,47.377039684706986,0.6771852713568445,0.9564348875947912,0.8247036023888032,8.958578109741211e-05,3.886222839355469e-05,1.039569739532683,0.8123851520422534,6.711483001708984e-05,2.944469451904297e-05,1200.0,0.14225191377477747,0.07596919953214824,0.5116733697479383,0.5307351824031763,0.0,0.0,0.6846650958762763,0.7624953469767932,0.0,0.0,1.0,1.0,1.0,1.0,4.13147913430902,3.829093707361761,0.0,0.0
450,450.0,0.32224893889595907,0.34926419031447253,4.993932299200097e-16,0.0848463525822491,0.29596833162941033,0.44326332019409165,0.24822560953907663,44.13398754001664,0.508188794192102,47.4526316357926,0.6720801786486059,0.9536884046106542,0.8309567286890311,8.314847946166992e-05,3.36766242980957e-05,0.9565152609514398,0.8242890384068529,5.221366882324219e-05,2.6106834411621094e-05,1201.0,0.1421343879618705,0.0762679782653876,0.516666812756147,0.552455136373329,0.0,0.0,0.6849512625899155,0.7622171411995653,0.0,0.0,1.0,1.0,1.0,1.0,4.954727304743634,5.0960360993196,0.0,0.0
451,451.0,0.30007918875983214,0.3417552902109517,4.447310852032151e-16,0.0840225040335106,0.12961678538704285,0.2280107328551821,0.2022394653758965,44.22268696431367,0.4921284122955513,47.91177561858146,0.6443852148880408,0.9279599099290085,0.8234373871721254,8.445978164672852e-05,3.409385681152344e-05,0.9487314681369812,0.8240695037392098,5.7756900787353516e-05,2.7120113372802734e-05,1249.0,0.14123266761582343,0.0736384263170798,0.4948190760398137,0.5409436273590116,0.0,0.0,0.6702894167752258,0.6942969566298788,0.0,0.0,1.0,1.0,1.0,1.0,4.91460647714307,5.055477415868948,0.0,0.0
452,452.0,0.3058832735521915,0.33828687123620826,5.450929658951441e-16,0.0840057614793203,0.06916684005409472,0.2923170939902775,0.2699242671369575,44.17418780753987,0.5036574108043566,47.547144162700356,0.6095797169449024,0.925377052761786,0.8345163580894541,8.445978164672852e-05,3.427267074584961e-05,0.9273854077496275,0.8229777668486756,5.8650970458984375e-05,2.7179718017578125e-05,1250.0,0.1411191239485584,0.0739471069097859,0.5023598878338679,0.5313826244314792,0.0,0.0,0.5453069969435184,0.5753455800608748,0.0,0.0,1.0,1.0,1.0,1.0,4.48093881452661,4.788507545682064,0.0,0.0
453,453.0,0.3078548114139901,0.3262667949719106,4.509377120326162e-16,0.0831892820889706,0.31091087008826435,0.4735520792310126,0.15560919448034832,44.12018127617584,0.553154844380843,47.39079629255318,0.5747898368775113,0.8830807588062648,0.8644337897890957,8.547306060791016e-05,3.552436828613281e-05,0.9223496659003636,0.8286620877408215,5.334615707397461e-05,3.254413604736328e-05,1300.0,0.13931740028832873,0.07146567033523088,0.5588801269035287,0.5897030814897841,0.0,0.0,0.564611238972859,0.5843343040174406,0.0,0.0,1.0,1.0,1.0,1.0,5.0793716782906895,4.539569384270891,0.0,0.0
454,454.0,0.3039152216797251,0.3295334988144011,7.472540537680921e-16,0.0831733530730009,0.19688934658188367,0.7040839275578037,0.24112675874494016,44.10428824169948,0.5049248770696855,47.28363510302134,0.595969575940652,0.9012160108092675,0.8185640619402474,9.185075759887695e-05,3.254413604736328e-05,0.882580496648727,0.8641867728249587,5.507469177246094e-05,2.8252601623535156e-05,1301.0,0.1392105167106814,0.07160934885172357,0.5072212632067367,0.5567175787399105,0.0,0.0,0.5687209615697024,0.6025894762363836,0.0,0.0,1.0,1.0,1.0,1.0,4.381912708989471,4.180116161115411,0.0,0.0
455,455.0,0.30629471867358915,0.31869131217542396,1.4412551816294937e-15,0.0816678125481673,0.15652407362358642,0.3210700878989882,0.11731216497719288,44.20322033951696,0.5325153190212886,47.20140658754045,0.604525601486722,0.8989285359430993,0.8645342059400651,8.469820022583008e-05,3.892183303833008e-05,0.9000869160812788,0.8149324064796866,7.146596908569336e-05,2.9325485229492188e-05,1400.0,0.13365074261713183,0.06673681471992247,0.5045053141627828,0.5642958424904437,0.0,0.0,0.6067195531690619,0.6422599720485519,0.0,0.0,1.0,1.0,1.0,1.0,4.470531484947013,4.795314255944157,0.0,0.0
456,456.0,0.3062349553962662,0.3254305945288135,3.5320253123387804e-16,0.0816532873697275,0.060672127059660824,0.26992457348387683,0.10779353289399295,44.26904265961774,0.5066187580259902,47.19363423492179,0.6040956401765107,0.8984502961919488,0.8182752764468393,8.45193862915039e-05,3.463029861450195e-05,0.8984502961922491,0.864140241092028,5.835294723510742e-05,2.849102020263672e-05,1401.0,0.13355567358513556,0.06697889014104862,0.5093913359399187,0.5444439321359121,0.0,0.0,0.6082427754305813,0.6458848704629784,0.0,0.0,1.0,1.0,1.0,1.0,4.499564958435343,4.698062383418515,0.0,0.0
457,457.0,0.30829104142433406,0.3146094622350406,1.3843646973446828e-15,0.0802893690915395,0.1358268004260026,0.26590842672158027,0.14095272449776527,44.096155289650895,0.522422953436754,47.27969815277423,0.6795758677534862,0.9591576037596253,0.83523919631595,9.071826934814453e-05,3.9458274841308594e-05,0.8877372556978245,0.8154586357720821,6.526708602905273e-05,3.212690353393555e-05,1499.0,0.12713534181691524,0.06278709886509509,0.5018403388229313,0.5287865718409953,0.0,0.0,0.699614615204023,0.7327327709932981,0.0,0.0,1.0,1.0,1.0,1.0,3.7703585172466276,3.6367633720782058,0.0,0.0
458,458.0,0.3081547535740185,0.31171455467493164,4.539742520626721e-16,0.0802760286625518,0.215942706039641,0.2630897107883356,0.1041035110247321,44.15135632103468,0.5061300222126073,47.2666776012938,0.700602969960528,0.9653403494515769,0.8155889803373526,8.952617645263673e-05,4.2319297790527344e-05,0.9596560061223629,0.8349922161474126,6.896257400512695e-05,3.3736228942871094e-05,1500.0,0.12705025633650435,0.06298204496396723,0.49036300401783706,0.5377672739755416,0.0,0.0,0.7078253528236083,0.7463839775041766,0.0,0.0,1.0,1.0,1.0,1.0,4.592797526204524,4.106406289587343,0.0,0.0
459,459.0,0.30791676807704,0.32292972926246866,6.498416973486559e-16,0.0802626993090558,0.17831956851296124,0.17479573679156596,0.07217993517406283,44.16677618954829,0.5127524573348459,47.26877844234547,0.7124686632082101,0.9957518305212202,0.8112859815745008,8.279085159301758e-05,4.1365623474121094e-05,0.9652562170312229,0.8160402333539822,6.562471389770508e-05,3.7789344787597656e-05,1501.0,0.12696586594702158,0.06315010339322988,0.49133126864851945,0.5428989378810289,0.0,0.0,0.7078253528268359,0.7462082434510747,0.0,0.0,1.0,1.0,1.0,1.0,4.229766055411094,4.29812525572345,0.0,0.0
460,460.0,0.2890620159306048,0.31574607825422496,1.3850637493972377e-15,0.078995298617965,0.08717492310097441,0.21138447371777147,0.18785455968463793,44.16087373986609,0.5073619182424471,47.16712269548901,0.6628409808908481,0.9438343535169152,0.8193080103020242,9.006261825561523e-05,4.851818084716797e-05,0.9867390613245645,0.8094602371743667,6.026029586791992e-05,3.349781036376953e-05,1600.0,0.12201556382654177,0.0593591120123215,0.5006249350268861,0.5211813864494264,0.0,0.0,0.6939587381353127,0.7102761926637216,0.0,0.0,1.0,1.0,1.0,1.0,4.31289895247327,4.189579341360235,0.0,0.0
461,461.0,0.2859687383934072,0.3067840849804879,3.544971152103239e-16,0.0789829988435762,0.3176009009475819,0.3249166678870097,0.1847312180325389,44.19547047320273,0.5011391813387363,47.43220380706018,0.6601124843431395,0.9369350494107265,0.8003685711980926,8.475780487060547e-05,3.921985626220703e-05,0.9438957677619302,0.8197912290625411,5.936622619628906e-05,3.165006637573242e-05,1601.0,0.12193933284623845,0.05949506344486825,0.4808315029484972,0.511627072408953,0.0,0.0,0.6311693855915592,0.7167731659592804,0.0,0.0,1.0,1.0,1.0,1.0,4.865975813086524,4.547284332756495,0.0,0.0
462,462.0,0.2838289648886961,0.29423296126023835,3.6601546166674517e-16,0.0778106258566658,0.11089057981735087,0.1434220747323706,0.25238875509239733,44.2852529072256,0.4857787671132159,47.07322616909769,0.6450145356346043,0.9259714024741247,0.7691258932025679,9.304285049438477e-05,3.7670135498046875e-05,0.9375281362474398,0.7952216844571257,7.170438766479492e-05,3.337860107421875e-05,1700.0,0.11754547570231064,0.05612494109761712,0.4979992509483179,0.5305632800026636,0.0,0.0,0.5945990687928604,0.6071115360864825,0.0,0.0,1.0,1.0,1.0,1.0,3.9671561156559325,4.085089276528608,0.0,0.0
463,463.0,0.28381820398307916,0.30273682941840435,2.6800562550776974e-16,0.0777992208544018,0.09572791244136165,0.312098377966322,0.14368163270410148,44.32045182318596,0.5324296564259776,47.146874435806346,0.6323942167393871,0.9137952144845883,0.8303664270058468,9.5367431640625e-05,3.916025161743164e-05,0.9260918676629175,0.7689972492481505,7.051229476928711e-05,3.24249267578125e-05,1701.0,0.11747638003289651,0.0562615735745035,0.531431677633237,0.5675758932085319,0.0,0.0,0.58942359062432,0.6053589899045381,0.0,0.0,1.0,1.0,1.0,1.0,3.524112242486293,4.314657911927543,0.0,0.0
464,464.0,0.28863080441162225,0.29706589862215255,4.990306913423452e-16,0.0772614059864891,0.14952059328788883,0.3173785047838464,0.18494075204944235,44.206290332782416,0.531846142309045,47.238470775129,0.5943427527180493,0.8697537127877375,0.8100607431956198,0.00010919570922847501,5.0961971282958984e-05,0.9115112975743613,0.8283471883898542,8.660554885864258e-05,3.820657730102539e-05,1749.0,0.11707684734924753,0.05486565914152787,0.5625234216478008,0.5663703334697046,0.0,0.0,0.6133167149701264,0.6108583854362051,0.0,0.0,1.0,1.0,1.0,1.0,4.072054500656542,4.258162814229966,0.0,0.0
465,465.0,0.28968228393856255,0.29542026453689296,1.1943595843260944e-16,0.0772503977357308,0.22457973001291975,0.34684444789309055,0.14732395496685055,44.2754289101593,0.5145691876190877,47.28250271991466,0.6569797827058904,0.9389572034575375,0.8082025304305347,9.948015213012695e-05,4.780292510986328e-05,0.8697375890940638,0.8097174393938422,7.385015487670898e-05,3.546476364135742e-05,1750.0,0.1189889791268662,0.05506569958911142,0.510763174564071,0.5347446501670617,0.0,0.0,0.6731758369494005,0.7224825239636197,0.0,0.0,1.0,1.0,1.0,1.0,4.087745459986808,4.18197668154464,0.0,0.0
466,466.0,0.28699207151921824,0.2992373156507059,3.359577928256291e-16,0.0767097739174945,0.1767011185875162,0.14396077016135672,0.0900394881609827,44.15846330348002,0.5333512923895767,47.14531378494733,0.5540063515024388,0.8288642336248854,0.8350287361877627,0.000102400779724059,5.418062210083008e-05,0.9373454321762438,0.805156805094976,8.314847946166992e-05,4.374980926513672e-05,1800.0,0.11860830546856822,0.05370125979483568,0.5242804514643812,0.5864578772909312,0.0,0.0,0.531629727633771,0.5708191790210764,0.0,0.0,1.0,1.0,1.0,1.0,4.521509698293089,5.0259885461196125,0.0,0.0
467,467.0,0.2853252977752747,0.3012796717607522,5.781950530516007e-16,0.0766991529724262,0.11222816730150947,0.15391461917897684,0.1060669308644719,44.2659878310335,0.5142387395417756,47.14334148136641,0.5535935106095171,0.8283043494246537,0.801418417672312,0.00010162591934197499,4.9948692321777344e-05,0.8285138580955556,0.8346944807889463,6.979703903198242e-05,3.546476364135742e-05,1801.0,0.11854252442724802,0.05380705543497812,0.5210318423882845,0.5785188088903458,0.0,0.0,0.5324942422785779,0.5704270225995334,0.0,0.0,1.0,1.0,1.0,1.0,4.789537038578063,4.825274835448725,0.0,0.0
468,468.0,0.2777994021016413,0.29121107037800165,4.134488027531243e-16,0.0756826376293065,0.14214130467735225,0.21627742814598597,0.15525053284363816,44.17910852304107,0.5466988111594195,46.95886884726511,0.5885658095723685,0.8710776855220947,0.8292728448993694,0.00010228157043450469,5.203485488891602e-05,0.8263260301639654,0.7972761165472292,8.577108383178711e-05,3.8564205169677734e-05,1900.0,0.11389667846528503,0.05124920898336575,0.5526445170217447,0.5914536673036475,0.0,0.0,0.5987527548636802,0.6127910678744213,0.0,0.0,1.0,1.0,1.0,1.0,4.5953729551915785,4.350261277971969,0.0,0.0
469,469.0,0.2768587559971898,0.28920993977616716,7.131260721264238e-16,0.0756727087819129,0.16404156485805282,0.09943411010317497,0.15816223830915982,44.21060210702474,0.508301602726781,46.96520777212279,0.5886152910044384,0.8711780715178882,0.7944961577389471,9.8705291748e-05,4.202127456665039e-05,0.8709521054683325,0.8299459783856497,6.23464584350586e-05,3.534555435180664e-05,1901.0,0.11454098944460772,0.051374677174106126,0.5233639471527191,0.5579532758479373,0.0,0.0,0.5987527550161837,0.6116797874349005,0.0,0.0,1.0,1.0,1.0,1.0,4.376950307685889,4.134201860524831,0.0,0.0
470,470.0,0.2753089270322519,0.29231330083938345,6.415083589644212e-16,0.0747301020011991,0.07347329641925167,0.21546436176868156,0.08593049529008565,44.14272497026185,0.5080482867611998,47.188689471058474,0.5917985094445635,0.8534518860599223,0.7942189075608326,0.00011765956878655,5.4836273193359375e-05,0.8648840172957276,0.7875754099004115,9.411573410034178e-05,3.796815872192383e-05,1999.0,0.11005050688763772,0.04896827510530595,0.5192282756485095,0.5493843249413335,0.0,0.0,0.6032188137362564,0.6649761089086679,0.0,0.0,1.0,1.0,1.0,1.0,4.23417936758627,4.764883129549985,0.0,0.0
471,471.0,0.28225396102610467,0.28913255796896475,8.332902115624849e-16,0.0747207822900992,0.12108282925328234,0.39917404897278175,0.10466537665342908,44.18645894825903,0.5547855237016477,47.18671896554676,0.5867852990603736,0.8430688372129891,0.8371593916806817,0.00010037422180170859,3.8564205169677734e-05,0.8535215516057635,0.7939279940662008,6.663799285888672e-05,3.892183303833008e-05,2000.0,0.11104862811931276,0.049061010256717205,0.5626517155561137,0.5873706464179638,0.0,0.0,0.570026696554752,0.6384853000426275,0.0,0.0,1.0,1.0,1.0,1.0,4.5039721954799035,4.482899596608115,0.0,0.0
472,472.0,0.2705971952236058,0.2705971952236037,0.0,0.2006220914929266,0.17582709074486044,0.15998105809558177,0.16456040053162718,7.329350702381441e-32,0.0,7.329350702381441e-32,0.0,0.2705971952236058,0.2705971952236037,6.16312026977539e-05,1.5914440155029297e-05,1.0,1.0,2.09808349609375e-05,1.2814998626708986e-05,0.0,3.120966477798486,7.152557374157098e-08,0.9755615428429146,1.0049251030501503,0.0,0.0,0.9755615428429218,1.004925103050147,0.0,0.0,0.0,0.0,0.0,0.0,6.07937008082941,5.326109242418205,0.0,0.0
473,473.0,0.27277842997118074,0.2727784299711814,0.0,0.1916829312738817,0.4423784455866553,0.22525408846559003,0.1519954574177973,9.691113590965256e-32,0.0,6.107792251984536e-32,0.0,0.27277842997118074,0.2727784299711814,4.1425228118896484e-05,1.537799835205078e-05,0.4262630566801172,0.4262630566801163,2.0623207092285156e-05,1.2755393981933595e-05,1.0,3.418450432705489,2.2687523530592695,0.9755615428429191,1.0130639233740488,0.0,0.0,0.9755615428429212,1.0130639233740446,0.0,0.0,0.0,0.0,0.0,0.0,6.7294668526116075,5.727570568006001,0.0,0.0
474,474.0,0.36062004518047774,0.36062004518047774,2.4363227484829822e-15,0.1732050807568877,2.01190772280097,1.8353294609114528,0.16914393054321403,1.1395533304374358e-31,0.0,4.071861501323024e-32,0.0,0.36062004518047774,0.36062004518047774,4.476308822631836e-05,1.537799835205078e-05,0.6280552054391191,0.628055205439115,2.0325183868408203e-05,1.4424324035644531e-05,4.0,3.0554578196576343,2.485781350654789,1.0669489141016357,1.0243759889200033,0.0,0.0,1.0669489141016357,1.0243759889200035,0.0,0.0,0.0,0.0,0.0,0.0,2.9640711883767907,3.15896289694133,0.0,0.0
475,475.0,0.36480503838590256,0.3648050383859028,3.6998182295633345e-15,0.1687023975571047,2.7274732036166824,2.9147526744636707,0.4412967399694025,9.479831512249619e-32,0.0,3.6646753511907207e-32,0.0,0.36480503838590256,0.36480503838590267,4.8458576202392585e-05,1.5616416931152344e-05,0.4391603247470218,0.4391603247470218,2.09808349609375e-05,1.3053417205810547e-05,5.0,2.7773580470879113,2.4253586814023,1.0677202867376607,1.0406268472388014,0.0,0.0,1.0677202867376607,1.0406268472388014,0.0,0.0,0.0,0.0,0.0,0.0,4.745138236073252,4.5058967644779715,0.0,0.0
476,476.0,0.36562379943583345,0.37673853291730436,2.1986380969808898e-15,0.1550919461871511,2.352337131917011,3.3474068085779436,0.2837466103956103,10.830154989229056,0.15643548481157407,12.145489719637675,0.12297966925778753,0.4834266601980527,0.5076901941907546,4.380941390991211e-05,1.5437602996826172e-05,0.6250199733778017,0.6250199733778018,2.0742416381835938e-05,1.2636184692382812e-05,9.0,2.2421469567119585,1.9508116840265495,0.9996865281601689,1.073381690474497,0.0,0.0,1.0173148717517475,0.9807547433368331,0.0,0.0,0.0,0.0,0.0,0.0,6.5217402714619706,7.188750500854718,0.0,0.0
477,477.0,0.3885740200099793,0.38353827399545176,1.6005715271679341e-15,0.1524398244463844,2.7078988658613525,1.8507837978540922,0.14297877688659352,12.938242060274842,0.16257691272930042,14.30978056462271,0.1651164522782758,0.5298788515341137,0.527796664349924,4.3690204620361335e-05,1.4722347259521486e-05,0.5538231918019937,0.5340629268691057,1.9490718841552734e-05,1.2814998626708986e-05,10.0,2.4492787792830755,2.1766408908675574,1.0349073464000549,1.0294678849450267,0.0,0.0,0.9883053268020364,1.0434537201358898,0.0,0.0,0.0,0.0,0.0,0.0,3.5917031684013843,4.0108082936608325,0.0,0.0
478,478.0,0.3579216813082151,0.37377604416756866,2.1634740782498116e-15,0.1436920876330724,1.6221193984383717,2.052052340004593,0.17765270237578076,19.30972965839498,0.2389556679409751,20.15533930183227,0.19379389487942558,0.5417182829564695,0.5772287248439311,4.64320182800293e-05,1.5020370483398438e-05,0.6667832150972174,0.6164494817362558,2.1219253540039062e-05,1.2874603271484377e-05,14.0,2.223495144524785,1.9212667546723852,0.9872313646743613,1.0303910437986374,0.0,0.0,1.0687105521699665,1.0881626439393843,0.0,0.0,0.0,0.0,0.0,0.0,6.121374089046872,5.467668750055287,0.0,0.0
479,479.0,0.3663569422129106,0.36822273664321503,1.3697376566312871e-15,0.1418612413504763,1.0821830333443359,0.9873955073999241,0.4688476639566943,20.528706540591536,0.25906214639960584,21.05405216129563,0.23840097534975074,0.5922762021580351,0.6419969607201454,3.993511199951172e-05,1.5020370483398438e-05,0.5862721361302237,0.6027854813408388,2.0086765289306637e-05,1.3053417205810547e-05,15.0,2.338241075080778,2.0667136499901257,1.0685875974469652,1.1106861819640315,0.0,0.0,1.0485641903091596,1.121291211898586,0.0,0.0,0.0,0.0,0.0,0.0,3.780893961936799,4.058561303268822,0.0,0.0
480,480.0,0.4159823387874347,0.38786991900826245,1.3079815008865125e-15,0.1355403005414767,1.0428053745999932,1.4657050954410806,0.31715985009213904,24.40746130264601,0.33138316901267456,25.27466156103955,0.3189082844012955,0.7312196450645707,0.7247982890616838,4.6253204345703125e-05,1.4781951904296877e-05,0.7303071750610222,0.6936563932285595,2.050399780273437e-05,1.2636184692382812e-05,19.0,2.1255137758760183,1.917949506254228,0.9837152775205315,1.0762352224970446,0.0,0.0,1.0456825659758664,1.078078452982059,0.0,0.0,0.0,0.0,0.0,0.0,4.098946345476001,4.433867180769489,0.0,0.0
481,481.0,0.4469003958654564,0.45063733698281955,1.687538997430238e-15,0.1341640786499873,1.416534647520166,1.2981356555246748,0.17579190596006808,25.56459249210006,0.36298228550206746,26.107906376894363,0.3389793246760564,0.7551905767890195,0.7934600366294051,4.470348358154297e-05,1.4960765838623047e-05,0.8061744199906578,0.7910502593136796,2.2172927856445312e-05,1.2636184692382812e-05,20.0,2.0288041043134397,2.140416971512718,0.98783799255812,1.0461253946234574,0.0,0.0,1.0414487055590396,1.0603861075592331,0.0,0.0,0.0,0.0,0.0,0.0,4.814078222517139,4.53406447219756,0.0,0.0
482,482.0,0.40210695210343567,0.43439188485706504,2.7380059004358642e-15,0.1242371629699656,1.0356672309571877,2.2810742880101316,0.25145879667252297,31.217289991020074,0.43816536714298215,32.31457298168142,0.43808366335343135,0.7769188516551002,0.8404518858490413,4.1961669921875e-05,1.5854835510253906e-05,0.9000579222822771,0.8662646598079536,1.9788742065429688e-05,1.2636184692382812e-05,29.0,1.7836859527578075,1.746318643097145,0.8687828309287203,0.9004166644492217,0.0,0.0,0.9178069237043618,0.884893137001614,0.0,0.0,0.75,0.0,1.0,0.75,3.2605600744348235,2.9645912414749516,0.0,0.0
483,483.0,0.3905953831680344,0.4224205623250258,1.2593101165033917e-15,0.1233400850701559,1.0039722348446958,2.1752465211902745,0.1800717854639515,31.879626350236396,0.44926760798930426,32.99218710409343,0.4228651872156042,0.8277573441775428,0.8442961857447182,4.208087921142578e-05,1.5020370483398438e-05,0.8114397985137682,0.8494596402245094,2.205371856689453e-05,1.3470649719238281e-05,30.0,1.8560487835981965,1.8573263388075114,0.917930145606904,0.8783700619379912,0.0,0.0,0.965388324716008,0.9256252119569431,0.0,0.0,0.0,0.0,0.75,0.0,4.939079569633218,4.399760112973461,0.0,0.0
484,484.0,0.38300972783728104,0.43425482189836223,1.0156805951844208e-15,0.1060660171779821,0.31000929459696636,0.7528269325266592,0.11859410692704839,37.127409773421576,0.6244880704385766,39.349073652642886,0.5559068008781363,0.8831014149811677,1.0141318445780918,4.1961669921875e-05,1.5020370483398438e-05,0.9789913824819522,0.9879211124272369,2.044439315795898e-05,1.2814998626708986e-05,59.0,1.0893959469466308,1.028589578277551,0.9578529060258666,0.9563476464993975,0.0,0.0,0.9260445629187543,0.9694922760679349,0.0,0.0,1.0,1.0,1.0,1.0,3.607809601101689,3.862129633599827,0.0,0.0
485,485.0,0.3759078332818888,0.4431134321603587,1.760130502886498e-15,0.105655696074697,0.6665996978408657,1.6915595885948278,0.20359907363308594,37.88232120612542,0.6264552157499705,39.50951854388805,0.5922725054308883,0.9719269965153794,1.0333787916263415,4.404783248901367e-05,1.52587890625e-05,0.8735425836914924,1.0233136953179889,2.1278858184814453e-05,1.3053417205810547e-05,60.0,1.101946010557137,1.0615344033271623,0.978302371305762,1.0141209861939584,0.0,0.0,0.9549808590537292,0.9380065453539493,0.0,0.0,1.0,1.0,1.0,1.0,4.115069005665477,4.500859171959519,0.0,0.0
486,486.0,0.33563015824334863,0.4049810177884021,1.5114893463825347e-15,0.0937181981076076,0.40244896477088327,0.7344243311672471,0.12802493362687525,40.60326225678225,0.6077839636506652,43.117611845791174,0.6032109367539726,0.9031429119127299,0.9714925879198104,4.3511390686035156e-05,1.7404556274414062e-05,1.0708304479452975,1.1030359021569824,2.2232532501220703e-05,1.3947486877441406e-05,100.0,0.7348224660149569,0.6679590961610662,0.7828473261026042,0.7937220993814691,0.0,0.0,0.9404304359282827,0.9175896753921187,0.0,0.0,1.0,1.0,1.0,1.0,5.886205316223249,5.299506832181851,0.0,0.0
487,487.0,0.34230839363337984,0.3565709225187324,1.2380034104782406e-15,0.0934963783320796,0.5066791955032386,0.5817479198449291,0.25290031736949453,40.56869753271921,0.6939453077440098,42.98362245258642,0.6118181300401079,0.9172934874410095,1.0061275597691004,5.042552947998047e-05,1.5676021575927734e-05,0.8988569005851335,0.9674109445936858,2.7656555175781247e-05,1.3589859008789062e-05,101.0,0.7962005666878075,0.6916584621368566,0.9080666479345347,0.9065617619505599,0.0,0.0,0.8703485297120209,0.8939005841519414,0.0,0.0,1.0,1.0,1.0,1.0,3.5491912668493595,3.398521367859078,0.0,0.0
488,488.0,0.29342247933780985,0.3252239629047714,1.2246301533822612e-15,0.0792834955203553,0.1305088941007852,0.3883464853861369,0.21180154185276473,42.529238304516774,0.5912193298816965,45.59956144441957,0.6322083896849052,0.926644774629797,0.902852643048816,5.137920379638672e-05,1.7404556274414062e-05,1.0208090961238363,1.113548812174682,2.7000904083251953e-05,1.4483928680419922e-05,200.0,0.4611059619179143,0.3624567852015566,0.7487746908992633,0.719484719521457,0.0,0.0,0.7463357603670757,0.749010989808022,0.0,0.0,1.0,1.0,1.0,1.0,4.5230507722280775,4.518136833550261,0.0,0.0
489,489.0,0.28889794747891073,0.33115441776523397,6.103531919359174e-16,0.0791871020345141,0.1910376793239265,0.6242415318847634,0.09653144079493357,42.22739117361965,0.5684191664193183,45.558873685586406,0.660500160652881,0.9341977059969035,0.8702934409903098,5.167722702026367e-05,1.71661376953125e-05,0.9313848768585139,0.9078412231906793,2.5451183319091797e-05,1.4781951904296877e-05,201.0,0.45881863608400997,0.3692033694662887,0.687820524424587,0.6901396561706493,0.0,0.0,0.7624621416936402,0.7214137425692777,0.0,0.0,1.0,1.0,1.0,1.0,5.628293256039246,4.838415797946314,0.0,0.0
490,490.0,0.26245542125418864,0.30181087742797597,6.251829655061332e-16,0.0717870810719088,0.23278094985289494,0.40924691967666144,0.09622730221599335,43.06537740457722,0.6081581269249894,46.7565506494371,0.7257402106570356,0.9649372713692167,0.936837021872697,6.324052810668945e-05,1.8894672393798828e-05,0.9365108632293967,0.9076437553480178,3.0517578125e-05,1.615285873413086e-05,300.0,0.3312500903047546,0.2538552877686864,0.7212502426638793,0.68580262173453,0.0,0.0,0.8072632862052034,0.7449251914367707,0.0,0.0,1.0,1.0,1.0,1.0,4.38659240172014,4.767036328574098,0.0,0.0
491,491.0,0.26448926757441965,0.3097907985855823,9.054122738405485e-16,0.071728359484065,0.2777454335591756,0.434992661990691,0.25697238906286657,43.018494718803105,0.6145991750412513,46.23779836340197,0.7173528823243732,0.9553740357184776,0.9171152419151037,5.2869319915771484e-05,1.8298625946044922e-05,0.9623503745531559,0.934564986075397,3.1054019927978516e-05,1.609325408935547e-05,301.0,0.3434219641677456,0.259623306937306,0.6368207677251202,0.6549663208065546,0.0,0.0,0.8104296810258793,0.6914737280483629,0.0,0.0,1.0,1.0,1.0,1.0,4.676747112702632,4.376131322275415,0.0,0.0
492,492.0,0.24657469135504295,0.2846623001917144,1.3617365123025838e-15,0.0668740304976421,0.24684424488805234,0.5800476540462114,0.15155070024775336,43.35243849282605,0.6209874598544983,47.25039686632062,0.7119917222957785,0.9547891820854705,0.9093306455853818,5.936622619628907e-05,1.9669532775878906e-05,0.9690421483099081,0.8786320044345572,3.343820571899414e-05,1.6927719116210938e-05,400.0,0.26928030166283334,0.19985616911704876,0.6734588406539058,0.6911674278423269,0.0,0.0,0.7547217324198389,0.7595303190300001,0.0,0.0,1.0,1.0,1.0,1.0,4.365213779029209,4.509416688180085,0.0,0.0
493,493.0,0.24640534286727978,0.2854537341384815,3.241796541116067e-16,0.0668328138182823,0.15312243142398071,0.61690759123303,0.2121161095565185,43.45536456709668,0.6774843703471212,47.16725319208595,0.7047098787672741,0.9446761817453374,0.9667509340508386,6.0498714447021484e-05,1.9729137420654297e-05,0.9556692284025825,0.9076214946657932,3.314018249511719e-05,1.704692840576172e-05,401.0,0.2686061634876766,0.20179745585705794,0.6934279346150785,0.6754917224021026,0.0,0.0,0.7550773464637794,0.7240765985382734,0.0,0.0,1.0,1.0,1.0,1.0,4.593212247831968,4.981888455353143,0.0,0.0
494,494.0,0.22275029892628834,0.2645977032288739,5.988608948671142e-16,0.0632846540277329,0.1709084745380096,0.3404255658388138,0.07755372341489417,43.84094498676301,0.5474799596510729,47.553524035231256,0.6698995644367585,0.8797665195491373,0.7909119099882107,5.84721565246582e-05,2.092123031616211e-05,0.9400031234128449,0.9573664019874368,3.451108932495117e-05,1.806020736694336e-05,500.0,0.22964275818985472,0.16339023876283618,0.5447161035532653,0.5862541344528608,0.0,0.0,0.6829107067266533,0.7198926278995169,0.0,0.0,1.0,1.0,1.0,1.0,3.578491041244954,3.8475005090966867,0.0,0.0
495,495.0,0.2222121658204426,0.2630254705546651,6.933408612283587e-16,0.0632533637071538,0.21548903093207625,0.576321339700371,0.1361010711407289,43.715983233735855,0.5982296651595418,47.576334378118865,0.6967473065468763,0.9085563144023623,0.8506663465212015,5.698204040527344e-05,2.0682811737060547e-05,0.878515577313959,0.7904361343289857,3.3915042877197266e-05,1.800060272216797e-05,501.0,0.22918660990589285,0.16439302192405464,0.6143040252776312,0.6277118592286466,0.0,0.0,0.7475519805045251,0.7243559971918696,0.0,0.0,1.0,1.0,1.0,1.0,4.382946341420245,4.809005667328936,0.0,0.0
496,496.0,0.24484411794909433,0.2423226049594454,2.1378674771707555e-16,0.0604898365580354,0.21874113654484972,0.39102581300539896,0.14430909720249474,43.73903046816409,0.5444580645879501,47.205373998732234,0.6087264809822641,0.8466467668590758,0.8122328525386044,6.282329559326172e-05,2.187490463256836e-05,0.9006706991046436,0.8407090102729553,3.618001937866211e-05,1.9848346710205078e-05,600.0,0.2075839268817559,0.13837001944409189,0.6015042254038315,0.5655220200162057,0.0,0.0,0.6185252991718753,0.7141745953817776,0.0,0.0,1.0,1.0,1.0,1.0,4.275256747323652,4.388556012821046,0.0,0.0
497,497.0,0.23835233133304753,0.26453953692547766,5.343635325206973e-16,0.0604648665479445,0.42818392399931327,0.20083597977645692,0.0867344645084813,43.75508350409296,0.5935148748807514,47.19035469965567,0.6013633009026244,0.8341036097982972,0.8578923199419488,6.586313247680664e-05,2.259016036987305e-05,0.8456909848810312,0.8112238703157464,4.6253204345703125e-05,1.9550323486328125e-05,601.0,0.20724292457751914,0.13937567654654007,0.6203759821544161,0.6565815685715046,0.0,0.0,0.6141599171956104,0.6662825498000691,0.0,0.0,1.0,1.0,1.0,1.0,4.500177627364122,4.53352911862689,0.0,0.0
498,498.0,0.21692591354988353,0.235851015316073,5.227890618438813e-16,0.0582202378661938,0.16815053427126253,0.33454535418422887,0.1165550911100581,43.807285079002384,0.5520137050519311,47.18203665300808,0.6923495464258291,0.8915628350373693,0.7848075818782599,6.783008575439453e-05,2.384185791015625e-05,0.8335535174878218,0.8544400014702456,4.124641418457031e-05,2.020597457885742e-05,700.0,0.18571389533632687,0.12061517543592995,0.5727457514631982,0.6205817144963215,0.0,0.0,0.7112423115798402,0.7382814138041697,0.0,0.0,1.0,1.0,1.0,1.0,3.7340284931825396,3.691624546094645,0.0,0.0
499,499.0,0.2163976263895868,0.24194035155491111,4.0383183105345635e-16,0.0581996106750501,0.1809249416110105,0.6661382296588272,0.06960560014704235,43.82570303281453,0.6348607666023648,47.19197151719692,0.692677644149671,0.8918973131968129,0.8814459896005823,6.580352783203125e-05,2.408027648925781e-05,0.8907856778562894,0.7845941587324458,4.404783248901367e-05,2.0802021026611328e-05,701.0,0.18544856264987897,0.12158447561561173,0.5978185364350942,0.6695218426401444,0.0,0.0,0.7114506411271975,0.7407956248348725,0.0,0.0,1.0,1.0,1.0,1.0,5.012809545312335,4.827988404919771,0.0,0.0
500,500.0,0.20299014007855676,0.2202749780629138,6.691679646560571e-16,0.0563212499490741,0.21981671854155133,0.3543686154880561,0.04970167623832815,43.928666168176406,0.525759891250825,47.88878568749394,0.7066101943449613,0.8903445078006254,0.7535242489179785,7.31348991394043e-05,2.5928020477294922e-05,0.8966350580890741,0.8870627863754914,4.4584274291992194e-05,2.1398067474365234e-05,800.0,0.1679495069215106,0.10745486450685708,0.5587816513167884,0.5408941768114743,0.0,0.0,0.7137549545696691,0.7241396953429089,0.0,0.0,1.0,1.0,1.0,1.0,4.1156199801519735,4.435687708051427,0.0,0.0
501,501.0,0.20332049239994293,0.22725762585601356,4.061749558143214e-16,0.0563037724450463,0.06862047745380548,0.4105017653200775,0.06926164915785193,43.80832283730152,0.5976356559474045,47.8824163223528,0.7040640204688606,0.8939585407320374,0.8153070280982025,6.270408630371094e-05,2.5153160095214844e-05,0.8918595302326728,0.755303668295097,3.9577484130859375e-05,2.1576881408691406e-05,801.0,0.1677407029879097,0.10834133485857353,0.5672737220789345,0.6022187153975294,0.0,0.0,0.7018339846085453,0.7236036995285136,0.0,0.0,1.0,1.0,1.0,1.0,4.606706253861505,4.849518243508797,0.0,0.0
502,502.0,0.2092598596878606,0.22565902831712736,6.780334427738387e-16,0.0546964462183367,0.09877006331225853,0.42215352010680357,0.08430845342809332,43.84600980005923,0.5146697249215432,47.59389690757655,0.6460879326638123,0.8373195541721873,0.7387800807860744,6.99758529663086e-05,2.7120113372802734e-05,0.8882467082951193,0.8097604373013184,5.251169204711914e-05,2.288818359375e-05,900.0,0.16175575703897657,0.09732834412723528,0.517768648748023,0.5194589757571718,0.0,0.0,0.6460848683940241,0.6918742882827295,0.0,0.0,1.0,1.0,1.0,1.0,4.255055001467463,3.80413657324674,0.0,0.0
503,503.0,0.20907827391079636,0.220557101262983,5.444504302880321e-16,0.0546813471289152,0.1617712319712154,0.0883874880964867,0.13206254097167394,44.04369950694742,0.5250147907665663,47.58727284070212,0.6467309844026519,0.8375392315164703,0.734941507279787,7.015466690063477e-05,2.6762485504150387e-05,0.8366402929153075,0.7381429437967566,5.263090133666992e-05,2.282857894897461e-05,901.0,0.16157640314274802,0.09789784286988225,0.5323214276930897,0.5531839599721994,0.0,0.0,0.6468402818271701,0.7095651749044591,0.0,0.0,1.0,1.0,1.0,1.0,3.2405037742772125,3.2440586673612306,0.0,0.0
504,504.0,0.2064768969813065,0.21108938612698347,4.970043171928935e-16,0.0532819044371004,0.24377872428158293,0.37522227695444593,0.1894835384446196,44.02096601502784,0.49983832332006534,47.54766428579022,0.6694435786943536,0.854343927320405,0.7011441680297208,7.468461990356445e-05,2.813339233398437e-05,0.8544256631134003,0.7382538219315216,4.780292510986328e-05,2.384185791015625e-05,1000.0,0.15035003464445723,0.0887805378824842,0.496058674780419,0.5208451684581406,0.0,0.0,0.6836483477458265,0.6645094828367433,0.0,0.0,1.0,1.0,1.0,1.0,4.42592347290525,4.7009509842302695,0.0,0.0
505,505.0,0.2029719281622515,0.2221092639939433,7.930755676652615e-16,0.0532686584685351,0.3090376651962287,0.4403749121702276,0.23676881869323552,44.00854177170851,0.5312772590453734,47.55134521484634,0.6704407135554672,0.8552470469441459,0.7282543955490719,7.295608520507812e-05,2.7477741241455075e-05,0.8537259498755243,0.700954056144647,4.3272972106933594e-05,2.3543834686279297e-05,1001.0,0.15470289703586304,0.08906885802453268,0.5421984073909296,0.5952348231700866,0.0,0.0,0.688838865428288,0.6633576608019454,0.0,0.0,1.0,1.0,1.0,1.0,3.728772522368879,4.560732101038051,0.0,0.0
506,506.0,0.21117735006034777,0.211888540049052,8.110405258398571e-16,0.0520332179399164,0.09740031161345537,0.327543186256662,0.13203655817778778,44.198309093246756,0.5039430032816563,47.44847496439695,0.5947524097999215,0.7926239233685313,0.7074132803713833,8.654594421386719e-05,2.956390380859375e-05,0.8655476972649153,0.7300778741884568,5.984306335449219e-05,2.47955322265625e-05,1100.0,0.14762357508766688,0.08156042984844755,0.5312218532518802,0.5588758588877654,0.0,0.0,0.5983687301418451,0.5958757765864706,0.0,0.0,1.0,1.0,1.0,1.0,4.068901747872253,4.2331347410762135,0.0,0.0
507,507.0,0.21111701307126746,0.21291129035238937,4.788715134696483e-16,0.0520214523726432,0.14123862219275904,0.20250150084029883,0.09040249657118693,44.150591294241615,0.6130234750903958,47.45919129771199,0.5942146589377673,0.7920308433748726,0.8210888737378208,7.873773574829102e-05,2.789497375488281e-05,0.7920308434144621,0.7069105021799753,6.0558319091796875e-05,2.431869506835937e-05,1101.0,0.1488915683570188,0.08218930074957814,0.6045560127586598,0.6785325094538331,0.0,0.0,0.5983515350094061,0.5958601384720921,0.0,0.0,1.0,1.0,1.0,1.0,4.056728555869396,4.263091990514046,0.0,0.0
508,508.0,0.1960578385057584,0.20190361097133278,7.553432291811775e-16,0.0509183700507051,0.18083360267337403,0.27452844462823117,0.08254401298472652,44.14343678734475,0.5447546986348487,47.377039684706986,0.5980918134211445,0.8018778538323582,0.7441674162417652,7.587671279907227e-05,3.081560134887695e-05,0.7877703222337766,0.8180816708489713,6.508827209472656e-05,2.5987625122070312e-05,1200.0,0.14216881429021339,0.07588610004758414,0.5160638873323857,0.540083935510246,0.0,0.0,0.5815901572386376,0.6017047841865578,0.0,0.0,1.0,1.0,1.0,1.0,4.13147913430902,3.829093707361761,0.0,0.0
509,509.0,0.19434192043249526,0.2123778659711087,4.993932299200097e-16,0.0509078115493494,0.22030002652900288,0.2825089284451678,0.0365745457238517,44.13398754001664,0.5260239056278704,47.4526316357926,0.5706628247851305,0.7589918029806902,0.7347667413843397,8.487701416015625e-05,3.266334533691406e-05,0.8021695111151561,0.7438434262555771,5.7756900787353516e-05,2.6106834411621094e-05,1201.0,0.14205135175557906,0.07618494205909618,0.5364937325029505,0.5640716507623318,0.0,0.0,0.5770542539618684,0.5878167628623643,0.0,0.0,1.0,1.0,1.0,1.0,4.954727304743634,5.0960360993196,0.0,0.0
510,510.0,0.1834795195833994,0.20673655066630028,4.447310852032151e-16,0.0504135024201063,0.20886462554335594,0.23750172718428073,0.15610774361994117,44.22268696431367,0.5621966761379549,47.91177561858146,0.6023276723751755,0.7952519922314507,0.7683267385888768,8.106231689453125e-05,3.17692756652832e-05,0.7563284655246777,0.7386946159555834,5.537271499633789e-05,2.6702880859375e-05,1249.0,0.14115255636831792,0.0735583150695743,0.49384887662691324,0.590350873796147,0.0,0.0,0.5485300390497572,0.603822679304304,0.0,0.0,1.0,1.0,1.0,1.0,4.91460647714307,5.055477415868948,0.0,0.0
511,511.0,0.18542249595994695,0.20591360294576544,5.450929658951441e-16,0.0504034568875922,0.2200106961536221,0.22061501839198167,0.16329396027140317,44.17418780753987,0.5944475563175677,47.547144162700356,0.6066196020872516,0.8035340245024523,0.7991710227794881,9.447336196899414e-05,3.30805778503418e-05,0.7948379840079651,0.7689601465758712,5.704164505004883e-05,2.7358531951904297e-05,1250.0,0.14103907138548602,0.0738670543467135,0.5976242715193668,0.6071793058829508,0.0,0.0,0.5457490566840006,0.5743497290053565,0.0,0.0,1.0,1.0,1.0,1.0,4.48093881452661,4.788507545682064,0.0,0.0
512,512.0,0.18827786263115062,0.1981623748204681,4.509377120326162e-16,0.0499135692533823,0.10031789663480595,0.3949628231930546,0.11891400138847527,44.12018127617584,0.5531548443412515,47.39079629255318,0.5682966780619556,0.756164488516571,0.7393300032302493,8.791685104370117e-05,3.3020973205566406e-05,0.7971719588008056,0.7999001787939842,8.20159912109375e-05,2.962350845336914e-05,1300.0,0.1392401732720646,0.07138844331896668,0.5575400592953903,0.5897030815227079,0.0,0.0,0.5646112389817226,0.5560616749107454,0.0,0.0,1.0,1.0,1.0,1.0,5.0793716782906895,4.539569384270891,0.0,0.0
513,513.0,0.18653780493881106,0.2015734766208712,7.472540537680921e-16,0.0499040118438005,0.22212871792726213,0.24908831465290854,0.043384601711295524,44.10428824169948,0.5113539798185545,47.28363510302134,0.5959695759406392,0.7783410301438378,0.7167233362948517,8.32676887512207e-05,3.0994415283203125e-05,0.75603073107706,0.7391069410372546,5.1200389862060554e-05,2.783536911010742e-05,1301.0,0.1391333441148549,0.0715321762558971,0.5237547279806596,0.5442354650275519,0.0,0.0,0.5687209615696966,0.57555735837342,0.0,0.0,1.0,1.0,1.0,1.0,4.381912708989471,4.180116161115411,0.0,0.0
514,514.0,0.18622538511637401,0.19121478730568844,1.4412551816294937e-15,0.0490006875289004,0.2810372713720426,0.30901867419015616,0.05605585628654803,44.20322033951696,0.5412074211075991,47.20140658754045,0.5895626996464725,0.7732792154608489,0.7389043815496622,7.897615432739258e-05,3.325939178466797e-05,0.7794361244865672,0.7158868562394459,5.4776668548583984e-05,2.866983413696289e-05,1400.0,0.13357859348367296,0.06666466558646356,0.5055888378984477,0.5551899465229484,0.0,0.0,0.5846646664893467,0.6341791525564124,0.0,0.0,1.0,1.0,1.0,1.0,4.470531484947013,4.795314255944157,0.0,0.0
515,515.0,0.1861938079081008,0.1985543365796729,3.5320253123387804e-16,0.0489919724218365,0.22220308246323833,0.22153192496625704,0.1470024642767384,44.26904265961774,0.5126707203412826,47.19363423492179,0.5874033250134405,0.7728422961887458,0.7054666044593509,9.423494338989259e-05,3.534555435180664e-05,0.7728283119371205,0.738479544894304,7.873773574829102e-05,2.962350845336914e-05,1401.0,0.13348357176912465,0.06690678832503764,0.5001673461518374,0.5772305985516348,0.0,0.0,0.5870266262909101,0.6378189176123648,0.0,0.0,1.0,1.0,1.0,1.0,4.499564958435343,4.698062383418515,0.0,0.0
516,516.0,0.1858422818195185,0.191325196602974,1.3843646973446828e-15,0.0481736214549236,0.16885619226377455,0.15423384116729716,0.10004499705974004,44.096155289650895,0.5267472733867645,47.27969815277423,0.6473013993870469,0.8308131525378303,0.7112039920589759,8.314847946166992e-05,4.00543212890625e-05,0.768926559582068,0.7019870367228028,6.335973739624023e-05,3.1054019927978516e-05,1499.0,0.12706758694134282,0.0627193439895227,0.5391262059196215,0.547043652528867,0.0,0.0,0.6582984197791639,0.6311819259597501,0.0,0.0,1.0,1.0,1.0,1.0,3.7703585172466276,3.6367633720782058,0.0,0.0
517,517.0,0.18583714924810502,0.18836591118957471,4.539742520626721e-16,0.048165617197531,0.20276411954546342,0.16124776029027993,0.08831010176800189,44.15135632103468,0.5427454058997774,47.2666776012938,0.646850279461569,0.8297027740974366,0.7227787429767312,8.33272933959961e-05,3.5703182220458984e-05,0.830401971535201,0.7109776208807463,5.257129669189453e-05,2.8967857360839844e-05,1500.0,0.12698254304567805,0.06291433167314094,0.492302927449095,0.5754236002682156,0.0,0.0,0.6575756360578171,0.6598184326268746,0.0,0.0,1.0,1.0,1.0,1.0,4.592797526204524,4.106406289587343,0.0,0.0
518,518.0,0.18541138530374526,0.1949289071100046,6.498416973486559e-16,0.0481576195854335,0.022150234610307927,0.085183510382194,0.1169679433223791,44.16677618954829,0.5425893563672242,47.26877844234547,0.6474640085972876,0.8330873076615666,0.7393948049426053,9.304285049438477e-05,4.184246063232422e-05,0.8294400961294126,0.7232238954583866,6.449222564697266e-05,3.1888484954833984e-05,1501.0,0.12689819418851847,0.06308243163472678,0.4939195094844764,0.5506146429473462,0.0,0.0,0.6724360446862124,0.6773765322402546,0.0,0.0,1.0,1.0,1.0,1.0,4.229766055411094,4.29812525572345,0.0,0.0
519,519.0,0.17646659855161917,0.19160904395072503,1.3850637493972377e-15,0.047397179170779,0.13729607785353434,0.19433652033330867,0.0644966292893514,44.16087373986609,0.5288810621453,47.16712269548901,0.6071935904387316,0.7779115198026798,0.7215863375613443,9.560585021972656e-05,4.267692565917969e-05,0.8283220161201553,0.7302185791180889,5.882978439331055e-05,3.218650817871094e-05,1600.0,0.1219517599904717,0.0592953081762515,0.5004905786813051,0.508937398833774,0.0,0.0,0.5956456420734777,0.6464932873764462,0.0,0.0,1.0,1.0,1.0,1.0,4.31289895247327,4.189579341360235,0.0,0.0
520,520.0,0.17609271469384943,0.18429980550838795,3.544971152103239e-16,0.0473897993061457,0.015613509283866674,0.12699993862770495,0.0228030558209866,44.19547047320273,0.5129524547897354,47.43220380706018,0.6179310966150569,0.7864763649440374,0.7028717744475894,0.00010091066360468594,4.494190216064453e-05,0.7778821077413991,0.7219071579527392,6.198883056640625e-05,3.236532211303711e-05,1601.0,0.12187556576667676,0.05943129636530655,0.48148156384665597,0.5167039485718978,0.0,0.0,0.6183598098533939,0.6612139161866435,0.0,0.0,1.0,1.0,1.0,1.0,4.865975813086524,4.547284332756495,0.0,0.0
521,521.0,0.17759011679643752,0.18086025404634995,3.6601546166674517e-16,0.0466863755139995,0.10126896528527139,0.35406482382677495,0.12407315487507725,44.2852529072256,0.49488710409631337,47.07322616909769,0.5882261702486853,0.760581085383121,0.6708900028778149,9.894371032710508e-05,4.3749809265136726e-05,0.789415273500252,0.6951192640936918,6.175041198730469e-05,3.337860107421875e-05,1700.0,0.11748514424396113,0.05606460963926755,0.500392995321665,0.530563279988618,0.0,0.0,0.5477238834905162,0.6048555344843427,0.0,0.0,1.0,1.0,1.0,1.0,3.9671561156559325,4.085089276528608,0.0,0.0
522,522.0,0.1775696122276991,0.18277860622354844,2.6800562550776974e-16,0.046679532512641,0.07401221548207103,0.17909157869871706,0.021025394264142898,44.32045182318596,0.553418239228629,47.146874435806346,0.589627263716241,0.7615799058213821,0.7361474227303921,9.942054748535156e-05,4.464387893676758e-05,0.7605981779992639,0.6708443743967171,6.0617923736572266e-05,3.260374069213867e-05,1701.0,0.1174160813415607,0.0562012748831677,0.5436727162051872,0.5861616784137031,0.0,0.0,0.5642009828286868,0.6053185039472553,0.0,0.0,1.0,1.0,1.0,1.0,3.524112242486293,4.314657911927543,0.0,0.0
523,523.0,0.17402397838379424,0.17998878721951023,4.990306913423452e-16,0.0463568435918934,0.10371799085987725,0.1269806058262474,0.13809979124926022,44.206290332782416,0.5888917644830848,47.238470775129,0.5975912905186627,0.7668498677113973,0.7599454071418597,9.989738464351133e-05,4.673004150390625e-05,0.7617055812053186,0.7333900769591192,8.33272933959961e-05,3.463029861450195e-05,1749.0,0.11701807963576143,0.05480689142804178,0.5667945107222443,0.5869345322243489,0.0,0.0,0.6064789979833647,0.5954899503260169,0.0,0.0,1.0,1.0,1.0,1.0,4.072054500656542,4.258162814229966,0.0,0.0
524,524.0,0.17669163599900944,0.17739663660259514,1.1943595843260944e-16,0.0463502386414385,0.0868413046118803,0.07582172396359965,0.032246766320895376,44.2754289101593,0.5162194301343475,47.28250271991466,0.6955661158587266,0.8620621125070032,0.6970675010191792,0.00010508298873892501,4.225969314575195e-05,0.7670788043260234,0.7595854844548695,8.130073547363281e-05,3.534555435180664e-05,1750.0,0.11893024246101752,0.05500696292326272,0.51082011948561,0.5353437610967391,0.0,0.0,0.6907697336617359,0.7231135166115779,0.0,0.0,1.0,1.0,1.0,1.0,4.087745459986808,4.18197668154464,0.0,0.0
525,525.0,0.1757841139636661,0.18283806385253573,3.359577928256291e-16,0.0460258643504967,0.15988935524364933,0.17825456260470668,0.11434021376771845,44.15846330348002,0.5220101483333741,47.14531378494733,0.5955917576519275,0.7613771055580872,0.7049178479280707,0.000103890895843425,4.2557716369628906e-05,0.8663592293101429,0.6963769798888485,7.003545761108398e-05,3.594160079956055e-05,1800.0,0.11855107939892452,0.05364403372519198,0.5295410075175988,0.5389102878238422,0.0,0.0,0.5748988677388924,0.6218864491447251,0.0,0.0,1.0,1.0,1.0,1.0,4.521509698293089,5.0259885461196125,0.0,0.0
526,526.0,0.17497009656618284,0.18095081074363759,5.781950530516007e-16,0.0460194917834557,0.08322648028843102,0.15450176532613108,0.06963820219971237,44.2659878310335,0.520610756225536,47.14334148136641,0.6050030463017753,0.7726196730984107,0.6941458010298482,0.00010156631469720353,4.273653030395508e-05,0.7610550088695078,0.7045992276769191,6.967782974243164e-05,3.904104232788086e-05,1801.0,0.11848532775698925,0.05374985876471933,0.511291719388337,0.5740762723799072,0.0,0.0,0.5748643257951519,0.6216755177343654,0.0,0.0,1.0,1.0,1.0,1.0,4.789537038578063,4.825274835448725,0.0,0.0
527,527.0,0.1673064676459191,0.17472664222709505,4.134488027531243e-16,0.0454095825775839,0.0760365998721681,0.06357255962211635,0.05019143375102428,44.17910852304107,0.545014489735988,46.95886884726511,0.57835820575627,0.7465014494944898,0.7149645111446544,9.691715240478516e-05,5.2094459533691406e-05,0.7651545885967417,0.6935269753368698,6.377696990966797e-05,3.7789344787597656e-05,1900.0,0.11384224658419953,0.05119477710228025,0.5507164277301472,0.5913017669036481,0.0,0.0,0.5509122099564137,0.5906061355741781,0.0,0.0,1.0,1.0,1.0,1.0,4.5953729551915785,4.350261277971969,0.0,0.0
528,528.0,0.16675513903312045,0.1747371475693676,7.131260721264238e-16,0.0454036252691477,0.0177535451948642,0.076112039736472,0.09559570474084463,44.21060210702474,0.5083016027343502,46.96520777212279,0.5791887098606064,0.747472042637801,0.6800693838546005,0.00010174512863153203,5.3048133850097656e-05,0.7467735875014259,0.7156959047897439,7.31348991394043e-05,3.6597251892089844e-05,1901.0,0.11448658409367052,0.05132027182316895,0.5233639471567796,0.5612450164416302,0.0,0.0,0.549767354481826,0.5890496512648369,0.0,0.0,1.0,1.0,1.0,1.0,4.376950307685889,4.134201860524831,0.0,0.0
529,529.0,0.1652724673704722,0.1771238285972644,6.415083589644212e-16,0.0448380612007194,0.07177479530218983,0.07468922401312734,0.09523497027112166,44.14272497026185,0.5137040783279405,47.188689471058474,0.6419684661445761,0.798783978768127,0.6894392048146335,0.00010955333709712501,5.316734313964844e-05,0.7439747642250937,0.6737905023017863,6.771087646484375e-05,3.808736801147461e-05,1999.0,0.10999857887754033,0.04891634709520855,0.5322735443871905,0.5574657593639437,0.0,0.0,0.6260829835656024,0.6657542024713594,0.0,0.0,1.0,1.0,1.0,1.0,4.23417936758627,4.764883129549985,0.0,0.0
530,530.0,0.17061623652482444,0.1748075687454584,8.332902115624849e-16,0.0448324693740595,0.18267279554856936,0.13172265223693103,0.048984537832438904,44.18645894825903,0.5812859153891723,47.18671896554676,0.6008959318265974,0.7682105756233171,0.7550282803138691,9.697675704956055e-05,5.09023666381836e-05,0.7992557546338136,0.6891610770942432,7.152557373046875e-05,3.68952751159668e-05,2000.0,0.11099672419723416,0.049009106334638675,0.5794195210656018,0.6110582584886333,0.0,0.0,0.5951040841580085,0.6457322610724376,0.0,0.0,1.0,1.0,1.0,1.0,4.5039721954799035,4.482899596608115,0.0,0.0
531,531.0,0.0901990650745403,0.0901990650745436,0.0,0.0668740304976422,0.22432276234030724,0.2051288725342601,0.3386251217452809,7.329350702381441e-32,0.0,7.329350702381441e-32,0.0,0.0901990650745403,0.0901990650745436,7.76052474975586e-05,1.6450881958007812e-05,1.0,1.0,2.0563602447509766e-05,1.2576580047607422e-05,0.0,3.120966477798486,7.152557372769319e-08,0.9755615428429149,1.004925103050149,0.0,0.0,0.9755615428429171,1.0049251030501494,0.0,0.0,0.0,0.0,0.0,0.0,6.07937008082941,5.326109242418205,0.0,0.0
532,532.0,0.09092614332372856,0.0909261433237281,0.0,0.0638943104246272,1.019496358872857,0.8299217841704375,0.27414442488225177,9.691113590965256e-32,0.0,6.107792251984536e-32,0.0,0.09092614332372853,0.0909261433237281,4.601478576660156e-05,1.5020370483398438e-05,0.29076270974689883,0.2907627097468949,2.2411346435546875e-05,1.3053417205810547e-05,1.0,3.415470712632475,2.2657726329862546,0.9755615428429223,1.0130639233740473,0.0,0.0,0.9755615428429196,1.0130639233740482,0.0,0.0,0.0,0.0,0.0,0.0,6.7294668526116075,5.727570568006001,0.0,0.0
533,533.0,0.12030066399145498,0.1203006639914549,2.4363227484829822e-15,0.0577350269189625,3.6143439710722305,4.020783013547771,0.3264883000520058,1.1395533304374358e-31,0.0,4.071861501323024e-32,0.0,0.12030066399145498,0.1203006639914549,3.9696693420410156e-05,1.52587890625e-05,0.4624808926246302,0.4624808926246265,1.9729137420654297e-05,1.4483928680419922e-05,4.0,3.051802218226163,2.4821257492233175,1.0684763998876807,1.0364169779744141,0.0,0.0,1.0684763998876814,1.0364169779744141,0.0,0.0,0.0,0.0,0.0,0.0,2.9640711883767907,3.15896289694133,0.0,0.0
534,534.0,0.12794124895072256,0.12794124895072265,3.6998182295633345e-15,0.0562341325190349,2.768085904128384,2.4843576015555304,0.29369763197610155,9.479831512249619e-32,1.9428902930940238e-17,3.6646753511907207e-32,0.0,0.12794124895072256,0.12794124895072265,4.208087921142578e-05,1.4722347259521486e-05,0.24770323166834385,0.24770323166834385,1.9669532775878906e-05,1.2814998626708986e-05,5.0,2.7738114144283754,2.4218120487427646,1.0684763998876812,1.072378493396888,0.0,0.0,1.0684763998876814,1.0723784933968883,0.0,0.0,0.0,0.0,0.0,0.0,4.745138236073252,4.5058967644779715,0.0,0.0
535,535.0,0.12940964361551469,0.12771589049837792,2.1986380969808898e-15,0.051697315395717,3.13293451530626,2.5018589926767167,0.18420232075732199,10.830154989229056,0.17596807066932973,12.145489719637675,0.12714548542854567,0.2573604324180025,0.30096602919070764,4.0650367736816406e-05,1.4960765838623047e-05,0.3748306426425529,0.37483064264255295,2.086162567138672e-05,1.239776611328125e-05,9.0,2.2391116136915743,1.9477763410061644,1.0054475655362776,1.1363644698080912,0.0,0.0,0.974971181654011,0.9974316241378793,0.0,0.0,0.0,0.0,0.0,0.0,6.5217402714619706,7.188750500854718,0.0,0.0
536,536.0,0.13199940873431376,0.13756163233727697,1.6005715271679341e-15,0.0508132748154614,4.257636826194357,4.1074079479440115,0.4048541266238317,12.938242060274842,0.20047300775364013,14.30978056462271,0.17177959618814895,0.2944032270531507,0.3149855264641205,4.9114227294921875e-05,1.5676021575927734e-05,0.3381661804541709,0.36856628335517894,2.092123031616211e-05,1.2874603271484377e-05,10.0,2.4463586418863152,2.1737207534707976,1.0462988271957336,1.1106478092942638,0.0,0.0,1.0642061778405547,1.0301586878468925,0.0,0.0,0.0,0.0,0.0,0.0,3.5917031684013843,4.0108082936608325,0.0,0.0
537,537.0,0.12427894867242627,0.12466227941598018,2.1634740782498116e-15,0.0478973625443574,2.7017512586899106,1.955218636605423,0.2266436601639725,19.30972965839498,0.23916453213253086,20.15533930183227,0.1964631117147713,0.31363672244093205,0.3364354622240015,4.1544437408447266e-05,1.4543533325195312e-05,0.4527337025409311,0.4404386117041936,2.0682811737060547e-05,1.3053417205810547e-05,14.0,2.2209649221310137,1.918736532278614,0.9910210127163468,1.032020573460168,0.0,0.0,1.0910243766268306,1.1227281803507503,0.0,0.0,0.0,0.0,0.0,0.0,6.121374089046872,5.467668750055287,0.0,0.0
538,538.0,0.13879046002221454,0.12564601614915735,1.3697376566312871e-15,0.0472870804501587,2.864441644633189,0.6982764714048244,0.24942358251428226,20.528706540591536,0.2677550311587651,21.05405216129563,0.26722898438767956,0.3913376871642029,0.3998491263056671,4.482269287109375e-05,1.52587890625e-05,0.42174844656809746,0.384058199964962,1.996755599975586e-05,1.2576580047607422e-05,15.0,2.3357927063248427,2.0642652812341904,1.0662198867951937,1.105764929643975,0.0,0.0,1.1275505680829796,1.1643881796771047,0.0,0.0,0.0,0.0,0.0,0.0,3.780893961936799,4.058561303268822,0.0,0.0
539,539.0,0.14316353916988156,0.13419879176969263,1.3079815008865125e-15,0.0451801001804922,1.4163636000012045,3.093481331481598,0.1543718055472709,24.40746130264601,0.41378596508993243,25.27466156103955,0.37044694350166485,0.5201971921013648,0.5478816908806794,4.404783248901367e-05,1.4960765838623047e-05,0.5726092290147552,0.5040585739271387,2.1398067474365234e-05,1.3053417205810547e-05,19.0,2.1233443828443033,1.915780113222513,1.0783280649221787,1.102921096521667,0.0,0.0,1.0725688911775315,1.1250880377188626,0.0,0.0,0.0,0.0,0.0,0.0,4.098946345476001,4.433867180769489,0.0,0.0
540,540.0,0.15040330866314108,0.15885060728718783,1.687538997430238e-15,0.0447213595499957,1.2776977759785952,3.1220662957057357,0.14233400527155024,25.56459249210006,0.38054992047461533,26.107906376894363,0.3531819191165415,0.5052281199620965,0.5248473496147692,4.0531158447265625e-05,1.5020370483398438e-05,0.5070014594213242,0.5998101767319155,2.1994113922119144e-05,1.2874603271484377e-05,20.0,2.0266943261279495,2.138307193327228,1.038366012225963,1.069414865278949,0.0,0.0,0.9940435016113804,1.0322031356660297,0.0,0.0,0.0,0.0,0.0,0.0,4.814078222517139,4.53406447219756,0.0,0.0
541,541.0,0.14469810629174615,0.14917335874781984,2.7380059004358642e-15,0.0414123876566552,2.053007332026027,2.6633082052576356,0.2607594316359609,31.217289991020074,0.46503938501983644,32.31457298168142,0.4647787972336788,0.610830254566556,0.6077028182234595,4.357099533081055e-05,1.4960765838623047e-05,0.6853462686635392,0.6999108150196511,2.026557922363281e-05,1.2636184692382812e-05,29.0,1.7819885099017418,1.7446212002410793,0.9997905151212828,1.0273038566356782,0.0,0.0,0.9582508727930831,1.0147704332664216,0.0,0.0,0.0,0.0,0.0,0.0,3.2605600744348235,2.9645912414749516,0.0,0.0
542,542.0,0.1354319513892431,0.14821483873401542,1.2593101165033917e-15,0.0411133616900519,1.1371059296652675,2.210929596738424,0.19768789637600997,31.879626350236396,0.4320945570969706,32.99218710409343,0.4594127515192479,0.5984185194878848,0.5889188124932819,3.993511199951172e-05,1.537799835205078e-05,0.6223680568645928,0.604073481312891,1.996755599975586e-05,1.2874603271484377e-05,30.0,1.8543868049654488,1.8556643601747633,0.9398670803777958,0.9240997592141462,0.0,0.0,0.9975315550561623,0.9388330379305416,0.0,0.0,0.0,0.0,0.0,0.0,4.939079569633218,4.399760112973461,0.0,0.0
543,543.0,0.13365663316534473,0.1492351062316586,1.0156805951844208e-15,0.0353553390593273,1.6526710624457341,3.186762328492478,0.2182683979044668,37.127409773421576,0.6626395813920318,39.349073652642886,0.6683040549468062,0.8098698050711929,0.8128237424535261,4.57763671875e-05,1.5437602996826172e-05,0.7762237725119074,0.7822870594544518,2.5212764739990234e-05,1.33514404296875e-05,59.0,1.0883453238986873,1.027538955229607,1.0566015460947575,0.9602623647368115,0.0,0.0,1.0028693918416138,1.021565678858479,0.0,0.0,0.0,0.0,0.0,0.0,3.607809601101689,3.862129633599827,0.0,0.0
544,544.0,0.13218775350232076,0.15359150589291046,1.760130502886498e-15,0.0352185653582323,1.7150931410142223,2.760389187838882,0.31751190387876704,37.88232120612542,0.7504710745862174,39.50951854388805,0.6315679792748736,0.7805877208644071,0.9040625804791278,4.380941390991211e-05,1.5497207641601562e-05,0.8002976469780618,0.818730388198139,2.2530555725097656e-05,1.3887882232666016e-05,60.0,1.1009081264542053,1.0604965192242306,1.0943463817468218,1.227097518624094,0.0,0.0,0.9635809676018396,0.997593652720889,0.0,0.0,0.0,0.0,0.0,0.0,4.115069005665477,4.500859171959519,0.0,0.0
545,545.0,0.12818510489781315,0.14102054897454464,1.5114893463825347e-15,0.0312393993692025,1.0442279622657225,1.796239732357208,0.09436148795066397,40.60326225678225,0.6172569795368539,43.117611845791174,0.6628546741067078,0.7881149073991052,0.7278326301157335,4.351139068603516e-05,1.7404556274414062e-05,0.8849369973003124,0.9412784774561438,2.306699752807617e-05,1.33514404296875e-05,100.0,0.7341168297549878,0.6672534599010971,0.9122624842998314,0.8628668575155953,0.0,0.0,0.8724345795936541,0.9055478865153945,0.0,0.0,1.0,1.0,0.75,1.0,5.886205316223249,5.299506832181851,0.0,0.0
546,546.0,0.12607106069983828,0.12291996827404765,1.2380034104782406e-15,0.0311654594440265,1.2751050447113812,1.9593746713362634,0.23998519219458098,40.56869753271921,0.7044594532663452,42.98362245258642,0.6698936834003298,0.7798752066484651,0.8282952073338034,4.762411117553711e-05,1.5616416931152344e-05,0.7936793654190264,0.7334638594313548,2.0682811737060547e-05,1.3530254364013672e-05,101.0,0.7955003986279325,0.6909582940769817,0.977602012496383,0.9152073642184064,0.0,0.0,0.8402561897393215,0.9105781093982113,0.0,0.0,1.0,1.0,0.0,0.0,3.5491912668493595,3.398521367859078,0.0,0.0
547,547.0,0.1042708308312803,0.10859128725586834,1.2246301533822612e-15,0.0264278318401184,0.3757586749852635,0.3471852421644144,0.08403449639445168,42.529238304516774,0.603636124072149,45.59956144441957,0.626510046831779,0.7301342677640505,0.7232582563926633,5.269050598144531e-05,1.7344951629638672e-05,0.9190781260054556,0.955197056142582,2.5033950805664062e-05,1.4781951904296877e-05,200.0,0.4607035121800285,0.3620543354636708,0.7646208613720055,0.7272430258206231,0.0,0.0,0.6505172503075534,0.7234780219914525,0.0,0.0,1.0,1.0,1.0,1.0,4.5230507722280775,4.518136833550261,0.0,0.0
548,548.0,0.10219303876082514,0.11050187109570803,6.103531919359174e-16,0.0263957006781713,0.14567254122812293,0.7068649770808406,0.12500494287814945,42.22739117361965,0.5720239686427679,45.558873685586406,0.6230847320030943,0.7174936067991975,0.6778341187527407,4.971027374267578e-05,1.7344951629638672e-05,0.7270505810816519,0.7201870227530996,2.872943878173828e-05,1.4781951904296877e-05,201.0,0.45841786054124295,0.3688025939235216,0.6893649529190773,0.6899564509884231,0.0,0.0,0.6446043865676889,0.6985881384755908,0.0,0.0,1.0,1.0,1.0,1.0,5.628293256039246,4.838415797946314,0.0,0.0
549,549.0,0.09690663811648653,0.10106513689230737,6.251829655061332e-16,0.0239290270239696,0.21382034104317424,0.2808831954025663,0.09243743796832855,43.06537740457722,0.6336288148184767,46.7565506494371,0.6552723016814253,0.7506909326950084,0.7454569077917331,5.322694778442383e-05,1.865625381469727e-05,0.7253333381290354,0.7544196052862435,2.944469451904297e-05,1.5974044799804688e-05,300.0,0.3309647414444644,0.2535699389083962,0.7258492329016732,0.6881108857777779,0.0,0.0,0.696498141579226,0.6816303701622906,0.0,0.0,1.0,1.0,1.0,1.0,4.38659240172014,4.767036328574098,0.0,0.0
550,550.0,0.09888416723800525,0.10416696299396065,9.054122738405485e-16,0.023909453161355,0.1999931387254036,0.36623496480751777,0.02814109757309775,43.018494718803105,0.6197295500707893,46.23779836340197,0.6700366368940379,0.767912798814789,0.7260600182211363,4.9173831939697266e-05,1.8358230590820312e-05,0.7512728798224811,0.7456572570724502,2.7358531951904293e-05,1.5914440155029297e-05,301.0,0.34313743054300205,0.2593387733125624,0.6298441111375935,0.6780376993080691,0.0,0.0,0.6520170359115224,0.661220290637754,0.0,0.0,1.0,1.0,1.0,1.0,4.676747112702632,4.376131322275415,0.0,0.0
551,551.0,0.09008464305969907,0.09498890839182593,1.3617365123025838e-15,0.022291343499214,0.18427335610613227,0.46671419515041634,0.03140009311027817,43.35243849282605,0.631512568339119,47.25039686632062,0.7021893993679967,0.7807281779535279,0.7265014767309431,4.971027374267578e-05,1.9729137420654297e-05,0.7649704783690199,0.6945909940446471,3.135204315185547e-05,1.6450881958007812e-05,400.0,0.26905794412169404,0.19963381157590945,0.6875189772865793,0.7064571209996525,0.0,0.0,0.7718780585479206,0.7221798866522902,0.0,0.0,1.0,1.0,1.0,1.0,4.365213779029209,4.509416688180085,0.0,0.0
552,552.0,0.0876472354464991,0.09550280280531982,3.241796541116067e-16,0.0222776046060941,0.2947248960845172,0.5740615038084798,0.0483603392494842,43.45536456709668,0.6774843704509413,47.16725319208595,0.7199997625800585,0.8073401450470727,0.7739065584283389,5.334615707397461e-05,1.9073486328125e-05,0.7789452631398514,0.724887482245672,3.075599670410156e-05,1.6868114471435547e-05,401.0,0.268384290722047,0.20157558309142837,0.7203535905370654,0.7428051610014157,0.0,0.0,0.7486430374323823,0.7428432732041934,0.0,0.0,1.0,1.0,1.0,1.0,4.593212247831968,4.981888455353143,0.0,0.0
553,553.0,0.07641830489996931,0.09054596772701183,5.988608948671142e-16,0.021094884675911,0.13055165804689747,0.34748999727889895,0.09143158717779434,43.84094498676301,0.6040388275546344,47.553524035231256,0.6462357609569077,0.722237606738576,0.6960023236519454,7.12275505065918e-05,2.187490463256836e-05,0.8009875039491534,0.7809667572635108,3.927946090698242e-05,1.8537044525146484e-05,500.0,0.2294600071087301,0.1632074876817115,0.6248531444700033,0.6581582599103696,0.0,0.0,0.6442461957652161,0.6924996054156207,0.0,0.0,1.0,1.0,1.0,1.0,3.578491041244954,3.8475005090966867,0.0,0.0
554,554.0,0.07576643439500087,0.08778795069093201,6.933408612283587e-16,0.0210844545690512,0.171913493075408,0.38736253982642666,0.051499278226401574,43.715983233735855,0.5974451425640743,47.576334378118865,0.621335417660797,0.6973962127675211,0.6809557198609846,6.318092346191406e-05,2.193450927734375e-05,0.7209228827859524,0.6964817758543607,3.504753112792969e-05,1.871585845947266e-05,501.0,0.22900418131653585,0.16421059333469765,0.6217612042027033,0.6320773709161535,0.0,0.0,0.6286918591467028,0.7198848317974252,0.0,0.0,1.0,1.0,1.0,1.0,4.382946341420245,4.809005667328936,0.0,0.0
555,555.0,0.0847587467757641,0.081106607455373,2.1378674771707555e-16,0.0201632788526784,0.12179960077628488,0.3720132999587804,0.07235778204631058,43.73903046816409,0.544458064577982,47.205373998732234,0.6346857171844729,0.7236114523480861,0.6337163272365552,6.490945816040039e-05,2.2172927856445312e-05,0.7147074184278015,0.6787466791021459,3.8683414459228516e-05,2.026557922363281e-05,600.0,0.2074284834486612,0.13821457601099718,0.6028064747382634,0.5760498784604322,0.0,0.0,0.6383138348507016,0.7071061831785708,0.0,0.0,1.0,1.0,1.0,1.0,4.275256747323652,4.388556012821046,0.0,0.0
556,556.0,0.0830398327114474,0.08856702198985555,5.343635325206973e-16,0.0201549555159815,0.21326423709979278,0.27130830247187987,0.06829872349044303,43.75508350409296,0.630295195213771,47.19035469965567,0.6448828226522685,0.7336042113537377,0.7130743028098989,6.365776062011719e-05,2.247095108032227e-05,0.7225189527299942,0.6327810360615169,3.904104232788086e-05,1.9431114196777344e-05,601.0,0.20708771170382584,0.13922046367284688,0.6873616497752595,0.7144453151986333,0.0,0.0,0.6271978992583847,0.6849398087448485,0.0,0.0,1.0,1.0,1.0,1.0,4.500177627364122,4.53352911862689,0.0,0.0
557,557.0,0.07572051863460899,0.07861700510632097,5.227890618438813e-16,0.0194067459553979,0.08430130983470008,0.0839363169507123,0.05597582436166698,43.807285079002384,0.5520137049802802,47.18203665300808,0.650259022941891,0.7188299319486352,0.626871526369562,6.121397018432617e-05,2.4199485778808594e-05,0.7318076481998496,0.715669184178965,4.214048385620117e-05,2.038478851318359e-05,700.0,0.18557846799098524,0.12047974809058826,0.5727457514451433,0.6205817144963215,0.0,0.0,0.6510888182738986,0.7312482671437218,0.0,0.0,1.0,1.0,1.0,1.0,3.7340284931825396,3.691624546094645,0.0,0.0
558,558.0,0.07554194494524338,0.08083512384640867,4.0383183105345635e-16,0.0193998702250167,0.12165916000958527,0.14002815564163024,0.028618483163882002,43.82570303281453,0.6452587991560177,47.19197151719692,0.6512892810295667,0.7201028134159247,0.7360812049716184,6.788969039916992e-05,2.378225326538086e-05,0.7200708623977207,0.626509072704692,4.1961669921875e-05,2.0742416381835938e-05,701.0,0.18531330863200818,0.12144922159774102,0.6161379274308187,0.7020652073880623,0.0,0.0,0.6517216038764647,0.7328955711992937,0.0,0.0,1.0,1.0,1.0,1.0,5.012809545312335,4.827988404919771,0.0,0.0
559,559.0,0.07104556967244065,0.07342499268763787,6.691679646560571e-16,0.0187737499830247,0.0564691047184169,0.13080505019752306,0.0465536674018949,43.928666168176406,0.5405097706477625,47.88878568749394,0.7474005347603746,0.8161994909899792,0.6138099194376329,6.157159805297852e-05,2.467632293701172e-05,0.7240784774487838,0.7367886200878151,4.1365623474121094e-05,2.1636486053466797e-05,800.0,0.16782940634594348,0.10733476393128998,0.5590883437265359,0.5422870730388387,0.0,0.0,0.7227078899875515,0.745936799888315,0.0,0.0,1.0,1.0,1.0,1.0,4.1156199801519735,4.435687708051427,0.0,0.0
560,560.0,0.07101998839631327,0.07575254195200454,4.061749558143214e-16,0.0187679241483487,0.0824311998439952,0.1361030274420045,0.04360284481663255,43.80832283730152,0.607930195276515,47.8824163223528,0.7476090491750105,0.8164681483405317,0.686034711318475,7.295608520507812e-05,2.562999725341797e-05,0.8158694410938081,0.6139506025707016,4.774332046508789e-05,2.187490463256836e-05,801.0,0.1676207376354177,0.10822136950608152,0.5639881945965228,0.629191530852677,0.0,0.0,0.7265585965436643,0.7464500730542254,0.0,0.0,1.0,1.0,1.0,1.0,4.606706253861505,4.849518243508797,0.0,0.0
561,561.0,0.07264559118851033,0.0752196761104116,6.780334427738387e-16,0.0182321487394455,0.0892383310711011,0.20184253534534946,0.02185962727526195,43.84600980005923,0.5146697249215432,47.59389690757655,0.7149322630987796,0.7871978200125823,0.5903097643376563,7.206201553344727e-05,2.813339233398437e-05,0.8264130446540054,0.6812858419946475,4.589557647705078e-05,2.3543834686279297e-05,900.0,0.16164778393851445,0.09722037102677315,0.517768648748023,0.5194589757571721,0.0,0.0,0.774306980990712,0.8146973796476331,0.0,0.0,1.0,1.0,1.0,1.0,4.255055001467463,3.80413657324674,0.0,0.0
562,562.0,0.07255086076273169,0.07351903375432807,5.444504302880321e-16,0.0182271157096384,0.08752368402201675,0.09336069668643171,0.0583975579356774,44.04369950694742,0.5313700743138329,47.58727284070212,0.714297070928176,0.7865981345719744,0.6086244081949773,6.93202018737793e-05,2.7179718017578125e-05,0.787024717251621,0.5909191713563358,4.488229751586914e-05,2.3126602172851562e-05,901.0,0.16146853858667706,0.09778997831381132,0.5376565768049225,0.5937208727841274,0.0,0.0,0.7741321665578202,0.8156234863593699,0.0,0.0,1.0,1.0,1.0,1.0,3.2405037742772125,3.2440586673612306,0.0,0.0
563,563.0,0.07015508484055392,0.07036312870632543,4.970043171928935e-16,0.0177606348123668,0.270254815404769,0.16141164174769068,0.0557533095707185,44.02096601502784,0.5076066141692412,47.54766428579022,0.6821431260406335,0.7463614048158995,0.5860820910076646,7.2479248046875e-05,3.129243850708008e-05,0.7807506484524778,0.6069665753550793,4.786252975463867e-05,2.3365020751953125e-05,1000.0,0.1502519059817494,0.08868240921977633,0.5040159616351177,0.5310332945801438,0.0,0.0,0.687315239376066,0.7622138598863368,0.0,0.0,1.0,1.0,1.0,1.0,4.42592347290525,4.7009509842302695,0.0,0.0
564,564.0,0.06922469073127846,0.0749086347729733,7.930755676652615e-16,0.0177562194895117,0.025618763407692275,0.08144277869723733,0.018348518351558547,44.00854177170851,0.5317786134077053,47.55134521484634,0.6693053246088438,0.7305732473152099,0.6015787946979781,7.325410842895508e-05,2.9861927032470707e-05,0.7456673057486012,0.5856265899653919,4.792213439941406e-05,2.402067184448242e-05,1001.0,0.15460485749293257,0.08897081848160227,0.5421984073908876,0.5952348231700866,0.0,0.0,0.6844829660574685,0.6459220035692654,0.0,0.0,1.0,1.0,1.0,1.0,3.728772522368879,4.560732101038051,0.0,0.0
565,565.0,0.0744162015678061,0.07062951334968412,8.110405258398571e-16,0.0173444059799721,0.11297402624040839,0.15652118739672,0.0288921908359043,44.198309093246756,0.52421874990295,47.44847496439695,0.6120527170057152,0.6869848922388132,0.5922758846209667,7.838010787963867e-05,2.9742717742919922e-05,0.7328106621387629,0.6062885174572441,5.2034854888916016e-05,2.5570392608642578e-05,1100.0,0.14753360301769836,0.08147045777847906,0.5312218532518802,0.5764862333691881,0.0,0.0,0.6303421278333031,0.6562763792892938,0.0,0.0,1.0,1.0,1.0,1.0,4.068901747872253,4.2331347410762135,0.0,0.0
566,566.0,0.07436362634728386,0.07097043011692918,4.788715134696483e-16,0.0173404841242144,0.14029321220004926,0.14953390404116354,0.05392591695999725,44.150591294241615,0.632090349580575,47.45919129771199,0.6119281479301399,0.6868652033800605,0.7038918747833589,8.016824722290039e-05,2.962350845336914e-05,0.6865937013254957,0.5929263699677555,5.459785461425781e-05,2.4974346160888672e-05,1101.0,0.1488016708136914,0.08209940320625073,0.6130688764899278,0.6785325094534659,0.0,0.0,0.6307991375263964,0.6562763792892938,0.0,0.0,1.0,1.0,1.0,1.0,4.056728555869396,4.263091990514046,0.0,0.0
567,567.0,0.06574158404093593,0.06845683806870033,7.553432291811775e-16,0.0169727900169017,0.07210110401501874,0.07014854467706749,0.021288071235176127,44.14343678734475,0.5447546986681562,47.377039684706986,0.613945471328036,0.6760687156906108,0.6112256045315634,7.849931716918945e-05,3.123283386230469e-05,0.689247818593863,0.707608716400435,5.2928924560546875e-05,2.586841583251953e-05,1200.0,0.14208571480564927,0.07580300056302004,0.5185249684319931,0.5418947142758054,0.0,0.0,0.6133962524642955,0.6448310952753442,0.0,0.0,1.0,1.0,1.0,1.0,4.13147913430902,3.829093707361761,0.0,0.0
568,568.0,0.06556903456489831,0.0707926219903696,4.993932299200097e-16,0.0169692705164498,0.06677530292654404,0.08150667726295066,0.020014530397020253,44.13398754001664,0.5260239056278704,47.4526316357926,0.6141705780661892,0.6762465735760712,0.5889343681075155,7.730722427368164e-05,3.319978713989258e-05,0.6766597715573026,0.6109291815373444,5.334615707397461e-05,2.6106834411621094e-05,1201.0,0.1419683155492875,0.0761019058528046,0.5364937324685458,0.5640716507509878,0.0,0.0,0.6062163212357216,0.6448307106682543,0.0,0.0,1.0,1.0,1.0,1.0,4.954727304743634,5.0960360993196,0.0,0.0
569,569.0,0.0637379789109756,0.0689121835553865,4.447310852032151e-16,0.0168045008067021,0.05046143586514513,0.0996061676414683,0.02820882649393745,44.22268696431367,0.5621966761379548,47.91177561858146,0.5883339531652426,0.649970187334415,0.6309066969549288,8.386373519897461e-05,3.5643577575683594e-05,0.6737363975738264,0.592974626318871,5.346536636352539e-05,2.640485763549805e-05,1249.0,0.14107244512081243,0.07347820382206872,0.4938488766269127,0.590350873783443,0.0,0.0,0.565473156937393,0.5911857404753564,0.0,0.0,1.0,1.0,1.0,1.0,4.91460647714307,5.055477415868948,0.0,0.0
570,570.0,0.06535741839945595,0.06875195453920313,5.450929658951441e-16,0.016801152295864,0.08561643521534273,0.06475475174374874,0.018229752604383927,44.17418780753987,0.6065507448360865,47.547144162700356,0.606615949361054,0.6721810919113826,0.675316069198052,0.00010019540786738242,3.2961368560791016e-05,0.6501094372242142,0.6315674876356474,5.53131103515625e-05,2.6702880859375e-05,1250.0,0.14095901882241366,0.0737870017836411,0.5976242715182833,0.6188018119006984,0.0,0.0,0.5685463970251139,0.5832578130022068,0.0,0.0,1.0,1.0,1.0,1.0,4.48093881452661,4.788507545682064,0.0,0.0
571,571.0,0.06458965627588525,0.06605412494015603,4.509377120326162e-16,0.0166378564177941,0.0467912902240641,0.07926144835073495,0.01822181441821155,44.12018127617584,0.5858652350366618,47.39079629255318,0.6391273439678822,0.6989996954433967,0.6502435170898757,8.51750373840332e-05,3.36766242980957e-05,0.667611227005069,0.6776002328441586,5.221366882324219e-05,2.7298927307128906e-05,1300.0,0.1391629462558004,0.07131121630270255,0.5696604106971572,0.6288126733805797,0.0,0.0,0.6883211198283563,0.6788255304349834,0.0,0.0,1.0,1.0,1.0,1.0,5.0793716782906895,4.539569384270891,0.0,0.0
572,572.0,0.06505522000639467,0.06719115887362725,7.472540537680921e-16,0.0166346706146001,0.10217915318207813,0.07721167727140707,0.021050313313025898,44.10428824169948,0.5208214217598592,47.28363510302134,0.5876715894246707,0.6505884707090854,0.5949134104034831,7.653236389160156e-05,3.665685653686524e-05,0.6985684473815965,0.6497825948625016,5.21540641784668e-05,2.7716159820556637e-05,1301.0,0.1390561715190284,0.07145500366007067,0.5349767089228706,0.5656485805745188,0.0,0.0,0.6227130789975576,0.6326496608461389,0.0,0.0,1.0,1.0,1.0,1.0,4.381912708989471,4.180116161115411,0.0,0.0
573,573.0,0.06207512837212583,0.0637382624416542,1.4412551816294937e-15,0.0163335625096334,0.09162626613397144,0.06521023536333807,0.030543896544259,44.20322033951696,0.5530267587817578,47.20140658754045,0.6339343408096431,0.6946445633061097,0.6167090177322451,8.308887481689453e-05,3.653764724731445e-05,0.6538600543204713,0.5950765587510204,5.728006362915039e-05,2.9385089874267578e-05,1400.0,0.13350644435021394,0.06659251645300455,0.5062998728377037,0.5551899465229415,0.0,0.0,0.5846646664893532,0.6394062356585493,0.0,0.0,1.0,1.0,1.0,1.0,4.470531484947013,4.795314255944157,0.0,0.0
574,574.0,0.062064602603331055,0.06618477886095697,3.5320253123387804e-16,0.0163306574739455,0.06857942056376483,0.06664686906151471,0.017810023971833275,44.26904265961774,0.5179525903416391,47.19363423492179,0.633201005786528,0.6939000316276404,0.58454039213221,8.26120376586914e-05,3.784894943237305e-05,0.6941828876687115,0.6163043580085452,5.823373794555664e-05,2.9802322387695312e-05,1401.0,0.13341146995311368,0.06683468650902664,0.5133406485816306,0.5772305985516348,0.0,0.0,0.5870266260355583,0.6432534815595297,0.0,0.0,1.0,1.0,1.0,1.0,4.499564958435343,4.698062383418515,0.0,0.0
575,575.0,0.06228709277412185,0.06377506564390757,1.3843646973446828e-15,0.0160578738183079,0.061332959739957,0.06645052140811453,0.0191305567277595,44.096155289650895,0.5304255796459603,47.27969815277423,0.6720466146685784,0.7319410397391954,0.5927812125748959,8.994340896606445e-05,4.112720489501953e-05,0.6844469622864736,0.5855324577025407,5.817413330078125e-05,3.063678741455078e-05,1499.0,0.12699983206577034,0.06265158911395022,0.5391262059196215,0.5470436525177662,0.0,0.0,0.7227171087654563,0.6941128047379915,0.0,0.0,1.0,1.0,1.0,1.0,3.7703585172466276,3.6367633720782058,0.0,0.0
576,576.0,0.0639772989676366,0.0627886370631931,4.539742520626721e-16,0.0160552057325103,0.06585223303409292,0.06342265981947998,0.018462356121744898,44.15135632103468,0.5427454058997774,47.2666776012938,0.7067018960694204,0.7671997096062109,0.6027335232546639,8.666515350341797e-05,3.7670135498046875e-05,0.7325931689971419,0.5925979818118448,5.620718002319336e-05,2.956390380859375e-05,1500.0,0.12691482975485183,0.06284661838231463,0.4923029274276822,0.5754236002682156,0.0,0.0,0.7306676231955163,0.7807288135358819,0.0,0.0,1.0,1.0,1.0,1.0,4.592797526204524,4.106406289587343,0.0,0.0
577,577.0,0.06392877992077328,0.06497630237000153,6.498416973486559e-16,0.0160525398618111,0.06822462129639457,0.06871179625159127,0.02126073063118375,44.16677618954829,0.5425893563753941,47.26877844234547,0.7097956157853863,0.7700347884892799,0.60874474148551,8.600950241088867e-05,3.9637088775634766e-05,0.7674071434749093,0.6032120314267413,5.59687614440918e-05,2.968311309814453e-05,1501.0,0.12683052243001539,0.06301475987622368,0.49391950944569823,0.5506146429443014,0.0,0.0,0.7308401663465595,0.7796344829367843,0.0,0.0,1.0,1.0,1.0,1.0,4.229766055411094,4.29812525572345,0.0,0.0
578,578.0,0.06202387474109465,0.06386968131691001,1.3850637493972377e-15,0.015799059723593,0.07247720693703733,0.0793838013196364,0.030678819108288676,44.16087373986609,0.528881062146,47.16712269548901,0.7306682001101416,0.7880067904197806,0.5931161539514492,8.928775787353516e-05,3.832578659057617e-05,0.7692748022753644,0.6016959236651744,5.3763389587402344e-05,3.11732292175293e-05,1600.0,0.12188795615440169,0.05923150434018142,0.5004905786823912,0.5265471327992031,0.0,0.0,0.7034235117623571,0.8112363300539779,0.0,0.0,1.0,1.0,1.0,1.0,4.31289895247327,4.189579341360235,0.0,0.0
579,579.0,0.05956553942956385,0.061433268502501824,3.544971152103239e-16,0.0157965997687152,0.0550778263714164,0.0674907725187949,0.020431231241673148,44.19547047320273,0.5129524547925328,47.43220380706018,0.711769682565301,0.768082038956988,0.5762588946784095,9.262561798095703e-05,4.202127456665039e-05,0.7875433003878134,0.5934569774860909,5.8710575103759766e-05,3.123283386230469e-05,1601.0,0.12181179868711504,0.05936752928574485,0.4814815638456859,0.5167039485855813,0.0,0.0,0.6267865403586779,0.7304434334198995,0.0,0.0,1.0,1.0,1.0,1.0,4.865975813086524,4.547284332756495,0.0,0.0
580,580.0,0.06200406339269068,0.0602867513647515,3.6601546166674517e-16,0.0155621251713331,0.061693028837908,0.07044967712135977,0.0198235097341239,44.2852529072256,0.508562554175136,47.07322616909769,0.5974589219873782,0.6569041436468586,0.5686008812821166,9.137392044067381e-05,4.792213439941406e-05,0.7677212003543054,0.5703857447211967,6.192922592163086e-05,3.325939178466797e-05,1700.0,0.11742481278561154,0.05600427818091795,0.5015157080387044,0.5325283959492401,0.0,0.0,0.5556402192731966,0.6225162724641189,0.0,0.0,1.0,1.0,1.0,1.0,3.9671561156559325,4.085089276528608,0.0,0.0
581,581.0,0.061994581588349904,0.060926202074517946,2.6800562550776974e-16,0.0155598441708803,0.061321543646044946,0.07991892140125853,0.019066906766965923,44.32045182318596,0.5534182392286271,47.146874435806346,0.5983001331259243,0.6573887894027876,0.6143279670625481,9.942054748530937e-05,4.1365623474121094e-05,0.6570961288054871,0.5687560460686629,6.0617923736572266e-05,3.30805778503418e-05,1701.0,0.1173557826502249,0.0561409761918319,0.5436727161463777,0.5868136473351454,0.0,0.0,0.5826121600595477,0.6229060536437456,0.0,0.0,1.0,1.0,1.0,1.0,3.524112242486293,4.314657911927543,0.0,0.0
582,582.0,0.05877667489273985,0.05999626240650347,4.990306913423452e-16,0.0154522811972978,0.01523562538204705,0.06769220827845851,0.0196840741555206,44.206290332782416,0.5888917643279374,47.238470775129,0.6533324734079283,0.7116413134034467,0.6459096452168045,0.00010222196578973867,4.297494888305664e-05,0.6583397726578086,0.6124127417359233,6.54458999633789e-05,3.677606582641602e-05,1749.0,0.11695931192227532,0.05474812371455565,0.5667945106641991,0.5869345321677989,0.0,0.0,0.6479305071666798,0.7029588294227724,0.0,0.0,1.0,1.0,1.0,1.0,4.072054500656542,4.258162814229966,0.0,0.0
583,583.0,0.0599280865253248,0.05913221221457882,1.1943595843260944e-16,0.0154500795471461,0.019259127904660975,0.06714668107451865,0.019967445696238373,44.2754289101593,0.5162194300650558,47.28250271991466,0.6560146821779154,0.7120084624419019,0.5765021203691447,9.959936141967772e-05,4.220008850097656e-05,0.711403368719403,0.6455659704125928,5.745887756347656e-05,3.796815872192383e-05,1750.0,0.11887150579516889,0.05494822625741405,0.5108201194855995,0.5353437610593605,0.0,0.0,0.6331739063273324,0.712544060355886,0.0,0.0,1.0,1.0,1.0,1.0,4.087745459986808,4.18197668154464,0.0,0.0
584,584.0,0.05886228696068398,0.06094602128417857,3.359577928256291e-16,0.0153419547834989,0.04908681701635935,0.07301040296442804,0.019845186965540024,44.15846330348002,0.5220101485164729,47.14531378494733,0.6609981880300261,0.7240638244636053,0.5843898463254869,9.644031524658203e-05,4.6133995056152344e-05,0.7162764103716676,0.5766553556271121,6.61015510559082e-05,3.6597251892089844e-05,1800.0,0.11849385332928082,0.053586807655548276,0.5295410078546229,0.5389102882022405,0.0,0.0,0.5760829821955972,0.6815603753664805,0.0,0.0,1.0,1.0,1.0,1.0,4.521509698293089,5.0259885461196125,0.0,0.0
585,585.0,0.0597309307859395,0.060316936914393875,5.781950530516007e-16,0.0153398305944852,0.05943538266001262,0.06814322579884895,0.020260851422790424,44.2659878310335,0.5206107562255359,47.14334148136641,0.6689121197946886,0.733294301506829,0.5792446252213813,0.00010263919830315,4.2557716369628906e-05,0.7236888106201206,0.5840921673043532,6.258487701416016e-05,3.618001937866211e-05,1801.0,0.11842813108673045,0.053692662094460594,0.511291719388337,0.5740762722982827,0.0,0.0,0.6362016884077688,0.7018852587538122,0.0,0.0,1.0,1.0,1.0,1.0,4.789537038578063,4.825274835448725,0.0,0.0
586,586.0,0.05682113201521005,0.058242214075601,4.134488027531243e-16,0.0151365275258613,0.025114325224421873,0.05345321085769677,0.020076973305549424,44.17910852304107,0.5450144897354715,46.95886884726511,0.5785163665475911,0.6357165416703047,0.6016418821729433,9.876489639282227e-05,5.155801773071289e-05,0.735876976067382,0.5793433471713902,6.979703903198242e-05,3.6716461181640625e-05,1900.0,0.11378781470311403,0.05114034522119475,0.5507164277293664,0.5913017669035616,0.0,0.0,0.5562049123401313,0.5906061355684847,0.0,0.0,1.0,1.0,1.0,1.0,4.5953729551915785,4.350261277971969,0.0,0.0
587,587.0,0.05682169008979913,0.058245715921031276,7.131260721264238e-16,0.0151345417563825,0.02039433474419635,0.06604740454349663,0.019995067501440623,44.21060210702474,0.5083016027457762,46.96520777212279,0.5793998532709282,0.6366370869041348,0.5653296917791281,0.00010102987289422851,5.346536636352539e-05,0.6360826578481027,0.6025609560253354,7.796287536621094e-05,3.9517879486083984e-05,1901.0,0.11443217874273331,0.05126586647223175,0.5233639471470823,0.5612450165833027,0.0,0.0,0.5553383228305169,0.5890496512580734,0.0,0.0,1.0,1.0,1.0,1.0,4.376950307685889,4.134201860524831,0.0,0.0
588,588.0,0.05548595457951407,0.0590412761990889,6.415083589644212e-16,0.0149460204002398,0.050791891524568124,0.06749645445961497,0.020632304134778623,44.14272497026185,0.513704078342545,47.188689471058474,0.6561336582079563,0.7131025911447978,0.5722824538587492,0.00010406970977775001,4.9054622650146484e-05,0.63564200875851,0.5610554780805839,6.949901580810547e-05,3.8683414459228516e-05,1999.0,0.10994665086744293,0.048864419085111147,0.532273544408687,0.5574657594708321,0.0,0.0,0.64008110228852,0.6657542024484173,0.0,0.0,1.0,1.0,1.0,1.0,4.23417936758627,4.764883129549985,0.0,0.0
589,589.0,0.057008482263570054,0.058269189581824976,8.332902115624849e-16,0.0149441564580198,0.049602040904574075,0.0763668282306753,0.021261408925056402,44.18645894825903,0.586019016614222,47.18671896554676,0.6387559337769205,0.6990108687718855,0.6438617560010834,0.0001226663589477,5.2154064178466804e-05,0.7134211037920936,0.5720189369450128,7.450580596923828e-05,4.3511390686035156e-05,2000.0,0.11094482027515556,0.0489572024125601,0.6007097186768622,0.6463260723873194,0.0,0.0,0.6228705035112954,0.6510234745172354,0.0,0.0,1.0,1.0,1.0,1.0,4.5039721954799035,4.482899596608115,0.0,0.0
