,Unnamed: 0,obj_values,MRO_obj_values,cluster_SAA_obj_values,epsilon,online_time,MRO_time,cluster_SAA_time,MRO_square_val,MRO_sig_val,square_val,sig_val,worst_values,MRO_worst_values,worst_times,MRO_worst_times,worst_values_regret,MRO_worst_values_regret,worst_times_regret,MRO_worst_times_regret,t,regret_bound,MRO_regret_bound,MRO_eval0,MRO_eval1,MRO_satisfy0,MRO_satisfy1,O_eval0,O_eval1,O_satisfy0,O_satisfy1,O_worst_satisfy0,O_worst_satisfy1,MRO_worst_satisfy0,MRO_worst_satisfy1,cluster_SAA_eval0,cluster_SAA_eval1,cluster_SAA_satisfy0,cluster_SAA_satisfy1
0,0.0,1.0,1.0,0.0,2.674961219905688,0.08568609855137763,0.00929675274528555,0.0100675364956259,5.165584852089615e-32,0.0,5.165584852089615e-32,0.0,1.0,1.0,5.728006362915039e-05,1.5974044799804688e-05,1.0,1.0,2.0265579223632812e-05,1.1920928955078123e-05,0.0,2.477707386633564,2.6310763012737937e-08,1.0,1.0,1.0,1.0,1.0,1.0,1.0,1.0,1.0,1.0,1.0,1.0,4.350294384723258,4.30738539083537,0.0,0.0
1,1.0,1.0,1.0,0.0,2.5557724169850897,0.04872561234515155,0.048530903586652074,0.011763406684622125,7.332765207964496e-32,0.0,4.3046540434080123e-32,0.0,1.0,1.0,3.5703182220458984e-05,1.4781951904296877e-05,1.0,1.0,1.913309097290039e-05,1.1861324310302734e-05,1.0,3.222383665283981,2.111958418595083,1.0,1.0,0.0,0.0,1.0,1.0,0.0,0.0,0.0,0.0,0.0,0.0,4.237005086096188,4.198737638799104,0.0,0.0
2,2.0,1.0000000000103713,1.0000000000092244,1.208909515702948e-15,2.309401076758504,0.0598274057847447,0.0323532059555873,0.062181099725421476,8.038482805637384e-32,0.0,2.869769362272008e-32,0.0,1.0000000000103713,1.0000000000092244,3.635883331298828e-05,1.4543533325195312e-05,1.0,1.0,1.823902130126953e-05,1.33514404296875e-05,4.0,2.867445114479902,2.431415490359792,0.9999999999997761,0.9999999999998106,1.0,1.0,0.9999999999996183,0.9999999999996688,1.0,1.0,1.0,1.0,1.0,1.0,1.7687327427454467,1.916177179595198,0.0,0.0
3,3.0,1.0000000000007119,1.000000000000743,9.547918011776346e-16,2.2493653007613963,0.018357293505687176,0.0324899433180689,0.11741044581867752,6.495995605066376e-32,0.0,2.582792426044807e-32,0.0,1.0000000000007119,1.000000000000743,3.743171691894531e-05,1.4781951904296877e-05,1.000000000010019,1.0000000000089333,1.913309097290039e-05,1.245737075805664e-05,5.0,2.591551260236212,2.4253077147220417,0.9999999999998428,0.9999999999999766,1.0,1.0,0.9999999999998661,0.9999999999999766,1.0,1.0,1.0,1.0,1.0,1.0,1.5365869816138527,1.4245414634138964,0.0,0.0
4,4.0,1.0000000000016285,1.000000000000867,3.0134624954111393e-16,2.0678926158286823,0.01891624950803815,0.011924259248189576,0.014013588894158525,9.317782908456744,1.0915871381403771e-14,9.921547444950914,1.0446009137053483e-14,1.0000000000016287,1.000000000000867,3.618001937866211e-05,1.4543533325195312e-05,1.0000000000006393,1.0000000000006668,1.9073486328125e-05,1.2218952178955078e-05,9.0,2.115403079299021,1.8963919743767317,0.9999999999993944,0.9999999999999997,1.0,1.0,0.9999999999999869,0.999999999999984,1.0,1.0,1.0,1.0,1.0,1.0,3.161702269859854,3.559124229886761,0.0,0.0
5,5.0,1.000000000016205,1.0000000000009543,9.3443771239284e-16,2.032530992618459,0.041744883812498246,0.2223637490533292,0.16546760732308025,11.390240145882393,8.609779555968089e-15,11.61462932325364,2.9786543602009867e-13,1.000000000016205,1.0000000000009548,3.7670135498046875e-05,1.4543533325195312e-05,1.0000000000015947,1.0000000000008469,1.889467239379883e-05,1.2159347534179688e-05,10.0,2.0042523487362938,2.0009019256435745,0.9999999999999994,0.9999999999999974,1.0,1.0,0.9999999999993567,0.9999999999999605,1.0,1.0,1.0,1.0,1.0,1.0,2.493470819302139,2.3755714020985406,0.0,0.0
6,6.0,1.0000000000036737,1.0000000000017641,1.0503294140861677e-15,1.9158945017742988,0.2893024624208919,0.0539505975320935,0.04813387908507135,17.202799554759096,5.0288720556211855e-14,18.67305274094603,1.0225007974820767e-13,1.0000000000036737,1.000000000001764,3.653764724731445e-05,1.4543533325195312e-05,1.0000000000151783,1.000000000000898,1.996755599975586e-05,1.2695789337158203e-05,14.0,1.9218103446815602,1.7383040573441635,0.9999999999999188,0.9999999999999918,1.0,1.0,0.9999999999999712,0.9999999999999863,1.0,1.0,1.0,1.0,1.0,1.0,2.5529190302127462,2.72243060359409,0.0,0.0
7,7.0,1.000000000006827,1.000000000001179,5.745404152435186e-16,1.891483218006352,0.1789297824143432,0.19867224962217728,0.0764288291102275,18.757311550979626,2.984001934436264e-14,19.923091225104464,2.2172680358423236e-13,1.000000000006827,1.000000000001179,3.7014484405517585e-05,1.436471939086914e-05,1.0000000000036517,1.0000000000017264,1.913309097290039e-05,1.1980533599853514e-05,15.0,1.870251136986716,1.8622756017584552,0.9999999999993316,0.9999999999999996,1.0,1.0,0.9999999999996068,0.9999999999999906,1.0,1.0,1.0,1.0,1.0,1.0,2.3416406524980746,2.498551951521525,0.0,0.0
8,8.0,1.0000000000029547,1.0000000000192875,6.476300976980079e-16,1.8072040072196895,0.09917346452129998,0.15802170941606158,0.056904452270828146,23.284954781827537,5.734857033701246e-13,24.356497002504508,7.193666958412356e-14,1.0000000000029547,1.0000000000192875,3.552436828613281e-05,1.4543533325195312e-05,1.0000000000066147,1.0000000000011398,1.9073486328125e-05,1.2159347534179688e-05,19.0,1.8807923962324273,1.7507061979514793,0.9999999999997711,0.999999999999951,1.0,1.0,0.9999999999999561,0.9999999999998588,1.0,1.0,1.0,1.0,1.0,1.0,2.764626421495755,2.6883607143420276,0.0,0.0
9,9.0,1.000000000000008,1.0000000000011604,5.906386491005833e-16,1.7888543819998317,0.0381849898258224,0.10538134869420898,0.05876332696061575,23.80765517055104,3.6738390107871064e-14,25.069535411870497,6.683542608243443e-16,1.000000000000008,1.0000000000011608,3.629922866821289e-05,1.4066696166992188e-05,1.0000000000029075,1.000000000019016,1.919269561767578e-05,1.2218952178955078e-05,20.0,1.7987280968794854,1.8530664129766998,0.9999999999999996,0.9999999999999996,1.0,1.0,0.9999999999999993,0.9999999999999996,1.0,1.0,1.0,1.0,1.0,1.0,1.8863206448827943,1.8504795279740518,0.0,0.0
10,10.0,1.0000000000037232,1.0000000000000058,6.669501552343772e-16,1.656495506266208,0.07441598601872093,0.021793309831991774,0.05440022086258975,29.00396684315107,7.191959446285022e-16,30.35115959816695,1.8021123808906355e-13,1.0000000000037232,1.0000000000000058,3.9517879486083984e-05,1.4841556549072267e-05,1.000000000000008,1.0000000000010734,1.9729137420654297e-05,1.239776611328125e-05,29.0,1.5329072350241852,1.4779911443766418,1.0,1.0,1.0,1.0,0.9999999999994925,0.9999999999995114,1.0,1.0,1.0,1.0,1.0,1.0,1.7714492751570283,1.5830284464142252,0.0,0.0
11,11.0,1.0000000000232665,1.00000000000071,5.622486603280257e-16,1.6445344676020788,0.10025182965910061,0.028830765862949123,0.0988302254118025,29.694810251370757,2.9993468026694763e-14,30.69140285024636,1.073624522618388e-12,1.0000000000232665,1.00000000000071,3.9458274841308594e-05,1.4781951904296877e-05,1.0000000000036993,1.0000000000000053,1.9669532775878906e-05,1.2636184692382812e-05,30.0,1.611338870643009,1.5488655144583368,0.9999999999999901,0.9999999999992124,1.0,1.0,0.9999999999996358,0.9999999999999388,1.0,1.0,1.0,1.0,1.0,1.0,2.1475141725786706,2.095307817541607,0.0,0.0
12,12.0,1.000000000000008,1.0000000000040945,2.9967348047499343e-16,1.414213562373095,0.1367224176647141,0.0689307755674235,0.040160461619961924,35.46446786915496,1.9783046728560905e-13,38.190700849878404,1.1731067506293158e-15,1.000000000000008,1.0000000000040947,3.844499588012695e-05,1.4841556549072267e-05,1.0000000000195297,1.000000000000622,2.03251838684082e-05,1.2874603271484377e-05,59.0,0.9831105485484603,0.8728473920469935,0.9999999999999709,0.9999999999999847,1.0,1.0,0.9999999999999756,0.9999999999999996,1.0,1.0,1.0,1.0,1.0,1.0,1.8086278156582987,1.9162774215938754,0.0,0.0
13,13.0,1.000000000009978,1.0,4.462242541281879e-16,1.4087426143292945,0.14755608967971054,0.0129159311763942,0.08484838966978712,36.44081236952642,0.0,37.985763078133125,5.687066202579689e-13,1.000000000009978,1.0,4.0411949157714844e-05,1.531839370727539e-05,1.000000000000008,1.0000000000040972,2.03251838684082e-05,1.245737075805664e-05,60.0,0.9732682996493829,0.9222170310020887,1.0,1.0,1.0,1.0,0.999999999999875,0.9999999999991993,1.0,1.0,1.0,1.0,1.0,1.0,2.6922108868072443,2.9671201555099604,0.0,0.0
14,14.0,1.0000000000007683,1.0000000000290075,7.618244659451669e-16,1.2495759747681023,0.011617783573456074,0.0149861724930815,0.01367062836652615,38.66972678761995,1.8828816812577727e-12,41.50322961009716,5.534091703414864e-14,1.0000000000007683,1.0000000000290075,3.49879264831543e-05,1.6689300537109375e-05,1.0000000000088254,0.9999999999999998,2.050399780273437e-05,1.3113021850585938e-05,100.0,0.6839499866646606,0.5753162501814963,0.9999999999999265,0.9999999999993459,1.0,1.0,0.9999999999997056,0.9999999999999656,1.0,1.0,1.0,1.0,1.0,1.0,1.8611054218199672,1.724524646091469,0.0,0.0
15,15.0,1.000000000000003,1.000000000001734,2.1916430934227737e-16,1.2466183777610622,0.011885568324942124,0.01305001624859865,0.0164921437390148,39.33081155708866,1.1110347442893873e-13,41.52205945470677,7.750613568137885e-16,1.0000000000000033,1.000000000001734,3.8683414459228516e-05,1.52587890625e-05,1.0000000000007678,1.0000000000288445,2.0802021026611328e-05,1.3113021850585938e-05,101.0,0.7366678027429304,0.5909486444213983,0.9999999999998287,0.9999999999999891,1.0,1.0,0.9999999999999669,0.9999999999999997,1.0,1.0,1.0,1.0,1.0,1.0,2.8807503913844243,2.4121549432038485,0.0,0.0
16,16.0,1.0000000000000022,1.0,5.9572942784764504e-18,1.0571132736047375,0.01071469031739975,0.0146108085173182,0.02117237728089085,41.38864172652278,0.0,44.063975876943886,6.60311913548401e-16,1.000000000000002,0.9999999999999998,4.6193599700927734e-05,1.722574234008789e-05,1.0000000000000029,1.00000000000149,2.5570392608642578e-05,1.4543533325195312e-05,200.0,0.40302921792882873,0.31140581162868985,0.9999999999992224,1.0,1.0,1.0,0.9999999999999596,0.9999999999999793,1.0,1.0,1.0,1.0,1.0,1.0,2.6144241146277154,2.5045080488165947,0.0,0.0
17,17.0,1.000000000011187,1.0000000000027787,0.0,1.0558280271268556,0.019720269599929376,0.01287565485108635,0.049711866537108976,41.599939383738175,2.1820261347513006e-13,44.15953253373748,9.389395948985999e-13,1.000000000011187,1.0000000000027784,4.678964614868164e-05,1.704692840576172e-05,1.000000000000002,0.9999999999999998,2.5510787963867188e-05,1.4543533325195312e-05,201.0,0.408639304677175,0.32162996251009074,0.9999999999997852,1.0,1.0,1.0,0.9999999999995577,0.9999999999995458,1.0,1.0,1.0,1.0,1.0,1.0,2.9877819192495587,3.248951226563529,0.0,0.0
18,18.0,1.0000000000000036,1.0000000000010925,9.10018872643571e-18,0.9571610809587846,0.017523734306450874,0.017230262514203752,0.021879147621802975,42.416438760398854,9.019779458848923e-14,45.64842562581178,1.041516599740567e-15,1.0000000000000036,1.0000000000010925,5.048513412475586e-05,1.7940998077392578e-05,1.0000000000101472,1.00000000000253,2.5093555450439453e-05,1.5556812286376953e-05,300.0,0.29698699983509985,0.2214613725453023,1.0,0.9999999999999439,1.0,1.0,0.9999999999999192,0.9999999999998509,1.0,1.0,1.0,1.0,1.0,1.0,3.9247760612248124,3.8526009977033944,0.0,0.0
19,19.0,1.0000000000044496,1.0000000000077036,6.530723674265627e-18,0.9563781264542008,0.01147944043623275,0.012407610891386776,0.014075114508159424,42.34540875208334,6.214467938069584e-13,45.84733958729779,4.2023501599384363e-13,1.00000000000445,1.0000000000077036,4.83393669128418e-05,1.817941665649414e-05,1.0000000000000036,1.0000000000010918,2.5033950805664062e-05,1.5497207641601562e-05,301.0,0.2960053665820558,0.22479486686052555,0.9999999999998377,0.9999999999999085,1.0,1.0,0.9999999999998632,0.9999999999992893,1.0,1.0,1.0,1.0,1.0,1.0,2.7542075337975493,2.7193030860859237,0.0,0.0
20,20.0,1.0000000000000018,1.000000000010951,2.9379790781284236e-16,0.8916537399685627,0.01217579806689165,0.1768417232087813,0.1594308334751986,42.959287540883416,1.0070374575384995e-12,45.58011544001708,7.831869583590302e-16,1.000000000000002,1.0000000000109512,5.2869319915771484e-05,1.883506774902344e-05,1.0000000000041556,1.0000000000072573,2.8848648071289062e-05,1.621246337890625e-05,400.0,0.2333836395974065,0.17316896121326358,0.9999999999995428,0.9999999999995217,1.0,1.0,0.9999999999999994,0.9999999999999996,1.0,1.0,1.0,1.0,1.0,1.0,3.2732219240790306,3.3095348888619682,0.0,0.0
21,21.0,1.0000000000000029,1.0000000000097367,2.625157890739286e-17,0.891104184243764,0.08939188189106058,0.03554458130383857,0.01465720252599565,42.6449251473956,8.584329197125266e-13,45.59405725609642,1.0841081726912397e-15,1.0000000000000033,1.0000000000097367,4.9054622650146484e-05,1.919269561767578e-05,1.0000000000000018,1.0000000000109497,2.8848648071289062e-05,1.6450881958007812e-05,401.0,0.23415154742117258,0.1767739765897364,0.9999999999996044,0.9999999999995764,1.0,1.0,0.9999999999995933,0.9999999999999234,1.0,1.0,1.0,1.0,1.0,1.0,2.8206831069799576,2.644672374503716,0.0,0.0
22,22.0,1.0000000000017748,1.0000000000056397,1.5284803126151285e-16,0.84379538703644,0.015332150971516875,0.014335452870000098,0.1526930868276395,42.87838219269211,5.730273791224835e-13,45.49805496531352,2.0171927934401006e-13,1.000000000001775,1.00000000000564,5.4001808166503906e-05,2.03251838684082e-05,1.000000000000003,1.000000000009252,2.849102020263672e-05,1.7642974853515625e-05,500.0,0.19583660679441386,0.14535265634138195,0.9999999999998267,0.9999999999999887,1.0,1.0,0.9999999999999303,0.9999999999998509,1.0,1.0,1.0,1.0,1.0,1.0,1.4892011368195328,1.9491771455848035,0.0,0.0
23,23.0,1.000000000000675,1.000000000005827,1.431112584608218e-16,0.8433781827620509,0.0218894240097142,0.014103840803727424,0.01597544952528545,42.975975893389474,5.595722063138403e-13,45.60399269083686,8.412501042723802e-14,1.0000000000006755,1.0000000000058265,5.269050598144531e-05,2.002716064453125e-05,1.0000000000017737,1.0000000000056364,2.8789043426513672e-05,1.7940998077392578e-05,501.0,0.19972828424706418,0.1468741373252653,0.9999999999997886,0.9999999999999214,1.0,1.0,0.9999999999999217,0.9999999999995475,1.0,1.0,1.0,1.0,1.0,1.0,3.1556155211933046,2.9805310605146587,0.0,0.0
24,24.0,1.0000000000000022,1.0000000000054512,9.863551665058206e-17,0.8065311541071388,0.033750279457308296,0.018053188861813375,0.022475360019598076,43.37054245996155,5.448358935728431e-13,45.99684187598487,8.699652568581341e-16,1.0000000000000027,1.0000000000054512,5.614757537841797e-05,2.1278858184814453e-05,1.0000000000006493,1.0000000000055902,2.9981136322021484e-05,1.889467239379883e-05,600.0,0.1729358250124078,0.12426693323962029,0.9999999999998538,0.999999999999869,1.0,1.0,0.9999999999999388,0.9999999999999996,1.0,1.0,1.0,1.0,1.0,1.0,2.237708208809455,2.604893802383377,0.0,0.0
25,25.0,1.0000000000000027,1.0000000000134874,1.4610608286114892e-16,0.8061982206392606,0.017571215110365225,0.04387674672761928,0.018328024598304123,42.97721638501611,1.338183368662548e-12,46.10067900451509,9.321018471182574e-16,1.000000000000003,1.0000000000134874,5.7578086853027344e-05,2.193450927734375e-05,1.0000000000000027,1.0000000000054485,3.0934810638427734e-05,1.937150955200195e-05,601.0,0.1773329271510716,0.12535322624013967,0.9999999999997566,0.9999999999998324,1.0,1.0,0.999999999999995,0.999999999999982,1.0,1.0,1.0,1.0,1.0,1.0,2.6593027454462144,3.143402123042992,0.0,0.0
26,26.0,1.0000000000000018,1.0000000000020872,7.275504076266983e-17,0.776269838215918,0.0141784707666374,0.024276696844026398,0.026202445034868974,43.344004488034116,2.1562357888161766e-13,45.98476626282395,7.895575446403374e-16,1.0000000000000016,1.0000000000020872,5.8591365814208984e-05,2.199411392211914e-05,1.000000000000003,1.0000000000130047,3.218650817871094e-05,1.9788742065429688e-05,700.0,0.1567857647404923,0.10874791775813755,0.9999999999998621,0.9999999999997001,1.0,1.0,0.9999999999998008,1.0,1.0,1.0,1.0,1.0,1.0,1.0,1.944561239315773,2.092210223440066,0.0,0.0
27,27.0,1.0000000000000013,1.000000000003661,1.78524176870497e-16,0.7759948090006693,0.01253815571544685,0.11147691047517583,0.044398941565304974,43.217618328101054,3.80048211975502e-13,45.980115459535895,7.859231050028861e-16,1.0000000000000016,1.000000000003661,5.799531936645508e-05,2.2411346435546875e-05,1.0000000000000016,1.0000000000020859,3.904104232788086e-05,1.990795135498047e-05,701.0,0.1580329999077205,0.10953390970002108,0.9999999999998191,0.9999999999999545,1.0,1.0,0.999999999999797,0.9999999999999997,1.0,1.0,1.0,1.0,1.0,1.0,2.6137382367513085,2.6535383458383306,0.0,0.0
28,28.0,1.0000000000000027,1.0000000000019682,1.6767125989913468e-16,0.7509499993209888,0.018394346523564274,0.0278444065479561,0.01761408726451915,43.43253679895672,2.166149247550959e-13,46.786280061242536,9.802372854066211e-16,1.0000000000000027,1.0000000000019682,5.805492401123047e-05,2.324581146240234e-05,1.0000000000000016,1.0000000000035398,3.552436828613281e-05,2.0682811737060543e-05,800.0,0.14489531237993714,0.09663069118613984,0.9999999999998942,0.9999999999998628,1.0,1.0,0.999999999999934,0.9999999999999997,1.0,1.0,1.0,1.0,1.0,1.0,2.898693109714223,2.9334110331919647,0.0,0.0
29,29.0,1.0000000000000022,1.000000000009093,1.7342069330062927e-16,0.7507169659339514,0.0130798355094157,0.015105799946468275,0.015852052019908976,43.49851030151688,9.648639414320869e-13,46.814015358111234,8.739562699119679e-16,1.0000000000000024,1.000000000009093,5.793571472167969e-05,2.312660217285156e-05,1.0000000000000027,1.0000000000019678,3.1113624572753906e-05,2.0563602447509762e-05,801.0,0.14471511664060466,0.09717143219994197,0.9999999999997936,0.9999999999999425,1.0,1.0,0.9999999999998542,0.9999999999997473,1.0,1.0,1.0,1.0,1.0,1.0,3.0723002206770915,2.952398826848615,0.0,0.0
30,30.0,1.0000000000000016,1.000000000002022,2.346496232432893e-16,0.7292859495778229,0.013512213248759425,0.014222929836250824,0.03977492579724633,43.56736909085214,2.553992622055129e-13,46.37870450674771,7.843326970100484e-16,1.0000000000000016,1.000000000002022,6.330013275146484e-05,2.5033950805664062e-05,1.0000000000000024,1.0000000000088498,4.00543212890625e-05,2.199411392211914e-05,900.0,0.13565266415393887,0.0869689999024933,0.9999999999999323,0.9999999999999111,1.0,1.0,0.9999999999999474,0.9999999999999996,1.0,1.0,1.0,1.0,1.0,1.0,2.658302137478909,2.5913063676626837,0.0,0.0
31,31.0,1.0000000000000013,1.0000000000022857,1.6543058313951006e-16,0.7290846283855369,0.03800018230685957,0.014916105312295225,0.0225711564416997,43.56063729061313,2.528456350350859e-13,46.38618050315127,6.77285061490424e-16,1.000000000000001,1.0000000000022857,6.383657455444336e-05,2.47955322265625e-05,1.0000000000000016,1.0000000000020222,3.516674041748047e-05,2.1755695343017578e-05,901.0,0.135503563695073,0.08798943555791464,0.9999999999995732,0.9999999999999307,1.0,1.0,0.9999999999999996,1.0,1.0,1.0,1.0,1.0,1.0,1.0,1.8824685780058508,1.7792281185224206,0.0,0.0
32,32.0,1.0000000000044627,1.0000000000027347,6.909895541323736e-17,0.7104253924946725,0.02914385503390795,0.016096344392280977,0.016494029317982474,43.79319300180996,3.150220824939728e-13,46.6494516397687,6.105254223679728e-13,1.0000000000044627,1.0000000000027347,6.747245788574219e-05,2.6524066925048828e-05,1.000000000000001,1.0000000000022247,4.1425228118896484e-05,2.3663043975830078e-05,1000.0,0.12648311353063396,0.08014082992938178,0.9999999999996321,0.9999999999998971,1.0,1.0,0.9999999999998526,0.9999999999994694,1.0,1.0,1.0,1.0,1.0,1.0,2.3225656588819072,2.465645331304696,0.0,0.0
33,33.0,1.0000000000000004,1.0000000000041487,2.7843863728919186e-16,0.7102487795804687,0.01738009578548365,0.01622449827846135,0.028257700265385124,43.73634051337228,4.5451415990723623e-13,46.59595611465674,2.5129004245243354e-16,1.0000000000000004,1.0000000000041485,6.645917892456055e-05,2.6166439056396484e-05,1.0000000000044624,1.000000000002735,3.725290298461915e-05,2.300739288330078e-05,1001.0,0.1263577989662314,0.08039398759289132,0.9999999999999039,0.9999999999999705,1.0,1.0,0.9999999999999487,1.0,0.25,0.25,0.25,0.25,1.0,1.0,2.8556574885401242,2.51367858432649,0.0,0.0
34,34.0,1.0000000000000022,1.0000000000071563,1.6854290713200905e-16,0.6937762391988856,0.04738094215281305,0.020149664604105028,0.01880153210368,43.76806641892821,8.092317665637653e-13,46.76649414387337,1.0239672357888945e-15,1.0000000000000024,1.0000000000071565,6.723403930664062e-05,2.646446228027344e-05,1.0000000000000007,1.0000000000040472,3.844499588012695e-05,2.4378299713134762e-05,1100.0,0.11842107287520623,0.07359039962029776,0.9999999999997835,0.9999999999998395,1.0,1.0,0.9999999999997125,0.999999999999774,1.0,1.0,1.0,1.0,1.0,1.0,3.1828034614617224,2.8065843977418834,0.0,0.0
35,35.0,1.0000000000046734,1.0000000000073583,5.789521966117169e-17,0.6936193649685762,0.0114374761469662,0.02458194195060055,0.015981798060238323,43.78932651260635,8.406565327320804e-13,46.76724963687281,5.843914863777513e-13,1.0000000000046736,1.0000000000073583,6.580352783203125e-05,2.694129943847656e-05,1.0000000000000022,1.000000000007159,3.647804260253906e-05,2.41398811340332e-05,1101.0,0.11831367608516445,0.07409857409252465,0.9999999999997347,0.999999999999775,1.0,1.0,0.9999999999996637,0.9999999999998093,1.0,1.0,1.0,1.0,1.0,1.0,3.0969008307407893,2.9326940568347224,0.0,0.0
36,36.0,1.000000000000963,1.0000000000032188,1.6459862518612799e-16,0.6789116006760688,0.09384441660949955,0.02285466156899925,0.019176391186192552,43.77543474538982,3.6403383765241324e-13,46.6296913597989,1.355158954162905e-13,1.000000000000963,1.0000000000032188,6.914138793945312e-05,2.86102294921875e-05,1.0000000000045797,1.0000000000072207,4.011392593383789e-05,2.6226043701171875e-05,1200.0,0.1124331943324314,0.06822101060695732,0.999999999999658,0.9999999999999177,1.0,1.0,0.9999999999999722,0.999999999999761,1.0,1.0,1.0,1.0,1.0,1.0,1.9976770256717797,1.7957073186446855,0.0,0.0
37,37.0,1.0000000000008886,1.0000000000015286,1.3049263162571803e-16,0.6787708206579931,0.021403377293609076,0.01484105945564805,0.016619767528027227,43.88031431911216,1.8877499066415125e-13,46.625435105878225,1.2576824601110353e-13,1.0000000000008884,1.0000000000015288,7.283687591552734e-05,2.9027462005615234e-05,1.000000000000963,1.0000000000032176,5.054473876953125e-05,2.6345252990722656e-05,1201.0,0.11233987978060747,0.06851584546516447,0.9999999999999172,0.999999999999847,1.0,1.0,0.9999999999998765,0.9999999999992051,1.0,1.0,1.0,1.0,1.0,1.0,3.687668130218646,4.136047116946793,0.0,0.0
38,38.0,1.0000000000003582,1.0000000000025584,1.689238860434449e-16,0.6721800322680852,0.013004503212869126,0.054770914313849006,0.03202974546002223,43.77243922202031,3.1990095934637864e-13,46.32273021445981,5.681674783320289e-14,1.0000000000003582,1.0000000000025584,6.99162483215332e-05,2.8848648071289062e-05,1.0000000000008789,1.0000000000015183,4.0531158447265625e-05,2.6047229766845703e-05,1249.0,0.11138494968008081,0.06631927333316198,0.9999999999997998,0.9999999999999836,1.0,1.0,0.9999999999999701,0.9999999999999203,1.0,1.0,1.0,1.0,1.0,1.0,3.2859827426752286,2.629556227052798,0.0,0.0
39,39.0,1.0,1.0000000000022773,1.1456086190355198e-16,0.6720460918345627,0.039005428145173854,0.044433920062147025,0.030351408524438676,43.83915227319074,2.5621976873059883e-13,46.25151702568948,1.7319036864222313e-16,1.0000000000000002,1.0000000000022773,6.92605972290039e-05,2.9087066650390625e-05,1.0000000000003584,1.0000000000025566,3.832578659057617e-05,2.580881118774414e-05,1250.0,0.11129614795655632,0.0666555211387364,0.999999999999875,0.9999999999999201,1.0,1.0,1.0,1.0,0.25,0.25,0.25,0.25,1.0,1.0,3.0705649434823172,3.2403325486158927,0.0,0.0
40,40.0,1.0000000000008245,1.0000000000024902,6.031786394323647e-17,0.665514256711765,0.0972884919610805,0.04390704521210857,0.031841234362218473,43.887928982595966,3.1210791720345426e-13,46.544317293220814,1.1207105911662038e-13,1.0000000000008256,1.0000000000024902,7.283687591552734e-05,3.0994415283203125e-05,1.0,1.0000000000022546,4.601478576660157e-05,2.646446228027344e-05,1300.0,0.11164065345886282,0.0643199765115498,0.9999999999997544,0.9999999999998537,1.0,1.0,0.9999999999999997,0.9999999999992829,1.0,1.0,1.0,1.0,1.0,1.0,2.998073857102616,3.360916779964479,0.0,0.0
41,41.0,1.000000000004954,1.0000000000028848,3.616300724927577e-16,0.6653868245840072,0.02183259010780598,0.02881236636312675,0.019384142011404,43.930400548990264,3.6756753417722846e-13,46.551189758487425,6.887565003614256e-13,1.0000000000049543,1.0000000000028848,7.283687591552734e-05,2.968311309814453e-05,1.0000000000008253,1.0000000000024896,4.1544437408447266e-05,2.652406692504883e-05,1301.0,0.111555677011307,0.06445029812579173,0.9999999999998255,0.9999999999999339,1.0,1.0,0.9999999999996418,0.9999999999993074,1.0,1.0,1.0,1.0,1.0,1.0,2.2584785974396233,2.346569321351294,0.0,0.0
42,42.0,1.000000000000002,1.0000000000013463,4.2856189139178193e-16,0.6533425003853389,0.03171436680713665,0.015680115087889048,0.022602298762649277,43.89502752425577,1.6055687819197597e-13,46.616573860307284,8.559780010143778e-16,1.0000000000000018,1.0000000000013463,7.420778274536133e-05,3.0398368835449222e-05,1.00000000000487,1.000000000002847,4.4763088226318366e-05,2.771615982055664e-05,1400.0,0.10545893341042582,0.06043811092327735,0.9999999999999115,0.9999999999999155,1.0,1.0,0.9999999999999527,0.9999999999997569,1.0,1.0,1.0,1.0,1.0,1.0,3.6348294191999804,3.5601536005467813,0.0,0.0
43,43.0,1.000000000000002,1.0000000000014184,6.159132000054211e-17,0.6532262989578206,0.011415963934268775,0.015525094058830225,0.01579822023632,43.88880275246798,1.818263613010235e-13,46.61855124795552,9.201782689696376e-16,1.0000000000000018,1.0000000000014184,7.271766662597656e-05,3.0100345611572266e-05,1.0000000000000016,1.0000000000013456,4.178285598754883e-05,2.7477741241455078e-05,1401.0,0.10538378817212289,0.060895143268616975,0.9999999999997019,0.9999999999997178,1.0,1.0,0.9999999999998969,0.9999999999997253,1.0,1.0,1.0,1.0,1.0,1.0,3.315831518227921,3.360782144590556,0.0,0.0
44,44.0,1.0000000000002596,1.00000000000044,1.5870874354681426e-17,0.642314952732316,0.08357981039443985,0.0202945247292518,0.0218390586669556,43.85484858478565,5.5820596372164e-14,46.59348398911195,3.6402470872180885e-14,1.0000000000002593,1.0000000000004403,7.37905502319336e-05,3.153085708618164e-05,1.0000000000000018,1.0000000000013918,4.786252975463867e-05,2.9385089874267578e-05,1499.0,0.100604513188117,0.057185093803488476,0.9999999999999016,0.9999999999999984,1.0,1.0,0.9999999999998963,0.9999999999999865,1.0,1.0,1.0,1.0,1.0,1.0,1.7564019423718564,1.7202188179214235,0.0,0.0
45,45.0,1.0000000000000009,1.000000000001734,1.9613325360279966e-16,0.6422082293004144,0.045251215633470496,0.0286239455454051,0.037175362114794525,43.82012276110315,2.0549346646599403e-13,46.58748916244453,6.669637157071228e-16,1.0000000000000009,1.0000000000017342,8.004903793334961e-05,3.1948089599609375e-05,1.0000000000002596,1.0000000000004403,4.8995018005371094e-05,2.9087066650390625e-05,1500.0,0.1009463366082484,0.0574789993819928,0.9999999999998985,0.9999999999999327,1.0,1.0,0.9999999999999997,0.999999999999987,1.0,1.0,1.0,1.0,1.0,1.0,2.1495226177173317,2.441665558468158,0.0,0.0
46,46.0,1.0000000000000004,1.000000000002058,2.0357774784212282e-16,0.6421015944724467,0.02356495644198725,0.0211680991342291,0.025991456990595876,43.81865782701752,2.5201730919043455e-13,46.49012372081701,1.6485632395869895e-16,1.0000000000000004,1.0000000000020577,7.426738739013672e-05,3.2842159271240234e-05,1.0000000000000009,1.000000000001733,5.1856040954589844e-05,2.8908252716064453e-05,1501.0,0.100879725126998,0.057673408369840126,0.9999999999998364,0.9999999999997795,1.0,1.0,0.9999999999999997,0.9999999999999786,1.0,1.0,1.0,1.0,1.0,1.0,3.0534443026153237,3.735677699211143,0.0,0.0
47,47.0,1.000000000003566,1.0000000000021594,2.848534838259436e-16,0.6319623889437206,0.15884904516860834,0.06899014516966413,0.05773856653831895,43.89869651250259,2.662358910694627e-13,46.894217021149906,5.176008289334902e-13,1.000000000003566,1.0000000000021594,7.82012939453125e-05,3.2842159271240234e-05,1.0000000000000004,1.0000000000020255,4.565715789794922e-05,3.0517578125e-05,1600.0,0.0960731910470454,0.05435625891496765,0.9999999999999056,0.9999999999998078,1.0,1.0,0.9999999999998961,0.9999999999995351,1.0,1.0,1.0,1.0,1.0,1.0,3.35874666540424,3.6791407260577054,0.0,0.0
48,48.0,1.000000000000583,1.0,1.8872408824574577e-17,0.6318639907486101,0.052326617646031,0.037413851532619426,0.05671417212579395,43.9168969735092,0.0,46.88867502122289,9.051625506967025e-14,1.0000000000005826,1.0,8.416175842285156e-05,3.30805778503418e-05,1.0000000000035656,1.0000000000021592,4.7326087951660156e-05,3.0219554901123047e-05,1601.0,0.09601323222676354,0.054716613293902976,0.9999999999999944,1.0,1.0,1.0,0.9999999999999697,0.9999999999995535,1.0,1.0,1.0,1.0,1.0,1.0,2.3991014201204246,2.1633885561569914,0.0,0.0
49,49.0,1.0000000000004334,1.000000000003217,2.0444708161682316e-16,0.6224850068533267,0.10461453540483484,0.05883331206860017,0.04484990378841752,43.90927793568815,4.245698123473645e-13,46.520043012955895,6.855384621003642e-14,1.0000000000004332,1.000000000003217,8.237361907958984e-05,3.653764724731445e-05,1.0000000000005755,1.0,4.601478576660156e-05,3.1054019927978516e-05,1700.0,0.09312159673031666,0.05178850781548585,0.9999999999997268,0.999999999999801,1.0,1.0,0.9999999999998969,0.9999999999995972,1.0,1.0,1.0,1.0,1.0,1.0,2.3447958942784086,2.069552761018997,0.0,0.0
50,50.0,1.0000000000003033,1.0,1.2771469436265355e-17,0.6223937668352144,0.1393476228695362,0.13047450588783244,0.017818480497226098,43.91838369228881,0.0,46.76168870228022,3.9288765675762306e-14,1.000000000000303,1.0,8.445978164672852e-05,3.463029861450195e-05,1.000000000000433,1.0000000000032156,5.412101745605469e-05,3.17692756652832e-05,1701.0,0.09306712745903489,0.051890766617236975,0.9999999999999984,0.999999999999923,1.0,1.0,0.9999999999999061,0.9999999999996153,1.0,1.0,1.0,1.0,1.0,1.0,1.5733716828915503,1.7157224304460306,0.0,0.0
51,51.0,1.000000000000001,1.0,5.747334699883934e-17,0.6180912478919132,0.02411814406514165,0.016973419929854523,0.018767018278595025,43.928503806875014,0.0,46.74414521987746,8.127130034453167e-16,1.0000000000000016,1.0,8.052587509155273e-05,3.463029861450195e-05,1.0000000000003013,1.0,5.0902366638183594e-05,3.212690353393555e-05,1749.0,0.0932154293044144,0.0506207899161357,1.0,0.9999999999999596,1.0,1.0,0.9999999999974253,0.9999999999993446,1.0,1.0,1.0,1.0,1.0,1.0,3.366917494644707,3.2754533763674,0.0,0.0
52,52.0,1.0000000000000013,1.0,2.83091056136614e-18,0.6180031818858467,0.028077354538254422,0.063881522801239,0.04761807824252168,43.99622839040576,0.0,46.7969012379572,7.703556058332104e-16,1.0000000000000013,1.0,8.374452590942383e-05,3.725290298461914e-05,1.0000000000000016,1.0,6.014108657836914e-05,3.2901763916015625e-05,1750.0,0.09399054797182048,0.05081626461271753,0.9999999999999658,1.0,1.0,1.0,0.9999999999999238,0.999999999999614,1.0,1.0,1.0,1.0,1.0,1.0,2.91921496619781,3.0772829076320716,0.0,0.0
53,53.0,1.0000000000353197,1.0,1.4168414056642926e-16,0.6136781913399566,0.11779857153305778,0.1392178809037432,0.0599385916138999,43.98004373996504,0.0,46.40364307819239,5.3756925811361615e-12,1.0000000000353193,1.0000000000000004,8.159875869750977e-05,3.528594970703125e-05,1.0000000000000018,1.0000000000000004,4.89354133605957e-05,3.248453140258789e-05,1800.0,0.09357742503375563,0.04959659331957258,1.0,1.0,1.0,1.0,0.9999999999986242,0.999999999999533,1.0,1.0,1.0,1.0,1.0,1.0,2.280161390184542,2.1514636859727947,0.0,0.0
54,54.0,1.0000000000000013,1.0000000000012066,1.707751695685872e-16,0.6135932237794103,0.11470772180473428,0.023308959847781727,0.04999141703592608,44.04179015525891,1.498759434512002e-13,46.421881144765116,2.7280687860079116e-16,1.0000000000000004,1.0000000000012066,8.654594421386719e-05,3.5703182220458984e-05,1.0000000000353078,0.9999999999999998,5.906820297241211e-05,3.314018249511719e-05,1801.0,0.09352561034668992,0.049724845013083246,0.9999999999999396,0.9999999999999908,1.0,1.0,0.9999999999990502,0.9999999999998506,1.0,1.0,1.0,1.0,1.0,1.0,2.1503550605537107,2.3124922980619207,0.0,0.0
55,55.0,1.000000000001201,1.0000000000006193,4.749773044984266e-18,0.605461101034452,0.14940398378530514,0.03172353981062762,0.02426387817831705,43.97566234752131,7.663474695890773e-14,46.53939558008995,1.8950031103942045e-13,1.0000000000012017,1.0000000000006195,8.481740951538086e-05,3.5822391510009766e-05,1.0000000000000004,1.0000000000011908,5.728006362915039e-05,3.355741500854492e-05,1900.0,0.090681252525405,0.04726544769558338,0.9999999999998599,0.9999999999999678,1.0,1.0,0.9999999999995647,0.9999999999998546,1.0,1.0,1.0,1.0,1.0,1.0,2.5365601453352435,2.907641440600419,0.0,0.0
56,56.0,1.0000000000005187,1.0000000000008904,1.6555778550581586e-16,0.6053816702553034,0.0176054566982202,0.13861893391003832,0.04713258618721735,43.969890454277554,1.0870736222115106e-13,46.54149492500754,8.031773334325557e-14,1.0000000000005194,1.0000000000008904,8.940696716308594e-05,3.606081008911133e-05,1.0000000000012013,1.000000000000619,5.811452865600586e-05,3.36766242980957e-05,1901.0,0.0916121737566207,0.0473987206846412,0.9999999999999556,0.9999999999999734,1.0,1.0,0.9999999999998098,0.9999999999999893,1.0,1.0,1.0,1.0,1.0,1.0,3.052425641996596,2.744455503223526,0.0,0.0
57,57.0,1.0000000000019076,1.0000000000005693,5.4597045447509567e-17,0.5978408160095932,0.0376720210188068,0.09439304895931848,0.09749950730474657,43.90759594960494,7.235046172727743e-14,46.60927095585205,2.7602893634576455e-13,1.000000000001908,1.000000000000569,9.071826934814454e-05,3.790855407714844e-05,1.0000000000005138,1.00000000000088,5.6803226470947266e-05,3.445148468017578e-05,1999.0,0.0893086852134642,0.04519259634572282,0.9999999999999823,1.0,1.0,1.0,0.9999999999996929,0.9999999999996201,1.0,1.0,1.0,1.0,1.0,1.0,3.0322586950974855,3.432169462543216,0.0,0.0
58,58.0,0.9999999999999998,1.0000000000007698,2.4240792249639797e-16,0.5977662583207943,0.05681957857450465,0.06380615156376729,0.03294810542138287,43.9881697515674,1.0309078334687842e-13,46.380646543294425,0.0,0.9999999999999996,1.0000000000007698,9.524822235107423e-05,3.778934478759766e-05,1.000000000001908,1.0000000000005693,5.435943603515625e-05,3.4749507904052734e-05,2000.0,0.0909830969544623,0.0453670964878263,0.9999999999999044,0.9999999999999141,1.0,1.0,1.0,0.9999999999997569,0.0,0.0,0.0,0.0,1.0,1.0,1.8409719429179192,1.4526313035132228,0.0,0.0
59,59.0,1.0,1.0,0.0,2.006220914929266,0.07149160286644471,0.0095537837478332,0.0092172584845684,5.165584852089615e-32,0.0,5.165584852089615e-32,0.0,1.0,1.0,6.192922592163086e-05,1.5735626220703125e-05,1.0,1.0,2.008676528930664e-05,1.239776611328125e-05,0.0,2.4777073866335644,2.6310763012737937e-08,1.0,1.0,1.0,1.0,1.0,1.0,1.0,1.0,1.0,1.0,1.0,1.0,4.350294384723258,4.30738539083537,0.0,0.0
60,60.0,1.0,1.0,0.0,1.9168293127388172,0.0167028331779874,0.010190069500822525,0.014485444291494775,7.332765207964496e-32,0.0,4.3046540434080123e-32,0.0,1.0,1.0,3.629922866821289e-05,1.4543533325195312e-05,1.0,1.0,1.8417835235595703e-05,1.1920928955078123e-05,1.0,3.2074850649189055,2.097059818230007,1.0,1.0,0.0,0.0,1.0,1.0,0.0,0.0,0.0,0.0,0.0,0.0,4.237005086096188,4.198737638799104,0.0,0.0
61,61.0,1.0000000000041063,1.0000000000040798,1.208909515702948e-15,1.7320508075688776,0.017496462853159728,0.0435566505184397,0.02135212364373725,8.038482805637384e-32,0.0,2.869769362272008e-32,0.0,1.0000000000041063,1.00000000000408,3.7610530853271484e-05,1.4424324035644531e-05,1.0,1.0,1.8417835235595703e-05,1.3828277587890623e-05,4.0,2.849167107322543,2.4131374832024326,0.9999999999997281,0.9999999999995381,1.0,1.0,0.9999999999997278,0.999999999999528,1.0,1.0,1.0,1.0,1.0,1.0,1.7687327427454467,1.916177179595198,0.0,0.0
62,62.0,1.000000000005944,1.0000000000058908,9.547918011776346e-16,1.6870239755710472,0.05392297677462912,0.10329067974817002,0.0293046077131293,6.495995605066376e-32,0.0,2.582792426044807e-32,0.0,1.000000000005944,1.0000000000058908,4.112720489501953e-05,1.4543533325195312e-05,1.0000000000039504,1.000000000003926,1.889467239379883e-05,1.1742115020751953e-05,5.0,2.573818096938533,2.407574551424362,0.9999999999983595,0.9999999999997249,1.0,1.0,0.9999999999983675,0.9999999999997253,1.0,1.0,1.0,1.0,1.0,1.0,1.5365869816138527,1.4245414634138964,0.0,0.0
63,63.0,1.0000000000013114,1.0000000000009241,3.0134624954111393e-16,1.5509194618715116,0.09716660255799064,0.10200770170195025,0.16335168387740848,9.317782908456744,1.5150579203902584e-14,9.921547444950914,1.8415824420969784e-14,1.0000000000013114,1.0000000000009241,4.07099723815918e-05,1.4543533325195312e-05,1.000000000005369,1.0000000000053213,1.943111419677734e-05,1.2159347534179688e-05,9.0,2.100226364197096,1.8812152592748066,0.9999999999999767,0.9999999999999996,1.0,1.0,0.9999999999998203,0.999999999999746,1.0,1.0,1.0,1.0,1.0,1.0,3.161702269859854,3.559124229886761,0.0,0.0
64,64.0,1.0000000000061986,1.0000000000107576,9.3443771239284e-16,1.5243982444638442,0.1167140901088714,0.24312226107576856,0.15116128447698424,11.390240145882393,1.7321514593030925e-13,11.61462932325364,1.1386632377726378e-13,1.0000000000061986,1.0000000000107574,3.832578659057617e-05,1.4841556549072267e-05,1.0000000000013178,1.000000000000911,2.008676528930664e-05,1.2278556823730469e-05,10.0,1.9896516617524929,1.9863012386597734,0.9999999999958588,0.9999999999999984,1.0,1.0,0.9999999999994038,0.9999999999998406,1.0,1.0,1.0,1.0,1.0,1.0,2.493470819302139,2.3755714020985406,0.0,0.0
65,65.0,1.0000000000061018,1.0000000000000053,1.0503294140861677e-15,1.4369208763307242,0.10250643885228777,0.14707756059942764,0.10981929104309525,17.202799554759096,6.602905356981194e-16,18.67305274094603,1.9626259681765054e-13,1.0000000000061018,1.0000000000000053,4.124641418457031e-05,1.4603137969970703e-05,1.0000000000058495,1.000000000010068,1.9848346710205078e-05,1.245737075805664e-05,14.0,1.909159232712704,1.7256529453753071,0.9999999999999465,0.9999999999999972,1.0,1.0,0.9999999999999589,0.9999999999999749,1.0,1.0,1.0,1.0,1.0,1.0,2.5529190302127462,2.72243060359409,0.0,0.0
66,66.0,1.0000000000021547,1.0000000000554532,5.745404152435186e-16,1.4186124135047635,0.1230878715869039,0.21042061183834443,0.13693781639449296,18.757311550979626,1.5888124149654459e-12,19.923091225104464,7.755462938519032e-14,1.0000000000021547,1.0000000000554532,4.035234451293945e-05,1.4841556549072267e-05,1.0000000000060307,1.0000000000000056,1.931190490722656e-05,1.2218952178955078e-05,15.0,1.8580092932070387,1.8500337579787778,0.9999999999869337,0.9999999999995959,1.0,1.0,0.9999999999999946,0.9999999999999516,1.0,1.0,1.0,1.0,1.0,1.0,2.3416406524980746,2.498551951521525,0.0,0.0
67,67.0,1.0000000000027254,1.0000000000000058,6.476300976980079e-16,1.3554030054147672,0.06509919994277874,0.07344690413447091,0.07365577702876173,23.284954781827537,7.274273775929411e-16,24.356497002504508,9.763486315724397e-14,1.0000000000027254,1.0000000000000058,3.719329833984375e-05,1.4781951904296877e-05,1.000000000002054,1.0000000000537115,1.943111419677734e-05,1.2218952178955078e-05,19.0,1.8699454310738521,1.7398592327929046,0.9999999999999996,0.9999999999999997,1.0,1.0,0.9999999999999557,0.9999999999999774,1.0,1.0,1.0,1.0,1.0,1.0,2.764626421495755,2.6883607143420276,0.0,0.0
68,68.0,1.000000000005937,1.0000000000034976,5.906386491005833e-16,1.3416407864998738,0.1676865429617464,0.12506744230631733,0.04102370468899605,23.80765517055104,1.2184364628353708e-13,25.069535411870497,2.258393472232001e-13,1.0000000000059373,1.0000000000034974,3.629922866821289e-05,1.430511474609375e-05,1.0000000000026943,1.0000000000000058,1.8596649169921875e-05,1.2218952178955078e-05,20.0,1.788179205952035,1.8425175220492491,0.9999999999996718,0.9999999999999993,1.0,1.0,0.999999999999703,0.9999999999999363,1.0,1.0,1.0,1.0,1.0,1.0,1.8863206448827943,1.8504795279740518,0.0,0.0
69,69.0,1.0000000000095475,1.0000000000000036,6.669501552343772e-16,1.242371629699656,0.21183499565813688,0.16155644960235802,0.1419153428287245,29.00396684315107,7.30624711058467e-16,30.35115959816695,5.080698933463836e-13,1.0000000000095475,1.0000000000000038,4.1484832763671875e-05,1.4781951904296877e-05,1.0000000000054918,1.0000000000032538,1.949071884155273e-05,1.2874603271484377e-05,29.0,1.524420020743856,1.4695039300963129,0.9999999999990754,0.9999999999999997,1.0,1.0,0.9999999999980184,0.9999999999993752,1.0,1.0,1.0,1.0,1.0,1.0,1.7714492751570283,1.5830284464142252,0.0,0.0
70,70.0,1.0000000000116522,1.000000000007413,5.622486603280257e-16,1.233400850701559,0.08673835330409928,0.13152663392247632,0.06536766915814947,29.694810251370757,5.12127641881323e-13,30.69140285024636,7.294934497740054e-13,1.000000000011652,1.000000000007413,4.13060188293457e-05,1.430511474609375e-05,1.000000000009442,1.0000000000000036,2.038478851318359e-05,1.2218952178955078e-05,30.0,1.6030289774792703,1.540555621294598,0.9999999999999203,0.9999999999990954,1.0,1.0,0.9999999999990967,0.9999999999994527,1.0,1.0,1.0,1.0,1.0,1.0,2.1475141725786706,2.095307817541607,0.0,0.0
71,71.0,1.0000000000000027,1.0000000000000002,2.9967348047499343e-16,1.0606601717798212,0.1422423628973774,0.038542951631825376,0.06468817609129472,35.46446786915496,1.5612511283791266e-16,38.190700849878404,6.826136877968737e-16,1.0000000000000027,1.0000000000000002,4.172325134277344e-05,1.5020370483398438e-05,1.0000000000101508,1.0000000000062086,1.9609928131103516e-05,1.245737075805664e-05,59.0,0.977857433308741,0.8675942768072742,0.9999999999997533,0.9999999999998501,1.0,1.0,0.9999999999999877,1.0,1.0,1.0,1.0,1.0,1.0,1.0,1.8086278156582987,1.9162774215938754,0.0,0.0
72,72.0,1.000000000005316,1.0000000000052611,4.462242541281879e-16,1.056556960746971,0.17814906249986956,0.056702922738622846,0.11169502319535235,36.44081236952642,4.119811329690475e-13,37.985763078133125,4.027927564137074e-13,1.000000000005316,1.0000000000052611,4.267692565917969e-05,1.5079975128173828e-05,1.0000000000000027,1.0000000000000002,2.008676528930664e-05,1.2695789337158203e-05,60.0,0.9680788791347253,0.9170276104874312,0.9999999999998387,0.9999999999998389,1.0,1.0,0.9999999999999258,0.9999999999997075,1.0,1.0,1.0,1.0,1.0,1.0,2.6922108868072443,2.9671201555099604,0.0,0.0
73,73.0,1.0000000000000067,1.0000000000000004,7.618244659451669e-16,0.9371819810760768,0.1395932507002726,0.11626302939839657,0.10811452986672518,38.66972678761995,1.6468308198606492e-16,41.50322961009716,1.368746386073586e-15,1.0000000000000067,1.0000000000000002,4.076957702636719e-05,1.7523765563964844e-05,1.0000000000048237,1.0000000000047058,2.0265579223632812e-05,1.3113021850585938e-05,100.0,0.6804218053648151,0.5717880688816507,1.0,0.9999999999999604,1.0,1.0,0.99999999999841,1.0000000000000002,1.0,1.0,1.0,1.0,1.0,1.0,1.8611054218199672,1.724524646091469,0.0,0.0
74,74.0,1.0000000000000042,1.0000000000033007,2.1916430934227737e-16,0.9349637833207968,0.01562683488009495,0.039881060132756774,0.17433080374030394,39.33081155708866,3.061620663490424e-13,41.52205945470677,9.889887650965135e-16,1.0000000000000042,1.0000000000033007,4.410743713378906e-05,1.5020370483398438e-05,1.0000000000000067,1.0000000000000004,2.008676528930664e-05,1.2934207916259767e-05,101.0,0.7331669624435565,0.5874478041220241,0.9999999999995035,0.9999999999998939,1.0,1.0,0.9999999999997911,0.999999999999823,1.0,1.0,1.0,1.0,1.0,1.0,2.8807503913844243,2.4121549432038485,0.0,0.0
75,75.0,1.0000000000062128,1.0000000000044145,5.9572942784764504e-18,0.7928349552035533,0.15645106346346432,0.09769481286639342,0.21484149358002466,41.38864172652278,5.28875588310168e-13,44.063975876943886,7.398991988200179e-13,1.0000000000062128,1.0000000000044142,4.571676254272461e-05,1.6987323760986328e-05,1.0000000000000036,1.0000000000027809,2.2232532501220703e-05,1.4603137969970703e-05,200.0,0.40101696923939983,0.3093935629392608,0.9999999999995254,0.9999999999996969,1.0,1.0,0.9999999999951343,0.9999999999956712,1.0,1.0,1.0,1.0,1.0,1.0,2.6144241146277154,2.5045080488165947,0.0,0.0
76,76.0,1.000000000004213,1.0000000000194813,0.0,0.7918710203451418,0.09408014372456817,0.060025036509614396,0.04519526567310088,41.599939383738175,2.0139862000334574e-12,44.15953253373748,4.969223522418242e-13,1.000000000004213,1.000000000019481,4.6193599700927734e-05,1.6808509826660156e-05,1.0000000000062053,1.0000000000044065,2.312660217285156e-05,1.4781951904296877e-05,201.0,0.4066354269633399,0.31962608479625565,0.9999999999995716,0.9999999999998428,1.0,1.0,0.9999999999987553,0.9999999999997866,1.0,1.0,1.0,1.0,1.0,1.0,2.9877819192495587,3.248951226563529,0.0,0.0
77,77.0,1.0000000000026246,1.0000000000018137,9.10018872643571e-18,0.7178708107190884,0.0138786191819235,0.023017132421955452,0.0438455523690208,42.416438760398854,2.0858242273635317e-13,45.64842562581178,3.222516060918399e-13,1.0000000000026246,1.0000000000018137,5.08427619934082e-05,1.7881393432617188e-05,1.0000000000038427,1.0000000000178222,2.580881118774414e-05,1.5437602996826172e-05,300.0,0.29556025553364895,0.2200346282438514,0.9999999999999816,0.9999999999999388,1.0,1.0,0.9999999999998928,0.9999999999991226,1.0,1.0,1.0,1.0,1.0,1.0,3.9247760612248124,3.8526009977033944,0.0,0.0
78,78.0,1.0000000000000027,1.0000000000036167,6.530723674265627e-18,0.7172835948406505,0.054052483232226174,0.07039138203253963,0.1152677481877617,42.34540875208334,4.142931459042076e-13,45.84733958729779,1.0210605055723355e-15,1.0000000000000027,1.0000000000036167,5.072355270385742e-05,1.7642974853515625e-05,1.0000000000026235,1.0000000000018114,2.4437904357910153e-05,1.5556812286376953e-05,301.0,0.29458269845833773,0.22337219873680747,0.9999999999997509,0.9999999999998189,1.0,1.0,0.9999999999999033,0.9999999999999989,1.0,1.0,1.0,1.0,1.0,1.0,2.7542075337975493,2.7193030860859237,0.0,0.0
79,79.0,1.0000000000000018,1.0000000000118743,2.9379790781284236e-16,0.668740304976422,0.10102887073298912,0.09462468180572607,0.054915098473429624,42.959287540883416,1.3846315726357753e-12,45.58011544001708,8.811195942966442e-16,1.0000000000000018,1.0000000000118743,5.263090133666992e-05,1.8596649169921875e-05,1.0000000000000029,1.0000000000033795,2.5331974029541016e-05,1.621246337890625e-05,400.0,0.23227185189171007,0.17205717350756716,0.9999999999986828,0.9999999999996524,1.0,1.0,0.9999999999999751,0.9999999999999418,1.0,1.0,1.0,1.0,1.0,1.0,3.2732219240790306,3.3095348888619682,0.0,0.0
80,80.0,1.0000000000034384,1.0000000000080291,2.625157890739286e-17,0.668328138182823,0.11290442757308482,0.01993303420022125,0.013985130353830675,42.6449251473956,1.0133729515078358e-12,45.59405725609642,4.729029155134223e-13,1.0000000000034386,1.0000000000080291,5.5670738220214844e-05,1.8715858459472656e-05,1.0000000000000018,1.0000000000118812,2.6285648345947266e-05,1.621246337890625e-05,401.0,0.2330421835930246,0.17566461276158848,0.9999999999991579,0.9999999999996592,1.0,1.0,0.9999999999998246,0.999999999999893,1.0,1.0,1.0,1.0,1.0,1.0,2.8206831069799576,2.644672374503716,0.0,0.0
81,81.0,1.0000000000004634,1.0000000000022689,1.5284803126151285e-16,0.63284654027733,0.015836977690923876,0.039170854375697596,0.016858380113262624,42.87838219269211,2.784995006887564e-13,45.49805496531352,6.729600375304625e-14,1.0000000000004636,1.0000000000022689,5.632638931274414e-05,2.002716064453125e-05,1.0000000000032638,1.0000000000076374,2.872943878173828e-05,1.7464160919189453e-05,500.0,0.19492285138879056,0.14443890093575862,0.9999999999999298,0.9999999999998872,1.0,1.0,0.99999999999997,0.9999999999996665,1.0,1.0,1.0,1.0,1.0,1.0,1.4892011368195328,1.9491771455848035,0.0,0.0
82,82.0,1.000000000007343,1.0000000000071982,1.431112584608218e-16,0.6325336370715382,0.0121854136814363,0.01651024189777665,0.015043158316984724,42.975975893389474,9.374852124287978e-13,45.60399269083686,1.0401759602970797e-12,1.0000000000073432,1.0000000000071982,5.8710575103759766e-05,2.008676528930664e-05,1.0000000000004627,1.0000000000022673,2.9325485229492184e-05,1.7881393432617188e-05,501.0,0.19881614130027953,0.1459619943784806,0.9999999999990834,0.9999999999993703,1.0,1.0,0.9999999999997653,0.99999999999969,1.0,1.0,1.0,1.0,1.0,1.0,3.1556155211933046,2.9805310605146587,0.0,0.0
83,83.0,1.0000000000081164,1.0000000000018805,9.863551665058206e-17,0.6048983655803541,0.02538252552039915,0.02499597804853685,0.023849256569519597,43.37054245996155,2.666210227804056e-13,45.99684187598487,1.1937755650854076e-12,1.0000000000081166,1.0000000000018805,5.8770179748535156e-05,2.1278858184814453e-05,1.0000000000070806,1.0000000000069411,3.427267074584961e-05,1.9073486328125e-05,600.0,0.1721586078469342,0.12348971607414669,0.9999999999995804,0.9999999999997798,1.0,1.0,0.9999999999990328,0.9999999999997036,1.0,1.0,1.0,1.0,1.0,1.0,2.237708208809455,2.604893802383377,0.0,0.0
84,84.0,1.0000000000014893,1.0000000000018117,1.4610608286114892e-16,0.6046486654794454,0.061177925905212704,0.019459321047179325,0.03539519110927353,42.97721638501611,2.6065174038205316e-13,46.10067900451509,1.9677764185243079e-13,1.0000000000014895,1.0000000000018114,5.6624412536621094e-05,2.104043960571289e-05,1.0000000000081122,1.000000000001881,2.9385089874267578e-05,1.8358230590820312e-05,601.0,0.1765568627826055,0.12457716187167354,0.9999999999994121,0.999999999999607,1.0,1.0,0.9999999999997016,0.9999999999997896,1.0,1.0,1.0,1.0,1.0,1.0,2.6593027454462144,3.143402123042992,0.0,0.0
85,85.0,1.0000000000000027,1.000000000004151,7.275504076266983e-17,0.5822023786619385,0.0123178630601614,0.0403886850108392,0.017457302426919324,43.344004488034116,5.210063271275311e-13,45.98476626282395,1.0283736037671531e-15,1.0000000000000027,1.0000000000041507,6.061792373657227e-05,2.264976501464844e-05,1.0000000000014406,1.0000000000017397,4.023313522338867e-05,1.9848346710205078e-05,700.0,0.1561086280137842,0.10807078103142942,0.9999999999995599,0.9999999999999805,1.0,1.0,0.9999999999995103,0.9999999999999223,1.0,1.0,1.0,1.0,1.0,1.0,1.944561239315773,2.092210223440066,0.0,0.0
86,86.0,1.0000000000003846,1.0000000000021785,1.78524176870497e-16,0.581996106750502,0.020530636073090122,0.0236775653320364,0.033033762010745676,43.217618328101054,3.017106158865642e-13,45.980115459535895,6.809055994518879e-14,1.0000000000003841,1.0000000000021787,6.413459777832031e-05,2.2470951080322266e-05,1.0000000000000027,1.0000000000041525,3.647804260253906e-05,1.9848346710205078e-05,701.0,0.15735672981836688,0.10885763961066747,0.9999999999996417,0.9999999999998308,1.0,1.0,0.9999999999988436,0.9999999999990543,1.0,1.0,1.0,1.0,1.0,1.0,2.6137382367513085,2.6535383458383306,0.0,0.0
87,87.0,1.000000000000002,1.0,1.6767125989913468e-16,0.5632124994907416,0.1223847498768009,0.045787127746734754,0.0373402702971361,43.43253679895672,0.0,46.786280061242536,9.884777606515096e-16,1.0000000000000018,1.0,6.347894668579102e-05,2.318620681762695e-05,1.0000000000003697,1.0000000000020928,3.331899642944336e-05,2.0742416381835938e-05,800.0,0.1442948095021017,0.09603018830830445,0.999999999999942,0.9999999999999438,1.0,1.0,0.9999999999997832,0.9999999999999893,1.0,1.0,1.0,1.0,1.0,1.0,2.898693109714223,2.9334110331919647,0.0,0.0
88,88.0,1.0000000000000009,1.000000000001199,1.7342069330062927e-16,0.5630377244504636,0.025703768536914102,0.014879715046845324,0.0170423738891258,43.49851030151688,1.8161447669710368e-13,46.814015358111234,6.707827015097217e-16,1.0000000000000009,1.000000000001199,6.151199340820312e-05,2.312660217285156e-05,1.0000000000000018,1.0,3.409385681152344e-05,2.0742416381835938e-05,801.0,0.14411528987814465,0.09657160543748197,0.9999999999997469,0.999999999999885,1.0,1.0,0.9999999999999997,0.9999999999998176,1.0,1.0,1.0,1.0,1.0,1.0,3.0723002206770915,2.952398826848615,0.0,0.0
89,89.0,1.0000000000000009,1.0000000000021747,2.346496232432893e-16,0.5469644621833671,0.013498421758413249,0.015284463588613975,0.04664132039761167,43.56736909085214,3.2943577270670324e-13,46.37870450674771,6.772053758770189e-16,1.0000000000000009,1.000000000002175,6.479024887084961e-05,2.485513687133789e-05,1.0000000000000009,1.0000000000011544,3.4868717193603516e-05,2.1696090698242188e-05,900.0,0.13511279865162817,0.0864291344001826,0.9999999999999059,0.9999999999998945,1.0,1.0,0.9999999999998946,0.9999999999999113,1.0,1.0,1.0,1.0,1.0,1.0,2.658302137478909,2.5913063676626837,0.0,0.0
90,90.0,1.0000000000000004,1.0000000000017357,1.6543058313951006e-16,0.5468134712891527,0.019430523272603726,0.02054036949994035,0.023942647501826224,43.56063729061313,2.6630028817358134e-13,46.38618050315127,1.6788140659342874e-16,1.0000000000000004,1.0000000000017357,6.532669067382812e-05,2.5331974029541016e-05,1.0000000000000009,1.0000000000021732,4.410743713378906e-05,2.1755695343017578e-05,901.0,0.13496424091471818,0.08745011277755983,0.9999999999998512,0.9999999999999082,1.0,1.0,0.999999999999915,0.9999999999999997,1.0,1.0,1.0,1.0,1.0,1.0,1.8824685780058508,1.7792281185224206,0.0,0.0
91,91.0,1.0000000000025273,1.0,6.909895541323736e-17,0.5328190443710044,0.01583754055900495,0.014214056252967549,0.0220454155933111,43.79319300180996,0.0,46.6494516397687,4.4924310264077086e-13,1.0000000000025282,0.9999999999999998,6.628036499023438e-05,2.5928020477294922e-05,1.0,1.0000000000016842,4.2557716369628906e-05,2.276897430419922e-05,1000.0,0.12599247021709475,0.07965018661584256,0.9999999999998553,0.9999999999998685,1.0,1.0,0.9999999999997531,0.999999999999735,1.0,1.0,1.0,1.0,1.0,1.0,2.3225656588819072,2.465645331304696,0.0,0.0
92,92.0,1.0000000000059457,1.0000000000001807,2.7843863728919186e-16,0.5326865846853516,0.012788882188033224,0.015864122484344927,0.015806426119524975,43.73634051337228,2.7437021066863454e-14,46.59595611465674,1.06151077545817e-12,1.0000000000059464,1.0000000000001807,6.67572021484375e-05,2.473592758178711e-05,1.0000000000025286,1.0,3.522634506225586e-05,2.294778823852539e-05,1001.0,0.1258676012515794,0.07990378987823932,0.9999999999999909,0.9999999999999847,1.0,1.0,0.9999999999990827,0.9999999999991676,1.0,1.0,1.0,1.0,1.0,1.0,2.8556574885401242,2.51367858432649,0.0,0.0
93,93.0,1.0000000000002762,1.0000000000014038,1.6854290713200905e-16,0.5203321793991642,0.0111210537143051,0.0157721207360737,0.0160866436781361,43.76806641892821,2.5925413148603106e-13,46.76649414387337,6.010217461976264e-14,1.0000000000002762,1.0000000000014038,6.943941116333008e-05,2.580881118774414e-05,1.0000000000058167,1.0000000000001754,4.3392181396484375e-05,2.41398811340332e-05,1100.0,0.11797121252536362,0.07314053927045515,0.99999999999983,0.9999999999997502,1.0,1.0,0.9999999999998441,0.9999999999997573,1.0,1.0,1.0,1.0,1.0,1.0,3.1828034614617224,2.8065843977418834,0.0,0.0
94,94.0,1.0000000000000016,1.0000000000043876,5.789521966117169e-17,0.5202145237264322,0.011792782519478275,0.0149998956476338,0.0232198708108626,43.78932651260635,6.720878625583324e-13,46.76724963687281,1.0236687928907044e-15,1.0000000000000016,1.0000000000043876,6.592273712158203e-05,2.700090408325195e-05,1.0000000000002764,1.0000000000014035,3.927946090698242e-05,2.4378299713134762e-05,1101.0,0.11786418836852725,0.07364908637588738,0.9999999999993883,0.999999999999647,1.0,1.0,0.9999999999999849,1.0,1.0,1.0,1.0,1.0,1.0,1.0,3.0969008307407893,2.9326940568347224,0.0,0.0
95,95.0,1.0000000000000002,1.0000000000017046,1.6459862518612799e-16,0.5091837005070516,0.044217799149919225,0.031989150098524974,0.016157056554220547,43.77543474538982,2.500290891800529e-13,46.6296913597989,1.7795815535796597e-16,1.0,1.0000000000017046,7.063150405883789e-05,2.7418136596679688e-05,1.0000000000000018,1.0000000000042877,3.921985626220703e-05,2.485513687133789e-05,1200.0,0.1120176969096109,0.06780551318413693,0.9999999999998188,0.9999999999997806,1.0,1.0,0.9999999999997811,0.9999999999997138,1.0,1.0,1.0,1.0,1.0,1.0,1.9976770256717797,1.7957073186446855,0.0,0.0
96,96.0,1.0000000000000007,1.0000000000012121,1.3049263162571803e-16,0.5090781154934948,0.028835317527409574,0.0393643447314389,0.0175470938556827,43.88031431911216,2.174657404585243e-13,46.625435105878225,3.7087985161348255e-16,1.0000000000000009,1.000000000001212,6.878376007080078e-05,2.8431415557861328e-05,1.0000000000000002,1.0000000000017042,4.3451786041259766e-05,2.485513687133789e-05,1201.0,0.11192469874914995,0.06810066443370698,0.9999999999998395,0.9999999999998521,1.0,1.0,0.9999999999997958,0.999999999999243,0.25,0.25,0.25,0.25,1.0,1.0,3.687668130218646,4.136047116946793,0.0,0.0
97,97.0,1.000000000000404,1.000000000000404,1.689238860434449e-16,0.5041350242010639,0.01316838990896935,0.019682348123751525,0.01871505856979635,43.77243922202031,6.831840161817825e-14,46.32273021445981,7.312126714859115e-14,1.0000000000004032,1.0000000000004037,7.051229476928711e-05,2.771615982055664e-05,1.0000000000000009,1.0000000000012004,4.458427429199219e-05,2.580881118774414e-05,1249.0,0.1109843934425532,0.06591871709563445,0.9999999999998886,0.9999999999999046,1.0,1.0,0.9999999999998147,0.999999999998753,1.0,1.0,1.0,1.0,1.0,1.0,3.2859827426752286,2.629556227052798,0.0,0.0
98,98.0,1.0000000000003277,1.0000000000006388,1.1456086190355198e-16,0.504034568875922,0.12127440090989684,0.0387025928357616,0.023119852528907275,43.83915227319074,1.0809538302086245e-13,46.25151702568948,5.882218130023555e-14,1.0000000000003275,1.0000000000006386,7.200241088867188e-05,2.813339233398437e-05,1.0000000000004032,1.0000000000004037,4.291534423828125e-05,2.5570392608642578e-05,1250.0,0.11089588514119442,0.0662552583233745,0.9999999999999063,0.9999999999999126,1.0,1.0,0.9999999999999352,0.9999999999989766,1.0,1.0,1.0,1.0,1.0,1.0,3.0705649434823172,3.2403325486158927,0.0,0.0
99,99.0,1.0000000000003255,1.0000000000012348,6.031786394323647e-17,0.4991356925338237,0.01603989698924122,0.0181291042827069,0.06570623366860673,43.887928982595966,1.862013310673323e-13,46.544317293220814,5.923554537470918e-14,1.0000000000003257,1.0000000000012348,7.736682891845703e-05,2.866983413696289e-05,1.0000000000003244,1.000000000000632,4.4763088226318366e-05,2.6166439056396484e-05,1300.0,0.11125451837754184,0.0639338414302289,0.9999999999998945,0.9999999999998916,1.0,1.0,0.9999999999997129,0.9999999999997706,1.0,1.0,1.0,1.0,1.0,1.0,2.998073857102616,3.360916779964479,0.0,0.0
100,100.0,1.0000000000002058,1.0000000000008837,3.616300724927577e-16,0.4990401184380054,0.016271506086923175,0.023217753216158578,0.022334226639941272,43.930400548990264,1.3935220171936722e-13,46.551189758487425,3.9568888407457304e-14,1.000000000000206,1.0000000000008837,7.277727127075195e-05,2.86102294921875e-05,1.0000000000003255,1.0000000000012341,4.357099533081055e-05,2.6047229766845703e-05,1301.0,0.11116981403217457,0.06406443514665933,0.9999999999992385,0.9999999999997103,1.0,1.0,0.9999999999982663,0.9999999999985532,1.0,1.0,1.0,1.0,1.0,1.0,2.2584785974396233,2.346569321351294,0.0,0.0
101,101.0,1.0,1.000000000000915,4.2856189139178193e-16,0.4900068752890042,0.11318097315961488,0.14938120287843043,0.049411220010369995,43.89502752425577,1.5134712384097424e-13,46.616573860307284,0.0,1.0000000000000002,1.000000000000915,7.671117782592773e-05,3.081560134887695e-05,1.0000000000002036,1.0000000000008673,4.64320182800293e-05,2.79545783996582e-05,1400.0,0.105098187743131,0.06007736525598255,0.9999999999998459,0.999999999999829,1.0,1.0,0.9999999999997347,0.9999999999991485,1.0,1.0,1.0,1.0,1.0,1.0,3.6348294191999804,3.5601536005467813,0.0,0.0
102,102.0,1.0000000000000002,1.0000000000011506,6.159132000054211e-17,0.4899197242183654,0.0202066249912604,0.015672086447011624,0.0160408770898357,43.88880275246798,1.9368219688093556e-13,46.61855124795552,1.684285712322517e-16,1.0000000000000004,1.0000000000011509,7.605552673339844e-05,3.0219554901123047e-05,1.0000000000000002,1.000000000000915,4.756450653076172e-05,2.7477741241455078e-05,1401.0,0.105023279092068,0.06053463418856207,0.9999999999998919,0.9999999999999201,1.0,1.0,0.9999999999998953,0.9999999999997257,1.0,1.0,1.0,1.0,1.0,1.0,3.315831518227921,3.360782144590556,0.0,0.0
103,103.0,1.0000000000025673,1.0000000000004583,1.5870874354681426e-17,0.481736214549237,0.0229944819002412,0.016661775007378275,0.0311623743618838,43.85484858478565,6.924078627242186e-14,46.59348398911195,4.848920836366346e-13,1.0000000000025673,1.0000000000004583,8.171796798706055e-05,3.147125244140625e-05,1.0000000000000002,1.000000000001134,4.678964614868164e-05,2.866983413696289e-05,1499.0,0.1002657388102548,0.05684631942562628,0.999999999999935,0.9999999999999236,1.0,1.0,0.9999999999997448,0.9999999999998099,1.0,1.0,1.0,1.0,1.0,1.0,1.7564019423718564,1.7202188179214235,0.0,0.0
104,104.0,1.0000000000025162,1.0000000000030496,1.9613325360279966e-16,0.4816561719753108,0.034055667929351274,0.015352882968727475,0.0168194037978537,43.82012276110315,4.791465858260535e-13,46.58748916244453,4.697371137319825e-13,1.000000000002516,1.0000000000030496,7.706880569458008e-05,3.0875205993652344e-05,1.0000000000025673,1.0000000000004583,4.392862319946289e-05,2.86102294921875e-05,1500.0,0.1006077701541169,0.0571404329278613,0.9999999999995998,0.9999999999996524,1.0,1.0,0.9999999999992679,0.9999999999992789,1.0,1.0,1.0,1.0,1.0,1.0,2.1495226177173317,2.441665558468158,0.0,0.0
105,105.0,1.0,1.0000000000005427,2.0357774784212282e-16,0.4815761958543351,0.024131419195327825,0.02238480653613805,0.023441080877091652,43.81865782701752,9.385634515411236e-14,46.49012372081701,1.738870225321772e-16,1.0000000000000004,1.0000000000005427,7.534027099609375e-05,3.129243850708008e-05,1.000000000002515,1.000000000003049,4.7266483306884766e-05,2.9087066650390625e-05,1501.0,0.10054136633448249,0.057335049577324625,0.9999999999998457,0.9999999999997999,1.0,1.0,0.9999999999998309,0.9999999999998906,1.0,1.0,1.0,1.0,1.0,1.0,3.0534443026153237,3.735677699211143,0.0,0.0
106,106.0,1.0000000000031184,1.0000000000027245,2.848534838259436e-16,0.4739717917077904,0.10103082086425273,0.03981482540257272,0.05955703515792265,43.89869651250259,4.815267603137124e-13,46.894217021149906,5.889831543907641e-13,1.0000000000031184,1.0000000000027245,8.445978164672852e-05,3.224611282348633e-05,1.0000000000000004,1.0000000000005356,4.673004150390625e-05,3.0398368835449222e-05,1600.0,0.0957541718666953,0.05403723973461755,0.9999999999995617,0.9999999999994902,1.0,1.0,0.9999999999988154,0.9999999999987493,1.0,1.0,1.0,1.0,1.0,1.0,3.35874666540424,3.6791407260577054,0.0,0.0
107,107.0,1.000000000000002,1.0000000000008111,1.8872408824574577e-17,0.4738979930614576,0.015830915304832126,0.02822059229947625,0.059835072432179,43.9168969735092,1.6207406939981289e-13,46.88867502122289,1.0044718619900176e-15,1.0000000000000016,1.0000000000008111,8.320808410644531e-05,3.707408905029297e-05,1.0000000000031188,1.0000000000027252,5.698204040527344e-05,3.0875205993652344e-05,1601.0,0.09569439682895498,0.054397777896094374,0.9999999999997795,0.99999999999973,1.0,1.0,0.9999999999998532,0.9999999999997763,1.0,1.0,1.0,1.0,1.0,1.0,2.3991014201204246,2.1633885561569914,0.0,0.0
108,108.0,1.0000000000034246,1.0000000000012512,2.0444708161682316e-16,0.466863755139995,0.05745584639953445,0.037773076794110176,0.03348852717317635,43.90927793568815,2.169496905356606e-13,46.520043012955895,6.931480641983709e-13,1.0000000000034248,1.000000000001251,8.630752563476562e-05,3.5703182220458984e-05,1.0000000000000016,1.0000000000007923,4.6610832214355476e-05,3.081560134887695e-05,1700.0,0.09281993943856878,0.05148685052373797,0.9999999999997308,0.9999999999998497,1.0,1.0,0.9999999999987312,0.9999999999995903,1.0,1.0,1.0,1.0,1.0,1.0,2.3447958942784086,2.069552761018997,0.0,0.0
109,109.0,1.0000000000066387,1.0000000000007798,1.2771469436265355e-17,0.4667953251264108,0.015108672785572675,0.019697513256687598,0.018262653844430973,43.91838369228881,1.3356523129916154e-13,46.76168870228022,1.3089780659678487e-12,1.0000000000066385,1.00000000000078,8.273124694824219e-05,3.3855438232421875e-05,1.0000000000034222,1.0000000000012508,4.869699478149414e-05,3.1948089599609375e-05,1701.0,0.09276563400235589,0.051589273160557975,0.9999999999994316,0.9999999999994094,1.0,1.0,0.9999999999987271,0.9999999999994196,1.0,1.0,1.0,1.0,1.0,1.0,1.5733716828915503,1.7157224304460306,0.0,0.0
110,110.0,1.0,1.0000000000004379,5.747334699883934e-17,0.4635684359189349,0.016735418641474077,0.022110138437710675,0.04904702038038518,43.928503806875014,8.071948025737761e-14,46.74414521987746,0.0,1.0,1.000000000000438,8.130073547363281e-05,3.4928321838378906e-05,1.0000000000065847,1.0000000000007727,4.756450653076172e-05,3.218650817871094e-05,1749.0,0.0929215907369838,0.05032695134870513,0.9999999999995308,0.999999999999756,1.0,1.0,0.9999999999999997,0.9999999999999997,0.25,0.25,0.25,0.25,1.0,1.0,3.366917494644707,3.2754533763674,0.0,0.0
111,111.0,1.0000000000000009,1.000000000001752,2.83091056136614e-18,0.463502386414385,0.01457464392296965,0.018126909388229175,0.018555029586423126,43.99622839040576,3.2604305453651317e-13,46.7969012379572,6.687907587656498e-16,1.0000000000000009,1.000000000001752,8.124113082885742e-05,3.421306610107422e-05,1.0,1.0000000000004379,4.792213439941406e-05,3.17692756652832e-05,1750.0,0.0936968646425772,0.05052258128347425,0.999999999999681,0.9999999999996056,1.0,1.0,0.9999999999999825,0.9999999999999997,1.0,1.0,1.0,1.0,1.0,1.0,2.91921496619781,3.0772829076320716,0.0,0.0
112,112.0,1.0000000000081137,1.000000000000447,1.4168414056642926e-16,0.4602586435049675,0.011090611922554651,0.016348691075108876,0.0182509380974806,43.98004373996504,6.89410978289728e-14,46.40364307819239,1.5407775086574237e-12,1.000000000008114,1.000000000000447,8.368492126464844e-05,3.618001937866211e-05,1.0000000000000009,1.0000000000017388,5.042552947998047e-05,3.230571746826172e-05,1800.0,0.09329129468553712,0.04931046297135407,0.9999999999997147,0.9999999999997324,1.0,1.0,0.9999999999982254,0.9999999999976839,1.0,1.0,1.0,1.0,1.0,1.0,2.280161390184542,2.1514636859727947,0.0,0.0
113,113.0,1.0000000000149913,1.0000000000011129,1.707751695685872e-16,0.4601949178345577,0.0318536089616827,0.02704496838850895,0.018326189194340224,44.04179015525891,2.578402915072265e-13,46.421881144765116,2.855962175254712e-12,1.0000000000149918,1.0000000000011129,8.004903793334961e-05,3.612041473388672e-05,1.0000000000081108,1.0000000000004468,5.275011062622071e-05,3.212690353393555e-05,1801.0,0.09323962699539605,0.049438861661789374,0.9999999999996465,0.9999999999997626,1.0,1.0,0.9999999999955921,0.9999999999972901,1.0,1.0,1.0,1.0,1.0,1.0,2.1503550605537107,2.3124922980619207,0.0,0.0
114,114.0,1.0000000000039435,1.000000000001041,4.749773044984266e-18,0.454095825775839,0.0114347925409674,0.016631354577839298,0.01980491238646205,43.97566234752131,1.8298362242170205e-13,46.53939558008995,8.079031174007967e-13,1.0000000000039433,1.000000000001041,8.231401443481445e-05,3.641843795776367e-05,1.0000000000148153,1.0000000000010982,5.298852920532227e-05,3.319978713989258e-05,1900.0,0.0904090931199774,0.046993288290155776,0.9999999999997622,0.999999999999781,1.0,1.0,0.9999999999991311,0.999999999999001,1.0,1.0,1.0,1.0,1.0,1.0,2.5365601453352435,2.907641440600419,0.0,0.0
115,115.0,1.0000000000031415,1.0000000000009368,1.6555778550581586e-16,0.4540362526914775,0.010424678155686675,0.01716882199980315,0.018279863928910324,43.969890454277554,1.9534634781870146e-13,46.54149492500754,6.554549953979924e-13,1.0000000000031415,1.0000000000009368,8.630752563476562e-05,3.618001937866211e-05,1.000000000003942,1.000000000001041,5.608797073364258e-05,3.361701965332031e-05,1901.0,0.09134014700193477,0.0471266939299553,0.9999999999994231,0.999999999999777,1.0,1.0,0.9999999999994115,0.9999999999990712,1.0,1.0,1.0,1.0,1.0,1.0,3.052425641996596,2.744455503223526,0.0,0.0
116,116.0,1.0000000000089724,1.0000000000006368,5.4597045447509567e-17,0.4483806120071948,0.025587275507859875,0.0176790609257295,0.019707146100699877,43.90759594960494,1.1348749341032078e-13,46.60927095585205,1.606846295519773e-12,1.0000000000089722,1.0000000000006366,8.869171142578125e-05,3.772974014282227e-05,1.0000000000031104,1.0000000000009208,6.0975551605224616e-05,3.4868717193603516e-05,1999.0,0.08904904516297713,0.044932956295235825,0.9999999999996776,0.9999999999998418,1.0,1.0,0.9999999999986384,0.9999999999991235,1.0,1.0,1.0,1.0,1.0,1.0,3.0322586950974855,3.432169462543216,0.0,0.0
117,117.0,1.0000000000055547,1.0000000000007558,2.4240792249639797e-16,0.4483246937405957,0.01693467883160335,0.05748031137045467,0.050056174048222574,43.9881697515674,1.6327272036454147e-13,46.380646543294425,1.0598196053093472e-12,1.000000000005555,1.0000000000007556,9.369850158691406e-05,3.719329833984375e-05,1.0000000000089706,1.0000000000006364,6.401538848876953e-05,3.463029861450195e-05,2000.0,0.09072357734406941,0.0451075768774334,0.9999999999995511,0.999999999999565,1.0,1.0,0.999999999998625,0.9999999999987345,1.0,1.0,1.0,1.0,1.0,1.0,1.8409719429179192,1.4526313035132228,0.0,0.0
118,118.0,1.0,1.0,0.0,1.671850762441055,0.10910946049261837,0.013339889643248126,0.0418434996972791,5.165584852089615e-32,0.0,5.165584852089615e-32,0.0,1.0,1.0,5.221366882324219e-05,1.5854835510253906e-05,1.0,1.0,2.014636993408203e-05,1.1980533599853514e-05,0.0,2.477707386633564,2.6310763068249088e-08,1.0,1.0,1.0,1.0,1.0,1.0,1.0,1.0,1.0,1.0,1.0,1.0,4.350294384723258,4.30738539083537,0.0,0.0
119,119.0,1.0,1.0,0.0,1.597357760615681,0.0528775548445992,0.017773906292859423,0.08363175450358537,7.332765207964496e-32,0.0,4.3046540434080123e-32,0.0,1.0,1.0,3.4868717193603516e-05,1.436471939086914e-05,1.0,1.0,1.823902130126953e-05,1.2159347534179688e-05,1.0,3.200035764736368,2.0896105180474707,1.0,1.0,0.0,0.0,1.0,1.0,0.0,0.0,0.0,0.0,0.0,0.0,4.237005086096188,4.198737638799104,0.0,0.0
120,120.0,1.0000000000050946,1.0000000000060285,1.208909515702948e-15,1.4433756729740643,0.07237539318157357,0.041473278775811154,0.04689043358666822,8.038482805637384e-32,0.0,2.869769362272008e-32,0.0,1.0000000000050946,1.0000000000060283,3.814697265625001e-05,1.4543533325195312e-05,1.0,1.0,1.8358230590820312e-05,1.3887882232666014e-05,4.0,2.8400281037438635,2.403998479623753,0.9999999999916882,0.9999999999999329,1.0,1.0,0.9999999999916851,0.9999999999999533,1.0,1.0,1.0,1.0,1.0,1.0,1.7687327427454467,1.916177179595198,0.0,0.0
121,121.0,1.0000000000000069,1.000000000000011,9.547918011776346e-16,1.4058533129758728,0.11987353989388788,0.11960016767261544,0.09247367049101733,6.495995605066376e-32,0.0,2.582792426044807e-32,0.0,1.0000000000000069,1.000000000000011,3.7550926208496094e-05,1.436471939086914e-05,1.000000000004872,1.0000000000057852,1.913309097290039e-05,1.2040138244628905e-05,5.0,2.564951515289694,2.398707969775523,0.9999999999961097,0.9999999999984888,1.0,1.0,0.9999999999960973,0.999999999998455,1.0,1.0,1.0,1.0,1.0,1.0,1.5365869816138527,1.4245414634138964,0.0,0.0
122,122.0,1.0000000000000053,1.0000000000226632,3.0134624954111393e-16,1.2924328848929263,0.05391729995608325,0.1580807155114598,0.1620329036959447,9.317782908456744,5.090769076129423e-13,9.921547444950914,4.1038601088822753e-16,1.0000000000000053,1.0000000000226632,4.2498111724853516e-05,1.4603137969970703e-05,1.0000000000000056,1.0000000000000093,1.889467239379883e-05,1.2218952178955078e-05,9.0,2.0926380066461334,1.8736269017238438,0.9999999999933622,0.9999999999973314,1.0,1.0,0.9999999999991898,0.9999999999999074,1.0,1.0,1.0,1.0,1.0,1.0,3.161702269859854,3.559124229886761,0.0,0.0
123,123.0,1.0000000000449982,1.0000000000113973,9.3443771239284e-16,1.2703318703865367,0.27365361503325397,0.19804523378843433,0.15813041338697073,11.390240145882393,3.710975970960817e-13,11.61462932325364,1.8045898109164681e-12,1.0000000000449982,1.0000000000113973,3.987550735473633e-05,1.4603137969970703e-05,1.0000000000000053,1.0000000000231262,1.889467239379883e-05,1.1980533599853514e-05,10.0,1.9823513182605927,1.9790008951678728,0.9999999999996437,0.9999999999997443,1.0,1.0,0.9999999999974041,0.9999999999974094,1.0,1.0,1.0,1.0,1.0,1.0,2.493470819302139,2.3755714020985406,0.0,0.0
124,124.0,1.0000000000481284,1.0000000000000062,1.0503294140861677e-15,1.197434063608937,0.15921445318963376,0.13775568333221594,0.16039560269564387,17.202799554759096,6.719770938520685e-16,18.67305274094603,1.3683454953911978e-12,1.0000000000481284,1.0000000000000062,3.832578659057617e-05,1.436471939086914e-05,1.0000000000430345,1.0000000000109568,2.014636993408203e-05,1.233816146850586e-05,14.0,1.9028336767282752,1.7193273893908787,0.9999999999999993,0.9999999999994897,1.0,1.0,0.9999999999996594,0.9999999999998398,1.0,1.0,1.0,1.0,1.0,1.0,2.5529190302127462,2.72243060359409,0.0,0.0
125,125.0,1.0000000000000069,1.0000000000000053,5.745404152435186e-16,1.1821770112539698,0.11190817906754089,0.1153416082961484,0.15503452706616372,18.757311550979626,6.439293542825908e-16,19.923091225104464,7.577272143066694e-16,1.000000000000007,1.0000000000000049,3.826618194580078e-05,1.4424324035644531e-05,1.000000000047516,1.0000000000000062,1.9550323486328125e-05,1.1980533599853514e-05,15.0,1.8518883713172,1.8439128360889394,0.9999999999997886,0.999999999999932,1.0,1.0,0.999999999999999,0.9999999999999548,1.0,1.0,1.0,1.0,1.0,1.0,2.3416406524980746,2.498551951521525,0.0,0.0
126,126.0,1.0000000000000038,1.0000000000009708,6.476300976980079e-16,1.1295025045123062,0.031459606776479604,0.15548719494836402,0.14032571221468967,23.284954781827537,4.92129485311447e-14,24.356497002504508,6.696032617270475e-16,1.0000000000000036,1.0000000000009708,3.784894943237305e-05,1.436471939086914e-05,1.0000000000000067,1.0000000000000042,1.8656253814697266e-05,1.239776611328125e-05,19.0,1.864521948494564,1.734435750213617,0.9999999999978846,0.9999999999999994,1.0,1.0,0.99999999999984,0.9999999999999993,1.0,1.0,1.0,1.0,1.0,1.0,2.764626421495755,2.6883607143420276,0.0,0.0
127,127.0,1.0000000000005496,1.0000000000006033,5.906386491005833e-16,1.118033988749895,0.17757782305125142,0.0274084414122626,0.08162136015016586,23.80765517055104,2.913891350431186e-14,25.069535411870497,1.961986129117577e-14,1.0000000000005496,1.0000000000006033,3.820657730102539e-05,1.4543533325195312e-05,1.0000000000000036,1.000000000000972,1.9073486328125e-05,1.2218952178955078e-05,20.0,1.7829047604883095,1.8372430765855239,0.9999999999998628,0.9999999999999881,1.0,1.0,0.9999999999998487,0.9999999999999993,1.0,1.0,1.0,1.0,1.0,1.0,1.8863206448827943,1.8504795279740518,0.0,0.0
128,128.0,1.0000000000111124,1.0000000000000029,6.669501552343772e-16,1.03530969141638,0.09922209428623312,0.06311607401585205,0.027310851146467027,29.00396684315107,8.547084608695139e-16,30.35115959816695,7.233454031830387e-13,1.0000000000111124,1.000000000000003,3.612041473388672e-05,1.4603137969970703e-05,1.0000000000005094,1.0000000000005638,1.937150955200195e-05,1.2278556823730469e-05,29.0,1.5201764136036917,1.4652603229561483,0.999999999999811,0.9999999999999547,1.0,1.0,0.9999999999993563,0.9999999999994051,1.0,1.0,1.0,1.0,1.0,1.0,1.7714492751570283,1.5830284464142252,0.0,0.0
129,129.0,1.0000000000180285,1.0000000000008833,5.622486603280257e-16,1.0278340422512993,0.16310052067274225,0.18646076036384324,0.18245037586893878,29.694810251370757,7.795827475628617e-14,30.69140285024636,1.3525894689995053e-12,1.0000000000180285,1.0000000000008833,4.00543212890625e-05,1.4543533325195312e-05,1.0000000000110347,1.0000000000000027,1.990795135498047e-05,1.239776611328125e-05,30.0,1.5988740308974008,1.5364006747127283,0.9999999999998885,0.9999999999999105,1.0,1.0,0.9999999999997964,0.9999999999994509,1.0,1.0,1.0,1.0,1.0,1.0,2.1475141725786706,2.095307817541607,0.0,0.0
130,130.0,1.000000000001141,1.0000000000000007,2.9967348047499343e-16,0.8838834764831843,0.1939693834283389,0.19948523130733517,0.1237216120935045,35.46446786915496,2.354887118638516e-16,38.190700849878404,9.937536904480738e-14,1.000000000001141,1.0000000000000007,4.1604042053222656e-05,1.5020370483398438e-05,1.000000000015276,1.0000000000007274,2.1576881408691406e-05,1.2636184692382812e-05,59.0,0.9752308756888814,0.8649677191874146,0.9999999999999997,0.9999999999999936,1.0,1.0,0.9999999999989252,0.9999999999998735,1.0,1.0,1.0,1.0,1.0,1.0,1.8086278156582987,1.9162774215938754,0.0,0.0
131,131.0,1.0000000000006146,1.000000000003601,4.462242541281879e-16,0.880464133955809,0.22000916296383363,0.16227064974373206,0.14524822472594673,36.44081236952642,3.514171859491783e-13,37.985763078133125,6.056053094902417e-14,1.000000000000615,1.000000000003601,3.933906555175781e-05,1.4841556549072267e-05,1.000000000001139,1.0000000000000007,1.996755599975586e-05,1.2874603271484377e-05,60.0,0.9654841688773967,0.9144329002301027,0.9999999999996099,0.9999999999997917,1.0,1.0,0.9999999999998828,0.9999999999997617,1.0,1.0,1.0,1.0,1.0,1.0,2.6922108868072443,2.9671201555099604,0.0,0.0
132,132.0,1.0000000000006022,1.0,7.618244659451669e-16,0.780984984230064,0.2112272408558055,0.013068009226117224,0.027947675320319797,38.66972678761995,0.0,41.50322961009716,6.432817241848929e-14,1.000000000000602,0.9999999999999998,3.767013549804688e-05,1.6391277313232422e-05,1.0000000000005675,1.0000000000032239,2.0563602447509762e-05,1.2874603271484377e-05,100.0,0.6786577147148923,0.5700239782317279,0.9999999999999629,0.9999999999999997,0.25,0.25,0.9999999999999696,0.9999999999999996,1.0,1.0,1.0,1.0,0.25,0.25,1.8611054218199672,1.724524646091469,0.0,0.0
133,133.0,1.0000000000000062,1.0000000000104923,2.1916430934227737e-16,0.7791364861006639,0.0341544988332316,0.021931095223408175,0.0634764233836904,39.33081155708866,1.1838742774365988e-12,41.52205945470677,1.4707836625753547e-15,1.0000000000000062,1.0000000000104923,3.701448440551758e-05,1.52587890625e-05,1.0000000000005975,1.0,2.050399780273437e-05,1.2874603271484377e-05,101.0,0.7314165422938693,0.5856973839723371,0.9999999999998435,0.9999999999995367,1.0,1.0,0.9999999999999364,0.9999999999999745,1.0,1.0,1.0,1.0,1.0,1.0,2.8807503913844243,2.4121549432038485,0.0,0.0
134,134.0,1.0000000000033615,1.00000000000278,5.9572942784764504e-18,0.6606957960029611,0.11796196829527612,0.207764649996534,0.05160091019934035,41.38864172652278,3.353317623577823e-13,44.063975876943886,4.478628849893739e-13,1.0000000000033615,1.00000000000278,4.9054622650146484e-05,1.71661376953125e-05,1.0000000000000053,1.0000000000090172,2.2292137145996094e-05,1.430511474609375e-05,200.0,0.4000108448946853,0.30838743859454626,0.9999999999997623,0.9999999999984179,1.0,1.0,0.9999999999994919,0.999999999998298,1.0,1.0,1.0,1.0,1.0,1.0,2.6144241146277154,2.5045080488165947,0.0,0.0
135,135.0,1.000000000001325,1.0000000000041585,0.0,0.6598925169542847,0.07849668391281733,0.01448982075089585,0.06643804645864287,41.599939383738175,5.318574599072317e-13,44.15953253373748,1.8990068417444593e-13,1.000000000001325,1.0000000000041585,4.6193599700927734e-05,1.6748905181884766e-05,1.0000000000033564,1.0000000000027756,2.294778823852539e-05,1.4543533325195312e-05,201.0,0.4056334881064222,0.31862414593933797,0.9999999999995912,0.9999999999997022,1.0,1.0,0.9999999999998671,0.9999999999998759,1.0,1.0,1.0,1.0,1.0,1.0,2.9877819192495587,3.248951226563529,0.0,0.0
136,136.0,1.0000000000000013,1.0000000000042806,9.10018872643571e-18,0.5982256755992403,0.15181772841606284,0.059335938130970996,0.0420766363386064,42.416438760398854,5.520147180889722e-13,45.64842562581178,7.703309756927828e-16,1.0000000000000013,1.0000000000042806,4.9352645874023444e-05,1.7881393432617188e-05,1.0000000000012026,1.000000000003813,2.4378299713134762e-05,1.52587890625e-05,300.0,0.2948468833829235,0.21932125609312592,0.999999999999683,0.9999999999997087,1.0,1.0,0.9999999999999478,0.9999999999999618,1.0,1.0,1.0,1.0,1.0,1.0,3.9247760612248124,3.8526009977033944,0.0,0.0
137,137.0,1.000000000000003,1.000000000017377,6.530723674265627e-18,0.5977363290338754,0.0157604600535705,0.026814986718818472,0.0137681481428444,42.34540875208334,2.438530768016353e-12,45.84733958729779,1.1616524735599985e-15,1.000000000000003,1.000000000017377,4.655122756958008e-05,1.7404556274414062e-05,1.0000000000000013,1.0000000000042817,2.3663043975830078e-05,1.52587890625e-05,301.0,0.2938713643964786,0.22266086467494833,0.9999999999995455,0.9999999999972036,1.0,1.0,0.9999999999998643,1.0,1.0,1.0,1.0,1.0,1.0,1.0,2.7542075337975493,2.7193030860859237,0.0,0.0
138,138.0,1.0000000000011136,1.0000000000029106,2.9379790781284236e-16,0.5572835874803517,0.013397192233242075,0.01267659757286305,0.013311271381098699,42.959287540883416,4.3894661568062767e-13,45.58011544001708,1.9490376391007451e-13,1.0000000000011138,1.0000000000029106,5.08427619934082e-05,1.8596649169921875e-05,1.000000000000003,1.0000000000161275,2.9206275939941406e-05,1.6510486602783203e-05,400.0,0.23171595803886186,0.17150127965471887,0.9999999999991095,0.9999999999999366,1.0,1.0,0.9999999999971886,0.9999999999988791,1.0,1.0,1.0,1.0,1.0,1.0,3.2732219240790306,3.3095348888619682,0.0,0.0
139,139.0,1.0000000000034077,1.0000000000018208,2.625157890739286e-17,0.5569401151523525,0.03163203387521205,0.04923249862622463,0.08972440403886138,42.6449251473956,2.542461999006662e-13,45.59405725609642,6.025063453078402e-13,1.0000000000034077,1.0000000000018208,5.352497100830078e-05,1.8656253814697266e-05,1.0000000000011142,1.000000000002911,3.129243850708008e-05,1.6570091247558594e-05,401.0,0.23248750167895063,0.17510993084751447,0.9999999999995008,0.9999999999994221,1.0,1.0,0.9999999999972279,0.9999999999984267,1.0,1.0,1.0,1.0,1.0,1.0,2.8206831069799576,2.644672374503716,0.0,0.0
140,140.0,1.0000000000029294,1.0000000000011113,1.5284803126151285e-16,0.527372116897775,0.024513852025847827,0.0172995944158174,0.01875378342811015,42.87838219269211,1.8186975577903734e-13,45.49805496531352,5.29903074115426e-13,1.0000000000029299,1.0000000000011113,5.167722702026367e-05,2.0563602447509762e-05,1.00000000000326,1.0000000000017086,2.9981136322021484e-05,1.7464160919189453e-05,500.0,0.19446597368597884,0.14398202323294684,0.999999999999879,0.999999999999915,1.0,1.0,0.9999999999993943,0.9999999999998979,1.0,1.0,1.0,1.0,1.0,1.0,1.4892011368195328,1.9491771455848035,0.0,0.0
141,141.0,1.0000000000001845,1.0000000000065414,1.431112584608218e-16,0.5271113642262818,0.0322717171511612,0.03612356801750132,0.0322414427646435,42.975975893389474,9.52676892139223e-13,45.60399269083686,3.9274523466528565e-14,1.0000000000001845,1.0000000000065414,5.435943603515625e-05,2.0563602447509762e-05,1.0000000000029265,1.0000000000011102,2.8789043426513672e-05,1.7881393432617188e-05,501.0,0.19836006982688714,0.1455059229050883,0.9999999999990774,0.9999999999993685,1.0,1.0,0.9999999999999343,0.9999999999999052,1.0,1.0,1.0,1.0,1.0,1.0,3.1556155211933046,2.9805310605146587,0.0,0.0
142,142.0,1.0000000000033435,1.0000000000013396,9.863551665058206e-17,0.5040819713169618,0.10904670628951862,0.0438091609976254,0.08114930597366757,43.37054245996155,2.2490297044359624e-13,45.99684187598487,5.744888495129533e-13,1.0000000000033435,1.0000000000013396,6.073713302612305e-05,2.2172927856445312e-05,1.0000000000001767,1.0000000000062839,3.159046173095703e-05,1.8715858459472656e-05,600.0,0.17176999926419742,0.1231011074914099,0.9999999999995928,0.9999999999997049,1.0,1.0,0.99999999999837,0.9999999999982637,1.0,1.0,1.0,1.0,1.0,1.0,2.237708208809455,2.604893802383377,0.0,0.0
143,143.0,1.0000000000003688,1.000000000001386,1.4610608286114892e-16,0.5038738878995379,0.12353192071896042,0.10365178709616882,0.08270208258181805,42.97721638501611,2.2020421789633956e-13,46.10067900451509,6.439224840906067e-14,1.0000000000003686,1.000000000001386,5.537271499633789e-05,2.1278858184814453e-05,1.000000000003344,1.0000000000013387,2.950429916381836e-05,1.8656253814697266e-05,601.0,0.1761688305983724,0.12418912968744045,0.9999999999991896,0.9999999999992644,1.0,1.0,0.9999999999987209,0.9999999999995404,1.0,1.0,1.0,1.0,1.0,1.0,2.6593027454462144,3.143402123042992,0.0,0.0
144,144.0,1.0000000000000018,1.0000000000013296,7.275504076266983e-17,0.4851686488849487,0.06909298198297613,0.03354715480236335,0.20151887083193282,43.344004488034116,2.1411513224372717e-13,45.98476626282395,9.584531749822495e-16,1.000000000000002,1.0000000000013296,6.157159805297852e-05,2.181529998779297e-05,1.0000000000003566,1.000000000001339,3.069639205932617e-05,1.9550323486328125e-05,700.0,0.1557700596504301,0.10773221266807533,0.9999999999986844,0.9999999999989532,1.0,1.0,0.999999999999888,0.9999999999999338,1.0,1.0,1.0,1.0,1.0,1.0,1.944561239315773,2.092210223440066,0.0,0.0
145,145.0,1.0000000000001754,1.000000000000817,1.78524176870497e-16,0.4849967556254183,0.06392185250297187,0.0411016829893924,0.07053635589545587,43.217618328101054,1.8346506246854381e-13,45.980115459535895,3.3463710241600054e-14,1.000000000000175,1.0000000000008171,5.7756900787353516e-05,2.199411392211914e-05,1.000000000000002,1.0000000000013296,3.409385681152344e-05,1.9848346710205078e-05,701.0,0.15701859477369007,0.10851950456599065,0.9999999999994301,0.9999999999997868,1.0,1.0,0.9999999999998045,0.9999999999996707,1.0,1.0,1.0,1.0,1.0,1.0,2.6137382367513085,2.6535383458383306,0.0,0.0
146,146.0,1.0000000000000024,1.0000000000012552,1.6767125989913468e-16,0.469343749575618,0.11594347102800383,0.04172265809029335,0.028327484906185373,43.43253679895672,2.850933774770478e-13,46.786280061242536,1.1297036460199768e-15,1.0000000000000024,1.0000000000012552,6.157159805297852e-05,2.3186206817626953e-05,1.0000000000001683,1.0000000000007874,3.510713577270508e-05,2.0563602447509762e-05,800.0,0.143994558063184,0.09572993686938674,0.9999999999996912,0.999999999999689,1.0,1.0,0.9999999999999101,0.999999999999891,1.0,1.0,1.0,1.0,1.0,1.0,2.898693109714223,2.9334110331919647,0.0,0.0
147,147.0,1.0000000000000018,1.0000000000016733,1.7342069330062927e-16,0.4691981037087196,0.060151374666020246,0.04419371346011755,0.0246013629366643,43.49851030151688,2.6588725706956193e-13,46.814015358111234,7.667563854312573e-16,1.0000000000000013,1.0000000000016733,6.103515625e-05,2.384185791015625e-05,1.0000000000000024,1.0000000000012548,3.49879264831543e-05,2.0563602447509762e-05,801.0,0.14381537649691462,0.09627169205625197,0.9999999999991208,0.9999999999994931,1.0,1.0,1.0,0.9999999999999843,1.0,1.0,1.0,1.0,1.0,1.0,3.0723002206770915,2.952398826848615,0.0,0.0
148,148.0,1.0000000000000009,1.0000000000025262,2.346496232432893e-16,0.4558037184861393,0.03399772237753495,0.09358532977057618,0.08557161840144538,43.56736909085214,5.348406493624382e-13,46.37870450674771,9.636858530323664e-16,1.0000000000000016,1.0000000000025264,6.639957427978516e-05,2.5570392608642578e-05,1.0000000000000013,1.0000000000016351,3.8623809814453125e-05,2.199411392211914e-05,900.0,0.13484286590047279,0.0861592016490273,0.999999999999333,0.9999999999995444,1.0,1.0,0.9999999999997018,0.9999999999999135,1.0,1.0,1.0,1.0,1.0,1.0,2.658302137478909,2.5913063676626837,0.0,0.0
149,149.0,1.0000000000000016,1.0000000000014513,1.6543058313951006e-16,0.4556778927409605,0.031420497398357776,0.018324703618418377,0.04518811462912707,43.56063729061313,5.001950533924138e-13,46.38618050315127,1.2154246213846153e-15,1.0000000000000022,1.0000000000014513,6.181001663208008e-05,2.5987625122070312e-05,1.0000000000000016,1.0000000000025246,4.416704177856445e-05,2.1636486053466797e-05,901.0,0.13469457952454078,0.08718045138738242,0.9999999999994869,0.9999999999995712,1.0,1.0,0.9999999999996632,0.9999999999998518,1.0,1.0,1.0,1.0,1.0,1.0,1.8824685780058508,1.7792281185224206,0.0,0.0
150,150.0,1.0000000000000013,1.0000000000012652,6.909895541323736e-17,0.4440158703091703,0.12452900590142227,0.1225625413935631,0.01823890599189325,43.79319300180996,2.8664229641061805e-13,46.6494516397687,1.027287707636367e-15,1.0000000000000018,1.000000000001265,6.496906280517578e-05,2.5510787963867188e-05,1.0000000000000022,1.0000000000014033,3.993511199951172e-05,2.270936965942383e-05,1000.0,0.12574714856032518,0.07940486495907295,0.9999999999995101,0.9999999999995197,1.0,1.0,0.9999999999988952,0.9999999999990523,1.0,1.0,1.0,1.0,1.0,1.0,2.3225656588819072,2.465645331304696,0.0,0.0
151,151.0,1.0000000000088163,1.0000000000006788,2.7843863728919186e-16,0.4439054872377929,0.03859838261269032,0.016191220143809824,0.06381918751867485,43.73634051337228,1.3593108304517063e-13,46.59595611465674,1.9555718597368615e-12,1.0000000000088167,1.0000000000006788,6.693601608276367e-05,2.5510787963867188e-05,1.0000000000000018,1.0000000000012648,4.076957702636719e-05,2.264976501464844e-05,1001.0,0.1256225023942534,0.07965869102091333,0.999999999999631,0.9999999999996989,1.0,1.0,0.9999999999956743,0.999999999998308,1.0,1.0,1.0,1.0,1.0,1.0,2.8556574885401242,2.51367858432649,0.0,0.0
152,152.0,1.000000000000001,1.0000000000035327,1.6854290713200905e-16,0.4336101494993035,0.09653708728728808,0.01452623406657945,0.10912147304043167,43.76806641892821,6.390880032320178e-13,46.76649414387337,1.0239672357888945e-15,1.0000000000000016,1.0000000000035327,7.18235969543457e-05,2.706050872802734e-05,1.0000000000086084,1.0000000000006597,4.112720489501953e-05,2.408027648925781e-05,1100.0,0.11774628235044232,0.07291560909553385,0.9999999999986199,0.9999999999983389,1.0,1.0,0.9999999999997312,0.9999999999997027,1.0,1.0,1.0,1.0,1.0,1.0,3.1828034614617224,2.8065843977418834,0.0,0.0
153,153.0,1.0000000000000007,1.0000000000017617,5.789521966117169e-17,0.4335121031053601,0.022296742827165802,0.01483120594639325,0.03545494645368302,43.78932651260635,5.469052727267859e-13,46.76724963687281,7.882232138438413e-16,1.0000000000000007,1.0000000000017615,7.2479248046875e-05,2.9802322387695312e-05,1.0000000000000013,1.000000000003529,5.0425529479980476e-05,2.5212764739990234e-05,1101.0,0.11763944451020855,0.07342434251756867,0.999999999999098,0.9999999999990848,1.0,1.0,0.999999999999685,0.9999999999997055,1.0,1.0,1.0,1.0,1.0,1.0,3.0969008307407893,2.9326940568347224,0.0,0.0
154,154.0,1.0000000000013802,1.0000000000010674,1.6459862518612799e-16,0.424319750422543,0.12181993958074591,0.0779669574112631,0.048355572798755,43.77543474538982,3.211107958602606e-13,46.6296913597989,3.069656331796277e-13,1.0000000000013802,1.0000000000010674,7.516145706176758e-05,2.771615982055664e-05,1.0000000000000009,1.000000000001717,5.042552947998047e-05,2.6285648345947266e-05,1200.0,0.11180994819820063,0.06759776447272663,0.9999999999993501,0.9999999999993219,1.0,1.0,0.9999999999985587,0.9999999999973336,1.0,1.0,1.0,1.0,1.0,1.0,1.9976770256717797,1.7957073186446855,0.0,0.0
155,155.0,1.0000000000028524,1.0000000000007363,1.3049263162571803e-16,0.4242317629112457,0.0847541381372138,0.017103689198847825,0.05146629246883092,43.88031431911216,2.6815722574096476e-13,46.625435105878225,8.120578790204708e-13,1.0000000000028528,1.0000000000007363,7.402896881103516e-05,2.79545783996582e-05,1.0000000000013807,1.0000000000010663,4.470348358154297e-05,2.5451183319091797e-05,1201.0,0.11171710823342125,0.06789307391797818,0.9999999999993124,0.9999999999993401,1.0,1.0,0.9999999999975036,0.9999999999966576,1.0,1.0,1.0,1.0,1.0,1.0,3.687668130218646,4.136047116946793,0.0,0.0
156,156.0,1.0000000000000013,1.0000000000010378,1.689238860434449e-16,0.4201125201675532,0.07349202776094897,0.018583658325951526,0.046459095319732975,43.77243922202031,2.6845013453010067e-13,46.32273021445981,7.885106708985486e-16,1.0000000000000013,1.0000000000010378,7.361173629760742e-05,3.057718276977539e-05,1.00000000000284,1.0000000000007248,5.14984130859375e-05,2.5987625122070312e-05,1249.0,0.1107841153237895,0.06571843897687074,0.9999999999990905,0.9999999999990337,1.0,1.0,0.9999999999999994,0.9999999999980422,1.0,1.0,1.0,1.0,1.0,1.0,3.2859827426752286,2.629556227052798,0.0,0.0
157,157.0,1.0000000000000004,1.0000000000004463,1.1456086190355198e-16,0.4200288073966016,0.01396869024028995,0.019270836841315,0.044034882914274875,43.83915227319074,1.4945357921577222e-13,46.25151702568948,1.7319036864222313e-16,1.0000000000000002,1.0000000000004463,7.039308547973633e-05,2.9265880584716797e-05,1.0000000000000013,1.0000000000010378,4.6253204345703125e-05,2.6345252990722656e-05,1250.0,0.11069575373351345,0.0660551269156935,0.9999999999994693,0.9999999999997594,1.0,1.0,0.9999999999992764,0.999999999999884,1.0,1.0,1.0,1.0,1.0,1.0,3.0705649434823172,3.2403325486158927,0.0,0.0
158,158.0,0.9999999999999998,1.0000000000007676,6.031786394323647e-17,0.4159464104448531,0.049296943238005,0.05961486679734655,0.01745601504808285,43.887928982595966,1.7181522275590591e-13,46.544317293220814,1.6170547234147635e-16,1.0,1.0000000000007676,7.283687591552734e-05,3.230571746826172e-05,1.0,1.000000000000441,4.971027374267578e-05,2.7179718017578125e-05,1300.0,0.11106145083688145,0.06374077388956839,0.9999999999992872,0.999999999999226,1.0,1.0,0.9999999999983146,0.9999999999974731,0.25,0.25,0.25,0.25,1.0,1.0,2.998073857102616,3.360916779964479,0.0,0.0
159,159.0,1.0000000000001816,1.0000000000006124,3.616300724927577e-16,0.4158667653650045,0.024595800205133776,0.014305630233138775,0.05816508294083175,43.930400548990264,2.5545388078131793e-13,46.551189758487425,3.9586910404487974e-14,1.0000000000001816,1.0000000000006126,7.611513137817383e-05,2.9087066650390625e-05,1.0000000000000002,1.0000000000007678,4.035234451293945e-05,2.6106834411621094e-05,1301.0,0.11097688254260837,0.06387150365709313,0.9999999999990801,0.9999999999991381,1.0,1.0,0.9999999999989078,0.999999999998179,1.0,1.0,1.0,1.0,1.0,1.0,2.2584785974396233,2.346569321351294,0.0,0.0
160,160.0,1.00000000000059,1.0000000000000806,4.2856189139178193e-16,0.4083390627408368,0.09621665277518329,0.11958099238108838,0.15049040940357372,43.89502752425577,3.2635677474031525e-14,46.616573860307284,1.3777294844713598e-13,1.0000000000005904,1.0000000000000808,7.718801498413086e-05,2.9385089874267578e-05,1.0000000000001779,1.0000000000006035,4.1961669921875e-05,2.7477741241455078e-05,1400.0,0.1049178149094836,0.05989699242233507,0.9999999999996353,0.9999999999996354,1.0,1.0,0.9999999999992245,0.9999999999986039,1.0,1.0,1.0,1.0,1.0,1.0,3.6348294191999804,3.5601536005467813,0.0,0.0
161,161.0,1.0000000000001508,1.0000000000005629,6.159132000054211e-17,0.4082664368486378,0.0917951258597895,0.06137144967215135,0.07804921729257322,43.88880275246798,1.7614969464097352e-13,46.61855124795552,3.5592301194197895e-14,1.0000000000001512,1.0000000000005629,7.790327072143555e-05,3.325939178466797e-05,1.0000000000005902,1.0000000000000806,6.55055046081543e-05,2.8491020202636715e-05,1401.0,0.10484302455204057,0.06035437964853465,0.9999999999996527,0.999999999999605,1.0,1.0,0.999999999996831,0.9999999999975704,1.0,1.0,1.0,1.0,1.0,1.0,3.315831518227921,3.360782144590556,0.0,0.0
162,162.0,1.0000000000002407,1.0000000000000004,1.5870874354681426e-17,0.4014468454576975,0.029150067595764953,0.024112995539326172,0.07421550591243431,43.85484858478565,1.6276873466080257e-16,46.59348398911195,5.779109460483313e-14,1.0000000000002405,1.0000000000000002,8.100271224975586e-05,3.0934810638427734e-05,1.000000000000148,1.0000000000005522,5.000829696655274e-05,2.8908252716064453e-05,1499.0,0.1000963516213237,0.05667693223669518,0.9999999999995526,0.9999999999994573,1.0,1.0,0.9999999999991582,0.9999999999992328,1.0,1.0,1.0,1.0,1.0,1.0,1.7564019423718564,1.7202188179214235,0.0,0.0
163,163.0,1.000000000000194,1.0000000000009608,1.9613325360279966e-16,0.401380143312759,0.013998808572068724,0.06439596117706962,0.020085741009097526,43.82012276110315,3.477352957076979e-13,46.58748916244453,4.5372325313634073e-14,1.000000000000194,1.000000000000961,7.659196853637695e-05,3.30805778503418e-05,1.0000000000002407,1.0000000000000007,5.930662155151367e-05,2.9027462005615234e-05,1500.0,0.1004384869270512,0.0569711497007956,0.9999999999991022,0.9999999999990927,1.0,1.0,0.9999999999975028,0.9999999999984148,1.0,1.0,1.0,1.0,1.0,1.0,2.1495226177173317,2.441665558468158,0.0,0.0
164,164.0,1.0000000000003093,1.0000000000009452,2.0357774784212282e-16,0.4013134965452792,0.07306485576555127,0.024562083475757373,0.06333441124297673,43.81865782701752,3.401431784897536e-13,46.49012372081701,7.23388075131004e-14,1.0000000000003093,1.0000000000009452,7.784366607666016e-05,3.123283386230469e-05,1.000000000000194,1.0000000000009601,4.309415817260742e-05,2.8312206268310543e-05,1501.0,0.10037218693822478,0.057165870181066926,0.9999999999992896,0.9999999999990719,1.0,1.0,0.9999999999992271,0.9999999999997784,1.0,1.0,1.0,1.0,1.0,1.0,3.0534443026153237,3.735677699211143,0.0,0.0
165,165.0,1.0,1.0000000000010845,2.848534838259436e-16,0.3949764930898253,0.08062891714507706,0.06557613465702153,0.04529315198305987,43.89869651250259,3.682361442422554e-13,46.894217021149906,0.0,1.0000000000000004,1.0000000000010845,8.159875869750977e-05,3.3020973205566406e-05,1.0000000000003046,1.0000000000009246,4.5239925384521484e-05,3.027915954589844e-05,1600.0,0.0955946622765203,0.053877730144442526,0.9999999999993493,0.9999999999993467,1.0,1.0,0.9999999999996684,0.9999999999995776,1.0,1.0,1.0,1.0,1.0,1.0,3.35874666540424,3.6791407260577054,0.0,0.0
166,166.0,0.9999999999999997,1.0000000000005889,1.8872408824574577e-17,0.3949149942178813,0.03459119331091635,0.039412359998095725,0.01768749678740275,43.9168969735092,2.9158301966366747e-13,46.88867502122289,0.0,1.0,1.0000000000005889,7.987022399902344e-05,3.2782554626464844e-05,1.0,1.000000000001085,4.4703483581542976e-05,2.9802322387695312e-05,1601.0,0.09553497913005074,0.05423836019719017,0.9999999999992957,0.9999999999991543,1.0,1.0,0.9999999999991952,0.9999999999994651,0.25,0.25,0.25,0.25,1.0,1.0,2.3991014201204246,2.1633885561569914,0.0,0.0
167,167.0,1.0000000000000007,1.0000000000001878,2.0444708161682316e-16,0.3890531292833292,0.015319564088713301,0.0175356853869743,0.020969114149920573,43.90927793568815,7.771084199727688e-14,46.520043012955895,4.1346854255798173e-16,1.0000000000000007,1.0000000000001878,7.903575897216797e-05,3.3974647521972656e-05,1.0,1.0000000000005742,4.845857620239258e-05,3.1054019927978516e-05,1700.0,0.09266911079269488,0.051336021877864055,0.9999999999993842,0.9999999999994957,1.0,1.0,0.99999999999951,0.9999999999996161,1.0,1.0,1.0,1.0,1.0,1.0,2.3447958942784086,2.069552761018997,0.0,0.0
168,168.0,1.000000000001988,1.0000000000006761,1.2771469436265355e-17,0.388996104272009,0.01078958384459835,0.015153209620621024,0.021881731052417253,43.91838369228881,2.553206929453024e-13,46.76168870228022,4.959322160959591e-13,1.0000000000019877,1.0000000000006761,8.165836334228516e-05,3.463029861450195e-05,1.0000000000000004,1.0000000000001876,5.3942203521728516e-05,3.135204315185547e-05,1701.0,0.0926148872740165,0.051438526432218475,0.9999999999989367,0.9999999999987815,1.0,1.0,0.9999999999986854,0.9999999999995174,1.0,1.0,1.0,1.0,1.0,1.0,1.5733716828915503,1.7157224304460306,0.0,0.0
169,169.0,1.0000000000008713,1.0000000000005216,5.747334699883934e-17,0.3863070299324457,0.01286461425479495,0.02976423565996805,0.02518437569960945,43.928503806875014,1.8607570507861037e-13,46.74414521987746,1.8978961946938152e-13,1.0000000000008717,1.0000000000005216,8.130073547363281e-05,3.3915042877197266e-05,1.0000000000019718,1.0000000000006695,5.424022674560547e-05,3.2007694244384766e-05,1749.0,0.0927746714532686,0.0501800320649899,0.999999999997315,0.9999999999981274,1.0,1.0,0.9999999999962635,0.9999999999970253,1.0,1.0,1.0,1.0,1.0,1.0,3.366917494644707,3.2754533763674,0.0,0.0
170,170.0,1.0000000000007516,1.0000000000012537,2.83091056136614e-18,0.3862519886786542,0.015574752411339376,0.09895815525669598,0.0194670081255026,43.99622839040576,4.943981596386688e-13,46.7969012379572,1.7492715095365252e-13,1.000000000000751,1.000000000001254,8.350610733032227e-05,3.504753112792969e-05,1.000000000000872,1.000000000000521,5.650520324707031e-05,3.260374069213867e-05,1750.0,0.0935500229779556,0.050375739618852625,0.9999999999969746,0.9999999999974665,1.0,1.0,0.9999999999996028,0.9999999999996729,1.0,1.0,1.0,1.0,1.0,1.0,2.91921496619781,3.0772829076320716,0.0,0.0
171,171.0,1.000000000000959,1.0000000000003157,1.4168414056642926e-16,0.3835488695874728,0.010266126482747426,0.0165516590350307,0.017735245986841574,43.98004373996504,8.80250627697691e-14,46.40364307819239,2.5713115847063244e-13,1.0000000000009586,1.0000000000003157,7.992982864379883e-05,3.546476364135742e-05,1.000000000000745,1.0000000000012375,6.115436553955078e-05,3.337860107421875e-05,1800.0,0.09314822951142793,0.049167397797244876,0.9999999999992892,0.999999999999253,1.0,1.0,0.9999999999993872,0.9999999999994416,1.0,1.0,1.0,1.0,1.0,1.0,2.280161390184542,2.1514636859727947,0.0,0.0
172,172.0,1.0000000000000886,1.0000000000018512,1.707751695685872e-16,0.3834957648621314,0.017993547080550325,0.08915482187876475,0.05725282168714325,44.04179015525891,9.269359612345881e-13,46.421881144765116,2.948525821187043e-14,1.000000000000088,1.0000000000018512,8.696317672729492e-05,3.540515899658203e-05,1.000000000000958,1.0000000000003157,5.3882598876953125e-05,3.2961368560791016e-05,1801.0,0.09309663531974913,0.04929586998614245,0.9999999999963101,0.999999999996634,1.0,1.0,0.9999999999993278,0.9999999999995363,1.0,1.0,1.0,1.0,1.0,1.0,2.1503550605537107,2.3124922980619207,0.0,0.0
173,173.0,1.0000000000005882,1.0000000000011253,4.749773044984266e-18,0.3784131881465325,0.03383708960609505,0.02329334930982435,0.0345584753085859,43.97566234752131,3.8231253974808795e-13,46.53939558008995,1.5617712722371198e-13,1.0000000000005886,1.0000000000011253,8.928775787353516e-05,3.6597251892089844e-05,1.0000000000000862,1.0000000000018112,5.424022674560547e-05,3.3974647521972656e-05,1900.0,0.0902730134172636,0.046857208587441974,0.9999999999985137,0.9999999999985985,1.0,1.0,0.9999999999881045,0.9999999999842237,1.0,1.0,1.0,1.0,1.0,1.0,2.5365601453352435,2.907641440600419,0.0,0.0
174,174.0,1.0000000000007674,1.0000000000003144,1.6555778550581586e-16,0.3783635439095646,0.0300513742258772,0.062384950462728725,0.03267955075716598,43.969890454277554,8.21073854819932e-14,46.54149492500754,2.0435475044696079e-13,1.0000000000007683,1.0000000000003146,9.077787399291994e-05,3.5762786865234375e-05,1.0000000000005886,1.0000000000011258,6.240606307983398e-05,3.3736228942871094e-05,1901.0,0.0912041336245918,0.0469906805526123,0.999999999998209,0.9999999999987834,1.0,1.0,0.9999999999888983,0.9999999999858811,1.0,1.0,1.0,1.0,1.0,1.0,3.052425641996596,2.744455503223526,0.0,0.0
175,175.0,1.0000000000003995,1.0000000000003861,5.4597045447509567e-17,0.3736505100059957,0.015039569290820475,0.01776859670644625,0.022715981758665224,43.90759594960494,1.6304309310949472e-13,46.60927095585205,9.297774349062398e-14,1.0000000000003995,1.000000000000386,9.751319885251993e-05,3.814697265625e-05,1.0000000000007605,1.0000000000003084,6.365776062011719e-05,3.552436828613281e-05,1999.0,0.08891922513773362,0.04480313626999232,0.9999999999996543,0.9999999999996295,1.0,1.0,0.9999999999994861,0.9999999999998274,1.0,1.0,1.0,1.0,1.0,1.0,3.0322586950974855,3.432169462543216,0.0,0.0
176,176.0,1.0000000000008122,1.000000000001392,2.4240792249639797e-16,0.3736039114504964,0.01672154478728765,0.060030260239727774,0.04378039337461807,43.9881697515674,4.748743653776519e-13,46.380646543294425,2.0844199184643757e-13,1.0000000000008122,1.000000000001392,8.982419967651367e-05,3.808736801147461e-05,1.0000000000003992,1.000000000000386,6.020069122314453e-05,3.49879264831543e-05,2000.0,0.090593817538873,0.04497781707223698,0.9999999999932901,0.9999999999914746,1.0,1.0,0.9999999999950493,0.9999999999944348,1.0,1.0,1.0,1.0,1.0,1.0,1.8409719429179192,1.4526313035132228,0.0,0.0
177,177.0,0.9765128141506066,0.9765128141506066,0.0,1.337480609952844,0.06341921538114541,0.008515037770848624,0.0086124736699275,5.165584852089615e-32,0.0,5.165584852089615e-32,0.0,0.9765128141506066,0.9765128141506066,5.447864532470703e-05,1.5795230865478516e-05,1.0,1.0,1.931190490722656e-05,1.2159347534179688e-05,0.0,2.4777073866335644,2.6310763068249088e-08,0.9958151542241753,1.0,1.0,1.0,0.9958151542241753,1.0,1.0,1.0,1.0,1.0,1.0,1.0,4.350294384723258,4.30738539083537,0.0,0.0
178,178.0,1.0,1.0,0.0,1.2778862084925449,0.02755774493562055,0.01668560324469575,0.027245388075243675,7.332765207964496e-32,0.0,4.3046540434080123e-32,0.0,1.0,1.0,3.6835670471191406e-05,1.4781951904296877e-05,1.0,1.0,1.8596649169921875e-05,1.1980533599853514e-05,1.0,3.1925864645538313,2.082161217864934,1.0,1.0,0.0,0.0,1.0,1.0,0.0,0.0,0.0,0.0,0.0,0.0,4.237005086096188,4.198737638799104,0.0,0.0
179,179.0,1.0000000000224554,1.0000000000226366,1.208909515702948e-15,1.1547005383792517,0.01652466971427195,0.0134009843459352,0.010011725069489275,8.038482805637384e-32,0.0,2.869769362272008e-32,0.0,1.0000000000224554,1.0000000000226368,3.403425216674805e-05,1.436471939086914e-05,1.0,1.0,1.8537044525146484e-05,1.3589859008789062e-05,4.0,2.8308891001651832,2.394859476045074,0.9999999999856449,0.9999999999860296,1.0,1.0,0.9999999999856697,0.9999999999859712,1.0,1.0,1.0,1.0,1.0,1.0,1.7687327427454467,1.916177179595198,0.0,0.0
180,180.0,1.0000000000010107,1.0000000000009932,9.547918011776346e-16,1.124682650380698,0.12112152692861852,0.06089407851686698,0.0735388483735732,6.495995605066376e-32,0.0,2.582792426044807e-32,0.0,1.0000000000010105,1.0000000000009932,3.8564205169677734e-05,1.4781951904296877e-05,1.0000000000208558,1.0000000000210294,1.913309097290039e-05,1.2218952178955078e-05,5.0,2.556084933640854,2.3898413881266833,0.9999999999946165,0.9999999999839778,1.0,1.0,0.9999999999946321,0.9999999999839788,1.0,1.0,1.0,1.0,1.0,1.0,1.5365869816138527,1.4245414634138964,0.0,0.0
181,181.0,1.0000000000035032,1.0000000000000013,3.0134624954111393e-16,1.0339463079143412,0.042300204862840425,0.10064236144535241,0.02092047187034035,9.317782908456744,4.341765042730523e-16,9.921547444950914,1.5179920812410535e-13,1.000000000003503,1.0000000000000013,3.516674041748047e-05,1.4781951904296877e-05,1.0000000000009155,1.0000000000009026,1.895427703857422e-05,1.1980533599853514e-05,9.0,2.085049649095171,1.8660385441728815,0.9999999999992223,0.9999999999994372,1.0,1.0,0.9999999999971569,0.9999999999970073,1.0,1.0,1.0,1.0,1.0,1.0,3.161702269859854,3.559124229886761,0.0,0.0
182,182.0,1.0000000000005704,1.0000000000056044,9.3443771239284e-16,1.0162654963092297,0.15025042439810926,0.13585929432883856,0.03709321119822555,11.390240145882393,7.926862869804078e-13,11.61462932325364,7.459033390944116e-14,1.0000000000005704,1.0000000000056048,4.100799560546875e-05,1.4841556549072267e-05,1.0000000000035463,1.0000000000000016,1.889467239379883e-05,1.2159347534179688e-05,10.0,1.975050974768692,1.9717005516759722,0.9999999999965531,0.9999999999996341,1.0,1.0,0.9999999999999465,0.9999999999999998,1.0,1.0,1.0,1.0,1.0,1.0,2.493470819302139,2.3755714020985406,0.0,0.0
183,183.0,1.0000000000009535,1.0000000000009959,1.0503294140861677e-15,0.9579472508871494,0.13525187433697278,0.2052990678348578,0.10945212241495023,17.202799554759096,6.627739293058338e-14,18.67305274094603,8.586260357683267e-14,1.0000000000009535,1.0000000000009959,4.076957702636719e-05,1.4543533325195312e-05,1.0000000000029854,1.0000000000118647,2.008676528930664e-05,1.239776611328125e-05,14.0,1.8965081207438472,1.7130018334064507,0.9999999999996673,0.9999999999999996,1.0,1.0,0.9999999999999266,0.9999999999999997,1.0,1.0,1.0,1.0,1.0,1.0,2.5529190302127462,2.72243060359409,0.0,0.0
184,184.0,1.0000000000000049,1.0000000000118336,5.745404152435186e-16,0.9457416090031758,0.053238656255416524,0.034218205546494546,0.030204984126612523,18.757311550979626,7.925674005981876e-13,19.923091225104464,6.009082120783659e-16,1.0000000000000049,1.0000000000118336,3.987550735473633e-05,1.4781951904296877e-05,1.0000000000009273,1.0000000000009752,1.8835067749023438e-05,1.2159347534179688e-05,15.0,1.845767449427362,1.837791914199101,0.9999999999990525,0.999999999999552,1.0,1.0,0.9999999999999996,1.0,1.0,1.0,1.0,1.0,1.0,1.0,2.3416406524980746,2.498551951521525,0.0,0.0
185,185.0,1.0000000000038287,1.0000000000034628,6.476300976980079e-16,0.9036020036098448,0.11646374233532694,0.1176030504284426,0.12261180253699419,23.284954781827537,3.964224781771719e-13,24.356497002504508,3.4457968885644636e-13,1.0000000000038287,1.0000000000034628,4.094839096069336e-05,1.4841556549072267e-05,1.0000000000000042,1.00000000001176,2.050399780273437e-05,1.2636184692382812e-05,19.0,1.8590984659152767,1.7290122676343294,0.9999999999989271,0.9999999999986376,1.0,1.0,0.9999999999990714,0.9999999999993414,1.0,1.0,1.0,1.0,1.0,1.0,2.764626421495755,2.6883607143420276,0.0,0.0
186,186.0,1.0000000000043623,1.0000000000000044,5.906386491005833e-16,0.8944271909999159,0.03138426807709033,0.06972221331670878,0.04789281653938812,23.80765517055104,9.947598300641404e-16,25.069535411870497,1.8259616041405025e-13,1.0000000000043623,1.0000000000000044,3.653764724731445e-05,1.4603137969970703e-05,1.0000000000038283,1.000000000003504,1.955032348632812e-05,1.2218952178955078e-05,20.0,1.777630315024584,1.8319686311217986,0.9999999999998441,0.9999999999999567,1.0,1.0,0.9999999999926545,0.9999999999952593,1.0,1.0,1.0,1.0,1.0,1.0,1.8863206448827943,1.8504795279740518,0.0,0.0
187,187.0,1.0000000000000058,1.0000000000042408,6.669501552343772e-16,0.8282477531331041,0.13581073895329607,0.09370212745852766,0.0194420667830854,29.00396684315107,3.179368533151921e-13,30.35115959816695,1.2016531560648752e-15,1.0000000000000053,1.0000000000042406,3.6716461181640625e-05,1.430511474609375e-05,1.000000000004104,1.0000000000000044,1.937150955200195e-05,1.239776611328125e-05,29.0,1.515932806463527,1.4610167158159837,0.9999999999976454,0.9999999999989403,1.0,1.0,0.9999999999998639,0.9999999999999991,1.0,1.0,1.0,1.0,1.0,1.0,1.7714492751570283,1.5830284464142252,0.0,0.0
188,188.0,1.0000000000003735,1.0000000000003897,5.622486603280257e-16,0.8222672338010394,0.04612326022470363,0.0215243337443098,0.18360975431278345,29.694810251370757,3.7517608067868685e-14,30.69140285024636,3.328052119603139e-14,1.0000000000003735,1.00000000000039,4.011392593383789e-05,1.4841556549072267e-05,1.0000000000000058,1.0000000000041933,1.937150955200195e-05,1.239776611328125e-05,30.0,1.5947190843155312,1.5322457281308588,0.9999999999992434,0.9999999999996384,1.0,1.0,0.9999999999994091,0.9999999999999964,1.0,1.0,1.0,1.0,1.0,1.0,2.1475141725786706,2.095307817541607,0.0,0.0
189,189.0,1.0000000000015319,1.0000000000037395,2.9967348047499343e-16,0.7071067811865475,0.06040869746357197,0.04022182815242557,0.027350547432433776,35.46446786915496,4.1353595894855216e-13,38.190700849878404,1.687846910847224e-13,1.0000000000015319,1.0000000000037395,4.124641418457031e-05,1.52587890625e-05,1.000000000000326,1.0000000000003133,1.9669532775878906e-05,1.245737075805664e-05,59.0,0.9726043180690218,0.862341161567555,0.9999999999988465,0.9999999999991811,1.0,1.0,0.9999999999986469,0.9999999999976371,1.0,1.0,1.0,1.0,1.0,1.0,1.8086278156582987,1.9162774215938754,0.0,0.0
190,190.0,1.0000000000002305,1.000000000000778,4.462242541281879e-16,0.7043713071646472,0.038103832455817575,0.05573612276930358,0.0398200521012768,36.44081236952642,8.765082676758925e-14,37.985763078133125,2.843665474035089e-14,1.0000000000002305,1.0000000000007778,4.2319297790527344e-05,1.502037048339844e-05,1.0000000000015303,1.0000000000037492,2.0802021026611325e-05,1.2636184692382812e-05,60.0,0.9628894586200681,0.9118381899727739,0.9999999999999435,0.9999999999998697,1.0,1.0,0.9999999999995127,0.9999999999992593,1.0,1.0,1.0,1.0,1.0,1.0,2.6922108868072443,2.9671201555099604,0.0,0.0
191,191.0,1.000000000000004,1.000000000001523,7.618244659451669e-16,0.6247879873840512,0.0741415252559818,0.01445644703926515,0.0170989834587089,38.66972678761995,1.8573000280598862e-13,41.50322961009716,1.3555294453042387e-15,1.000000000000004,1.0000000000015232,4.07099723815918e-05,1.7523765563964844e-05,1.0000000000002105,1.0000000000007057,2.1159648895263672e-05,1.3113021850585938e-05,100.0,0.6768936240649697,0.5682598875818052,0.9999999999999459,1.0,1.0,1.0,0.9999999999999021,0.9999999999999993,1.0,1.0,1.0,1.0,1.0,1.0,1.8611054218199672,1.724524646091469,0.0,0.0
192,192.0,1.0000000000019973,1.0000000000016054,2.1916430934227737e-16,0.6233091888805311,0.0379333967575803,0.1228588299127295,0.08811354439239942,39.33081155708866,2.08317116177626e-13,41.52205945470677,2.834954493380337e-13,1.0000000000019973,1.0000000000016054,4.202127456665039e-05,1.5497207641601562e-05,1.000000000000004,1.000000000001516,2.008676528930664e-05,1.2695789337158203e-05,101.0,0.7296661221441825,0.58394696382265,0.9999999999995991,0.9999999999999557,1.0,1.0,0.9999999999980533,0.9999999999996139,1.0,1.0,1.0,1.0,1.0,1.0,2.8807503913844243,2.4121549432038485,0.0,0.0
193,193.0,1.00000000000441,1.0000000000031517,5.9572942784764504e-18,0.5285566368023689,0.042752622102852855,0.0334496988798491,0.026624180085491375,41.38864172652278,4.635439728538936e-13,44.063975876943886,8.732090931088318e-13,1.00000000000441,1.0000000000031517,4.8279762268066406e-05,1.71661376953125e-05,1.0000000000017644,1.0000000000013511,2.7060508728027344e-05,1.4424324035644531e-05,200.0,0.3990047205499708,0.30738131424983167,0.9999999999965633,0.9999999999970107,1.0,1.0,0.999999999991271,0.9999999999913715,1.0,1.0,1.0,1.0,1.0,1.0,2.6144241146277154,2.5045080488165947,0.0,0.0
194,194.0,1.000000000005576,1.0000000000033324,0.0,0.5279140135634278,0.051795146602671524,0.015750036807730725,0.015121058037038827,41.599939383738175,5.443621551368963e-13,44.15953253373748,1.0356169805209736e-12,1.000000000005576,1.000000000003332,4.965066909790039e-05,1.71661376953125e-05,1.0000000000044011,1.0000000000031437,2.3365020751953125e-05,1.4424324035644531e-05,201.0,0.4046315492495047,0.31762220708242034,0.9999999999973338,0.9999999999993122,1.0,1.0,0.9999999999986916,0.9999999999989512,1.0,1.0,1.0,1.0,1.0,1.0,2.9877819192495587,3.248951226563529,0.0,0.0
195,195.0,1.000000000000137,1.0000000000028968,9.10018872643571e-18,0.4785805404793923,0.01895449834410095,0.013761665439233151,0.013860485167242576,42.416438760398854,4.668271234057094e-13,45.64842562581178,2.929414452360741e-14,1.0000000000001374,1.0000000000028968,4.839897155761719e-05,1.7940998077392578e-05,1.0000000000049616,1.000000000003063,2.419948577880859e-05,1.5079975128173828e-05,300.0,0.29413351123219805,0.21860788394240044,0.9999999999996521,0.999999999998212,1.0,1.0,0.9999999999997962,0.9999999999997919,1.0,1.0,1.0,1.0,1.0,1.0,3.9247760612248124,3.8526009977033944,0.0,0.0
196,196.0,1.0000000000000013,1.000000000020875,6.530723674265627e-18,0.4781890632271003,0.04834060923894865,0.03533740411512545,0.016345578012987926,42.34540875208334,4.133300365007949e-12,45.84733958729779,8.237782279122281e-16,1.0000000000000013,1.0000000000208753,5.030632019042969e-05,1.7702579498291016e-05,1.0000000000001372,1.0000000000028986,2.425909042358398e-05,1.5497207641601562e-05,301.0,0.2931600303346195,0.2219495306130893,0.9999999999915784,0.9999999999924152,1.0,1.0,0.999999999999929,0.9999999999999152,1.0,1.0,1.0,1.0,1.0,1.0,2.7542075337975493,2.7193030860859237,0.0,0.0
197,197.0,1.0000000000017963,1.0000000000008842,2.9379790781284236e-16,0.4458268699842813,0.012165572668891376,0.0170843095402233,0.0773383471532724,42.959287540883416,2.0075703787984054e-13,45.58011544001708,4.0315261417299975e-13,1.0000000000017966,1.0000000000008842,5.078315734863281e-05,1.883506774902344e-05,1.0000000000000013,1.0000000000197526,2.7477741241455078e-05,1.633167266845703e-05,400.0,0.2311600641860136,0.17094538580187066,0.9999999999995768,0.999999999999452,1.0,1.0,0.9999999999996607,0.9999999999995821,1.0,1.0,1.0,1.0,1.0,1.0,3.2732219240790306,3.3095348888619682,0.0,0.0
198,198.0,1.0000000000004634,1.000000000002772,2.625157890739286e-17,0.445552092121882,0.2126382885617204,0.10019217681838194,0.027554259053431403,42.6449251473956,5.759004384486843e-13,45.59405725609642,1.0253695812510808e-13,1.0000000000004636,1.000000000002772,4.988908767700195e-05,1.883506774902344e-05,1.000000000001797,1.0000000000008828,2.8371810913085934e-05,1.6033649444580078e-05,401.0,0.23193281976487662,0.1745552489334405,0.9999999999988599,0.9999999999986477,1.0,1.0,0.9999999999981029,0.9999999999986533,1.0,1.0,1.0,1.0,1.0,1.0,2.8206831069799576,2.644672374503716,0.0,0.0
199,199.0,1.0000000000031533,1.000000000002847,1.5284803126151285e-16,0.42189769351822,0.10842246934771532,0.06703837291570375,0.057260647998191375,42.87838219269211,6.881900989668847e-13,45.49805496531352,6.994070339385023e-13,1.0000000000031537,1.0000000000028466,5.686283111572266e-05,2.008676528930664e-05,1.0000000000004425,1.0000000000026508,2.8848648071289062e-05,1.7642974853515625e-05,500.0,0.19400909598316715,0.14352514553013523,0.9999999999982888,0.9999999999988762,1.0,1.0,0.9999999999978364,0.9999999999968896,1.0,1.0,1.0,1.0,1.0,1.0,1.4892011368195328,1.9491771455848035,0.0,0.0
200,200.0,1.0000000000037597,1.0000000000072755,1.431112584608218e-16,0.4216890913810254,0.0433118096552789,0.05620960128726438,0.032407383201643755,42.975975893389474,2.442477544328364e-12,45.60399269083686,8.524859562225837e-13,1.0000000000037599,1.0000000000072755,5.626678466796875e-05,2.008676528930664e-05,1.0000000000031428,1.0000000000028422,2.7835369110107422e-05,1.722574234008789e-05,501.0,0.19790399835349481,0.14504985143169594,0.9999999999863122,0.9999999999867315,1.0,1.0,0.9999999999980955,0.9999999999981595,1.0,1.0,1.0,1.0,1.0,1.0,3.1556155211933046,2.9805310605146587,0.0,0.0
201,201.0,1.000000000000204,1.0000000000029878,9.863551665058206e-17,0.4032655770535694,0.0180205017677508,0.01771872304379935,0.01487202319549395,43.37054245996155,1.5894167983590993e-12,45.99684187598487,4.38509192226709e-14,1.000000000000204,1.0000000000029878,5.424022674560547e-05,2.1696090698242188e-05,1.0000000000036395,1.0000000000069305,2.9027462005615234e-05,1.889467239379883e-05,600.0,0.17138139068146063,0.12271249890867311,0.9999999999963399,0.9999999999965716,1.0,1.0,0.9999999999986553,0.9999999999993199,1.0,1.0,1.0,1.0,1.0,1.0,2.237708208809455,2.604893802383377,0.0,0.0
202,202.0,1.0000000000025027,1.0000000000060152,1.4610608286114892e-16,0.4030991103196303,0.0318317770725116,0.06942810222972183,0.020977547275833775,42.97721638501611,2.001167750028306e-12,46.10067900451509,8.501786092144949e-13,1.0000000000025029,1.0000000000060152,5.823373794555664e-05,2.1219253540039062e-05,1.0000000000002038,1.0000000000029876,2.8908252716064453e-05,1.883506774902344e-05,601.0,0.1757807984141394,0.12380109750320735,0.9999999999938156,0.9999999999936018,1.0,1.0,0.9999999999967373,0.9999999999961781,1.0,1.0,1.0,1.0,1.0,1.0,2.6593027454462144,3.143402123042992,0.0,0.0
203,203.0,1.0000000000000016,1.0000000000018316,7.275504076266983e-17,0.388134919107959,0.01205411489354445,0.014583357842639,0.06042827322380615,43.344004488034116,1.1075293164844517e-12,45.98476626282395,1.0316412814637447e-15,1.0000000000000018,1.0000000000018316,5.78761100769043e-05,2.2292137145996094e-05,1.000000000002387,1.0000000000057792,3.5643577575683594e-05,1.9848346710205078e-05,700.0,0.155431491287076,0.10739364430472123,0.9999999999958031,0.9999999999955955,1.0,1.0,0.9999999999892428,0.9999999999901619,1.0,1.0,1.0,1.0,1.0,1.0,1.944561239315773,2.092210223440066,0.0,0.0
204,204.0,1.0000000000000016,1.0000000000029015,1.78524176870497e-16,0.3879974045003346,0.13443271076539529,0.1176230302662588,0.016886631841771277,43.217618328101054,1.1438540152835336e-12,45.980115459535895,1.1517777603556378e-15,1.000000000000002,1.0000000000029015,5.823373794555665e-05,2.264976501464844e-05,1.0000000000000018,1.0000000000018308,3.55839729309082e-05,1.990795135498047e-05,701.0,0.1566804597290132,0.10818136952131377,0.9999999999816681,0.9999999999832774,1.0,1.0,0.9999999999973255,0.9999999999973314,1.0,1.0,1.0,1.0,1.0,1.0,2.6137382367513085,2.6535383458383306,0.0,0.0
205,205.0,1.0000000000000002,1.0000000000021478,1.6767125989913468e-16,0.3754749996604944,0.12428638618439433,0.01453346188645805,0.016016008448786975,43.43253679895672,1.7052773272138668e-12,46.786280061242536,9.796166638400604e-16,1.0000000000000016,1.0000000000039544,5.650520324707031e-05,2.324581146240234e-05,1.0000000000000016,1.0000000000028195,3.2782554626464844e-05,2.014636993408203e-05,800.0,0.1436943066242663,0.09542968543046895,0.9999999999878305,0.9999999999884949,1.0,1.0,0.9999999999999485,0.9999999999999818,1.0,1.0,1.0,1.0,1.0,1.0,2.898693109714223,2.9334110331919647,0.0,0.0
206,206.0,1.0000000000000002,1.0000000000033098,1.7342069330062927e-16,0.3753584829669757,0.010939654253888851,0.013173673127312175,0.014624310657382001,43.49851030151688,2.4263510968806388e-12,46.814015358111234,6.914099841322547e-16,1.0000000000000009,1.0000000000047653,5.728006362915039e-05,2.318620681762695e-05,1.0000000000000016,1.0000000000039573,3.6776065826416016e-05,2.0563602447509762e-05,801.0,0.14351546311568464,0.09597177867502198,0.9999999999747218,0.9999999999723581,1.0,1.0,1.0,0.9999999999999997,1.0,1.0,1.0,1.0,1.0,1.0,3.0723002206770915,2.952398826848615,0.0,0.0
207,207.0,1.0,1.0000000000030276,2.346496232432893e-16,0.3646429747889114,0.11568582622567186,0.023572715988848324,0.0160133491735905,43.56736909085214,2.636927508760401e-12,46.37870450674771,6.772053758770189e-16,1.0000000000000009,1.0000000000054983,6.210803985595703e-05,2.41398811340332e-05,1.0000000000000009,1.0000000000046183,3.808736801147461e-05,2.2172927856445312e-05,900.0,0.13457293314931745,0.0858892688978719,0.999999999981263,0.9999999999800857,1.0,1.0,0.9999999999998297,0.9999999999997812,1.0,1.0,1.0,1.0,1.0,1.0,2.658302137478909,2.5913063676626837,0.0,0.0
208,208.0,1.0000000000000009,1.000000000003535,1.6543058313951006e-16,0.3645423141927684,0.0514468709006905,0.0147291768807917,0.03183502703905105,43.56063729061313,4.673988967508742e-12,46.38618050315127,6.879767788081441e-16,1.0000000000000004,1.0000000000107718,6.628036499023438e-05,2.3424625396728516e-05,1.0000000000000004,1.0000000000054967,4.32133674621582e-05,2.193450927734375e-05,901.0,0.13442491813436336,0.08691078999720503,0.9999999999902955,0.9999999999921105,1.0,1.0,0.9999999999770779,0.9999999999769114,1.0,1.0,1.0,1.0,1.0,1.0,1.8824685780058508,1.7792281185224206,0.0,0.0
209,209.0,0.9999999999999997,1.0000000000014175,6.909895541323736e-17,0.3552126962473362,0.0596073786728084,0.017580881481990197,0.03464100137352943,43.79319300180996,9.532952923459093e-13,46.6494516397687,2.5126390741392226e-16,1.0,1.0000000000014175,6.592273712158203e-05,2.574920654296875e-05,1.0000000000000004,1.000000000010432,3.55839729309082e-05,2.288818359375e-05,1000.0,0.12550182690355557,0.07915954330230335,0.999999999987514,0.9999999999863444,1.0,1.0,0.9999999999999997,0.9999999999999997,0.25,0.25,0.25,0.25,1.0,1.0,2.3225656588819072,2.465645331304696,0.0,0.0
210,210.0,0.9999999999999997,1.000000000009778,2.7843863728919186e-16,0.3551243897902343,0.040497831592801924,0.05455569433979687,0.017146450059954025,43.73634051337228,8.210174918980109e-12,46.59595611465674,1.0270942479552859e-15,1.0000000000000013,1.0000000000114175,6.842613220214844e-05,2.586841583251953e-05,1.0000000000000002,1.0000000000014158,3.743171691894531e-05,2.288818359375e-05,1001.0,0.1253774035369274,0.07941359216358732,0.9999999999598128,0.999999999958251,1.0,1.0,0.9999999999948599,0.9999999999956265,1.0,1.0,1.0,1.0,1.0,1.0,2.8556574885401242,2.51367858432649,0.0,0.0
211,211.0,1.0000000000000013,1.0000000000090912,1.6854290713200905e-16,0.3468881195994428,0.022339248855132575,0.014722380030434525,0.01648775604553515,43.76806641892821,5.614905900713106e-12,46.76649414387337,1.0761125525111075e-15,1.0000000000000013,1.0000000000090912,7.003545761108398e-05,2.6881694793701172e-05,1.0000000000000013,1.0000000000106828,4.7326087951660156e-05,2.431869506835937e-05,1100.0,0.11752135217552102,0.07269067892061255,0.999999999985606,0.9999999999841928,1.0,1.0,0.9999999999865374,0.9999999999846354,1.0,1.0,1.0,1.0,1.0,1.0,3.1828034614617224,2.8065843977418834,0.0,0.0
212,212.0,1.000000000000213,1.0000000000041838,5.789521966117169e-17,0.3468096824842881,0.0231759505695663,0.016156174126081148,0.0741377372178249,43.78932651260635,7.382776854194917e-12,46.76724963687281,3.452912810005733e-13,1.0000000000013798,1.0000000000063354,6.74128532409668e-05,2.7060508728027344e-05,1.0000000000000013,1.000000000009088,4.1365623474121094e-05,2.431869506835937e-05,1101.0,0.11741470065188996,0.07319959865925008,0.9999999999752551,0.9999999999795958,1.0,1.0,0.9999999999788982,0.9999999999788798,1.0,1.0,1.0,1.0,1.0,1.0,3.0969008307407893,2.9326940568347224,0.0,0.0
213,213.0,0.9999999999999996,1.0000000000018383,1.6459862518612799e-16,0.3394558003380344,0.10862254630774257,0.11341627564979716,0.043484932917635825,43.77543474538982,5.8474785640600215e-12,46.6296913597989,0.0,0.9999999999999998,1.0000000000049922,7.402896881103516e-05,2.79545783996582e-05,1.0000000000013498,1.0000000000060334,4.398822784423828e-05,2.5272369384765625e-05,1200.0,0.1116021994867904,0.06739001576131642,0.9999999999008805,0.999999999888724,1.0,1.0,0.9999999999848996,0.9999999999999615,0.0,0.0,0.0,0.0,1.0,1.0,1.9976770256717797,1.7957073186446855,0.0,0.0
214,214.0,0.9999999999999999,1.000000000000181,1.3049263162571803e-16,0.3393854103289965,0.04712160374037917,0.0702938328613527,0.057286683761049007,43.88031431911216,1.6770800245127235e-12,46.625435105878225,1.7387153537467334e-13,1.0000000000004583,1.0000000000019678,7.271766662597656e-05,2.765655517578125e-05,1.0,1.000000000004947,4.076957702636719e-05,2.47955322265625e-05,1201.0,0.11150951771769246,0.06768548340224947,0.9999999999472098,0.9999999999447293,1.0,1.0,0.999999999984708,0.9999999999972977,1.0,1.0,1.0,1.0,1.0,1.0,3.687668130218646,4.136047116946793,0.0,0.0
215,215.0,0.9995966735039477,0.999390402151933,1.689238860434449e-16,0.3360900161340426,0.06361438555177298,0.014672655612230225,0.016619546513538776,43.77243922202031,3.8734954460668356e-12,46.32273021445981,1.7332847898404308e-16,1.0000000000000002,1.0000000000058065,7.206201553344727e-05,2.944469451904297e-05,1.0000000000004448,1.0000000000019396,4.982948303222656e-05,2.6702880859375e-05,1249.0,0.11058383720502571,0.06551816085810695,0.9340734911024096,0.9361224092742926,1.0,1.0,0.9999999999983609,0.9999999999984247,0.25,0.25,1.0,1.0,1.0,1.0,3.2859827426752286,2.629556227052798,0.0,0.0
216,216.0,0.9994854121625556,0.9992125143594374,1.1456086190355198e-16,0.3360230459172813,0.08275245898403223,0.1111926245503127,0.035646533477120025,43.83915227319074,7.225128883848516e-12,46.25151702568948,7.005684213356789e-16,1.0000000000000009,1.000000000008065,7.647275924682617e-05,2.801418304443359e-05,1.0000000000000002,1.0000000000058076,4.398822784423828e-05,2.6106834411621094e-05,1250.0,0.11049562232583252,0.0658549955080125,0.9375369670234204,0.940061143452322,1.0,1.0,0.8990633051412094,0.9257456772821114,1.0,1.0,1.0,1.0,1.0,1.0,3.0705649434823172,3.2403325486158927,0.0,0.0
217,217.0,0.9999999999999991,1.0000000000006588,6.031786394323647e-17,0.3327571283558825,0.06938381498912348,0.03315744386054573,0.018520539102610152,43.887928982595966,7.718598557239642e-12,46.544317293220814,1.0222515894652587e-12,1.0000000000007303,1.00000000000571,7.593631744384766e-05,2.9206275939941406e-05,1.0000000000000009,1.000000000007858,4.369020462036133e-05,2.6285648345947266e-05,1300.0,0.11086838329622095,0.063547706348908,0.9999999999161875,0.9999999999069111,1.0,1.0,0.9999999999106621,0.9999999999351333,0.0,0.0,0.25,0.25,1.0,1.0,2.998073857102616,3.360916779964479,0.0,0.0
218,218.0,0.9999999999999993,1.0000000000003921,3.616300724927577e-16,0.3326934122920036,0.037147963419556604,0.06061190098989753,0.044698484533000696,43.930400548990264,5.283106371130006e-12,46.551189758487425,0.0,1.0000000000000002,1.00000000000527,7.581710815429688e-05,2.866983413696289e-05,1.0000000000007445,1.0000000000057299,5.0008296966552734e-05,2.646446228027344e-05,1301.0,0.11078395105304217,0.06367857216752693,0.9999999999237653,0.9999999999093455,1.0,1.0,0.9999999999900242,0.9999999999893886,0.0,0.0,0.0,0.0,1.0,1.0,2.2584785974396233,2.346569321351294,0.0,0.0
219,219.0,0.9989144139166165,0.9986094425552123,4.2856189139178193e-16,0.3266712501926694,0.030066329520195674,0.016764117812272075,0.02550867525860665,43.89502752425577,1.7603775890534586e-12,46.616573860307284,8.617859292926661e-16,1.0000000000000009,1.0000000000019216,7.486343383789062e-05,3.135204315185547e-05,1.0000000000000002,1.0000000000048481,5.227327346801758e-05,2.7477741241455078e-05,1400.0,0.10473744207583613,0.05971661958868765,0.8528279716465064,0.8810344449478744,1.0,1.0,0.8957180529756827,0.8797190372962244,1.0,1.0,1.0,1.0,1.0,1.0,3.6348294191999804,3.5601536005467813,0.0,0.0
220,220.0,0.9998214877381341,0.999762858576186,6.159132000054211e-17,0.3266131494789103,0.07375181739917017,0.04997947916854165,0.019374918483663274,43.88880275246798,1.7279122162650357e-11,46.61855124795552,9.401362255467364e-16,1.0000000000000009,1.0000000000101872,7.516145706176758e-05,3.0040740966796875e-05,1.0000000000000007,1.0000000000019225,4.023313522338867e-05,2.7179718017578125e-05,1401.0,0.1046627700120131,0.06017412510850717,0.8472430033289766,0.8677860423368664,1.0,1.0,0.8957180529796905,0.8797190372999406,1.0,1.0,1.0,1.0,1.0,1.0,3.315831518227921,3.360782144590556,0.0,0.0
221,221.0,0.9940409877372246,0.9942248152546729,1.5870874354681426e-17,0.321157476366158,0.09784018131904298,0.28116521314950654,0.06593595875892783,43.85484858478565,8.087798438507394e-12,46.59348398911195,3.7486838581576806e-12,1.000000000001294,1.0000000000045672,8.058547973632812e-05,3.123283386230469e-05,1.000000000000001,1.0000000000099714,4.464387893676758e-05,2.849102020263672e-05,1499.0,0.09992696443239252,0.05650754504776408,0.816822933353081,0.8563939026396726,1.0,1.0,0.8656460398456656,0.8631631579662324,1.0,1.0,1.0,1.0,1.0,1.0,1.7564019423718564,1.7202188179214235,0.0,0.0
222,222.0,0.9931102549098579,0.9937277627632868,1.9613325360279966e-16,0.3211041146502072,0.030897268443368348,0.12180367071414365,0.0389744157437235,43.82012276110315,1.6928710685013638e-11,46.58748916244453,1.7400256208203243e-16,1.0000000000000004,1.0000000000135292,8.255243301391602e-05,3.170967102050781e-05,1.000000000001297,1.0000000000045726,4.5359134674072266e-05,2.8848648071289062e-05,1500.0,0.10026920369998542,0.0568018664737299,0.813931670229044,0.8470178439385542,1.0,1.0,0.8383459863019413,0.8484270011684913,0.25,1.0,1.0,1.0,1.0,1.0,2.1495226177173317,2.441665558468158,0.0,0.0
223,223.0,0.9930233168611919,0.9943061701511516,2.0357774784212282e-16,0.3210507972362234,0.05730702559230848,0.10282998770708218,0.15605067712021986,43.81865782701752,6.919699688559216e-12,46.49012372081701,1.3443427793427538e-13,1.0000000000002316,1.0000000000053426,7.95125961303711e-05,3.123283386230469e-05,1.0000000000000002,1.0000000000135174,4.458427429199219e-05,2.866983413696289e-05,1501.0,0.10020300754196701,0.05699669078480912,0.8258911016714539,0.8581692557238326,1.0,1.0,0.8383459861957601,0.8484270010504329,1.0,1.0,1.0,1.0,1.0,1.0,3.0534443026153237,3.735677699211143,0.0,0.0
224,224.0,0.9898413492434548,0.9910758255919602,2.848534838259436e-16,0.3159811944718603,0.045138364541344275,0.23679210193222386,0.04535983491223298,43.89869651250259,8.619645833026156e-11,46.894217021149906,1.670260765971293e-11,1.0000000000384297,1.0000000000781262,8.237361907958984e-05,3.260374069213867e-05,1.0000000000002236,1.0000000000052653,6.532669067382812e-05,3.123283386230469e-05,1600.0,0.09543515268634523,0.05371822055426745,0.8122387225305371,0.8178546240088937,1.0,1.0,0.8428210169020508,0.8590423326448844,1.0,1.0,1.0,1.0,1.0,1.0,3.35874666540424,3.6791407260577054,0.0,0.0
225,225.0,0.9895188979849592,0.9899161677334252,1.8872408824574577e-17,0.315931995374305,0.0241661272011697,0.030196461942978176,0.030367589322850025,43.9168969735092,1.5788103199919594e-11,46.88867502122289,3.269315472486948e-11,1.0000000000442788,1.0000000000086375,7.832050323486328e-05,3.272294998168945e-05,1.000000000038452,1.000000000078077,5.161762237548828e-05,3.081560134887695e-05,1601.0,0.09537556143114645,0.054078942498285876,0.8298899770773377,0.8446650966149012,1.0,1.0,0.8428210169020511,0.8590423326448826,1.0,1.0,1.0,1.0,1.0,1.0,2.3991014201204246,2.1633885561569914,0.0,0.0
226,226.0,0.9871021427806114,0.9844815835595966,2.0444708161682316e-16,0.3112425034266634,0.03815938427578655,0.023430361179634873,0.0358517567510716,43.90927793568815,0.3826004496789147,46.520043012955895,0.3690943127000102,1.13121264460183,1.1594063284041476,8.32676887512207e-05,3.415346145629883e-05,1.0000000000438667,1.000000000008281,5.555152893066406e-05,3.129243850708008e-05,1700.0,0.09251828214682098,0.05118519323199015,0.8186217656109609,0.8065893360773546,1.0,1.0,0.834352179880822,0.8205031738165929,1.0,1.0,1.0,1.0,1.0,1.0,2.3447958942784086,2.069552761018997,0.0,0.0
227,227.0,0.9883523866373688,0.9864572859400126,1.2771469436265355e-17,0.3111968834176072,0.021513586922083026,0.047954087902326095,0.13375142554286865,43.91838369228881,0.3790052379998714,46.76168870228022,0.36920033430759647,1.1318359675739504,1.141772005248614,8.553266525268555e-05,3.409385681152344e-05,1.1318359675782261,1.1594027414395165,4.673004150390625e-05,3.141164779663086e-05,1701.0,0.092464140545677,0.051287779703879,0.8149090620923776,0.7955399508332841,1.0,1.0,0.8270991844206739,0.8205031738375582,1.0,1.0,1.0,1.0,1.0,1.0,1.5733716828915503,1.7157224304460306,0.0,0.0
228,228.0,0.9820526885540823,0.983524071564834,5.747334699883934e-17,0.3090456239459566,0.04020177159691228,0.07119659619638692,0.024595398630481127,43.928503806875014,0.3930684001112033,46.74414521987746,0.494387956860252,1.2547795508287918,1.1682053680822615,8.314847946166992e-05,3.3974647521972656e-05,1.1283393181526267,1.1391552152317233,4.89354133605957e-05,3.153085708618164e-05,1749.0,0.0926277521695533,0.0500331127812746,0.8039504609173156,0.7618456837013142,1.0,1.0,0.8351327355063975,0.8205017491992087,1.0,1.0,1.0,1.0,1.0,1.0,3.366917494644707,3.2754533763674,0.0,0.0
229,229.0,0.9827583394360478,0.9818881097856541,2.83091056136614e-18,0.3090015909429233,0.021229709440376575,0.016163058753591,0.018017570313531826,43.99622839040576,0.35979751803385757,46.7969012379572,0.28152586434962223,1.0589475398836947,1.135602387649832,8.434057235717773e-05,3.415346145629883e-05,1.2543186938002022,1.1682570919149586,5.066394805908203e-05,3.272294998168945e-05,1750.0,0.09340318131333397,0.050228897954230946,0.8229812509640828,0.8132884139060268,1.0,1.0,0.8237067047151954,0.7979729115480598,1.0,1.0,1.0,1.0,1.0,1.0,2.91921496619781,3.0772829076320716,0.0,0.0
230,230.0,0.9835994469487077,0.9789543896728624,1.4168414056642926e-16,0.3068390956699783,0.01164788438472895,0.0164203447056934,0.07946834323229263,43.98004373996504,0.3909801635218935,46.40364307819239,0.3394642500851396,1.1124667579399135,1.141902386805988,8.845329284667969e-05,3.552436828613281e-05,1.0548679293355194,1.1342477455571196,5.7756900787353516e-05,3.272294998168945e-05,1800.0,0.09300516433731865,0.04902433262313567,0.8120017132921564,0.7845893652570344,1.0,1.0,0.825259779734529,0.7748478366862286,1.0,1.0,1.0,1.0,1.0,1.0,2.280161390184542,2.1514636859727947,0.0,0.0
231,231.0,0.9828467981472643,0.9794060731635199,1.707751695685872e-16,0.3067966118897051,0.04795853584073478,0.0703565609874203,0.0248289666487835,44.04179015525891,0.38930301962441827,46.421881144765116,0.38611511722829983,1.1613567842383334,1.1570765210280267,9.75131988525246e-05,3.600120544433594e-05,1.11199322033406,1.1427856860817593,5.72800636291504e-05,3.24249267578125e-05,1801.0,0.09295364364410215,0.049152878310495474,0.7965383124197216,0.7697037686304746,1.0,1.0,0.8252597797345296,0.773940010536541,1.0,1.0,1.0,1.0,1.0,1.0,2.1503550605537107,2.3124922980619207,0.0,0.0
232,232.0,0.9740786675647347,0.9743268804352467,4.749773044984266e-18,0.302730550517226,0.07442266261205069,0.0485233650542795,0.0224915023427456,43.97566234752131,0.4402459585558103,46.53939558008995,0.361575127009794,1.1352261398779047,1.2149396115784965,9.232759475708006e-05,3.55839729309082e-05,1.1588112276529698,1.1538320997887008,4.89354133605957e-05,3.361701965332031e-05,1900.0,0.0901369337145498,0.04672112888472825,0.7422235993615218,0.7544491784754448,1.0,1.0,0.7661443954586251,0.755836853203625,1.0,1.0,1.0,1.0,1.0,1.0,2.5365601453352435,2.907641440600419,0.0,0.0
233,233.0,0.9745829578381329,0.9764329992237117,1.6555778550581586e-16,0.3026908351276517,0.07642825541552148,0.05267121875658628,0.10456325340783215,43.969890454277554,0.38299460852866746,46.54149492500754,0.34670777751058734,1.1313742319527826,1.1796964140288755,9.363889694213867e-05,3.629922866821289e-05,1.1357731013248442,1.2155960160590142,5.14984130859375e-05,3.463029861450195e-05,1901.0,0.09106812024724886,0.0468546671752694,0.7833938940968488,0.7354840518068366,1.0,1.0,0.7509101383990918,0.7309673323968489,1.0,1.0,1.0,1.0,1.0,1.0,3.052425641996596,2.744455503223526,0.0,0.0
234,234.0,0.9609332052738843,0.9669613925488281,5.4597045447509567e-17,0.2989204080047966,0.12715497025055808,0.029081587097607525,0.0217492441879585,43.90759594960494,0.3858782801712435,46.60927095585205,0.40351505464180154,1.1719600252382139,1.137760049952138,9.512901306152344e-05,3.987550735473633e-05,1.1223399533372398,1.1727290809655626,6.002187728881836e-05,3.540515899658203e-05,1999.0,0.08878940511249012,0.04467331624474882,0.718232848962967,0.7214908352235339,1.0,1.0,0.8169639625006466,0.8166785222145398,0.25,1.0,1.0,1.0,1.0,1.0,3.0322586950974855,3.432169462543216,0.0,0.0
235,235.0,0.9626157433904433,0.9671740024051312,2.4240792249639797e-16,0.2988831291603971,0.016774657124187724,0.01924038695869965,0.0186302255024202,43.9881697515674,0.3929756998177452,46.380646543294425,0.40384905646263214,1.2047497069691744,1.1549465048290875,8.922815322875977e-05,4.0411949157714844e-05,1.1717277202635725,1.137521382461541,6.377696990966797e-05,3.641843795776367e-05,2000.0,0.0904640577336765,0.0448480572670405,0.7457614775069148,0.7278424948424458,1.0,1.0,0.8398679055627332,0.8163760820844626,0.25,0.25,1.0,1.0,1.0,1.0,1.8409719429179192,1.4526313035132228,0.0,0.0
236,236.0,0.8597836061517469,0.8597836061517468,0.0,1.003110457464633,0.06440503284102303,0.010074210993479875,0.007651089923456225,5.165584852089615e-32,0.0,5.165584852089615e-32,0.0,0.8597836061517469,0.8597836061517468,5.7578086853027344e-05,1.5735626220703125e-05,1.0,1.0,2.008676528930664e-05,1.1980533599853514e-05,0.0,2.477707386633565,2.6310763068249088e-08,0.9734578362728464,1.0,0.0,0.0,0.9734578362728463,1.0,0.0,0.0,0.0,0.0,0.0,0.0,4.350294384723258,4.30738539083537,0.0,0.0
237,237.0,0.9188612495570353,0.9188612495570356,0.0,0.9584146563694088,0.040062297601252725,0.02250098314834755,0.00828949338756495,7.332765207964496e-32,0.0,4.3046540434080123e-32,0.0,0.9188612495570352,0.9188612495570356,3.6656856536865234e-05,1.4543533325195312e-05,0.9325454733930642,0.9325454733930642,1.8894672393798828e-05,1.2040138244628905e-05,1.0,3.1851371643712936,2.0747119176823956,0.9733650994088927,0.9982856214361264,0.0,0.0,0.9733650994088927,0.9982856214361264,0.0,0.0,0.0,0.0,0.0,0.0,4.237005086096188,4.198737638799104,0.0,0.0
238,238.0,0.9568174105202542,0.956817410523763,1.208909515702948e-15,0.8660254037844388,0.12991536367917428,0.021738155395723824,0.06234562571626147,8.038482805637384e-32,0.0,2.869769362272008e-32,0.0,0.9568174105202542,0.956817410523763,4.011392593383789e-05,1.4781951904296877e-05,1.0,1.0,1.949071884155273e-05,1.4066696166992188e-05,4.0,2.821750096586504,2.385720472466394,0.9958151542381808,0.9999999999915397,1.0,1.0,0.9958151542381829,0.9999999999915405,1.0,1.0,1.0,1.0,1.0,1.0,1.7687327427454467,1.916177179595198,0.0,0.0
239,239.0,0.9704682435014953,0.9704682435047914,9.547918011776346e-16,0.8435119877855236,0.016185309679713048,0.031034157029353047,0.053710500767920125,6.495995605066376e-32,0.0,2.582792426044807e-32,0.0,0.9704682435014953,0.9704682435047916,3.8623809814453125e-05,1.5079975128173828e-05,0.9712902698836858,0.9712902698830108,1.889467239379883e-05,1.2636184692382812e-05,5.0,2.547218351992015,2.3809748064778438,0.9545613246980043,0.9885194732342515,1.0,1.0,0.9545613246979598,0.9885194732342542,1.0,1.0,1.0,1.0,1.0,1.0,1.5365869816138527,1.4245414634138964,0.0,0.0
240,240.0,0.9704960081208789,0.9704960083603777,3.0134624954111393e-16,0.7754597309357558,0.1339422479504719,0.06525389087619253,0.020868308492936177,9.317782908456744,0.004363612393437485,9.921547444950914,0.0042325554380054356,0.9704960081208789,0.9704960083603777,3.641843795776367e-05,1.4543533325195312e-05,1.0000000000000024,1.0000000000000024,1.913309097290039e-05,1.2040138244628905e-05,9.0,2.0774612915442088,1.8584501866219192,0.9456458548416224,0.9333223408432254,0.0,0.0,0.9456458548426775,0.9333223408445794,0.0,0.0,1.0,1.0,1.0,1.0,3.161702269859854,3.559124229886761,0.0,0.0
241,241.0,0.9824771127748902,0.9763048521310875,9.3443771239284e-16,0.7621991222319221,0.0577501633088104,0.12569841084768993,0.07713416096521537,11.390240145882393,2.5552338023260287e-13,11.61462932325364,4.1086763620986254e-13,0.9824771127748902,0.9930840868759983,3.933906555175781e-05,1.4424324035644531e-05,0.9824771127798314,0.9824771127774463,2.008676528930664e-05,1.2218952178955078e-05,10.0,1.9677506312767916,1.9644002081840721,0.9120778108256247,0.8939010232237744,1.0,1.0,0.9456458548411945,0.9333223408427445,1.0,1.0,1.0,1.0,1.0,1.0,2.493470819302139,2.3755714020985406,0.0,0.0
242,242.0,0.9976636197948434,0.9970061765149629,1.0503294140861677e-15,0.7184604381653621,0.16712294478202233,0.12697678664699194,0.09449554531602186,17.202799554759096,8.134428803056215e-14,18.67305274094603,4.109286010882323e-14,0.9976636197948434,1.0000000000000016,3.725290298461914e-05,1.4603137969970703e-05,1.0000000000009457,1.0000000000006701,2.002716064453125e-05,1.2874603271484377e-05,14.0,1.8901825647594193,1.7066762774220223,0.9958400737773104,0.9999999999995173,1.0,1.0,0.995101468192285,0.9999999999216945,1.0,1.0,1.0,1.0,1.0,1.0,2.5529190302127462,2.72243060359409,0.0,0.0
243,243.0,1.000000000002418,1.0000000000000009,5.745404152435186e-16,0.7093062067523819,0.28436853259336203,0.04483905388042327,0.15209598088404158,18.757311550979626,5.832279104112103e-14,19.923091225104464,1.3810549925885598e-12,1.000000000002418,1.000000000000003,4.082918167114258e-05,1.4543533325195312e-05,1.0000000000000036,1.0000000000000027,1.9729137420654297e-05,1.2636184692382812e-05,15.0,1.8396465275375231,1.8316709923092624,0.9999999999956354,0.9999999999966407,1.0,1.0,0.9999999999888962,0.9999999999994768,1.0,1.0,1.0,1.0,1.0,1.0,2.3416406524980746,2.498551951521525,0.0,0.0
244,244.0,0.9932197311422795,0.9961328728698795,6.476300976980079e-16,0.6777015027073836,0.0632426591473631,0.15254347544396293,0.15805596718564627,23.284954781827537,1.138945419458063e-12,24.356497002504508,2.0791909860484736e-12,1.0000000000003768,0.9961328728698795,4.029273986816406e-05,1.4543533325195312e-05,1.0000000000046294,1.0000000000000029,1.937150955200195e-05,1.245737075805664e-05,19.0,1.8536749833359893,1.7235887850550422,0.9999999998402787,0.9999999999512099,1.0,1.0,0.9999999999796738,0.9999999999991345,1.0,1.0,1.0,1.0,1.0,1.0,2.764626421495755,2.6883607143420276,0.0,0.0
245,245.0,1.0000000000000029,1.0000000000012503,5.906386491005833e-16,0.6708203932499369,0.08261111663887276,0.029067065217532172,0.0561289828619919,23.80765517055104,3.147393456970349e-13,25.069535411870497,2.2250479236873844e-12,1.000000000000003,1.0000000000012503,4.082918167114258e-05,1.5020370483398438e-05,1.00000000000371,1.0000000000005085,1.913309097290039e-05,1.239776611328125e-05,20.0,1.772355869560859,1.8266941856580732,0.9999999999983253,0.9999999999984965,1.0,1.0,0.9999999999388371,0.9999999999537318,1.0,1.0,1.0,1.0,1.0,1.0,1.8863206448827943,1.8504795279740518,0.0,0.0
246,246.0,1.0000000000000036,1.0000000000009543,6.669501552343772e-16,0.621185814849828,0.1932973126531578,0.16485404036939139,0.09600010170834133,29.00396684315107,8.318590914141771e-14,30.35115959816695,8.947091433743908e-16,1.0000000000000033,1.0000000000009543,4.035234451293945e-05,1.4781951904296877e-05,1.000000000005353,1.00000000000229,1.9848346710205078e-05,1.239776611328125e-05,29.0,1.5116891993233625,1.4567731086758193,0.9999999999964244,0.9999999999984852,1.0,1.0,0.9999999999999134,0.9999999999999989,1.0,1.0,1.0,1.0,1.0,1.0,1.7714492751570283,1.5830284464142252,0.0,0.0
247,247.0,1.000000000001541,1.000000000002046,5.622486603280257e-16,0.6167004253507795,0.1287951304693706,0.06632467312738298,0.060002657643053625,29.694810251370757,2.818602494260501e-13,30.69140285024636,3.5416669597054803e-13,1.000000000001541,1.0000000000020461,3.898143768310547e-05,1.4662742614746094e-05,1.0000000000000036,1.000000000000963,1.955032348632812e-05,1.245737075805664e-05,30.0,1.5905641377336621,1.5280907815489897,0.9999999999982738,0.9999999999999214,1.0,1.0,0.9999999999935212,0.999999999994064,1.0,1.0,1.0,1.0,1.0,1.0,2.1475141725786706,2.095307817541607,0.0,0.0
248,248.0,1.0,1.0000000000000013,2.9967348047499343e-16,0.5303300858899106,0.13950738043058664,0.14188976894365618,0.05607646459247915,35.46446786915496,7.702766376127546e-13,38.190700849878404,2.181328034867036e-14,1.0000000000000013,1.000000000004965,3.886222839355469e-05,1.5020370483398438e-05,1.0000000000014548,1.0000000000018199,2.0742416381835938e-05,1.2874603271484377e-05,59.0,0.9699777604491624,0.8597146039476956,0.9999999999967693,0.9999999999955064,1.0,1.0,0.9999999998815728,0.9999999999542537,1.0,1.0,1.0,1.0,1.0,1.0,1.8086278156582987,1.9162774215938754,0.0,0.0
249,249.0,1.0000000000000016,1.0000000000000009,4.462242541281879e-16,0.5282784803734855,0.0640193311846815,0.06490216078236696,0.06304228142835197,36.44081236952642,3.864097076499408e-13,37.985763078133125,3.0052285446493863e-13,1.000000000001762,1.000000000002001,4.094839096069336e-05,1.5079975128173828e-05,1.0000000000000013,1.0000000000049682,2.038478851318359e-05,1.2934207916259767e-05,60.0,0.9602947483627394,0.9092434797154454,0.9999999999765776,0.9999999999775091,1.0,1.0,0.9999999999954381,0.999999999994837,1.0,1.0,1.0,1.0,1.0,1.0,2.6922108868072443,2.9671201555099604,0.0,0.0
250,250.0,0.9868019234691489,0.9840326789746638,7.618244659451669e-16,0.4685909905380384,0.09219038236187763,0.06304624298354608,0.029996591270901228,38.66972678761995,1.2934412800073386e-12,41.50322961009716,6.686682953370239e-13,1.0000000000035116,1.0000000000049674,4.3272972106933594e-05,1.6510486602783203e-05,1.000000000001526,1.0000000000018847,2.0802021026611328e-05,1.2934207916259767e-05,100.0,0.6751295334150469,0.5664957969318825,0.8279185286222572,0.819562651298921,1.0,1.0,0.840055509631483,0.8271341400424941,1.0,1.0,1.0,1.0,1.0,1.0,1.8611054218199672,1.724524646091469,0.0,0.0
251,251.0,0.9953271872861503,0.9894724140587676,2.1916430934227737e-16,0.4674818916603983,0.1345744596910662,0.055440344614908044,0.032557800062932025,39.33081155708866,3.502449902430915e-13,41.52205945470677,4.541470187335023e-12,1.00000000000095,1.000000000002103,4.082918167114258e-05,1.5616416931152344e-05,1.0000000000034879,1.0000000000049536,2.014636993408203e-05,1.3172626495361328e-05,101.0,0.7279157019944953,0.582196543672963,0.8278384651783282,0.8132703849292188,1.0,1.0,0.8690110570261227,0.8394029951743587,1.0,1.0,1.0,1.0,1.0,1.0,2.8807503913844243,2.4121549432038485,0.0,0.0
252,252.0,0.9836894363080054,0.9843297485753764,5.9572942784764504e-18,0.3964174776017766,0.0197786266217008,0.028251214418560225,0.016019213595427524,41.38864172652278,6.509432559371861e-12,44.063975876943886,8.556285761208406e-14,1.0000000000001235,1.0000000000264824,4.881620407104492e-05,1.728534698486328e-05,1.0000000000153129,1.0000000000017715,2.4974346160888672e-05,1.4603137969970703e-05,200.0,0.39799859620525624,0.30637518990511725,0.9222636616740625,0.9064386694379976,1.0,1.0,0.9847973682525577,0.9999999998511871,1.0,1.0,1.0,1.0,1.0,1.0,2.6144241146277154,2.5045080488165947,0.0,0.0
253,253.0,0.9833017374027246,0.9651384127716232,0.0,0.3959355101725709,0.018497172335628375,0.021745216392446275,0.027581258327700177,41.599939383738175,4.064265105693017e-14,44.15953253373748,1.0052638333408123e-15,1.000000000000001,1.000000000000124,5.030632019042969e-05,1.6927719116210938e-05,1.0000000000001226,1.000000000026508,2.4616718292236328e-05,1.4603137969970703e-05,201.0,0.40362961039258705,0.3166202682255027,0.9456798093000632,0.936217329651833,0.25,0.25,0.9850917154338087,0.9999999999761764,1.0,1.0,1.0,1.0,0.25,0.25,2.9877819192495587,3.248951226563529,0.0,0.0
254,254.0,0.9736896568994111,0.982255345697101,9.10018872643571e-18,0.3589354053595442,0.024118609784636626,0.05438253423199055,0.029253941145725524,42.416438760398854,3.702102295031971e-11,45.64842562581178,4.0007009726919096e-11,1.000000000021982,1.0000000000402491,5.3226947784423835e-05,1.7642974853515625e-05,1.000000000000001,1.0000000000001064,2.7298927307128906e-05,1.5795230865478516e-05,300.0,0.2934201390814726,0.21789451179167502,0.8117243499818148,0.8149753890395699,1.0,1.0,0.8398535319040354,0.8616773681971619,1.0,1.0,1.0,1.0,1.0,1.0,3.9247760612248124,3.8526009977033944,0.0,0.0
255,255.0,0.9771715587213652,0.9747080384696716,6.530723674265627e-18,0.3586417974203252,0.028368907398544196,0.11827345966594288,0.1331690127844922,42.34540875208334,1.2916959531758406e-11,45.84733958729779,1.908723723738158e-13,1.0000000000000897,1.000000000049451,5.0902366638183594e-05,1.811981201171875e-05,1.0000000000219582,1.0000000000401272,2.5987625122070312e-05,1.6033649444580078e-05,301.0,0.2924486962727605,0.22123819655123023,0.8095270945829828,0.809308032433151,1.0,1.0,0.8325358502351455,0.8389805033340421,1.0,1.0,1.0,1.0,1.0,1.0,2.7542075337975493,2.7193030860859237,0.0,0.0
256,256.0,0.9815026725387737,0.981959647254031,2.9379790781284236e-16,0.334370152488211,0.05922021245351057,0.041142956761177574,0.021981741301715325,42.959287540883416,3.705869383654168e-11,45.58011544001708,9.750958613940357e-14,1.000000000000306,1.0000000000712257,5.21540641784668e-05,1.9073486328125e-05,1.0000000000004168,1.0000000000464107,2.6106834411621094e-05,1.6748905181884766e-05,400.0,0.23060417033316538,0.17038949194902245,0.8333655388239521,0.8187030317675833,1.0,1.0,0.8276292344407672,0.8162005854041715,1.0,1.0,1.0,1.0,1.0,1.0,3.2732219240790306,3.3095348888619682,0.0,0.0
257,257.0,0.9806899441232172,0.9811595614070857,2.625157890739286e-17,0.3341640690914115,0.07175765873398628,0.08628452819539231,0.0450809901813045,42.6449251473956,1.1792896024788643e-11,45.59405725609642,5.433888834241793e-13,1.000000000001477,1.0000000000187104,5.221366882324219e-05,1.8656253814697266e-05,1.0000000000003055,1.000000000071408,2.5510787963867188e-05,1.6510486602783203e-05,401.0,0.23137813785080263,0.17400056701936648,0.8414521957577334,0.821284174958088,1.0,1.0,0.8324966473889178,0.8144523473437878,1.0,1.0,1.0,1.0,1.0,1.0,2.8206831069799576,2.644672374503716,0.0,0.0
258,258.0,0.9470655618740644,0.9478925068941775,1.5284803126151285e-16,0.316423270138665,0.04996632196707645,0.024627575767226476,0.03988176281563935,42.87838219269211,0.2821348972196627,45.49805496531352,0.27499431452169404,1.0476259144339235,1.0352032537706304,5.620718002319336e-05,2.008676528930664e-05,1.0000000000013816,1.0000000000167701,2.8014183044433594e-05,1.7702579498291016e-05,500.0,0.19355221828035546,0.14306826782732351,0.7886598921167693,0.7902315865077646,1.0,1.0,0.8147895041983773,0.8048279537446812,1.0,1.0,1.0,1.0,1.0,1.0,1.4892011368195328,1.9491771455848035,0.0,0.0
259,259.0,0.9440713911295677,0.9391784481861504,1.431112584608218e-16,0.3162668185357691,0.10665141278877853,0.0294523785123601,0.13539274007780472,42.975975893389474,0.077766652911052,45.60399269083686,0.08509888985047193,1.021967165278304,1.0113272937247915,5.8531761169433594e-05,2.026557922363281e-05,1.0481324973763222,1.034497991527466,2.7298927307128906e-05,1.7642974853515625e-05,501.0,0.1974479268801025,0.1445937799583036,0.7810022034930304,0.7832263755845115,1.0,1.0,0.7983064918569702,0.810721667302535,1.0,1.0,1.0,1.0,1.0,1.0,3.1556155211933046,2.9805310605146587,0.0,0.0
260,260.0,0.927325628004674,0.9115080838908405,9.863551665058206e-17,0.3024491827901771,0.1539263812010176,0.04090188280679285,0.03132274094969027,43.37054245996155,0.42333146110889663,45.99684187598487,0.4079419203078235,1.1562230339143598,1.1931449800150453,5.8770179748535156e-05,2.104043960571289e-05,1.0169620819334573,1.0100150841212459,3.045797348022461e-05,1.8715858459472656e-05,600.0,0.17099278209872382,0.1223238903259363,0.7346577460778848,0.7294590471526464,1.0,1.0,0.7462878697369656,0.788691819412617,1.0,0.25,1.0,1.0,1.0,1.0,2.237708208809455,2.604893802383377,0.0,0.0
261,261.0,0.9286266130333419,0.9284264860332749,1.4610608286114892e-16,0.3023243327397227,0.07098357327049595,0.12036482820985836,0.0154291295912116,42.97721638501611,0.4280560398751434,46.10067900451509,0.40749781923765105,1.1604866791393171,1.187309741312558,5.823373794555664e-05,2.1338462829589844e-05,1.1548564881494576,1.1927018818082198,3.147125244140625e-05,1.883506774902344e-05,601.0,0.1753927662299063,0.12341306531897435,0.7314694732161531,0.7364384766928952,1.0,1.0,0.7332084553939354,0.7642150014336766,1.0,0.25,1.0,1.0,1.0,1.0,2.6593027454462144,3.143402123042992,0.0,0.0
262,262.0,0.9146529440091635,0.9137930046484581,7.275504076266983e-17,0.2911011893309692,0.13085633312584827,0.11715593771077693,0.049792619247455074,43.344004488034116,0.382398841344977,45.98476626282395,0.40431634545775447,1.2062921032107656,1.1932821882910503,6.145238876342773e-05,2.2470951080322266e-05,1.1558318674434587,1.1797068642711592,3.230571746826172e-05,1.9788742065429688e-05,700.0,0.1550929229237219,0.10705507594136712,0.6344538535949128,0.7328675227784005,1.0,1.0,0.7267346755815093,0.7272457697005359,0.25,0.25,1.0,1.0,1.0,1.0,1.944561239315773,2.092210223440066,0.0,0.0
263,263.0,0.8994947037733336,0.9253077009976652,1.78524176870497e-16,0.290998053375251,0.0346222117659635,0.06478302692994473,0.0381482111988589,43.217618328101054,0.42689263403074473,45.980115459535895,0.461248604907908,1.2946850453191339,1.1856745264893915,6.29425048828125e-05,2.2172927856445312e-05,1.2056493008158031,1.1935176259937466,3.230571746826172e-05,2.002716064453125e-05,701.0,0.15634232468433637,0.10784323447663698,0.7406402737661897,0.7542585650592201,1.0,1.0,0.7267346755782638,0.727245769698623,0.25,0.25,1.0,1.0,1.0,1.0,2.6137382367513085,2.6535383458383306,0.0,0.0
264,264.0,0.843424535077751,0.8870319860076585,1.6767125989913468e-16,0.2816062497453708,0.030078048817813376,0.028342001489363527,0.04648095654556525,43.43253679895672,0.432392637604142,46.786280061242536,0.5986189512475347,1.380835763088186,1.209924062703024,6.330013275146484e-05,2.3424625396728516e-05,1.2732499008834044,1.1753092199895223,3.2007694244384766e-05,2.1219253540039062e-05,800.0,0.1433940551853486,0.09512943399155126,0.6694866091877698,0.7014778587171822,1.0,1.0,0.7112401828057482,0.7670643888776316,0.0,0.0,1.0,1.0,1.0,1.0,2.898693109714223,2.9334110331919647,0.0,0.0
265,265.0,0.8427646912458084,0.9158604028186688,1.7342069330062927e-16,0.2815188622252318,0.02255967649398365,0.0184607686824165,0.0244262636988423,43.49851030151688,0.39563245882456954,46.814015358111234,0.5981738103615812,1.3831768246280276,1.1477110174238152,6.288290023803711e-05,2.41398811340332e-05,1.3831768246264668,1.2088933431904112,3.272294998168945e-05,2.092123031616211e-05,801.0,0.14321554973445463,0.09567186529379197,0.6420888554830961,0.6940779676687117,1.0,1.0,0.7112401828057474,0.7662880197504184,0.0,0.0,1.0,1.0,1.0,1.0,3.0723002206770915,2.952398826848615,0.0,0.0
266,266.0,0.8431584134928702,0.8991805992252309,2.346496232432893e-16,0.2734822310916835,0.03633926541078835,0.017949998669791925,0.01514660118846215,43.56736909085214,0.43115412219795324,46.37870450674771,0.5755585221807371,1.3736312040754477,1.1842840229269544,6.443262100219727e-05,2.5093555450439453e-05,1.3759243558520264,1.1341429042359619,3.612041473388672e-05,2.193450927734375e-05,900.0,0.13430300039816206,0.08561933614671649,0.638716846163841,0.7183598434082643,1.0,1.0,0.7239636688306748,0.7544277729746909,0.25,0.0,1.0,1.0,1.0,1.0,2.658302137478909,2.5913063676626837,0.0,0.0
267,267.0,0.8406520976256415,0.8965868367626493,1.6543058313951006e-16,0.2734067356445763,0.0332790536922402,0.17083218268817282,0.08592391066486012,43.56063729061313,0.4344423688134177,46.38618050315127,0.6531040428210725,1.4462194796517271,1.2020774561969567,6.747245788574219e-05,2.4080276489257812e-05,1.3729848214301787,1.1842849052542284,3.6776065826416016e-05,2.2172927856445312e-05,901.0,0.134155256744186,0.08664112860702763,0.6526359787388704,0.6454703517578112,1.0,1.0,0.721345649525607,0.7866523732516688,0.25,0.0,1.0,1.0,1.0,1.0,1.8824685780058508,1.7792281185224206,0.0,0.0
268,268.0,0.8428499983514366,0.8738653383015352,6.909895541323736e-17,0.2664095221855022,0.0461819562478922,0.07544752740068357,0.1927671207813546,43.79319300180996,0.4329893287625011,46.6494516397687,0.5931091674872057,1.412412009147737,1.1939044343143506,6.896257400512695e-05,2.6226043701171875e-05,1.429811883483358,1.2005777625557028,3.421306610107422e-05,2.294778823852539e-05,1000.0,0.12525650524678597,0.07891422164553374,0.5982277065190438,0.6377407926225185,1.0,1.0,0.7060595489692011,0.7589842201782399,0.0,0.25,1.0,1.0,1.0,1.0,2.3225656588819072,2.465645331304696,0.0,0.0
269,269.0,0.8400247105361907,0.871507931669157,2.7843863728919186e-16,0.2663432923426758,0.01637351309182115,0.0332330691744573,0.024224332824814974,43.73634051337228,0.44689006914468515,46.59595611465674,0.5671857871711726,1.3992337694011459,1.2155051025650678,6.330013275146484e-05,2.789497375488281e-05,1.412036480422649,1.1936365918766692,3.987550735473633e-05,2.372264862060547e-05,1001.0,0.1251323046796014,0.07916849330626133,0.650390872737343,0.645152508252653,1.0,1.0,0.6531076885969874,0.6777829786902306,0.0,0.25,1.0,1.0,1.0,1.0,2.8556574885401242,2.51367858432649,0.0,0.0
270,270.0,0.8507257065005385,0.8668878403543587,1.6854290713200905e-16,0.2601660896995821,0.09268861176678905,0.19734632567269725,0.02809365006396545,43.76806641892821,0.4217613857425755,46.76649414387337,0.5622274700521535,1.3731684650520748,1.1771798191519047,7.015466690063477e-05,2.9325485229492188e-05,1.3897192824661198,1.2110975412632436,4.357099533081055e-05,2.419948577880859e-05,1100.0,0.11729642200059973,0.07246574874569126,0.6322079460497806,0.6333176448882359,1.0,1.0,0.6546730996303747,0.659602766067295,0.0,1.0,1.0,1.0,1.0,1.0,3.1828034614617224,2.8065843977418834,0.0,0.0
271,271.0,0.8511589752721225,0.8724399340890289,5.789521966117169e-17,0.2601072618632161,0.1357439318671822,0.08639545994810757,0.11514117720071225,43.78932651260635,0.444065382371867,46.76724963687281,0.5617454896225951,1.3722884962539283,1.2124394592136762,7.581710815429688e-05,2.712011337280273e-05,1.37245080172091,1.1773392620345402,4.26173210144043e-05,2.4378299713134762e-05,1101.0,0.11718995679357132,0.07297485480093144,0.5758330619016638,0.5876647854200288,1.0,1.0,0.6550444360442464,0.6596027660677277,0.0,1.0,1.0,1.0,1.0,1.0,3.0969008307407893,2.9326940568347224,0.0,0.0
272,272.0,0.8455951380273266,0.8640243815231223,1.6459862518612799e-16,0.2545918502535258,0.0116214333684183,0.015752338164020274,0.023624159395694726,43.77543474538982,0.4361146781596006,46.6296913597989,0.5437571810698563,1.3420248133801629,1.2277592412291756,7.551908493041992e-05,3.0457973480224613e-05,1.36290002514623,1.200394703347802,4.6312808990478516e-05,2.5570392608642578e-05,1200.0,0.11139445077538013,0.06718226704990612,0.5680064987870768,0.5840341252200177,1.0,1.0,0.6288038712088356,0.5948528293507351,1.0,0.25,1.0,1.0,1.0,1.0,1.9976770256717797,1.7957073186446855,0.0,0.0
273,273.0,0.8491392474797639,0.8635544302657285,1.3049263162571803e-16,0.2545390577467474,0.05261651694308962,0.027908560528885525,0.10230036656139414,43.88031431911216,0.49181751330342105,46.625435105878225,0.5583509014204378,1.3340727258752985,1.2342825260971575,7.516145706176758e-05,2.789497375488281e-05,1.3417628819195575,1.2287706437802468,4.690885543823242e-05,2.580881118774414e-05,1201.0,0.11130192720196368,0.06747789288652067,0.5823732691353571,0.6454571946787608,1.0,1.0,0.6798091675293679,0.6406746800258873,0.25,0.25,1.0,1.0,1.0,1.0,3.687668130218646,4.136047116946793,0.0,0.0
274,274.0,0.8123428404826528,0.853938974364211,1.689238860434449e-16,0.2520675121005319,0.062032100278884124,0.02958546002628275,0.05600343388505277,43.77243922202031,0.4266610703992063,46.32273021445981,0.6224485511170137,1.472178199016893,1.204418744945734,7.68899917602539e-05,2.849102020263672e-05,1.3257587817332401,1.2260824372213914,4.1425228118896484e-05,2.6047229766845703e-05,1249.0,0.11038355908626198,0.06531788273934315,0.4972897814202614,0.5280518043511695,1.0,1.0,0.6091469927101901,0.686466405099473,0.0,0.0,1.0,1.0,1.0,1.0,3.2859827426752286,2.629556227052798,0.0,0.0
275,275.0,0.8125103301229178,0.8490897088126562,1.1456086190355198e-16,0.252017284437961,0.057963244733400573,0.0552799610886722,0.04960585443768642,43.83915227319074,0.4358011229874036,46.25151702568948,0.6757865756382857,1.417566886193231,1.2088773164854294,7.587671279907227e-05,2.9325485229492188e-05,1.4719373774447109,1.2046519594292668,4.476308822631836e-05,2.6047229766845703e-05,1250.0,0.11029549091815152,0.0656548641003316,0.5727014963661099,0.5840855844988765,1.0,1.0,0.6830311885060987,0.7683385688194002,0.0,0.0,1.0,1.0,1.0,1.0,3.0705649434823172,3.2403325486158927,0.0,0.0
276,276.0,0.8166867902675037,0.8411770164343239,6.031786394323647e-17,0.2495678462669118,0.031005171942524574,0.018597563437651798,0.08650325116468591,43.887928982595966,0.4500906193714051,46.544317293220814,0.5858174693137447,1.3825940194902053,1.2225241704541145,7.462501525878906e-05,2.8967857360839844e-05,1.4102470693455227,1.2024853504781157,5.060434341430664e-05,2.694129943847656e-05,1300.0,0.11067531575556054,0.0633546388082476,0.5790386918570429,0.5907815467063375,1.0,1.0,0.5866619289518952,0.6532187328437967,0.0,0.25,1.0,1.0,1.0,1.0,2.998073857102616,3.360916779964479,0.0,0.0
277,277.0,0.8226587098931524,0.8453641174981412,3.616300724927577e-16,0.2495200592190027,0.014819915697444175,0.04809509287588295,0.01693959505064405,43.930400548990264,0.4575518084604747,46.551189758487425,0.5796862186310906,1.3628980675317597,1.2067486169212764,7.277727127075195e-05,2.956390380859375e-05,1.3827209869451662,1.2236110157275433,4.5418739318847656e-05,2.682209014892578e-05,1301.0,0.11059101956347597,0.06348564067796066,0.5228403153331329,0.5621379566298379,1.0,1.0,0.5715347692803358,0.6496312181221414,0.0,0.0,1.0,1.0,1.0,1.0,2.2584785974396233,2.346569321351294,0.0,0.0
278,278.0,0.8058628133575938,0.8396100150248013,4.2856189139178193e-16,0.2450034376445021,0.033881069335620774,0.021354686468839576,0.020727999391965523,43.89502752425577,0.45542181412807603,46.616573860307284,0.5649842391586328,1.3824090916231542,1.216946323086913,7.730722427368164e-05,3.0517578125e-05,1.3511309159059648,1.1997203746111442,4.2796134948730476e-05,2.7298927307128906e-05,1400.0,0.10455706924218873,0.059536246755040254,0.563628331920615,0.5582267401592849,1.0,1.0,0.6180251847098702,0.625950008053213,1.0,1.0,1.0,1.0,1.0,1.0,3.6348294191999804,3.5601536005467813,0.0,0.0
279,279.0,0.8068627053236135,0.8291228157824616,6.159132000054211e-17,0.2449598621091827,0.053774105326738174,0.017692292283754726,0.0374733910430222,43.88880275246798,0.41947284209411684,46.61855124795552,0.563911199826413,1.3816645805138164,1.188421998761851,7.969141006469727e-05,3.17692756652832e-05,1.3818270421565801,1.2165849522552827,4.476308822631836e-05,2.789497375488281e-05,1401.0,0.10448251547198567,0.059993870568479754,0.512489684575048,0.5327155407032387,1.0,1.0,0.6176003539928345,0.6241749679661681,1.0,1.0,1.0,1.0,1.0,1.0,3.315831518227921,3.360782144590556,0.0,0.0
280,280.0,0.7873844463807307,0.8202854408667721,1.5870874354681426e-17,0.2408681072746185,0.03494762961054217,0.0388310073758475,0.0272552098613232,43.85484858478565,0.4509588589588174,46.59348398911195,0.5661051434423251,1.3145340928344909,1.216863020556842,8.26716423034668e-05,3.2007694244384766e-05,1.370416734578631,1.1790118735457717,5.0365924835205085e-05,2.9802322387695312e-05,1499.0,0.0997575772434614,0.0563381578588329,0.5227072960711828,0.5500392104291523,1.0,1.0,0.6344797642350221,0.6007235809885908,0.25,0.0,1.0,1.0,1.0,1.0,1.7564019423718564,1.7202188179214235,0.0,0.0
281,281.0,0.7875809999169453,0.8305952389113659,1.9613325360279966e-16,0.2408280859876554,0.017096101772040052,0.046723341452889124,0.08094069320941336,43.82012276110315,0.44431327860167513,46.58748916244453,0.5659519065029934,1.3152032330135546,1.2258157535372538,8.344650268554688e-05,3.24249267578125e-05,1.315203233287507,1.2165606756804372,4.571676254272461e-05,2.9802322387695312e-05,1500.0,0.10009992047291973,0.0566325832466641,0.4910338023484953,0.4992320921804987,1.0,1.0,0.6344797642099738,0.6001035377714872,0.25,0.0,1.0,1.0,1.0,1.0,2.1495226177173317,2.441665558468158,0.0,0.0
282,282.0,0.7873730365629616,0.8292502294784783,2.0357774784212282e-16,0.2407880979271675,0.017424337100237525,0.04584921087371178,0.03688209637766698,43.81865782701752,0.4533306414358557,46.49012372081701,0.5990841110838834,1.3496392614699406,1.2359230343050793,8.577108383178711e-05,3.135204315185547e-05,1.3158677663377547,1.225624413806745,4.2438507080078125e-05,2.956390380859375e-05,1501.0,0.10003382814570921,0.056827511388551424,0.5111510655535751,0.5283108686638245,1.0,1.0,0.6506039864677059,0.6030389434749986,0.25,0.0,1.0,1.0,1.0,1.0,3.0534443026153237,3.735677699211143,0.0,0.0
283,283.0,0.8080504552180036,0.8125255514166257,2.848534838259436e-16,0.2369858958538952,0.05240678804693743,0.07119331165449684,0.06717498926445835,43.89869651250259,0.4292168412877224,46.894217021149906,0.4887601998982348,1.2711655939325481,1.2068794066723811,8.577108383178711e-05,3.272294998168945e-05,1.3369606091866806,1.2255447329213798,4.696846008300781e-05,3.075599670410156e-05,1600.0,0.0952756430961702,0.053558710964092426,0.5060226823217353,0.49421932541238756,1.0,1.0,0.5464802805837297,0.5560745184231807,1.0,1.0,1.0,1.0,1.0,1.0,3.35874666540424,3.6791407260577054,0.0,0.0
284,284.0,0.8011006684403981,0.8134246000778714,1.8872408824574577e-17,0.2369489965307288,0.01424819137901065,0.01904577697860075,0.05148070305585858,43.9168969735092,0.429991044248331,46.88867502122289,0.5120966478408203,1.2865272164905108,1.2065397621238567,7.748603820800781e-05,3.3974647521972656e-05,1.2707171575371021,1.206583553319232,4.929304122924805e-05,3.075599670410156e-05,1601.0,0.09521614373224217,0.05391952479938158,0.4853570561817955,0.4870777053559806,1.0,1.0,0.5659780388782157,0.5652189498520768,0.25,0.25,1.0,1.0,1.0,1.0,2.3991014201204246,2.1633885561569914,0.0,0.0
285,285.0,0.7823316531194334,0.7974116632136593,2.0444708161682316e-16,0.2334318775699975,0.05213114782236515,0.05072997033130375,0.04084885353222485,43.90927793568815,0.44408850538013467,46.520043012955895,0.6089476722317583,1.3850621675447696,1.1823097447104693,8.809566497802734e-05,3.3974647521972656e-05,1.2784606824103135,1.1983404772591604,6.16908073425293e-05,3.36766242980957e-05,1700.0,0.09236745350094705,0.051034364586116175,0.5070201822494456,0.5195366786118601,1.0,1.0,0.5685482536416135,0.5775336841679957,1.0,1.0,1.0,1.0,1.0,1.0,2.3447958942784086,2.069552761018997,0.0,0.0
286,286.0,0.7820253630316357,0.8041965553204954,1.2771469436265355e-17,0.2333976625632054,0.03788753552362317,0.0566101918229833,0.051740688388235825,43.91838369228881,0.4441804456256935,46.76168870228022,0.6115349411873371,1.3949557708445544,1.220338924893552,8.744001388549805e-05,3.409385681152344e-05,1.3853286745791276,1.1821286303087704,5.078315734863281e-05,3.135204315185547e-05,1701.0,0.0923133938173375,0.051137032975539495,0.4902731386283899,0.5123067949233453,1.0,1.0,0.5680358736039877,0.5846245007224979,1.0,1.0,1.0,1.0,1.0,1.0,1.5733716828915503,1.7157224304460306,0.0,0.0
287,287.0,0.7825247256442102,0.7922329540359068,5.747334699883934e-17,0.2317842179594674,0.014342284470330851,0.020887509337626325,0.018395889492239775,43.928503806875014,0.44651350563534514,46.74414521987746,0.5148733163222643,1.2974840839518917,1.2095245445702902,9.03010368347168e-05,3.6656856536865234e-05,1.3894864908899747,1.2156236344553428,5.984306335449219e-05,3.218650817871094e-05,1749.0,0.092480832885838,0.0498861934975593,0.4740584278676752,0.48404572830048487,1.0,1.0,0.5587823609650455,0.5895863585462789,1.0,1.0,1.0,1.0,1.0,1.0,3.366917494644707,3.2754533763674,0.0,0.0
288,288.0,0.7823567246100367,0.802288439501047,2.83091056136614e-18,0.2317511932071925,0.0174747545388527,0.14487543515861032,0.021578860876616025,43.99622839040576,0.41531657273222466,46.7969012379572,0.5148936064935746,1.2969172418658554,1.1759161231478645,8.7738037109375e-05,3.463029861450195e-05,1.297063490477771,1.2099998100765057,5.882978439331055e-05,3.1888484954833984e-05,1750.0,0.0932563396487123,0.05008205628960935,0.4744767685705693,0.47324251879943624,1.0,1.0,0.5890173264358034,0.5964326235394587,0.25,0.25,1.0,1.0,1.0,1.0,2.91921496619781,3.0772829076320716,0.0,0.0
289,289.0,0.781714587651847,0.7908337525256613,1.4168414056642926e-16,0.2301293217524837,0.017118358518928276,0.0227709740865975,0.02726060996064915,43.98004373996504,0.44034367112520056,46.40364307819239,0.51581777717176,1.2987557596381964,1.2180415319794182,8.51750373840332e-05,3.629922866821289e-05,1.2897642766732391,1.1679584889131012,5.2869319915771484e-05,3.24249267578125e-05,1800.0,0.09286209916320945,0.048881267449026475,0.4790440171529865,0.5025926838447775,1.0,1.0,0.529809784657179,0.5409080480281739,0.25,1.0,1.0,1.0,1.0,1.0,2.280161390184542,2.1514636859727947,0.0,0.0
290,290.0,0.7808320740157987,0.7906245026364784,1.707751695685872e-16,0.2300974589172788,0.01468994742026545,0.023107789049390624,0.0176664134487509,44.04179015525891,0.4335792951169144,46.421881144765116,0.5099482593648963,1.2559382230968983,1.2023074212302634,8.445978164672852e-05,3.6776065826416016e-05,1.2983502670951024,1.2176744295943212,6.270408630371094e-05,3.504753112792969e-05,1801.0,0.09281065196845523,0.04900988663484855,0.4956916072107843,0.5155857706765145,1.0,1.0,0.6002759129097797,0.643053545664633,0.25,1.0,1.0,1.0,1.0,1.0,2.1503550605537107,2.3124922980619207,0.0,0.0
291,291.0,0.7697962055218062,0.7870363249884617,4.749773044984266e-18,0.2270479128879195,0.015717876725830124,0.0203131434391252,0.021821530652232426,43.97566234752131,0.42672166753558927,46.53939558008995,0.5329899393084128,1.284401187560868,1.1894179913517458,9.226799011230469e-05,3.606081008911133e-05,1.2454872285002156,1.1904630488098515,5.3107738494873054e-05,3.4809112548828125e-05,1900.0,0.090000854011836,0.04658504918201445,0.4575458276326741,0.49758494657579166,1.0,1.0,0.5438376027209846,0.5628777103250386,1.0,1.0,1.0,1.0,1.0,1.0,2.5365601453352435,2.907641440600419,0.0,0.0
292,292.0,0.769992649283241,0.7912591950333215,1.6555778550581586e-16,0.2270181263457387,0.055494018597528276,0.09069910243852058,0.03014468081528315,43.969890454277554,0.4281774387326236,46.54149492500754,0.5332260441083906,1.2851079218863817,1.1691656299805457,9.60230827331543e-05,3.951787948608399e-05,1.2851079219301145,1.1896934964206183,5.918741226196289e-05,3.36766242980957e-05,1901.0,0.0909321068699059,0.046718653797926404,0.5006798214613353,0.49838971757236245,1.0,1.0,0.5438376027063074,0.5628777102931539,1.0,1.0,1.0,1.0,1.0,1.0,3.052425641996596,2.744455503223526,0.0,0.0
293,293.0,0.7618062366081142,0.7782180683048786,5.4597045447509567e-17,0.2241903060035974,0.023819316236767876,0.021226872049737673,0.02459346759133035,43.90759594960494,0.4406376231530924,46.60927095585205,0.5280493365324976,1.2869709056598693,1.1692468417263877,9.16123390197754e-05,4.0650367736816406e-05,1.2767848300976439,1.1585478163446858,5.7816505432128906e-05,3.534555435180664e-05,1999.0,0.08865958508724661,0.04454349621950525,0.47655130734850165,0.4783156484677087,1.0,1.0,0.5778210261873672,0.5048628718009027,0.25,0.0,1.0,1.0,1.0,1.0,3.0322586950974855,3.432169462543216,0.0,0.0
294,294.0,0.7626383433136408,0.7727452837414389,2.4240792249639797e-16,0.2241623468702978,0.03203060611849648,0.0184080660692416,0.01722275681095195,43.9881697515674,0.43435459906370544,46.380646543294425,0.5289085275662618,1.2873298855950541,1.1760514297874807,9.012222290039062e-05,4.088878631591797e-05,1.2866011099010763,1.169475739502872,6.133317947387695e-05,3.528594970703125e-05,2000.0,0.09033429792848008,0.044718297461844,0.4648144980640275,0.49981864859384756,1.0,1.0,0.5781867258298681,0.5053756272002994,0.25,0.25,1.0,1.0,1.0,1.0,1.8409719429179192,1.4526313035132228,0.0,0.0
295,295.0,0.6551018991037507,0.6551018991037467,0.0,0.668740304976422,0.07010601507499813,0.013239667925517926,0.025863960210699574,5.165584852089615e-32,0.0,5.165584852089615e-32,0.0,0.6551018991037507,0.6551018991037467,3.9696693420410156e-05,1.4603137969970703e-05,1.0,1.0,1.8656253814697266e-05,1.1920928955078123e-05,0.0,2.4777073866335644,2.6310763151515815e-08,0.9154757452977516,0.9360759187911766,0.0,0.0,0.9154757452977526,0.936075918791179,0.0,0.0,0.0,0.0,0.0,0.0,4.350294384723258,4.30738539083537,0.0,0.0
296,296.0,0.7060735553728426,0.7060735553728479,0.0,0.6389431042462724,0.028509704221505627,0.14383215882116926,0.1093833550694398,7.332765207964496e-32,0.0,4.3046540434080123e-32,0.0,0.7060735553728426,0.7060735553728479,3.713369369506836e-05,1.436471939086914e-05,0.7404611429769998,0.7404611429769994,1.913309097290039e-05,1.239776611328125e-05,1.0,3.1776878641887567,2.0672626174998587,0.9023551473001943,0.9280428794643355,0.0,0.0,0.9023551473001917,0.9280428794643353,0.0,0.0,0.0,0.0,0.0,0.0,4.237005086096188,4.198737638799104,0.0,0.0
297,297.0,0.7921209840738611,0.7921209840738628,1.208909515702948e-15,0.5773502691896258,0.09936463535996151,0.037118141946848426,0.12507689738413313,8.038482805637384e-32,0.0,2.869769362272008e-32,0.0,0.7921209840738611,0.7921209840738628,3.647804260253906e-05,1.436471939086914e-05,0.8845046706181464,0.8845046706181567,1.811981201171875e-05,1.3649463653564453e-05,4.0,2.8126110930078245,2.3765814688877147,0.8587063533211783,0.8994901464764102,0.0,0.0,0.8587063533211625,0.8994901464764095,0.0,0.0,0.0,0.0,0.0,0.0,1.7687327427454467,1.916177179595198,0.0,0.0
298,298.0,0.8224009663882696,0.8224009663882285,9.547918011776346e-16,0.5623413251903491,0.044396656332537525,0.014638213731814126,0.022174343932419953,6.495995605066376e-32,0.0,2.582792426044807e-32,0.0,0.8224009663882696,0.8224009663882285,3.910064697265625e-05,1.436471939086914e-05,0.8329875509920144,0.8329875509920232,1.8656253814697266e-05,1.2159347534179688e-05,5.0,2.538351770343176,2.3721082248290046,0.8886503122426681,0.88883419392666,0.0,0.0,0.8886503122426689,0.8888341939266651,0.0,0.0,0.0,0.0,0.0,0.0,1.5365869816138527,1.4245414634138964,0.0,0.0
299,299.0,0.8103518661696207,0.8025428797704459,3.0134624954111393e-16,0.5169731539571706,0.019152221386320847,0.0428217400913126,0.029836549540050324,9.317782908456744,0.04907656848749493,9.921547444950914,0.05286352046691055,0.8226752477906583,0.8183548343345315,3.743171691894531e-05,1.436471939086914e-05,0.8204110833913408,0.8204110833913381,1.8775463104248047e-05,1.2040138244628905e-05,9.0,2.0698729339932456,1.850861829070956,0.9232531304970552,0.9177776600511295,0.0,0.0,0.8935889008198104,0.8843562617092731,0.0,0.0,0.0,0.0,0.0,0.0,3.161702269859854,3.559124229886761,0.0,0.0
300,300.0,0.8395429429108627,0.8320883910320118,9.3443771239284e-16,0.5081327481546147,0.04530058527598153,0.041630128049291594,0.047454086074139874,11.390240145882393,0.06016884672026145,11.61462932325364,0.06858700377650526,0.8688509602509757,0.8731940236479884,3.7670135498046875e-05,1.4543533325195312e-05,0.8610420902768777,0.8569879492957071,1.883506774902344e-05,1.2159347534179688e-05,10.0,1.9604502877848913,1.9570998646921716,0.9413652422073074,0.9388128425159988,0.0,0.0,0.8983298501264634,0.8990701563246686,0.0,0.0,0.0,0.0,0.0,0.0,2.493470819302139,2.3755714020985406,0.0,0.0
301,301.0,0.8349220191183636,0.8388259270550085,1.0503294140861677e-15,0.4789736254435747,0.18598503567045555,0.09719198482343923,0.031741374579723876,17.202799554759096,0.12345897020358478,18.67305274094603,0.12255439282795767,0.9158006723833154,0.9156841551987615,3.6954879760742194e-05,1.4781951904296877e-05,0.8969998607613252,0.9132353222605545,1.9073486328125e-05,1.239776611328125e-05,14.0,1.8838570087749908,1.7003507214375941,0.8686146659087051,0.9001053988073401,0.0,0.0,0.8637347205604174,0.9069594955655503,0.0,0.0,0.25,1.0,1.0,1.0,2.5529190302127462,2.72243060359409,0.0,0.0
302,302.0,0.8095974644089976,0.8286503884610008,5.745404152435186e-16,0.4728708045015879,0.19674952776404095,0.035244254220742705,0.050227683095727046,18.757311550979626,0.12903955184896282,19.923091225104464,0.1245643154305271,0.9416315001303834,0.9069068028460804,3.790855407714844e-05,1.4543533325195312e-05,0.910303859501596,0.9244642147473388,1.883506774902344e-05,1.2159347534179688e-05,15.0,1.8335256056476843,1.8255500704194234,0.9102743612022374,0.9459740868872965,0.0,0.0,0.8691209165477939,0.9169533369198182,0.0,0.0,1.0,1.0,1.0,1.0,2.3416406524980746,2.498551951521525,0.0,0.0
303,303.0,0.8583176614987368,0.8355591930742395,6.476300976980079e-16,0.4518010018049224,0.10958617780124764,0.024045511905569524,0.03571180190192527,23.284954781827537,0.13723030213729523,24.356497002504508,0.13788951577011327,0.9752284884189787,0.9217853897213908,3.5822391510009766e-05,1.4543533325195312e-05,0.9794502381520633,0.9892422683498714,1.931190490722656e-05,1.239776611328125e-05,19.0,1.848251500756702,1.7181653024757546,0.8342928169890638,0.829527501535576,0.0,0.0,0.8609542734268879,0.9181232752662258,0.0,0.0,1.0,1.0,1.0,1.0,2.764626421495755,2.6883607143420276,0.0,0.0
304,304.0,0.863404976084563,0.8956659843421073,5.906386491005833e-16,0.4472135954999579,0.025699616526253476,0.0415271166712045,0.024192607670556726,23.80765517055104,0.13751868126648323,25.069535411870497,0.1494705234134816,0.9769314832558409,0.9597336094830624,3.7610530853271484e-05,1.4781951904296877e-05,0.9871074647349648,0.9495878816894749,1.889467239379883e-05,1.2218952178955078e-05,20.0,1.7670814240971335,1.8214197401943477,0.850227442580975,0.8551333431391172,0.0,0.0,0.8091094543413795,0.8095376208270415,0.0,0.0,1.0,1.0,1.0,1.0,1.8863206448827943,1.8504795279740518,0.0,0.0
305,305.0,0.8922088709265414,0.8686087366667219,6.669501552343772e-16,0.414123876566552,0.04638045479077845,0.046050350298173656,0.06379621365340422,29.00396684315107,0.18714093690547645,30.35115959816695,0.1351170882212859,1.000000000109579,1.000000000001134,3.904104232788086e-05,1.4603137969970703e-05,0.9689604155480493,0.9727127732997691,1.943111419677734e-05,1.239776611328125e-05,29.0,1.5074455921831982,1.452529501535655,0.828759321423925,0.8076152226537333,0.25,1.0,0.8581946774911946,0.8381272613947525,0.25,0.25,1.0,1.0,1.0,1.0,1.7714492751570283,1.5830284464142252,0.0,0.0
306,306.0,0.875690707431963,0.8813952193583249,5.622486603280257e-16,0.4111336169005197,0.11542763491161165,0.034795141546055654,0.04726817470509555,29.694810251370757,0.15271799992914703,30.69140285024636,0.19313045456106592,1.0030797557030415,0.9691480131946882,3.933906555175781e-05,1.4841556549072267e-05,0.9876618872168708,1.0000000000011973,2.03251838684082e-05,1.2874603271484377e-05,30.0,1.5864091911517926,1.5239358349671202,0.7499821037266283,0.7959975638522564,1.0,1.0,0.787918651008363,0.8227324175264272,0.25,0.0,1.0,1.0,1.0,1.0,2.1475141725786706,2.095307817541607,0.0,0.0
307,307.0,0.8593520467095539,0.8860795361170518,2.9967348047499343e-16,0.3535533905932737,0.11507863021688533,0.1432922940002754,0.10076884872978552,35.46446786915496,0.248383050522043,38.190700849878404,0.2020052309720698,1.013369239559804,1.0209349719080856,3.8743019104003906e-05,1.5020370483398438e-05,1.057112869800942,1.0089654016520555,2.086162567138672e-05,1.2874603271484377e-05,59.0,0.9673512028293028,0.8570880463278359,0.7582137628404432,0.7689704645715638,1.0,1.0,0.8246720490212749,0.8114677527619871,0.25,0.0,1.0,1.0,1.0,1.0,1.8086278156582987,1.9162774215938754,0.0,0.0
308,308.0,0.8356431112738221,0.8938591907028569,4.462242541281879e-16,0.3521856535823236,0.07844551530433813,0.027752507245168024,0.01934570731827985,36.44081236952642,0.23132329883322827,37.985763078133125,0.30908395412223977,1.0268392816131904,0.9975754526899587,4.035234451293945e-05,1.5079975128173828e-05,1.0047964179978606,1.0099650196637975,2.044439315795898e-05,1.2874603271484377e-05,60.0,0.9577000381054109,0.9066487694581167,0.7622822710098249,0.764088356548666,1.0,1.0,0.7908359897021718,0.780281600840862,1.0,0.25,1.0,1.0,1.0,1.0,2.6922108868072443,2.9671201555099604,0.0,0.0
309,309.0,0.7537078331379637,0.8315165776352634,7.618244659451669e-16,0.3123939936920256,0.11455373116768895,0.014771508227568075,0.025397465680725824,38.66972678761995,0.35257350042013114,41.50322961009716,0.4441389989884318,1.1875847405322577,1.0306646828041996,4.023313522338867e-05,1.531839370727539e-05,1.080575845988624,0.9593067939431232,2.026557922363281e-05,1.2934207916259767e-05,100.0,0.6733654427651241,0.5647317062819598,0.794218536012139,0.7782951077733089,0.25,0.25,0.8370809193667843,0.7931510205153547,0.0,0.0,1.0,1.0,1.0,1.0,1.8611054218199672,1.724524646091469,0.0,0.0
310,310.0,0.7598048585984335,0.8027510544105187,2.1916430934227737e-16,0.3116545944402655,0.1333630402805283,0.13463071931619192,0.11390585295157499,39.33081155708866,0.3488537330914971,41.52205945470677,0.4993731422877637,1.285974067806943,1.0805162967674808,3.9696693420410156e-05,1.5079975128173828e-05,1.1888749150474869,1.0309207447225845,2.0921230316162106e-05,1.2934207916259767e-05,101.0,0.7261652818448082,0.580446123523276,0.7570383912791868,0.7945669196646664,1.0,0.25,0.7919470693743509,0.7881933523733535,0.0,0.0,1.0,1.0,1.0,1.0,2.8807503913844243,2.4121549432038485,0.0,0.0
311,311.0,0.7833478621127112,0.8112988815310818,5.9572942784764504e-18,0.2642783184011844,0.181964241375681,0.012364130641799375,0.0303454005043022,41.38864172652278,0.42810410508623126,44.063975876943886,0.5342155681959696,1.3187383425520611,1.1426132535851194,4.7206878662109375e-05,1.6987323760986328e-05,1.3151363356720869,1.0937595307085366,2.2590160369873047e-05,1.436471939086914e-05,200.0,0.39699247186054176,0.30536906556040266,0.6626084387675385,0.6933488538663722,1.0,1.0,0.6787528462885609,0.6939022620458452,0.0,0.0,1.0,1.0,1.0,1.0,2.6144241146277154,2.5045080488165947,0.0,0.0
312,312.0,0.7796223565308567,0.7917925199159428,0.0,0.2639570067817139,0.0202757909428328,0.0154605045099742,0.0268818293116055,41.599939383738175,0.39544942028080055,44.15953253373748,0.5593016768024539,1.3239546699679825,1.0905919516265528,5.036592483520508e-05,1.6987323760986328e-05,1.3170749774421107,1.144459148568387,2.3543834686279293e-05,1.430511474609375e-05,201.0,0.4026276715356695,0.31561832936858514,0.6597538296084243,0.6581297188003196,1.0,0.25,0.6920963305201349,0.7256927075786538,0.0,0.0,1.0,1.0,1.0,1.0,2.9877819192495587,3.248951226563529,0.0,0.0
313,313.0,0.7274059892057623,0.7849004568152524,9.10018872643571e-18,0.2392902702396961,0.01168087159749115,0.024350433610379675,0.01696472312323745,42.416438760398854,0.42223517944047606,45.64842562581178,0.5713671810663195,1.2573129036884756,1.127547302903929,4.917383193969727e-05,1.7881393432617188e-05,1.3104140036289262,1.0692374509070455,2.759695053100586e-05,1.5497207641601562e-05,300.0,0.29270676693074715,0.21718113964094954,0.6041069255473287,0.6338418960189706,1.0,1.0,0.7353947328796426,0.6543564948387186,0.0,0.0,1.0,1.0,1.0,1.0,3.9247760612248124,3.8526009977033944,0.0,0.0
314,314.0,0.7488684176457747,0.7810665440274053,6.530723674265627e-18,0.2390945316135501,0.0447021047002635,0.06966236443258818,0.09531082544708622,42.34540875208334,0.4321466720846604,45.84733958729779,0.6396244176465999,1.2879303920260146,1.1274668630427174,4.9352645874023444e-05,1.7881393432617188e-05,1.2562506873457728,1.1260080713983789,2.4974346160888672e-05,1.5497207641601562e-05,301.0,0.2917373622109014,0.22052686248937126,0.6374227483333458,0.659371739676281,1.0,1.0,0.7951195966764948,0.6783978697632862,0.0,0.0,1.0,1.0,1.0,1.0,2.7542075337975493,2.7193030860859237,0.0,0.0
315,315.0,0.7133061906717478,0.7350150333291563,2.9379790781284236e-16,0.2229134349921406,0.04718186426907775,0.044669613707810626,0.025583440437912927,42.959287540883416,0.44392979451443104,45.58011544001708,0.5591254339542613,1.2596935661723467,1.1459779745857561,5.08427619934082e-05,1.931190490722656e-05,1.26088503741964,1.1129186477000481,3.081560134887695e-05,1.6510486602783203e-05,400.0,0.23004827648031717,0.16983359809617418,0.5779929706218416,0.5993041348115871,1.0,1.0,0.6231696659236174,0.7039677544193921,0.0,0.0,1.0,1.0,1.0,1.0,3.2732219240790306,3.3095348888619682,0.0,0.0
316,316.0,0.7205556428411323,0.7501611414700909,2.625157890739286e-17,0.222776046060941,0.03721889376174652,0.016075964958872625,0.021975987532641673,42.6449251473956,0.4429458583089068,45.59405725609642,0.547621715838104,1.2432664190196396,1.1183980752147158,4.851818084716797e-05,1.8417835235595703e-05,1.2628364874690567,1.145731943495095,2.777576446533203e-05,1.6689300537109375e-05,401.0,0.2308234559367287,0.17344588510529257,0.5805824466533867,0.6193558784535265,1.0,1.0,0.6068470701556574,0.640101361253889,0.0,0.0,1.0,1.0,1.0,1.0,2.8206831069799576,2.644672374503716,0.0,0.0
317,317.0,0.7009607728025462,0.7328756857595617,1.5284803126151285e-16,0.21094884675911,0.11267886270070446,0.1048580532660707,0.0232397988438606,42.87838219269211,0.39821670545593657,45.49805496531352,0.5480613054445047,1.242481880747755,1.0821919023312931,5.7160854339599616e-05,2.026557922363281e-05,1.2234995919465437,1.095102440108913,3.236532211303711e-05,1.7642974853515625e-05,500.0,0.19309534057754377,0.14261139012451185,0.5094502430013799,0.5729908086304542,1.0,1.0,0.6051381578775162,0.6331549225139529,0.0,1.0,1.0,1.0,1.0,1.0,1.4892011368195328,1.9491771455848035,0.0,0.0
318,318.0,0.7010493209046967,0.7343135633292259,1.431112584608218e-16,0.2108445456905127,0.08036701031960546,0.016673015779815552,0.018182629777584176,42.975975893389474,0.4354635520755753,45.60399269083686,0.5777826219898222,1.2865094321286987,1.0839296383417665,5.418062210083008e-05,2.050399780273437e-05,1.2425390998466206,1.0810743257646942,3.0875205993652344e-05,1.7940998077392578e-05,501.0,0.19699185540671021,0.1441377084849113,0.5085897758070785,0.5917845639813947,1.0,1.0,0.5955843994475435,0.6279962321520101,0.0,0.25,1.0,1.0,1.0,1.0,3.1556155211933046,2.9805310605146587,0.0,0.0
319,319.0,0.6595184924376969,0.6985098337838251,9.863551665058206e-17,0.2016327885267847,0.0514731189468875,0.017102616489864823,0.01574453763896595,43.37054245996155,0.43901119752126405,45.99684187598487,0.5589264699788323,1.2112157710565805,1.0862353511217226,5.364418029785156e-05,2.104043960571289e-05,1.270508171677442,1.0732543076416856,3.057718276977539e-05,1.8596649169921875e-05,600.0,0.17060417351598703,0.12193528174319951,0.4958147946573265,0.5068470291386173,1.0,1.0,0.6716957880188648,0.6531516988528969,0.0,0.0,1.0,1.0,1.0,1.0,2.237708208809455,2.604893802383377,0.0,0.0
320,320.0,0.6596919667271985,0.7107656508123902,1.4610608286114892e-16,0.2015495551598151,0.0237453738227486,0.13052199140656737,0.053922803606837974,42.97721638501611,0.41063223429592743,46.10067900451509,0.494616869196824,1.1356292539958708,1.0576715277626823,5.972385406494141e-05,2.1219253540039062e-05,1.21336521180361,1.0871469697649778,2.9265880584716797e-05,1.883506774902344e-05,601.0,0.17500473404567318,0.12302503313474125,0.5186091463482028,0.5293985403517666,1.0,1.0,0.5991850178471627,0.6065256635579902,0.25,0.0,1.0,1.0,1.0,1.0,2.6593027454462144,3.143402123042992,0.0,0.0
321,321.0,0.6453314205428171,0.6642864309765948,7.275504076266983e-17,0.1940674595539795,0.0398591630510054,0.08556915767258028,0.07510781870223579,43.344004488034116,0.4489215367903848,45.98476626282395,0.5069108703537505,1.180149673448879,1.085093960719319,6.115436553955078e-05,2.199411392211914e-05,1.1124851226177526,1.0474989909321966,3.606081008911133e-05,1.9848346710205078e-05,700.0,0.1547543545603678,0.10671650757801301,0.5166464249541964,0.5481068135505288,1.0,0.25,0.5483124507949589,0.5689649099131562,0.0,0.0,1.0,1.0,1.0,1.0,1.944561239315773,2.092210223440066,0.0,0.0
322,322.0,0.6329082069022709,0.6900825395019848,1.78524176870497e-16,0.1939987022501673,0.06709690036950627,0.12952449993463228,0.0272606622893363,43.217618328101054,0.44268693750290866,45.980115459535895,0.5105904741536805,1.1821110155825263,1.0975128893990738,5.8591365814208984e-05,2.2470951080322266e-05,1.1802488869190166,1.0847595357278954,3.147125244140625e-05,1.9848346710205078e-05,701.0,0.15600418963965956,0.10750509943196018,0.5098791167535649,0.5259500709366469,1.0,1.0,0.5548309468054337,0.5679629047379225,0.0,0.0,1.0,1.0,1.0,1.0,2.6137382367513085,2.6535383458383306,0.0,0.0
323,323.0,0.6032473895979276,0.6652590161859667,1.6767125989913468e-16,0.1877374998302472,0.02152793161803855,0.02213087945710865,0.01752921222941945,43.43253679895672,0.4249784901844293,46.786280061242536,0.6500177858499661,1.2706533597193475,1.0592670855273894,5.984306335449219e-05,2.318620681762695e-05,1.1552064030137768,1.076429431924362,3.17692756652832e-05,2.050399780273437e-05,800.0,0.14309380374643083,0.09482918255263355,0.46425787190356255,0.5090685822754137,1.0,1.0,0.6650605654033958,0.6734932083840678,0.0,0.0,1.0,1.0,1.0,1.0,2.898693109714223,2.9334110331919647,0.0,0.0
324,324.0,0.6028928422406298,0.6633479951641481,1.7342069330062927e-16,0.1876792414834878,0.028800160391256175,0.05260428570909423,0.0294371231575496,43.49851030151688,0.442870086687687,46.814015358111234,0.6485008781254055,1.2697046612988734,1.0843860066127309,5.8650970458984375e-05,2.288818359375e-05,1.2706118898249243,1.058539492736688,3.36766242980957e-05,2.0742416381835938e-05,801.0,0.14291563635322463,0.09537195191256197,0.5111260515034057,0.48861179479273353,1.0,1.0,0.6644940972510027,0.672919304638177,0.0,0.0,1.0,1.0,1.0,1.0,3.0723002206770915,2.952398826848615,0.0,0.0
325,325.0,0.5746051108345698,0.639243695336341,2.346496232432893e-16,0.1823214873944557,0.06025142763974142,0.1563228189479559,0.1425352669903077,43.56736909085214,0.4367699559873361,46.37870450674771,0.5634994003901219,1.1641893950631577,1.0811047790539974,6.61015510559082e-05,2.47955322265625e-05,1.2650883048942192,1.0768544314319448,3.4868717193603516e-05,2.264976501464844e-05,900.0,0.13403306764700668,0.0853494033955612,0.4961443754700776,0.49585124342537157,1.0,1.0,0.6326091240213243,0.6910782396733599,0.0,0.0,1.0,1.0,1.0,1.0,2.658302137478909,2.5913063676626837,0.0,0.0
326,326.0,0.5756300337551938,0.6442658608189635,1.6543058313951006e-16,0.1822711570963842,0.03125182667281477,0.014218168973457025,0.015171024715527826,43.56063729061313,0.434940049930974,46.38618050315127,0.5903943453244123,1.1862761103521353,1.0651402195392865,6.347894668579102e-05,2.4676322937011715e-05,1.1634502757976874,1.0804247988547713,3.445148468017578e-05,2.1755695343017578e-05,901.0,0.13388559535400857,0.08637146721685023,0.46831352634722007,0.5040766464034804,1.0,1.0,0.6976728729364712,0.7453515870996283,0.0,0.0,1.0,1.0,1.0,1.0,1.8824685780058508,1.7792281185224206,0.0,0.0
327,327.0,0.5738977999925098,0.6210246962999365,6.909895541323736e-17,0.1776063481236681,0.0528715418186038,0.015210160578135375,0.0147527067456394,43.79319300180996,0.4471447512971057,46.6494516397687,0.6338986961970374,1.2246604135589256,1.0399821331086172,6.264448165893555e-05,2.6047229766845703e-05,1.1678511841362549,1.0521450566194042,3.838539123535156e-05,2.312660217285156e-05,1000.0,0.12501118359001637,0.07866889998876408,0.4669619649266218,0.47424916116174387,1.0,1.0,0.6409912030557998,0.6788158883794706,0.0,0.0,1.0,1.0,1.0,1.0,2.3225656588819072,2.465645331304696,0.0,0.0
328,328.0,0.5712650666515189,0.625226898440397,2.7843863728919186e-16,0.1775621948951171,0.01459550508297975,0.0294363503926433,0.0797890743706375,43.73634051337228,0.43623345447851003,46.59595611465674,0.576817727223374,1.1977495415923594,1.0510290304370193,6.783008575439453e-05,2.5570392608642578e-05,1.223945423262101,1.0394668390736306,4.148483276367188e-05,2.372264862060547e-05,1001.0,0.12488720582227537,0.07892339444893531,0.4894776595135889,0.516535069409433,1.0,1.0,0.5564538686364937,0.6260669293034323,0.0,0.0,1.0,1.0,1.0,1.0,2.8556574885401242,2.51367858432649,0.0,0.0
329,329.0,0.5839004018185229,0.6140893558865472,1.6854290713200905e-16,0.1734440597997214,0.03711186366854233,0.0152657030266709,0.024371640698518524,43.76806641892821,0.43490984190835846,46.76649414387337,0.5181259088826795,1.0805191907019127,1.020899256123554,7.081031799316406e-05,2.6106834411621094e-05,1.1842930631509994,1.044890551733351,3.981590270996094e-05,2.4616718292236328e-05,1100.0,0.11707149182567843,0.07224081857076996,0.4656348032845989,0.48915558542745086,1.0,1.0,0.5497987189789559,0.5845861168320805,0.0,0.0,1.0,1.0,1.0,1.0,3.1828034614617224,2.8065843977418834,0.0,0.0
330,330.0,0.5840120527579231,0.6236986241776629,5.789521966117169e-17,0.173404841242144,0.014672101591713699,0.01489889592630785,0.03877417236799367,43.78932651260635,0.4396307635499126,46.76724963687281,0.519956565792812,1.0852703774514694,1.0450167862674322,6.973743438720703e-05,2.8848648071289062e-05,1.0808025212129186,1.0213288754561247,4.3332576751708984e-05,2.4378299713134762e-05,1101.0,0.11696521293525265,0.07275011094261277,0.4429441265396681,0.487148203771974,1.0,1.0,0.5556624333967792,0.5959425140543952,0.0,0.0,1.0,1.0,1.0,1.0,3.0969008307407893,2.9326940568347224,0.0,0.0
331,331.0,0.5796099122813081,0.6026761139648804,1.6459862518612799e-16,0.1697279001690172,0.14197307411814108,0.027659669518470723,0.02236268238630145,43.77543474538982,0.45153089695229,46.6296913597989,0.5501188530986847,1.122328120968334,1.0329749422998145,6.902217864990234e-05,2.8967857360839844e-05,1.075097349213178,1.03603341356903,4.923343658447266e-05,2.5510787963867188e-05,1200.0,0.1111867020639699,0.06697451833849592,0.448192282352472,0.47458453778692933,1.0,1.0,0.5511121863698782,0.5675046228825272,0.0,0.0,1.0,1.0,1.0,1.0,1.9976770256717797,1.7957073186446855,0.0,0.0
332,332.0,0.5778003675838517,0.609713364956243,1.3049263162571803e-16,0.1696927051644982,0.018041237955912875,0.024570234643761,0.1141127218725159,43.88031431911216,0.45463388393084386,46.625435105878225,0.5872836653825896,1.1629371828307702,1.043878411233075,7.462501525878906e-05,2.855062484741211e-05,1.1224598056622617,1.0324650542262312,4.661083221435547e-05,2.586841583251953e-05,1201.0,0.11109433668623495,0.06727030237079197,0.45998557833059284,0.4764169017910441,1.0,1.0,0.5782094948486095,0.5974234119363642,0.0,0.0,1.0,1.0,1.0,1.0,3.687668130218646,4.136047116946793,0.0,0.0
333,333.0,0.5534669199496194,0.5991378258380755,1.689238860434449e-16,0.1680450080670213,0.07198931486345825,0.021316945727448876,0.12240770529024297,43.77243922202031,0.4336807929537818,46.32273021445981,0.4922224418122006,1.0604118073780486,1.0127397537358278,7.581710815429688e-05,2.759695053100586e-05,1.1568491078976477,1.0384729772294028,4.2319297790527344e-05,2.562999725341797e-05,1249.0,0.1101832809674982,0.06511760462057944,0.45980321666426377,0.4825746685440884,1.0,1.0,0.5169025502616346,0.568413324329008,0.0,0.0,1.0,1.0,1.0,1.0,3.2859827426752286,2.629556227052798,0.0,0.0
334,334.0,0.5565515130998826,0.5922618120860638,1.1456086190355198e-16,0.1680115229586406,0.017962255282327498,0.03937231720192352,0.0963432947755791,43.83915227319074,0.451860381622356,46.25151702568948,0.4745231119095654,1.043160168345531,1.0354409786508234,7.30752944946289e-05,2.79545783996582e-05,1.0601241956393679,1.0127948123127744,4.1961669921875e-05,2.5928020477294922e-05,1250.0,0.11009535951047053,0.0654547326926506,0.46377771826644343,0.48567687958731065,1.0,1.0,0.5025194448648627,0.5001859416373159,0.0,0.0,1.0,1.0,1.0,1.0,3.0705649434823172,3.2403325486158927,0.0,0.0
335,335.0,0.5606622893547236,0.6021836049302814,6.031786394323647e-17,0.1663785641779412,0.15721278236014763,0.0435258961515501,0.07158973091281948,43.887928982595966,0.4853030922234136,46.544317293220814,0.5104579801997307,1.0719814691100944,1.0665356963841055,7.337331771850586e-05,2.9325485229492188e-05,1.0382762427223475,1.0326445304672982,4.297494888305664e-05,2.700090408325195e-05,1300.0,0.11048224821490013,0.0631615712675871,0.47703727654566486,0.49193033822067755,1.0,0.0,0.5215374477933516,0.5484549250898394,0.0,0.0,1.0,1.0,1.0,1.0,2.998073857102616,3.360916779964479,0.0,0.0
336,336.0,0.5682341292525614,0.5992392999134152,3.616300724927577e-16,0.1663467061460018,0.01982118142768735,0.015587332309223649,0.03253717673942437,43.930400548990264,0.4374176387647885,46.551189758487425,0.4787525979259708,1.0562216222612373,1.0114050745871814,7.444620132446289e-05,2.9146671295166016e-05,1.0723761082412313,1.0673009756641314,4.076957702636719e-05,2.652406692504883e-05,1301.0,0.1103980880739097,0.06329270918839446,0.4743749616841275,0.4813590485274493,1.0,1.0,0.5073744886874694,0.5208980462540159,0.0,0.0,1.0,1.0,1.0,1.0,2.2584785974396233,2.346569321351294,0.0,0.0
337,337.0,0.5529947947046899,0.5820318663943902,4.2856189139178193e-16,0.1633356250963347,0.014014976390171725,0.01612514152657235,0.019541250891052152,43.89502752425577,0.4380751298192151,46.616573860307284,0.4895110469424464,1.0427597103507915,1.0022913231159867,8.064508438110352e-05,3.5822391510009766e-05,1.0463293923197687,1.0083519562798204,4.976987838745117e-05,2.8371810913085938e-05,1400.0,0.1043766964085413,0.059355873921392854,0.45823964917747617,0.45655844487010305,1.0,1.0,0.4894931836923436,0.5341627950042291,0.0,0.0,1.0,1.0,1.0,1.0,3.6348294191999804,3.5601536005467813,0.0,0.0
338,338.0,0.5528253662192067,0.5860631436746445,6.159132000054211e-17,0.1633065747394551,0.019795917090959826,0.015456353023182575,0.04102613945724435,43.88880275246798,0.4373965410186416,46.61855124795552,0.48951452285378905,1.0425955292263434,1.002003850302058,8.100271224975586e-05,3.0994415283203125e-05,1.042633462827511,1.0023360072525906,4.9591064453125e-05,2.807378768920898e-05,1401.0,0.10430226093195817,0.059813616028452275,0.45800124181099144,0.48236476924961247,1.0,1.0,0.48949318369212796,0.533615841588402,0.0,0.0,1.0,1.0,1.0,1.0,3.315831518227921,3.360782144590556,0.0,0.0
339,339.0,0.5474155342824145,0.5652040352340734,1.5870874354681426e-17,0.160578738183079,0.07032595929922529,0.06524917995557188,0.03594277630327265,43.85484858478565,0.4591467291879573,46.59348398911195,0.5605283150047055,1.1391885378924114,1.0159520114568594,7.700920104980469e-05,3.629922866821289e-05,1.0310421650626447,0.9954531766932009,5.27501106262207e-05,3.0100345611572266e-05,1499.0,0.0995881900545303,0.0561687706699018,0.4862939270370672,0.49201466055049936,1.0,1.0,0.5417071944617582,0.5999294936642577,0.0,0.0,1.0,1.0,1.0,1.0,1.7564019423718564,1.7202188179214235,0.0,0.0
340,340.0,0.547393455502007,0.5769411947318741,1.9613325360279966e-16,0.1605520573251036,0.04565542191267008,0.06332798051880667,0.0194207173772156,43.82012276110315,0.4440561950811051,46.58748916244453,0.5606050587819048,1.1397841750685587,1.0021553408572035,7.510185241699219e-05,3.170967102050781e-05,1.1397343555298662,1.0157043940435297,4.9233436584472656e-05,2.8789043426513672e-05,1500.0,0.09993063724585399,0.0564633000195984,0.444193172415777,0.49596006864948516,1.0,1.0,0.5416384942472956,0.6007165853393053,0.0,0.0,1.0,1.0,1.0,1.0,2.1495226177173317,2.441665558468158,0.0,0.0
341,341.0,0.547524185827069,0.5761486599713441,2.0357774784212282e-16,0.1605253986181117,0.019779309106525,0.0161335760494694,0.024067591526545525,43.81865782701752,0.44316383024865696,46.49012372081701,0.5840365061641773,1.1527259927877382,0.999601497482625,7.784366607666016e-05,3.1828880310058594e-05,1.1393042914812652,1.0017498557170554,4.5180320739746094e-05,2.962350845336914e-05,1501.0,0.09986464874945147,0.05665833199229363,0.44751567418667804,0.469203260857334,1.0,1.0,0.5711476934948525,0.6153422846482897,0.0,0.0,1.0,1.0,1.0,1.0,3.0534443026153237,3.735677699211143,0.0,0.0
342,342.0,0.5490837994089551,0.5657300016027828,2.848534838259436e-16,0.1579905972359301,0.030599242367316,0.016575201123487173,0.017369400127790827,43.89869651250259,0.4419947369100022,46.894217021149906,0.532857178497483,1.103190101020774,0.9852265496635673,8.165836334228516e-05,3.218650817871094e-05,1.1466501071288753,0.9893328198423411,4.9293041229248054e-05,3.033876419067383e-05,1600.0,0.09511613350599513,0.05339920137391735,0.4584689986600667,0.4784899381168101,1.0,1.0,0.506967293148079,0.520585409792954,0.0,0.0,1.0,1.0,1.0,1.0,3.35874666540424,3.6791407260577054,0.0,0.0
343,343.0,0.5481928572447589,0.5721230557098891,1.8872408824574577e-17,0.1579659976871525,0.04159791691927238,0.031678999890573274,0.018052824889309652,43.9168969735092,0.4378792729109197,46.88867502122289,0.5400319706591706,1.1033394158851637,0.9832036527902298,7.390975952148438e-05,3.504753112792969e-05,1.1028705876959795,0.9848556606589844,4.8279762268066406e-05,3.0219554901123047e-05,1601.0,0.09505672603333795,0.05376010710047738,0.45845008862473885,0.4749797625890581,1.0,1.0,0.5560376014596641,0.5848758441934094,0.0,0.0,1.0,1.0,1.0,1.0,2.3991014201204246,2.1633885561569914,0.0,0.0
344,344.0,0.533565758673165,0.5506086089475424,2.0444708161682316e-16,0.1556212517133317,0.0658224629005417,0.03477002744330088,0.054494284966494874,43.90927793568815,0.45487553381769974,46.520043012955895,0.5137068379587235,1.0378721699149758,0.9929240826399558,8.314847946166992e-05,3.3915042877197266e-05,1.0918989187904127,0.9776272160450123,5.626678466796875e-05,3.1888484954833984e-05,1700.0,0.09221662485507308,0.050883535940242273,0.4507655259418543,0.49167122129057134,1.0,1.0,0.49433100710393085,0.5222481668822974,0.0,0.0,1.0,1.0,1.0,1.0,2.3447958942784086,2.069552761018997,0.0,0.0
345,345.0,0.5333207086283882,0.5597354658745208,1.2771469436265355e-17,0.1555984417088036,0.018960155779495773,0.02630970429163425,0.024466464703436875,43.91838369228881,0.45452243030926726,46.76168870228022,0.5139171678031134,1.03792466427069,0.9994999592857537,8.314847946166992e-05,3.814697265625001e-05,1.0376555655030693,0.9927669588090566,5.59687614440918e-05,3.153085708618164e-05,1701.0,0.092162647088998,0.0509862862472,0.4586312852819051,0.5046642079272319,1.0,1.0,0.4918749957847073,0.5226781532872598,0.0,0.0,1.0,1.0,1.0,1.0,1.5733716828915503,1.7157224304460306,0.0,0.0
346,346.0,0.536944818690164,0.5516843819952744,5.747334699883934e-17,0.1545228119729783,0.0344991357997059,0.0458140349364839,0.09772561903810126,43.928503806875014,0.44274802397761265,46.74414521987746,0.5311954270282059,1.0606008457639133,0.9829205294173434,8.52346420288086e-05,3.457069396972656e-05,1.0352737720569385,0.9934863571209163,5.7220458984375e-05,3.224611282348633e-05,1749.0,0.0923339136021227,0.049739274213844095,0.4278374044834034,0.4656471249955004,1.0,1.0,0.5421471659526116,0.5843988043149403,0.0,0.0,1.0,1.0,1.0,1.0,3.366917494644707,3.2754533763674,0.0,0.0
347,347.0,0.5356903532755103,0.5531812411084973,2.83091056136614e-18,0.1545007954714616,0.1534604830667376,0.03567360073793675,0.026528224640060175,43.99622839040576,0.4522623683720187,46.7969012379572,0.5498397954829946,1.0863815793960534,0.9940443594627734,8.511543273925781e-05,3.355741500854492e-05,1.0602157083325556,0.9828823272591872,5.340576171875e-05,3.24249267578125e-05,1750.0,0.09310949798409071,0.04993521462498773,0.46457471366775605,0.48703918789240125,1.0,1.0,0.5639018022795752,0.6175344232269163,0.0,0.0,1.0,1.0,1.0,1.0,2.91921496619781,3.0772829076320716,0.0,0.0
348,348.0,0.5421557560621677,0.549940167410745,1.4168414056642926e-16,0.1534195478349891,0.1192988187540322,0.06348183698719365,0.02605779166333375,43.98004373996504,0.44861377553645926,46.40364307819239,0.4626466133538553,1.0042859428831634,0.9968051890060432,8.851289749145508e-05,3.540515899658203e-05,1.0818325893864664,0.9862950286248277,5.173683166503906e-05,3.272294998168945e-05,1800.0,0.09271903398910022,0.048738202274917174,0.44650286991539495,0.4840703965035784,1.0,0.25,0.4510178792758334,0.4768700464037884,0.25,0.25,1.0,1.0,1.0,1.0,2.280161390184542,2.1514636859727947,0.0,0.0
349,349.0,0.5418526565703563,0.5571329574251483,1.707751695685872e-16,0.1533983059448525,0.09053046884946522,0.04121507739182555,0.0204264904023148,44.04179015525891,0.4503188121679099,46.421881144765116,0.4612288821822521,1.0028086355687538,0.9852090435958183,8.386373519897461e-05,3.516674041748047e-05,1.003992354232531,0.9964720149445198,6.29425048828125e-05,3.314018249511719e-05,1801.0,0.09266766029280832,0.04886689495920165,0.45709270887850284,0.47295916840961655,1.0,0.25,0.45024730676524616,0.4767716462116979,0.0,0.0,1.0,1.0,1.0,1.0,2.1503550605537107,2.3124922980619207,0.0,0.0
350,350.0,0.5274648329116114,0.5470583840763954,4.749773044984266e-18,0.151365275258613,0.06630777323152867,0.05541692877886815,0.026502699765842352,43.97566234752131,0.44723567439815426,46.53939558008995,0.48845210639977543,1.0111756717092169,0.9864496215060876,8.815526962280273e-05,3.695487976074219e-05,0.9932813048286633,0.9807042129916375,6.914138793945312e-05,3.463029861450195e-05,1900.0,0.0898647743091222,0.046448969479300675,0.43747509131292817,0.4679432679920614,1.0,1.0,0.49826348336328896,0.5290212894138256,0.0,0.0,1.0,1.0,1.0,1.0,2.5365601453352435,2.907641440600419,0.0,0.0
351,351.0,0.5269945897248929,0.5430398275648014,1.6555778550581586e-16,0.1513454175638258,0.012377003848087025,0.0513625536113977,0.046095825266093,43.969890454277554,0.4581865407312944,46.54149492500754,0.48851405973259193,1.0111352291201483,1.0018022148685009,8.64267349243164e-05,3.725290298461915e-05,1.011101295461176,0.9870437252410115,5.710124969482422e-05,3.3855438232421875e-05,1901.0,0.09079609349256297,0.04658264042058347,0.431550641334164,0.47262910789006046,1.0,0.0,0.4982634833632116,0.529021289416367,0.0,0.0,1.0,1.0,1.0,1.0,3.052425641996596,2.744455503223526,0.0,0.0
352,352.0,0.5205498485681839,0.5443653103173938,5.4597045447509567e-17,0.1494602040023983,0.04354450909886504,0.036469490674789974,0.020832571841310675,43.90759594960494,0.4551065933717876,46.60927095585205,0.5016995235718779,1.0185132363582623,0.9811189130529921,9.828805923461915e-05,4.83393669128418e-05,1.00140855331167,0.9922389031033213,6.651878356933594e-05,3.618001937866211e-05,1999.0,0.08852976506200314,0.04441367619426175,0.44594788750340886,0.4821422063192177,1.0,0.25,0.5144494853951135,0.48029992120542514,0.0,0.0,1.0,1.0,1.0,1.0,3.0322586950974855,3.432169462543216,0.0,0.0
353,353.0,0.5259038495994458,0.5371991403121699,2.4240792249639797e-16,0.1494415645801985,0.013606168446131,0.13386259530670935,0.021432459878269576,43.9881697515674,0.44451822387362844,46.380646543294425,0.5013782375300068,1.0181399022827424,0.9624575177294727,9.185075759887695e-05,4.082918167114258e-05,1.0182856888805532,0.9810841804823873,5.805492401123047e-05,3.534555435180664e-05,2000.0,0.0902045381232836,0.044588537656647574,0.45058664285724415,0.46409715313295763,1.0,1.0,0.5122036788610064,0.4802980545030975,0.0,0.0,1.0,1.0,1.0,1.0,1.8409719429179192,1.4526313035132228,0.0,0.0
354,354.0,0.49108043259406575,0.4910804325940662,0.0,0.4681182134834953,0.07891502889106045,0.0111224396387115,0.006760410149581675,5.165584852089615e-32,0.0,5.165584852089615e-32,0.0,0.49108043259406575,0.4910804325940662,4.273653030395508e-05,1.4662742614746094e-05,1.0,1.0,1.9013881683349613e-05,1.1920928955078123e-05,0.0,2.4777073866335644,2.6310763151515815e-08,0.8861583018115429,0.9414113180833077,0.0,0.0,0.8861583018115282,0.9414113180833082,0.0,0.0,0.0,0.0,0.0,0.0,4.350294384723258,4.30738539083537,0.0,0.0
355,355.0,0.5110153839611149,0.511015383961115,0.0,0.4472601729723907,0.15761219128035003,0.016803998209070376,0.0116531527601182,7.332765207964496e-32,0.0,4.3046540434080123e-32,0.0,0.5110153839611149,0.511015383961115,3.653764724731445e-05,1.436471939086914e-05,0.5818507345020723,0.58185073450207,1.8656253814697266e-05,1.2159347534179688e-05,1.0,3.173218284079234,2.062793037390336,0.9296374262346246,0.9457588612311156,0.0,0.0,0.9296374262346278,0.9457588612311194,0.0,0.0,0.0,0.0,0.0,0.0,4.237005086096188,4.198737638799104,0.0,0.0
356,356.0,0.6418910377665413,0.641891037766545,1.208909515702948e-15,0.404145188432738,0.1044391803443431,0.030347705236636026,0.08483450300991528,8.038482805637384e-32,0.0,2.869769362272008e-32,0.0,0.6418910377665413,0.641891037766545,4.088878631591797e-05,1.436471939086914e-05,0.7968088396524488,0.7968088396524524,1.8596649169921875e-05,1.3530254364013672e-05,4.0,2.8071276908606166,2.371098066740507,0.8659749123471374,0.9070471475167083,0.0,0.0,0.8659749123471429,0.9070471475168127,0.0,0.0,0.0,0.0,0.0,0.0,1.7687327427454467,1.916177179595198,0.0,0.0
357,357.0,0.6592222647079785,0.6592222647079786,9.547918011776346e-16,0.3936389276332443,0.23231052467599508,0.19600153027568012,0.012285735399927899,6.495995605066376e-32,0.0,2.582792426044807e-32,0.0,0.6592222647079785,0.6592222647079786,3.62396240234375e-05,1.4066696166992188e-05,0.66616525722043,0.6661652572204264,1.9073486328125e-05,1.239776611328125e-05,5.0,2.533031821353872,2.366788275839701,0.894483110160182,0.8928759080301456,0.0,0.0,0.894483110160182,0.8928759080301456,0.0,0.0,0.0,0.0,0.0,0.0,1.5365869816138527,1.4245414634138964,0.0,0.0
358,358.0,0.6336499974144829,0.6225519633248335,3.0134624954111393e-16,0.3618812077700193,0.15581026283325625,0.30048457591328764,0.0162848295294679,9.317782908456744,0.0560156118020979,9.921547444950914,0.06060251507758582,0.6977826150255614,0.7078264759766496,3.4809112548828125e-05,1.4543533325195312e-05,0.7270669530522657,0.7270669530522503,1.889467239379883e-05,1.1980533599853514e-05,9.0,2.0653199194626684,1.846308814540379,0.8511251700062477,0.8383493979398823,0.0,0.0,0.8436692221303639,0.8278400690701134,0.0,0.0,0.0,0.0,0.0,0.0,3.161702269859854,3.559124229886761,0.0,0.0
359,359.0,0.6723990576623222,0.6525925371464679,9.3443771239284e-16,0.3556929237082303,0.017396773851942226,0.0695856374222785,0.07542986772023137,11.390240145882393,0.08474185735275486,11.61462932325364,0.085445609902102,0.7460736282062131,0.7536153427393639,4.029273986816406e-05,1.4543533325195312e-05,0.7474302087701555,0.7322050181237273,1.937150955200195e-05,1.2636184692382812e-05,10.0,1.9560700816897514,1.9527196585970317,0.8926928139033466,0.874918780389941,0.0,0.0,0.8529990462622985,0.8543470735315126,0.0,0.0,0.0,0.0,0.0,0.0,2.493470819302139,2.3755714020985406,0.0,0.0
360,360.0,0.6655189727713999,0.6225747298880728,1.0503294140861677e-15,0.3352815378105022,0.32998805382521823,0.06415866484167047,0.08535898209083823,17.202799554759096,0.16911739689187053,18.67305274094603,0.14862593647629277,0.7627977802308176,0.7996876518933382,3.8683414459228516e-05,1.430511474609375e-05,0.8145545949470198,0.834989354424615,1.9669532775878906e-05,1.2636184692382812e-05,14.0,1.8800616751843342,1.6965553878469373,0.7914842727853897,0.8207881567443182,0.0,0.0,0.8318666717389094,0.9023557842338448,0.0,0.0,0.0,0.0,0.0,0.0,2.5529190302127462,2.72243060359409,0.0,0.0
361,361.0,0.6221593295692137,0.6338844057473276,5.745404152435186e-16,0.3310095631511115,0.06789527175715188,0.1165539710782468,0.058149949647486154,18.757311550979626,0.14014938189813095,19.923091225104464,0.14564863894685923,0.7676078550749961,0.8169316912526168,3.653764724731445e-05,1.430511474609375e-05,0.7822695950302799,0.8370794447384037,1.913309097290039e-05,1.2159347534179688e-05,15.0,1.8298530525137813,1.8218775172855202,0.8081223584063738,0.8491987087591262,0.0,0.0,0.8430149259122354,0.9011570723274078,0.0,0.0,0.0,0.0,0.0,0.0,2.3416406524980746,2.498551951521525,0.0,0.0
362,362.0,0.6373661050852408,0.6895310391302393,6.476300976980079e-16,0.3162607012634457,0.06845709559274835,0.026086451951414277,0.01448275533039115,23.284954781827537,0.19319457363696518,24.356497002504508,0.18722517913627984,0.8161281774814149,0.8544153168460573,4.13060188293457e-05,1.436471939086914e-05,0.8236838431745463,0.923853423582446,1.9073486328125e-05,1.2099742889404295e-05,19.0,1.8449974112091292,1.714911212928182,0.878739575853592,0.8799968122744095,0.0,0.0,0.8017179653942118,0.9153424340027768,0.0,0.0,0.0,0.0,0.0,0.0,2.764626421495755,2.6883607143420276,0.0,0.0
363,363.0,0.6507922946238835,0.6844951617250217,5.906386491005833e-16,0.3130495168499705,0.05809725518338375,0.03631359332939603,0.06404130073497068,23.80765517055104,0.18830438088595997,25.069535411870497,0.1832012506551451,0.847213062663989,0.8592639518378493,4.00543212890625e-05,1.4603137969970703e-05,0.8643666884376853,0.8548287435243993,1.9073486328125e-05,1.239776611328125e-05,20.0,1.763916756818898,1.8182550729161124,0.8013899156025011,0.8476383471684491,0.0,0.0,0.7823563373079104,0.8139141406436904,0.0,0.0,0.0,0.0,0.0,0.0,1.8863206448827943,1.8504795279740518,0.0,0.0
364,364.0,0.6961959249205718,0.6901630220733908,6.669501552343772e-16,0.2898867135965864,0.028640233678743198,0.13169234903762114,0.0712025637039914,29.00396684315107,0.2501859410875741,30.35115959816695,0.24603945265366625,0.897233265175065,0.931745064550028,4.154443740844727e-05,1.4543533325195312e-05,0.8686062404727406,0.9311194226242527,2.0265579223632812e-05,1.245737075805664e-05,29.0,1.5048994278990993,1.449983337251556,0.8098512335172682,0.7908638543795802,0.0,0.0,0.7884675487326109,0.7916302344070112,0.0,0.0,1.0,1.0,1.0,1.0,1.7714492751570283,1.5830284464142252,0.0,0.0
365,365.0,0.6824083012268682,0.6906185303865502,5.622486603280257e-16,0.2877935318303637,0.16131664521526543,0.16844547726213932,0.09873834450263527,29.694810251370757,0.2289263513509834,30.69140285024636,0.26104175167005605,0.9286050066015721,0.9024899830467092,4.011392593383789e-05,1.4781951904296877e-05,0.9136234989747991,0.9649809368802109,1.9788742065429688e-05,1.239776611328125e-05,30.0,1.5839162232026707,1.5214428670179987,0.7384022706869774,0.8012784693303048,0.0,0.0,0.7737287340671533,0.7887254908705223,0.0,0.0,1.0,1.0,1.0,1.0,2.1475141725786706,2.095307817541607,0.0,0.0
366,366.0,0.6739068971473172,0.7288636596572843,2.9967348047499343e-16,0.2474873734152916,0.060057713417336275,0.10603725217515603,0.060497808328364,35.46446786915496,0.3569182915532968,38.190700849878404,0.4368955249311727,1.0596949789732233,0.9911972741062964,4.172325134277344e-05,1.5079975128173828e-05,1.001198166332917,0.9373335695717672,2.038478851318359e-05,1.2695789337158203e-05,59.0,0.965775268257387,0.8555121117559201,0.7189344989753268,0.708888397950218,0.0,0.0,0.7695884830320091,0.7268789882901011,0.0,0.0,1.0,1.0,1.0,1.0,1.8086278156582987,1.9162774215938754,0.0,0.0
367,367.0,0.6468621620684634,0.7338535057476139,4.462242541281879e-16,0.2465299575076265,0.09864798956550655,0.03963189077330745,0.02398125512991095,36.44081236952642,0.340096065610573,37.985763078133125,0.4333288261513557,1.0189695598231774,1.0006226547186459,4.1961669921875e-05,1.5079975128173828e-05,1.0480086608574242,0.98545093059891,2.0563602447509762e-05,1.2695789337158203e-05,60.0,0.9561432119510136,0.9050919433037194,0.7261849713516337,0.6973081556707695,0.0,0.0,0.7686579665964459,0.7537133222617042,0.0,0.0,1.0,1.0,1.0,1.0,2.6922108868072443,2.9671201555099604,0.0,0.0
368,368.0,0.5922783767613417,0.6762323244924904,7.618244659451669e-16,0.2186757955844179,0.04112443712074305,0.0597080212901346,0.023708257067482825,38.66972678761995,0.41889281915074233,41.50322961009716,0.507801636914843,1.0781398634434525,1.0429708228370609,4.267692565917969e-05,1.6510486602783203e-05,1.0311267092954475,0.9958528387452505,2.044439315795898e-05,1.3113021850585938e-05,100.0,0.6723069883751704,0.563673251892006,0.6641001417266985,0.7032787737805726,0.0,0.0,0.7490943094120529,0.7943804205260158,0.0,0.0,1.0,1.0,1.0,1.0,1.8611054218199672,1.724524646091469,0.0,0.0
369,369.0,0.597555816394489,0.6586941379018612,2.1916430934227737e-16,0.2181582161081858,0.015092410554643625,0.012449683272279775,0.0226699308259412,39.33081155708866,0.37907225177591763,41.52205945470677,0.5503935857657338,1.1187069395736204,1.0174524282971937,4.225969314575195e-05,1.531839370727539e-05,1.0714074162793625,1.0404051330123458,2.0563602447509762e-05,1.3172626495361328e-05,101.0,0.7251150297549961,0.5793958714334637,0.6729684981693649,0.7155191976866542,0.0,0.0,0.7360479525532633,0.8081353177324213,0.0,0.0,1.0,1.0,1.0,1.0,2.8807503913844243,2.4121549432038485,0.0,0.0
370,370.0,0.5794327507982732,0.6021724604036574,5.9572942784764504e-18,0.184994822880829,0.0129880073945969,0.011956442089285625,0.036854854202829246,41.38864172652278,0.4610110541433413,44.063975876943886,0.5122024657884887,1.0935368988826233,1.0350823652788703,4.839897155761719e-05,1.71661376953125e-05,1.1851420266559947,1.021308741203065,2.431869506835937e-05,1.4662742614746094e-05,200.0,0.396388797253713,0.30476539095357397,0.5384063794473775,0.5402494788803418,0.0,0.0,0.6404743097510117,0.667508205603752,0.0,0.0,1.0,1.0,1.0,1.0,2.6144241146277154,2.5045080488165947,0.0,0.0
371,371.0,0.5716931914907445,0.5911901019189456,0.0,0.1847699047471997,0.03572179254842918,0.03873693820787592,0.0417381915613077,41.599939383738175,0.4442097426196694,44.15953253373748,0.5248120048958382,1.0860533626485809,1.0156002181701358,4.7087669372558594e-05,1.6987323760986328e-05,1.09702009389085,1.032612059752474,2.3663043975830078e-05,1.4603137969970703e-05,201.0,0.40202650822151886,0.31501716605443464,0.5560995871092326,0.5670761337644151,0.25,0.25,0.5833861266659013,0.6418819522777173,0.0,0.0,1.0,1.0,1.0,1.0,2.9877819192495587,3.248951226563529,0.0,0.0
372,372.0,0.54138699408361,0.584346998444448,9.10018872643571e-18,0.1675031891677873,0.013945139886345624,0.012154721247497875,0.012629923876374925,42.416438760398854,0.43512125434375093,45.64842562581178,0.5467599013071117,1.0651334124634237,1.020029098642803,4.929304122924805e-05,1.7642974853515625e-05,1.0872643127333375,0.9961295165472881,2.5212764739990234e-05,1.531839370727539e-05,300.0,0.29227874364031187,0.2167531163505143,0.5105248494036221,0.4779728170033478,0.0,0.0,0.592755867278097,0.6388101929911398,0.0,0.0,1.0,1.0,1.0,1.0,3.9247760612248124,3.8526009977033944,0.0,0.0
373,373.0,0.5386090813989242,0.5933659850392135,6.530723674265627e-18,0.1673661721294851,0.015610713977366599,0.0130240220460109,0.016036467568483148,42.34540875208334,0.4590180818443058,45.84733958729779,0.574508371063708,1.1019893947957113,1.0778819753174256,4.661083221435547e-05,1.7821788787841797e-05,1.0646779087037126,1.0195573480878404,2.8908252716064453e-05,1.52587890625e-05,301.0,0.291310561773786,0.22010006205225574,0.5148818725835628,0.5344487855573438,0.0,0.0,0.6109730434283874,0.6396701152275347,0.0,0.0,1.0,1.0,1.0,1.0,2.7542075337975493,2.7193030860859237,0.0,0.0
374,374.0,0.5102225481237257,0.5436507643142274,2.9379790781284236e-16,0.1560394044944984,0.011622439371421876,0.01249793876195325,0.014423183747567176,42.959287540883416,0.4343041494272782,45.58011544001708,0.6031761178073115,1.1128489426655008,0.9633710090554419,5.221366882324219e-05,1.883506774902344e-05,1.074283396055935,1.0358419351860855,2.9087066650390625e-05,1.6689300537109375e-05,400.0,0.22971474016860816,0.16950006178446528,0.4962414593354202,0.4995110531897657,0.0,0.0,0.5676955567937865,0.646167053654791,0.0,0.0,1.0,1.0,1.0,1.0,3.2732219240790306,3.3095348888619682,0.0,0.0
375,375.0,0.5139398687947399,0.5706338807255598,2.625157890739286e-17,0.1559432322426586,0.0487207107944414,0.10560902656288815,0.041044805431738475,42.6449251473956,0.4644671374712629,45.59405725609642,0.5276217143603525,1.0541751642466162,0.993623658805797,5.418062210083008e-05,1.883506774902344e-05,1.1109966279859376,0.9619136703020529,2.7060508728027344e-05,1.627206802368164e-05,401.0,0.2304906467882843,0.1731130759568481,0.5278924135663857,0.5988252847991872,0.0,0.0,0.5653366032346417,0.6099159157484138,0.0,0.0,1.0,1.0,1.0,1.0,2.8206831069799576,2.644672374503716,0.0,0.0
376,376.0,0.4961762156351283,0.5434416536104745,1.5284803126151285e-16,0.147664192731377,0.014605964301153952,0.10124483617255457,0.02180425153346725,42.87838219269211,0.44046934476924826,45.49805496531352,0.5563472632427443,1.0612446581430328,0.9529615831238224,5.6862831115722656e-05,2.0802021026611328e-05,1.0374653551591024,0.9893331613160139,2.86102294921875e-05,1.7642974853515625e-05,500.0,0.19282121395585675,0.14233726350282483,0.4749305208718021,0.5347116387034754,0.25,0.0,0.6120764855550994,0.6071828491571154,0.0,0.0,1.0,1.0,1.0,1.0,1.4892011368195328,1.9491771455848035,0.0,0.0
377,377.0,0.49490000692015623,0.5392285865322651,1.431112584608218e-16,0.1475911819833589,0.0293428833247162,0.015313986805267575,0.026437113003339573,42.975975893389474,0.465262842833129,45.60399269083686,0.558807572436812,1.0641935494797434,0.9904231924716387,5.602836608886719e-05,2.03251838684082e-05,1.061877313036272,0.9541353963891597,2.944469451904297e-05,1.7940998077392578e-05,501.0,0.19671821252267474,0.14386406560087583,0.4951765647769811,0.5498292537680114,0.0,0.0,0.6205835958865965,0.6022689645352991,0.0,0.0,1.0,1.0,1.0,1.0,3.1556155211933046,2.9805310605146587,0.0,0.0
378,378.0,0.4812477984576295,0.5086951592519839,9.863551665058206e-17,0.1411429519687493,0.016439457016531298,0.0182577582891099,0.024104546464513925,43.37054245996155,0.46131749045106696,45.99684187598487,0.5185915742329801,1.000754370705739,0.9411205982207506,5.8650970458984375e-05,2.1278858184814453e-05,1.0586836191008082,0.9749260876966217,3.2842159271240234e-05,1.889467239379883e-05,600.0,0.17037100836634492,0.1217021165935574,0.46686406683749904,0.5202506674524816,0.0,0.0,0.598658579456808,0.5904955618893892,0.0,0.0,1.0,1.0,1.0,1.0,2.237708208809455,2.604893802383377,0.0,0.0
379,379.0,0.4755965663028779,0.5183561400619198,1.4610608286114892e-16,0.1410846886118706,0.033446725748945,0.018913567124400274,0.026040224882308324,42.97721638501611,0.4308061491530071,46.10067900451509,0.507724919619998,0.9735359032300898,0.9275244688170361,5.435943603515625e-05,2.1278858184814453e-05,0.9997328895996779,0.9408354351466348,3.0994415283203125e-05,1.8417835235595703e-05,601.0,0.1747719147351334,0.12279221382420145,0.4754808149061479,0.47492916728950324,0.25,0.25,0.5336402874955906,0.5746669190827476,0.0,0.0,1.0,1.0,1.0,1.0,2.6593027454462144,3.143402123042992,0.0,0.0
380,380.0,0.46414620153002445,0.4837956491609167,7.275504076266983e-17,0.1358472216877856,0.026280739926733,0.0656256291549652,0.07250224339077248,43.344004488034116,0.4800184939480235,45.98476626282395,0.5039712955107063,0.9754046662863738,0.954564164115239,6.312131881713867e-05,2.2411346435546875e-05,0.9554969231174754,0.9133928288060423,3.8564205169677734e-05,1.9609928131103516e-05,700.0,0.1545512135423553,0.10651336656000054,0.5073574652457583,0.48978202083089595,0.0,0.0,0.5461705774514034,0.5331967935555163,0.0,0.0,1.0,1.0,1.0,1.0,1.944561239315773,2.092210223440066,0.0,0.0
381,381.0,0.45220483601529105,0.5010463170648705,1.78524176870497e-16,0.1357990915751171,0.0178352599614299,0.04093814722727983,0.07939041982172054,43.217618328101054,0.4217238981604663,45.980115459535895,0.5053335257408715,0.9770858085393711,0.9119389063957787,6.246566772460938e-05,2.2232532501220703e-05,0.9754918986905243,0.955716115560213,3.5703182220458984e-05,1.9788742065429688e-05,701.0,0.15580130861285346,0.10730221840515408,0.4789741029764246,0.48760758091601875,0.0,0.0,0.5499432021902526,0.534249518027708,0.0,0.0,1.0,1.0,1.0,1.0,2.6137382367513085,2.6535383458383306,0.0,0.0
382,382.0,0.4309522793539055,0.47767274779603486,1.6767125989913468e-16,0.131416249881173,0.17519015714060512,0.0195662964251823,0.017157905385829474,43.43253679895672,0.44184810196435054,46.786280061242536,0.6366632908329329,1.070821974269547,0.9075132492633489,5.9664249420166016e-05,2.3603439331054688e-05,0.9567407806878963,0.897979276407033,3.916025161743164e-05,2.038478851318359e-05,800.0,0.14291365288308022,0.09464903168928294,0.4581166156048778,0.4930458677502403,0.0,0.0,0.6523565249144941,0.5840075718292277,0.0,0.0,1.0,1.0,1.0,1.0,2.898693109714223,2.9334110331919647,0.0,0.0
383,383.0,0.4301266262347183,0.48344881578702514,1.7342069330062927e-16,0.1313754690384415,0.011016528529580601,0.01467796269571405,0.026582556543871726,43.49851030151688,0.4774664593144319,46.814015358111234,0.6233855766054571,1.0485597881554158,0.9413731525894729,6.198883056640625e-05,2.324581146240234e-05,1.0698872232707652,0.9084636550187515,3.653764724731445e-05,2.0682811737060543e-05,801.0,0.14273568832448663,0.09519200388382396,0.47899450674684735,0.4735468228627474,0.0,0.0,0.6512419748322466,0.6685579643560998,0.0,0.0,1.0,1.0,1.0,1.0,3.0723002206770915,2.952398826848615,0.0,0.0
384,384.0,0.4161362463389808,0.4755060083481936,2.346496232432893e-16,0.127625041176119,0.0132600659271702,0.039832292939536204,0.04038656322518358,43.56736909085214,0.4683652422668515,46.37870450674771,0.5432693050013556,0.978702426801074,0.9430939488205758,6.663799285888672e-05,2.580881118774414e-05,1.0489806099961492,0.9310067957743303,4.4226646423339844e-05,2.2411346435546875e-05,900.0,0.13387110799631347,0.08518744374486797,0.46877667265243933,0.4701211354866386,0.0,0.0,0.6364825957216288,0.6476945461402385,0.0,0.0,1.0,1.0,1.0,1.0,2.658302137478909,2.5913063676626837,0.0,0.0
385,385.0,0.4169290440460842,0.46874521581443573,1.6543058313951006e-16,0.1275898099674689,0.016913120693061424,0.02662575576687225,0.0236935964785516,43.56063729061313,0.4569235346158898,46.38618050315127,0.5377469330594781,0.9719420027174565,0.9192360691101851,6.872415542602539e-05,2.491474151611328e-05,0.9779637488830888,0.9424188663407288,4.798173904418945e-05,2.193450927734375e-05,901.0,0.1337237985199021,0.08620967038274374,0.46689837122735606,0.5101583724922784,0.0,0.0,0.6094512953305407,0.6320597731227897,0.0,0.0,1.0,1.0,1.0,1.0,1.8824685780058508,1.7792281185224206,0.0,0.0
386,386.0,0.4107243320537727,0.44615315982766085,6.909895541323736e-17,0.1243244436865676,0.03239485505037007,0.03800319926813238,0.020239473727997323,43.79319300180996,0.44433356175756344,46.6494516397687,0.5527783690661071,0.9963107351003027,0.8902154047718344,6.794929504394531e-05,2.5272369384765625e-05,0.9655356972044274,0.9003153815973122,3.844499588012696e-05,2.3365020751953125e-05,1000.0,0.12486399059595457,0.07852170699470237,0.467033508423339,0.4781455747207225,0.0,0.0,0.504884485231638,0.5578302832563233,0.0,0.0,1.0,1.0,1.0,1.0,2.3225656588819072,2.465645331304696,0.0,0.0
387,387.0,0.4105422613602393,0.44229808819344457,2.7843863728919186e-16,0.124293536426582,0.03147823060862715,0.03644733678083863,0.01819322368828575,43.73634051337228,0.4532669445462905,46.59595611465674,0.5059440907770534,0.9635144100439776,0.90436361616256,6.74128532409668e-05,2.5033950805664062e-05,0.9962072393838395,0.8896545870856193,3.62396240234375e-05,2.288818359375e-05,1001.0,0.12474014650787979,0.07877633513453972,0.46567148361106714,0.492656820444738,0.0,0.0,0.502284663321674,0.5383158060725035,0.0,0.0,1.0,1.0,1.0,1.0,2.8556574885401242,2.51367858432649,0.0,0.0
388,388.0,0.4113499969246865,0.4535393463607865,1.6854290713200905e-16,0.1214108418598049,0.02079726458759975,0.016656741616316098,0.014914608967956076,43.76806641892821,0.450513532165065,46.76649414387337,0.48505850618025204,0.9041962024391301,0.8752578335270572,7.075071334838867e-05,2.7298927307128906e-05,0.9565529163699664,0.8984271356560707,4.786252975463867e-05,2.41398811340332e-05,1100.0,0.11693653372072563,0.07210586046581718,0.469692090234787,0.48795790488645063,0.0,0.0,0.5031872015538303,0.5468810326519538,0.0,0.0,1.0,1.0,1.0,1.0,3.1828034614617224,2.8065843977418834,0.0,0.0
389,389.0,0.4114898310985305,0.4519428319552259,5.789521966117169e-17,0.1213833888695008,0.04063153971219428,0.023898824059870052,0.017133252054918474,43.78932651260635,0.4498904580331999,46.76724963687281,0.48520605057196625,0.9053799870606652,0.8921291040462026,7.092952728271484e-05,2.652406692504883e-05,0.9042384476025473,0.8757929447224486,3.898143768310547e-05,2.390146255493164e-05,1101.0,0.11683036662026144,0.07261526462762158,0.43498214392753265,0.4796616632441678,0.0,0.0,0.5041210819855302,0.5487117220101392,0.0,0.0,1.0,1.0,1.0,1.0,3.0969008307407893,2.9326940568347224,0.0,0.0
390,390.0,0.41257142080840903,0.43617885476222507,1.6459862518612799e-16,0.118809530118312,0.0171880278503522,0.1151762069202959,0.02122304018121205,43.77543474538982,0.4561066579687949,46.6296913597989,0.476759644644711,0.8884840460542641,0.8772364065166366,7.140636444091797e-05,3.039836883544922e-05,0.9013772873207295,0.8833324092033662,5.143880844116211e-05,2.580881118774414e-05,1200.0,0.11106205283712373,0.0668498691116498,0.4439417737585794,0.4737674839868301,0.0,0.0,0.469140357748413,0.5357950428884385,0.0,0.0,1.0,1.0,1.0,1.0,1.9976770256717797,1.7957073186446855,0.0,0.0
391,391.0,0.4125857835150405,0.4334195882743322,1.3049263162571803e-16,0.1187848936151487,0.037466677720658426,0.0703855018364265,0.055336472694762,43.88031431911216,0.4695173722810445,46.625435105878225,0.47624978743721036,0.8877169933465547,0.9049689867277717,7.325410842895508e-05,2.866983413696289e-05,0.8880935081663492,0.8767558781073188,4.9591064453125e-05,2.5510787963867188e-05,1201.0,0.11096978237679767,0.06714574806135468,0.4492664066085611,0.5086267545068346,0.0,0.0,0.47291594592582176,0.5352789401406977,0.0,0.0,1.0,1.0,1.0,1.0,3.687668130218646,4.136047116946793,0.0,0.0
392,392.0,0.3921825549797971,0.4305444570423558,1.689238860434449e-16,0.1176315056469149,0.028082265285775027,0.015663380268961125,0.0173550408217124,43.77243922202031,0.4341056806629738,46.32273021445981,0.5032234876288175,0.9014132187306445,0.8511142021838172,7.653236389160156e-05,3.0219554901123047e-05,0.8829941981874319,0.9004451910035504,4.8100948333740234e-05,2.6106834411621094e-05,1249.0,0.11006311409623998,0.06499743774932115,0.45742179115950665,0.4803619061998612,0.0,0.0,0.5204883333273636,0.5571505915446355,0.0,0.0,1.0,1.0,1.0,1.0,3.2859827426752286,2.629556227052798,0.0,0.0
393,393.0,0.39529621193163267,0.421670653951916,1.1456086190355198e-16,0.1176080660710484,0.05066656216513358,0.08084461244288828,0.0802369200973771,43.83915227319074,0.4574250361516986,46.25151702568948,0.4831170504079109,0.8809902995818673,0.8968062825027829,7.367134094238281e-05,2.872943878173828e-05,0.9013074609497016,0.8512086270428337,4.1961669921875e-05,2.5987625122070312e-05,1250.0,0.10997528066586196,0.065334653848042,0.46348618521225915,0.4996411926268037,0.0,0.0,0.5131584375400231,0.5043175192731288,0.0,0.0,1.0,1.0,1.0,1.0,3.0705649434823172,3.2403325486158927,0.0,0.0
394,394.0,0.40781525579556827,0.4320707470879374,6.031786394323647e-17,0.1164649949245588,0.017886471119709275,0.016574969748035052,0.024149217118974775,43.887928982595966,0.4880288424995484,46.544317293220814,0.5050919497109271,0.9015158705562426,0.9247836736075565,7.814168930053711e-05,2.9087066650390625e-05,0.8799439648405897,0.8881474653002113,4.655122756958008e-05,2.6106834411621094e-05,1300.0,0.11036640769050385,0.0630457307431908,0.4567400923106245,0.5010720402305132,0.0,0.0,0.5157920989605841,0.5390086833098129,0.0,0.0,1.0,1.0,1.0,1.0,2.998073857102616,3.360916779964479,0.0,0.0
395,395.0,0.4100568102954287,0.43668686258093936,3.616300724927577e-16,0.1164426943022012,0.01780053554102775,0.02828423766186455,0.045232197036966626,43.930400548990264,0.4457261111669258,46.551189758487425,0.4797919415190979,0.8955517826113897,0.8637330060858668,7.236003875732422e-05,3.063678741455078e-05,0.9018198511245602,0.9243097049451222,4.494190216064453e-05,2.5928020477294922e-05,1301.0,0.11028232918017,0.06317695029465473,0.4633575384884484,0.4754871570076026,0.0,0.0,0.4873515511019413,0.5389127637833505,0.0,0.0,1.0,1.0,1.0,1.0,2.2584785974396233,2.346569321351294,0.0,0.0
396,396.0,0.3995228503116008,0.4194324274192591,4.2856189139178193e-16,0.1143349375674343,0.033166134846396675,0.03427666518837208,0.11961806158069516,43.89502752425577,0.44858048868514,46.616573860307284,0.5217376255651509,0.916953583484714,0.8564066883478855,8.13603401184082e-05,3.0457973480224613e-05,0.8896397834533837,0.8516058233031996,4.3272972106933594e-05,2.771615982055664e-05,1400.0,0.10426847270835282,0.059247650221204345,0.45535803428606125,0.47048643857748335,0.0,0.0,0.5266829593113109,0.5281298178527215,0.0,0.0,1.0,1.0,1.0,1.0,3.6348294191999804,3.5601536005467813,0.0,0.0
397,397.0,0.39992720195764675,0.4302128709892832,6.159132000054211e-17,0.1143146023176186,0.05225679726572705,0.029889908269978976,0.021779240749310626,43.88880275246798,0.46023040624745915,46.61855124795552,0.5244952707444435,0.920117486208357,0.8673690177511207,7.748603820800781e-05,3.0875205993652344e-05,0.9171456005281213,0.856376856524744,5.4001808166503906e-05,2.8848648071289062e-05,1401.0,0.1041941082079417,0.05970546330443577,0.44476424409402837,0.49886493540802646,0.0,0.0,0.5264424223321706,0.5278234423988974,0.0,0.0,1.0,1.0,1.0,1.0,3.315831518227921,3.360782144590556,0.0,0.0
398,398.0,0.3887645547196455,0.40271390029499754,1.5870874354681426e-17,0.1124051167281552,0.0494822390028275,0.060052607266698026,0.014655819919425925,43.85484858478565,0.462350714395667,46.59348398911195,0.579967996590744,1.0006372028142765,0.86716576518993,7.730722427368164e-05,3.451108932495117e-05,0.9174178932154234,0.8541609796758386,5.2809715270996094e-05,3.0040740966796875e-05,1499.0,0.09948655774117163,0.05606713835654317,0.48098783724397604,0.48767052595386956,0.0,0.0,0.5384670374364197,0.5776301810294846,0.0,0.0,1.0,1.0,1.0,1.0,1.7564019423718564,1.7202188179214235,0.0,0.0
399,399.0,0.388537493348798,0.41301392318117747,1.9613325360279966e-16,0.1123864401275725,0.0739349446375854,0.12619505968177688,0.1521708446089178,43.82012276110315,0.4450798692222707,46.58748916244453,0.579935853042613,1.000481745731903,0.8510270339101066,7.683038711547852e-05,3.248453140258789e-05,1.0007581459373034,0.8669211859670429,4.553794860839844e-05,2.9146671295166016e-05,1500.0,0.09982906730961459,0.056361730083359,0.4272061671191037,0.4786075915844342,0.0,0.0,0.5383571142803056,0.5780932559575456,0.0,0.0,1.0,1.0,1.0,1.0,2.1495226177173317,2.441665558468158,0.0,0.0
400,400.0,0.38848622414064665,0.41292517794754013,2.0357774784212282e-16,0.1123677790326781,0.0333620429155416,0.04203938768478105,0.05268417112529278,43.81865782701752,0.44755443872941425,46.49012372081701,0.5895153928391536,1.0067351393636366,0.8539773795205317,7.963180541992188e-05,3.1828880310058594e-05,1.0000220629043903,0.8506644348643944,4.4345855712890625e-05,2.9146671295166016e-05,1501.0,0.09976314111169679,0.056556824354538925,0.4585227455410854,0.4626549054506225,0.0,0.0,0.5547158020658853,0.5780617250448469,0.0,0.0,1.0,1.0,1.0,1.0,3.0534443026153237,3.735677699211143,0.0,0.0
401,401.0,0.3907912094202991,0.4039482028745778,2.848534838259436e-16,0.110593418065151,0.0327644684002734,0.11607313819695263,0.03459602373186495,43.89869651250259,0.45675624585052477,46.894217021149906,0.5245020494580063,0.9167851285343949,0.8627015984373452,8.636713027954102e-05,3.248453140258789e-05,1.002418509870005,0.8437640887649565,4.3332576751708984e-05,3.0040740966796875e-05,1600.0,0.09502042775189012,0.05330349561981235,0.4610873104849187,0.4776481819420142,0.0,0.0,0.4850535050678536,0.5048705200529485,0.0,0.0,1.0,1.0,1.0,1.0,3.35874666540424,3.6791407260577054,0.0,0.0
402,402.0,0.3878499876168616,0.4068789115237252,1.8872408824574577e-17,0.1105761983810067,0.02887892734725025,0.035282031982205725,0.04386110819177695,43.9168969735092,0.44977283366757836,46.88867502122289,0.5372051850585499,0.9300859054085588,0.8488423721318308,8.529424667358398e-05,3.272294998168945e-05,0.916816851283929,0.8630240705322036,5.370378494262695e-05,3.075599670410156e-05,1601.0,0.09496107541399537,0.05366445648113478,0.4377704311240427,0.4759219454135518,0.0,0.0,0.5072422316094553,0.5056677683016143,0.0,0.0,1.0,1.0,1.0,1.0,2.3991014201204246,2.1633885561569914,0.0,0.0
403,403.0,0.38212010516871486,0.3892344103172749,2.0444708161682316e-16,0.1089348761993321,0.0508444158476777,0.1303155042114667,0.06401396769797428,43.90927793568815,0.4635163477490972,46.520043012955895,0.4821766240672584,0.859804294316287,0.8451407002512065,8.64267349243164e-05,3.355741500854492e-05,0.9239795219694138,0.8472525907951047,5.2869319915771484e-05,3.2067298889160156e-05,1700.0,0.09212612766754875,0.05079303875271795,0.4296318881288853,0.48381860572309443,0.0,0.0,0.4469034180438981,0.5004722626165719,0.0,0.0,1.0,1.0,1.0,1.0,2.3447958942784086,2.069552761018997,0.0,0.0
404,404.0,0.38172126358668895,0.40057168736492393,1.2771469436265355e-17,0.1089189091961625,0.011853351723402674,0.05018150573596353,0.024871956789866024,43.91838369228881,0.4649959243065701,46.76168870228022,0.4820927656973096,0.8595856222262128,0.8671566266250474,8.231401443481445e-05,3.534555435180664e-05,0.8594905925854854,0.8453910470319226,5.3822994232177734e-05,3.123283386230469e-05,1701.0,0.0920721990519943,0.05089583821019637,0.4586858977133453,0.49855748856279203,0.0,0.0,0.4489025834963441,0.499674419677261,0.0,0.0,1.0,1.0,1.0,1.0,1.5733716828915503,1.7157224304460306,0.0,0.0
405,405.0,0.3820167492313907,0.3985635821792928,5.747334699883934e-17,0.1081659683810848,0.017868041526526175,0.020415091828908726,0.019651789974886875,43.928503806875014,0.4568622209806815,46.74414521987746,0.5101827952081922,0.896337393465886,0.8398171414987243,8.90493392944336e-05,3.439188003540039e-05,0.8572514604393792,0.8649346095170161,4.875659942626953e-05,3.2007694244384766e-05,1749.0,0.0922457620318936,0.049651122643614896,0.4489626415015065,0.4664865835362064,0.0,0.0,0.496492482818886,0.5320775982480137,0.0,0.0,1.0,1.0,1.0,1.0,3.366917494644707,3.2754533763674,0.0,0.0
406,406.0,0.38097584674556473,0.3926357413707762,2.83091056136614e-18,0.1081505568300231,0.03170123416930435,0.019082144543062875,0.0189123513991944,43.99622839040576,0.4628994085721092,46.7969012379572,0.5187277306013769,0.897171647134345,0.8542439063767574,8.14199447631836e-05,3.439188003540039e-05,0.8960086212439259,0.8404198247816169,5.030632019042969e-05,3.230571746826172e-05,1750.0,0.0930213929853177,0.049847109626214726,0.4528587935805635,0.4882431459589858,0.0,0.0,0.49695904812830993,0.532258016549461,0.0,0.0,1.0,1.0,1.0,1.0,2.91921496619781,3.0772829076320716,0.0,0.0
407,407.0,0.3840041363391076,0.39365898480259043,1.4168414056642926e-16,0.1073936834844924,0.016659002401865998,0.10211034346139053,0.04839076753705732,43.98004373996504,0.46509359865038696,46.40364307819239,0.48512887991307047,0.8733815628356831,0.8458287994569064,8.481740951538086e-05,3.463029861450195e-05,0.8926911108265543,0.8516354997976374,5.2034854888916016e-05,3.24249267578125e-05,1800.0,0.09263319488463473,0.04865236317045168,0.4509707120197195,0.47552819433755944,0.0,0.0,0.4744959301944379,0.4762758975579926,0.0,0.0,1.0,1.0,1.0,1.0,2.280161390184542,2.1514636859727947,0.0,0.0
408,408.0,0.38399567046842237,0.3956310312706028,1.707751695685872e-16,0.1073788141613967,0.07970414939336473,0.0962205274845473,0.03339427633909502,44.04179015525891,0.45580511069914187,46.421881144765116,0.48318717983969783,0.8728423494524261,0.8510211803462977,8.70823860168457e-05,3.6597251892089844e-05,0.8731677802110778,0.8455144789963331,5.2034854888916016e-05,3.254413604736328e-05,1801.0,0.09258186528742016,0.048781099953813446,0.4621768960226459,0.4647619533138215,0.0,0.0,0.47774270824457576,0.4757144677535217,0.0,0.0,1.0,1.0,1.0,1.0,2.1503550605537107,2.3124922980619207,0.0,0.0
409,409.0,0.3783654680411605,0.391368724964094,4.749773044984266e-18,0.1059556926810291,0.011924263613764124,0.02194934833096335,0.01996413851156825,43.97566234752131,0.4757229490773791,46.53939558008995,0.4945655664831281,0.8742967526721461,0.8570353470015462,8.887052536010742e-05,3.814697265625e-05,0.8698411924427865,0.8434213367752019,5.316734313964844e-05,3.439188003540039e-05,1900.0,0.089783126487494,0.04636732165767238,0.43864916168816104,0.47264233618909,0.0,0.0,0.4995185349540199,0.5006722812230909,0.0,0.0,1.0,1.0,1.0,1.0,2.5365601453352435,2.907641440600419,0.0,0.0
410,410.0,0.3782671016064712,0.38274841511434254,1.6555778550581586e-16,0.1059417922946781,0.02396531635895365,0.1962571259355172,0.07375637063523752,43.969890454277554,0.4755485738788795,46.54149492500754,0.4946437781834897,0.8730092708129427,0.8586844857405646,9.673833847045898e-05,3.635883331298828e-05,0.8743607587086683,0.8569264036998819,5.257129669189453e-05,3.3795833587646484e-05,1901.0,0.09071448546615718,0.0465010323941777,0.4296789712118371,0.4668773473742085,0.0,0.0,0.49451696233296116,0.499121061306011,0.0,0.0,1.0,1.0,1.0,1.0,3.052425641996596,2.744455503223526,0.0,0.0
411,411.0,0.3644813307292949,0.38857740398413065,5.4597045447509567e-17,0.1046221428016788,0.044154613278806175,0.029739191988483,0.022750352916773353,43.90759594960494,0.47247013382431413,46.60927095585205,0.4825100942778394,0.8551328756740836,0.8557100180777736,8.83340835571289e-05,3.7670135498046875e-05,0.8718368860987038,0.8485287549428979,6.729364395141602e-05,3.522634506225586e-05,1999.0,0.08845187304685703,0.04433578417911565,0.44441076184693895,0.47547208773708854,0.0,0.0,0.4841671686484508,0.48262977485680736,0.0,0.0,1.0,1.0,1.0,1.0,3.0322586950974855,3.432169462543216,0.0,0.0
412,412.0,0.3718512434547021,0.38434115911599176,2.4240792249639797e-16,0.104609095206139,0.0184718041564337,0.03027939266758035,0.02139196393545715,43.9881697515674,0.46068599889403283,46.380646543294425,0.4821911560520047,0.8543753551589645,0.8317588971482707,9.143352508544923e-05,3.6954879760742194e-05,0.8548430414044125,0.8557585256726989,5.555152893066406e-05,3.504753112792969e-05,2000.0,0.0901266822401657,0.0445106817735297,0.46172411524954476,0.4665930819537416,0.0,0.0,0.4845853438578475,0.47836644561811875,0.0,0.0,1.0,1.0,1.0,1.0,1.8409719429179192,1.4526313035132228,0.0,0.0
413,413.0,0.3516022991921922,0.35160229919219443,0.0,0.334370152488211,0.0709077932406216,0.012821173528209301,0.018345466814935173,5.165584852089615e-32,0.0,5.165584852089615e-32,0.0,0.3516022991921922,0.35160229919219443,3.820657730102539e-05,1.436471939086914e-05,1.0,1.0,1.913309097290039e-05,1.2218952178955078e-05,0.0,2.477707386633564,2.6310763151515815e-08,0.8861583018115341,0.941411318083307,0.0,0.0,0.88615830181154,0.9414113180833071,0.0,0.0,0.0,0.0,0.0,0.0,4.350294384723258,4.30738539083537,0.0,0.0
414,414.0,0.36610541555147036,0.36610541555147,0.0,0.3194715521231362,0.0982601559953764,0.0895676384679973,0.026823529973626074,7.332765207964496e-32,0.0,4.3046540434080123e-32,0.0,0.36610541555147036,0.36610541555147,3.7729740142822266e-05,1.4781951904296877e-05,0.4200388836614145,0.4200388836614164,1.913309097290039e-05,1.1801719665527344e-05,1.0,3.170238564006219,2.059813317317321,0.8926151291889751,0.9167401813349341,0.0,0.0,0.892615129188975,0.9167401813349351,0.0,0.0,0.0,0.0,0.0,0.0,4.237005086096188,4.198737638799104,0.0,0.0
415,415.0,0.49729462912456857,0.49729462912456923,1.208909515702948e-15,0.2886751345948129,0.48901134636253113,0.3260107127716764,0.05244737089378752,8.038482805637384e-32,0.0,2.869769362272008e-32,0.0,0.49729462912456857,0.49729462912456923,3.719329833984375e-05,1.4543533325195312e-05,0.6625795354095392,0.6625795354095383,1.9073486328125e-05,1.3887882232666014e-05,4.0,2.8034720894291447,2.3674424653090345,0.9275312992275532,0.9440904850597072,0.0,0.0,0.9275312992275532,0.9440904850597072,0.0,0.0,0.0,0.0,0.0,0.0,1.7687327427454467,1.916177179595198,0.0,0.0
416,416.0,0.5362200926842969,0.5362200926842959,9.547918011776346e-16,0.2811706625951745,0.32578658085549245,0.36601338908076286,0.11982743319822473,6.495995605066376e-32,0.0,2.582792426044807e-32,0.0,0.5362200926842969,0.5362200926842959,3.629922866821289e-05,1.4543533325195312e-05,0.5749528728750704,0.5749528728750741,1.9609928131103516e-05,1.239776611328125e-05,5.0,2.529485188694336,2.363241643180165,0.9029302575514091,0.9272190688205159,0.0,0.0,0.9029302575514091,0.9272190688205157,0.0,0.0,0.0,0.0,0.0,0.0,1.5365869816138527,1.4245414634138964,0.0,0.0
417,417.0,0.47941535771141547,0.4777517558801039,3.0134624954111393e-16,0.2584865769785853,0.3378423047251999,0.4772566348547116,0.032018590252846424,9.317782908456744,0.0822888855825397,9.921547444950914,0.08601073687491508,0.5738068801683953,0.579378436327658,3.606081008911133e-05,1.436471939086914e-05,0.6497900989784737,0.6497900989784736,1.889467239379883e-05,1.2218952178955078e-05,9.0,2.0622845764422837,1.8432734715199939,0.8788533145143108,0.8840983485337314,0.0,0.0,0.8130187684674508,0.8549061760619755,0.0,0.0,0.0,0.0,0.0,0.0,3.161702269859854,3.559124229886761,0.0,0.0
418,418.0,0.5068125588483952,0.490537292218988,9.3443771239284e-16,0.2540663740773073,0.2343895195517689,0.251145473390352,0.04254802264040335,11.390240145882393,0.09993945843208416,11.61462932325364,0.08978747010173987,0.6396047220289742,0.6244240884666945,3.409385681152344e-05,1.436471939086914e-05,0.6207303198241014,0.6097994911166918,1.913309097290039e-05,1.239776611328125e-05,10.0,1.9531499442929912,1.9497995212002717,0.8495299294693939,0.8387828415298157,0.0,0.0,0.8428497658462415,0.8414061404732476,0.0,0.0,0.0,0.0,0.0,0.0,2.493470819302139,2.3755714020985406,0.0,0.0
419,419.0,0.5038615593594129,0.4575090594428556,1.0503294140861677e-15,0.2394868127217873,0.2410998089471832,0.20209608302684495,0.03074538055807345,17.202799554759096,0.1903010028428703,18.67305274094603,0.16757294591405084,0.6285835598062078,0.6547984084170849,3.7610530853271484e-05,1.436471939086914e-05,0.6722565754947828,0.6964992205839289,1.949071884155273e-05,1.245737075805664e-05,14.0,1.8775314527905629,1.6940251654531662,0.7649420870293111,0.8115364284809632,0.0,0.0,0.8361346951195069,0.9090434013803296,0.0,0.0,0.0,0.0,0.0,0.0,2.5529190302127462,2.72243060359409,0.0,0.0
420,420.0,0.4767382358075,0.4729735852270128,5.745404152435186e-16,0.2364354022507939,0.1786465555778704,0.15135452675167468,0.10151229327311734,18.757311550979626,0.1667431659851975,19.923091225104464,0.16992521400341057,0.6353505266931929,0.6977501251396739,3.5703182220458984e-05,1.436471939086914e-05,0.6692324588517174,0.6923177903391629,1.913309097290039e-05,1.2159347534179688e-05,15.0,1.827404683757846,1.819429148529585,0.8455884815605434,0.8838663271285767,0.0,0.0,0.8394976102731634,0.899300265942321,0.0,0.0,0.0,0.0,0.0,0.0,2.3416406524980746,2.498551951521525,0.0,0.0
421,421.0,0.48241524527987445,0.5210615160970005,6.476300976980079e-16,0.2259005009024612,0.07312828535214061,0.11710577621124685,0.01529960654443125,23.284954781827537,0.24462142145245167,24.356497002504508,0.21204966137833692,0.6938823147654536,0.7243456316711233,3.504753112792969e-05,1.4781951904296877e-05,0.7458972215606179,0.8183507017512345,1.883506774902344e-05,1.2159347534179688e-05,19.0,1.8428280181774146,1.712741819896467,0.8130206260821929,0.8274417636609741,0.0,0.0,0.8280023012296441,0.9083534483976592,0.0,0.0,0.0,0.0,0.0,0.0,2.764626421495755,2.6883607143420276,0.0,0.0
422,422.0,0.49604434538488634,0.510521343517405,5.906386491005833e-16,0.2236067977499789,0.13885730062611396,0.29110662173479795,0.0296465242281556,23.80765517055104,0.2051845511490067,25.069535411870497,0.23520088500537784,0.7485463417802629,0.7333058573565685,3.6656856536865234e-05,1.4185905456542969e-05,0.7298133388201632,0.7425920737883749,1.937150955200195e-05,1.239776611328125e-05,20.0,1.761806978633408,1.8161452947306227,0.7828701194863243,0.8409782648014313,0.0,0.0,0.7790153886625364,0.8771855206325266,0.0,0.0,0.0,0.0,0.0,0.0,1.8863206448827943,1.8504795279740518,0.0,0.0
423,423.0,0.5172633482339168,0.5182849131866258,6.669501552343772e-16,0.207061938283276,0.0864072777330875,0.08458732359576962,0.0987590833683498,29.00396684315107,0.27567528447368167,30.35115959816695,0.25782663881338636,0.7859271512927978,0.7984251962297417,3.701448440551758e-05,1.4543533325195312e-05,0.8188776345201453,0.8704043029811064,1.943111419677734e-05,1.2159347534179688e-05,29.0,1.5032019850430336,1.4482858943954906,0.7866065353870609,0.8053482737794011,0.0,0.0,0.750216717782932,0.7832894612050688,0.0,0.0,0.0,0.25,0.0,0.0,1.7714492751570283,1.5830284464142252,0.0,0.0
424,424.0,0.5100062949456281,0.5203981205759929,5.622486603280257e-16,0.2055668084502598,0.14924010029062626,0.35420069628162304,0.033578653004951727,29.694810251370757,0.32394179215081187,30.69140285024636,0.2935810412598594,0.8368397373355629,0.854525998539079,3.701448440551758e-05,1.4781951904296877e-05,0.8039230021372427,0.8264823116957035,1.9848346710205078e-05,1.245737075805664e-05,30.0,1.5822542445699233,1.519780888385251,0.821517731087817,0.8054834255716097,0.0,0.0,0.7537430234048883,0.7721874519453187,0.0,0.0,0.25,0.25,0.0,0.0,2.1475141725786706,2.095307817541607,0.0,0.0
425,425.0,0.4978041778045742,0.5679890823608669,2.9967348047499343e-16,0.1767766952966368,0.04972102731699118,0.20008919510291887,0.04427493270486585,35.46446786915496,0.43037085733848157,38.190700849878404,0.4474987042360044,0.9425408867880847,0.9774750234354723,3.653764724731445e-05,1.4841556549072267e-05,0.9351809124888961,0.9382167862446165,1.937150955200195e-05,1.2636184692382812e-05,59.0,0.9647246452094431,0.8544614887079763,0.715080413717695,0.717954566752336,0.0,0.0,0.6878029660515783,0.71374395320883,0.0,0.0,1.0,1.0,1.0,1.0,1.8086278156582987,1.9162774215938754,0.0,0.0
426,426.0,0.48199832310093715,0.561045196424442,4.462242541281879e-16,0.1760928267911618,0.21973709535086527,0.3609365976299159,0.14346552570350463,36.44081236952642,0.4236394464974592,37.985763078133125,0.44563702000661054,0.9528082026431495,0.9769145021004435,3.9458274841308594e-05,1.4781951904296877e-05,0.9689059084774665,0.9681118134453656,2.008676528930664e-05,1.245737075805664e-05,60.0,0.9551053278480821,0.9040540592007879,0.6876827574912028,0.7228193440428969,0.0,0.0,0.7621401259048203,0.7369244932441996,0.0,0.0,1.0,1.0,1.0,1.0,2.6922108868072443,2.9671201555099604,0.0,0.0
427,427.0,0.4502636874696948,0.5238351791748057,7.618244659451669e-16,0.1561969968460128,0.152596155880019,0.06859616941073908,0.1076121156220324,38.66972678761995,0.42763662722939066,41.50322961009716,0.5435753844438266,1.0125759313844052,0.9335066313394264,4.124641418457031e-05,1.5556812286376953e-05,0.9668176428271554,1.0319878673371847,2.0563602447509762e-05,1.33514404296875e-05,100.0,0.6716013521152013,0.562967615632037,0.616137697007008,0.6747410116274202,0.0,0.0,0.709095924300724,0.7847475714327696,0.0,0.0,1.0,1.0,1.0,1.0,1.8611054218199672,1.724524646091469,0.0,0.0
428,428.0,0.4599098773086212,0.5131988170494308,2.1916430934227737e-16,0.1558272972201327,0.15891920542344448,0.1586333567975089,0.17480363952927291,39.33081155708866,0.46186426164374106,41.52205945470677,0.5547084439799904,0.9837035762285025,0.9837869068936023,3.850460052490235e-05,1.5556812286376953e-05,1.0083231413528377,0.927317230052047,2.038478851318359e-05,1.2695789337158203e-05,101.0,0.7244148616951213,0.5786957033735889,0.6745195454260712,0.6450955362955948,0.0,0.0,0.6975154488639085,0.7367644183228139,0.0,0.0,1.0,1.0,1.0,1.0,2.8807503913844243,2.4121549432038485,0.0,0.0
429,429.0,0.42693844787864493,0.4474454307721429,5.9572942784764504e-18,0.1321391592005922,0.158235162962228,0.17849884997121984,0.046982099651358994,41.38864172652278,0.46487699824030143,44.063975876943886,0.491798693094671,0.9284691634809183,0.9131628946615091,4.70280647277832e-05,1.6987323760986328e-05,1.0469052862545962,0.9534963595136088,2.318620681762695e-05,1.4543533325195312e-05,200.0,0.3959863475158272,0.3043629412156882,0.5215984320470445,0.53453603968847,0.0,0.0,0.5654793423228891,0.617135291219463,0.0,0.0,1.0,1.0,1.0,1.0,2.6144241146277154,2.5045080488165947,0.0,0.0
430,430.0,0.4251539634003373,0.4364347732292586,0.0,0.1319785033908569,0.03178510081488638,0.12210077169584108,0.0483184733311645,41.599939383738175,0.4402932382079321,44.15953253373748,0.5494722005432615,0.9413248701496733,0.8804026872604894,4.357099533081055e-05,1.6748905181884766e-05,0.9318150364114045,0.9166775753499353,2.2947788238525394e-05,1.430511474609375e-05,201.0,0.4016257326787518,0.31461639051166757,0.5767019983831956,0.5630413654785857,0.0,0.0,0.5637879532263274,0.5861353461076946,0.0,0.0,1.0,1.0,1.0,1.0,2.9877819192495587,3.248951226563529,0.0,0.0
431,431.0,0.39637558474023643,0.42681708657883094,9.10018872643571e-18,0.119645135119848,0.01254846027586605,0.05339250119868665,0.021604883426334702,42.416438760398854,0.47151471197026623,45.64842562581178,0.5378475661199216,0.9341175763226801,0.8831526619003766,4.7206878662109375e-05,1.7881393432617188e-05,0.9310400745225167,0.8764868582241848,2.658367156982422e-05,1.531839370727539e-05,300.0,0.2919933947800216,0.21646776749022403,0.5120655730532657,0.4927761579334251,0.0,0.0,0.5348273540939086,0.6106262806754832,0.0,0.0,1.0,1.0,1.0,1.0,3.9247760612248124,3.8526009977033944,0.0,0.0
432,432.0,0.3920477404011413,0.4400953678281646,6.530723674265627e-18,0.119547265806775,0.06344165577320378,0.14134743070462716,0.10548184078652405,42.34540875208334,0.42629316206732687,45.84733958729779,0.5625874807351252,0.9603708583687096,0.8686006375628954,4.774332046508789e-05,1.7702579498291016e-05,0.9375464409687362,0.88131082118331,2.408027648925781e-05,1.52587890625e-05,301.0,0.2910260281490424,0.21981552842751212,0.5049198678223449,0.5078712115223729,0.0,0.0,0.5696665390883154,0.6174650361443036,0.0,0.0,1.0,1.0,1.0,1.0,2.7542075337975493,2.7193030860859237,0.0,0.0
433,433.0,0.3686136441952397,0.40139820385438657,2.9379790781284236e-16,0.1114567174960703,0.261358107207343,0.12608975253533564,0.11317437113029878,42.959287540883416,0.44807818437398156,45.58011544001708,0.6378735950764407,1.0092116338546648,0.850865348366836,5.179643630981445e-05,1.8656253814697266e-05,0.930788829645143,0.8589144804764568,2.5391578674316406e-05,1.627206802368164e-05,400.0,0.22949238262746888,0.16927770424332594,0.4854033966004938,0.482444183564121,0.0,0.0,0.5867671385823705,0.6733931366591589,0.0,0.0,1.0,1.0,1.0,1.0,3.2732219240790306,3.3095348888619682,0.0,0.0
434,434.0,0.37249971366488066,0.4192238150410843,2.625157890739286e-17,0.1113880230304705,0.0200626426376402,0.02493377804057665,0.026113462401553926,42.6449251473956,0.46693696860619793,45.59405725609642,0.5162331425612798,0.9043634499917337,0.884717880316272,4.965066909790039e-05,1.8656253814697266e-05,1.00803310791038,0.8494467046102293,2.682209014892578e-05,1.6450881958007812e-05,401.0,0.2302687740226547,0.17289120319121856,0.5289990842453306,0.6130690301299174,0.0,0.0,0.5562165385531602,0.5575831966222891,0.0,0.0,1.0,1.0,1.0,1.0,2.8206831069799576,2.644672374503716,0.0,0.0
435,435.0,0.3566622475169631,0.4071688726065079,1.5284803126151285e-16,0.105474423379555,0.07449689821805802,0.0257725460687652,0.023129455628804776,42.87838219269211,0.4646071851354581,45.49805496531352,0.5156165394465116,0.8755902567489914,0.8542291428666438,5.167722702026367e-05,2.002716064453125e-05,0.9036324398568729,0.8910159365332654,2.789497375488281e-05,1.7940998077392578e-05,500.0,0.19263846287473205,0.14215451242170016,0.47026254757445957,0.49232559506531065,0.0,0.0,0.6013845194850305,0.6061156044706906,0.0,0.0,1.0,1.0,1.0,1.0,1.4892011368195328,1.9491771455848035,0.0,0.0
436,436.0,0.3559456405241368,0.39857809818978945,1.431112584608218e-16,0.1054222728452563,0.023436281247995752,0.05771474639186632,0.01798593311104915,42.975975893389474,0.49096407728942915,45.60399269083686,0.5170064459384611,0.8766768905635355,0.8782046263242883,5.1975250244140625e-05,2.002716064453125e-05,0.8745129296344334,0.8536533031774051,2.813339233398437e-05,1.7881393432617188e-05,501.0,0.19653578393331783,0.1436816370115189,0.48758529729041356,0.5344368475369581,0.0,0.0,0.61164674125089,0.6022689645479874,0.0,0.0,1.0,1.0,1.0,1.0,3.1556155211933046,2.9805310605146587,0.0,0.0
437,437.0,0.3514110281608188,0.36820301489290547,9.863551665058206e-17,0.1008163942633923,0.052330920414533376,0.04065430787159122,0.015192231629043726,43.37054245996155,0.4603450494224114,45.99684187598487,0.48389643749312045,0.8467192951947751,0.80848359890675,5.644559860229492e-05,2.1219253540039062e-05,0.8696509550435697,0.8639647290548997,2.9921531677246094e-05,1.8656253814697266e-05,600.0,0.1702155649332502,0.12154667316046269,0.4946325117441328,0.5081733243124074,0.0,0.0,0.5341914348435078,0.5650410070510438,0.0,0.0,1.0,1.0,1.0,1.0,2.237708208809455,2.604893802383377,0.0,0.0
438,438.0,0.3483765429400093,0.38007162718729604,1.4610608286114892e-16,0.1007747775799075,0.023985983338206975,0.030165147618390602,0.0501930472091771,42.97721638501611,0.4528801921155533,46.10067900451509,0.4836884511391713,0.8469838650872685,0.8256383518392751,5.835294723510742e-05,2.1517276763916016e-05,0.8483354853826957,0.8088517443605499,2.8967857360839844e-05,1.883506774902344e-05,601.0,0.17461670186144018,0.12263700095050815,0.47733571447078793,0.4860514802045058,0.0,0.0,0.5184021576559731,0.5310041982690262,0.0,0.0,1.0,1.0,1.0,1.0,2.6593027454462144,3.143402123042992,0.0,0.0
439,439.0,0.3388818062840051,0.35216450037648706,7.275504076266983e-17,0.0970337297769897,0.01225835969671605,0.03513649682281535,0.01362924900604405,43.344004488034116,0.4739723525366205,45.98476626282395,0.5011616242558781,0.8445798177359006,0.8300788309173028,5.805492401123047e-05,2.1755695343017578e-05,0.8323832448119743,0.817360473733775,3.027915954589844e-05,1.913309097290039e-05,700.0,0.15441578619701368,0.10637793921465893,0.4725169906551468,0.4820802666238541,0.0,0.0,0.5319719169160804,0.5306901851050693,0.0,0.0,1.0,1.0,1.0,1.0,1.944561239315773,2.092210223440066,0.0,0.0
440,440.0,0.32939076663227995,0.3724884150345283,1.78524176870497e-16,0.0969993511250836,0.041092686238698606,0.1309403181658126,0.0548278671340085,43.217618328101054,0.432676546844998,45.980115459535895,0.5017131856575276,0.8451560431363059,0.7930225764140679,5.918741226196289e-05,2.187490463256836e-05,0.8444868334308941,0.8311958406745943,2.9981136322021484e-05,1.9609928131103516e-05,701.0,0.15566605459498278,0.10716696438728338,0.4712400622066863,0.4880673205335992,0.0,0.0,0.5412386891840126,0.5321388910479045,0.0,0.0,1.0,1.0,1.0,1.0,2.6137382367513085,2.6535383458383306,0.0,0.0
441,441.0,0.3096813559293734,0.3486876463833491,1.6767125989913468e-16,0.0938687499151236,0.0491875622537918,0.04455356503603975,0.029847183264791903,43.43253679895672,0.4552991121542781,46.786280061242536,0.5237139465721086,0.8574498443598042,0.7994138366699128,6.091594696044922e-05,2.318620681762695e-05,0.8259413950679649,0.7837598108766172,3.272294998168945e-05,2.086162567138672e-05,800.0,0.14279355230751312,0.09452893111371585,0.4633181684648173,0.4814463182036849,0.0,0.0,0.5488927634850269,0.5592049950747563,0.0,0.0,1.0,1.0,1.0,1.0,2.898693109714223,2.9334110331919647,0.0,0.0
442,442.0,0.3089463109010736,0.35149398650898434,1.7342069330062927e-16,0.0938396207417439,0.08432614291086792,0.09445325145497918,0.0163057878380641,43.49851030151688,0.47307258830005944,46.814015358111234,0.5089527915224005,0.8382906881287238,0.8066288922730975,6.157159805297852e-05,2.3603439331054688e-05,0.8569311654439962,0.8006161804509633,3.74913215637207e-05,2.1278858184814453e-05,801.0,0.14261572297199462,0.09507203853133188,0.47361155802872124,0.46856299842869503,0.0,0.0,0.5502223450627067,0.5469186340221036,0.0,0.0,1.0,1.0,1.0,1.0,3.0723002206770915,2.952398826848615,0.0,0.0
443,443.0,0.3032182648042656,0.34447638457168617,2.346496232432893e-16,0.0911607436972278,0.031497987743932726,0.08902729762485248,0.0410201370250433,43.56736909085214,0.4676681315001409,46.37870450674771,0.4893732332997843,0.8319385801457488,0.8187268845442957,6.657838821411133e-05,2.431869506835937e-05,0.8365551717598408,0.8075769094383956,3.331899642944336e-05,2.1696090698242188e-05,900.0,0.13376313489585126,0.0850794706444058,0.46576743662060716,0.46938841074204374,0.0,0.0,0.5198302303494389,0.4996164948593631,0.0,0.0,1.0,1.0,1.0,1.0,2.658302137478909,2.5913063676626837,0.0,0.0
444,444.0,0.3037371826446109,0.34659359271010803,1.6543058313951006e-16,0.0911355785481921,0.045075711328536223,0.016239794611465123,0.017487097298726374,43.56063729061313,0.4536579483928097,46.38618050315127,0.48803824154038694,0.8299546755584709,0.8022670856528742,6.186962127685547e-05,2.4557113647460938e-05,0.8313001444896555,0.8184071677708025,3.3736228942871094e-05,2.2232532501220703e-05,901.0,0.13361593396383117,0.08610180582667283,0.4704243463817505,0.4889478311529405,0.0,0.0,0.5248591868487692,0.4992384097986151,0.0,0.0,1.0,1.0,1.0,1.0,1.8824685780058508,1.7792281185224206,0.0,0.0
445,445.0,0.29869564899800016,0.3228584522745868,6.909895541323736e-17,0.088803174061834,0.011601529957260876,0.06715998577419663,0.02315067156450815,43.79319300180996,0.4479498804400438,46.6494516397687,0.5522621852271994,0.876501071122727,0.7689336476927626,6.532669067382812e-05,2.5510787963867188e-05,0.8217708886777244,0.7837822687583433,4.225969314575195e-05,2.288818359375e-05,1000.0,0.12476586193324676,0.07842357833199448,0.4591881582726093,0.4793999353575195,0.0,0.0,0.49821075886627086,0.5672242372242694,0.0,0.0,1.0,1.0,1.0,1.0,2.3225656588819072,2.465645331304696,0.0,0.0
446,446.0,0.2979400045858221,0.31919481343417455,2.7843863728919186e-16,0.0887810974475585,0.12424073391593993,0.14009776420425624,0.0276577814947813,43.73634051337228,0.47530366123653256,46.59595611465674,0.5538231292993658,0.8739018808345151,0.8014271488053429,6.461143493652344e-05,2.5331974029541016e-05,0.8768097725483331,0.7687233828686488,3.981590270996094e-05,2.294778823852539e-05,1001.0,0.1246421069649494,0.0786782955916093,0.46499127724972505,0.502742930301396,0.0,0.0,0.47504333358516243,0.5620208196474897,0.0,0.0,1.0,1.0,1.0,1.0,2.8556574885401242,2.51367858432649,0.0,0.0
447,447.0,0.29961981039152963,0.33340597993771853,1.6854290713200905e-16,0.0867220298998607,0.02577976527391,0.11044497549301005,0.023547421034891127,43.76806641892821,0.46412095775391926,46.76649414387337,0.48300743615176595,0.7864451244126687,0.7883709607007707,7.003545761108398e-05,2.682209014892578e-05,0.8743408927024023,0.801955998779069,3.9815902709960944e-05,2.4557113647460938e-05,1100.0,0.11684656165075712,0.07201588839584865,0.49315706662481973,0.5064889519485385,0.0,0.0,0.48960089630830683,0.5375005875244727,0.0,0.0,1.0,1.0,1.0,1.0,3.1828034614617224,2.8065843977418834,0.0,0.0
448,448.0,0.2992183860245556,0.33058116629892437,5.789521966117169e-17,0.086702420621072,0.06886472686892367,0.03273573401384053,0.03576448187232012,43.78932651260635,0.4632685421725856,46.76724963687281,0.4830527845453296,0.7861667514906675,0.7849239897685191,7.319450378417969e-05,2.700090408325195e-05,0.7859677505753158,0.7887855290786779,4.273653030395508e-05,2.41398811340332e-05,1101.0,0.11674046907693406,0.07252536708429418,0.4433921423653378,0.4779885193862094,0.0,0.0,0.4900224555942923,0.5383555143161785,0.0,0.0,1.0,1.0,1.0,1.0,3.0969008307407893,2.9326940568347224,0.0,0.0
449,449.0,0.29573430093271,0.3137084612464222,1.6459862518612799e-16,0.0848639500845086,0.0140199362649582,0.0203356592683121,0.017439673712942676,43.77543474538982,0.45904051604599183,46.6296913597989,0.48809155950800354,0.7915225312721927,0.7691241779345006,7.432699203491211e-05,3.129243850708008e-05,0.7812199157083596,0.7730117786394775,5.0008296966552734e-05,2.5928020477294922e-05,1200.0,0.1109789533525597,0.06676676962708562,0.4580146525394268,0.4796430635505758,0.0,0.0,0.4672435424896705,0.5357950428884396,0.0,0.0,1.0,1.0,1.0,1.0,1.9976770256717797,1.7957073186446855,0.0,0.0
450,450.0,0.2961754359278196,0.3161323994196607,1.3049263162571803e-16,0.0848463525822491,0.07060660305432973,0.14835155714536086,0.029046551440842377,43.88031431911216,0.4709759794816049,46.625435105878225,0.48675140424822744,0.7900732401501082,0.7951870641835312,6.788969039916992e-05,2.765655517578125e-05,0.7913450316148374,0.76873128786049,3.975629806518555e-05,2.5570392608642578e-05,1201.0,0.11088674617050617,0.06706271185506317,0.45078991805494145,0.5026175273245688,0.0,0.0,0.46873714267508515,0.5352789401497944,0.0,0.0,1.0,1.0,1.0,1.0,3.687668130218646,4.136047116946793,0.0,0.0
451,451.0,0.2821912292600376,0.3164062831309962,1.689238860434449e-16,0.0840225040335106,0.019406892417464374,0.09777080407366151,0.01802445325301955,43.77243922202031,0.46557662290784785,46.32273021445981,0.503223487629928,0.7887438254946456,0.7748363604851024,7.253885269165039e-05,2.8192996978759762e-05,0.7855523401968247,0.7896935181710143,4.7087669372558594e-05,2.6226043701171875e-05,1249.0,0.10998300284873448,0.06491732650181564,0.45135279945106044,0.46959904420036036,0.0,0.0,0.5204883333288136,0.5464219403723649,0.0,0.0,1.0,1.0,1.0,1.0,3.2859827426752286,2.629556227052798,0.0,0.0
452,452.0,0.2842302262690475,0.30791060957511773,1.1456086190355198e-16,0.0840057614793203,0.015060248784720825,0.0917927381815388,0.055761105089914,43.83915227319074,0.46855905392672864,46.25151702568948,0.49386762541649276,0.7853231565111107,0.7862788565320066,7.128715515136719e-05,2.8789043426513672e-05,0.7886605185255418,0.7745976980838714,4.5239925384521484e-05,2.694129943847656e-05,1250.0,0.10989522810278954,0.0652546012849696,0.4590610311288365,0.494538313558908,0.0,0.0,0.49354794740962016,0.5378086689033585,0.0,0.0,1.0,1.0,1.0,1.0,3.0705649434823172,3.2403325486158927,0.0,0.0
453,453.0,0.29632570126002516,0.31129972669253686,6.031786394323647e-17,0.0831892820889706,0.07774928800063205,0.19741938251536337,0.0218515091692097,43.887928982595966,0.4854295483999434,46.544317293220814,0.4832210959729756,0.7776959238129877,0.7970992845616176,7.045269012451172e-05,2.9206275939941406e-05,0.7834640811262774,0.7894030237201373,4.3392181396484375e-05,2.6285648345947266e-05,1300.0,0.11028918067423965,0.0629685037269267,0.4538300347044609,0.5027465147339547,0.0,0.0,0.4901679646710146,0.507594740934169,0.0,0.0,1.0,1.0,1.0,1.0,2.998073857102616,3.360916779964479,0.0,0.0
454,454.0,0.29663513845893963,0.3187035108798765,3.616300724927577e-16,0.0831733530730009,0.05159401835408053,0.10926804150221867,0.03316567739238955,43.930400548990264,0.44477413420002393,46.551189758487425,0.466863525108494,0.7694480163895041,0.7575201039804884,7.009506225585938e-05,2.872943878173828e-05,0.7780361986824889,0.7966687441390905,4.178285598754883e-05,2.694129943847656e-05,1301.0,0.11020515658434357,0.06309977769882823,0.44446087090227204,0.48006400981896963,0.0,0.0,0.4820053385391271,0.5061951141355321,0.0,0.0,1.0,1.0,1.0,1.0,2.2584785974396233,2.346569321351294,0.0,0.0
455,455.0,0.28841052548969104,0.3023716691527307,4.2856189139178193e-16,0.0816678125481673,0.014984270033892175,0.0200927011319436,0.020953333354555,43.89502752425577,0.4587504385849532,46.616573860307284,0.5537896679326941,0.8487114959143776,0.7636058475275171,6.99758529663086e-05,3.147125244140625e-05,0.7616846419921243,0.7536272041832411,5.048513412475586e-05,2.8371810913085938e-05,1400.0,0.10419632357489382,0.05917550108774537,0.45717739759154763,0.4722689760483894,0.0,0.0,0.5091756909354862,0.5605012998668198,0.0,0.0,1.0,1.0,1.0,1.0,3.6348294191999804,3.5601536005467813,0.0,0.0
456,456.0,0.2880118050573784,0.3098385449343746,6.159132000054211e-17,0.0816532873697275,0.013097137038130249,0.03439639962743965,0.019184989621862724,43.88880275246798,0.4637569341873349,46.61855124795552,0.5528857209557322,0.8478116954024151,0.7710506725170443,7.611513137817383e-05,3.0159950256347656e-05,0.8485206707351883,0.7633050987274799,4.273653030395508e-05,2.765655517578125e-05,1401.0,0.10412200639193078,0.05963336148842485,0.4430657585645981,0.49253688132300805,0.0,0.0,0.5084790418465985,0.5605096258607154,0.0,0.0,1.0,1.0,1.0,1.0,3.315831518227921,3.360782144590556,0.0,0.0
457,457.0,0.2793140661204526,0.29098295855231837,1.5870874354681426e-17,0.0802893690915395,0.028236195154022398,0.11458270688308397,0.0179338483139872,43.85484858478565,0.47923595124322016,46.59348398911195,0.5985684799380239,0.8953899703162779,0.7713448186706953,7.671117782592773e-05,3.218650817871094e-05,0.8464429733013826,0.7718175303790065,4.9233436584472656e-05,2.8431415557861325e-05,1499.0,0.0994188028655992,0.0559993834809707,0.458789397390576,0.49268233614022455,0.0,0.0,0.5778583625518496,0.558464977289605,0.0,0.0,1.0,1.0,1.0,1.0,1.7564019423718564,1.7202188179214235,0.0,0.0
458,458.0,0.27942180199531585,0.29667611010221223,1.9613325360279966e-16,0.0802760286625518,0.013944039412308425,0.04684144922066477,0.017464861390180823,43.82012276110315,0.46657982607229936,46.58748916244453,0.6006496692686096,0.8952483105252061,0.7663159514552128,8.016824722290039e-05,3.314018249511719e-05,0.8952483105559879,0.7709772932668415,4.571676254272461e-05,2.8848648071289062e-05,1500.0,0.0997613540187883,0.0562940167925327,0.42581204397944844,0.46888829369619534,0.0,0.0,0.5810383992233823,0.5584649772792529,0.0,0.0,1.0,1.0,1.0,1.0,2.1495226177173317,2.441665558468158,0.0,0.0
459,459.0,0.2791718352925773,0.29680992332887524,2.0357774784212282e-16,0.0802626993090558,0.020558026793878477,0.0176039336947724,0.01915142202051355,43.81865782701752,0.4589540175978165,46.49012372081701,0.6458755072756936,0.9408924011533446,0.7527635116950147,7.56382942199707e-05,3.2007694244384766e-05,0.8949695995108469,0.766040030939627,4.9591064453125e-05,2.9087066650390625e-05,1501.0,0.0996954693531937,0.056489152596035826,0.4615145156204792,0.46369392857835334,0.0,0.0,0.6033575714582782,0.5583387046029015,0.0,0.0,1.0,1.0,1.0,1.0,3.0534443026153237,3.735677699211143,0.0,0.0
460,460.0,0.280961149999497,0.29269154204414366,2.848534838259436e-16,0.078995298617965,0.03980298392707475,0.020037163048982575,0.0172957709874026,43.89869651250259,0.4617055711639729,46.894217021149906,0.5206661656999456,0.8099090490921075,0.756088845627217,7.909536361694336e-05,3.7610530853271484e-05,0.9326935184161264,0.7470332504769308,5.030632019042969e-05,3.0398368835449222e-05,1600.0,0.0949566239158201,0.05323969178374235,0.46742701517037283,0.4836156222965048,0.0,0.0,0.48611173398912877,0.5531003961836465,0.0,0.0,1.0,1.0,1.0,1.0,3.35874666540424,3.6791407260577054,0.0,0.0
461,461.0,0.2794628643743028,0.29407012112594233,1.8872408824574577e-17,0.0789829988435762,0.022547494561877077,0.046276905748527455,0.01755099894944575,43.9168969735092,0.45259909782917557,46.88867502122289,0.5283058051134063,0.8170794556852295,0.7532104644564523,7.665157318115234e-05,3.254413604736328e-05,0.8095389033629915,0.7559164340370423,4.404783248901367e-05,3.0100345611572266e-05,1601.0,0.09489730833443367,0.05360068940157307,0.433872850422974,0.4625325028424593,0.0,0.0,0.4909144409777424,0.5029310408189034,0.0,0.0,1.0,1.0,1.0,1.0,2.3991014201204246,2.1633885561569914,0.0,0.0
462,462.0,0.27827297502905907,0.28146194873025143,2.0444708161682316e-16,0.0778106258566658,0.0538210137165151,0.02418726315954695,0.02367324882652605,43.90927793568815,0.46897285769009606,46.520043012955895,0.48741165811791504,0.767793594200624,0.7526666156958732,8.779764175415039e-05,3.36766242980957e-05,0.8105160432064078,0.7502722107667572,4.881620407104492e-05,3.129243850708008e-05,1700.0,0.09206579620919918,0.05073270729436835,0.43600165971096744,0.4841439946058961,0.0,0.0,0.4474659116880878,0.4968881694116594,0.0,0.0,1.0,1.0,1.0,1.0,2.3447958942784086,2.069552761018997,0.0,0.0
463,463.0,0.278068322637799,0.29049465862901913,1.2771469436265355e-17,0.0777992208544018,0.0138037995202466,0.0650537543697282,0.020085326454136476,43.91838369228881,0.47577050773001894,46.76168870228022,0.48748259485572837,0.7675199956863481,0.7647631943886758,8.660554885864258e-05,3.355741500854492e-05,0.7676792702071169,0.7528832273466977,5.036592483520508e-05,3.11732292175293e-05,1701.0,0.0920119003606585,0.05083553951886057,0.4613832064872804,0.525036920948406,0.0,0.0,0.44890258348480094,0.49924205118230214,0.0,0.0,1.0,1.0,1.0,1.0,1.5733716828915503,1.7157224304460306,0.0,0.0
464,464.0,0.2761854847411783,0.2891302922215797,5.747334699883934e-17,0.0772614059864891,0.012621291098184825,0.019195123284589426,0.022094083600677522,43.928503806875014,0.48067512209880836,46.74414521987746,0.5107772532791944,0.7918594287824519,0.7572250941395017,9.095668792724611e-05,3.4689903259277344e-05,0.764144416314893,0.7615368301323058,6.80088996887207e-05,3.314018249511719e-05,1749.0,0.0921869943184075,0.0495923549301288,0.4396983970884233,0.48721385795940975,0.0,0.0,0.48062943039348316,0.5064368510672383,0.0,0.0,1.0,1.0,1.0,1.0,3.366917494644707,3.2754533763674,0.0,0.0
465,465.0,0.2734068336171198,0.28212422928901276,2.83091056136614e-18,0.0772503977357308,0.027348388335667523,0.08144654898205772,0.028535892139188876,43.99622839040576,0.4708100337900129,46.7969012379572,0.5181209228675553,0.7950173890653733,0.7508040873846291,8.827447891235352e-05,3.540515899658203e-05,0.791793632174127,0.7573876408438727,5.9545040130615234e-05,3.24249267578125e-05,1750.0,0.09296265631946908,0.04978837296036605,0.4568872472031904,0.48958057441276753,0.0,0.0,0.48082442863311853,0.5174727093792422,0.0,0.0,1.0,1.0,1.0,1.0,2.91921496619781,3.0772829076320716,0.0,0.0
466,466.0,0.27444791998530604,0.2835841466221659,1.4168414056642926e-16,0.0767097739174945,0.0510032983729615,0.03357109363423655,0.018633223604410824,43.98004373996504,0.4611094313886241,46.40364307819239,0.4851288799146575,0.7645711331345812,0.735021610552014,8.928775787353516e-05,4.5299530029296875e-05,0.7905955009218525,0.7495701416183145,6.479024887084961e-05,3.409385681152344e-05,1800.0,0.09257596881499103,0.04859513710080798,0.44842971287722727,0.47928963089334653,0.0,0.0,0.481285406975677,0.46674242262100357,0.0,0.0,1.0,1.0,1.0,1.0,2.280161390184542,2.1514636859727947,0.0,0.0
467,467.0,0.27442500862220137,0.28614432866377626,1.707751695685872e-16,0.0766991529724262,0.05225084116682405,0.042388021014630746,0.0248934577684849,44.04179015525891,0.47305696318682244,46.421881144765116,0.4831871798573014,0.7634253867993348,0.758062413222252,9.304285049438475e-05,3.5822391510009766e-05,0.7643756756381159,0.7347308441451441,5.2869319915771484e-05,3.2901763916015625e-05,1801.0,0.09252466861716135,0.04872390328355468,0.4505093936267748,0.4675434906442214,0.0,0.0,0.48400013189941143,0.48340492856531203,0.0,0.0,1.0,1.0,1.0,1.0,2.1503550605537107,2.3124922980619207,0.0,0.0
468,468.0,0.2711920373770359,0.2812624846729994,4.749773044984266e-18,0.0756826376293065,0.023477576556615476,0.042010833742097,0.02388444123789665,43.97566234752131,0.4873938024325638,46.53939558008995,0.5069299451786721,0.7808392534669374,0.7666393677487338,8.565187454223633e-05,4.094839096069336e-05,0.7601113301636677,0.7572417250285499,6.121397018432617e-05,3.4332275390625e-05,1900.0,0.08972869460640849,0.046312889776586874,0.43268251204409824,0.4756978489813086,0.0,0.0,0.49951853502775667,0.500672281234055,0.0,0.0,1.0,1.0,1.0,1.0,2.5365601453352435,2.907641440600419,0.0,0.0
469,469.0,0.27110148739581535,0.27353705762236435,1.6555778550581586e-16,0.0756727087819129,0.013001709652598925,0.053406058286782354,0.01987773051951075,43.969890454277554,0.47515342630366225,46.54149492500754,0.5071644991572917,0.7807395810219565,0.7558909839720642,8.666515350341797e-05,3.647804260253906e-05,0.780811693792175,0.7667627741737628,4.7087669372558594e-05,3.36766242980957e-05,1901.0,0.09066008011522,0.0464466270432405,0.4314822763366496,0.47057405954093834,0.0,0.0,0.49451696233282877,0.4991210613084609,0.0,0.0,1.0,1.0,1.0,1.0,3.052425641996596,2.744455503223526,0.0,0.0
470,470.0,0.26038289831238215,0.27870814587262754,5.4597045447509567e-17,0.0747301020011991,0.0121260622981935,0.02585966215701765,0.0247458512894809,43.90759594960494,0.4779991400971939,46.60927095585205,0.4917596436467533,0.7610909933173897,0.7578770696488053,9.191036224365234e-05,3.743171691894531e-05,0.7748690452214899,0.7486717024901465,5.9723854064941406e-05,3.540515899658203e-05,1999.0,0.08839994503675963,0.044283856169018254,0.44483144163240834,0.4880323059620425,0.0,0.0,0.48185212806057476,0.49616067776148026,0.0,0.0,1.0,1.0,1.0,1.0,3.0322586950974855,3.432169462543216,0.0,0.0
471,471.0,0.26571230395671575,0.2814354439391993,2.4240792249639797e-16,0.0747207822900992,0.01537986251059915,0.07401368505088604,0.02048896235646675,43.9881697515674,0.48763620379100225,46.380646543294425,0.49155197993172756,0.7603842623472752,0.7703548820988299,9.107589721679688e-05,3.743171691894531e-05,0.7608100201625465,0.7577698431604829,5.1081180572509766e-05,3.463029861450195e-05,2000.0,0.09007477831808718,0.0444587778514511,0.4700385837725859,0.4728717401651089,0.0,0.0,0.48230042054654154,0.4969237636446634,0.0,0.0,1.0,1.0,1.0,1.0,1.8409719429179192,1.4526313035132228,0.0,0.0
472,472.0,0.21096137951533028,0.21096137951533134,0.0,0.2006220914929266,0.07660486421082167,0.0149485149304382,0.013495263061486126,5.165584852089615e-32,0.0,5.165584852089615e-32,0.0,0.2109613795153302,0.21096137951533134,4.416704177856445e-05,1.436471939086914e-05,1.0,1.0,1.889467239379883e-05,1.1980533599853514e-05,0.0,2.4777073866335644,2.6310763130699133e-08,0.8861583018115231,0.9414113180833075,0.0,0.0,0.8861583018115268,0.941411318083311,0.0,0.0,0.0,0.0,0.0,0.0,4.350294384723258,4.30738539083537,0.0,0.0
473,473.0,0.21966324933088396,0.2196632493308833,0.0,0.1916829312738817,0.0937472900259308,0.0681529073626734,0.00801269122166555,7.332765207964496e-32,0.0,4.3046540434080123e-32,0.0,0.21966324933088396,0.2196632493308833,3.629922866821289e-05,1.430511474609375e-05,0.2571990138009418,0.2571990138009359,1.889467239379883e-05,1.1682510375976562e-05,1.0,3.1672588439332037,2.056833597244306,0.8890943531797301,0.9167401813349347,0.0,0.0,0.88909435317973,0.9167401813349365,0.0,0.0,0.0,0.0,0.0,0.0,4.237005086096188,4.198737638799104,0.0,0.0
474,474.0,0.31031210450441615,0.3103121045044161,1.208909515702948e-15,0.1732050807568877,1.161332830437459,0.9440528933191672,0.1096488009789027,8.038482805637384e-32,0.0,2.869769362272008e-32,0.0,0.31031210450441615,0.31031210450441615,3.8623809814453125e-05,1.4543533325195312e-05,0.5223069706979228,0.5223069706979205,1.8656253814697266e-05,1.3649463653564453e-05,4.0,2.799816487997673,2.3637868638775625,0.929044915273632,0.9465589443102703,0.0,0.0,0.929044915273632,0.9465589443102703,0.0,0.0,0.0,0.0,0.0,0.0,1.7687327427454467,1.916177179595198,0.0,0.0
475,475.0,0.336016116740579,0.336016116740579,9.547918011776346e-16,0.1687023975571047,1.0123683729907498,1.0607922550989315,0.1451586679322645,6.495995605066376e-32,0.0,2.582792426044807e-32,0.0,0.336016116740579,0.336016116740579,3.814697265625e-05,1.4066696166992188e-05,0.34035474072474464,0.34035474072474464,1.8715858459472656e-05,1.2159347534179688e-05,5.0,2.5259385560348004,2.35969501052063,0.9265774222771096,0.9897201808992051,0.0,0.0,0.9265774222770414,0.9897201808981422,0.0,0.0,0.0,0.0,0.0,0.0,1.5365869816138527,1.4245414634138964,0.0,0.0
476,476.0,0.30458855608523644,0.3041284900064315,3.0134624954111393e-16,0.1550919461871511,0.5591520041343756,0.7184050537762232,0.14488864940358323,9.317782908456744,0.07406656654096916,9.921547444950914,0.08854648056937432,0.4131794740853053,0.4055124084216694,3.8743019104003906e-05,1.4841556549072267e-05,0.4507246118423486,0.4507246118423487,1.937150955200195e-05,1.2218952178955078e-05,9.0,2.059249233421898,1.8402381284996088,0.8953446935986583,0.9096651816362071,0.0,0.0,0.8689594146206734,0.8957426267717352,0.0,0.0,0.0,0.0,0.0,0.0,3.161702269859854,3.559124229886761,0.0,0.0
477,477.0,0.3126959093346756,0.303355420629991,9.3443771239284e-16,0.1524398244463844,1.0453066025511362,0.6235008983057924,0.02684454468544565,11.390240145882393,0.11583835333521642,11.61462932325364,0.10575475698027957,0.43160957000012046,0.4256745644133224,3.6597251892089844e-05,1.436471939086914e-05,0.4288295634768511,0.45788529499177144,1.8417835235595703e-05,1.2040138244628905e-05,10.0,1.9502298068962307,1.9468793838035117,0.9063865786688956,0.8873421248676364,0.0,0.0,0.8105079437402231,0.8418337441482064,0.0,0.0,0.0,0.0,0.0,0.0,2.493470819302139,2.3755714020985406,0.0,0.0
478,478.0,0.3109937984954368,0.2806267913450923,1.0503294140861677e-15,0.1436920876330724,0.7748627232504077,0.48313064198009664,0.12051681522279971,17.202799554759096,0.17912050255300344,18.67305274094603,0.16056448265123685,0.46157406472038653,0.47981163851039865,3.892183303833008e-05,1.430511474609375e-05,0.4805928554577116,0.5053351068955438,2.026557922363281e-05,1.2218952178955078e-05,14.0,1.8750012303967913,1.6914949430593946,0.8181293558773165,0.8970185871286175,0.0,0.0,0.9580128198527853,1.007611000802131,0.0,0.0,0.0,0.0,0.0,0.0,2.5529190302127462,2.72243060359409,0.0,0.0
479,479.0,0.30753073822417587,0.2855818372121213,5.745404152435186e-16,0.1418612413504763,0.5979898828663863,0.3214274172205478,0.024721417808905223,18.757311550979626,0.19152111907735284,19.923091225104464,0.16389532576850613,0.5001470711935702,0.5130664339158006,3.778934478759766e-05,1.4543533325195312e-05,0.520602974163703,0.5001199138132548,1.889467239379883e-05,1.2159347534179688e-05,15.0,1.8249563150019106,1.8169807797736495,0.8864081886680313,0.9188459035907842,0.0,0.0,0.8336694650185789,0.8641906871833288,0.0,0.0,0.0,0.0,0.0,0.0,2.3416406524980746,2.498551951521525,0.0,0.0
480,480.0,0.2966687076020425,0.31715010868130217,6.476300976980079e-16,0.1355403005414767,0.38753775035729626,0.47357107658172026,0.0791534844320267,23.284954781827537,0.24481248889056312,24.356497002504508,0.19682654536547448,0.5206117179168017,0.5657251455996193,3.719329833984375e-05,1.4543533325195312e-05,0.5827637122311073,0.6088034211900308,1.889467239379883e-05,1.1980533599853514e-05,19.0,1.8406586251456993,1.710572426864752,0.8007928085781879,0.8287753516185978,0.0,0.0,0.8831402222073959,0.925128630775976,0.0,0.0,0.0,0.0,0.0,0.0,2.764626421495755,2.6883607143420276,0.0,0.0
481,481.0,0.305750883654898,0.3153596733642886,5.906386491005833e-16,0.1341640786499873,0.8058349569328129,0.3520467777270823,0.03222570859361435,23.80765517055104,0.26894518044383536,25.069535411870497,0.22093734652788188,0.5548116605689478,0.5879568442258319,3.88026237487793e-05,1.4066696166992188e-05,0.5601007527972482,0.5784065207435642,1.937150955200195e-05,1.2218952178955078e-05,20.0,1.7596972004479179,1.8140355165451323,0.7839051378323986,0.8563437093806977,0.0,0.0,0.8041237931233925,0.9108988716717451,0.0,0.0,0.0,0.0,0.0,0.0,1.8863206448827943,1.8504795279740518,0.0,0.0
482,482.0,0.31687640673602013,0.321468491110492,6.669501552343772e-16,0.1242371629699656,0.21399619022849947,0.4289668975397944,0.07698504102881991,29.00396684315107,0.35486475218412017,30.35115959816695,0.285522438333472,0.652027021222451,0.7344548352569736,3.88026237487793e-05,1.430511474609375e-05,0.6518220908552651,0.7134399339489506,1.931190490722656e-05,1.239776611328125e-05,29.0,1.5015045421869677,1.4465884515394243,0.7987160195072553,0.8338382995045991,0.0,0.0,0.767051811454377,0.7895395755959931,0.0,0.0,0.0,0.0,0.0,0.0,1.7714492751570283,1.5830284464142252,0.0,0.0
483,483.0,0.32922799456861096,0.33180648626053855,5.622486603280257e-16,0.1233400850701559,0.6373373045935296,0.5140577616402879,0.015781720459926825,29.694810251370757,0.3244493915498997,30.69140285024636,0.33092545175377536,0.6822799399545816,0.6614843933286978,3.892183303833008e-05,1.4543533325195312e-05,0.6438018252120912,0.7209702929140964,1.919269561767578e-05,1.239776611328125e-05,30.0,1.5805922659371754,1.518118909752503,0.7883787221290576,0.8068523879368289,0.0,0.0,0.7801138962886198,0.807533015839273,0.0,0.0,0.0,0.0,0.0,0.0,2.1475141725786706,2.095307817541607,0.0,0.0
484,484.0,0.3216782962904756,0.35440775861603413,2.9967348047499343e-16,0.1060660171779821,0.08055970625719047,0.24072211718885222,0.022380660171620475,35.46446786915496,0.4847450786771104,38.190700849878404,0.4953000011154196,0.8251639039008901,0.8657969155284366,3.743171691894531e-05,1.4543533325195312e-05,0.836544989913454,0.8575791524407832,1.943111419677734e-05,1.239776611328125e-05,59.0,0.9636740221614993,0.8534108656600325,0.7117029356911544,0.7301893314597789,0.0,0.0,0.6781581327188662,0.7289450675561657,0.0,0.0,1.0,0.25,0.25,1.0,1.8086278156582987,1.9162774215938754,0.0,0.0
485,485.0,0.3126252388102434,0.35588194013463026,4.462242541281879e-16,0.105655696074697,0.21331915719201783,0.39628482866100967,0.04296568402787665,36.44081236952642,0.43790850535606873,37.985763078133125,0.4712198843944646,0.8080147843352646,0.8204255283001859,3.8743019104003906e-05,1.5020370483398438e-05,0.8273105241395107,0.8562355501682175,1.9788742065429688e-05,1.239776611328125e-05,60.0,0.9540674437451505,0.9030161750978565,0.7418389084680934,0.76440830821847,0.0,0.0,0.7659744489393432,0.7479938807108918,0.0,0.0,0.0,0.0,0.0,0.25,2.6922108868072443,2.9671201555099604,0.0,0.0
486,486.0,0.3006121618234726,0.33261822358648274,7.618244659451669e-16,0.0937181981076076,0.0866389365983195,0.33441254083300004,0.059923582361079725,38.66972678761995,0.4880918280808724,41.50322961009716,0.46119867160162686,0.774492326569372,0.8137833059177729,3.987550735473633e-05,1.531839370727539e-05,0.8582568321622757,0.8287700614272572,2.002716064453125e-05,1.2934207916259767e-05,100.0,0.6708957158552322,0.5622619793720678,0.60181755259952,0.6487078383877893,0.0,0.0,0.6589415482911672,0.750186930887977,0.0,0.0,1.0,0.0,1.0,1.0,1.8611054218199672,1.724524646091469,0.0,0.0
487,487.0,0.3006227992772762,0.3179458114667525,2.1916430934227737e-16,0.0934963783320796,0.09340068063465873,0.23930191562976685,0.01607326843077315,39.33081155708866,0.4541621341837059,41.52205945470677,0.4962701316309595,0.808573795377304,0.8149959828455449,4.017353057861328e-05,1.5079975128173828e-05,0.7821173669963634,0.8136989789942807,2.1755695343017578e-05,1.3113021850585938e-05,101.0,0.7237146936352464,0.5779955353137141,0.6521678156804095,0.6286179575211863,0.0,0.0,0.6689244574453476,0.6812924613320166,0.0,0.0,1.0,0.25,1.0,1.0,2.8807503913844243,2.4121549432038485,0.0,0.0
488,488.0,0.27085836439284056,0.27358806427943394,5.9572942784764504e-18,0.0792834955203553,0.016097049927338927,0.030059462704230076,0.0141892406973056,41.38864172652278,0.4889893113284733,44.063975876943886,0.5590137029396205,0.8198913892940907,0.8004386633801017,4.482269287109375e-05,1.6748905181884766e-05,0.8456652881569202,0.8256017465245772,2.2470951080322266e-05,1.430511474609375e-05,200.0,0.3955838977779414,0.30396049147780235,0.5361648667219034,0.5893070998990437,0.0,0.0,0.5922152226918472,0.6383472234706147,0.0,0.0,1.0,1.0,1.0,1.0,2.6144241146277154,2.5045080488165947,0.0,0.0
489,489.0,0.26638049984727585,0.2744408658854002,0.0,0.0791871020345141,0.0315214976435527,0.1396878553787246,0.014564003038685701,41.599939383738175,0.48972756224241804,44.15953253373748,0.49628876824919066,0.7813063246663497,0.8069254358243827,4.3392181396484375e-05,1.6927719116210938e-05,0.8170895498294494,0.800600692205138,2.288818359375e-05,1.430511474609375e-05,201.0,0.4012249571359849,0.3142156149689005,0.5722688267356308,0.5461672758724241,0.0,0.0,0.5649027840069267,0.5774623776539095,0.0,0.0,1.0,1.0,1.0,1.0,2.9877819192495587,3.248951226563529,0.0,0.0
490,490.0,0.24442782929549708,0.26095912126824383,9.10018872643571e-18,0.0717870810719088,0.02679709537187585,0.14638877735706043,0.02466143632773305,42.416438760398854,0.5298675051212718,45.64842562581178,0.5146407308859089,0.7635282034542913,0.7890826963530557,5.137920379638672e-05,1.7940998077392578e-05,0.7647802562354169,0.8066819254696211,2.47955322265625e-05,1.52587890625e-05,300.0,0.29170804591973154,0.21618241862993393,0.5687015345870499,0.5669589455730162,0.0,0.0,0.5497059889640312,0.5671404522236417,0.0,0.0,1.0,1.0,1.0,1.0,3.9247760612248124,3.8526009977033944,0.0,0.0
491,491.0,0.24203937137510736,0.2716932238555373,6.530723674265627e-18,0.071728359484065,0.02292492298874995,0.0795520283863879,0.019090669404249548,42.34540875208334,0.47840468085240717,45.84733958729779,0.5769530202473934,0.8280752703442471,0.7728196372058997,4.8160552978515625e-05,1.7881393432617188e-05,0.7648071968979278,0.7873507489012017,2.4855136871337887e-05,1.5497207641601562e-05,301.0,0.2907414945242987,0.21953099480276855,0.5128259955860723,0.5261134066900125,0.0,0.0,0.5726349607679487,0.5930922278532029,0.0,0.0,1.0,1.0,1.0,1.0,2.7542075337975493,2.7193030860859237,0.0,0.0
492,492.0,0.22522471847031947,0.248848937618865,2.9379790781284236e-16,0.0668740304976421,0.018841122568119248,0.10738973005209115,0.0170870818546973,42.959287540883416,0.4938192915587499,45.58011544001708,0.6378735951688768,0.8588339150556243,0.7454799302037726,5.352497100830078e-05,1.8596649169921875e-05,0.820315002566895,0.7602844952604129,2.580881118774414e-05,1.627206802368164e-05,400.0,0.22927002508632965,0.1690553467021867,0.5583529942529637,0.530723061532424,0.0,0.0,0.5846674822349708,0.6759023018219075,0.0,0.0,1.0,1.0,1.0,1.0,3.2732219240790306,3.3095348888619682,0.0,0.0
493,493.0,0.2327143634533867,0.2585812907302593,2.625157890739286e-17,0.0668328138182823,0.034249528194777654,0.15084770781686524,0.0302183222956955,42.6449251473956,0.48124418834861094,45.59405725609642,0.5892394586872803,0.8373552535131846,0.7399861211378136,5.3882598876953125e-05,1.8417835235595703e-05,0.8576820428433569,0.7445022895608053,2.682209014892578e-05,1.627206802368164e-05,401.0,0.23004690125702512,0.17266933042558896,0.5324025493681677,0.5906815840665323,0.0,0.0,0.5621220097438914,0.5794247674213723,0.0,0.0,1.0,1.0,1.0,1.0,2.8206831069799576,2.644672374503716,0.0,0.0
494,494.0,0.2158073646063826,0.25294175962570953,1.5284803126151285e-16,0.0632846540277329,0.021336039179004673,0.07035591540625317,0.015021788014564651,42.87838219269211,0.49637440012803385,45.49805496531352,0.5664879386075401,0.7970556301189162,0.7457440772585384,5.02467155456543e-05,1.937150955200195e-05,0.8150422424699366,0.7393499609656891,2.771615982055664e-05,1.7702579498291016e-05,500.0,0.19245571179360738,0.14197176134057543,0.4858038738544241,0.497584553434579,0.0,0.0,0.6075600915467306,0.5468222446853281,0.0,0.0,1.0,1.0,1.0,1.0,1.4892011368195328,1.9491771455848035,0.0,0.0
495,495.0,0.21566730811390267,0.24358023822869213,1.431112584608218e-16,0.0632533637071538,0.019872192991897398,0.11748458392685276,0.025462758669164,42.975975893389474,0.5200629577978773,45.60399269083686,0.5841795193773498,0.8025277987882926,0.7636589165814506,5.233287811279297e-05,1.9848346710205078e-05,0.7963362454251366,0.7488215214607828,2.682209014892578e-05,1.7642974853515625e-05,501.0,0.19635335534396092,0.143499208422162,0.5493338874051489,0.5452645416539309,0.0,0.0,0.6210752274209793,0.6124805171722203,0.0,0.0,1.0,1.0,1.0,1.0,3.1556155211933046,2.9805310605146587,0.0,0.0
496,496.0,0.21772424159040682,0.22320599144309894,9.863551665058206e-17,0.0604898365580354,0.013385186670347975,0.07461322803283107,0.015912305389065226,43.37054245996155,0.4631071021950493,45.99684187598487,0.5199615190457911,0.7386126591310976,0.6878891334129944,5.650520324707031e-05,2.092123031616211e-05,0.7976471830947165,0.7488906244575334,3.0040740966796875e-05,1.8417835235595703e-05,600.0,0.1700601215001555,0.12139122972736799,0.461199800117624,0.505996455833761,0.0,0.0,0.5521919135803426,0.5422365098046864,0.0,0.0,1.0,1.0,1.0,1.0,2.237708208809455,2.604893802383377,0.0,0.0
497,497.0,0.21407655649951768,0.23375430866414879,1.4610608286114892e-16,0.0604648665479445,0.015630769252311376,0.03699008788680653,0.016176446573808748,42.97721638501611,0.4688471641571721,46.10067900451509,0.48539999924220445,0.7260768991140074,0.6968767885357028,5.7041645050048835e-05,2.1338462829589844e-05,0.7396548503587888,0.6879822560135223,3.0517578125e-05,1.913309097290039e-05,601.0,0.17446148898774697,0.12248178807681495,0.4737692062614294,0.4790653681099791,0.0,0.0,0.5255862234576338,0.5080080380081522,0.0,0.0,1.0,1.0,1.0,1.0,2.6593027454462144,3.143402123042992,0.0,0.0
498,498.0,0.20751830316750378,0.21156287917829641,7.275504076266983e-17,0.0582202378661938,0.02299905521795145,0.040326812595594605,0.01714410260319705,43.344004488034116,0.4873890253099502,45.98476626282395,0.4804419953813179,0.6911608454088701,0.7076430697696439,5.823373794555664e-05,2.2470951080322266e-05,0.7181201715510477,0.7000000307988528,3.319978713989258e-05,1.9788742065429688e-05,700.0,0.15428035885167207,0.10624251186931732,0.47419935792896284,0.48845184942581144,0.0,0.0,0.4930776594179163,0.49762788725530255,0.0,0.0,1.0,1.0,1.0,1.0,1.944561239315773,2.092210223440066,0.0,0.0
499,499.0,0.2073328938229862,0.2250406940222743,1.78524176870497e-16,0.0581996106750501,0.012537758506368825,0.06995522289071228,0.016457381832879002,43.217618328101054,0.4803353786424047,45.980115459535895,0.5014066045232707,0.7136739573299895,0.6997206507768821,5.8531761169433594e-05,2.199411392211914e-05,0.6922434221698552,0.7088329147747845,3.4868717193603516e-05,1.9788742065429688e-05,701.0,0.15553080057711208,0.10703171036941267,0.48125542627389517,0.5378324717132108,0.0,0.0,0.5150552382714528,0.5268573354564794,0.0,0.0,1.0,1.0,1.0,1.0,2.6137382367513085,2.6535383458383306,0.0,0.0
500,500.0,0.18785847210943368,0.21385192298598765,1.6767125989913468e-16,0.0563212499490741,0.014255823392886625,0.06470589851960536,0.016161819396074775,43.43253679895672,0.48850849656685114,46.786280061242536,0.5237139465721052,0.7249874542544092,0.7036581226611489,5.739927291870117e-05,2.3663043975830078e-05,0.7037135502742752,0.6952663127941776,3.725290298461914e-05,2.09808349609375e-05,800.0,0.1426734517319461,0.09440883053814875,0.464578984400272,0.4918966807343134,0.0,0.0,0.5488927634839033,0.559351933404068,0.0,0.0,1.0,1.0,1.0,1.0,2.898693109714223,2.9334110331919647,0.0,0.0
501,501.0,0.18731918389880972,0.21386458719392493,1.7342069330062927e-16,0.0563037724450463,0.01417574984952805,0.0691050944733433,0.017076494114007724,43.49851030151688,0.4736974358023801,46.814015358111234,0.5089527916962595,0.707141772275299,0.6745331317803288,5.841255187988281e-05,2.2947788238525394e-05,0.7242735660905086,0.7030600342027906,3.343820571899414e-05,2.038478851318359e-05,801.0,0.14249575761950262,0.09495207317883994,0.471810703255526,0.48894421174720637,0.0,0.0,0.5502223451312298,0.5470452794588496,0.0,0.0,1.0,1.0,1.0,1.0,3.0723002206770915,2.952398826848615,0.0,0.0
502,502.0,0.1824753000906031,0.20712992594446733,2.346496232432893e-16,0.0546964462183367,0.0123953950242139,0.05545845191227267,0.016392370045650674,43.56736909085214,0.47028892450454574,46.37870450674771,0.4820359812174631,0.6894661151112058,0.6852153540719416,6.389617919921875e-05,2.5093555450439453e-05,0.7102339302725305,0.6773000061406199,3.743171691894531e-05,2.1755695343017578e-05,900.0,0.13365516179538917,0.0849714975439437,0.45818916503801227,0.49720542940775825,0.0,0.0,0.48923902332696234,0.49961649488143967,0.0,0.0,1.0,1.0,1.0,1.0,2.658302137478909,2.5913063676626837,0.0,0.0
503,503.0,0.18254387180665982,0.20881851567691742,1.6543058313951006e-16,0.0546813471289152,0.02189813414588565,0.0272153603145852,0.017951868358068147,43.56063729061313,0.48023897596607024,46.38618050315127,0.48180535243600575,0.6889798542328698,0.6960302376948982,6.139278411865234e-05,2.5331974029541016e-05,0.6888730974600061,0.6846230393363502,4.285573959350586e-05,2.2172927856445312e-05,901.0,0.13350806940776017,0.08599394127060182,0.4586351325752958,0.47531323442122153,0.0,0.0,0.4868602671313181,0.49923840982135914,0.0,0.0,1.0,1.0,1.0,1.0,1.8824685780058508,1.7792281185224206,0.0,0.0
504,504.0,0.18143102610797904,0.194057441784259,6.909895541323736e-17,0.0532819044371004,0.013089312240481325,0.08126860676566133,0.020500776707194676,43.79319300180996,0.4609240028483984,46.6494516397687,0.5380105626713104,0.7232014054513757,0.656724391429935,6.818771362304688e-05,2.5987625122070312e-05,0.6835551126905703,0.6799432423029641,3.725290298461914e-05,2.2232532501220703e-05,1000.0,0.12466773327053887,0.07832544966928667,0.42456105502961644,0.47104949027523,0.0,0.0,0.47010582468798134,0.571809375027306,0.0,0.0,1.0,1.0,1.0,1.0,2.3225656588819072,2.465645331304696,0.0,0.0
505,505.0,0.1810597776261088,0.1919164913929292,2.7843863728919186e-16,0.0532686584685351,0.013800341577734725,0.06785306014353402,0.02452024363446975,43.73634051337228,0.4761889333754114,46.59595611465674,0.5371066553121151,0.7224622222670096,0.7007155577568113,6.812810897827148e-05,2.5033950805664062e-05,0.7234778914911695,0.6572062969036975,3.731250762939453e-05,2.2470951080322266e-05,1001.0,0.124544067422019,0.07858025604867894,0.4810310354017448,0.4919070345851663,0.0,0.0,0.4700426178264902,0.5698600195925337,0.0,0.0,1.0,1.0,1.0,1.0,2.8556574885401242,2.51367858432649,0.0,0.0
506,506.0,0.18251064391480887,0.2014133832151771,1.6854290713200905e-16,0.0520332179399164,0.012912604783195974,0.055198174261022345,0.01856994139961895,43.76806641892821,0.47357882133428136,46.76649414387337,0.48581193471642503,0.676632917737624,0.6854673613833329,7.253885269165039e-05,2.5987625122070312e-05,0.724133736144739,0.6969287090998723,3.725290298461914e-05,2.3603439331054688e-05,1100.0,0.11675658958078862,0.07192591632588015,0.45883431614825076,0.48996226984083996,0.0,0.0,0.4807444017936907,0.5348259045197737,0.0,0.0,1.0,1.0,1.0,1.0,3.1828034614617224,2.8065843977418834,0.0,0.0
507,507.0,0.18266832753198364,0.2031701214022293,5.789521966117169e-17,0.0520214523726432,0.013812249526381475,0.0619337955140508,0.016541651741135824,43.78932651260635,0.48430098272696975,46.76724963687281,0.4853478171713221,0.6757772297113366,0.6949501587419791,7.18235969543457e-05,2.658367156982422e-05,0.6761387027351311,0.6849912592797702,4.291534423828125e-05,2.390146255493164e-05,1101.0,0.11665057153360654,0.07243546954096668,0.45002730850130773,0.493362435220317,0.0,0.0,0.48120844449110634,0.5344345357337588,0.0,0.0,1.0,1.0,1.0,1.0,3.0969008307407893,2.9326940568347224,0.0,0.0
508,508.0,0.182636236007684,0.1920370117362898,1.6459862518612799e-16,0.0509183700507051,0.013818018371239249,0.06115989136742425,0.01754236471606415,43.77543474538982,0.45913203988783696,46.6296913597989,0.49727736562015096,0.6831766385661044,0.6611915098540772,7.051229476928711e-05,2.7239322662353516e-05,0.6691105435096173,0.6943270034209315,4.601478576660156e-05,2.5093555450439453e-05,1200.0,0.11089585386799553,0.06668367014252162,0.4726894249737655,0.47352210572877335,0.0,0.0,0.46626705652502026,0.5463407422061154,0.0,0.0,1.0,1.0,1.0,1.0,1.9976770256717797,1.7957073186446855,0.0,0.0
509,509.0,0.18248712207356022,0.19043147257031817,1.3049263162571803e-16,0.0509078115493494,0.0133825486991554,0.020201652427203926,0.018794386880472302,43.88031431911216,0.4821887804214838,46.625435105878225,0.49454112459156363,0.6796516882892463,0.6796904477990853,6.73532485961914e-05,2.777576446533203e-05,0.6833751915376546,0.6612143960751495,4.4763088226318366e-05,2.491474151611328e-05,1201.0,0.11080370996421475,0.06697967564877168,0.45231621716655823,0.4837290038859143,0.0,0.0,0.4662670565229514,0.5142960156703571,0.0,0.0,1.0,1.0,1.0,1.0,3.687668130218646,4.136047116946793,0.0,0.0
510,510.0,0.17326846222665648,0.19200471182945206,1.689238860434449e-16,0.0504135024201063,0.013085571757983375,0.06858352653216562,0.023076737299561452,43.77243922202031,0.4665682134572096,46.32273021445981,0.5039402481719408,0.6781593082495991,0.6588498418089899,7.671117782592773e-05,2.801418304443359e-05,0.6760552887736853,0.6750674815337443,4.845857620239258e-05,2.580881118774414e-05,1249.0,0.10990289160122897,0.06483721525431015,0.4610267133823824,0.46668297241338624,0.0,0.0,0.520590755559893,0.5469707953648836,0.0,0.0,1.0,1.0,1.0,1.0,3.2859827426752286,2.629556227052798,0.0,0.0
511,511.0,0.1747177121356292,0.1905757135826207,1.1456086190355198e-16,0.0504034568875922,0.0198923150310292,0.030848714930470977,0.0237191408523358,43.83915227319074,0.4861677969720343,46.25151702568948,0.493867625416506,0.6713482867338872,0.6837342496631349,7.206201553344727e-05,2.866983413696289e-05,0.6781001798261094,0.659677002279961,4.8041343688964844e-05,2.574920654296875e-05,1250.0,0.10981517553971723,0.06517454872189721,0.4711968594599599,0.5128130305952211,0.0,0.0,0.49354794741039015,0.5378086689114207,0.0,0.0,1.0,1.0,1.0,1.0,3.0705649434823172,3.2403325486158927,0.0,0.0
512,512.0,0.18020211047056722,0.18677983601552212,6.031786394323647e-17,0.0499135692533823,0.01326306955888865,0.10052807885222134,0.01790055067976935,43.887928982595966,0.4867183498231628,46.544317293220814,0.48035113627513637,0.6594385137495116,0.6842502779375205,6.854534149169922e-05,3.135204315185547e-05,0.6695924904354238,0.6769190932661796,4.887580871582031e-05,2.6702880859375e-05,1300.0,0.11021195365797545,0.0628912767106625,0.4612505738077386,0.4987871380681877,0.0,0.0,0.48072250246625103,0.5075947409512295,0.0,0.0,1.0,1.0,1.0,1.0,2.998073857102616,3.360916779964479,0.0,0.0
513,513.0,0.18182305395244897,0.19286558071498178,3.616300724927577e-16,0.0499040118438005,0.021546340896748,0.07181453146040433,0.016737262660171802,43.930400548990264,0.47074024505832435,46.551189758487425,0.47515145513340995,0.6572539435397251,0.6622734188887398,7.146596908569336e-05,2.9027462005615234e-05,0.659578174663124,0.683837849431377,4.1902065277099616e-05,2.6106834411621094e-05,1301.0,0.11012798398851707,0.06302260510300176,0.4415944247015366,0.47782717095262184,0.0,0.0,0.4839575918373832,0.5167529877199329,0.0,0.0,1.0,1.0,1.0,1.0,2.2584785974396233,2.346569321351294,0.0,0.0
514,514.0,0.17412972974893193,0.1818073126091491,4.2856189139178193e-16,0.0490006875289004,0.0142759339069016,0.0184927751543,0.016622366732917702,43.89502752425577,0.46797789341498647,46.616573860307284,0.523108766643612,0.7011204727616396,0.6523715610926552,7.045269012451172e-05,3.0219554901123047e-05,0.6527086487593401,0.6576735383476604,4.202127456665039e-05,2.706050872802734e-05,1400.0,0.10412417444143493,0.059103351954286454,0.4553666432698941,0.4724621725930293,0.0,0.0,0.48362951862388043,0.5235355181526068,0.0,0.0,1.0,1.0,1.0,1.0,3.6348294191999804,3.5601536005467813,0.0,0.0
515,515.0,0.17406869816281528,0.1859057391748853,6.159132000054211e-17,0.0489919724218365,0.012133748969063149,0.0372099709347821,0.0179017886403016,43.88880275246798,0.5009725751236473,46.61855124795552,0.5235188162272649,0.7017074901539366,0.6799595897770294,8.046627044677734e-05,3.1113624572753906e-05,0.7008782678495953,0.6522773775167179,4.7087669372558594e-05,2.813339233398437e-05,1401.0,0.10404990457591978,0.05956125967241388,0.4490489829555116,0.5030959216061281,0.0,0.0,0.483754402881188,0.5216374557552643,0.0,0.0,1.0,1.0,1.0,1.0,3.315831518227921,3.360782144590556,0.0,0.0
516,516.0,0.17024988172205174,0.17458977513504528,1.5870874354681426e-17,0.0481736214549236,0.01279089145828035,0.06274998118169597,0.0155775868915952,43.85484858478565,0.48611333073692803,46.59348398911195,0.5398645622786568,0.7101000070525683,0.664363891212268,7.480382919311523e-05,3.3974647521972656e-05,0.703315322685857,0.6759424470007216,4.655122756958008e-05,2.8252601623535153e-05,1499.0,0.09935104799002673,0.05593162860539827,0.45408715497812574,0.495545575207683,0.0,0.0,0.5369181964983374,0.548261513669883,0.0,0.0,1.0,1.0,1.0,1.0,1.7564019423718564,1.7202188179214235,0.0,0.0
517,517.0,0.17104950446513967,0.17893869655149056,1.9613325360279966e-16,0.048165617197531,0.015054370276629848,0.028494699450675322,0.01681495254160835,43.82012276110315,0.4804618346592617,46.58748916244453,0.5943386162531109,0.7670930454560638,0.6686428693741931,7.259845733642578e-05,3.069639205932617e-05,0.7098139127378562,0.6640101428561187,4.1425228118896484e-05,2.86102294921875e-05,1500.0,0.099693640727962,0.056226303501706404,0.44631230941129063,0.47223279967017845,0.0,0.0,0.5810383991515811,0.5551164225201671,0.0,0.0,1.0,1.0,1.0,1.0,2.1495226177173317,2.441665558468158,0.0,0.0
518,518.0,0.17119539628481337,0.17847474622181925,2.0357774784212282e-16,0.0481576195854335,0.012117480800952724,0.017953100730664952,0.017955677583813626,43.81865782701752,0.4758200000368121,46.49012372081701,0.6210806309403213,0.7817411746135726,0.6665703393477873,7.748603820800781e-05,3.3020973205566406e-05,0.7666693291671585,0.6683201823447016,4.798173904418945e-05,2.9087066650390625e-05,1501.0,0.09962779759469059,0.05642148083753273,0.4733428624309651,0.5005055854284378,0.0,0.0,0.5821253415144501,0.5550120399888568,0.0,0.0,1.0,1.0,1.0,1.0,3.0534443026153237,3.735677699211143,0.0,0.0
519,519.0,0.169678580437806,0.1763092253660975,2.848534838259436e-16,0.047397179170779,0.012549142178613625,0.07054821139900007,0.019375540199689498,43.89869651250259,0.46267258318477184,46.894217021149906,0.5206661656999576,0.6949907637220852,0.6418152850810481,8.308887481689453e-05,3.230571746826172e-05,0.7820058584246772,0.6607009543218223,4.6253204345703125e-05,2.968311309814453e-05,1600.0,0.09489282007975011,0.05317588794767232,0.4618350393046446,0.49205697726608805,0.0,0.0,0.4692122201175897,0.500671591171667,0.0,0.0,1.0,1.0,1.0,1.0,3.35874666540424,3.6791407260577054,0.0,0.0
520,520.0,0.16855044217248805,0.1764420726845795,1.8872408824574577e-17,0.0473897993061457,0.01202341512544075,0.01802487351233135,0.01802615966880685,43.9168969735092,0.45851851990598214,46.88867502122289,0.5244942909917858,0.699986108670881,0.6392196205565432,8.511543273925781e-05,3.3795833587646484e-05,0.6946385110702528,0.6414993020674202,5.275011062622071e-05,3.075599670410156e-05,1601.0,0.09483354125487195,0.05353692232201138,0.43753741008615965,0.47833179676716114,0.0,0.0,0.470141470987822,0.5018554004386839,0.0,0.0,1.0,1.0,1.0,1.0,2.3991014201204246,2.1633885561569914,0.0,0.0
521,521.0,0.16887862575532386,0.17001327782064746,2.0444708161682316e-16,0.0466863755139995,0.0149256150471046,0.022332969703711528,0.0181674600462429,43.90927793568815,0.4691653409060059,46.520043012955895,0.48384236651446344,0.6560875154962329,0.6431048790556074,8.422136306762695e-05,3.3855438232421875e-05,0.6944079215864128,0.6379516907447704,5.0961971282958984e-05,3.0934810638427734e-05,1700.0,0.09200546475084966,0.050672375836018774,0.4366290397424654,0.4829687286083665,0.0,0.0,0.4600738521631832,0.4786935873545527,0.0,0.0,1.0,1.0,1.0,1.0,2.3447958942784086,2.069552761018997,0.0,0.0
522,522.0,0.16817861136434245,0.17754643726167285,1.2771469436265355e-17,0.046679532512641,0.011989772261585999,0.0206453086575493,0.01701211172621695,43.91838369228881,0.4819795607268716,46.76168870228022,0.5022004830396114,0.6773534670948971,0.6558628883615267,8.511543273925781e-05,3.445148468017578e-05,0.6559132240242295,0.6429857601812053,5.245208740234375e-05,3.1054019927978516e-05,1701.0,0.0919516016693227,0.05077524082752478,0.47549867338245294,0.525405865258656,0.0,0.0,0.46454582914345577,0.48568374470319375,0.0,0.0,1.0,1.0,1.0,1.0,1.5733716828915503,1.7157224304460306,0.0,0.0
523,523.0,0.17030113495379148,0.17347817533220125,5.747334699883934e-17,0.0463568435918934,0.0141685855342075,0.02907988097285845,0.017894135846290724,43.928503806875014,0.4888245521692345,46.74414521987746,0.4897365364380025,0.6629722174748771,0.6663490941985898,8.445978164672852e-05,3.421306610107422e-05,0.6728514829744894,0.6542886963443755,5.6624412536621094e-05,3.24249267578125e-05,1749.0,0.0921282266049214,0.0495335872166427,0.4918822338092844,0.486560392520342,0.0,0.0,0.4886524406390446,0.50082144155654,0.0,0.0,1.0,1.0,1.0,1.0,3.366917494644707,3.2754533763674,0.0,0.0
524,524.0,0.16519986071394976,0.16931747176407141,2.83091056136614e-18,0.0463502386414385,0.013411259162239701,0.0472224983386695,0.019051937095355173,43.99622839040576,0.47143691437434826,46.7969012379572,0.4901238739258772,0.6569663375618688,0.6425684239716687,8.165836334228516e-05,3.683567047119141e-05,0.6630813152669864,0.6667024974153399,5.6803226470947266e-05,3.272294998168945e-05,1750.0,0.09290391965362041,0.049729636294517425,0.4450835122292046,0.50187261611366,0.0,0.0,0.48884743885032783,0.4932705732828199,0.0,0.0,1.0,1.0,1.0,1.0,2.91921496619781,3.0772829076320716,0.0,0.0
525,525.0,0.16466875195261368,0.17048275952560696,1.4168414056642926e-16,0.0460258643504967,0.011873878363985551,0.07032835914287712,0.018747258989605973,43.98004373996504,0.47603445116204424,46.40364307819239,0.48891361555485047,0.6588646055219359,0.6498597151500629,9.101629257202148e-05,3.671646118164063e-05,0.6576765069769104,0.6408556057037779,5.882978439331055e-05,3.2782554626464844e-05,1800.0,0.09251874274534733,0.048537911031164276,0.4611737347405329,0.48188962218431797,0.0,0.0,0.48169494778931243,0.4725039845326562,0.0,0.0,1.0,1.0,1.0,1.0,2.280161390184542,2.1514636859727947,0.0,0.0
526,526.0,0.16465500515860987,0.17212234760048878,1.707751695685872e-16,0.0460194917834557,0.0124730089446529,0.033681076602078905,0.019444570585619575,44.04179015525891,0.47834637223540644,46.421881144765116,0.5010695761427058,0.6721865280918916,0.6549792918912958,8.869171142578125e-05,3.546476364135742e-05,0.6586822654219708,0.6495708968984701,5.805492401123047e-05,3.236532211303711e-05,1801.0,0.09246747194690255,0.048666706613295876,0.4472096934712069,0.46981400459664824,0.0,0.0,0.48463739677798906,0.48845141332639563,0.0,0.0,1.0,1.0,1.0,1.0,2.1503550605537107,2.3124922980619207,0.0,0.0
527,527.0,0.16518247643954698,0.1690901814055606,4.749773044984266e-18,0.0454095825775839,0.01135018229251725,0.017767903918866026,0.017363652645144598,43.97566234752131,0.48779326256667405,46.53939558008995,0.497794901458992,0.6647878251623608,0.6561769914936396,8.875131607055664e-05,4.3392181396484375e-05,0.6691287017759953,0.653188626504585,6.0439109802246094e-05,3.4868717193603516e-05,1900.0,0.08967426272532297,0.04625845789550138,0.43288599147983386,0.4740010903347703,0.0,0.0,0.48082388423217187,0.503061707764824,0.0,0.0,1.0,1.0,1.0,1.0,2.5365601453352435,2.907641440600419,0.0,0.0
528,528.0,0.16526985531420815,0.16412223457615843,1.6555778550581586e-16,0.0454036252691477,0.0116716115735471,0.026432302081957453,0.019966427644248975,43.969890454277554,0.4826565389476989,46.54149492500754,0.4976784745813391,0.6645444218222692,0.6507345978775497,9.250640869140624e-05,3.832578659057617e-05,0.6645444218226669,0.6560360580899635,5.644559860229492e-05,3.445148468017578e-05,1901.0,0.0906056747642828,0.0463922216923033,0.4317045721615541,0.4756188114835739,0.0,0.0,0.4810217927349881,0.5027962536681522,0.0,0.0,1.0,1.0,1.0,1.0,3.052425641996596,2.744455503223526,0.0,0.0
529,529.0,0.15744038619210848,0.16724169633302338,5.4597045447509567e-17,0.0448380612007194,0.01360919565195215,0.019492627005092727,0.018890939303673776,43.90759594960494,0.4844221255029097,46.60927095585205,0.5141415256615409,0.6784195281069185,0.6581589950216551,9.638071060180663e-05,4.875659942626953e-05,0.658149695250386,0.653291025275245,6.008148193359375e-05,3.5643577575683594e-05,1999.0,0.08834801702666223,0.04423192815892085,0.4483211931099477,0.4880323059620425,0.0,0.0,0.4864631439774185,0.4844699160021581,0.0,0.0,1.0,1.0,1.0,1.0,3.0322586950974855,3.432169462543216,0.0,0.0
530,530.0,0.1594273823957951,0.17034432675604805,2.4240792249639797e-16,0.0448324693740595,0.014038237510248975,0.05362527194665742,0.018763500964269,43.9881697515674,0.5376496832013777,46.380646543294425,0.5307405392906581,0.689996608704983,0.7084291769919613,8.982419967651367e-05,4.458427429199219e-05,0.6781425138164433,0.657892482384147,6.008148193359375e-05,3.4809112548828125e-05,2000.0,0.09002287439600859,0.04440687392937257,0.52546478425495,0.4980470993518359,0.0,0.0,0.5619914588812829,0.5383967868908892,0.0,0.0,1.0,1.0,1.0,1.0,1.8409719429179192,1.4526313035132228,0.0,0.0
531,531.0,0.0703204598384565,0.07032045983845357,0.0,0.0668740304976422,0.09463346202392123,0.0167903382098302,0.05127178871771313,5.165584852089615e-32,0.0,5.165584852089615e-32,0.0,0.0703204598384565,0.07032045983845357,4.673004150390625e-05,1.4722347259521484e-05,1.0,1.0,1.8656253814697266e-05,1.1980533599853514e-05,0.0,2.4777073866335644,2.6310763130699133e-08,0.8861583018115438,0.941411318083306,0.0,0.0,0.8861583018115442,0.9414113180833088,0.0,0.0,0.0,0.0,0.0,0.0,4.350294384723258,4.30738539083537,0.0,0.0
532,532.0,0.07322108311029815,0.07322108311029632,0.0,0.0638943104246272,0.2872553914785385,0.10662951361155135,0.07111781125422564,7.332765207964496e-32,0.0,4.3046540434080123e-32,0.0,0.07322108311029815,0.07322108311029632,3.74913215637207e-05,1.4781951904296877e-05,0.1052079543826555,0.10520795438264763,1.9073486328125e-05,1.2099742889404295e-05,1.0,3.164279123860189,2.053853877171291,0.8890943531797301,0.9167401813349358,0.0,0.0,0.88909435317973,0.916740181334936,0.0,0.0,0.0,0.0,0.0,0.0,4.237005086096188,4.198737638799104,0.0,0.0
533,533.0,0.10348972859422165,0.10348972859422158,1.208909515702948e-15,0.0577350269189625,0.8981103419791907,1.1463251781533472,0.08976052922662342,8.038482805637384e-32,0.0,2.869769362272008e-32,0.0,0.10348972859422165,0.10348972859422158,3.772974014282227e-05,1.4185905456542969e-05,0.37898769052636777,0.3789876905263676,1.817941665649414e-05,1.3589859008789062e-05,4.0,2.796160886566201,2.3601312624460915,0.929044915273632,0.9465589443102702,0.0,0.0,0.929044915273632,0.9465589443102703,0.0,0.0,0.0,0.0,0.0,0.0,1.7687327427454467,1.916177179595198,0.0,0.0
534,534.0,0.1121219112568804,0.11212191125688042,9.547918011776346e-16,0.0562341325190349,0.9819025888573378,0.8794431082787924,0.04941916931420558,6.495995605066376e-32,0.0,2.582792426044807e-32,0.0,0.1121219112568804,0.11212191125688042,3.772974014282227e-05,1.430511474609375e-05,0.11465722763889788,0.11465722763889792,1.883506774902344e-05,1.2218952178955078e-05,5.0,2.5223919233752645,2.3561483778610937,0.9291429415495858,0.9914250318502849,0.0,0.0,0.9291429415495858,0.9914250318502849,0.0,0.0,0.0,0.0,0.0,0.0,1.5365869816138527,1.4245414634138964,0.0,0.0
535,535.0,0.10303104619644515,0.10193139552449113,3.0134624954111393e-16,0.051697315395717,0.9983878723578528,1.586721828149166,0.01551456254674115,9.317782908456744,0.08459916059342933,9.921547444950914,0.0955388513134756,0.20662212294794635,0.20346017209018277,3.5703182220458984e-05,1.436471939086914e-05,0.27259054373564695,0.27259054373564684,1.8656253814697266e-05,1.2159347534179688e-05,9.0,2.056213890401513,1.8372027854792237,0.9065277739775022,0.9469952615291992,0.0,0.0,0.8726639747036454,0.9250476568949935,0.0,0.0,0.0,0.0,0.0,0.0,3.161702269859854,3.559124229886761,0.0,0.0
536,536.0,0.1042319697782252,0.10116437355775496,9.3443771239284e-16,0.0508132748154614,2.064420731680002,1.0439113468164578,0.07439550838898865,11.390240145882393,0.10790263134619912,11.61462932325364,0.11327598718041235,0.22695443835484058,0.21987925953225015,3.9517879486083984e-05,1.4543533325195312e-05,0.2461821983881963,0.24571325623338244,1.9669532775878906e-05,1.2218952178955078e-05,10.0,1.9473096694994707,1.9439592464067514,0.9272188272198183,0.8907903287827141,0.0,0.0,0.9102909592432622,0.8816866539636384,0.0,0.0,0.0,0.0,0.0,0.0,2.493470819302139,2.3755714020985406,0.0,0.0
537,537.0,0.10431582441240247,0.09406811535412189,1.0503294140861677e-15,0.0478973625443574,1.0342247990774922,0.5307101685320958,0.08787211065646255,17.202799554759096,0.17960993251273416,18.67305274094603,0.15790467891664733,0.27287856551002904,0.2820248148194266,3.719329833984375e-05,1.4126300811767578e-05,0.36730539084747726,0.3196994137334962,1.9609928131103516e-05,1.2636184692382812e-05,14.0,1.87247100800302,1.6889647206656235,0.7813880644074487,0.8871723704862814,0.0,0.0,0.9918041654609555,1.0094282525853544,0.0,0.0,0.0,0.0,0.0,0.0,2.5529190302127462,2.72243060359409,0.0,0.0
538,538.0,0.10372758919483441,0.09520936904048174,5.745404152435186e-16,0.0472870804501587,0.4731895078439265,0.4881678998935967,0.0839521844754926,18.757311550979626,0.19723527366670235,19.923091225104464,0.19006476735014793,0.3035813210534507,0.3161724793055535,3.516674041748047e-05,1.430511474609375e-05,0.28272938827828753,0.30616583041948237,1.889467239379883e-05,1.2159347534179688e-05,15.0,1.8225079462459752,1.8145324110177143,0.8880472267379166,0.9162692307024508,0.0,0.0,1.0097391154670787,1.019354025865261,0.0,0.0,0.0,0.0,0.0,0.0,2.3416406524980746,2.498551951521525,0.0,0.0
539,539.0,0.09984166366825761,0.1072244518081904,6.476300976980079e-16,0.0451801001804922,0.3905256080324761,0.37406850035768,0.021565373463090502,23.284954781827537,0.2394884773608523,24.356497002504508,0.22680942048714867,0.33428582941633544,0.35315310587085513,4.106760025024414e-05,1.436471939086914e-05,0.4295544609984829,0.3895597762654777,1.937150955200195e-05,1.2218952178955078e-05,19.0,1.8384892321139845,1.708403033833037,0.8004467637010391,0.839201519389444,0.0,0.0,0.8689641968211004,0.9932836492829283,0.0,0.0,0.0,0.0,0.0,0.0,2.764626421495755,2.6883607143420276,0.0,0.0
540,540.0,0.10256891530968815,0.10629247399846142,5.906386491005833e-16,0.0447213595499957,0.4680533084901981,0.21770509338239202,0.020882520882878425,23.80765517055104,0.2648175909252902,25.069535411870497,0.23257744115480838,0.3595474954939501,0.35599482109277886,3.826618194580078e-05,1.4543533325195312e-05,0.38773760985462347,0.349216850756806,1.9073486328125e-05,1.2159347534179688e-05,20.0,1.757587422262428,1.8119257383596425,0.7804018220853438,0.850860065389439,0.0,0.0,0.836449297351378,0.9267728044061287,0.0,0.0,0.0,0.0,0.0,0.0,1.8863206448827943,1.8504795279740518,0.0,0.0
541,541.0,0.11002752858117007,0.10769016706095144,6.669501552343772e-16,0.0414123876566552,0.3511869026697241,0.8478143262327649,0.028160799003671824,29.00396684315107,0.4097719935585968,30.35115959816695,0.29332862927001635,0.4226061434302797,0.5249023022663271,3.653764724731445e-05,1.4543533325195312e-05,0.4787289506986441,0.47916939392012675,1.937150955200195e-05,1.2159347534179688e-05,29.0,1.4998070993309023,1.4448910086833586,0.8808439040431054,0.8844624816672273,0.0,0.0,0.8270318733603776,0.8517248023382035,0.0,0.0,0.0,0.0,0.0,0.0,1.7714492751570283,1.5830284464142252,0.0,0.0
542,542.0,0.11179919704972338,0.11338331264249625,5.622486603280257e-16,0.0411133616900519,0.2680927165783941,0.578176936309319,0.05328969756374127,29.694810251370757,0.36714898380248645,30.69140285024636,0.3338939329900156,0.45140439054736603,0.485302494457456,3.796815872192383e-05,1.430511474609375e-05,0.41523788552350294,0.5218726479813706,1.937150955200195e-05,1.239776611328125e-05,30.0,1.5789302873044277,1.5164569311197555,0.7872288987742955,0.8222910956748885,0.0,0.0,0.8275776494675883,0.8527763655260199,0.0,0.0,0.0,0.0,0.0,0.0,2.1475141725786706,2.095307817541607,0.0,0.0
543,543.0,0.11462795745239765,0.12097875086976823,2.9967348047499343e-16,0.0353553390593273,0.19805515743792054,0.655349415843375,0.048805733793415074,35.46446786915496,0.5174624829507031,38.190700849878404,0.5079627098166005,0.6174273271558633,0.646438870508327,3.892183303833008e-05,1.4841556549072267e-05,0.7013411991966041,0.6937016135802125,2.1278858184814453e-05,1.2636184692382812e-05,59.0,0.9626233991135555,0.8523602426120886,0.7205045265826422,0.7069671646943168,0.0,0.0,0.7439875357121584,0.7741609599645816,0.0,0.0,0.0,0.0,0.0,0.0,1.8086278156582987,1.9162774215938754,0.0,0.0
544,544.0,0.10879939442564268,0.1239910068387447,4.462242541281879e-16,0.0352185653582323,0.25493242696393276,0.612665768887382,0.0418279298464767,36.44081236952642,0.5420100773522726,37.985763078133125,0.5204617907647154,0.6302836181917171,0.6654143409322795,3.6716461181640625e-05,1.5020370483398438e-05,0.6213117523987695,0.659097611503653,1.9848346710205078e-05,1.2874603271484377e-05,60.0,0.9530295596422191,0.901978290994925,0.7217070289972951,0.7878167585575714,0.0,0.0,0.7611781651329887,0.8150343856760682,0.0,0.0,0.0,0.0,0.0,0.0,2.6922108868072443,2.9671201555099604,0.0,0.0
545,545.0,0.10708827024125893,0.1139600401608616,7.618244659451669e-16,0.0312393993692025,0.39408959733555093,0.7694881209172308,0.021143570716958424,38.66972678761995,0.4885073542095706,41.50322961009716,0.5349014340451013,0.6641566462661921,0.6095992679115584,3.892183303833008e-05,1.5854835510253906e-05,0.6776088752172652,0.7531829531849118,2.03251838684082e-05,1.2874603271484377e-05,100.0,0.6701900795952631,0.5615563431120988,0.6464611928959332,0.6456801540645764,0.0,0.0,0.6801346220631028,0.7162307245078211,0.0,0.0,0.0,0.0,0.0,0.0,1.8611054218199672,1.724524646091469,0.0,0.0
546,546.0,0.10823143815971423,0.10727133889380505,2.1916430934227737e-16,0.0311654594440265,0.12348881585057819,0.16722077323356638,0.0245552362757734,39.33081155708866,0.5197920788444731,41.52205945470677,0.6129805433790354,0.7399085115745943,0.6416258152356317,3.987550735473633e-05,1.5020370483398438e-05,0.6696791255787903,0.6051318494747823,1.990795135498047e-05,1.3113021850585938e-05,101.0,0.7230145255753716,0.5772953672538393,0.727306917280235,0.7005662681327492,0.0,0.0,0.6598613699013144,0.6986984302727353,0.0,0.0,0.0,0.0,0.0,0.0,2.8807503913844243,2.4121549432038485,0.0,0.0
547,547.0,0.09696410023874055,0.09300394962887278,5.9572942784764504e-18,0.0264278318401184,0.03144232614431525,0.08642857655650002,0.013464853982441051,41.38864172652278,0.5354309503720363,44.063975876943886,0.5324649954164102,0.6295419783036256,0.6349416472373747,4.470348358154297e-05,1.6748905181884766e-05,0.7758386661790077,0.6714412888066441,2.294778823852539e-05,1.4543533325195312e-05,200.0,0.39518144804005556,0.3035580417399166,0.5473505433356969,0.5972939091293892,0.0,0.0,0.5854292879007947,0.5854309912396471,0.0,0.0,1.0,0.0,0.0,0.0,2.6144241146277154,2.5045080488165947,0.0,0.0
548,548.0,0.09617025327075937,0.09264952670509863,0.0,0.0263957006781713,0.03251115267630665,0.0813060101936571,0.017251526413019726,41.599939383738175,0.4893855780810646,44.15953253373748,0.5265915215013558,0.6231097919925157,0.5919548474855794,4.184246063232422e-05,1.6689300537109375e-05,0.6369375832959173,0.6408207102685354,2.3365020751953125e-05,1.436471939086914e-05,201.0,0.40082418159321787,0.31381483942613353,0.5739964409260295,0.568111057682767,0.0,0.0,0.5661619068917683,0.5537310571058501,0.0,0.0,1.0,0.25,0.25,0.0,2.9877819192495587,3.248951226563529,0.0,0.0
549,549.0,0.0850763890962424,0.0879988240781875,9.10018872643571e-18,0.0239290270239696,0.0252054925076663,0.08223898790311067,0.01362133288057515,42.416438760398854,0.5310966444040264,45.64842562581178,0.5919235140389469,0.686003774983627,0.6263852470356865,4.5478343963623054e-05,1.728534698486328e-05,0.6142213166356159,0.6104537350917909,2.4974346160888672e-05,1.5497207641601562e-05,300.0,0.29142269705944135,0.21589706976964373,0.5687015345870499,0.5826190813532495,0.0,0.0,0.5748820213321065,0.5915883355025465,0.0,0.0,1.0,1.0,1.0,0.25,3.9247760612248124,3.8526009977033944,0.0,0.0
550,550.0,0.0861297733223953,0.09147861779040592,6.530723674265627e-18,0.023909453161355,0.06365464202826836,0.0787193920696154,0.01462354831164695,42.34540875208334,0.47877436666657425,45.84733958729779,0.5937835298709294,0.685315533987235,0.5769391368525643,4.5478343963623054e-05,1.7464160919189453e-05,0.6862068973402282,0.6246552733177948,2.408027648925781e-05,1.531839370727539e-05,301.0,0.2904569608995551,0.21924646117802493,0.5021857609996697,0.5378877867120588,0.0,0.0,0.6029101689527917,0.5964555243247688,0.0,0.0,1.0,1.0,1.0,0.25,2.7542075337975493,2.7193030860859237,0.0,0.0
551,551.0,0.08053749431058302,0.08544284442909529,2.9379790781284236e-16,0.022291343499214,0.023889302217867225,0.0946928249322809,0.01531097758561365,42.959287540883416,0.5216013998604152,45.58011544001708,0.5704235656686458,0.6630752097483287,0.6080132053152136,4.3332576751708984e-05,1.883506774902344e-05,0.6856264577269976,0.5791736432202939,2.813339233398437e-05,1.621246337890625e-05,400.0,0.22904766754519035,0.1688329891610474,0.5580545412981054,0.5290165078073001,0.0,0.0,0.5705643267741125,0.6039007689855784,0.0,0.0,1.0,1.0,1.0,1.0,3.2732219240790306,3.3095348888619682,0.0,0.0
552,552.0,0.07956603335678827,0.0861937635767531,2.625157890739286e-17,0.0222776046060941,0.022652197396382648,0.12979386746883387,0.01441913214512165,42.6449251473956,0.507859438182737,45.59405725609642,0.5750784932263457,0.6669939357715126,0.5948603957595816,5.0187110900878906e-05,1.883506774902344e-05,0.6641141371779661,0.6069049932335202,2.6285648345947266e-05,1.6450881958007812e-05,401.0,0.22982502849139552,0.17244745765995936,0.5376370365535855,0.6089696315809862,0.0,0.0,0.572098018692437,0.6057925868921865,0.0,0.0,0.25,1.0,0.25,0.0,2.8206831069799576,2.644672374503716,0.0,0.0
553,553.0,0.07278428640291927,0.08452763081577033,1.5284803126151285e-16,0.021094884675911,0.0223672853317111,0.10928299906663592,0.017084448423702225,42.87838219269211,0.46446774429298565,45.49805496531352,0.5226437947267084,0.5995798741456938,0.5504357410034048,5.0902366638183594e-05,2.0623207092285153e-05,0.6588819721312944,0.5865972240583781,3.3915042877197266e-05,1.7881393432617188e-05,500.0,0.19227296071248273,0.14178901025945082,0.4947096946113602,0.5736752864932355,0.0,0.0,0.5914235369608163,0.541355414510974,0.0,0.0,1.0,0.25,1.0,1.0,1.4892011368195328,1.9491771455848035,0.0,0.0
554,554.0,0.0729476845353569,0.08157218573235711,1.431112584608218e-16,0.0210844545690512,0.01387433137279,0.0787713302997872,0.01596206118119875,42.975975893389474,0.49258635906779197,45.60399269083686,0.5250117045712405,0.5987484743598952,0.5769163792511633,5.429983139038086e-05,2.014636993408203e-05,0.598673932423488,0.5504549068151241,2.9981136322021484e-05,1.7642974853515625e-05,501.0,0.1961709267546039,0.143316779832805,0.5208274577634958,0.5210843713196912,0.0,0.0,0.5941382537254883,0.5618282208175324,0.0,0.0,1.0,0.25,1.0,0.25,3.1556155211933046,2.9805310605146587,0.0,0.0
555,555.0,0.07391911400266452,0.07551484135668157,9.863551665058206e-17,0.0201632788526784,0.0457559453789144,0.07320496282773087,0.0166824841289781,43.37054245996155,0.4721993349984276,45.99684187598487,0.5461812310154858,0.6242985841664191,0.5468685833798153,5.263090133666992e-05,2.1755695343017578e-05,0.6292134929707811,0.5717629716932857,3.355741500854492e-05,1.889467239379883e-05,600.0,0.16990467806706083,0.12123578629427328,0.4613818854349593,0.5117458348414197,0.0,0.0,0.5103561064132681,0.5558195314019037,0.0,0.0,1.0,1.0,1.0,1.0,2.237708208809455,2.604893802383377,0.0,0.0
556,556.0,0.07417647244174375,0.07791810288805698,1.4610608286114892e-16,0.0201549555159815,0.05185559607343745,0.07976593315834173,0.0168784717679955,42.97721638501611,0.5002913015783115,46.10067900451509,0.5672340016677373,0.6409459907212506,0.5792532871095337,5.221366882324219e-05,2.1278858184814453e-05,0.6255711738066204,0.5467534024266774,2.962350845336914e-05,1.883506774902344e-05,601.0,0.1743062761140537,0.12232657520312175,0.47376920624604857,0.5095050101798645,0.0,0.0,0.5430626692270961,0.6181256376014389,0.0,0.0,1.0,1.0,1.0,0.25,2.6593027454462144,3.143402123042992,0.0,0.0
557,557.0,0.07124290609477497,0.07052095972964645,7.275504076266983e-17,0.0194067459553979,0.013552907912526224,0.025258569919969824,0.01475193689111615,43.344004488034116,0.49745747007732716,45.98476626282395,0.4804419953678332,0.5543609644344147,0.5730480928832642,5.53131103515625e-05,2.193450927734375e-05,0.6356564900882079,0.5869477809423329,3.033876419067383e-05,1.9788742065429688e-05,700.0,0.1541449315063304,0.10610708452397563,0.4741993579291555,0.4971772910364999,0.0,0.0,0.4953527974483077,0.5030095624526463,0.0,0.0,1.0,1.0,1.0,1.0,1.944561239315773,2.092210223440066,0.0,0.0
558,558.0,0.0718283477304863,0.07501658159313834,1.78524176870497e-16,0.0193998702250167,0.012826501624658626,0.07274906977545464,0.0160219405661337,43.217618328101054,0.4971345022155631,45.980115459535895,0.5024297392847203,0.5738238392509729,0.5670844746152033,5.441904067993164e-05,2.288818359375e-05,0.5554920088304848,0.5743423636582003,3.6835670471191406e-05,2.008676528930664e-05,701.0,0.1553955465592413,0.10689645635154188,0.4925864666174685,0.537832471701514,0.0,0.0,0.525526346737041,0.5325752965317271,0.0,0.0,1.0,1.0,1.0,1.0,2.6137382367513085,2.6535383458383306,0.0,0.0
559,559.0,0.06442063006807078,0.0712864525102254,1.6767125989913468e-16,0.0187737499830247,0.015201677510049175,0.06757536012446505,0.0154858922469429,43.43253679895672,0.48850849656685036,46.786280061242536,0.5424495019221216,0.6058881469923016,0.5602250385982838,5.906820297241211e-05,2.312660217285156e-05,0.576483903039056,0.5686227739357208,3.337860107421875e-05,2.09808349609375e-05,800.0,0.142553351156379,0.09428872996258165,0.4645789844002727,0.49189668073431336,0.0,0.0,0.5783883460895332,0.5922443601217958,0.0,0.0,1.0,0.25,1.0,1.0,2.898693109714223,2.9334110331919647,0.0,0.0
560,560.0,0.06454850829319518,0.07146118335583429,1.7342069330062927e-16,0.0187679241483487,0.016977096034679524,0.06106877600541332,0.016416544211097,43.49851030151688,0.4736974358023801,46.814015358111234,0.5049397995444852,0.5711652974992332,0.5415931074834495,6.067752838134766e-05,2.431869506835937e-05,0.6053336209042157,0.5596714600239693,3.6716461181640625e-05,2.086162567138672e-05,801.0,0.14237579226701064,0.09483210782634788,0.47680923288350463,0.5082509133413717,0.0,0.0,0.5401417237591281,0.5856140717356059,0.0,0.0,1.0,1.0,1.0,1.0,3.0723002206770915,2.952398826848615,0.0,0.0
561,561.0,0.06285716665760538,0.0690433086481558,2.346496232432893e-16,0.0182321487394455,0.014816590817645124,0.053063003462739226,0.014347800461109651,43.56736909085214,0.4702889245045463,46.37870450674771,0.5344860453928679,0.6048760261233899,0.5413983600875579,6.240606307983398e-05,2.6345252990722656e-05,0.575002494492113,0.5369829550058783,4.2438507080078125e-05,2.2113323211669922e-05,900.0,0.13354718869492696,0.0848635244434815,0.45818916503801516,0.49720542940775486,0.0,0.0,0.495150488208746,0.5586965991278915,0.0,0.0,1.0,0.0,1.0,1.0,2.658302137478909,2.5913063676626837,0.0,0.0
562,562.0,0.06264279281526636,0.06960617189231143,1.6543058313951006e-16,0.0182271157096384,0.01520200492814175,0.029439928999636274,0.016142559587024125,43.56063729061313,0.48720046370760073,46.38618050315127,0.5936240261140775,0.6580677298857849,0.5574944453901616,6.240606307983398e-05,2.41398811340332e-05,0.6042656580178336,0.5408596474536508,3.4809112548828125e-05,2.1755695343017578e-05,901.0,0.13340020485168919,0.08588607671453093,0.46075735065355716,0.4978534722371133,0.0,0.0,0.5723506611120708,0.5594077123137211,0.0,0.0,1.0,0.0,1.0,1.0,1.8824685780058508,1.7792281185224206,0.0,0.0
563,563.0,0.06125176619806193,0.06468581392808632,6.909895541323736e-17,0.0177606348123668,0.012305887998081674,0.06518883968237787,0.01674285397166385,43.79319300180996,0.4609240028483984,46.6494516397687,0.5532587294591997,0.6212525593078919,0.5283401278909841,6.246566772460938e-05,2.574920654296875e-05,0.6608030102768236,0.5530533925654417,3.784894943237305e-05,2.312660217285156e-05,1000.0,0.12456960460783106,0.07822732100657885,0.4292505675419859,0.4850154145830671,0.0,0.0,0.546619758565708,0.563050098042111,0.0,0.0,1.0,0.0,1.0,1.0,2.3225656588819072,2.465645331304696,0.0,0.0
564,564.0,0.061244528246333724,0.06397216379743728,2.7843863728919186e-16,0.0177562194895117,0.012697516009211499,0.0615754299797117,0.015864650544244723,43.73634051337228,0.47618893337541085,46.59595611465674,0.5432225895789627,0.6131121489919868,0.549395334836884,6.461143493652344e-05,2.5153160095214844e-05,0.6209892238586558,0.5281958991185045,3.898143768310547e-05,2.3066997528076172e-05,1001.0,0.1244460278790886,0.07848221650574852,0.4753142941064743,0.49016282301502134,0.0,0.0,0.4546723949387323,0.5357326093915883,0.0,0.0,1.0,0.0,1.0,1.0,2.8556574885401242,2.51367858432649,0.0,0.0
565,565.0,0.06253011761330962,0.06713779440505904,1.6854290713200905e-16,0.0173444059799721,0.06285160209517923,0.034762686700560146,0.016493405913934077,43.76806641892821,0.47357882133428086,46.76649414387337,0.5430567675131477,0.6045133384353906,0.5442083346839648,6.74128532409668e-05,2.5987625122070312e-05,0.6123852826701266,0.5532243789931273,4.369020462036133e-05,2.408027648925781e-05,1100.0,0.11666661751082003,0.07183594425591165,0.4588343161583941,0.4899622698408384,0.0,0.0,0.5396045757559684,0.5573699484713529,0.0,0.0,1.0,0.25,1.0,1.0,3.1828034614617224,2.8065843977418834,0.0,0.0
566,566.0,0.06252255990304124,0.06772337380074311,5.789521966117169e-17,0.0173404841242144,0.03649247274734078,0.0317753732670098,0.0167696290882304,43.78932651260635,0.4991924772308957,46.76724963687281,0.5425657577775999,0.6040084323573093,0.5663289831200998,6.973743438720703e-05,2.6702880859375003e-05,0.6040084323573125,0.5437641735720875,4.112720489501953e-05,2.396106719970703e-05,1101.0,0.11656067399027915,0.07234557199763925,0.4642264162137715,0.5020350399479808,0.0,0.0,0.5396045757559682,0.557369948471343,0.0,0.0,1.0,0.25,1.0,1.0,3.0969008307407893,2.9326940568347224,0.0,0.0
567,567.0,0.06222404126258457,0.06401233724543445,1.6459862518612799e-16,0.0169727900169017,0.01337602810235685,0.02498321299208325,0.0167401587241329,43.77543474538982,0.4789382680825305,46.6296913597989,0.5342682137331654,0.5981340538619878,0.5415819493066323,6.61611557006836e-05,2.7298927307128906e-05,0.6049106888919481,0.5645784161072396,4.208087921142578e-05,2.5272369384765625e-05,1200.0,0.1108127543834315,0.06660057065795752,0.474006885642225,0.47417089381431154,0.0,0.0,0.49440545371439026,0.5499906547145748,0.0,0.0,1.0,1.0,1.0,1.0,1.9976770256717797,1.7957073186446855,0.0,0.0
568,568.0,0.0622376382230017,0.0634771577006093,1.3049263162571803e-16,0.0169692705164498,0.0150313927442766,0.028004911146126625,0.016333082050550674,43.88031431911216,0.4821887804175909,46.625435105878225,0.49703874047533686,0.559324744898443,0.5510787387236413,6.723403930664062e-05,2.8848648071289062e-05,0.5976769874121086,0.5411718298535357,4.3332576751708984e-05,2.5272369384765625e-05,1201.0,0.11072067375792317,0.06689663944248017,0.4523162171551357,0.4783411365621719,0.0,0.0,0.48572024176916617,0.5003732575163359,0.0,0.0,1.0,1.0,1.0,1.0,3.687668130218646,4.136047116946793,0.0,0.0
569,569.0,0.06030961144174895,0.0640015706098178,1.689238860434449e-16,0.0168045008067021,0.012670587631873776,0.0285822167061269,0.017078295175451723,43.77243922202031,0.4665682134572101,46.32273021445981,0.49897675605172837,0.5624234006554683,0.5308467005893572,6.985664367675781e-05,2.872943878173828e-05,0.5573773943126837,0.5454270167861972,4.214048385620118e-05,2.580881118774414e-05,1249.0,0.1098227803537234,0.06475710400680465,0.4610267133837567,0.46668297241515116,0.0,0.0,0.4764737879478287,0.5202410079099214,0.0,0.0,1.0,0.25,1.0,1.0,3.2859827426752286,2.629556227052798,0.0,0.0
570,570.0,0.06028881423731455,0.06356023173360835,1.1456086190355198e-16,0.016801152295864,0.014355021354276649,0.016374740167520874,0.016748564434237726,43.83915227319074,0.4861677969692291,46.25151702568948,0.4931571396630172,0.5534119010836708,0.5516397680155982,6.723403930664062e-05,2.8848648071289062e-05,0.5624311926343585,0.5316993673166943,4.5180320739746094e-05,2.6226043701171875e-05,1250.0,0.10973512297664482,0.0650944961588249,0.471196859463227,0.5128130305923262,0.0,0.0,0.48522729546762955,0.5147018692167754,0.0,0.0,1.0,1.0,1.0,1.0,3.0705649434823172,3.2403325486158927,0.0,0.0
571,571.0,0.061379532554364624,0.06225994533850733,6.031786394323647e-17,0.0166378564177941,0.012569442798849126,0.06334786588558924,0.016071166144683922,43.887928982595966,0.5008583484496307,46.544317293220814,0.5092458786714276,0.5701064827394499,0.5674037061224233,6.687641143798828e-05,2.9146671295166016e-05,0.5556937336692884,0.5533865969259343,4.3332576751708984e-05,2.646446228027344e-05,1300.0,0.11013472664171133,0.0628140496943983,0.4632334811358784,0.5069699186251514,0.0,0.0,0.505978267419559,0.5256313979493104,0.0,0.0,1.0,1.0,1.0,1.0,2.998073857102616,3.360916779964479,0.0,0.0
572,572.0,0.06109755142750607,0.06428852690499397,3.616300724927577e-16,0.0166346706146001,0.013792787154670725,0.03759681555675335,0.0164564532460644,43.930400548990264,0.47609120169896185,46.551189758487425,0.4814007990944954,0.5427469146579347,0.5386208266492052,7.092952728271484e-05,2.86102294921875e-05,0.5713950213862092,0.5682789152595165,3.963708877563477e-05,2.6047229766845703e-05,1301.0,0.11005081139269057,0.06294543250717533,0.45111321239914853,0.4840241441031682,0.0,0.0,0.48603878844708315,0.512512528003117,0.0,0.0,1.0,1.0,1.0,1.0,2.2584785974396233,2.346569321351294,0.0,0.0
573,573.0,0.0590425136862129,0.060602437545131796,4.2856189139178193e-16,0.0163335625096334,0.012846354977227675,0.017217396234627775,0.016249766980763476,43.89502752425577,0.4783372314911012,46.616573860307284,0.5080716991800561,0.5666723962057489,0.5408249548741981,7.224082946777344e-05,2.956390380859375e-05,0.5465433702475722,0.539332283708017,4.696846008300781e-05,2.7298927307128906e-05,1400.0,0.10405202530797593,0.05903120282082745,0.4583315712305344,0.48204005797021293,0.0,0.0,0.4898830940055078,0.4999835034275547,0.0,0.0,1.0,1.0,1.0,1.0,3.6348294191999804,3.5601536005467813,0.0,0.0
574,574.0,0.05898859161447755,0.06196857970706335,6.159132000054211e-17,0.0163306574739455,0.01244703342672435,0.0171374922501854,0.01675949693890285,43.88880275246798,0.5009725751236473,46.61855124795552,0.5080636875382419,0.5666456239432316,0.5613630949408407,7.2479248046875e-05,3.153085708618164e-05,0.5664980710235312,0.5406820329134273,5.125999450683594e-05,2.86102294921875e-05,1401.0,0.10397780275990878,0.05948915785640288,0.44904898295498263,0.5066057249116263,0.0,0.0,0.49025774677743383,0.5002786207565679,0.0,0.0,1.0,1.0,1.0,0.25,3.315831518227921,3.360782144590556,0.0,0.0
575,575.0,0.05785769466960862,0.058196591714827675,1.5870874354681426e-17,0.0160578738183079,0.012793819769285574,0.04700917378067965,0.01560103765223175,43.85484858478565,0.48725055425561936,46.59348398911195,0.5903544311942197,0.6486225419696978,0.5470451520565269,7.748603820800781e-05,3.528594970703125e-05,0.5714454391105802,0.5585634613285715,4.8220157623291016e-05,2.8848648071289062e-05,1499.0,0.0992832931144543,0.0558638737298258,0.4623919019520254,0.4955455752296293,0.0,0.0,0.5816615364310165,0.5460494188534258,0.0,0.0,1.0,1.0,1.0,1.0,1.7564019423718564,1.7202188179214235,0.0,0.0
576,576.0,0.057847750187681075,0.059646232255083045,1.9613325360279966e-16,0.0160552057325103,0.01260522980010135,0.018154426303226452,0.017062290688045302,43.82012276110315,0.4804618346592583,46.58748916244453,0.6128120264021242,0.669122083650087,0.5431888462309032,7.873773574829102e-05,3.153085708618164e-05,0.6485272824026882,0.546710896720766,4.172325134277344e-05,2.8908252716064453e-05,1500.0,0.09962592743713569,0.0561585902108801,0.446312309434991,0.4722327996701786,0.0,0.0,0.5866299035143918,0.5972039170980763,0.0,0.0,1.0,1.0,1.0,1.0,2.1495226177173317,2.441665558468158,0.0,0.0
577,577.0,0.057892239568006196,0.059491582098404154,2.0357774784212282e-16,0.0160525398618111,0.013217189232818751,0.01863254554336885,0.016683761728927424,43.81865782701752,0.47582000001871005,46.49012372081701,0.6458755072720687,0.7060907912808638,0.5395735986264901,7.56382942199707e-05,3.1828880310058594e-05,0.6688748630927128,0.5428869900901567,4.267692565917969e-05,2.8431415557861328e-05,1501.0,0.09956012583618751,0.05635380907902963,0.47334286243096557,0.500505585439507,0.0,0.0,0.6143578555267399,0.6016934196024304,0.0,0.0,1.0,1.0,1.0,1.0,3.0534443026153237,3.735677699211143,0.0,0.0
578,578.0,0.05696843932086223,0.0587697417885833,2.848534838259436e-16,0.015799059723593,0.012346955132670624,0.018282482982613077,0.01799140538787465,43.89869651250259,0.46267258318515236,46.894217021149906,0.5815455721795013,0.6423967499552216,0.5223868171504886,7.653236389160156e-05,3.2901763916015625e-05,0.7025535775932165,0.5396157161980806,4.273653030395508e-05,3.0100345611572266e-05,1600.0,0.09482901624368002,0.05311208411160233,0.4618350393046446,0.49205697726638087,0.0,0.0,0.48226302996836706,0.5498217072346547,0.0,0.0,1.0,0.25,1.0,1.0,3.35874666540424,3.6791407260577054,0.0,0.0
579,579.0,0.056372014778379775,0.0588140242257063,1.8872408824574577e-17,0.0157965997687152,0.012061832356266601,0.018521356396377076,0.017780131427571125,43.9168969735092,0.45851851990598247,46.88867502122289,0.5610981451068107,0.6173044775620598,0.518752220122838,7.706880569458008e-05,3.349781036376953e-05,0.6426792195157061,0.5220894294613527,4.619359970092774e-05,2.9802322387695312e-05,1601.0,0.09476977417531025,0.05347315524244967,0.43753741008755404,0.478331796765275,0.0,0.0,0.4941223028143121,0.5418597039130352,0.0,0.0,1.0,0.25,1.0,1.0,2.3991014201204246,2.1633885561569914,0.0,0.0
580,580.0,0.05647650315965173,0.05667109263003972,2.0444708161682316e-16,0.0155621251713331,0.01393899548565965,0.019893958582542823,0.018178417638409848,43.90927793568815,0.4691653408007713,46.520043012955895,0.48435430230893417,0.5450944886997277,0.525158123987011,7.909536361694336e-05,3.3795833587646484e-05,0.6165801074050122,0.5191149721101793,5.2094459533691406e-05,3.075599670410156e-05,1700.0,0.09194513329250005,0.05061204437766925,0.43662903974246536,0.48296872862480944,0.0,0.0,0.5057816492620636,0.48235469608636034,0.0,0.0,1.0,1.0,1.0,1.0,2.3447958942784086,2.069552761018997,0.0,0.0
581,581.0,0.05618692620612245,0.059182145753890976,1.2771469436265355e-17,0.0155598441708803,0.012766029918566275,0.01805503503419455,0.0167172708897851,43.91838369228881,0.48959555543046807,46.76168870228022,0.501858307929862,0.5626901206994251,0.544649740382778,8.064508438110352e-05,3.504753112792969e-05,0.5448045337854261,0.5254218634039808,5.2273273468017585e-05,3.147125244140625e-05,1701.0,0.0918913029779869,0.050714942136188976,0.47999317646103473,0.5254058652586544,0.0,0.0,0.5182176380412766,0.4873435279424332,0.0,0.0,1.0,1.0,1.0,1.0,1.5733716828915503,1.7157224304460306,0.0,0.0
582,582.0,0.05770519802293082,0.0578260584495935,5.747334699883934e-17,0.0154522811972978,0.01201496302383015,0.019499890389852198,0.01771768974140285,43.928503806875014,0.4888245521255818,46.74414521987746,0.4897365364656188,0.5474817634757904,0.5482039691960604,8.738040924072266e-05,3.463029861450195e-05,0.5593107073743636,0.5430037107926813,4.9591064453125e-05,3.218650817871094e-05,1749.0,0.09206945889143531,0.049474819503156596,0.4918822338092853,0.4865603922231404,0.0,0.0,0.5120508869262731,0.5113946766559301,0.0,0.0,1.0,1.0,1.0,1.0,3.366917494644707,3.2754533763674,0.0,0.0
583,583.0,0.056090813814532195,0.05643915725469147,2.83091056136614e-18,0.0154500795471461,0.012741489685140526,0.0192335539031773,0.016702589287888175,43.99622839040576,0.47143691434686086,46.7969012379572,0.4888787930434713,0.5450878029941564,0.5274578828190816,8.165836334228516e-05,3.6597251892089844e-05,0.547607316415992,0.5482611165318133,4.976987838745117e-05,3.24249267578125e-05,1750.0,0.09284518298777178,0.049670899628668747,0.445083512229144,0.5018726161136526,0.0,0.0,0.506122148296393,0.49195944756364324,0.0,0.0,1.0,1.0,1.0,1.0,2.91921496619781,3.0772829076320716,0.0,0.0
584,584.0,0.054889583984106496,0.05682758650809287,1.4168414056642926e-16,0.0153419547834989,0.012280528782866826,0.017392091685905976,0.017606106703169574,43.98004373996504,0.4760344511620442,46.40364307819239,0.5026586827762708,0.5602557098033503,0.533597748735257,9.047985076904298e-05,3.707408905029297e-05,0.5465442549344965,0.5263321897044013,5.555152893066406e-05,3.224611282348633e-05,1800.0,0.09246151667570363,0.048480684961520575,0.4611737347398423,0.48188962218431797,0.0,0.0,0.4816949477893106,0.4799591618014224,0.0,0.0,1.0,1.0,1.0,1.0,2.280161390184542,2.1514636859727947,0.0,0.0
585,585.0,0.05488500173223972,0.057374115866829625,1.707751695685872e-16,0.0153398305944852,0.0128992518293671,0.031800321419723325,0.017495160922408024,44.04179015525891,0.4783463722303689,46.421881144765116,0.5072797523096453,0.5653548445575639,0.5383843675250519,8.71419906616211e-05,3.4868717193603516e-05,0.559969408070029,0.5333274878473526,4.726648330688477e-05,3.218650817871094e-05,1801.0,0.09241027527664382,0.04860950994303715,0.44720969347068795,0.46981400459553857,0.0,0.0,0.4846373967715513,0.5136254901805458,0.0,0.0,1.0,0.25,1.0,0.25,2.1503550605537107,2.3124922980619207,0.0,0.0
586,586.0,0.0554554029760705,0.05636339380292915,4.749773044984266e-18,0.0151365275258613,0.012526234844699426,0.019085344451013925,0.01632589567452665,43.97566234752131,0.4877932625703083,46.53939558008995,0.49779490145901206,0.5536785042787673,0.5439211722113658,9.16719436645508e-05,3.5643577575683594e-05,0.5652508967484879,0.5380798773634463,5.4836273193359375e-05,3.349781036376953e-05,1900.0,0.0896198308442374,0.04620402601441585,0.4328859914801152,0.4740010903324019,0.0,0.0,0.46007113765408747,0.5030617077651102,0.0,0.0,1.0,1.0,1.0,0.25,2.5365601453352435,2.907641440600419,0.0,0.0
587,587.0,0.055418683366172755,0.05470741152714442,1.6555778550581586e-16,0.0151345417563825,0.01195276976795865,0.019148622173815924,0.018712827644776525,43.969890454277554,0.4826565389476989,46.54149492500754,0.4976784745872935,0.5535637041991897,0.5384750934677159,8.916854858398438e-05,4.464387893676758e-05,0.5534795315583091,0.543794965711158,5.692243576049805e-05,3.4868717193603516e-05,1901.0,0.0905512694133456,0.0463378163413661,0.431704572161552,0.4756188114839638,0.0,0.0,0.46013063239293817,0.5027962536786432,0.0,0.0,1.0,1.0,1.0,0.25,3.052425641996596,2.744455503223526,0.0,0.0
588,588.0,0.05284960295020022,0.0557472321391385,5.4597045447509567e-17,0.0149460204002398,0.012828069098759401,0.01889704220229755,0.01772671303478995,43.90759594960494,0.4844221255028959,46.60927095585205,0.5321505592989543,0.5854041737670699,0.5431514602856579,8.64863395690918e-05,4.279613494873047e-05,0.547139651688945,0.538405499350973,5.805492401123047e-05,3.5822391510009766e-05,1999.0,0.08829608901656483,0.04418000014882345,0.4483211931099451,0.4880323059620425,0.0,0.0,0.5078540000261047,0.536668633401059,0.0,0.0,1.0,0.0,1.0,0.25,3.0322586950974855,3.432169462543216,0.0,0.0
589,589.0,0.053142460792262924,0.05678144227247867,2.4240792249639797e-16,0.0149441564580198,0.013245445210486624,0.019492055871523875,0.017429836676456,43.9881697515674,0.5389604135765786,46.380646543294425,0.5504648999138131,0.6046435047774946,0.596809970903488,9.304285049438477e-05,4.214048385620117e-05,0.5853508983480017,0.5431086943355663,5.84721565246582e-05,3.5822391510009766e-05,2000.0,0.08997097047392999,0.04435497000729397,0.5254647841097219,0.49804709935183894,0.0,0.0,0.5495198943749293,0.5383967868908889,0.0,0.0,1.0,0.25,1.0,1.0,1.8409719429179192,1.4526313035132228,0.0,0.0
