,Unnamed: 0,obj_values,MRO_obj_values,cluster_SAA_obj_values,epsilon,online_time,MRO_time,cluster_SAA_time,MRO_square_val,MRO_sig_val,square_val,sig_val,worst_values,MRO_worst_values,worst_times,MRO_worst_times,worst_values_regret,MRO_worst_values_regret,worst_times_regret,MRO_worst_times_regret,t,regret_bound,MRO_regret_bound,MRO_eval0,MRO_eval1,MRO_satisfy0,MRO_satisfy1,O_eval0,O_eval1,O_satisfy0,O_satisfy1,O_worst_satisfy0,O_worst_satisfy1,MRO_worst_satisfy0,MRO_worst_satisfy1,cluster_SAA_eval0,cluster_SAA_eval1,cluster_SAA_satisfy0,cluster_SAA_satisfy1
0,0.0,1.0,1.0,0.0,2.674961219905688,0.11560965498210857,0.02520434785401445,0.0820040100370533,5.165584852089615e-32,0.0,5.165584852089615e-32,0.0,1.0,1.0,7.855892181396484e-05,1.8775463104248047e-05,1.0,1.0,2.199411392211914e-05,1.3113021850585938e-05,0.0,2.477707386633564,2.6310763012737937e-08,1.0,1.0,1.0,1.0,1.0,1.0,1.0,1.0,1.0,1.0,1.0,1.0,4.350294384723258,4.30738539083537,0.0,0.0
1,1.0,1.0,1.0,0.0,2.5557724169850897,0.12038308347109702,0.09809070249320936,0.09184921358246348,7.332765207964496e-32,0.0,4.3046540434080123e-32,0.0,1.0,1.0,5.6684017181396484e-05,1.531839370727539e-05,1.0,1.0,2.1040439605712887e-05,1.2874603271484377e-05,1.0,3.222383665283981,2.111958418595083,1.0,1.0,0.0,0.0,1.0,1.0,0.0,0.0,0.0,0.0,0.0,0.0,4.237005086096188,4.198737638799104,0.0,0.0
2,2.0,1.0000000000104303,1.000000000009237,1.208909515702948e-15,2.309401076758504,0.30110673449235037,0.1419610885786824,0.18094502133317292,8.038482805637384e-32,0.0,2.869769362272008e-32,0.0,1.0000000000104303,1.000000000009237,5.3822994232177734e-05,1.5497207641601562e-05,1.0,1.0,2.1278858184814453e-05,1.531839370727539e-05,4.0,2.867445114479902,2.431415490359792,0.9999999999997787,0.9999999999998134,1.0,1.0,0.9999999999997649,0.9999999999998128,1.0,1.0,1.0,1.0,1.0,1.0,1.7687327427454467,1.916177179595198,0.0,0.0
3,3.0,1.0000000000007483,1.000000000000714,9.547918011776346e-16,2.2493653007613963,0.2520992896170355,0.17301825451431793,0.14890987315447995,6.495995605066376e-32,0.0,2.582792426044807e-32,0.0,1.0000000000007483,1.000000000000714,5.14984130859375e-05,1.5079975128173828e-05,1.0000000000100768,1.0000000000089453,2.086162567138672e-05,1.2874603271484375e-05,5.0,2.7496153489926964,2.4253077147220417,0.9999999999998348,0.9999999999999766,1.0,1.0,0.9999999999998629,0.9999999999999766,1.0,1.0,1.0,1.0,1.0,1.0,1.5365869816138527,1.4245414634138964,0.0,0.0
4,4.0,1.0000000000000129,1.000000000000015,9.575673587391975e-16,2.0678926158286823,0.11933337786467745,0.01680541329551485,0.1271532369428314,8.196704276454328e-32,0.0,1.8448517328891482e-32,0.0,1.0000000000000129,1.000000000000015,4.89354133605957e-05,1.5139579772949219e-05,1.0000000000006724,1.0000000000006406,2.1278858184814453e-05,1.2695789337158203e-05,9.0,2.297003792970892,2.1149998343049736,0.9999999999939235,0.9999999999976786,1.0,1.0,0.9999999999940752,0.9999999999976994,1.0,1.0,1.0,1.0,1.0,1.0,2.3174104316241033,2.338970474364352,0.0,0.0
5,5.0,1.0000000000010532,1.000000000001065,1.4062824978585316e-16,2.032530992618459,0.049467297736555275,0.15596963185816998,0.1349019451299682,8.092805429752099e-32,0.0,1.721861617363205e-32,0.0,1.000000000001053,1.000000000001065,5.197525024414063e-05,1.531839370727539e-05,1.0000000000000122,1.0000000000000144,2.8431415557861325e-05,1.2755393981933594e-05,10.0,2.124440542930211,2.0478535337202697,0.9999999999923717,0.9999999999930272,1.0,1.0,0.9999999999923747,0.9999999999930294,1.0,1.0,1.0,1.0,1.0,1.0,2.018211988979264,2.1552975852036624,0.0,0.0
6,6.0,1.0000000000043556,1.0000000000177396,1.9574984907864601e-16,1.9158945017742988,0.1932323423679918,0.11039513954892748,0.3331416147993877,6.583341888164133,2.776916123948288e-13,7.181780438667847,7.85570439108453e-14,1.0000000000043556,1.0000000000177398,5.424022674560547e-05,1.5735626220703125e-05,1.0000000000009877,1.0000000000009985,2.3066997528076172e-05,1.3530254364013672e-05,14.0,1.8037913227114013,1.701585843381861,0.9999999999958895,0.9999999999981697,1.0,1.0,0.9999999999984195,0.9999999999981928,1.0,1.0,1.0,1.0,1.0,1.0,1.7392368477809488,1.8405909911241685,0.0,0.0
7,7.0,1.0000000000085123,1.0000000000075777,3.33066907387547e-16,1.891483218006352,0.1063951156684197,0.0846434372360818,0.19395934103522441,7.507634860562145,8.306549892367343e-14,8.555896624530519,1.4396678293948641e-13,1.0000000000085125,1.0000000000075777,4.380941390991211e-05,1.5079975128173828e-05,1.000000000004327,1.000000000017545,2.086162567138672e-05,1.245737075805664e-05,15.0,1.723765335667058,1.7648986592146445,0.999999999998939,0.9999999999989622,1.0,1.0,0.9999999999943776,0.999999999997993,1.0,1.0,1.0,1.0,1.0,1.0,2.278734489134561,2.268357841534126,0.0,0.0
8,8.0,1.0000000000000084,1.0000000000000155,1.4571677198205177e-16,1.8072040072196895,0.07326296396786344,0.0891013277578167,0.3112985308980569,12.407158036991419,6.302828629382399e-16,13.477834151115443,6.152485928131076e-16,1.0000000000000087,1.0000000000000155,5.638599395751953e-05,1.5020370483398438e-05,1.0000000000081237,1.0000000000072693,3.0279159545898438e-05,1.3113021850585938e-05,19.0,1.613676416567705,1.6135021126680689,0.9999999999998137,0.9999999999998141,1.0,1.0,0.999999999999515,0.999999999999592,1.0,1.0,1.0,1.0,1.0,1.0,2.184092087937788,2.1902698081931966,0.0,0.0
9,9.0,1.0000000000032307,1.000000000007201,1.396660564978447e-15,1.7888543819998317,0.2022128748358227,0.16412203718209634,0.42841776204295456,14.00964123038564,1.4601986286777447e-13,14.506527639294557,5.864086993767614e-14,1.0000000000032307,1.0000000000072007,4.8995018005371094e-05,1.627206802368164e-05,1.0000000000000087,1.0000000000000155,2.014636993408203e-05,1.3113021850585938e-05,20.0,1.545680540534959,1.6693860075265803,0.9999999999996261,0.9999999999992001,1.0,1.0,0.9999999999993265,0.9999999999998097,1.0,1.0,1.0,1.0,1.0,1.0,3.9028688829281086,4.030321787758193,0.0,0.0
10,10.0,1.000000000000007,1.0000000000000122,2.8490282028983794e-16,1.656495506266208,0.20623637287644664,0.1520748106995597,0.1868832983891479,21.520126245368644,8.726679509737445e-16,21.647062364485414,6.326638559444827e-16,1.0000000000000067,1.0000000000000124,4.696846008300781e-05,1.4662742614746094e-05,1.0000000000029978,1.0000000000067568,1.913309097290039e-05,1.3589859008789064e-05,29.0,1.3238749932928209,1.3449821833663287,0.9999999999996616,0.9999999999994288,1.0,1.0,0.9999999999993274,0.9999999999993476,1.0,1.0,1.0,1.0,1.0,1.0,2.3414362633318486,2.3905957820631167,0.0,0.0
11,11.0,1.0000000000000102,1.0000000000000089,2.8310687127941495e-16,1.6445344676020788,0.15453537419671187,0.05610245355637743,0.21940464951330796,21.440919065928778,8.294952026842241e-16,22.266833337170894,8.540787125152097e-16,1.00000000000001,1.0000000000000089,4.667043685913086e-05,1.531839370727539e-05,1.0000000000000067,1.0000000000000118,2.0563602447509766e-05,1.2814998626708984e-05,30.0,1.4476704459798166,1.4544134390373638,0.999999999995699,0.9999999999971332,1.0,1.0,0.9999999999992348,0.9999999999994125,1.0,1.0,1.0,1.0,1.0,1.0,2.3425255249700134,2.543219859608573,0.0,0.0
12,12.0,1.000000000002916,1.00000000000001,2.6194324487249787e-16,1.414213562373095,0.18290508427890018,0.21613137034000823,0.2895155709120445,30.989852045985874,1.1722393888913274e-15,33.3501391869208,1.4681398458060713e-13,1.000000000002916,1.0000000000000102,4.750490188598633e-05,1.52587890625e-05,1.0000000000000087,1.0000000000000075,2.527236938476562e-05,1.3530254364013672e-05,59.0,0.9162823120375561,0.8369419140696467,0.9999999999992566,0.9999999999995374,1.0,1.0,0.999999999999177,0.9999999999990035,1.0,1.0,1.0,1.0,1.0,1.0,3.1076839713680764,3.436316750872082,0.0,0.0
13,13.0,1.000000000003436,1.0000000000009122,2.459571008400347e-16,1.4087426143292945,0.25838129414478317,0.09182393649825822,0.299413935164921,31.327070028330372,5.4147711955247015e-14,33.4378193681144,2.0505990068368891e-13,1.000000000003436,1.0000000000009117,5.614757537841797e-05,1.5079975128173828e-05,1.0000000000029012,1.0000000000000102,2.4497509002685543e-05,1.3589859008789062e-05,60.0,0.9016224757819743,0.8904556620221811,0.9999999999972233,0.9999999999981616,1.0,1.0,0.9999999999980675,0.9999999999983038,1.0,1.0,1.0,1.0,1.0,1.0,2.61039841755988,2.650508969192373,0.0,0.0
14,14.0,1.0000000000000058,1.0000000000007796,8.61744538161431e-16,1.2495759747681023,0.18240661959862337,0.17646007396979255,0.28958500304725016,36.000937186112125,4.959392684882113e-14,37.84363151277097,1.1551606232409367e-15,1.0000000000000064,1.00000000000078,6.771087646484375e-05,1.8358230590820312e-05,1.000000000003051,1.0000000000008251,2.622604370117187e-05,1.3947486877441405e-05,100.0,0.6196144317811313,0.5841494153258204,0.9999999999996976,0.9999999999998517,1.0,1.0,0.9999999999996567,0.9999999999998538,1.0,1.0,1.0,1.0,1.0,1.0,2.119900539898912,2.278149735758432,0.0,0.0
15,15.0,1.0000000000000047,1.000000000002764,2.95361219758768e-16,1.2466183777610622,0.20885435998206953,0.16502896865131328,0.188341136847157,35.40384039146545,1.6006273874459028e-13,37.851330721027125,9.334776138652555e-16,1.0000000000000049,1.0000000000027642,5.1856040954589844e-05,1.6748905181884766e-05,1.0000000000000064,1.0000000000007792,2.408027648925781e-05,1.4483928680419922e-05,101.0,0.6208638426673714,0.6123304549332829,0.9999999999991995,0.9999999999995822,1.0,1.0,0.9999999999987654,0.9999999999989545,1.0,1.0,1.0,1.0,1.0,1.0,2.489510481543805,2.3053854410439834,0.0,0.0
16,16.0,1.000000000000008,1.0000000000043108,1.399964155441966e-16,1.0571132736047375,0.1306129634031094,0.07219304289901622,0.19840200722683218,39.366596657902626,3.2455745408295055e-13,42.742855494411195,1.270122218781536e-15,1.000000000000008,1.0000000000043108,5.733966827392578e-05,1.7404556274414062e-05,1.000000000000004,1.0000000000023548,3.1054019927978516e-05,1.5139579772949219e-05,200.0,0.37601502946240184,0.33000088264928834,0.9999999999942373,0.9999999999929281,1.0,1.0,0.9999999999994921,0.9999999999995829,1.0,1.0,1.0,1.0,1.0,1.0,1.3086492281155282,1.5198716274882653,0.0,0.0
17,17.0,1.0000000000023137,1.0000000000009006,1.8768697491539356e-16,1.0558280271268556,0.09968583117006342,0.11072669207351282,0.4316596779390238,39.378037617266,7.414457397562199e-14,42.59026989634484,1.9826804707193033e-13,1.000000000002314,1.0000000000009006,8.13603401184082e-05,1.8656253814697266e-05,1.000000000000008,1.0000000000043048,3.4868717193603516e-05,1.609325408935547e-05,201.0,0.39374913922251087,0.3387795421534641,0.999999999990183,0.9999999999913859,1.0,1.0,0.999999999999468,0.9999999999994762,1.0,1.0,1.0,1.0,1.0,1.0,1.995172156406639,2.0227336780070595,0.0,0.0
18,18.0,1.0000000000000044,1.0000000000014266,1.204864987380088e-16,0.9571610809587846,0.1469113164348527,0.2174637172138318,0.15993960085324938,40.25757360763497,1.2497407480467605e-13,43.398399436643835,1.3048760614836164e-15,1.0000000000000049,1.0000000000014266,5.811452865600586e-05,1.8596649169921875e-05,1.0000000000020859,1.0000000000008253,3.069639205932617e-05,1.627206802368164e-05,300.0,0.29242347278753367,0.2350123808899517,0.999999999998928,0.9999999999989281,1.0,1.0,0.999999999998584,0.9999999999990735,1.0,1.0,1.0,1.0,1.0,1.0,1.5807720115716721,1.48915248979582,0.0,0.0
19,19.0,1.000000000000511,1.000000000000002,2.2993589603143563e-16,0.9563781264542008,0.14124336978420615,0.15628095425199717,0.19954054726986212,40.39270369990229,3.513892154736811e-16,43.57561615383797,5.141665960097971e-14,1.0000000000005114,1.0000000000000018,6.669759750366211e-05,1.8358230590820312e-05,1.0000000000000049,1.0000000000014238,4.1484832763671875e-05,1.5854835510253906e-05,301.0,0.2951557740617207,0.2426834764191591,0.9999999999976068,0.9999999999990921,1.0,1.0,0.9999999999991408,0.9999999999991463,1.0,1.0,1.0,1.0,1.0,1.0,1.6709389076799313,1.600350270924987,0.0,0.0
20,20.0,1.0000000000000064,1.0000000000056486,3.201828377190575e-16,0.8916537399685627,0.05810217891121275,0.057774475368205375,0.14932319405488667,40.89987176712084,5.092807520009117e-13,44.358221449322855,1.586453876360972e-15,1.0000000000000073,1.0000000000056484,6.890296936035156e-05,1.9907951354980465e-05,1.000000000000475,1.000000000000002,3.731250762939453e-05,1.7344951629638672e-05,400.0,0.23761568666181615,0.18869988891475975,0.9999999999992778,0.9999999999993074,1.0,1.0,0.9999999999995918,0.9999999999993497,1.0,1.0,1.0,1.0,1.0,1.0,2.2554332220566193,2.7386491096450207,0.0,0.0
21,21.0,1.0000000000000027,1.0000000000140095,1.125262991707517e-16,0.891104184243764,0.0703095635399222,0.023129971232265175,0.16126543143764138,40.978926077926886,1.264948531799082e-12,44.198543597220336,9.958509113124788e-16,1.000000000000003,1.0000000000140095,6.848573684692383e-05,2.0623207092285153e-05,1.0000000000000073,1.000000000005642,3.74913215637207e-05,1.7464160919189453e-05,401.0,0.23702826764723,0.19278408833824234,0.9999999999943116,0.9999999999954767,1.0,1.0,0.9999999999997864,0.9999999999997908,1.0,1.0,1.0,1.0,1.0,1.0,1.5525366478944054,1.5026461080072635,0.0,0.0
22,22.0,1.0000000000003846,1.0000000000000009,1.1607876376278865e-16,0.84379538703644,0.1689304049359634,0.1815354034188203,0.20141078473534427,41.146679352226585,6.141402018396782e-16,44.776667925532166,4.239073338776688e-14,1.000000000000385,1.0000000000000013,6.502866744995117e-05,2.2113323211669922e-05,1.0000000000000029,1.0000000000132065,3.409385681152344e-05,1.9848346710205078e-05,500.0,0.20376273287930577,0.15826659835121926,0.9999999999994815,0.9999999999991789,1.0,1.0,0.999999999999583,0.9999999999994,1.0,1.0,1.0,1.0,1.0,1.0,2.0981993158678853,2.15048592803538,0.0,0.0
23,23.0,1.0000000000000044,1.0000000000000007,1.5655022293874487e-16,0.8433781827620509,0.12183580192504448,0.03400066919857632,0.05477828771108757,41.408910380471525,1.5221684255606766e-16,44.784668177475986,1.1941479864668804e-15,1.0000000000000044,1.0000000000000002,7.480382919311523e-05,2.1278858184814453e-05,1.0000000000003844,1.000000000000001,4.500150680541992e-05,1.8715858459472656e-05,501.0,0.20890156365380205,0.1610501172018634,0.9999999999997705,0.9999999999998241,1.0,1.0,0.9999999999998624,0.9999999999999066,1.0,1.0,1.0,1.0,1.0,1.0,2.5271237898675243,2.366041763447509,0.0,0.0
24,24.0,1.000000000000002,1.0000000000020737,1.230879493830287e-16,0.8065311541071388,0.04525443108286707,0.0362645105924457,0.10951465211110187,41.44485257167329,2.0355998796582084e-13,45.00737727202282,9.847035950642298e-16,1.0000000000000029,1.0000000000020737,9.196996688841367e-05,2.390146255493164e-05,1.0000000000000044,1.0000000000000007,4.1484832763671875e-05,2.0742416381835938e-05,600.0,0.18829807671846666,0.13825014730519394,0.999999999999207,0.9999999999989101,1.0,1.0,0.9999999999991322,0.9999999999991074,1.0,1.0,1.0,1.0,1.0,1.0,1.7013634208466586,2.0176475916779903,0.0,0.0
25,25.0,1.0000000000003533,1.0000000000000013,8.725143819764536e-17,0.8061982206392606,0.14885874645551664,0.15247679682215676,0.10621472087223074,41.44368110766981,6.574773728751701e-16,44.936662036703666,4.039260675112095e-14,1.0000000000003535,1.0000000000000013,7.641315460205078e-05,2.1576881408691406e-05,1.0000000000000029,1.0000000000020741,5.459785461425781e-05,2.008676528930664e-05,601.0,0.1983068100372384,0.13941577385389806,0.9999999999991246,0.9999999999996154,1.0,1.0,0.9999999999986992,0.9999999999993118,1.0,1.0,1.0,1.0,1.0,1.0,3.114895029730374,3.0327584759635764,0.0,0.0
26,26.0,1.0000000000000038,1.0000000000010605,1.0102242131872876e-16,0.776269838215918,0.1434859475702978,0.06751487060682845,0.09425642294809218,41.626203601683955,1.0721884373251524e-13,44.88406045075578,1.2789611765238595e-15,1.0000000000000038,1.0000000000010603,8.589029312133789e-05,2.378225326538086e-05,1.0000000000003355,1.0000000000000013,6.753206253051758e-05,2.0742416381835938e-05,700.0,0.17923541808041143,0.12140656282548752,0.9999999999996081,0.9999999999996976,1.0,1.0,0.999999999999598,0.9999999999997222,1.0,1.0,1.0,1.0,1.0,1.0,1.7050456405935264,1.7040941846552955,0.0,0.0
27,27.0,1.0000000000000053,1.0000000000004556,3.107759564327855e-16,0.7759948090006693,0.1275004557683132,0.1340706229093484,0.06997503183083605,41.48504708087147,4.6975486138675844e-14,44.87649857837205,1.4154164148576314e-15,1.0000000000000058,1.000000000000456,9.363889694213867e-05,2.765655517578125e-05,1.000000000000004,1.0000000000010607,5.6743621826171875e-05,2.4795532226562497e-05,701.0,0.17898005405135922,0.12294435983577992,0.9999999999985857,0.9999999999991335,1.0,1.0,0.999999999998948,0.9999999999994112,1.0,1.0,1.0,1.0,1.0,1.0,1.7930727608449823,1.92550942524145,0.0,0.0
28,28.0,1.0000000000000049,1.0000000000021134,1.781873475547456e-16,0.7509499993209888,0.17360022041248155,0.1186950008268468,0.10953211947344242,41.83418695952362,2.2219755366221261e-13,45.25211077360851,1.4532888350295139e-15,1.0000000000000047,1.0000000000021134,8.744001388549493e-05,2.7179718017578125e-05,1.0000000000000053,1.0000000000004408,7.474422454833984e-05,2.4020671844482422e-05,800.0,0.16297244707624003,0.10929051971978712,0.9999999999977467,0.9999999999976097,1.0,1.0,0.9999999999989104,0.9999999999993974,1.0,1.0,1.0,1.0,1.0,1.0,1.6863448577236988,1.533209591429052,0.0,0.0
29,29.0,1.0000000000000053,1.0000000000001372,1.5806214897734084e-16,0.7507169659339514,0.0385242066113278,0.1437459589214995,0.23086061864159999,41.795190930191325,1.508408782495525e-14,45.269614678808125,1.466155567507465e-15,1.0000000000000053,1.0000000000001372,0.00011301040649405,2.3663043975830078e-05,1.0000000000000047,1.0000000000021116,5.14984130859375e-05,2.1338462829589844e-05,801.0,0.16276960191520876,0.1101326576896007,0.999999999999394,0.9999999999994291,1.0,1.0,0.9999999999995204,0.9999999999994578,1.0,1.0,1.0,1.0,1.0,1.0,2.0098457536658265,1.8853011201810157,0.0,0.0
30,30.0,1.0000000000000036,1.0000000000002554,1.9953345298926157e-16,0.7292859495778229,0.1638140025315806,0.14387985732173542,0.18710735876811666,41.99790976272262,2.88276462247117e-14,45.37337816827515,1.1983048071313291e-15,1.0000000000000036,1.0000000000002554,9.638071060179141e-05,3.248453140258789e-05,1.0000000000000053,1.0000000000001337,7.241964340208321e-05,3.057718276977539e-05,900.0,0.15156437064346906,0.09911261521704505,0.9999999999991465,0.9999999999996332,1.0,1.0,0.9999999999986555,0.9999999999987795,1.0,1.0,1.0,1.0,1.0,1.0,2.2415045067802803,2.7178980819933316,0.0,0.0
31,31.0,1.000000000000003,1.0000000000002436,1.3032253716212513e-16,0.7290846283855369,0.06377919536316765,0.0786670877132564,0.21163598197745154,41.89138593524848,2.6299725213414884e-14,45.82712806588483,1.1539702232776047e-15,1.0000000000000036,1.0000000000002438,0.0001028180122375,2.7179718017578125e-05,1.0000000000000033,1.0000000000002554,6.395578384399414e-05,2.4199485778808594e-05,901.0,0.15139660373728858,0.09977029020338266,0.9999999999978462,0.9999999999966257,1.0,1.0,0.9999999999997795,0.9999999999996273,1.0,1.0,1.0,1.0,1.0,1.0,1.4215791531182638,1.41439884258457,0.0,0.0
32,32.0,1.000000000000001,1.0000000000025944,1.4035207490410562e-16,0.7104253924946725,0.1490614941576495,0.08589345985092214,0.14661039336351672,42.17584028776109,2.88814798500397e-13,45.603162503820755,7.452303009075927e-16,1.0000000000000016,1.0000000000025944,0.00010269880294794999,2.777576446533203e-05,1.000000000000003,1.0000000000002367,6.246566772460938e-05,2.390146255493164e-05,1000.0,0.14568686857248353,0.09071351322720518,0.9999999999994447,0.9999999999990302,1.0,1.0,0.9999999999999386,0.999999999999956,1.0,1.0,1.0,1.0,1.0,1.0,2.0103931655106617,2.3570151126958114,0.0,0.0
33,33.0,1.000000000000003,1.0000000000004838,2.644780793751678e-16,0.7102487795804687,0.036978721211198676,0.021217692992649903,0.030504006717819648,42.168156251179994,5.585152949802723e-14,45.61964600807643,1.0767839017164665e-15,1.000000000000003,1.0000000000004838,8.70823860168457e-05,2.5451183319091797e-05,1.0000000000000016,1.0000000000025935,7.712841033935547e-05,2.384185791015625e-05,1001.0,0.14622337470527477,0.09148422730288278,0.9999999999979616,0.999999999999081,1.0,1.0,0.9999999999998697,0.9999999999999281,1.0,1.0,1.0,1.0,1.0,1.0,2.081451144630456,2.0903922718148307,0.0,0.0
34,34.0,1.0000000000000038,1.0000000000015157,2.4206378480345323e-16,0.6937762391988856,0.039843055885285125,0.1508360142470337,0.28859947662567714,42.19109377952605,1.7370813184048968e-13,45.78786129357258,1.4346241640603125e-15,1.0000000000000042,1.0000000000015157,0.00010448694229117501,2.849102020263672e-05,1.000000000000003,1.000000000000471,8.493661880493164e-05,2.9981136322021484e-05,1100.0,0.1419341769408833,0.08413534738629062,0.9999999999981483,0.9999999999990088,1.0,1.0,0.999999999999517,0.9999999999996495,1.0,1.0,1.0,1.0,1.0,1.0,1.2814813424638947,1.4802089425099367,0.0,0.0
35,35.0,1.000000000000229,1.0,1.238711765268936e-16,0.6936193649685762,0.11640263011213388,0.0519360626931302,0.1293006212217733,42.20718921559353,0.0,45.42381619062557,3.1706830249539544e-14,1.0000000000002294,1.0000000000000002,0.00011450052261345001,3.1828880310058594e-05,1.000000000000004,1.000000000001516,7.474422454833984e-05,3.0279159545898438e-05,1101.0,0.1420162814965939,0.08476992324360333,0.9999999999997924,0.999999999999873,1.0,1.0,0.9999999999995522,0.9999999999990634,1.0,1.0,1.0,1.0,1.0,1.0,2.506931327474769,3.0913081416277137,0.0,0.0
36,36.0,1.0000000000000029,1.0000000000009912,4.227139615751219e-16,0.6789116006760688,0.1047334761242382,0.19466953864321107,0.17573690839344636,42.21253415966713,1.1972704985106735e-13,45.855256953414845,1.4002399977175912e-15,1.0000000000000033,1.0000000000009914,9.512901306152032e-05,3.0219554901123047e-05,1.0000000000002243,0.9999999999999998,6.50882720947082e-05,2.574920654296875e-05,1200.0,0.13664879238450242,0.07817071246380078,0.9999999999980724,0.9999999999980342,1.0,1.0,0.999999999999856,0.9999999999996072,1.0,1.0,1.0,1.0,1.0,1.0,2.727251399557002,2.5239683053328257,0.0,0.0
37,37.0,1.0000000000000038,1.0,1.2082651076455373e-17,0.6787708206579931,0.21719707036390898,0.1694906653719954,0.19356446224264798,42.25198814819345,0.0,45.52118796739542,1.2195882777971869e-15,1.0000000000000036,1.0,0.00012987852096555,2.956390380859375e-05,1.0000000000000033,1.0000000000009912,6.908178329467773e-05,2.6226043701171875e-05,1201.0,0.13784538601803653,0.07849895064569193,0.9999999999983884,0.9999999999990935,1.0,1.0,0.9999999999996331,0.9999999999995224,1.0,1.0,1.0,1.0,1.0,1.0,2.9582808769247944,2.6816971913950427,0.0,0.0
38,38.0,1.0000000000000022,1.0000000000002887,1.4037149964459216e-16,0.6721800322680852,0.1044772167806513,0.046951789408922175,0.15574019280029455,42.244572115688065,3.468906891311651e-14,45.47215810211865,9.504403289559182e-16,1.0000000000000022,1.0000000000002887,0.0001056194305419789,3.0994415283203125e-05,1.0000000000000036,1.0,9.06586647033461e-05,2.6881694793701172e-05,1249.0,0.13757056152822197,0.07597809839293465,0.9999999999995249,0.9999999999994906,1.0,1.0,0.9999999999999265,0.9999999999999362,1.0,1.0,1.0,1.0,1.0,1.0,1.7473324952694107,1.996272009945628,0.0,0.0
39,39.0,1.0000000000000013,1.0000000000023685,1.809530834159966e-16,0.6720460918345627,0.07670355960726732,0.10683925211196757,0.1526792699587531,42.31387496419954,2.7958401419589817e-13,45.47283772012839,8.113474478366233e-16,1.0000000000000016,1.0000000000023685,9.536743164061211e-05,3.0159950256347656e-05,1.0000000000000022,1.0000000000002887,7.575750350952148e-05,2.8431415557861325e-05,1250.0,0.1374602425197607,0.07644723130867742,0.9999999999986399,0.9999999999992343,1.0,1.0,0.9999999999996878,0.9999999999996216,1.0,1.0,1.0,1.0,1.0,1.0,1.4401093474191704,1.608739558915337,0.0,0.0
40,40.0,1.0000000000000027,1.000000000000925,9.724022353613439e-17,0.665514256711765,0.0341012251446954,0.14005951629951593,0.08195956033887335,42.245987853010185,1.0887378695482248e-13,45.750402071709246,1.1696476056750165e-15,1.0000000000000029,1.0000000000009253,0.000109553337097075,2.9385089874267578e-05,1.0000000000000016,1.0000000000023423,7.241964340209961e-05,2.7239322662353516e-05,1300.0,0.13683412219722726,0.07390206230932325,0.9999999999997446,0.9999999999998227,1.0,1.0,0.9999999999997966,0.9999999999998174,1.0,1.0,1.0,1.0,1.0,1.0,2.1471560803212695,2.3164551234094355,0.0,0.0
41,41.0,1.000000000000004,1.0000000000004752,1.6334560044542406e-16,0.6653868245840072,0.048349795397371026,0.13958683673990885,0.08703231788240365,42.21024772167407,5.706083045234545e-14,45.755755525144,1.3884801084960825e-15,1.0000000000000042,1.0000000000004754,9.948015213011133e-05,3.1113624572753906e-05,1.0000000000000029,1.0000000000009255,7.385015487670898e-05,2.694129943847656e-05,1301.0,0.1367288330311174,0.07431965255428996,0.9999999999936142,0.9999999999968111,1.0,1.0,0.9999999999998276,0.9999999999998874,1.0,1.0,1.0,1.0,1.0,1.0,3.0163098720074504,3.5193379743462847,0.0,0.0
42,42.0,1.0000000000000013,1.0000000000003089,1.369011665596501e-16,0.6533425003853389,0.08068231830839064,0.07334109582006927,0.1513449187623337,42.26982495023765,3.537982481123224e-14,45.9055996286136,7.708345626489966e-16,1.0000000000000013,1.0000000000003089,0.00012129545211787501,4.3451786041259766e-05,1.0000000000000042,1.0000000000004658,7.456541061401367e-05,2.944469451904297e-05,1400.0,0.13182078323644913,0.06959815045562028,0.999999999981831,0.9999999999917741,1.0,1.0,0.9999999999998791,0.9999999999998982,1.0,1.0,1.0,1.0,1.0,1.0,1.698078312049332,2.0152673866426825,0.0,0.0
43,43.0,1.0000000000000024,1.0000000000023825,1.04270946231687e-16,0.6532262989578206,0.07464034995064138,0.12076514709042377,0.1562500788131728,42.322459920458705,3.011939125482664e-13,45.90392143304723,1.1902917406258613e-15,1.0000000000000024,1.0000000000023825,0.00010716915130613126,3.3020973205566406e-05,1.0000000000000013,1.0000000000003089,7.259845733642578e-05,3.063678741455078e-05,1401.0,0.13172741486186074,0.0699284367950006,0.9999999999995466,0.9999999999987672,1.0,1.0,0.9999999999997071,0.9999999999997372,1.0,1.0,1.0,1.0,1.0,1.0,1.6394467625643245,1.7582491240898372,0.0,0.0
44,44.0,1.000000000001465,1.0,1.7708943059014299e-16,0.642314952732316,0.06229220808017993,0.046057639934588196,0.12014738650759678,42.36605416040914,0.0,45.49097035550791,2.238955364193935e-13,1.000000000001465,1.0,0.00010186433792113282,4.023313522338867e-05,1.0000000000000024,1.0000000000023408,8.493661880493164e-05,3.129243850708008e-05,1499.0,0.1253011620111405,0.06570302106290282,0.9999999999794922,0.9999999999868546,1.0,1.0,0.9999999999995153,0.9999999999990697,1.0,1.0,1.0,1.0,1.0,1.0,2.7763461912551906,2.979991307206892,0.0,0.0
45,45.0,1.0000000000000018,1.000000000001387,3.630355521552526e-16,0.6422082293004144,0.20113810902694232,0.08166120271198447,0.053221902518998776,42.37295601844426,1.7307794179029478e-13,45.48217290323383,1.0220506611578332e-15,1.0000000000000018,1.000000000001387,0.000108063220977775,3.4332275390625e-05,1.000000000001465,1.0000000000000004,6.92605972290039e-05,2.9385089874267578e-05,1500.0,0.12521748925368023,0.06595977357870123,0.9999999999988143,0.9999999999988264,1.0,1.0,0.9999999999996319,0.9999999999994367,1.0,1.0,1.0,1.0,1.0,1.0,3.1150786574605327,2.818432631145955,0.0,0.0
46,46.0,1.0000000000003872,1.0000000000001268,2.4559814120442955e-16,0.6421015944724467,0.06877070420887317,0.06567177432589225,0.20028798416024074,42.29489323488764,2.2703858123616476e-14,45.182170008490075,5.840281777447974e-14,1.0000000000003881,1.000000000000127,0.0001282095909118,4.941225051879883e-05,1.0000000000000018,1.0000000000013864,9.179115295408984e-05,3.516674041748047e-05,1501.0,0.1251344060571469,0.06627944158235602,0.999999999995039,0.9999999999948294,1.0,1.0,0.9999999999991226,0.999999999999039,1.0,1.0,1.0,1.0,1.0,1.0,1.372774540411085,1.5129508699161454,0.0,0.0
47,47.0,1.0000000000000009,1.0,6.197880561147291e-17,0.6319623889437206,0.07166651549050583,0.06121529353549697,0.14903474866878239,42.423194703068155,0.0,45.66540169936069,7.460283688836332e-16,1.0000000000000013,1.0000000000000004,0.000154972076415975,4.1961669921875e-05,1.000000000000382,1.0000000000001252,0.00010168552398681367,3.4749507904052734e-05,1600.0,0.11943660890627059,0.06253696496579243,0.9999999999986894,0.9999999999982386,1.0,1.0,0.9999999999998532,0.9999999999999174,1.0,1.0,1.0,1.0,1.0,1.0,2.1876153303725108,1.830752232118309,0.0,0.0
48,48.0,1.0000000000000004,1.0000000000008884,1.6738029255128645e-16,0.6318639907486101,0.0752143895369954,0.17011840158374975,0.28174065105849877,42.462954379860555,1.0833906761884734e-13,45.668087041021536,6.834853701412779e-16,1.0000000000000009,1.0000000000008884,0.000166296958923275,4.863739013671875e-05,1.0000000000000013,1.0,0.00012040138244625,3.457069396972656e-05,1601.0,0.11936213785407734,0.06275710193817292,0.9999999999927849,0.9999999999930117,1.0,1.0,0.9999999999998276,0.999999999999813,1.0,1.0,1.0,1.0,1.0,1.0,2.8794011081522655,2.7788410189760535,0.0,0.0
49,49.0,1.0000000000000022,1.0000000000006124,1.1772922161421016e-16,0.6224850068533267,0.0285800339188426,0.05463079683249812,0.10888537846039978,42.4293575933075,7.747230683628227e-14,45.732342362796274,1.0403375782216992e-15,1.0000000000000024,1.0000000000006124,0.000149726867675725,6.973743438720703e-05,1.0000000000000009,1.0000000000008717,9.638071060179297e-05,3.8683414459228516e-05,1700.0,0.11767646230774913,0.0593725376474695,0.9999999999998365,0.9999999999998481,1.0,1.0,0.9999999999993378,0.9999999999992728,1.0,1.0,1.0,1.0,1.0,1.0,2.317070822494422,2.4823753588505744,0.0,0.0
50,50.0,1.0000000000004283,1.000000000001296,6.745288188886135e-17,0.6223937668352144,0.08901699533453204,0.07050359173445028,0.16984646813943982,42.4147963764817,1.7909984749660684e-13,45.76749878915031,6.779515726975326e-14,1.0000000000004274,1.0000000000012959,0.000163733959197925,4.9114227294921875e-05,1.0000000000000022,1.0000000000006124,0.00012934207916255,5.644559860229492e-05,1701.0,0.11760724139981397,0.05971332881704253,0.9999999999991774,0.9999999999993998,1.0,1.0,0.9999999999992846,0.9999999999992861,1.0,1.0,1.0,1.0,1.0,1.0,1.528715141040344,1.4641208627152538,0.0,0.0
51,51.0,1.000000000000001,1.000000000001163,2.1362615211572996e-16,0.6180912478919132,0.057573021680582245,0.17015997227281332,0.057963442231994074,42.46391536062286,1.4923046328373248e-13,45.52401532906453,7.484669162164379e-16,1.0000000000000013,1.000000000001163,0.00011360645294185,3.510713577270508e-05,1.0000000000004252,1.0000000000012867,9.864568710324804e-05,3.68952751159668e-05,1749.0,0.11816995740223794,0.05837979343137423,0.9999999999987703,0.9999999999986982,1.0,1.0,0.9999999999995786,0.9999999999997525,1.0,1.0,1.0,1.0,1.0,1.0,2.107891141984746,2.299303132581228,0.0,0.0
52,52.0,1.0000000000004272,1.0000000000002964,4.78344809156873e-16,0.6180031818858467,0.05491644458379595,0.13861696491949257,0.15933855203911662,42.46059816376167,3.8375507267023375e-14,45.682339117359405,6.558457480802342e-14,1.0000000000004277,1.0000000000002964,0.000136375427246,3.5703182220458984e-05,1.0000000000000013,1.0000000000011626,0.000116586685180575,3.3974647521972656e-05,1750.0,0.11885704274850217,0.05860023779727488,0.9999999999966743,0.9999999999967598,1.0,1.0,0.9999999999993907,0.99999999999867,1.0,1.0,1.0,1.0,1.0,1.0,1.764420374424068,1.9108236261934612,0.0,0.0
53,53.0,1.0000000000003744,1.0000000000000993,1.242619426869237e-16,0.6136781913399566,0.13613719778368244,0.111229395144619,0.18450345087330788,42.465277961116925,1.273133645291206e-14,45.36070998542486,5.6054960611671514e-14,1.0000000000003735,1.0000000000000995,0.0001492500305175,5.078315734863281e-05,1.0000000000004237,1.0000000000002947,0.00012201070785515,4.178285598754883e-05,1800.0,0.11860090745225357,0.05721750352835605,0.9999999999998956,0.9999999999998317,1.0,1.0,0.9999999999995826,0.9999999999995165,1.0,1.0,1.0,1.0,1.0,1.0,1.8335526072180253,1.9487522172443517,0.0,0.0
54,54.0,1.0000000000000036,1.0,4.899489206125414e-17,0.6135932237794103,0.0452196174883283,0.08567541692173103,0.04442000656854357,42.491933312881315,0.0,45.35604441757022,1.3113049467485722e-15,1.0000000000000036,0.9999999999999998,0.0001419782638549,5.036592483520508e-05,1.0000000000003735,1.000000000000099,0.0001037120819091,4.26173210144043e-05,1801.0,0.1185352172742873,0.05743744981110607,0.9999999999995971,0.9999999999995952,1.0,1.0,0.9999999999996091,0.999999999999412,1.0,1.0,1.0,1.0,1.0,1.0,2.876903855491738,3.244319362586528,0.0,0.0
55,55.0,1.0000000000000029,1.0000000000001128,1.0807919155734134e-16,0.605461101034452,0.0316214434569701,0.0738516983692534,0.130492812662851,42.481307261944174,1.5325987781287777e-14,45.72744019037398,1.155549846536034e-15,1.0000000000000029,1.0000000000001128,0.0001536011695861,4.303455352783203e-05,1.0000000000000033,1.0,0.00012809038162229998,5.120038986206055e-05,1900.0,0.11685196129545189,0.054616753753212045,0.999999999999921,0.9999999999999323,1.0,1.0,0.9999999999995113,0.9999999999996076,1.0,1.0,1.0,1.0,1.0,1.0,1.0052205581265148,0.9498461710105954,0.0,0.0
56,56.0,1.0000000000000029,1.0000000000005043,2.0532718582390748e-18,0.6053816702553034,0.0662084908690303,0.04630662821000438,0.03708631772315127,42.440248449981254,6.780347823364123e-14,45.70610041470594,1.1363767569471238e-15,1.0000000000000027,1.0000000000005043,0.000147998332977225,5.072355270385743e-05,1.0000000000000029,1.0000000000001128,0.00014698505401605002,6.765127182006836e-05,1901.0,0.1167905390139886,0.054836063536289226,0.9999999999995247,0.9999999999995409,1.0,1.0,0.9999999999991698,0.9999999999994924,1.0,1.0,1.0,1.0,1.0,1.0,2.034012827172718,2.252367626153852,0.0,0.0
57,57.0,1.000000000003008,1.0000000000003195,6.444445775425215e-17,0.5978408160095932,0.06346641149139028,0.071944655792322,0.16765759268309918,42.533689714478385,4.27211493061038e-14,45.66322795726713,4.642310737420636e-13,1.0000000000030083,1.0000000000003193,0.000210821628570475,7.67707824706793e-05,1.0000000000000027,1.000000000000498,0.00014102458953855,7.271766662597656e-05,1999.0,0.11403674344060205,0.052401782703599326,0.9999999999997743,0.9999999999998396,1.0,1.0,0.9999999999960129,0.9999999999982159,1.0,1.0,1.0,1.0,1.0,1.0,2.3642870401812557,2.049300455555265,0.0,0.0
58,58.0,1.0000000000010225,1.0,2.329807170129848e-16,0.5977662583207943,0.08872904907912015,0.19510050647659222,0.1854114251327701,42.56282902326781,0.0,45.66112721789247,1.537273494978591e-13,1.0000000000010225,0.9999999999999996,0.00015312433242795,5.221366882324219e-05,1.0000000000030072,1.0000000000003193,0.00015991926193235,4.607439041137695e-05,2000.0,0.11540477953755138,0.05260404442837763,0.9999999999992567,0.9999999999996583,1.0,1.0,0.9999999999996789,0.9999999999996181,1.0,1.0,1.0,1.0,1.0,1.0,1.9881190227834091,2.078539790458069,0.0,0.0
59,59.0,1.0,1.0,0.0,2.006220914929266,0.11232733860379085,0.012456819473300075,0.01801769225858145,5.165584852089615e-32,0.0,5.165584852089615e-32,0.0,1.0,1.0,6.896257400512695e-05,1.722574234008789e-05,1.0,1.0,2.580881118774414e-05,1.2874603271484377e-05,0.0,2.4777073866335644,2.6310763012737937e-08,1.0,1.0,1.0,1.0,1.0,1.0,1.0,1.0,1.0,1.0,1.0,1.0,4.350294384723258,4.30738539083537,0.0,0.0
60,60.0,1.0,1.0,0.0,1.9168293127388172,0.07485359255224465,0.09385396324796601,0.10166326921898866,7.332765207964496e-32,0.0,4.3046540434080123e-32,0.0,1.0,1.0,4.565715789794922e-05,1.4901161193847658e-05,1.0,1.0,1.949071884155273e-05,1.2576580047607422e-05,1.0,3.2074850649189055,2.097059818230007,1.0,1.0,0.0,0.0,1.0,1.0,0.0,0.0,0.0,0.0,0.0,0.0,4.237005086096188,4.198737638799104,0.0,0.0
61,61.0,1.000000000004084,1.0000000000040679,1.208909515702948e-15,1.7320508075688776,0.11287017725408076,0.08511738525703547,0.03305825329152865,8.038482805637384e-32,0.0,2.869769362272008e-32,0.0,1.000000000004084,1.0000000000040679,4.112720489501953e-05,1.531839370727539e-05,1.0,1.0,2.1755695343017578e-05,1.4603137969970703e-05,4.0,2.849167107322543,2.4131374832024326,0.9999999999997282,0.9999999999995381,1.0,1.0,0.9999999999997278,0.999999999999528,1.0,1.0,1.0,1.0,1.0,1.0,1.7687327427454467,1.916177179595198,0.0,0.0
62,62.0,1.0000000000057818,1.0000000000059208,9.547918011776346e-16,1.6870239755710472,0.08160258503630752,0.052049870777409454,0.11664978804765265,6.495995605066376e-32,0.0,2.582792426044807e-32,0.0,1.0000000000057816,1.000000000005921,4.2498111724853516e-05,1.5020370483398438e-05,1.0000000000039295,1.0000000000039142,1.9669532775878906e-05,1.2636184692382812e-05,5.0,2.7318821856950177,2.407574551424362,0.9999999999983595,0.9999999999997248,1.0,1.0,0.9999999999983675,0.9999999999997253,1.0,1.0,1.0,1.0,1.0,1.0,1.5365869816138527,1.4245414634138964,0.0,0.0
63,63.0,1.0000000000009939,1.0000000000009777,9.575673587391975e-16,1.5509194618715116,0.13597664271946996,0.04657372273504727,0.04149491921998555,8.196704276454328e-32,0.0,1.8448517328891482e-32,0.0,1.0000000000009939,1.0000000000009779,4.4405460357666016e-05,1.4901161193847658e-05,1.0000000000052218,1.0000000000053475,2.008676528930664e-05,1.2636184692382812e-05,9.0,2.2818270778689667,2.0998231192030485,0.9999999999996978,0.9999999999997096,1.0,1.0,0.9999999999852056,0.9999999999945062,1.0,1.0,1.0,1.0,1.0,1.0,2.3174104316241033,2.338970474364352,0.0,0.0
64,64.0,1.0000000000080065,1.0000000000080633,1.4062824978585316e-16,1.5243982444638442,0.06846450077136976,0.0722136218682862,0.048768008302431526,8.092805429752099e-32,0.0,1.721861617363205e-32,0.0,1.0000000000080065,1.0000000000080633,4.7266483306884766e-05,1.4662742614746094e-05,1.0000000000009928,1.0000000000009766,1.9609928131103516e-05,1.2755393981933594e-05,10.0,2.1098398559464098,2.0332528467364686,0.9999999999965802,0.9999999999964431,1.0,1.0,0.9999999999965685,0.9999999999964329,1.0,1.0,1.0,1.0,1.0,1.0,2.018211988979264,2.1552975852036624,0.0,0.0
65,65.0,1.0000000000074682,1.0000000000000084,1.9574984907864601e-16,1.4369208763307242,0.15614592673955477,0.18593314196914434,0.170673101209104,6.583341888164133,3.403710062337651e-16,7.181780438667847,8.447190315651274e-14,1.0000000000074682,1.0000000000000084,5.358457565307617e-05,1.4901161193847656e-05,1.0000000000075218,1.0000000000075737,2.2590160369873047e-05,1.2934207916259767e-05,14.0,1.7911402107425447,1.6889347314130043,0.9999999999997686,0.9999999999998112,1.0,1.0,0.999999999993553,0.9999999999927288,1.0,1.0,1.0,1.0,1.0,1.0,1.7392368477809488,1.8405909911241685,0.0,0.0
66,66.0,1.0000000000023468,1.000000000000588,3.33066907387547e-16,1.4186124135047635,0.18958703865064302,0.2036785979871638,0.605680086358916,7.507634860562145,9.01362318117549e-15,8.555896624530519,4.798800246064161e-14,1.0000000000023468,1.000000000000588,4.70280647277832e-05,1.4781951904296877e-05,1.000000000007312,1.0000000000000082,2.0742416381835934e-05,1.245737075805664e-05,15.0,1.7115234918873807,1.752656815434967,0.9999999999979403,0.9999999999995279,1.0,1.0,0.9999999999975233,0.9999999999990152,1.0,1.0,1.0,1.0,1.0,1.0,2.278734489134561,2.268357841534126,0.0,0.0
67,67.0,1.0000000000005032,1.0000000000017277,1.4571677198205177e-16,1.3554030054147672,0.10441365244332697,0.2547611949266866,0.3762639699270949,12.407158036991419,4.8118916258961995e-14,13.477834151115443,9.161652917792178e-15,1.0000000000005032,1.0000000000017277,4.202127456665039e-05,1.4781951904296877e-05,1.0000000000023335,1.0000000000005564,1.9788742065429688e-05,1.2636184692382812e-05,19.0,1.6028294514091304,1.602655147509494,0.9999999999988691,0.9999999999979935,1.0,1.0,0.9999999999994504,0.9999999999997945,1.0,1.0,1.0,1.0,1.0,1.0,2.184092087937788,2.1902698081931966,0.0,0.0
68,68.0,1.0000000000044647,1.000000000012244,1.396660564978447e-15,1.3416407864998738,0.10296473081689322,0.03558393527055152,0.44649096368812025,14.00964123038564,4.5297099404706387e-13,14.506527639294557,1.2437384455665779e-13,1.0000000000044647,1.000000000012244,4.667043685913086e-05,1.5556812286376953e-05,1.0000000000004952,1.0000000000016984,1.9609928131103516e-05,1.3053417205810549e-05,20.0,1.5351316496075085,1.6588371165991296,0.9999999999945014,0.9999999999969,1.0,1.0,0.9999999999875847,0.999999999994091,1.0,1.0,1.0,1.0,1.0,1.0,3.9028688829281086,4.030321787758193,0.0,0.0
69,69.0,1.0000000000000129,1.0000000000004103,2.8490282028983794e-16,1.242371629699656,0.23996345873456448,0.14075929910177357,0.21470555820269505,21.520126245368644,2.011462891673813e-14,21.647062364485414,9.730778274655783e-16,1.0000000000000129,1.0000000000004103,4.285573959350586e-05,1.4662742614746094e-05,1.000000000004199,1.0000000000112497,2.1338462829589844e-05,1.2636184692382812e-05,29.0,1.3153877790124917,1.3364949690859997,0.9999999999980328,0.9999999999986846,1.0,1.0,0.9999999999976352,0.9999999999991327,1.0,1.0,1.0,1.0,1.0,1.0,2.3414362633318486,2.3905957820631167,0.0,0.0
70,70.0,1.0000000000000078,1.0000000000033873,2.8310687127941495e-16,1.233400850701559,0.11012671526987106,0.03550577419809995,0.04900360171450298,21.440919065928778,1.5277223930354469e-13,22.266833337170894,9.040387486233417e-16,1.0000000000000075,1.0000000000033873,4.2498111724853516e-05,1.5079975128173828e-05,1.0000000000000127,1.0000000000004032,1.9848346710205078e-05,1.2695789337158203e-05,30.0,1.4393605528160776,1.446103545873625,0.9999999999985911,0.9999999999991964,1.0,1.0,0.9999999999997929,0.9999999999997083,1.0,1.0,1.0,1.0,1.0,1.0,2.3425255249700134,2.543219859608573,0.0,0.0
71,71.0,1.0000000000003924,1.0000000000000075,2.6194324487249787e-16,1.0606601717798212,0.1298297457396984,0.1257069277926348,0.08114830084377897,30.989852045985874,1.0837684916165102e-15,33.3501391869208,3.387611371974408e-14,1.0000000000003924,1.0000000000000075,4.607439041137695e-05,1.5020370483398438e-05,1.0000000000000069,1.000000000002932,2.002716064453125e-05,1.2874603271484377e-05,59.0,0.9110291967978369,0.8316887988299274,0.999999999999363,0.9999999999988467,1.0,1.0,0.9999999999991876,0.9999999999992755,1.0,1.0,1.0,1.0,1.0,1.0,3.1076839713680764,3.436316750872082,0.0,0.0
72,72.0,1.0000000000005587,1.0000000000000058,2.459571008400347e-16,1.056556960746971,0.050530168169643674,0.10369474289473142,0.23312932258704674,31.327070028330372,9.611969340120106e-16,33.4378193681144,3.4267460663911086e-14,1.0000000000005587,1.0000000000000058,5.066394805908203e-05,1.5497207641601562e-05,1.0000000000003926,1.0000000000000073,2.139806747436523e-05,1.2934207916259767e-05,60.0,0.8964330552673168,0.8852662415075236,0.9999999999969547,0.9999999999982024,1.0,1.0,0.9999999999996348,0.9999999999995002,1.0,1.0,1.0,1.0,1.0,1.0,2.61039841755988,2.650508969192373,0.0,0.0
73,73.0,1.0000000000000036,1.0000000000006515,8.61744538161431e-16,0.9371819810760768,0.20763297850498927,0.13407281041145325,0.13530385016929353,36.000937186112125,5.815533240157341e-14,37.84363151277097,1.0190261333166616e-15,1.000000000000004,1.0000000000006515,5.143880844116211e-05,1.817941665649414e-05,1.0000000000004943,1.0000000000000053,2.300739288330078e-05,1.3649463653564453e-05,100.0,0.6160862504812857,0.5806212340259749,0.999999999997816,0.9999999999980421,1.0,1.0,0.999999999999684,0.9999999999995928,1.0,1.0,1.0,1.0,1.0,1.0,2.119900539898912,2.278149735758432,0.0,0.0
74,74.0,1.0000000000000024,1.0000000000027987,2.95361219758768e-16,0.9349637833207968,0.06431963422801337,0.09397253149654715,0.1207390801282599,35.40384039146545,2.624978326947045e-13,37.851330721027125,8.240263817206056e-16,1.0000000000000024,1.0000000000027987,4.6253204345703125e-05,1.5795230865478516e-05,1.000000000000004,1.0000000000006461,2.1576881408691406e-05,1.33514404296875e-05,101.0,0.6173630023679973,0.6088296146339087,0.9999999999988451,0.9999999999986733,1.0,1.0,0.9999999999976087,0.9999999999962944,1.0,1.0,1.0,1.0,1.0,1.0,2.489510481543805,2.3053854410439834,0.0,0.0
75,75.0,1.0000000000000053,1.0000000000034877,1.399964155441966e-16,0.7928349552035533,0.15916743117850274,0.04670241277199235,0.061524971446488025,39.366596657902626,3.54435721964442e-13,42.742855494411195,1.4806584143049648e-15,1.0000000000000053,1.0000000000034879,6.556510925292969e-05,1.817941665649414e-05,1.0000000000000018,1.000000000002369,3.0457973480224606e-05,1.52587890625e-05,200.0,0.3740027807729729,0.32798863395985944,0.9999999999963124,0.999999999997563,1.0,1.0,0.9999999999993434,0.9999999999993093,1.0,1.0,1.0,1.0,1.0,1.0,1.3086492281155282,1.5198716274882653,0.0,0.0
76,76.0,1.0000000000000036,1.0,1.8768697491539356e-16,0.7918710203451418,0.05159142171032725,0.07158208469627418,0.378049811173696,39.378037617266,1.620871721631145e-16,42.59026989634484,1.115477720979572e-15,1.000000000000004,1.0,5.3167343139648444e-05,1.7464160919189453e-05,1.000000000000005,1.0000000000034825,2.312660217285156e-05,1.4841556549072267e-05,201.0,0.3917452615086757,0.336775664439629,0.999999999999529,0.9999999999996482,0.25,0.25,0.9999999999997397,0.9999999999996453,1.0,1.0,1.0,1.0,0.25,0.25,1.995172156406639,2.0227336780070595,0.0,0.0
77,77.0,1.0000000000000033,1.0000000000003402,1.204864987380088e-16,0.7178708107190884,0.19261259073391557,0.047853744705207577,0.12179599975934248,40.25757360763497,4.13108527349785e-14,43.398399436643835,1.2514579536594388e-15,1.0000000000000036,1.0000000000003406,6.383657455444336e-05,1.811981201171875e-05,1.0000000000000033,1.0000000000000002,2.9265880584716793e-05,1.5795230865478516e-05,300.0,0.29099672848608277,0.2335856365885008,0.999999999996759,0.999999999998765,1.0,1.0,0.9999999999991329,0.9999999999986825,1.0,1.0,1.0,1.0,1.0,1.0,1.5807720115716721,1.48915248979582,0.0,0.0
78,78.0,1.0000000000000027,1.000000000001258,2.2993589603143563e-16,0.7172835948406505,0.049378160270862254,0.1334338912274688,0.1510796445072628,40.39270369990229,1.501934923562654e-13,43.57561615383797,1.0197906426356729e-15,1.0000000000000027,1.0000000000012583,6.496906280517578e-05,1.7940998077392578e-05,1.0000000000000036,1.000000000000341,2.8669834136962887e-05,1.6033649444580078e-05,301.0,0.2937331059380026,0.241260808295441,0.9999999999983371,0.9999999999991853,1.0,1.0,0.9999999999998843,0.9999999999999583,1.0,1.0,1.0,1.0,1.0,1.0,1.6709389076799313,1.600350270924987,0.0,0.0
79,79.0,1.000000000000004,1.0000000000000018,3.201828377190575e-16,0.668740304976422,0.16069414140656588,0.15583559975493694,0.17557183216558767,40.89987176712084,6.644890399237975e-16,44.358221449322855,1.3928501699062765e-15,1.0000000000000042,1.0000000000000018,6.67572021484375e-05,2.0742416381835938e-05,1.0000000000000029,1.000000000001168,4.225969314575195e-05,1.6927719116210938e-05,400.0,0.23650389895611976,0.18758810120906336,0.9999999999997774,0.9999999999998522,1.0,1.0,0.999999999999547,0.9999999999996999,1.0,1.0,1.0,1.0,1.0,1.0,2.2554332220566193,2.7386491096450207,0.0,0.0
80,80.0,1.000000000000651,1.000000000004226,1.125262991707517e-16,0.668328138182823,0.05877512978622682,0.02927902364172035,0.15033070847857744,40.978926077926886,4.91225902319402e-13,44.198543597220336,8.864659143573383e-14,1.0000000000006504,1.000000000004226,7.790327072143555e-05,2.1517276763916012e-05,1.0000000000000042,1.0000000000000018,3.886222839355469e-05,1.6987323760986328e-05,401.0,0.23591890381908204,0.19167472451009435,0.9999999999994977,0.9999999999988658,1.0,1.0,0.9999999999994799,0.999999999999619,1.0,1.0,1.0,1.0,1.0,1.0,1.5525366478944054,1.5026461080072635,0.0,0.0
81,81.0,1.0000000000005413,1.0,1.1607876376278865e-16,0.63284654027733,0.16166288714157412,0.03811945085180917,0.051461235038004774,41.146679352226585,0.0,44.776667925532166,7.35247396519445e-14,1.0000000000005416,1.0000000000000004,6.4849853515625e-05,2.104043960571289e-05,1.000000000000614,1.0000000000040117,3.8504600524902344e-05,1.8894672393798828e-05,500.0,0.20284897747368238,0.15735284294559587,0.9999999999989088,0.999999999999446,1.0,1.0,0.9999999999985154,0.9999999999987201,1.0,1.0,1.0,1.0,1.0,1.0,2.0981993158678853,2.15048592803538,0.0,0.0
82,82.0,1.0000000000000038,1.0000000000033729,1.5655022293874487e-16,0.6325336370715382,0.17802588955964885,0.15494147693971166,0.03817484655883155,41.408910380471525,4.4276857103875455e-13,44.784668177475986,1.2358910557227964e-15,1.0000000000000038,1.0000000000033729,6.729364395141602e-05,2.0742416381835938e-05,1.0000000000005416,0.9999999999999996,3.9637088775634766e-05,1.9550323486328125e-05,501.0,0.20798942070701745,0.1601379742550788,0.9999999999993399,0.9999999999991769,1.0,1.0,0.9999999999988264,0.9999999999990827,1.0,1.0,1.0,1.0,1.0,1.0,2.5271237898675243,2.366041763447509,0.0,0.0
83,83.0,1.0000000000013916,1.0000000000019993,1.230879493830287e-16,0.6048983655803541,0.1312243057764135,0.03429845260689032,0.14442765235435215,41.44485257167329,2.635703868198488e-13,45.00737727202282,2.184939098335483e-13,1.0000000000013922,1.0000000000019993,8.237361907958984e-05,2.2292137145996094e-05,1.0000000000000036,1.0000000000032156,3.814697265625001e-05,1.9729137420654297e-05,600.0,0.18752085955299305,0.13747293013972034,0.9999999999985555,0.999999999998765,1.0,1.0,0.9999999999967751,0.9999999999967666,1.0,1.0,1.0,1.0,1.0,1.0,1.7013634208466586,2.0176475916779903,0.0,0.0
84,84.0,1.0000000000039588,1.0000000000046638,8.725143819764536e-17,0.6046486654794454,0.04814769228687503,0.05365591897862025,0.1426575882360339,41.44368110766981,6.573818772065916e-13,44.936662036703666,6.19655546163207e-13,1.0000000000039588,1.0000000000046638,9.888410568235001e-05,2.187490463256836e-05,1.0000000000013913,1.0000000000019995,3.731250762939453e-05,1.937150955200195e-05,601.0,0.1975307456687723,0.13863970948543197,0.9999999999958897,0.9999999999980866,1.0,1.0,0.999999999996402,0.9999999999982433,1.0,1.0,1.0,1.0,1.0,1.0,3.114895029730374,3.0327584759635764,0.0,0.0
85,85.0,1.0000000000000024,1.0000000000009424,1.0102242131872876e-16,0.5822023786619385,0.058560360572300796,0.01839164423290635,0.029448336339555674,41.626203601683955,1.3063029775299561e-13,44.88406045075578,1.0409718792238923e-15,1.0000000000000024,1.0000000000009424,9.810924530027459e-05,2.6404857635498047e-05,1.0000000000038076,1.000000000004508,4.971027374267578e-05,2.0802021026611328e-05,700.0,0.17855828135370322,0.12072942609877932,0.9999999999994207,0.9999999999994316,1.0,1.0,0.9999999999994648,0.9999999999996481,1.0,1.0,1.0,1.0,1.0,1.0,1.7050456405935264,1.7040941846552955,0.0,0.0
86,86.0,1.0000000000000022,1.0000000000013365,3.107759564327855e-16,0.581996106750502,0.10026335850125179,0.040941237704828326,0.043263994739390875,41.48504708087147,1.8702866608281958e-13,44.87649857837205,1.010994876106959e-15,1.0000000000000022,1.0000000000013365,7.987022399902344e-05,2.2172927856445312e-05,1.0000000000000024,1.0000000000009426,4.607439041137695e-05,2.0563602447509762e-05,701.0,0.17830378396200558,0.1222680897464263,0.9999999999992824,0.9999999999993384,1.0,1.0,0.9999999999997866,0.9999999999998439,1.0,1.0,1.0,1.0,1.0,1.0,1.7930727608449823,1.92550942524145,0.0,0.0
87,87.0,1.000000000000004,1.0000000000028129,1.781873475547456e-16,0.5632124994907416,0.14604769088327876,0.04924545000540085,0.1184991637128405,41.83418695952362,4.2557693049395655e-13,45.25211077360851,1.2663783065669992e-15,1.000000000000004,1.0000000000028129,8.535385131835938e-05,2.4259090423583984e-05,1.0000000000000022,1.0000000000012983,6.014108657836914e-05,2.491474151611328e-05,800.0,0.16237194419840464,0.10869001684195165,0.9999999999989404,0.9999999999992275,1.0,1.0,0.9999999999992331,0.9999999999990509,1.0,1.0,1.0,1.0,1.0,1.0,1.6863448577236988,1.533209591429052,0.0,0.0
88,88.0,1.0000000000000024,1.0000000000005989,1.5806214897734084e-16,0.5630377244504636,0.19743558455957097,0.07206204574322328,0.132891874120105,41.795190930191325,8.660228586088309e-14,45.269614678808125,1.2072986668837893e-15,1.0000000000000022,1.0000000000005989,0.00010454654693597501,2.4735927581787106e-05,1.000000000000004,1.0000000000028115,6.318092346191406e-05,2.282857894897461e-05,801.0,0.16216977515274883,0.1095328309271407,0.9999999999994207,0.9999999999996629,1.0,1.0,0.9999999999996606,0.9999999999995923,1.0,1.0,1.0,1.0,1.0,1.0,2.0098457536658265,1.8853011201810157,0.0,0.0
89,89.0,1.000000000002157,1.0000000000010845,1.9953345298926157e-16,0.5469644621833671,0.021633615717291825,0.068467621516902,0.2675119715859182,41.99790976272262,1.6313080413816336e-13,45.37337816827515,3.608759393217373e-13,1.0000000000021567,1.0000000000010847,0.00010579824447625,2.8073787689208984e-05,1.0000000000000024,1.0000000000005844,6.538629531860352e-05,2.378225326538086e-05,900.0,0.15102450514115837,0.09857274971473434,0.999999999999222,0.9999999999995057,1.0,1.0,0.9999999999995656,0.9999999999996849,1.0,1.0,1.0,1.0,1.0,1.0,2.2415045067802803,2.7178980819933316,0.0,0.0
90,90.0,1.000000000000002,1.0000000000011537,1.3032253716212513e-16,0.5468134712891527,0.1526808788767084,0.09054771321825678,0.14841216674540186,41.89138593524848,1.761868183846547e-13,45.82712806588483,1.0183784156895544e-15,1.000000000000002,1.0000000000011537,0.00010323524475096367,2.5391578674316406e-05,1.0000000000021556,1.0000000000010842,5.167722702026367e-05,2.205371856689453e-05,901.0,0.1508572809569338,0.09923096742302785,0.9999999999991055,0.999999999999287,1.0,1.0,0.9999999999997674,0.9999999999996341,1.0,1.0,1.0,1.0,1.0,1.0,1.4215791531182638,1.41439884258457,0.0,0.0
91,91.0,1.0000000000004419,1.0000000000020022,1.4035207490410562e-16,0.5328190443710044,0.08954133110819378,0.05203558091307053,0.20768089307239274,42.17584028776109,3.194468183618912e-13,45.603162503820755,7.927956246160917e-14,1.0000000000004419,1.000000000002002,0.000108599662780675,2.7477741241455075e-05,1.000000000000002,1.0000000000011207,5.924701690673828e-05,2.4259090423583984e-05,1000.0,0.14519622525894435,0.09022286991366597,0.999999999999431,0.9999999999992244,1.0,1.0,0.9999999999965048,0.9999999999983317,1.0,1.0,1.0,1.0,1.0,1.0,2.0103931655106617,2.3570151126958114,0.0,0.0
92,92.0,1.0000000000000027,1.0000000000008158,2.644780793751678e-16,0.5326865846853516,0.11614969250513232,0.046511162479873726,0.0502823268179781,42.168156251179994,1.1470706205075593e-13,45.61964600807643,1.338613337692926e-15,1.0000000000000033,1.0000000000008158,0.000104665756225525,2.8192996978759766e-05,1.0000000000004419,1.0000000000020015,6.300210952758789e-05,2.3603439331054688e-05,1001.0,0.1457331769906227,0.0909940295882308,0.999999999999498,0.9999999999996119,1.0,1.0,0.9999999999991184,0.9999999999995381,1.0,1.0,1.0,1.0,1.0,1.0,2.081451144630456,2.0903922718148307,0.0,0.0
93,93.0,1.0000000000003113,1.0000000000019786,2.4206378480345323e-16,0.5203321793991642,0.03843377513112495,0.048692214826587574,0.06804440967971455,42.19109377952605,3.1337129974901697e-13,45.78786129357258,6.179134629811144e-14,1.0000000000003122,1.0000000000019789,0.000112235546112025,2.700090408325195e-05,1.0000000000000033,1.0000000000007947,7.134675979614258e-05,2.473592758178711e-05,1100.0,0.14148431659104072,0.0836854870364481,0.9999999999984236,0.9999999999990768,1.0,1.0,0.9999999999993148,0.9999999999986953,1.0,1.0,1.0,1.0,1.0,1.0,1.2814813424638947,1.4802089425099367,0.0,0.0
94,94.0,1.0000000000001568,1.0000000000009117,1.238711765268936e-16,0.5202145237264322,0.033809190033934976,0.038885590503923526,0.0847548834281042,42.20718921559353,1.518758998411771e-13,45.42381619062557,3.112619665729831e-14,1.0000000000001568,1.0000000000009115,9.66191291809082e-05,2.7179718017578125e-05,1.0000000000003118,1.0000000000019778,6.175041198730469e-05,2.580881118774414e-05,1101.0,0.1415667937799566,0.08432043552696603,0.9999999999993368,0.9999999999994058,1.0,1.0,0.9999999999995579,0.9999999999994736,1.0,1.0,1.0,1.0,1.0,1.0,2.506931327474769,3.0913081416277137,0.0,0.0
95,95.0,1.0000000000000009,1.0000000000008242,4.227139615751219e-16,0.5091837005070516,0.0317877337802201,0.040279889595694826,0.06888655130751425,42.21253415966713,1.3215127470884043e-13,45.855256953414845,7.771100498921894e-16,1.0000000000000009,1.0000000000008242,0.00011134147644040001,2.8192996978759762e-05,1.0000000000001543,1.0000000000008895,8.308887481689453e-05,2.6881694793701172e-05,1200.0,0.13623329496168185,0.07775521504098028,0.9999999999996323,0.9999999999996714,1.0,1.0,0.9999999999996603,0.9999999999996163,1.0,1.0,1.0,1.0,1.0,1.0,2.727251399557002,2.5239683053328257,0.0,0.0
96,96.0,1.0000000000000018,1.000000000001002,1.2082651076455373e-17,0.5090781154934948,0.05513511982280757,0.045000543759670025,0.06335761980153612,42.25198814819345,1.6882068803525974e-13,45.52118796739542,9.934700933663792e-16,1.0000000000000018,1.0000000000010023,0.00013267993926994998,2.777576446533203e-05,1.0000000000000009,1.0000000000008242,7.426738739013672e-05,2.6285648345947266e-05,1201.0,0.13743020498657904,0.07808376961423442,0.9999999999996566,0.9999999999995306,1.0,1.0,0.9999999999999052,0.9999999999998516,1.0,1.0,1.0,1.0,1.0,1.0,2.9582808769247944,2.6816971913950427,0.0,0.0
97,97.0,1.0000000000000013,1.0000000000008875,1.4037149964459216e-16,0.5041350242010639,0.09744262590538705,0.11665672750677908,0.03373497934080655,42.244572115688065,1.5622922944692056e-13,45.47215810211865,8.067045171154921e-16,1.000000000000001,1.0000000000008875,9.250640869138944e-05,3.075599670410156e-05,1.0000000000000018,1.0000000000009939,5.507469177246094e-05,2.652406692504883e-05,1249.0,0.1371700052906944,0.07557754215540714,0.9999999999990702,0.9999999999993788,1.0,1.0,0.9999999999999363,0.9999999999999363,1.0,1.0,1.0,1.0,1.0,1.0,1.7473324952694107,1.996272009945628,0.0,0.0
98,98.0,1.0000000000000027,1.000000000001361,1.809530834159966e-16,0.504034568875922,0.08351955417310818,0.04731905757216735,0.051663170044776024,42.31387496419954,2.3064005331526325e-13,45.47283772012839,1.1996158825043375e-15,1.0000000000000029,1.0000000000013611,9.101629257202148e-05,2.908706665039062e-05,1.000000000000001,1.0000000000008875,5.823373794555664e-05,2.6464462280273438e-05,1250.0,0.13705997970439876,0.07604696849331552,0.999999999998302,0.9999999999985888,1.0,1.0,0.99999999999921,0.9999999999994458,1.0,1.0,1.0,1.0,1.0,1.0,1.4401093474191704,1.608739558915337,0.0,0.0
99,99.0,1.0000000000000024,1.0000000000016016,9.724022353613439e-17,0.4991356925338237,0.08139668381772927,0.17614674655487755,0.07114450720837337,42.245987853010185,2.4487951045385514e-13,45.750402071709246,1.289262438826202e-15,1.0000000000000029,1.0000000000016018,0.00011849403381342501,4.023313522338867e-05,1.0000000000000027,1.0000000000013423,8.6724758148175e-05,2.9087066650390625e-05,1300.0,0.13644798711590633,0.07351592722800235,0.9999999999989473,0.9999999999988738,1.0,1.0,0.9999999999993868,0.9999999999996227,1.0,1.0,1.0,1.0,1.0,1.0,2.1471560803212695,2.3164551234094355,0.0,0.0
100,100.0,1.0000000000000036,1.0000000000008482,1.6334560044542406e-16,0.4990401184380054,0.034029115107841776,0.09155817050486798,0.0704202282358892,42.21024772167407,1.362674436450694e-13,45.755755525144,1.6934726549431655e-15,1.0000000000000042,1.000000000000848,0.00012230873107902502,3.1888484954833984e-05,1.0000000000000029,1.0000000000016016,7.724761962890625e-05,2.807378768920898e-05,1301.0,0.136342970051985,0.07393378957515756,0.9999999999997538,0.9999999999998443,1.0,1.0,0.9999999999995406,0.9999999999996612,1.0,1.0,1.0,1.0,1.0,1.0,3.0163098720074504,3.5193379743462847,0.0,0.0
101,101.0,1.0000000000000016,1.0000000000006346,1.369011665596501e-16,0.4900068752890042,0.05684546934207895,0.10044333135010672,0.029120695660822024,42.26982495023765,1.4274986886503485e-13,45.9055996286136,1.1472238738266317e-15,1.0000000000000018,1.0000000000006344,9.930133819578202e-05,3.618001937866211e-05,1.0000000000000042,1.0000000000008333,7.468461990356445e-05,2.9385089874267578e-05,1400.0,0.13146003756915425,0.06923740478832545,0.9999999999996051,0.9999999999996053,1.0,1.0,0.9999999999988949,0.999999999998498,1.0,1.0,1.0,1.0,1.0,1.0,1.698078312049332,2.0152673866426825,0.0,0.0
102,102.0,1.0000000000000029,1.0000000000006861,1.04270946231687e-16,0.4899197242183654,0.08770555455703287,0.0765594820841215,0.061069146322552045,42.322459920458705,1.231181270415452e-13,45.90392143304723,1.5269712158211324e-15,1.000000000000003,1.0000000000006861,0.00010246038436887735,3.528594970703125e-05,1.0000000000000018,1.0000000000006344,7.92741775512539e-05,3.0100345611572266e-05,1401.0,0.13136690578180582,0.0695679277149457,0.9999999999995094,0.9999999999996663,1.0,1.0,0.9999999999998559,0.9999999999997937,1.0,1.0,1.0,1.0,1.0,1.0,1.6394467625643245,1.7582491240898372,0.0,0.0
103,103.0,1.0000000000000013,1.0000000000008629,1.7708943059014299e-16,0.481736214549237,0.04751937877153973,0.13310189900221303,0.127584523987025,42.36605416040914,1.9078870797047744e-13,45.49097035550791,1.0526080598166503e-15,1.0000000000000018,1.0000000000008629,0.000154972076415925,3.4928321838378906e-05,1.000000000000003,1.0000000000006755,7.683038711547852e-05,3.0934810638427734e-05,1499.0,0.1249623876332783,0.06536424668504062,0.999999999999682,0.9999999999996987,1.0,1.0,0.9999999999991322,0.9999999999992624,1.0,1.0,1.0,1.0,1.0,1.0,2.7763461912551906,2.979991307206892,0.0,0.0
104,104.0,1.0000000000000009,1.0000000000007525,3.630355521552526e-16,0.4816561719753108,0.27064820216037333,0.18638737691799176,0.1356512203929014,42.37295601844426,1.331510391055319e-13,45.48217290323383,7.522406470338124e-16,1.0000000000000007,1.0000000000007525,0.00014173984527585,5.239248275756836e-05,1.0000000000000018,1.0000000000008629,0.00010746717453001875,3.3974647521972656e-05,1500.0,0.12487892279954872,0.06562120712456973,0.9999999999995455,0.9999999999996074,1.0,1.0,0.9999999999997463,0.999999999999867,1.0,1.0,1.0,1.0,1.0,1.0,3.1150786574605327,2.818432631145955,0.0,0.0
105,105.0,1.0000000000001115,1.0000000000016744,2.4559814120442955e-16,0.4815761958543351,0.20562348846578965,0.040779551316518246,0.08524436084553594,42.29489323488764,2.686445576839343e-13,45.182170008490075,2.2080389752101794e-14,1.0000000000001117,1.0000000000016744,0.0001357197761535,4.035234451293946e-05,1.0000000000000007,1.0000000000007525,8.594989776611328e-05,3.147125244140625e-05,1501.0,0.1247960472646314,0.06594108278984052,0.9999999999994726,0.9999999999992255,1.0,1.0,0.9999999999993276,0.9999999999995755,1.0,1.0,1.0,1.0,1.0,1.0,1.372774540411085,1.5129508699161454,0.0,0.0
106,106.0,1.0000000000000018,1.0000000000015992,6.197880561147291e-17,0.4739717917077904,0.033011949097271995,0.09034566435730079,0.0530596136231906,42.423194703068155,3.3421273709765035e-13,45.66540169936069,1.0579975801645961e-15,1.0000000000000022,1.0000000000015992,0.000160396099090525,4.285573959350586e-05,1.00000000000011,1.000000000001648,0.00010168552398680001,3.403425216674805e-05,1600.0,0.11911758972592049,0.062217945785442326,0.9999999999996199,0.9999999999995549,1.0,1.0,0.9999999999996555,0.9999999999997968,1.0,1.0,1.0,1.0,1.0,1.0,2.1876153303725108,1.830752232118309,0.0,0.0
107,107.0,1.0000000000008067,1.000000000001831,1.6738029255128645e-16,0.4738979930614576,0.08809026930248362,0.0401360196410678,0.051146785495802725,42.462954379860555,3.621526940240721e-13,45.668087041021536,1.6748106637533048e-13,1.0000000000008076,1.0000000000018305,0.000158846378326375,4.9054622650146484e-05,1.0000000000000022,1.0000000000015992,0.0001128315925598,3.4332275390625e-05,1601.0,0.11904330245626878,0.062438266540364426,0.9999999999992171,0.9999999999992888,1.0,1.0,0.9999999999996447,0.9999999999996696,1.0,1.0,1.0,1.0,1.0,1.0,2.8794011081522655,2.7788410189760535,0.0,0.0
108,108.0,1.000000000000001,1.000000000002387,1.1772922161421016e-16,0.466863755139995,0.03171907755313435,0.06273564416915176,0.0423629902652464,42.4293575933075,4.0474940115040903e-13,45.732342362796274,1.0125657236760904e-15,1.0000000000000013,1.000000000002387,0.000172793865203825,4.0411949157714844e-05,1.0000000000007918,1.0000000000017923,8.422136306761172e-05,3.7133693695068366e-05,1700.0,0.11737480501600123,0.0590708803557217,0.9999999999983734,0.9999999999985351,1.0,1.0,0.9999999999975696,0.9999999999973554,1.0,1.0,1.0,1.0,1.0,1.0,2.317070822494422,2.4823753588505744,0.0,0.0
109,109.0,1.0000000000000002,1.0000000000011386,6.745288188886135e-17,0.4667953251264108,0.0589076929027214,0.10312730958685273,0.06290865672053765,42.4147963764817,2.040894156813214e-13,45.76749878915031,2.354831192617895e-16,1.0000000000000004,1.0000000000011386,0.000143826007842975,3.910064697265625e-05,1.0000000000000013,1.0000000000023859,0.000123023986816325,3.3915042877197266e-05,1701.0,0.11730574794313497,0.05941183536036355,0.9999999999993923,0.9999999999994297,1.0,1.0,0.9999999999986948,0.9999999999990857,1.0,1.0,1.0,1.0,1.0,1.0,1.528715141040344,1.4641208627152538,0.0,0.0
110,110.0,1.0000000000011022,1.000000000002863,2.1362615211572996e-16,0.4635684359189349,0.041843831713777,0.08945705363294103,0.137913133308757,42.46391536062286,5.119744897889503e-13,45.52401532906453,2.3498981172182437e-13,1.0000000000011027,1.000000000002863,0.000135242938995325,3.8623809814453125e-05,1.0000000000000004,1.0000000000011275,8.273124694824219e-05,3.30805778503418e-05,1749.0,0.11787611883480738,0.05808595486394373,0.9999999999984511,0.9999999999976554,1.0,1.0,0.9999999999991709,0.9999999999994192,1.0,1.0,1.0,1.0,1.0,1.0,2.107891141984746,2.299303132581228,0.0,0.0
111,111.0,1.0000000000000004,1.0000000000021363,4.78344809156873e-16,0.463502386414385,0.07097209489438674,0.046672843513078925,0.04128793510608375,42.46059816376167,4.178455618862024e-13,45.682339117359405,7.624954798611492e-16,1.0000000000000009,1.0000000000021363,0.00010895729064935,3.844499588012696e-05,1.000000000001103,1.0000000000028628,7.319450378417969e-05,3.904104232788086e-05,1750.0,0.1185633594192589,0.058306554468031596,0.9999999999991607,0.9999999999992768,1.0,1.0,0.9999999999993365,0.9999999999996646,1.0,1.0,1.0,1.0,1.0,1.0,1.764420374424068,1.9108236261934612,0.0,0.0
112,112.0,1.000000000000003,1.0000000000027056,1.242619426869237e-16,0.4602586435049675,0.12914197752252218,0.055307602160610175,0.15158380492357532,42.465277961116925,5.38972175600322e-13,45.36070998542486,1.2263658848051261e-15,1.0000000000000029,1.0000000000027058,0.00011962652206415,5.84721565246582e-05,1.000000000000001,1.0000000000021194,7.623434066771016e-05,3.6776065826416016e-05,1800.0,0.1183147771040351,0.05693137318013758,0.9999999999989628,0.9999999999989717,1.0,1.0,0.9999999999983574,0.9999999999988156,1.0,1.0,1.0,1.0,1.0,1.0,1.8335526072180253,1.9487522172443517,0.0,0.0
113,113.0,1.000000000000003,1.0000000000025107,4.899489206125414e-17,0.4601949178345577,0.105407282768283,0.09197474678512657,0.07576832239283243,42.491933312881315,5.661210241824794e-13,45.35604441757022,1.228314853545695e-15,1.0000000000000027,1.0000000000025107,0.00013923645019525,6.383657455444336e-05,1.0000000000000027,1.0000000000027056,0.00010085105895993672,4.1425228118896484e-05,1801.0,0.1182492339229934,0.05715146645981217,0.999999999999262,0.9999999999991601,1.0,1.0,0.9999999999995394,0.999999999999551,1.0,1.0,1.0,1.0,1.0,1.0,2.876903855491738,3.244319362586528,0.0,0.0
114,114.0,1.000000000000001,1.0000000000019236,1.0807919155734134e-16,0.454095825775839,0.13321879418799654,0.04430317156948142,0.06169937842059872,42.481307261944174,4.268908061689894e-13,45.72744019037398,7.613186838023401e-16,1.000000000000001,1.0000000000019236,0.0001655220985412,6.23464584350586e-05,1.0000000000000027,1.0000000000024698,9.894371032714687e-05,3.886222839355469e-05,1900.0,0.11657980189002429,0.05434459434778445,0.999999999998873,0.9999999999987014,1.0,1.0,0.9999999999983129,0.9999999999978784,1.0,1.0,1.0,1.0,1.0,1.0,1.0052205581265148,0.9498461710105954,0.0,0.0
115,115.0,1.0000000000000033,1.00000000000146,2.0532718582390748e-18,0.4540362526914775,0.039067719655577024,0.08698075142456219,0.0437131975777447,42.440248449981254,3.5837809926147175e-13,45.70610041470594,1.3161326989194864e-15,1.0000000000000027,1.0000000000014602,0.00014901161193840002,5.120038986206055e-05,1.000000000000001,1.000000000001923,9.733438491819492e-05,4.0471553802490234e-05,1901.0,0.1165185122593027,0.05456403678160333,0.9999999999986664,0.9999999999991169,1.0,1.0,0.9999999999979816,0.9999999999978905,1.0,1.0,1.0,1.0,1.0,1.0,2.034012827172718,2.252367626153852,0.0,0.0
116,116.0,1.0000000000000004,1.0000000000023619,6.444445775425215e-17,0.4483806120071948,0.03804421907989303,0.022576554736588074,0.025978046527598,42.533689714478385,4.838459279495585e-13,45.66322795726713,2.320720683709971e-16,1.0000000000000004,1.0000000000023617,0.00020039081573485,4.374980926513672e-05,1.0000000000000027,1.0000000000014306,0.000112056732177725,3.677606582641602e-05,1999.0,0.11377710339011504,0.052142142653112324,0.9999999999981158,0.9999999999982558,1.0,1.0,0.9999999999991662,0.9999999999994102,1.0,1.0,1.0,1.0,1.0,1.0,2.3642870401812557,2.049300455555265,0.0,0.0
117,117.0,1.0000000000005327,1.000000000002177,2.329807170129848e-16,0.4483246937405957,0.0621313968440517,0.046271601866465006,0.04368699539918447,42.56282902326781,4.594500036729029e-13,45.66112721789247,1.1366950606043361e-13,1.0000000000005331,1.000000000002177,0.000196397304534825,4.851818084716797e-05,0.9999999999999999,1.0000000000023608,9.697675704956055e-05,3.802776336669922e-05,2000.0,0.1151452599271584,0.052344524817984725,0.9999999999983639,0.999999999998037,1.0,1.0,0.9999999999965793,0.9999999999955748,1.0,1.0,1.0,1.0,1.0,1.0,1.9881190227834091,2.078539790458069,0.0,0.0
118,118.0,1.0,1.0,0.0,1.671850762441055,0.0881233299733139,0.020818427612539353,0.02083937241695815,5.165584852089615e-32,0.0,5.165584852089615e-32,0.0,1.0,1.0,6.633996963500977e-05,1.704692840576172e-05,1.0,1.0,2.1636486053466797e-05,1.2695789337158203e-05,0.0,2.477707386633564,2.6310763068249088e-08,1.0,1.0,1.0,1.0,1.0,1.0,1.0,1.0,1.0,1.0,1.0,1.0,4.350294384723258,4.30738539083537,0.0,0.0
119,119.0,1.0,1.0,0.0,1.597357760615681,0.1138901813537813,0.0381541200331412,0.06742679368471723,7.332765207964496e-32,0.0,4.3046540434080123e-32,0.0,1.0,1.0,5.263090133666992e-05,1.537799835205078e-05,1.0,1.0,2.2292137145996094e-05,1.2516975402832031e-05,1.0,3.200035764736368,2.0896105180474707,1.0,1.0,0.0,0.0,1.0,1.0,0.0,0.0,0.0,0.0,0.0,0.0,4.237005086096188,4.198737638799104,0.0,0.0
120,120.0,1.0000000000050946,1.0000000000060285,1.208909515702948e-15,1.4433756729740643,0.05149970197817308,0.028784891183022375,0.051295904093421975,8.038482805637384e-32,0.0,2.869769362272008e-32,0.0,1.0000000000050946,1.0000000000060283,4.38690185546875e-05,1.52587890625e-05,1.0,1.0,2.0503997802734375e-05,1.531839370727539e-05,4.0,2.8400281037438635,2.403998479623753,0.9999999999916858,0.9999999999999329,1.0,1.0,0.9999999999916833,0.9999999999999533,1.0,1.0,1.0,1.0,1.0,1.0,1.7687327427454467,1.916177179595198,0.0,0.0
121,121.0,1.0000000000000073,1.0000000000000087,9.547918011776346e-16,1.4058533129758728,0.0415465804398991,0.033857335452921675,0.08143900899449355,6.495995605066376e-32,0.0,2.582792426044807e-32,0.0,1.0000000000000073,1.0000000000000087,4.464387893676758e-05,1.5020370483398438e-05,1.000000000004872,1.0000000000057852,1.9073486328125003e-05,1.2278556823730469e-05,5.0,2.7230156040461786,2.398707969775523,0.9999999999961097,0.9999999999984888,1.0,1.0,0.9999999999960973,0.999999999998455,1.0,1.0,1.0,1.0,1.0,1.0,1.5365869816138527,1.4245414634138964,0.0,0.0
122,122.0,1.000000000002948,1.0000000000028586,9.575673587391975e-16,1.2924328848929263,0.11693074845243243,0.06235569843556728,0.02862212824402375,8.196704276454328e-32,0.0,1.8448517328891482e-32,0.0,1.0000000000029479,1.0000000000028586,4.917383193969727e-05,1.4841556549072267e-05,1.000000000000006,1.0000000000000075,2.0265579223632812e-05,1.2695789337158203e-05,9.0,2.2742387203180043,2.0922347616520858,0.999999999989464,0.9999999999902786,1.0,1.0,0.9999999999894651,0.9999999999902776,1.0,1.0,1.0,1.0,1.0,1.0,2.3174104316241033,2.338970474364352,0.0,0.0
123,123.0,1.0000000000048823,1.0000000000048752,1.4062824978585316e-16,1.2703318703865367,0.12803672568406904,0.17639874317683277,0.18801082216668868,8.092805429752099e-32,0.0,1.721861617363205e-32,0.0,1.0000000000048823,1.0000000000048752,4.2319297790527344e-05,1.4722347259521484e-05,1.000000000002872,1.0000000000027847,2.0265579223632812e-05,1.245737075805664e-05,10.0,2.1025395124545097,2.025952503244568,0.9999999999978257,0.9999999999989366,1.0,1.0,0.9999999999979138,0.9999999999990627,1.0,1.0,1.0,1.0,1.0,1.0,2.018211988979264,2.1552975852036624,0.0,0.0
124,124.0,1.0000000000128895,1.0000000000000089,1.9574984907864601e-16,1.197434063608937,0.07432450528722251,0.08561308804200955,0.23933407303411514,6.583341888164133,3.1261543061813614e-16,7.181780438667847,2.3876953046310166e-13,1.0000000000128895,1.000000000000009,4.4465065002441406e-05,1.4543533325195312e-05,1.0000000000045874,1.0000000000045814,2.044439315795898e-05,1.3709068298339844e-05,14.0,1.7848146547581163,1.682609175428576,0.9999999999932532,0.99999999999944,1.0,1.0,0.9999999999986374,0.9999999999988611,1.0,1.0,1.0,1.0,1.0,1.0,1.7392368477809488,1.8405909911241685,0.0,0.0
125,125.0,1.0000000000000064,1.000000000000325,3.33066907387547e-16,1.1821770112539698,0.03590451250784095,0.22801501175854355,0.3630665720556862,7.507634860562145,8.555656183517613e-15,8.555896624530519,3.1641356201816957e-16,1.0000000000000062,1.000000000000325,4.8995018005371094e-05,1.4781951904296877e-05,1.000000000012729,1.000000000000009,1.9788742065429688e-05,1.2278556823730469e-05,15.0,1.705402569997542,1.7465358935451285,0.9999999999943103,0.999999999992601,1.0,1.0,0.9999999999997727,0.9999999999998321,1.0,1.0,1.0,1.0,1.0,1.0,2.278734489134561,2.268357841534126,0.0,0.0
126,126.0,1.0000000000000053,1.0000000000020166,1.4571677198205177e-16,1.1295025045123062,0.07483090239111327,0.019727189617697073,0.18984116485808042,12.407158036991419,5.748179709996748e-14,13.477834151115443,4.996003610813204e-16,1.0000000000000053,1.0000000000020166,4.374980926513672e-05,1.4781951904296877e-05,1.000000000000006,1.0000000000003053,2.3066997528076172e-05,1.2695789337158203e-05,19.0,1.5974059688298428,1.5972316649302063,0.9999999999976932,0.9999999999989719,1.0,1.0,0.9999999999997892,0.999999999999982,1.0,1.0,1.0,1.0,1.0,1.0,2.184092087937788,2.1902698081931966,0.0,0.0
127,127.0,1.000000000000519,1.0000000000002618,1.396660564978447e-15,1.118033988749895,0.14497723319800565,0.025701346690766475,0.4333596873912029,14.00964123038564,7.340794638821536e-15,14.506527639294557,1.8742785101721892e-14,1.000000000000519,1.0000000000002616,5.40614128112793e-05,1.519918441772461e-05,1.0000000000000053,1.000000000001986,2.110004425048828e-05,1.3113021850585938e-05,20.0,1.529857204143783,1.6535626711354041,0.9999999999967657,0.9999999999983629,1.0,1.0,0.9999999999993592,0.9999999999995484,1.0,1.0,1.0,1.0,1.0,1.0,3.9028688829281086,4.030321787758193,0.0,0.0
128,128.0,1.000000000008179,1.0000000000198934,2.8490282028983794e-16,1.03530969141638,0.090764547639992,0.19280584686202928,0.2080199373303912,21.520126245368644,1.0808347680909613e-12,21.647062364485414,4.3308983850168077e-13,1.000000000008179,1.0000000000198934,4.5359134674072266e-05,1.5079975128173828e-05,1.0000000000004958,1.0000000000002474,2.2530555725097656e-05,1.3172626495361328e-05,29.0,1.3111441718723273,1.3322513619458352,0.9999999999975002,0.9999999999977212,1.0,1.0,0.9999999999983361,0.9999999999989254,1.0,1.0,1.0,1.0,1.0,1.0,2.3414362633318486,2.3905957820631167,0.0,0.0
129,129.0,1.0000000000027958,1.000000000010849,2.8310687127941495e-16,1.0278340422512993,0.18009362334851173,0.25355226767715067,0.2600984083837829,21.440919065928778,6.130952888229655e-13,22.266833337170894,1.587880620641207e-13,1.000000000002796,1.0000000000108493,4.70280647277832e-05,1.4543533325195312e-05,1.0000000000080576,1.0000000000195952,2.1755695343017578e-05,1.2993812561035158e-05,30.0,1.435205606234208,1.4419485992917556,0.9999999999930198,0.9999999999986182,1.0,1.0,0.999999999999541,0.9999999999997349,1.0,1.0,1.0,1.0,1.0,1.0,2.3425255249700134,2.543219859608573,0.0,0.0
130,130.0,1.0000000000372637,1.00000000000129,2.6194324487249787e-16,0.8838834764831843,0.0598335807444527,0.11636451689992097,0.10133290966041386,30.989852045985874,1.0656016000143432e-13,33.3501391869208,3.226933477373795e-12,1.0000000000372637,1.00000000000129,5.078315734863281e-05,1.5079975128173828e-05,1.0000000000024318,1.0000000000090359,1.9669532775878906e-05,1.2874603271484377e-05,59.0,0.9084026391779773,0.8290622412100679,0.999999999999449,0.9999999999994859,1.0,1.0,0.999999999996646,0.9999999999963595,1.0,1.0,1.0,1.0,1.0,1.0,3.1076839713680764,3.436316750872082,0.0,0.0
131,131.0,1.0000000000008589,1.0000000000000033,2.459571008400347e-16,0.880464133955809,0.08417598321102555,0.19259226188296444,0.48260430758818984,31.327070028330372,7.639188427132327e-16,33.4378193681144,6.693406512808382e-14,1.0000000000008589,1.0000000000000033,4.744529724121094e-05,1.531839370727539e-05,1.000000000037477,1.000000000001279,2.0742416381835934e-05,1.3172626495361328e-05,60.0,0.893838345009988,0.8826715312501949,0.9999999999983046,0.9999999999987426,1.0,1.0,0.9999999999991187,0.9999999999992182,1.0,1.0,1.0,1.0,1.0,1.0,2.61039841755988,2.650508969192373,0.0,0.0
132,132.0,1.000000000000005,1.0000000000025715,8.61744538161431e-16,0.780984984230064,0.18601333769038317,0.07064471230842165,0.12395532458322123,36.000937186112125,2.775079108307041e-13,37.84363151277097,1.2979035835498853e-15,1.0000000000000053,1.0000000000025713,4.589557647705078e-05,1.7642974853515625e-05,1.0000000000007798,1.0000000000000029,2.288818359375e-05,1.341104507446289e-05,100.0,0.614322159831363,0.5788571433760521,0.9999999999930345,0.9999999999853093,1.0,1.0,0.9999999999997597,0.999999999999758,1.0,1.0,1.0,1.0,1.0,1.0,2.119900539898912,2.278149735758432,0.0,0.0
133,133.0,1.0000000000029368,1.0000000000129232,2.95361219758768e-16,0.7791364861006639,0.0283471985603682,0.07928682147758076,0.17603149800561363,35.40384039146545,1.3089581829341192e-12,37.851330721027125,3.308048279748732e-13,1.000000000002937,1.000000000012923,5.2988529205322266e-05,1.6033649444580078e-05,1.0000000000000053,1.0000000000025668,2.2113323211669922e-05,1.3828277587890623e-05,101.0,0.6156125822183103,0.6070791944842218,0.9999999999964406,0.9999999999984744,1.0,1.0,0.9999999999989303,0.9999999999993523,1.0,1.0,1.0,1.0,1.0,1.0,2.489510481543805,2.3053854410439834,0.0,0.0
134,134.0,1.0000000000002638,1.0000000000021085,1.399964155441966e-16,0.6606957960029611,0.04255362681578845,0.08712649502558627,0.18036163749638942,39.366596657902626,2.5765893483838495e-13,42.742855494411195,3.776288225210686e-14,1.000000000000264,1.0000000000021083,6.03795051574707e-05,1.7344951629638672e-05,1.0000000000024847,1.0000000000110754,2.4080276489257812e-05,1.4841556549072267e-05,200.0,0.37299665642825836,0.32698250961514486,0.9999999999979736,0.999999999997946,1.0,1.0,0.9999999999974166,0.9999999999980637,1.0,1.0,1.0,1.0,1.0,1.0,1.3086492281155282,1.5198716274882653,0.0,0.0
135,135.0,1.000000000000488,1.000000000000001,1.8768697491539356e-16,0.6598925169542847,0.06302658468484873,0.07107411057222633,0.10028599511133503,39.378037617266,6.550854788504261e-16,42.59026989634484,6.476790517067799e-14,1.000000000000488,1.000000000000001,6.765127182006836e-05,1.7583370208740234e-05,1.0000000000002633,1.0000000000021076,2.658367156982422e-05,1.4901161193847658e-05,201.0,0.3907433226517581,0.3357737255827113,0.999999999999113,0.9999999999990176,1.0,1.0,0.999999999998996,0.9999999999994656,1.0,1.0,1.0,1.0,1.0,1.0,1.995172156406639,2.0227336780070595,0.0,0.0
136,136.0,1.0000000000002909,1.000000000003221,1.204864987380088e-16,0.5982256755992403,0.019212925399187925,0.046189314278308274,0.16959673538804051,40.25757360763497,4.723428387946893e-13,43.398399436643835,4.167167521798167e-14,1.0000000000002915,1.000000000003221,6.0975551605224616e-05,1.811981201171875e-05,1.0000000000004334,1.000000000000001,2.6285648345947266e-05,1.5795230865478516e-05,300.0,0.29028335633535735,0.23287226443777537,0.9999999999984945,0.999999999998278,1.0,1.0,0.9999999999981052,0.9999999999984842,1.0,1.0,1.0,1.0,1.0,1.0,1.5807720115716721,1.48915248979582,0.0,0.0
137,137.0,1.0000000000002656,1.0000000000000027,2.2993589603143563e-16,0.5977363290338754,0.15429413435049355,0.10063867381541054,0.15224889497039837,40.39270369990229,9.484062046961304e-16,43.57561615383797,4.364419138364885e-14,1.000000000000266,1.0000000000000027,6.80685043334961e-05,1.7940998077392578e-05,1.0000000000002915,1.0000000000032185,2.5510787963867188e-05,1.5795230865478516e-05,301.0,0.29302177187614353,0.24054947423358192,0.9999999999975143,0.9999999999966338,1.0,1.0,0.9999999999989673,0.9999999999988347,1.0,1.0,1.0,1.0,1.0,1.0,1.6709389076799313,1.600350270924987,0.0,0.0
138,138.0,1.000000000000001,1.0000000000048181,3.201828377190575e-16,0.5572835874803517,0.13447733147768298,0.12699165788944808,0.10676301928469906,40.89987176712084,7.601141938096135e-13,44.358221449322855,7.5639083473999095e-16,1.000000000000001,1.0000000000048181,6.681680679321289e-05,1.9788742065429688e-05,1.0000000000002465,1.0000000000000027,3.49879264831543e-05,1.7702579498291016e-05,400.0,0.23594800510327146,0.18703220735621506,0.9999999999976544,0.9999999999992362,1.0,1.0,0.9999999999983982,0.9999999999985245,1.0,1.0,1.0,1.0,1.0,1.0,2.2554332220566193,2.7386491096450207,0.0,0.0
139,139.0,1.0000000000000013,1.0000000000014908,1.125262991707517e-16,0.5569401151523525,0.0159118641167879,0.016498160548508126,0.1053618146688677,40.978926077926886,2.6858004052850984e-13,44.198543597220336,9.346655906819668e-16,1.0000000000000013,1.0000000000014908,6.92605972290039e-05,1.949071884155273e-05,1.000000000000001,1.0000000000048104,3.123283386230469e-05,1.6987323760986328e-05,401.0,0.23536422190500803,0.19112004259602036,0.999999999995925,0.9999999999953392,1.0,1.0,0.9999999999999131,0.9999999999999659,1.0,1.0,1.0,1.0,1.0,1.0,1.5525366478944054,1.5026461080072635,0.0,0.0
140,140.0,1.000000000000002,1.000000000010553,1.1607876376278865e-16,0.527372116897775,0.1237097237608395,0.1297382409102283,0.14307858445681632,41.146679352226585,1.569577801063815e-12,44.776667925532166,1.1513342534578108e-15,1.0000000000000027,1.000000000010553,6.961822509765625e-05,2.050399780273437e-05,1.0000000000000013,1.0000000000013956,2.872943878173828e-05,1.8477439880371094e-05,500.0,0.2023920997708707,0.15689596524278415,0.999999999997652,0.9999999999971382,1.0,1.0,0.9999999999998143,0.9999999999998544,1.0,1.0,1.0,1.0,1.0,1.0,2.0981993158678853,2.15048592803538,0.0,0.0
141,141.0,1.000000000001278,1.0000000000030518,1.5655022293874487e-16,0.5271113642262818,0.18819171382347122,0.1957515056128613,0.06984385219402607,41.408910380471525,4.817049811296018e-13,44.784668177475986,2.4917189523808825e-13,1.0000000000012785,1.0000000000030518,7.015466690063477e-05,2.09808349609375e-05,1.0000000000000024,1.000000000010549,3.0994415283203125e-05,1.8417835235595703e-05,501.0,0.20753334923362507,0.1596819027816864,0.999999999993985,0.9999999999952015,1.0,1.0,0.9999999999967353,0.9999999999973646,1.0,1.0,1.0,1.0,1.0,1.0,2.5271237898675243,2.366041763447509,0.0,0.0
142,142.0,1.000000000000003,1.0000000000043898,1.230879493830287e-16,0.5040819713169618,0.07180813950253648,0.08951002609683201,0.0276680766837671,41.44485257167329,7.969893799098327e-13,45.00737727202282,1.619732814356024e-15,1.000000000000003,1.00000000000439,8.308887481689453e-05,2.104043960571289e-05,1.000000000001205,1.000000000002917,3.850460052490235e-05,1.9788742065429688e-05,600.0,0.18713225097025624,0.13708432155698355,0.9999999999985766,0.9999999999988292,1.0,1.0,0.999999999997662,0.9999999999975911,1.0,1.0,1.0,1.0,1.0,1.0,1.7013634208466586,2.0176475916779903,0.0,0.0
143,143.0,1.0000000000001967,1.000000000001772,8.725143819764536e-17,0.5038738878995379,0.06851718417601657,0.01833176740910855,0.14803454471984873,41.44368110766981,3.3058910394657356e-13,44.936662036703666,3.9954334303817394e-14,1.0000000000001967,1.0000000000017721,7.396936416625977e-05,2.1457672119140625e-05,1.000000000000003,1.0000000000043892,3.5881996154785156e-05,1.937150955200195e-05,601.0,0.1971427134845392,0.13825167730119886,0.999999999997838,0.9999999999985736,1.0,1.0,0.9999999999994954,0.9999999999991281,1.0,1.0,1.0,1.0,1.0,1.0,3.114895029730374,3.0327584759635764,0.0,0.0
144,144.0,1.0000000000001525,1.000000000003101,1.0102242131872876e-16,0.4851686488849487,0.05476129607995965,0.0792609748314134,0.15691298141609872,41.626203601683955,6.843135199552769e-13,44.88406045075578,4.264413881118189e-14,1.0000000000001528,1.000000000003101,0.00010144710540765,2.378225326538086e-05,1.0000000000001896,1.0000000000016844,4.488229751586914e-05,1.990795135498047e-05,700.0,0.17821971299034917,0.12039085773542522,0.9999999999949445,0.999999999995403,1.0,1.0,0.9999999999993129,0.9999999999993806,1.0,1.0,1.0,1.0,1.0,1.0,1.7050456405935264,1.7040941846552955,0.0,0.0
145,145.0,1.000000000000939,1.0000000000085156,3.107759564327855e-16,0.4849967556254183,0.1163835210027173,0.0727499982458539,0.16723664343589917,41.48504708087147,1.624876736151768e-12,44.87649857837205,1.9302992474815349e-13,1.000000000000939,1.0000000000085156,8.094310760498047e-05,2.3066997528076172e-05,1.0000000000001523,1.0000000000030993,5.0902366638183594e-05,2.050399780273437e-05,701.0,0.17796564891732872,0.12192995470174942,0.9999999999934958,0.9999999999942184,1.0,1.0,0.9999999999994102,0.9999999999993854,1.0,1.0,1.0,1.0,1.0,1.0,1.7930727608449823,1.92550942524145,0.0,0.0
146,146.0,1.0000000000000018,1.0000000000054428,1.781873475547456e-16,0.469343749575618,0.11922987364232535,0.12252924178028475,0.10730620037065812,41.83418695952362,1.0586056186235243e-12,45.25211077360851,9.627909235910828e-16,1.0000000000000018,1.0000000000054428,9.834766387939101e-05,2.4020671844482422e-05,1.0000000000009062,1.0000000000082732,5.1856040954589844e-05,2.09808349609375e-05,800.0,0.16207169275948693,0.10838976540303395,0.9999999999984649,0.9999999999986375,1.0,1.0,0.9999999999991308,0.9999999999990927,1.0,1.0,1.0,1.0,1.0,1.0,1.6863448577236988,1.533209591429052,0.0,0.0
147,147.0,1.0000000000000024,1.0000000000015778,1.5806214897734084e-16,0.4691981037087196,0.05055400292621923,0.09338362421840428,0.0767750033992342,41.795190930191325,3.5746109684065383e-13,45.269614678808125,1.2488287217131298e-15,1.0000000000000022,1.0000000000015778,7.778406143188477e-05,2.5331974029541016e-05,1.0000000000000018,1.0000000000054434,4.8279762268066406e-05,2.1219253540039062e-05,801.0,0.16186986177151874,0.1092329175459106,0.9999999999992247,0.9999999999983457,1.0,1.0,0.9999999999998633,0.9999999999998541,1.0,1.0,1.0,1.0,1.0,1.0,2.0098457536658265,1.8853011201810157,0.0,0.0
148,148.0,1.0000000000007032,1.0000000000019604,1.9953345298926157e-16,0.4558037184861393,0.06462187075521794,0.05808947852347045,0.07547280931612475,41.99790976272262,3.89446148748971e-13,45.37337816827515,1.5267989450997709e-13,1.0000000000007034,1.0000000000019604,8.94665718078375e-05,2.562999725341797e-05,1.0000000000000022,1.0000000000015172,6.127357482910156e-05,2.324581146240234e-05,900.0,0.15075457239000298,0.09830281696357898,0.9999999999983318,0.9999999999985121,1.0,1.0,0.9999999999993209,0.9999999999991889,1.0,1.0,1.0,1.0,1.0,1.0,2.2415045067802803,2.7178980819933316,0.0,0.0
149,149.0,1.0000000000000688,1.0000000000028337,1.3032253716212513e-16,0.4556778927409605,0.17708520969608793,0.05159490264486515,0.10433161014225333,41.89138593524848,6.540751813112439e-13,45.82712806588483,2.057178317808886e-14,1.000000000000069,1.0000000000028337,0.000107169151306075,2.8252601623535156e-05,1.0000000000007025,1.0000000000019589,6.324052810668945e-05,2.4080276489257812e-05,901.0,0.1505876195667564,0.09896130603285043,0.9999999999979878,0.9999999999978039,1.0,1.0,0.9999999999992368,0.9999999999993946,1.0,1.0,1.0,1.0,1.0,1.0,1.4215791531182638,1.41439884258457,0.0,0.0
150,150.0,1.0000000000019638,1.0000000000015896,1.4035207490410562e-16,0.4440158703091703,0.11890782060800115,0.06138536660000678,0.04587662307312705,42.17584028776109,6.703719392754155e-13,45.603162503820755,4.806475560290248e-13,1.0000000000019638,1.0000000000015894,0.00012111663818355,2.7000904083251953e-05,1.0000000000000666,1.0000000000027256,6.097555160522461e-05,2.390146255493164e-05,1000.0,0.14495090360217475,0.08997754825689638,0.9999999999971863,0.9999999999975628,1.0,1.0,0.9999999999975243,0.9999999999983682,1.0,1.0,1.0,1.0,1.0,1.0,2.0103931655106617,2.3570151126958114,0.0,0.0
151,151.0,1.0000000000000027,1.0000000000029998,2.644780793751678e-16,0.4439054872377929,0.1527131893089972,0.08982365083647885,0.04072621552040795,42.168156251179994,5.851112062278334e-13,45.61964600807643,1.4703281667078489e-15,1.000000000000003,1.0000000000029998,0.00010180473327636484,2.6702880859375e-05,1.0000000000019647,1.000000000001589,4.887580871582031e-05,2.396106719970703e-05,1001.0,0.14548807813329678,0.09074893073090479,0.9999999999959214,0.9999999999975296,1.0,1.0,0.9999999999978681,0.9999999999983078,1.0,1.0,1.0,1.0,1.0,1.0,2.081451144630456,2.0903922718148307,0.0,0.0
152,152.0,1.0000000000000027,1.000000000002602,2.4206378480345323e-16,0.4336101494993035,0.028359540563542375,0.028490829980000774,0.13222472154302517,42.19109377952605,1.1414702014168957e-12,45.78786129357258,1.3164683018920606e-15,1.0000000000000027,1.0000000000026017,0.000115871429443325,2.7239322662353516e-05,1.000000000000003,1.0000000000028995,5.805492401123047e-05,2.4378299713134762e-05,1100.0,0.1412593864161194,0.08346055686152673,0.999999999997892,0.999999999997931,1.0,1.0,0.9999999999994741,0.999999999999092,1.0,1.0,1.0,1.0,1.0,1.0,1.2814813424638947,1.4802089425099367,0.0,0.0
153,153.0,1.0000000000000826,1.0000000000034195,1.238711765268936e-16,0.4335121031053601,0.08373148454120383,0.06035051395883778,0.04683690692763767,42.20718921559353,1.0086249446660904e-12,45.42381619062557,2.0009185186781275e-14,1.000000000000083,1.0000000000034195,9.703636169433594e-05,2.676248550415039e-05,1.0000000000000024,1.0000000000025984,5.602836608886719e-05,2.5033950805664062e-05,1101.0,0.141342049921638,0.08409569166864743,0.9999999999981731,0.9999999999978534,1.0,1.0,0.9999999999974457,0.9999999999972372,1.0,1.0,1.0,1.0,1.0,1.0,2.506931327474769,3.0913081416277137,0.0,0.0
154,154.0,1.0000000000007676,1.0000000000016471,4.227139615751219e-16,0.424319750422543,0.027709289744961924,0.03748584934510285,0.10259486717404795,42.21253415966713,4.740049293597869e-13,45.855256953414845,1.826521184185321e-13,1.0000000000007678,1.000000000001647,0.0001263618469238,4.023313522338867e-05,1.0000000000000808,1.000000000003324,7.665157318115234e-05,2.6941299438476562e-05,1200.0,0.13602554625027163,0.07754746632957008,0.9999999999969396,0.9999999999965679,1.0,1.0,0.9999999999992835,0.9999999999990078,1.0,1.0,1.0,1.0,1.0,1.0,2.727251399557002,2.5239683053328257,0.0,0.0
155,155.0,1.0000000000000013,1.0000000000061653,1.2082651076455373e-17,0.4242317629112457,0.18814673816086722,0.12099345889873797,0.1488946226309053,42.25198814819345,1.7021140577707445e-12,45.52118796739542,1.3253862720799782e-15,1.0000000000000013,1.0000000000061653,0.000105679035186675,3.3974647521972656e-05,1.000000000000768,1.0000000000016467,7.045269012451172e-05,2.6524066925048828e-05,1201.0,0.13722261447085032,0.07787617909850562,0.9999999999950104,0.9999999999948722,1.0,1.0,0.9999999999996063,0.9999999999992474,1.0,1.0,1.0,1.0,1.0,1.0,2.9582808769247944,2.6816971913950427,0.0,0.0
156,156.0,1.0000000000000029,1.0000000000031863,1.4037149964459216e-16,0.4201125201675532,0.06232042872579763,0.02146838931366795,0.0379706885432824,42.244572115688065,7.34761224041733e-13,45.47215810211865,1.2747423177280033e-15,1.0000000000000027,1.0000000000031863,8.96453857421875e-05,2.8908252716064453e-05,1.0000000000000013,1.0000000000060787,6.538629531860352e-05,2.676248550415039e-05,1249.0,0.1369697271719307,0.07537726403664334,0.9999999999973522,0.9999999999969522,1.0,1.0,0.9999999999992957,0.9999999999996656,1.0,1.0,1.0,1.0,1.0,1.0,1.7473324952694107,1.996272009945628,0.0,0.0
157,157.0,1.0000000000000022,1.0000000000023976,1.809530834159966e-16,0.4200288073966016,0.03952539461897685,0.061228434904478476,0.026260001584887473,42.31387496419954,6.82031633471817e-13,45.47283772012839,1.3644021724740992e-15,1.0000000000000027,1.0000000000023976,0.00014173984527585,3.212690353393555e-05,1.0000000000000027,1.0000000000031855,5.8591365814208984e-05,2.9265880584716797e-05,1250.0,0.13685984829671785,0.07584683708563453,0.9999999999921773,0.9999999999932847,1.0,1.0,0.9999999999989992,0.9999999999988787,1.0,1.0,1.0,1.0,1.0,1.0,1.4401093474191704,1.608739558915337,0.0,0.0
158,158.0,1.0000000000000009,1.0000000000038822,9.724022353613439e-17,0.4159464104448531,0.028999720932915724,0.15476671035867184,0.05699516937602308,42.245987853010185,2.189638466286262e-12,45.750402071709246,9.351395775233502e-16,1.0000000000000013,1.0000000000038822,0.000128090381622275,3.1113624572753906e-05,1.0000000000000027,1.0000000000023659,6.937980651855469e-05,2.9146671295166016e-05,1300.0,0.13625491957524594,0.07332285968734187,0.9999999999963449,0.9999999999961384,1.0,1.0,0.9999999999997058,0.9999999999997712,1.0,1.0,1.0,1.0,1.0,1.0,2.1471560803212695,2.3164551234094355,0.0,0.0
159,159.0,1.0000000000000016,1.000000000001994,1.6334560044542406e-16,0.4158667653650045,0.032414029585197526,0.0442098489729687,0.060891751549206626,42.21024772167407,7.851166756029029e-13,45.755755525144,1.2169310990249062e-15,1.000000000000002,1.0000000000019937,0.00013560056686392498,3.421306610107422e-05,1.0000000000000013,1.00000000000388,7.140636444091797e-05,2.777576446533203e-05,1301.0,0.1361500385624188,0.07374085808559136,0.9999999999984308,0.9999999999981479,1.0,1.0,0.9999999999946128,0.9999999999955942,1.0,1.0,1.0,1.0,1.0,1.0,3.0163098720074504,3.5193379743462847,0.0,0.0
160,160.0,1.0000000000018545,1.0000000000032896,1.369011665596501e-16,0.4083390627408368,0.07713153026998038,0.13030077802250156,0.0556442721863277,42.26982495023765,1.436709134421383e-12,45.9055996286136,4.364170946333087e-13,1.0000000000018545,1.0000000000032898,0.0001243948936462,3.331899642944336e-05,1.000000000000002,1.0000000000019236,9.405612945554922e-05,2.8789043426513672e-05,1400.0,0.13127966473550684,0.06905703195467805,0.9999999999976887,0.99999999999761,1.0,1.0,0.9999999999982642,0.9999999999984901,1.0,1.0,1.0,1.0,1.0,1.0,1.698078312049332,2.0152673866426825,0.0,0.0
161,161.0,1.0000000000024547,1.0000000000023628,1.04270946231687e-16,0.4082664368486378,0.03704937233123923,0.11834373592864715,0.08080884744413193,42.322459920458705,7.943154787305683e-13,45.90392143304723,5.243254660856535e-13,1.0000000000024554,1.0000000000023628,0.00010395050048826016,3.081560134887695e-05,1.0000000000018534,1.0000000000032965,6.92605972290039e-05,2.9325485229492188e-05,1401.0,0.1311866512417784,0.06938767317491827,0.9999999999974961,0.9999999999974946,1.0,1.0,0.999999999998699,0.9999999999985889,1.0,1.0,1.0,1.0,1.0,1.0,1.6394467625643245,1.7582491240898372,0.0,0.0
162,162.0,1.0000000000000009,1.0000000000018325,1.7708943059014299e-16,0.4014468454576975,0.05460091703571375,0.08114540128735823,0.08997828466817732,42.36605416040914,8.085534679734758e-13,45.49097035550791,1.016418775386964e-15,1.0000000000000009,1.0000000000018325,0.000128507614135725,3.9577484130859375e-05,1.0000000000023956,1.0000000000023241,8.612871170043945e-05,2.9385089874267578e-05,1499.0,0.1247930004443472,0.0651948594961095,0.9999999999979975,0.9999999999975704,1.0,1.0,0.9999999999863038,0.9999999999822422,1.0,1.0,1.0,1.0,1.0,1.0,2.7763461912551906,2.979991307206892,0.0,0.0
163,163.0,1.0000000000001843,1.0000000000048874,3.630355521552526e-16,0.401380143312759,0.07141844928264611,0.15192749840207395,0.0644571020966395,42.37295601844426,1.5352473076508237e-12,45.48217290323383,4.4710045927632164e-14,1.0000000000001843,1.0000000000048874,0.00013965368270865,3.3795833587646484e-05,1.0000000000000009,1.0000000000018343,9.208917617797852e-05,3.081560134887695e-05,1500.0,0.12470963957248302,0.06545192389750402,0.9999999999947569,0.9999999999938773,1.0,1.0,0.9999999999867457,0.9999999999878234,1.0,1.0,1.0,1.0,1.0,1.0,3.1150786574605327,2.818432631145955,0.0,0.0
164,164.0,1.0000000000000004,1.000000000003513,2.4559814120442955e-16,0.4013134965452792,0.0738929440267384,0.16184359946055335,0.27972652012249455,42.29489323488764,1.4997786471495418e-12,45.182170008490075,7.618039296626966e-16,1.0000000000000009,1.0000000000035127,0.00013643503189082501,3.463029861450195e-05,1.0000000000001843,1.0000000000048859,9.35792922973578e-05,3.057718276977539e-05,1501.0,0.1246268678683736,0.06577190339358283,0.9999999999977737,0.9999999999978919,1.0,1.0,0.9999999999996294,0.9999999999995783,1.0,1.0,1.0,1.0,1.0,1.0,1.372774540411085,1.5129508699161454,0.0,0.0
165,165.0,1.0000000000000013,1.0000000000044253,6.197880561147291e-17,0.3949764930898253,0.22540356760146094,0.20932963473023838,0.0936700343736447,42.423194703068155,2.565766169965887e-12,45.66540169936069,1.0220450308157538e-15,1.0000000000000018,1.0000000000044253,0.0001689195632934,4.8220157623291016e-05,1.0000000000000009,1.0000000000034133,0.00011616945266720001,3.844499588012695e-05,1600.0,0.11895808013574548,0.062058436195267325,0.9999999999943169,0.9999999999942077,1.0,1.0,0.9999999999996297,0.9999999999995489,1.0,1.0,1.0,1.0,1.0,1.0,2.1876153303725108,1.830752232118309,0.0,0.0
166,166.0,1.000000000000001,1.0000000000040348,1.6738029255128645e-16,0.3949149942178813,0.06799758196575562,0.035021595773287076,0.10981294489465648,42.462954379860555,1.5633925418958174e-12,45.668087041021536,1.0348025190295123e-15,1.0000000000000018,1.0000000000040348,0.0001440644264221,3.337860107421875e-05,1.0000000000000018,1.0000000000044271,0.000121593475341725,3.427267074584961e-05,1601.0,0.11888388475736456,0.06227884884146013,0.9999999999938539,0.9999999999934747,1.0,1.0,0.9999999999996632,0.9999999999994991,1.0,1.0,1.0,1.0,1.0,1.0,2.8794011081522655,2.7788410189760535,0.0,0.0
167,167.0,1.0000000000000018,1.0000000000034783,1.1772922161421016e-16,0.3890531292833292,0.04367367509985338,0.08098271075868978,0.19699411629699165,42.4293575933075,1.5452089103201224e-12,45.732342362796274,9.955705207771365e-16,1.0000000000000016,1.0000000000034783,0.000128149986267025,3.5643577575683594e-05,1.0000000000000016,1.000000000003969,8.91685485839711e-05,3.272294998168945e-05,1700.0,0.11722397637012733,0.0589200517098477,0.9999999999938989,0.9999999999934123,1.0,1.0,0.9999999999957374,0.9999999999933467,1.0,1.0,1.0,1.0,1.0,1.0,2.317070822494422,2.4823753588505744,0.0,0.0
168,168.0,1.0000000000010894,1.0000000000036906,6.745288188886135e-17,0.388996104272009,0.04409110150299963,0.09071543242316693,0.13102725689532232,42.4147963764817,1.79105323772546e-12,45.76749878915031,2.8948066426689e-13,1.0000000000010898,1.0000000000036904,0.00018632411956785,3.516674041748047e-05,1.0000000000000013,1.0000000000034748,0.00010210275650022812,3.272294998168945e-05,1701.0,0.11715500121479558,0.05926108863202405,0.9999999999960556,0.9999999999955669,1.0,1.0,0.9999999999853824,0.9999999999845348,1.0,1.0,1.0,1.0,1.0,1.0,1.528715141040344,1.4641208627152538,0.0,0.0
169,169.0,1.0000000000068299,1.0000000000054803,2.1362615211572996e-16,0.3863070299324457,0.0696502313367091,0.0956280543468892,0.036278083047363824,42.46391536062286,1.972956195984386e-12,45.52401532906453,1.6750584670746952e-12,1.0000000000068303,1.0000000000054805,0.000179588794708175,3.743171691894531e-05,1.000000000001076,1.000000000003681,0.0001304745674133,3.3736228942871094e-05,1749.0,0.11772919955109215,0.05793903558022842,0.9999999999952446,0.9999999999951446,1.0,1.0,0.9999999999841522,0.9999999999892828,1.0,1.0,1.0,1.0,1.0,1.0,2.107891141984746,2.299303132581228,0.0,0.0
170,170.0,1.0000000000002234,1.0000000000031006,4.78344809156873e-16,0.3862519886786542,0.17861818533856416,0.15131248882971704,0.1284789085038937,42.46059816376167,1.2455596541509615e-12,45.682339117359405,5.5451464882327134e-14,1.0000000000002236,1.0000000000031002,0.00015914440155025,3.516674041748047e-05,1.0000000000068316,1.0000000000054792,8.893013000486758e-05,3.224611282348633e-05,1750.0,0.1184165177546373,0.05815971280340997,0.9999999999930701,0.9999999999922409,1.0,1.0,0.999999999983197,0.9999999999866904,1.0,1.0,1.0,1.0,1.0,1.0,1.764420374424068,1.9108236261934612,0.0,0.0
171,171.0,1.0000000000001608,1.0000000000044527,1.242619426869237e-16,0.3835488695874728,0.07092080375878132,0.17373682558536524,0.10382822214160112,42.465277961116925,1.7691741884965321e-12,45.36070998542486,4.621237218686343e-14,1.0000000000001608,1.000000000004453,0.00014817714691157502,3.7729740142822266e-05,1.0000000000002212,1.000000000003074,7.68899917602539e-05,3.319978713989258e-05,1800.0,0.11817171192992587,0.05678830800602835,0.9999999999892146,0.9999999999867496,1.0,1.0,0.9999999999993393,0.999999999999251,1.0,1.0,1.0,1.0,1.0,1.0,1.8335526072180253,1.9487522172443517,0.0,0.0
172,172.0,1.0000000000000013,1.000000000005571,4.899489206125414e-17,0.3834957648621314,0.11805223883129652,0.16771517437882721,0.0882773184566758,42.491933312881315,2.3574596040525716e-12,45.35604441757022,1.1783210066588508e-15,1.0000000000000018,1.000000000005571,0.00015568733215329998,5.817413330078126e-05,1.0000000000001608,1.0000000000044544,0.000128448009490925,5.561113357543945e-05,1801.0,0.11810624224734649,0.05700847478416528,0.9999999999945323,0.9999999999946658,1.0,1.0,0.9999999999995729,0.9999999999993714,1.0,1.0,1.0,1.0,1.0,1.0,2.876903855491738,3.244319362586528,0.0,0.0
173,173.0,1.0000000000001943,1.000000000003774,1.0807919155734134e-16,0.3784131881465325,0.1715426630107686,0.10173240379663177,0.11798417638055975,42.481307261944174,1.8305950223157406e-12,45.72744019037398,5.139797890300516e-14,1.0000000000001943,1.000000000003774,0.00016480684280392502,4.500150680541992e-05,1.0000000000000018,1.000000000005453,7.510185241698202e-05,3.522634506225586e-05,1900.0,0.1164437221873105,0.05420851464507065,0.9999999999964397,0.9999999999962979,1.0,1.0,0.9999999999997501,0.9999999999997697,1.0,1.0,1.0,1.0,1.0,1.0,1.0052205581265148,0.9498461710105954,0.0,0.0
174,174.0,1.0000000000000018,1.0000000000047276,2.0532718582390748e-18,0.3783635439095646,0.030079723335802524,0.05940982681931923,0.0559841638314537,42.440248449981254,2.3379474583426083e-12,45.70610041470594,1.010573809547639e-15,1.0000000000000016,1.0000000000047276,0.000210225582122775,6.121397018432617e-05,1.0000000000001943,1.0000000000037736,0.000126063823699925,5.042552947998047e-05,1901.0,0.11638249888195973,0.054428023404260326,0.9999999999912466,0.9999999999909484,1.0,1.0,0.999999999999617,0.9999999999995526,1.0,1.0,1.0,1.0,1.0,1.0,2.034012827172718,2.252367626153852,0.0,0.0
175,175.0,1.0000000000000004,1.0000000000035336,6.444445775425215e-17,0.3736505100059957,0.16930696723284194,0.06009419634938237,0.10912655014544723,42.533689714478385,1.7584371112681908e-12,45.66322795726713,9.446175268027637e-16,1.0000000000000009,1.0000000000035336,0.000182628631591725,3.8623809814453125e-05,1.0000000000000013,1.000000000004652,9.679794311521172e-05,3.55839729309082e-05,1999.0,0.11364728336487155,0.052012322627868826,0.9999999999934915,0.9999999999932243,1.0,1.0,0.9999999999990827,0.9999999999992064,1.0,1.0,1.0,1.0,1.0,1.0,2.3642870401812557,2.049300455555265,0.0,0.0
176,176.0,1.0000000000000009,1.0000000000058002,2.329807170129848e-16,0.3736039114504964,0.03179930668557063,0.04410949611337847,0.02817108796443785,42.56282902326781,2.7661632059452813e-12,45.66112721789247,9.777022638429044e-16,1.000000000000001,1.0000000000058,0.000158488750457725,5.924701690673828e-05,1.0000000000000009,1.00000000000353,0.000107645988464275,4.124641418457031e-05,2000.0,0.115015500121962,0.052214765012788225,0.999999999990356,0.9999999999901981,1.0,1.0,0.9999999999990887,0.9999999999991871,1.0,1.0,1.0,1.0,1.0,1.0,1.9881190227834091,2.078539790458069,0.0,0.0
177,177.0,0.9765128141506066,0.9765128141506066,0.0,1.337480609952844,0.10028058721218255,0.0200695561361499,0.03453134762821713,5.165584852089615e-32,0.0,5.165584852089615e-32,0.0,0.9765128141506066,0.9765128141506066,7.31348991394043e-05,1.6927719116210938e-05,1.0,1.0,2.4437904357910156e-05,1.2695789337158203e-05,0.0,2.4777073866335644,2.6310763068249088e-08,0.9958151542241753,1.0,1.0,1.0,0.9958151542241753,1.0,1.0,1.0,1.0,1.0,1.0,1.0,4.350294384723258,4.30738539083537,0.0,0.0
178,178.0,1.0,1.0,0.0,1.2778862084925449,0.12163562932983035,0.10697973828064275,0.016637255030218425,7.332765207964496e-32,0.0,4.3046540434080123e-32,0.0,1.0,1.0,5.620718002319336e-05,1.5616416931152344e-05,1.0,1.0,2.431869506835937e-05,1.3649463653564453e-05,1.0,3.1925864645538313,2.082161217864934,1.0,1.0,0.0,0.0,1.0,1.0,0.0,0.0,0.0,0.0,0.0,0.0,4.237005086096188,4.198737638799104,0.0,0.0
179,179.0,1.0000000000225913,1.0000000000216147,1.208909515702948e-15,1.1547005383792517,0.091360482154414,0.06386211258359248,0.17693155747838313,8.038482805637384e-32,0.0,2.869769362272008e-32,0.0,1.0000000000225913,1.0000000000216147,5.370378494262695e-05,1.5676021575927734e-05,1.0,1.0,2.0742416381835938e-05,1.5497207641601562e-05,4.0,2.8308891001651832,2.394859476045074,0.9999999999856449,0.9999999999860296,1.0,1.0,0.9999999999856697,0.9999999999859712,1.0,1.0,1.0,1.0,1.0,1.0,1.7687327427454467,1.916177179595198,0.0,0.0
180,180.0,1.0000000000010107,1.0000000000009932,9.547918011776346e-16,1.124682650380698,0.265353747876361,0.2621134243090637,0.28109327348647634,6.495995605066376e-32,0.0,2.582792426044807e-32,0.0,1.0000000000010105,1.0000000000009932,5.245208740234375e-05,1.531839370727539e-05,1.0000000000209848,1.000000000020052,2.133846282958984e-05,1.2874603271484377e-05,5.0,2.714149022397339,2.3898413881266833,0.9999999999945857,0.9999999999839775,1.0,1.0,0.9999999999947273,0.9999999999839786,1.0,1.0,1.0,1.0,1.0,1.0,1.5365869816138527,1.4245414634138964,0.0,0.0
181,181.0,1.0000000000000064,1.0000000000000075,9.575673587391975e-16,1.0339463079143412,0.15459299721987918,0.08830720750847827,0.13267088663997123,8.196704276454328e-32,0.0,1.8448517328891482e-32,0.0,1.0000000000000064,1.0000000000000075,4.76837158203125e-05,1.4603137969970703e-05,1.0000000000009155,1.0000000000009026,2.0802021026611328e-05,1.245737075805664e-05,9.0,2.2666503627670416,2.0846464041011235,0.9999999999966077,0.9999999999991627,1.0,1.0,0.9999999999966136,0.9999999999991647,1.0,1.0,1.0,1.0,1.0,1.0,2.3174104316241033,2.338970474364352,0.0,0.0
182,182.0,1.0000000000077152,1.000000000008138,1.4062824978585316e-16,1.0162654963092297,0.17677190829999745,0.21224667143542317,0.26470260537462303,8.092805429752099e-32,0.0,1.721861617363205e-32,0.0,1.0000000000077152,1.000000000008138,4.9531459808349616e-05,1.52587890625e-05,1.0000000000000069,1.0000000000000073,2.1219253540039062e-05,1.2934207916259767e-05,10.0,2.0952391689626095,2.0186521597526683,0.9999999999962698,0.9999999999966078,1.0,1.0,0.999999999996706,0.9999999999965781,1.0,1.0,1.0,1.0,1.0,1.0,2.018211988979264,2.1552975852036624,0.0,0.0
183,183.0,1.0000000000004328,1.000000000000627,1.9574984907864601e-16,0.9579472508871494,0.13859503797721112,0.13639288319973272,0.2534181001246906,6.583341888164133,2.4879221489988215e-14,7.181780438667847,2.283553463281638e-14,1.0000000000004328,1.000000000000627,5.072355270385742e-05,1.4781951904296875e-05,1.0000000000183056,1.0000000000193079,2.6524066925048828e-05,1.341104507446289e-05,14.0,1.7784890987736885,1.6762836194441482,0.9999999999969964,0.9999999999988556,1.0,1.0,0.9999999999996072,0.9999999999998195,1.0,1.0,1.0,1.0,1.0,1.0,1.7392368477809488,1.8405909911241685,0.0,0.0
184,184.0,1.0000000000000058,1.0000000000043745,3.33066907387547e-16,0.9457416090031758,0.16095509001752362,0.12574869225500152,0.18025397812016303,7.507634860562145,1.0833278718536122e-13,8.555896624530519,4.926614671774132e-16,1.0000000000000058,1.0000000000043747,4.7504901885986335e-05,1.4841556549072267e-05,1.0000000000004183,1.0000000000006182,1.949071884155273e-05,1.2636184692382812e-05,15.0,1.6992816481077035,1.7404149716552901,0.9999999999986569,0.9999999999990419,1.0,1.0,0.9999999999965963,0.9999999999989915,1.0,1.0,1.0,1.0,1.0,1.0,2.278734489134561,2.268357841534126,0.0,0.0
185,185.0,1.0000000000003704,1.000000000005382,1.4571677198205177e-16,0.9036020036098448,0.11937254504300653,0.0443309641559608,0.30314120952971274,12.407158036991419,2.1653396668301167e-13,13.477834151115443,2.055300374337321e-14,1.0000000000003704,1.000000000005382,4.7087669372558594e-05,1.5020370483398438e-05,1.0000000000000056,1.0000000000041243,2.2888183593750003e-05,1.3113021850585938e-05,19.0,1.5919824862505552,1.5918081823509187,0.9999999999952078,0.9999999999996506,1.0,1.0,0.9999999999974485,0.9999999999978704,1.0,1.0,1.0,1.0,1.0,1.0,2.184092087937788,2.1902698081931966,0.0,0.0
186,186.0,1.0000000000000058,1.0000000000000058,1.396660564978447e-15,0.8944271909999159,0.16119736852124328,0.15777292806887994,0.5317947372677736,14.00964123038564,4.429789868254375e-16,14.506527639294557,6.572520305780927e-16,1.0000000000000056,1.0000000000000058,4.887580871582031e-05,1.4841556549072267e-05,1.000000000000373,1.0000000000053704,1.9669532775878906e-05,1.2934207916259767e-05,20.0,1.5245827586800575,1.6482882256716789,0.9999999999996478,0.9999999999999653,1.0,1.0,0.9999999999995627,0.999999999999395,1.0,1.0,1.0,1.0,1.0,1.0,3.9028688829281086,4.030321787758193,0.0,0.0
187,187.0,1.0000000000224452,1.0000000000000053,2.8490282028983794e-16,0.8282477531331041,0.12227602052735162,0.1300347671494819,0.08971034496789795,21.520126245368644,1.0294053191561194e-15,21.647062364485414,1.843570231115333e-12,1.0000000000224452,1.0000000000000053,4.7326087951660156e-05,1.4781951904296877e-05,1.0000000000000053,1.000000000000005,2.2172927856445312e-05,1.2755393981933594e-05,29.0,1.3069005647321625,1.3280077548056706,0.9999999999984118,0.9999999999994389,1.0,1.0,0.9999999999922383,0.9999999999950053,1.0,1.0,1.0,1.0,1.0,1.0,2.3414362633318486,2.3905957820631167,0.0,0.0
188,188.0,1.0000000000133349,1.0000000000004234,2.8310687127941495e-16,0.8222672338010394,0.19124957540770993,0.1391750323236919,0.37021238688612357,21.440919065928778,3.436060959570243e-14,22.266833337170894,9.25089370186681e-13,1.0000000000133349,1.0000000000004234,4.982948303222656e-05,1.5079975128173828e-05,1.00000000002203,1.000000000000005,2.3663043975830078e-05,1.2516975402832031e-05,30.0,1.4310506596523387,1.437793652709886,0.9999999999831284,0.9999999999840559,1.0,1.0,0.9999999999971814,0.9999999999982503,1.0,1.0,1.0,1.0,1.0,1.0,2.3425255249700134,2.543219859608573,0.0,0.0
189,189.0,1.0000000000010096,1.0000000000063793,2.6194324487249787e-16,0.7071067811865475,0.05949010339099905,0.09051071223802862,0.3494734708801843,30.989852045985874,1.037646531198977e-12,33.3501391869208,1.1393013268912178e-13,1.0000000000010096,1.0000000000063791,5.632638931274414e-05,1.5139579772949219e-05,1.00000000001139,1.0000000000003653,2.384185791015625e-05,1.3530254364013672e-05,59.0,0.9057760815581177,0.8264356835902082,0.9999999999985495,0.9999999999985009,1.0,1.0,0.9999999999977619,0.9999999999982876,1.0,1.0,1.0,1.0,1.0,1.0,3.1076839713680764,3.436316750872082,0.0,0.0
190,190.0,1.000000000001084,1.0000000000006501,2.459571008400347e-16,0.7043713071646472,0.3519932473427616,0.2549880280275829,0.26290965732187027,31.327070028330372,8.422408070119813e-14,33.4378193681144,1.1234047879983022e-13,1.0000000000010845,1.0000000000006501,6.097555160522461e-05,1.633167266845703e-05,1.000000000001008,1.0000000000063376,3.0219554901123047e-05,1.3470649719238281e-05,60.0,0.8912436347526596,0.8800768209928662,0.9999999999959741,0.9999999999946055,1.0,1.0,0.9999999999991739,0.999999999999207,1.0,1.0,1.0,1.0,1.0,1.0,2.61039841755988,2.650508969192373,0.0,0.0
191,191.0,1.0000000000033848,1.0000000000000042,8.61744538161431e-16,0.6247879873840512,0.1816890258924104,0.15056938800262284,0.21617410558974365,36.000937186112125,1.2638038763649698e-15,37.84363151277097,4.491206348621377e-13,1.0000000000033848,1.000000000000004,6.306171417236328e-05,2.0205974578857422e-05,1.0000000000009728,1.0000000000005682,3.349781036376953e-05,1.436471939086914e-05,100.0,0.6125580691814402,0.5770930527261293,0.9999999999996522,0.9999999999997827,1.0,1.0,0.9999999999967291,0.99999999999809,1.0,1.0,1.0,1.0,1.0,1.0,2.119900539898912,2.278149735758432,0.0,0.0
192,192.0,1.0000000000000036,1.0000000000037768,2.95361219758768e-16,0.6233091888805311,0.2624062857939861,0.18274230853421605,0.2859200284001417,35.40384039146545,4.909689007549658e-13,37.851330721027125,1.0667567458308697e-15,1.0000000000000033,1.0000000000037765,5.525350570678711e-05,1.633167266845703e-05,1.0000000000033875,1.000000000000004,2.2411346435546875e-05,1.341104507446289e-05,101.0,0.6138621620686232,0.6053287743345346,0.9999999999986801,0.9999999999991757,1.0,1.0,0.9999999999992952,0.9999999999991974,1.0,1.0,1.0,1.0,1.0,1.0,2.489510481543805,2.3053854410439834,0.0,0.0
193,193.0,1.0000000000000029,1.0000000000014588,1.399964155441966e-16,0.5285566368023689,0.2177394743775949,0.21202807797817508,0.22544547292636705,39.366596657902626,2.377216309979975e-13,42.742855494411195,1.243855966735526e-15,1.0000000000000029,1.0000000000014588,6.943941116333008e-05,1.7583370208740234e-05,1.000000000000003,1.0000000000032336,2.9325485229492188e-05,1.5616416931152344e-05,200.0,0.37199053208354393,0.3259763852704304,0.9999999999987159,0.9999999999989821,1.0,1.0,0.9999999999997087,0.9999999999998086,1.0,1.0,1.0,1.0,1.0,1.0,1.3086492281155282,1.5198716274882653,0.0,0.0
194,194.0,1.0000000000000029,1.0000000000001983,1.8768697491539356e-16,0.5279140135634278,0.06101872556610025,0.17168567323824385,0.27996905427426094,39.378037617266,3.3309520190637846e-14,42.59026989634484,1.149970086793169e-15,1.0000000000000029,1.000000000000198,6.252527236938477e-05,1.823902130126953e-05,1.0000000000000029,1.0000000000014562,2.4437904357910153e-05,1.537799835205078e-05,201.0,0.3897413837948405,0.3347717867257937,0.9999999999981495,0.999999999997118,1.0,1.0,0.9999999999975556,0.999999999998444,1.0,1.0,1.0,1.0,1.0,1.0,1.995172156406639,2.0227336780070595,0.0,0.0
195,195.0,1.0000000000000027,1.0000000000000009,1.204864987380088e-16,0.4785805404793923,0.07921535253990436,0.03901593637419863,0.051232211524620624,40.25757360763497,6.229079183245243e-16,43.398399436643835,1.2662002593962645e-15,1.0000000000000027,1.0000000000000009,6.920099258422852e-05,1.8358230590820312e-05,1.0000000000000027,1.0000000000001745,3.135204315185547e-05,1.615285873413086e-05,300.0,0.28956998418463187,0.23215889228704986,0.9999999999979878,0.999999999996452,1.0,1.0,0.9999999999994174,0.9999999999995807,1.0,1.0,1.0,1.0,1.0,1.0,1.5807720115716721,1.48915248979582,0.0,0.0
196,196.0,1.0000000000000013,1.0000000000004663,2.2993589603143563e-16,0.4781890632271003,0.03404163214145225,0.14520485408138478,0.07030938175739715,40.39270369990229,8.499936411946761e-14,43.57561615383797,1.2480938577485419e-15,1.0000000000000022,1.0000000000004663,7.766485214233398e-05,1.901388168334961e-05,1.0000000000000027,1.0000000000000009,3.629922866821289e-05,1.5974044799804688e-05,301.0,0.29231043781428456,0.23983814017172284,0.9999999999769185,0.9999999999979281,1.0,1.0,0.9999999999983276,0.9999999999980519,1.0,1.0,1.0,1.0,1.0,1.0,1.6709389076799313,1.600350270924987,0.0,0.0
197,197.0,1.0000000000004334,1.000000000002528,3.201828377190575e-16,0.4458268699842813,0.12529461650410664,0.14705997687997294,0.41209456010255957,40.89987176712084,6.119804251835815e-13,44.358221449322855,9.423525060418499e-14,1.0000000000004337,1.000000000002528,7.385015487670898e-05,1.990795135498047e-05,1.0000000000000022,1.0000000000004292,4.166364669799805e-05,1.71661376953125e-05,400.0,0.23539211125042325,0.18647631350336685,0.9999999999982306,0.999999999998844,1.0,1.0,0.9999999999973102,0.9999999999983644,1.0,1.0,1.0,1.0,1.0,1.0,2.2554332220566193,2.7386491096450207,0.0,0.0
198,198.0,1.0000000000002296,1.0000000000153462,1.125262991707517e-16,0.445552092121882,0.17796765861567104,0.16760660044383258,0.24570040119579062,40.978926077926886,3.3392880004659637e-12,44.198543597220336,5.031190297437255e-14,1.00000000000023,1.0000000000153457,6.562471389770508e-05,1.9013881683349613e-05,1.0000000000004334,1.0000000000025264,3.2067298889160156e-05,1.6987323760986328e-05,401.0,0.2348095399909341,0.19056536068194646,0.9999999999893635,0.9999999999909808,1.0,1.0,0.9999999999986021,0.999999999998547,1.0,1.0,1.0,1.0,1.0,1.0,1.5525366478944054,1.5026461080072635,0.0,0.0
199,199.0,1.000000000000003,1.0000000000000933,1.1607876376278865e-16,0.42189769351822,0.06331980810500679,0.16702623333549121,0.06702505063731218,41.146679352226585,7.882237217162616e-14,44.776667925532166,1.491326314365297e-15,1.0000000000000033,1.0000000000000933,7.557868957519531e-05,2.110004425048828e-05,1.0000000000002136,1.000000000013892,3.409385681152344e-05,1.9371509552001953e-05,500.0,0.201935222068059,0.15643908753997254,0.9999999999964966,0.9999999999969105,1.0,1.0,0.999999999998689,0.9999999999986781,1.0,1.0,1.0,1.0,1.0,1.0,2.0981993158678853,2.15048592803538,0.0,0.0
200,200.0,1.0000000000000018,1.000000000000263,1.5655022293874487e-16,0.4216890913810254,0.14103160134982315,0.19812784169334915,0.15254968131193886,41.408910380471525,4.615269519216209e-14,44.784668177475986,1.2679800117211027e-15,1.0000000000000027,1.0000000000002625,8.273124694824219e-05,2.1278858184814453e-05,1.000000000000003,1.000000000000091,4.184246063232422e-05,1.8656253814697266e-05,501.0,0.20707727776023277,0.1592258313082941,0.9999999999982156,0.9999999999982692,1.0,1.0,0.999999999999422,0.9999999999995106,1.0,1.0,1.0,1.0,1.0,1.0,2.5271237898675243,2.366041763447509,0.0,0.0
201,201.0,1.000000000000003,1.000000000009184,1.230879493830287e-16,0.4032655770535694,0.2270987553638406,0.22942498215707013,0.16255041916156188,41.44485257167329,3.629285072654131e-12,45.00737727202282,1.7074037317138202e-15,1.0000000000000029,1.000000000009184,7.140636444091797e-05,2.2590160369873047e-05,1.0000000000000029,1.000000000000252,4.64320182800293e-05,1.9848346710205078e-05,600.0,0.18674364238751945,0.13669571297424674,0.9999999999693959,0.9999999999656936,1.0,1.0,0.9999999999985947,0.9999999999980478,1.0,1.0,1.0,1.0,1.0,1.0,1.7013634208466586,2.0176475916779903,0.0,0.0
202,202.0,1.0000000000001261,1.000000000004346,8.725143819764536e-17,0.4030991103196303,0.19675434014061463,0.08080831589177251,0.038909427414182546,41.44368110766981,9.447070921655033e-13,44.936662036703666,3.004939531526906e-14,1.0000000000001261,1.000000000004346,7.015466690063477e-05,2.2172927856445312e-05,1.000000000000003,1.0000000000091998,4.4345855712890625e-05,1.943111419677734e-05,601.0,0.19675468130030618,0.13786364511696586,0.9999999999935676,0.9999999999944456,1.0,1.0,0.999999999999464,0.9999999999995314,1.0,1.0,1.0,1.0,1.0,1.0,3.114895029730374,3.0327584759635764,0.0,0.0
203,203.0,1.0000000000000493,1.0000000000013605,1.0102242131872876e-16,0.388134919107959,0.07582813617773351,0.0892442792537622,0.16068671538960183,41.626203601683955,1.0019363195692398e-12,44.88406045075578,1.7235228217035497e-14,1.0000000000000495,1.0000000000013602,8.285045623779297e-05,2.5987625122070312e-05,1.0000000000001208,1.0000000000041251,5.644559860229492e-05,2.2590160369873047e-05,700.0,0.17788114462699503,0.12005228937207113,0.9999999999769081,0.9999999999752086,1.0,1.0,0.9999999999967236,0.9999999999968631,1.0,1.0,1.0,1.0,1.0,1.0,1.7050456405935264,1.7040941846552955,0.0,0.0
204,204.0,1.0000000000000018,1.0000000000026288,3.107759564327855e-16,0.3879974045003346,0.07325412449426948,0.12305934698088086,0.05791251146001732,41.48504708087147,5.435699498319008e-13,44.87649857837205,9.928711928791901e-16,1.000000000000002,1.0000000000026288,8.559226989746094e-05,2.4080276489257812e-05,1.0000000000000495,1.0000000000013616,5.751848220825195e-05,2.104043960571289e-05,701.0,0.1776275138726519,0.12159181965707262,0.9999999999611017,0.9999999999578792,1.0,1.0,0.9999999999955557,0.9999999999953516,1.0,1.0,1.0,1.0,1.0,1.0,1.7930727608449823,1.92550942524145,0.0,0.0
205,205.0,1.0000000000000002,1.0000000000000002,1.781873475547456e-16,0.3754749996604944,0.10385659697931252,0.11933824431616807,0.2138846281450241,41.83418695952362,6.102841144792772e-13,45.25211077360851,1.1161878874593227e-15,1.0000000000000013,1.0000000000004647,9.059906005857891e-05,3.403425216674805e-05,1.000000000000002,1.0000000000025226,8.07642936706543e-05,2.288818359375e-05,800.0,0.16177144132056923,0.10808951396411626,0.999999999964446,0.9999999999597922,1.0,1.0,0.9999999999217194,0.9999999999137001,1.0,1.0,1.0,1.0,1.0,1.0,1.6863448577236988,1.533209591429052,0.0,0.0
206,206.0,1.0000000000000502,1.0000000000042726,1.5806214897734084e-16,0.3753584829669757,0.21141331898979834,0.0266069347853772,0.1338638976449147,41.795190930191325,6.176157221436314e-12,45.269614678808125,1.13006688374241e-13,1.0000000000004143,1.0000000000086966,0.00010812282562255,2.3603439331054688e-05,1.0000000000000013,1.0000000000004643,5.78761100769043e-05,2.1517276763916016e-05,801.0,0.16156994839028876,0.1089330041646807,0.9999999999720344,0.9999999999766892,1.0,1.0,0.9999999999693159,0.9999999999611882,1.0,1.0,1.0,1.0,1.0,1.0,2.0098457536658265,1.8853011201810157,0.0,0.0
207,207.0,1.0000000000000002,1.0000000000046605,1.9953345298926157e-16,0.3646429747889114,0.18885295413201675,0.10185178986284879,0.060916324262507225,41.99790976272262,2.8859684439641103e-12,45.37337816827515,2.291905155531435e-16,1.0000000000000007,1.0000000000078817,9.399652481076916e-05,3.24249267578125e-05,1.0000000000004032,1.0000000000081894,6.747245788574219e-05,2.4795532226562497e-05,900.0,0.15048463963884756,0.09803288421242365,0.999999999967955,0.9999999999669906,1.0,1.0,0.999999999996841,0.9999999999963848,1.0,1.0,1.0,1.0,1.0,1.0,2.2415045067802803,2.7178980819933316,0.0,0.0
208,208.0,1.0000000000000018,1.000000000006862,1.3032253716212513e-16,0.3645423141927684,0.02742142725037405,0.08500930754235013,0.05313053296413267,41.89138593524848,1.0709367627435327e-11,45.82712806588483,1.2101553509586904e-15,1.000000000000002,1.0000000000137654,9.924173355101796e-05,2.5331974029541012e-05,1.0000000000000004,1.0000000000078733,5.608797073364258e-05,2.425909042358398e-05,901.0,0.150317958176579,0.09869164464267302,0.9999999999745184,0.999999999977538,1.0,1.0,0.9999999999971666,0.9999999999981015,1.0,1.0,1.0,1.0,1.0,1.0,1.4215791531182638,1.41439884258457,0.0,0.0
209,209.0,1.0000000000000013,1.000000000007942,1.4035207490410562e-16,0.3552126962473362,0.11896820797119287,0.08462491020327428,0.07547631906345482,42.17584028776109,9.549314931945713e-12,45.603162503820755,9.872699672711467e-16,1.0000000000000013,1.000000000007942,9.304285049437657e-05,2.5510787963867188e-05,1.0000000000000018,1.0000000000130203,5.3346157073974616e-05,2.330541610717773e-05,1000.0,0.14470558194540514,0.08973222660012678,0.9999999999402575,0.9999999999372524,1.0,1.0,0.9999999999996247,0.999999999999663,1.0,1.0,1.0,1.0,1.0,1.0,2.0103931655106617,2.3570151126958114,0.0,0.0
210,210.0,1.0000000000000004,1.0000000000000002,2.644780793751678e-16,0.3551243897902343,0.17373788106488058,0.09638093615649265,0.12314261763822282,42.168156251179994,1.8116386180034147e-12,45.61964600807643,1.3331229206476875e-15,1.0000000000000022,1.000000000000439,9.125471115110624e-05,2.5987625122070312e-05,1.0000000000000013,1.0000000000079468,8.32676887512207e-05,2.521276473999023e-05,1001.0,0.14524297927597077,0.0905038318735788,0.9999999999763798,0.9999999999755971,1.0,1.0,0.9999999999785745,0.9999999999762492,1.0,1.0,1.0,1.0,1.0,1.0,2.081451144630456,2.0903922718148307,0.0,0.0
211,211.0,1.0000000000000018,1.0,2.4206378480345323e-16,0.3468881195994428,0.23336444637970993,0.24150731274858114,0.21492424857569856,42.19109377952605,0.0,45.78786129357258,1.5306006839040392e-15,1.000000000000002,1.0,9.083747863769531e-05,3.069639205932617e-05,1.0000000000000022,1.0000000000006102,5.8770179748535156e-05,2.515316009521484e-05,1100.0,0.14103445624119812,0.0832356266866055,0.9999999999838063,0.9999999999816351,1.0,1.0,0.9999999999999993,0.9999999999999994,1.0,1.0,1.0,1.0,1.0,1.0,1.2814813424638947,1.4802089425099367,0.0,0.0
212,212.0,1.0000000000000009,1.0000000000139493,1.238711765268936e-16,0.3468096824842881,0.18428303539985788,0.25200571102323005,0.0680325029534287,42.20718921559353,1.51724293918264e-11,45.42381619062557,1.2370052741822607e-15,1.0000000000000013,1.0000000000187592,8.541345596311993e-05,3.170967102050781e-05,1.000000000000002,1.0000000000000002,5.9664249420166016e-05,2.5212764739990234e-05,1101.0,0.1411173060633193,0.08387094781032879,0.9999999999224662,0.9999999999130535,1.0,1.0,0.999999999997111,0.999999999998238,1.0,1.0,1.0,1.0,1.0,1.0,2.506931327474769,3.0913081416277137,0.0,0.0
213,213.0,1.0,1.0,4.227139615751219e-16,0.3394558003380344,0.0513733564293943,0.034130046376958476,0.052303650649264455,42.21253415966713,0.0,45.855256953414845,1.5178499305751857e-15,1.0000000000000018,0.9999999999999998,0.00010734796524047578,4.64320182800293e-05,1.0000000000000013,1.0000000000182943,7.390975952148438e-05,2.968311309814453e-05,1200.0,0.13581779753886145,0.07733971761815989,0.999999999944993,0.9999999999378613,1.0,1.0,0.9999999999248395,0.9999999999151561,1.0,1.0,1.0,1.0,1.0,1.0,2.727251399557002,2.5239683053328257,0.0,0.0
214,214.0,1.0000000000000009,0.9999999999999998,1.2082651076455373e-17,0.3393854103289965,0.3078519104165025,0.1394499441375956,0.0442523354431614,42.25198814819345,0.0,45.52118796739542,1.1119721322095578e-15,1.000000000000002,1.0,0.00011068582534787499,3.904104232788086e-05,1.0000000000000018,1.0,8.928775787353516e-05,2.813339233398438e-05,1201.0,0.13701502395512152,0.07766858858277685,0.9999999999668359,0.9999999999666022,1.0,1.0,0.9999999999763544,0.9999999999705904,1.0,1.0,1.0,1.0,1.0,1.0,2.9582808769247944,2.6816971913950427,0.0,0.0
215,215.0,0.999817471303877,0.9995074402916819,1.4037149964459216e-16,0.3360900161340426,0.1425152099691331,0.19572809076635167,0.1210857190308161,42.244572115688065,1.477350073747895e-11,45.47215810211865,1.2947511218400675e-15,1.0000000000000007,1.000000000009211,0.00013983249664305,3.236532211303711e-05,1.0000000000000018,1.0,0.000107824802398675,3.409385681152344e-05,1249.0,0.1367694490531669,0.07517698591787962,0.9140027054869629,0.9163498393496611,1.0,1.0,0.9385089031112471,0.9312196006645688,1.0,1.0,1.0,1.0,1.0,1.0,1.7473324952694107,1.996272009945628,0.0,0.0
216,216.0,0.9997542232783017,0.9993473828474795,1.809530834159966e-16,0.3360230459172813,0.1337991135660558,0.19203368108719582,0.15144420904107386,42.31387496419954,2.80867728366718e-12,45.47283772012839,1.3651302089630956e-12,1.0000000000000022,1.0000000000073865,0.000118136405944775,2.8848648071289062e-05,1.0000000000000007,1.000000000009203,7.522106170652578e-05,2.7835369110107422e-05,1250.0,0.1366597168890369,0.07564670567795359,0.919053491292846,0.9189191407724722,1.0,1.0,0.9385089031082544,0.9312196006630762,1.0,1.0,1.0,1.0,1.0,1.0,1.4401093474191704,1.608739558915337,0.0,0.0
217,217.0,1.0000000000000004,1.0,9.724022353613439e-17,0.3327571283558825,0.14568656939081845,0.0563885482260957,0.11704311636276538,42.245987853010185,0.0,45.750402071709246,1.1841102810915894e-15,1.0000000000000013,0.9999999999999998,9.483098983764219e-05,4.309415817260742e-05,1.0000000000000022,1.0000000000072582,7.730722427368164e-05,2.8192996978759762e-05,1300.0,0.13606185203458543,0.07312979214668147,0.9999999999685752,0.9999999999655667,1.0,1.0,0.999999999929748,0.9999999999189909,1.0,1.0,1.0,1.0,1.0,1.0,2.1471560803212695,2.3164551234094355,0.0,0.0
218,218.0,1.0000000000000004,0.9999999999999998,1.6334560044542406e-16,0.3326934122920036,0.06581784336594858,0.0434659888851456,0.04393867676844813,42.21024772167407,0.0,45.755755525144,1.342978816464642e-15,1.0000000000000016,1.0000000000000002,0.000120222568511925,4.124641418457031e-05,1.0000000000000013,1.0000000000000002,6.431341171264648e-05,2.7298927307128906e-05,1301.0,0.1359571070728526,0.07354792659602516,0.9999999998455118,0.9999999998383341,1.0,1.0,0.9999999999391135,0.9999999999584923,1.0,1.0,1.0,1.0,1.0,1.0,3.0163098720074504,3.5193379743462847,0.0,0.0
219,219.0,0.9989693023694264,0.9987384143667123,1.369011665596501e-16,0.3266712501926694,0.13722110015805805,0.12936015002196646,0.11950220272410655,42.26982495023765,1.3558250548370615e-11,45.9055996286136,1.4883112535984816e-15,1.0000000000000024,1.0000000000039517,0.0001260042190551,3.528594970703125e-05,1.0000000000000016,1.0000000000000002,8.577108383176407e-05,2.849102020263672e-05,1400.0,0.13109929190185943,0.06887665912103058,0.8225315336350727,0.8425608858036375,1.0,1.0,0.8603446444600624,0.8451594909291832,1.0,1.0,1.0,1.0,1.0,1.0,1.698078312049332,2.0152673866426825,0.0,0.0
220,220.0,0.999871096808395,0.9998117258433731,1.04270946231687e-16,0.3266131494789103,0.026283815619535723,0.0425004938151687,0.07949411240406327,42.322459920458705,5.221838614663896e-11,45.90392143304723,9.73458708931645e-16,1.000000000000001,1.000000000025864,0.0001229047775268,3.808736801147461e-05,1.0000000000000024,1.0000000000039377,0.000106394290924,3.9637088775634766e-05,1401.0,0.13100639670175093,0.0692074186348908,0.8205118466195942,0.8377324151784692,1.0,1.0,0.8603446444600639,0.8451594909292224,1.0,1.0,1.0,1.0,1.0,1.0,1.6394467625643245,1.7582491240898372,0.0,0.0
221,221.0,0.9969720240207134,0.9956452301127436,1.7708943059014299e-16,0.321157476366158,0.0500013710116036,0.12834575428860256,0.17275765939848498,42.36605416040914,3.0348513891068364e-11,45.49097035550791,3.503376567128988e-11,1.0000000000315368,1.0000000000229388,0.000105142593383725,4.398822784423828e-05,1.000000000000001,1.0000000000255134,0.000104308128356875,3.421306610107422e-05,1499.0,0.124623613255416,0.0650254723071784,0.8024146208947729,0.8276801574293687,1.0,1.0,0.822055903973564,0.845843387453572,1.0,1.0,1.0,1.0,1.0,1.0,2.7763461912551906,2.979991307206892,0.0,0.0
222,222.0,0.996712146847303,0.9946746946903205,3.630355521552526e-16,0.3211041146502072,0.08615225466201079,0.0342065572040155,0.0481634267489425,42.37295601844426,0.0,45.48217290323383,6.6336987213813085e-12,1.0000000000068319,1.0000000000000004,0.00012081861495965,5.131959915161133e-05,1.0000000000314944,1.0000000000229465,0.0001190304756164,3.933906555175781e-05,1500.0,0.12454035634541732,0.06528264067043832,0.8061260905350585,0.8367446243895019,1.0,1.0,0.8220559039762939,0.8458433874559389,1.0,1.0,1.0,1.0,1.0,1.0,3.1150786574605327,2.818432631145955,0.0,0.0
223,223.0,0.9968348857082995,0.9934948932847409,2.4559814120442955e-16,0.3210507972362234,0.109823229140602,0.05616906197974453,0.15743273810949177,42.29489323488764,0.0,45.182170008490075,2.058886744876805e-11,1.000000000007714,1.0000000000000002,0.000105857849121025,4.494190216064454e-05,1.0000000000068043,1.0000000000000002,7.838010787963867e-05,3.081560134887695e-05,1501.0,0.1244576884721159,0.06560272399732503,0.8177971134119753,0.8619388706467075,1.0,1.0,0.8214179498684663,0.8446554321255083,1.0,1.0,1.0,1.0,1.0,1.0,1.372774540411085,1.5129508699161454,0.0,0.0
224,224.0,0.9937479490517832,0.9913554151196474,6.197880561147291e-17,0.3159811944718603,0.0602194071980193,0.07856792560778555,0.0542126686777919,42.423194703068155,2.6636044183722374e-12,45.66540169936069,6.422727828985425e-11,1.000000000027325,1.0000000000036786,0.00014936923980709999,5.936622619628906e-05,1.000000000008062,1.0000000000000004,0.00010246038436882501,3.796815872192383e-05,1600.0,0.11879857054557039,0.0618989266050923,0.8086658775935419,0.8114848003326333,1.0,1.0,0.8036412269396382,0.8001736864023958,1.0,1.0,1.0,1.0,1.0,1.0,2.1876153303725108,1.830752232118309,0.0,0.0
225,225.0,0.9942525531999937,0.9913486378398817,1.6738029255128645e-16,0.315931995374305,0.1349000463378615,0.1888529499410651,0.10735448525520037,42.462954379860555,4.8156191242347864e-11,45.668087041021536,7.182037234546083e-11,1.0000000000766256,1.0000000000238558,0.000145673751831025,6.121397018432617e-05,1.0000000000274292,1.0000000000036777,8.600950241088867e-05,4.2557716369628906e-05,1601.0,0.11872446705846028,0.0621194311425559,0.8091164104245496,0.8100528201540939,1.0,1.0,0.8036412269350057,0.8001736863963638,1.0,1.0,1.0,1.0,1.0,1.0,2.8794011081522655,2.7788410189760535,0.0,0.0
226,226.0,0.9892935774934604,0.9887729297220945,1.1772922161421016e-16,0.3112425034266634,0.19783125078538424,0.1089250511140562,0.0859634960070252,42.4293575933075,0.2994122032583594,45.732342362796274,0.18995130345721983,1.0340003092261558,1.0751679740293194,0.00020587444305417501,4.982948303222656e-05,1.0000000000753508,1.0000000000226923,0.00010019540786741484,3.361701965332031e-05,1700.0,0.11707314772425342,0.0587692230639738,0.7924190631417972,0.7817816620446905,1.0,1.0,0.803750660459505,0.7937494787564747,1.0,1.0,1.0,1.0,1.0,1.0,2.317070822494422,2.4823753588505744,0.0,0.0
227,227.0,0.9900887939429273,0.9893724606760177,6.745288188886135e-17,0.3111968834176072,0.09660256566712627,0.06468344281893221,0.12121985090197993,42.4147963764817,0.29565470927908793,45.76749878915031,0.17639374086727977,1.0151544361695453,1.0551646390091713,0.00014853477478025,4.6133995056152344e-05,1.0341199468325635,1.075715687769951,0.0001283884048461,4.947185516357422e-05,1701.0,0.11700425448645607,0.05911034190368455,0.8014932459723123,0.788255008433765,1.0,1.0,0.8105434956502355,0.7959656693946986,1.0,1.0,1.0,1.0,1.0,1.0,1.528715141040344,1.4641208627152538,0.0,0.0
228,228.0,0.9872950155771284,0.9850223893256542,2.1362615211572996e-16,0.3090456239459566,0.0756125864572823,0.06966707011451942,0.06563733291113745,42.46391536062286,0.3385964688134917,45.52401532906453,0.2190316294494426,1.0214031877394745,1.101419951091445,0.0001603960990905,5.757808685302735e-05,1.015769396516668,1.0527131993765615,9.745359420776328e-05,3.981590270996094e-05,1749.0,0.11758228026737685,0.057792116296513124,0.7879154920631826,0.7650936465282954,1.0,1.0,0.8012950148937479,0.79497451974666,1.0,1.0,1.0,1.0,1.0,1.0,2.107891141984746,2.299303132581228,0.0,0.0
229,229.0,0.9885806726602446,0.9820340105712939,4.78344809156873e-16,0.3090015909429233,0.2283686690498143,0.24563119834056124,0.18345281598158175,42.46059816376167,0.3002812906521794,45.682339117359405,0.2992710645305077,1.0606690480077603,1.0793632070978922,0.00016415119171137499,3.463029861450195e-05,1.0212940635202716,1.1013361215506003,7.730722427367344e-05,4.172325134277344e-05,1750.0,0.1182696760900156,0.058012871138788294,0.807471157557758,0.7832056171586437,1.0,1.0,0.8012950147682381,0.792782294076468,1.0,1.0,1.0,1.0,1.0,1.0,1.764420374424068,1.9108236261934612,0.0,0.0
230,230.0,0.9849320765206917,0.9806260933687416,1.242619426869237e-16,0.3068390956699783,0.06349429674446577,0.10576020268490535,0.20175879821181297,42.465277961116925,0.3230767431432374,45.36070998542486,0.3049509271710471,1.0666259683103558,1.0762878518988694,0.00013488531112665,5.370378494262695e-05,1.0607769011169865,1.0790657718779173,0.000122845172882,3.713369369506836e-05,1800.0,0.11802864675581667,0.05664524283191915,0.7960244154861515,0.7843970182789706,1.0,1.0,0.8090661883076737,0.7975814377637412,1.0,1.0,1.0,1.0,1.0,1.0,1.8335526072180253,1.9487522172443517,0.0,0.0
231,231.0,0.9841491027258795,0.9831091426994883,4.899489206125414e-17,0.3067966118897051,0.14247486606473103,0.1280341823003254,0.0659012779942713,42.491933312881315,0.35204463041846185,45.35604441757022,0.3076289009992791,1.068143408868546,1.1060176288412207,0.000132679939269975,3.62396240234375e-05,1.0661412590336319,1.0762611049152284,0.00012081861495965,3.510713577270508e-05,1801.0,0.11796325057169957,0.056865483108518355,0.8095883525747185,0.7904626424800804,1.0,1.0,0.8090661883063202,0.7975281740280744,1.0,1.0,1.0,1.0,1.0,1.0,2.876903855491738,3.244319362586528,0.0,0.0
232,232.0,0.9723384929995561,0.9789168923572843,1.0807919155734134e-16,0.302730550517226,0.15036074869567526,0.15003460901789362,0.06082744774175802,42.481307261944174,0.37668932842953395,45.72744019037398,0.39035998417621653,1.1352001625249837,1.1533171091375454,0.0001736283302307,5.5730342864990234e-05,1.0699977578212316,1.100077010996223,0.0001397132873535,3.999471664428711e-05,1900.0,0.1163076424845967,0.054072434942356876,0.7761743942488429,0.7229974711614569,1.0,1.0,0.7802525067325182,0.76182320950314,1.0,1.0,1.0,1.0,1.0,1.0,1.0052205581265148,0.9498461710105954,0.0,0.0
233,233.0,0.9727333645228118,0.9762625089223789,2.0532718582390748e-18,0.3026908351276517,0.10584791068686168,0.03745746158529072,0.038115308387205,42.440248449981254,0.33539731775522863,45.70610041470594,0.3946525849801201,1.1623732514445162,1.113632101240134,0.00014507770538324999,5.2213668823242194e-05,1.1349276759199607,1.1532671878074572,0.00011432170867915,4.3332576751708984e-05,1901.0,0.1162464855046168,0.05429201002691742,0.7753536848200894,0.732383720011166,1.0,1.0,0.7744284750664017,0.7559518703395989,1.0,1.0,1.0,1.0,1.0,1.0,2.034012827172718,2.252367626153852,0.0,0.0
234,234.0,0.9628153793208428,0.9726924524826509,6.444445775425215e-17,0.2989204080047966,0.07922243414213881,0.1613165935268625,0.15555087343091142,42.533689714478385,0.36025229732719033,45.66322795726713,0.3654599668589441,1.133482719687263,1.1071621364809625,0.000181198120117125,5.1915645599365234e-05,1.1579401867701022,1.1148524875742853,0.00012135505676265,4.1425228118896484e-05,1999.0,0.11351746333962805,0.05188250260262532,0.7407659128744547,0.7139600038751361,1.0,1.0,0.7070436141748457,0.6946949921713983,1.0,1.0,1.0,1.0,1.0,1.0,2.3642870401812557,2.049300455555265,0.0,0.0
235,235.0,0.9623805251523336,0.9720658741949125,2.329807170129848e-16,0.2988831291603971,0.21658467728411776,0.08152863860595969,0.1305321386316791,42.56282902326781,0.3815016467107898,45.66112721789247,0.386680390016885,1.1500087388067874,1.1356505808800905,0.000142097473144475,4.506111145019531e-05,1.1336254582493681,1.1069837522712618,0.00010699033737180704,3.981590270996094e-05,2000.0,0.1148857403167655,0.052085005207591746,0.7444307155956529,0.723390477201121,1.0,1.0,0.7167103117151046,0.6955429267737039,1.0,1.0,1.0,1.0,1.0,1.0,1.9881190227834091,2.078539790458069,0.0,0.0
236,236.0,0.8597836061517469,0.8597836061517468,0.0,1.003110457464633,0.08986354456283148,0.026372002495918326,0.03801830764859908,5.165584852089615e-32,0.0,5.165584852089615e-32,0.0,0.8597836061517469,0.8597836061517468,7.086992263793945e-05,1.710653305053711e-05,1.0,1.0,2.0325183868408203e-05,1.2755393981933594e-05,0.0,2.477707386633565,2.6310763068249088e-08,0.9734578362728463,1.0,0.0,0.0,0.9734578362728464,1.0,0.0,0.0,0.0,0.0,0.0,0.0,4.350294384723258,4.30738539083537,0.0,0.0
237,237.0,0.9188612495570353,0.9188612495570356,0.0,0.9584146563694088,0.09316205041250207,0.10793368087615812,0.04271749325562263,7.332765207964496e-32,0.0,4.3046540434080123e-32,0.0,0.9188612495570352,0.9188612495570356,5.8591365814208984e-05,1.5497207641601562e-05,0.9325454733930643,0.9325454733930643,2.79545783996582e-05,1.2755393981933594e-05,1.0,3.1851371643712936,2.0747119176823956,0.9733650994088927,0.9982856214361262,0.0,0.0,0.9733650994088926,0.9982856214361268,0.0,0.0,0.0,0.0,0.0,0.0,4.237005086096188,4.198737638799104,0.0,0.0
238,238.0,0.9568174105202542,0.956817410523763,1.208909515702948e-15,0.8660254037844388,0.23010311101097614,0.0458012208691798,0.12354977073846382,8.038482805637384e-32,0.0,2.869769362272008e-32,0.0,0.9568174105202542,0.956817410523763,5.030632019042969e-05,1.5616416931152344e-05,1.0,1.0,2.4557113647460938e-05,1.537799835205078e-05,4.0,2.821750096586504,2.385720472466394,0.9958151542381829,0.9999999999915397,1.0,1.0,0.9958151542381941,0.9999999999915405,1.0,1.0,1.0,1.0,1.0,1.0,1.7687327427454467,1.916177179595198,0.0,0.0
239,239.0,0.9704682434981987,0.9704682435005847,9.547918011776346e-16,0.8435119877855236,0.13935943535761902,0.04877939051948485,0.032532541721593575,6.495995605066376e-32,0.0,2.582792426044807e-32,0.0,0.9704682434981986,0.9704682435005847,4.953145980834961e-05,1.4841556549072267e-05,0.9712902698866032,0.9712902698839542,2.3126602172851562e-05,1.2755393981933594e-05,5.0,2.7052824407485,2.3809748064778438,0.9545613246979807,0.9885194732342505,1.0,1.0,0.9545613246979405,0.988519473234253,1.0,1.0,1.0,1.0,1.0,1.0,1.5365869816138527,1.4245414634138964,0.0,0.0
240,240.0,0.9704960081182883,0.9704960081182844,9.575673587391975e-16,0.7754597309357558,0.17520360456546763,0.10886811756063244,0.12079593015369025,8.196704276454328e-32,0.0,1.8448517328891482e-32,0.0,0.9704960081182883,0.9704960081182847,4.965066909790039e-05,1.5139579772949219e-05,1.0000000000000027,1.0000000000000024,2.1398067474365234e-05,1.2695789337158203e-05,9.0,2.2590620052160792,2.077058046550161,0.9447612061261803,0.9333223408427788,0.0,0.0,0.9447612061261882,0.9333223408427826,0.0,0.0,0.0,0.0,0.0,0.0,2.3174104316241033,2.338970474364352,0.0,0.0
241,241.0,0.98247711281543,0.9824771128154444,1.4062824978585316e-16,0.7621991222319221,0.0545004659797996,0.0166252754279412,0.02500873350072645,8.092805429752099e-32,0.0,1.721861617363205e-32,0.0,0.98247711281543,0.9824771128154444,5.0961971282958984e-05,1.531839370727539e-05,0.98247711277255,0.9824771127725686,1.996755599975586e-05,1.2278556823730469e-05,10.0,2.087938825470709,2.0113518162607678,0.9456458548412168,0.9333223408441238,0.25,1.0,0.945645854841217,0.9333223408441242,0.25,1.0,0.25,1.0,0.25,1.0,2.018211988979264,2.1552975852036624,0.0,0.0
242,242.0,0.9976636200395848,0.9976636197932833,1.9574984907864601e-16,0.7184604381653621,0.04689505411079148,0.12283747072797266,0.13130020088283337,6.583341888164133,2.155746341670513e-13,7.181780438667847,4.747664250041788e-16,0.9976636200395848,0.9976636197932833,4.881620407104492e-05,1.5079975128173828e-05,1.000000000004606,1.0000000000045204,2.431869506835937e-05,1.3172626495361328e-05,14.0,1.7721635427892601,1.6699580634597198,0.9951014682234309,0.9999999999783735,1.0,1.0,0.9951014682242914,0.9999999999971616,1.0,1.0,1.0,1.0,1.0,1.0,1.7392368477809488,1.8405909911241685,0.0,0.0
243,243.0,1.000000000000234,1.0000000000000053,3.33066907387547e-16,0.7093062067523819,0.07058752240845928,0.023876380117144373,0.2761036473093554,7.507634860562145,2.766120665853578e-14,8.555896624530519,1.936298343885312e-13,1.0000000000002343,1.0000000000000053,5.739927291870117e-05,1.5020370483398438e-05,1.0000000000000049,1.0000000000014455,2.2113323211669922e-05,1.2934207916259767e-05,15.0,1.6931607262178652,1.7342940497654515,0.999999999993872,0.9999999999977932,1.0,1.0,0.9999999999987605,0.9999999999993368,1.0,1.0,1.0,1.0,1.0,1.0,2.278734489134561,2.268357841534126,0.0,0.0
244,244.0,0.9961328728712877,0.9961328730579129,1.4571677198205177e-16,0.6777015027073836,0.2693506039213389,0.1420157880638726,0.44435354071902106,12.407158036991419,2.6784940006704027e-13,13.477834151115443,5.2600412451623644e-12,0.9961328728712877,0.9961328730579129,4.875659942626953e-05,1.6450881958007812e-05,1.0000000000010707,1.0000000000000053,1.9609928131103516e-05,1.2934207916259767e-05,19.0,1.5865590036712678,1.5863846997716315,0.9999999999947893,0.9999999999959305,1.0,1.0,0.9999999998942043,0.9999999999597697,1.0,1.0,1.0,1.0,1.0,1.0,2.184092087937788,2.1902698081931966,0.0,0.0
245,245.0,1.0000000000018203,1.0000000000000022,1.396660564978447e-15,0.6708203932499369,0.20575338578782973,0.0667772126034833,0.3806160908425227,14.00964123038564,2.330113879622786e-13,14.506527639294557,1.9256995997807284e-12,1.0000000000018203,1.0000000000000022,5.841255187988281e-05,1.5795230865478516e-05,1.0000000000172269,1.000000000002996,2.2172927856445312e-05,1.3113021850585938e-05,20.0,1.5193083132163325,1.6430137802079536,0.9999999999932848,0.999999999992663,1.0,1.0,0.9999999999665564,0.9999999999854353,1.0,1.0,1.0,1.0,1.0,1.0,3.9028688829281086,4.030321787758193,0.0,0.0
246,246.0,1.0000000000000049,1.0000000000010871,2.8490282028983794e-16,0.621185814849828,0.3714997905190103,0.07652260648319495,0.5308756735175848,21.520126245368644,1.431559119612804e-13,21.647062364485414,1.0040987649183402e-15,1.0000000000000049,1.0000000000010871,5.131959915161133e-05,1.722574234008789e-05,1.0000000000100093,1.0000000000016673,2.050399780273437e-05,1.2874603271484377e-05,29.0,1.3026569575919984,1.3237641476655062,0.9999999999921967,0.9999999999971588,1.0,1.0,0.9999999999977778,0.9999999999982985,1.0,1.0,1.0,1.0,1.0,1.0,2.3414362633318486,2.3905957820631167,0.0,0.0
247,247.0,1.0000000000002873,1.000000000000132,2.8310687127941495e-16,0.6167004253507795,0.11211790877860033,0.06603167578577987,0.33535651263082394,21.440919065928778,5.029254790400729e-13,22.266833337170894,2.999743310892557e-14,1.0000000000002873,1.000000000000132,5.120038986206055e-05,1.52587890625e-05,1.0000000000000049,1.0000000000010285,2.4557113647460938e-05,1.3172626495361328e-05,30.0,1.4268957130704696,1.433638706128017,0.9999999999905602,0.9999999999921576,1.0,1.0,0.9999999999886915,0.9999999999903271,1.0,1.0,1.0,1.0,1.0,1.0,2.3425255249700134,2.543219859608573,0.0,0.0
248,248.0,1.0000000000000018,1.0000000000001923,2.6194324487249787e-16,0.5303300858899106,0.18873424123739824,0.13806609617313365,0.14897287421626965,30.989852045985874,1.9774546583528618e-13,33.3501391869208,7.49376689174186e-13,1.0000000000000018,1.0000000000007945,6.0617923736572266e-05,1.8298625946044922e-05,1.0000000000002418,1.0000000000012943,2.3424625396728516e-05,1.3172626495361328e-05,59.0,0.9031495239382583,0.8238091259703488,0.9999999999442615,0.9999999999292846,1.0,1.0,0.9999999999933891,0.9999999999927517,1.0,1.0,1.0,1.0,1.0,1.0,3.1076839713680764,3.436316750872082,0.0,0.0
249,249.0,1.0000000000000013,1.0000000000001532,2.459571008400347e-16,0.5282784803734855,0.11631826724624258,0.11889521637931466,0.3622106438851915,31.327070028330372,3.4424258315696603e-13,33.4378193681144,9.45355759486032e-13,1.000000000000934,1.0000000000008802,4.8995018005371094e-05,1.5497207641601562e-05,1.0000000000000018,1.0000000000007858,2.2530555725097656e-05,1.3649463653564453e-05,60.0,0.8886489244953308,0.8774821107355377,0.9999999999940042,0.9999999999965742,1.0,1.0,0.9999999998708045,0.9999999998584047,1.0,1.0,1.0,1.0,1.0,1.0,2.61039841755988,2.650508969192373,0.0,0.0
250,250.0,0.9930878051395322,0.9831298317080414,8.61744538161431e-16,0.4685909905380384,0.1618881216272711,0.2282147139194421,0.43835378502262756,36.000937186112125,1.4368072869041542e-12,37.84363151277097,7.11153358423644e-13,1.0000000000004583,1.0000000000037819,5.40614128112793e-05,1.8298625946044922e-05,1.000000000000778,1.0000000000007934,2.3841857910156247e-05,1.3649463653564453e-05,100.0,0.6107939785315175,0.5753289620762067,0.8414828124123523,0.8247061342643817,1.0,1.0,0.8641749137354183,0.8555222196272526,1.0,1.0,1.0,1.0,1.0,1.0,2.119900539898912,2.278149735758432,0.0,0.0
251,251.0,0.994645350050134,0.9904446166103171,2.95361219758768e-16,0.4674818916603983,0.2818525322363712,0.0904545210069045,0.3086333579849451,35.40384039146545,4.241302277938745e-12,37.851330721027125,7.91174515838873e-13,1.0000000000002196,1.0000000000121756,5.02467155456543e-05,1.609325408935547e-05,1.000000000000463,1.0000000000037634,2.288818359375e-05,1.3947486877441405e-05,101.0,0.6121117419189362,0.6035783541848476,0.8155531122282922,0.8101637049479201,1.0,1.0,0.8641749137209078,0.8555222196112635,1.0,1.0,1.0,1.0,1.0,1.0,2.489510481543805,2.3053854410439834,0.0,0.0
252,252.0,0.9856640749541707,0.983616557361723,1.399964155441966e-16,0.3964174776017766,0.12879692157730455,0.11392314906697712,0.2717044851160608,39.366596657902626,9.721957656261e-13,42.742855494411195,4.373952825947474e-12,1.000000000005913,1.0000000000042029,7.069110870361328e-05,1.8298625946044922e-05,1.0000000000033906,1.0000000000103033,2.950429916381836e-05,1.5079975128173828e-05,200.0,0.37098440773882935,0.32497026092571585,0.9273911256477171,0.9125140921330598,1.0,1.0,0.9134287448424138,0.893480526026271,1.0,1.0,1.0,1.0,1.0,1.0,1.3086492281155282,1.5198716274882653,0.0,0.0
253,253.0,0.9784402494286476,0.9817911168983715,1.8768697491539356e-16,0.3959355101725709,0.18651637737639248,0.08341026556445283,0.19087729946477333,39.378037617266,1.9601126277635217e-12,42.59026989634484,1.5458993308759967e-13,1.0000000000002998,1.0000000000039746,6.031990051269532e-05,1.7702579498291016e-05,1.0000000000059412,1.000000000004197,3.0994415283203125e-05,1.5079975128173828e-05,201.0,0.3887394449379229,0.3337698478688761,0.9219469781467785,0.9060391330090297,1.0,1.0,0.9232356655255429,0.9076610311615514,1.0,1.0,1.0,1.0,1.0,1.0,1.995172156406639,2.0227336780070595,0.0,0.0
254,254.0,0.9839444691478456,0.9717712367963576,1.204864987380088e-16,0.3589354053595442,0.28061347687616944,0.29520697379484767,0.16851145128021017,40.25757360763497,4.96229791319955e-11,43.398399436643835,8.517099593902577e-12,1.0000000000241798,1.0000000000505302,7.468461990356445e-05,1.901388168334961e-05,1.0000000000001266,1.00000000000357,3.045797348022461e-05,1.6450881958007812e-05,300.0,0.28885661203390645,0.2314455201363244,0.8077627483787653,0.8027097175689506,1.0,1.0,0.818273219036002,0.8143034847253399,1.0,1.0,1.0,1.0,1.0,1.0,1.5807720115716721,1.48915248979582,0.0,0.0
255,255.0,0.9850406343341034,0.9747193057388052,2.2993589603143563e-16,0.3586417974203252,0.16407503478694704,0.11660128505900497,0.1308199074701406,40.39270369990229,1.378727488023299e-11,43.57561615383797,4.812739712928899e-12,1.0000000000133213,1.0000000000101872,7.140636444091797e-05,1.8715858459472656e-05,1.0000000000241895,1.0000000000503626,2.658367156982422e-05,1.5974044799804688e-05,301.0,0.2915991037524254,0.2391268061098638,0.8186584446984151,0.799686035735206,1.0,1.0,0.8182732190415852,0.8143034847204835,1.0,1.0,1.0,1.0,1.0,1.0,1.6709389076799313,1.600350270924987,0.0,0.0
256,256.0,0.9868083249334586,0.980777361725356,3.201828377190575e-16,0.334370152488211,0.1164449332864023,0.0334711601608432,0.06052826379891482,40.89987176712084,3.432274368697915e-11,44.358221449322855,3.0361458888854914e-12,1.0000000000033602,1.0000000000221998,7.086992263793945e-05,1.9252300262451172e-05,1.0000000000120917,1.000000000009317,3.826618194580078e-05,1.7642974853515625e-05,400.0,0.23483621739757504,0.18592041965051864,0.811073299421599,0.7898465719556,1.0,1.0,0.8434720476659727,0.8149663402132148,1.0,1.0,1.0,1.0,1.0,1.0,2.2554332220566193,2.7386491096450207,0.0,0.0
257,257.0,0.9856874727882928,0.9856557635270015,1.125262991707517e-16,0.3341640690914115,0.0253468552837148,0.033235313021577825,0.06705108896130692,40.978926077926886,3.4111842797627307e-11,44.198543597220336,3.3043714863415025e-12,1.0000000000015525,1.0000000000677631,6.598234176635742e-05,2.002716064453125e-05,1.0000000000033442,1.0000000000221516,4.029273986816406e-05,1.71661376953125e-05,401.0,0.2342548580768601,0.19001067876787245,0.837127467645561,0.8164011237759514,1.0,1.0,0.8879851681743839,0.8628766854211607,1.0,1.0,1.0,1.0,1.0,1.0,1.5525366478944054,1.5026461080072635,0.0,0.0
258,258.0,0.9437790888215316,0.9554065433599868,1.1607876376278865e-16,0.316423270138665,0.016738043690565925,0.042676419659983325,0.1295516638201661,41.146679352226585,0.28913124486922176,44.776667925532166,0.23604025514319266,1.0267238432413612,1.0489640848121324,7.456541061401367e-05,2.1696090698242188e-05,1.0000000000002272,1.0000000000245823,4.6133995056152344e-05,1.9073486328125e-05,500.0,0.20147834436524728,0.15598220983716077,0.7861734449604614,0.7844077378892107,1.0,1.0,0.802267523168168,0.7999462966737131,1.0,1.0,1.0,1.0,1.0,1.0,2.0981993158678853,2.15048592803538,0.0,0.0
259,259.0,0.9425169041005077,0.9413261993249711,1.5655022293874487e-16,0.3162668185357691,0.24896870716474945,0.08069230761611827,0.028493963996879677,41.408910380471525,0.04432538115968362,44.784668177475986,0.06229882757115253,1.006365561703352,1.0005639328578781,7.939338684082031e-05,2.187490463256836e-05,1.0257680423443256,1.0492777138497467,4.851818084716797e-05,1.937150955200195e-05,501.0,0.20662120628684036,0.1587697598349017,0.7653587712257125,0.793049184930074,1.0,1.0,0.7994850053235897,0.8033483980196363,1.0,1.0,1.0,1.0,1.0,1.0,2.5271237898675243,2.366041763447509,0.0,0.0
260,260.0,0.9279887161040761,0.948705002450891,1.230879493830287e-16,0.3024491827901771,0.13293939811410377,0.15744700952200213,0.11539175378857172,41.44485257167329,0.311717267060112,45.00737727202282,0.4363125507736703,1.1976517401081357,1.0838805177105932,9.86456871032715e-05,2.3663043975830078e-05,1.002056107761094,1.000000000000954,5.036592483520508e-05,1.937150955200195e-05,600.0,0.18635503380478263,0.13630710439150986,0.7255623765902668,0.7562126985613948,1.0,1.0,0.7501305879290366,0.7238079402226913,1.0,1.0,1.0,1.0,1.0,1.0,1.7013634208466586,2.0176475916779903,0.0,0.0
261,261.0,0.9279434107634527,0.9380799494636569,8.725143819764536e-17,0.3023243327397227,0.0393839264870621,0.09523006004747003,0.12451901601161802,41.44368110766981,0.32933152927543696,44.936662036703666,0.4018820892019196,1.1658437082345041,1.0946556574567903,9.137392044067383e-05,2.1278858184814453e-05,1.1977244946421042,1.0855769975250924,4.5359134674072266e-05,1.931190490722656e-05,601.0,0.1963666491160731,0.13747561293273275,0.7086034429951193,0.6923866186505088,1.0,1.0,0.7439189390869164,0.7376581607811068,1.0,1.0,1.0,1.0,1.0,1.0,3.114895029730374,3.0327584759635764,0.0,0.0
262,262.0,0.9141812887665987,0.9257601378485855,1.0102242131872876e-16,0.2911011893309692,0.17661532899364824,0.04132121033035215,0.03818232164485375,41.626203601683955,0.354913169573168,44.88406045075578,0.4105504436132176,1.1794519575387017,1.13474613155497,0.00011718273162835,2.5212764739990234e-05,1.1713220218590636,1.0790132804522135,4.8220157623291016e-05,2.193450927734375e-05,700.0,0.17754257626364092,0.11971372100871702,0.6496638550803601,0.7127277653488807,1.0,1.0,0.6985759181697512,0.7547606853942737,1.0,1.0,1.0,1.0,1.0,1.0,1.7050456405935264,1.7040941846552955,0.0,0.0
263,263.0,0.9196335903243276,0.933686810305307,3.107759564327855e-16,0.290998053375251,0.09360102214850485,0.040619426581542925,0.10078024794347577,41.48504708087147,0.356535296029899,44.87649857837205,0.38114715494599405,1.1766377658753808,1.134602586069331,7.683038711547852e-05,2.497434616088867e-05,1.1795125160422777,1.1349434263964968,4.428625106811524e-05,2.03251838684082e-05,701.0,0.17728937882797513,0.12125368461239583,0.6600806164106555,0.7051086854095528,1.0,1.0,0.6851228508580084,0.7276723199674815,1.0,1.0,1.0,1.0,1.0,1.0,1.7930727608449823,1.92550942524145,0.0,0.0
264,264.0,0.8924208387211559,0.9079495796099071,1.781873475547456e-16,0.2816062497453708,0.19337818067288026,0.072953455906827,0.07550708111375562,41.83418695952362,0.3627364298817638,45.25211077360851,0.4069654901924181,1.2048099792547833,1.141492023550506,8.875131607055664e-05,2.6345252990722656e-05,1.156055084164485,1.118780182138309,6.264448165893555e-05,2.2411346435546875e-05,800.0,0.16147118988165152,0.10778926252519855,0.6725921748058782,0.7173382024659236,1.0,1.0,0.5945835061471318,0.6488278149229303,1.0,1.0,1.0,1.0,1.0,1.0,1.6863448577236988,1.533209591429052,0.0,0.0
265,265.0,0.8911139009740696,0.8995070641502768,1.5806214897734084e-16,0.2815188622252318,0.090124852838926,0.03813181817531585,0.0775047252536751,41.795190930191325,0.3639068262030998,45.269614678808125,0.407095593882327,1.2103096200555459,1.1103123029285475,9.62615013122457e-05,2.4378299713134762e-05,1.2062469403975364,1.1404434903610392,4.339218139648438e-05,2.1696090698242188e-05,801.0,0.16127003500905873,0.1086330907834506,0.643321320725804,0.6894147928998241,1.0,1.0,0.5945835061413951,0.67541134031892,1.0,1.0,1.0,1.0,1.0,1.0,2.0098457536658265,1.8853011201810157,0.0,0.0
266,266.0,0.8583032490742069,0.9030697316547056,1.9953345298926157e-16,0.2734822310916835,0.14463673427235332,0.18754041643114755,0.22438885702285913,41.99790976272262,0.3777585032619986,45.37337816827515,0.459739381940263,1.3054523240156737,1.1350146433368502,9.73939895629711e-05,2.5093555450439453e-05,1.2011106151428668,1.110926209028918,6.0558319091796875e-05,2.324581146240234e-05,900.0,0.15021470688769228,0.09776295146126825,0.6356463131568355,0.6517299416737811,1.0,1.0,0.6954388358184934,0.7442197387742442,0.25,1.0,1.0,1.0,1.0,1.0,2.2415045067802803,2.7178980819933316,0.0,0.0
267,267.0,0.8559154236425585,0.9023664835052829,1.3032253716212513e-16,0.2734067356445763,0.19113541516708205,0.14339831290999422,0.1475866774562746,41.89138593524848,0.35654106440271954,45.82712806588483,0.5363701182696514,1.3082311399107907,1.125785511298151,0.00011271238327022499,3.451108932495117e-05,1.30485584829031,1.135577130771958,6.884336471557617e-05,2.664327621459961e-05,901.0,0.15004829678640152,0.09842198325249563,0.6131460421256762,0.6387892917625488,1.0,1.0,0.6996893580797536,0.7688480332485688,1.0,1.0,1.0,1.0,1.0,1.0,1.4215791531182638,1.41439884258457,0.0,0.0
268,268.0,0.871265938248081,0.8841505613823917,1.4035207490410562e-16,0.2664095221855022,0.05891826900187875,0.0549054240691475,0.11573923565447328,42.17584028776109,0.3768666852278369,45.603162503820755,0.45140150458831413,1.2722258743913581,1.182549065842941,9.965896606443515e-05,2.652406692504883e-05,1.3075421048937743,1.113395229215581,7.903575897216367e-05,3.0100345611572262e-05,1000.0,0.14446026028863554,0.08948690494335718,0.5963327087876606,0.5673068162754462,1.0,1.0,0.5973538278837941,0.6612439737558444,1.0,1.0,1.0,1.0,1.0,1.0,2.0103931655106617,2.3570151126958114,0.0,0.0
269,269.0,0.8709837548640824,0.8857841207209396,2.644780793751678e-16,0.2663432923426758,0.01884680852526795,0.14918778609717262,0.17569825140526518,42.168156251179994,0.3801688802749852,45.61964600807643,0.4520458686446599,1.271862265138045,1.155038814120895,0.00010412931442255,2.658367156982422e-05,1.2718622651379687,1.182209453612505,4.6193599700927734e-05,2.3603439331054688e-05,1001.0,0.14499788041864475,0.09025873301625278,0.5665307264374849,0.6092011016898642,1.0,1.0,0.5973538278837748,0.701227215888829,1.0,1.0,1.0,1.0,1.0,1.0,2.081451144630456,2.0903922718148307,0.0,0.0
270,270.0,0.8556297008157983,0.8864617336405807,2.4206378480345323e-16,0.2601660896995821,0.09621750313090155,0.05573029234074055,0.0498906781431287,42.19109377952605,0.37938388976274,45.78786129357258,0.5171368745103898,1.3078449162257568,1.1571530006033928,8.976459503173828e-05,2.9921531677246094e-05,1.2641215822190504,1.1503192210882534,7.456541061401367e-05,2.5272369384765625e-05,1100.0,0.14080952606627684,0.08301069651168413,0.5608265605191789,0.559529307899544,1.0,1.0,0.5656320543550957,0.6741005521727836,1.0,1.0,1.0,1.0,1.0,1.0,1.2814813424638947,1.4802089425099367,0.0,0.0
271,271.0,0.852994517151136,0.8840409782099868,1.238711765268936e-16,0.2601072618632161,0.048985531553626026,0.0717755414661951,0.09849577536806457,42.20718921559353,0.38348381576524215,45.42381619062557,0.4742203055287058,1.3226974413639017,1.1807836934245097,7.975101470947266e-05,3.123283386230469e-05,1.3071648642449913,1.156555305652539,6.16908073425293e-05,2.5272369384765625e-05,1101.0,0.14089256220500068,0.08364620395201013,0.5549208619384765,0.5558806630813955,1.0,1.0,0.5656320543550931,0.6408312686990072,1.0,1.0,1.0,1.0,1.0,1.0,2.506931327474769,3.0913081416277137,0.0,0.0
272,272.0,0.8486662941224247,0.8721202214178788,4.227139615751219e-16,0.2545918502535258,0.10092707700096065,0.04986564710270605,0.1246908641187474,42.21253415966713,0.3683668722227995,45.855256953414845,0.483397512778879,1.2935655670505048,1.1354911122779205,0.00011014938354485,3.8802623748779304e-05,1.3020039468452769,1.1675257395381364,8.761882781982422e-05,2.9265880584716793e-05,1200.0,0.13561004882745115,0.07713196890674957,0.5249284789656476,0.5562096476624321,1.0,1.0,0.5394190989806448,0.5539934095554991,1.0,1.0,1.0,1.0,1.0,1.0,2.727251399557002,2.5239683053328257,0.0,0.0
273,273.0,0.8482305057197385,0.8726252022974954,1.2082651076455373e-17,0.2545390577467474,0.03968485764926295,0.030416100402362575,0.0933713652193546,42.25198814819345,0.36513500939131294,45.52118796739542,0.4836437800122608,1.2928823527066924,1.1577231312035265,0.000115573406219425,2.878904342651367e-05,1.2928823527066835,1.135376988608245,8.219480514526367e-05,2.652406692504883e-05,1201.0,0.13680743343939272,0.07746099806704812,0.4858570845897426,0.4850812260357583,1.0,1.0,0.5390733211932364,0.5442128853051101,1.0,1.0,1.0,1.0,1.0,1.0,2.9582808769247944,2.6816971913950427,0.0,0.0
274,274.0,0.8323361015184818,0.8580298330139164,1.4037149964459216e-16,0.2520675121005319,0.0764101500972174,0.08492206910159436,0.0471187072107568,42.244572115688065,0.368454044459607,45.47215810211865,0.5284566301314725,1.2906759936970724,1.157047855068549,0.00010865926742553283,3.2842159271240234e-05,1.2888827665579523,1.1546601358606599,8.374452590942383e-05,2.7358531951904293e-05,1249.0,0.13656917093440318,0.07497670779911585,0.49916520660046904,0.5711783014733673,1.0,1.0,0.6206283230914666,0.6711678138870357,1.0,1.0,1.0,1.0,1.0,1.0,1.7473324952694107,1.996272009945628,0.0,0.0
275,275.0,0.8326129371021783,0.8646844180777642,1.809530834159966e-16,0.252017284437961,0.04030485311523075,0.11123138171387832,0.02936424640938635,42.31387496419954,0.3693364338357453,45.47283772012839,0.5013155038331557,1.300381582082161,1.1561337326267196,0.00010025501251218399,3.4868717193603516e-05,1.2901774708936522,1.1565692083786125,7.265806198120117e-05,2.682209014892578e-05,1250.0,0.13645958548135587,0.07544657427027263,0.5009614530258581,0.5400517773686867,1.0,1.0,0.5460708944406989,0.6602461562799606,1.0,1.0,1.0,1.0,1.0,1.0,1.4401093474191704,1.608739558915337,0.0,0.0
276,276.0,0.8364486974003112,0.8600885009699425,9.724022353613439e-17,0.2495678462669118,0.04108211147831745,0.07231722335563967,0.0938712566858157,42.245987853010185,0.393390785187968,45.750402071709246,0.4738413945797518,1.2612808897978258,1.1576607972245538,0.00011855363845822501,3.7789344787597656e-05,1.2887112680686255,1.1488790079729165,8.535385131834375e-05,3.0100345611572266e-05,1300.0,0.13586878449392503,0.07293672460602096,0.4819931866383064,0.4847474406907896,1.0,1.0,0.5509446097595261,0.5574568709385365,1.0,1.0,1.0,1.0,1.0,1.0,2.1471560803212695,2.3164551234094355,0.0,0.0
277,277.0,0.8338753286435936,0.8550294631689765,1.6334560044542406e-16,0.2495200592190027,0.04469329508719965,0.1534630850073881,0.07230166776571417,42.21024772167407,0.4087249125795813,45.755755525144,0.4750350263044498,1.278145605869113,1.1831371275886258,0.00014519691467285,4.565715789794922e-05,1.2620057813614645,1.1572830960145606,9.459257125853633e-05,4.202127456665039e-05,1301.0,0.1357641755832864,0.07335499510645885,0.49896013640191583,0.5341084600002137,1.0,1.0,0.5509446097550597,0.5581468075819543,1.0,1.0,1.0,1.0,1.0,1.0,3.0163098720074504,3.5193379743462847,0.0,0.0
278,278.0,0.8329734635191836,0.8516399435238704,1.369011665596501e-16,0.2450034376445021,0.10761383158387615,0.040292920020874576,0.0622664958937093,42.26982495023765,0.37316506853340564,45.9055996286136,0.5512410092787494,1.3328670622678338,1.1489936457253396,0.000152349472045825,3.802776336669922e-05,1.26548136494756,1.1730570106721134,0.000102043151855425,3.224611282348633e-05,1400.0,0.13091891906821204,0.06869628628738318,0.5048423517373579,0.4947702645762792,1.0,1.0,0.5738276088421498,0.5950020158289233,1.0,1.0,1.0,1.0,1.0,1.0,1.698078312049332,2.0152673866426825,0.0,0.0
279,279.0,0.8333977560883564,0.8527734178309968,1.04270946231687e-16,0.2449598621091827,0.09609294630354262,0.14708349452121178,0.04910388245480132,42.322459920458705,0.3875555179813767,45.90392143304723,0.5228042167448407,1.322518516395317,1.1723015306896865,0.00014275312423702499,3.3915042877197266e-05,1.3329962477996016,1.1489849132239716,9.727478027343047e-05,3.68952751159668e-05,1401.0,0.1308261421617235,0.06902716409486337,0.47986325350170816,0.48173671091586123,1.0,1.0,0.5748770821854259,0.5950020158418508,1.0,1.0,1.0,1.0,1.0,1.0,1.6394467625643245,1.7582491240898372,0.0,0.0
280,280.0,0.8255130999157222,0.8405898225502912,1.7708943059014299e-16,0.2408681072746185,0.13144599093357093,0.1807774735498242,0.21963074599625537,42.36605416040914,0.41060993359225184,45.49097035550791,0.5020582655455799,1.260120819528329,1.181322631254209,0.00013983249664304998,3.743171691894531e-05,1.3150381682194254,1.1638786817482116,0.00010013580322263516,3.534555435180664e-05,1499.0,0.1244542260664849,0.06485608511824723,0.508461487905262,0.5387118810650998,1.0,1.0,0.5415018806990136,0.5557746796035153,1.0,1.0,1.0,1.0,1.0,1.0,2.7763461912551906,2.979991307206892,0.0,0.0
281,281.0,0.8247615737625564,0.8409405841934087,3.630355521552526e-16,0.2408280859876554,0.0387188259046524,0.10109726869268335,0.0435997622553259,42.37295601844426,0.39116799215756104,45.48217290323383,0.49982940296487316,1.2592086404740863,1.162222832542003,0.00016659498214715,3.5703182220458984e-05,1.2596129488078316,1.1815503929800526,0.0001015663146972,3.057718276977539e-05,1500.0,0.12437107311835162,0.06511335744337253,0.4497519495861943,0.4824175649866293,1.0,1.0,0.5418774530507351,0.5523773137524962,1.0,1.0,1.0,1.0,1.0,1.0,3.1150786574605327,2.818432631145955,0.0,0.0
282,282.0,0.8252414658974281,0.8325321496276219,2.4559814120442955e-16,0.2407880979271675,0.0288907861686311,0.09495453099953002,0.05449836322804912,42.29489323488764,0.3921220402468875,45.182170008490075,0.4629477781313621,1.257714025885561,1.1566307501782758,0.000115215778350775,5.227327346801758e-05,1.2588623902426974,1.1619111068582395,8.791685104370117e-05,3.904104232788086e-05,1501.0,0.1242885090758581,0.06543354460106722,0.47307688033839235,0.4965539981138804,1.0,1.0,0.5276742444514793,0.5522815918186125,1.0,1.0,1.0,1.0,1.0,1.0,1.372774540411085,1.5129508699161454,0.0,0.0
283,283.0,0.8128108440707958,0.8267167355353782,6.197880561147291e-17,0.2369858958538952,0.04149169835727658,0.0359780945582315,0.031108972500078325,42.423194703068155,0.3859111326305509,45.66540169936069,0.463664241596806,1.2547413071922022,1.1630769085963881,0.0001915693283081,6.598234176635742e-05,1.2472745001272816,1.1459480592438651,0.00011438131332392501,4.738569259643555e-05,1600.0,0.11863906095539538,0.061739417014917225,0.49321482300295727,0.5312996138780126,1.0,1.0,0.49386725856393787,0.5401743889978666,1.0,1.0,1.0,1.0,1.0,1.0,2.1876153303725108,1.830752232118309,0.0,0.0
284,284.0,0.8116707063273514,0.825622449245992,1.6738029255128645e-16,0.2369489965307288,0.1553176935994997,0.15739181265234944,0.1035096712876111,42.462954379860555,0.38755140063524796,45.668087041021536,0.46333388166816575,1.2551266890368504,1.1390850655255627,0.000136911869049025,5.53131103515625e-05,1.2551290459973088,1.1630618606939955,0.0001102089881896961,3.910064697265625e-05,1601.0,0.11856504935955597,0.061960013443651624,0.4953026722933437,0.48558353753651895,1.0,1.0,0.4939714314902514,0.5402675346398699,1.0,1.0,1.0,1.0,1.0,1.0,2.8794011081522655,2.7788410189760535,0.0,0.0
285,285.0,0.8039307643005134,0.8222127270222709,1.1772922161421016e-16,0.2334318775699975,0.08352545514935622,0.14069259533425793,0.10064455645624547,42.4293575933075,0.4106008963447193,45.732342362796274,0.4464993419796127,1.2416058929133096,1.1659647780685194,0.000155150890350275,3.546476364135742e-05,1.2462396920041041,1.1320066514981633,9.351968765257773e-05,3.653764724731445e-05,1700.0,0.11692231907837952,0.0586183944180999,0.49074145283378,0.5469446394597872,1.0,1.0,0.4828162550010312,0.5027302276414195,1.0,1.0,1.0,1.0,1.0,1.0,2.317070822494422,2.4823753588505744,0.0,0.0
286,286.0,0.8037706521372943,0.8243509654461899,6.745288188886135e-17,0.2333976625632054,0.1589557023835368,0.07128181832376862,0.062276793702039826,42.4147963764817,0.3910941443886189,45.76749878915031,0.4464473587941265,1.241406314437781,1.1446542756550828,0.0001333355903625,3.8683414459228516e-05,1.2414063144406775,1.1662093482142946,8.720159530637578e-05,3.3974647521972656e-05,1701.0,0.11685350775811656,0.05895959517534505,0.45736535550232155,0.4790177824475368,1.0,1.0,0.48595653045687826,0.5027481723869888,1.0,1.0,1.0,1.0,1.0,1.0,1.528715141040344,1.4641208627152538,0.0,0.0
287,287.0,0.794443698120689,0.8131466399721768,2.1362615211572996e-16,0.2317842179594674,0.04613925446756177,0.0934192136046476,0.05796995066339147,42.46391536062286,0.39844542791162046,45.52401532906453,0.44880203305527755,1.2324273855467158,1.1474311054174753,0.000114321708679175,4.6491622924804694e-05,1.2349237079695405,1.1389117087600804,8.946657180785898e-05,3.6835670471191406e-05,1749.0,0.11743536098366157,0.0576451970127979,0.4770345992529721,0.49053528220714276,1.0,1.0,0.5093346469059432,0.4990159492018896,1.0,1.0,1.0,1.0,1.0,1.0,2.107891141984746,2.299303132581228,0.0,0.0
288,288.0,0.7933657859413726,0.810183019202837,4.78344809156873e-16,0.2317511932071925,0.08957461459795012,0.14612928056158123,0.0665941836778074,42.46059816376167,0.3819884534320502,45.682339117359405,0.4964681407832767,1.2898190841810626,1.148368467823285,0.00014925003051755,4.661083221435547e-05,1.232049694260418,1.1477876093739288,0.00010037422180175468,4.035234451293945e-05,1750.0,0.118122834425394,0.057866029474166705,0.46505038966339307,0.49311749969257357,1.0,1.0,0.5081723145391122,0.5477233879178705,1.0,1.0,1.0,1.0,1.0,1.0,1.764420374424068,1.9108236261934612,0.0,0.0
289,289.0,0.7903819485670591,0.8105869198159661,1.242619426869237e-16,0.2301293217524837,0.062278228346258374,0.1888596988283097,0.15448215859942135,42.465277961116925,0.39987625127794924,45.36070998542486,0.5395204089963577,1.2847108188582523,1.1389229619316579,0.000160992145538275,4.9233436584472656e-05,1.285941136310143,1.146006704882899,0.000139534473419175,4.476308822631836e-05,1800.0,0.1178855815817074,0.056502177657809946,0.46009196157631727,0.49094025688535486,1.0,1.0,0.6217117393774831,0.6251873569629479,1.0,1.0,1.0,1.0,1.0,1.0,1.8335526072180253,1.9487522172443517,0.0,0.0
290,290.0,0.7893222013332073,0.8066453339842786,4.899489206125414e-17,0.2300974589172788,0.09995353256817902,0.08509376755682746,0.13667527999496082,42.491933312881315,0.39849012735495526,45.35604441757022,0.5366106290442623,1.2821704146533315,1.1362444391148987,0.00018483400344842502,4.9233436584472656e-05,1.2844027241571818,1.1388344370085721,0.00011253356933593516,5.239248275756836e-05,1801.0,0.1178202588960526,0.05672249143287138,0.46345760502088995,0.4901889612835074,1.0,1.0,0.62089173080013,0.6254134640830632,1.0,1.0,1.0,1.0,1.0,1.0,2.876903855491738,3.244319362586528,0.0,0.0
291,291.0,0.7838853476350908,0.8076569059826464,1.0807919155734134e-16,0.2270479128879195,0.030276991368737,0.10295267839683214,0.08661354088690129,42.481307261944174,0.39146741641888727,45.72744019037398,0.49958113843132224,1.2430612699325445,1.130445792728155,0.000129580497741675,5.537271499633789e-05,1.2726293386836256,1.132785623260036,0.00010532140731804999,4.26173210144043e-05,1900.0,0.11617156278188293,0.053936355239643075,0.4743676910799261,0.4908452831717609,1.0,1.0,0.55250008642515,0.5765622904282776,1.0,1.0,1.0,1.0,1.0,1.0,1.0052205581265148,0.9498461710105954,0.0,0.0
292,292.0,0.7735121197227992,0.8067831767487993,2.0532718582390748e-18,0.2270181263457387,0.09509970672661437,0.08725584653438992,0.1446405226597562,42.440248449981254,0.3839526777219806,45.70610041470594,0.4972262650740012,1.2643527279800253,1.1293443783651895,0.0001860260963439,4.7445297241210944e-05,1.2436991792788326,1.1308289388375539,0.000116407871246275,4.404783248901367e-05,1901.0,0.11611047212727382,0.05415599664957443,0.45767151722386357,0.4770714201265307,1.0,1.0,0.5171017011926506,0.5766371237643165,1.0,1.0,1.0,1.0,1.0,1.0,2.034012827172718,2.252367626153852,0.0,0.0
293,293.0,0.7665685212438077,0.7955794639099529,6.444445775425215e-17,0.2241903060035974,0.031470868387259474,0.0473320094170048,0.06259510357631362,42.533689714478385,0.3878182550512452,45.66322795726713,0.4698672053482841,1.2178691149070031,1.1277055958592672,0.0001416802406311,7.015466690063477e-05,1.2592220016623796,1.1259632073536716,8.24332237243625e-05,3.7908554077148444e-05,1999.0,0.11338764331438447,0.051752682577381824,0.46726402983636117,0.4891106157982073,1.0,1.0,0.5001771763303142,0.5153666423668963,1.0,1.0,1.0,1.0,1.0,1.0,2.3642870401812557,2.049300455555265,0.0,0.0
294,294.0,0.7657220939040326,0.7985343652436372,2.329807170129848e-16,0.2241623468702978,0.03379529656376683,0.0515977357863448,0.04713968455325805,42.56282902326781,0.4096247394767268,45.66112721789247,0.4697277144091097,1.2179829275183183,1.1562714563212553,0.00017488002777095002,6.574392318725586e-05,1.218047742980558,1.1273832879647574,0.000141739845275875,4.1723251342773444e-05,2000.0,0.11475598051156907,0.05195524540239532,0.4615868189625007,0.48045011540217314,1.0,1.0,0.49692164112029424,0.5149341792525272,1.0,1.0,1.0,1.0,1.0,1.0,1.9881190227834091,2.078539790458069,0.0,0.0
295,295.0,0.6551018991037507,0.6551018991037467,0.0,0.668740304976422,0.07010727556189515,0.03786033287178722,0.0166738692787475,5.165584852089615e-32,0.0,5.165584852089615e-32,0.0,0.6551018991037507,0.6551018991037467,5.811452865600586e-05,1.8835067749023438e-05,1.0,1.0,1.9848346710205078e-05,1.2636184692382812e-05,0.0,2.4777073866335644,2.6310763151515815e-08,0.915475745297751,0.9360759187911766,0.0,0.0,0.9154757452977524,0.936075918791179,0.0,0.0,0.0,0.0,0.0,0.0,4.350294384723258,4.30738539083537,0.0,0.0
296,296.0,0.7060735553728426,0.7060735553728479,0.0,0.6389431042462724,0.10924020665697749,0.12187521113082761,0.027154867828357923,7.332765207964496e-32,0.0,4.3046540434080123e-32,0.0,0.7060735553728426,0.7060735553728479,4.8279762268066406e-05,1.4960765838623047e-05,0.7404611429769987,0.7404611429769998,2.6464462280273438e-05,1.2755393981933594e-05,1.0,3.1776878641887567,2.0672626174998587,0.9023551473001943,0.9280428794643355,0.0,0.0,0.9023551473001917,0.9280428794643353,0.0,0.0,0.0,0.0,0.0,0.0,4.237005086096188,4.198737638799104,0.0,0.0
297,297.0,0.7921209840738606,0.7921209840738628,1.208909515702948e-15,0.5773502691896258,0.20191837282618508,0.05109004379482935,0.05307975353207438,8.038482805637384e-32,0.0,2.869769362272008e-32,0.0,0.7921209840738606,0.7921209840738628,4.017353057861328e-05,1.4543533325195312e-05,0.8845046706181464,0.8845046706181567,1.9013881683349613e-05,1.3947486877441405e-05,4.0,2.8126110930078245,2.3765814688877147,0.8587063533211783,0.8994901464764102,0.0,0.0,0.8587063533211625,0.8994901464764095,0.0,0.0,0.0,0.0,0.0,0.0,1.7687327427454467,1.916177179595198,0.0,0.0
298,298.0,0.8224009663882292,0.8224009663882512,9.547918011776346e-16,0.5623413251903491,0.056779894919600324,0.11229787353659047,0.0697321700281463,6.495995605066376e-32,0.0,2.582792426044807e-32,0.0,0.8224009663882292,0.8224009663882512,4.3272972106933594e-05,1.5020370483398438e-05,0.8329875509920135,0.8329875509920335,2.1398067474365234e-05,1.239776611328125e-05,5.0,2.69641585909966,2.3721082248290046,0.8886503122426681,0.88883419392666,0.0,0.0,0.8886503122426689,0.8888341939266651,0.0,0.0,0.0,0.0,0.0,0.0,1.5365869816138527,1.4245414634138964,0.0,0.0
299,299.0,0.8122985249719484,0.8122985249719845,9.575673587391975e-16,0.5169731539571706,0.2200755403609946,0.08357084024464706,0.2229801249923184,8.196704276454328e-32,0.0,1.8448517328891482e-32,0.0,0.8122985249719484,0.8122985249719845,5.030632019042969e-05,1.5437602996826172e-05,0.8204110833913414,0.8204110833913378,2.104043960571289e-05,1.2993812561035158e-05,9.0,2.2514736476651165,2.069469688999198,0.9046590603921743,0.9402410072010484,0.0,0.0,0.9046590603921474,0.9402410072010488,0.0,0.0,0.0,0.0,0.0,0.0,2.3174104316241033,2.338970474364352,0.0,0.0
300,300.0,0.8513368686264159,0.8513368686264278,1.4062824978585316e-16,0.5081327481546147,0.059849306358955745,0.2292184603284113,0.21797519369283688,8.092805429752099e-32,0.0,1.721861617363205e-32,0.0,0.8513368686264158,0.851336868626428,5.060434341430664e-05,1.5974044799804688e-05,0.8528484613419115,0.8528484613420366,2.3066997528076172e-05,1.317262649536133e-05,10.0,2.0806384819788084,2.004051472768867,0.9156485823121014,0.9336530642539205,0.0,0.0,0.9156485823121017,0.933653064253912,0.0,0.0,0.0,0.0,0.0,0.0,2.018211988979264,2.1552975852036624,0.0,0.0
301,301.0,0.8456618750940287,0.8615388268728681,1.9574984907864601e-16,0.4789736254435747,0.143390882469248,0.06766413169680159,0.20913879293948404,6.583341888164133,0.031495497720402846,7.181780438667847,0.04662641313803035,0.8732630341604004,0.8639909529575573,4.76837158203125e-05,1.5139579772949219e-05,0.8803484515637234,0.8803484515637388,2.0563602447509762e-05,1.2874603271484377e-05,14.0,1.765837986804832,1.6636325074752913,0.8997133751336245,0.8908107265895809,0.0,0.0,0.8478827193607469,0.8809411325326941,0.0,0.0,0.0,0.0,0.0,0.0,1.7392368477809488,1.8405909911241685,0.0,0.0
302,302.0,0.8522702019917665,0.8561269012351216,3.33066907387547e-16,0.4728708045015879,0.06740504660410802,0.043437056650873225,0.23034173017367715,7.507634860562145,0.045330008721689796,8.555896624530519,0.05069063560712792,0.8775091147675164,0.8686900254561798,4.7147274017333984e-05,1.519918441772461e-05,0.901190481817524,0.8767333389392139,2.1338462829589844e-05,1.454353332519531e-05,15.0,1.6870398043280264,1.7281731278756127,0.8335976593517889,0.9140007549129153,0.0,0.0,0.8312501546474286,0.9266751269313478,0.0,0.0,0.25,0.0,0.0,0.0,2.278734489134561,2.268357841534126,0.0,0.0
303,303.0,0.8666713714177339,0.8675253235574174,1.4571677198205177e-16,0.4518010018049224,0.14325795142212877,0.029475372633896726,0.21812508575385434,12.407158036991419,0.07158883466422489,13.477834151115443,0.07900627687331274,0.9010920645940108,0.9466512011579494,4.51207160949707e-05,1.4841556549072267e-05,0.9552074071198264,0.9432203282544247,2.1517276763916016e-05,1.3172626495361328e-05,19.0,1.58113552109198,1.580961217192344,0.8778873438454455,0.8668418374080245,0.0,0.0,0.8424283490439481,0.8661809657047059,0.0,0.0,1.0,0.25,0.25,0.25,2.184092087937788,2.1902698081931966,0.0,0.0
304,304.0,0.899265559576713,0.8923763747012382,1.396660564978447e-15,0.4472135954999579,0.05951723462203515,0.021722054807469172,0.624280892428942,14.00964123038564,0.08535702696969197,14.506527639294557,0.09835692540404498,0.9331167504282442,0.9350092047309313,5.227327346801758e-05,1.52587890625e-05,0.9393410289057372,0.9655541989473074,2.2411346435546875e-05,1.3530254364013672e-05,20.0,1.514033867752607,1.6377393347442282,0.8397390648253715,0.8296312185748355,1.0,0.25,0.8322881528136282,0.8180024304875353,0.25,0.25,1.0,1.0,1.0,1.0,3.9028688829281086,4.030321787758193,0.0,0.0
305,305.0,0.8936033247248649,0.9016535154706847,2.8490282028983794e-16,0.414123876566552,0.11190987192094325,0.19178546732291574,0.32178985874634236,21.520126245368644,0.08047095416957181,21.647062364485414,0.1015164237871171,0.9569326407920125,0.9427637939187571,4.678964614868164e-05,1.502037048339844e-05,0.9846930006581671,0.9551030808918873,2.002716064453125e-05,1.2874603271484377e-05,29.0,1.2984133504518338,1.3195205405253418,0.8467385954963766,0.8322755670428426,1.0,1.0,0.788155015120982,0.8153706881413612,1.0,0.0,1.0,1.0,1.0,1.0,2.3414362633318486,2.3905957820631167,0.0,0.0
306,306.0,0.8957080220194129,0.8894967335352246,2.8310687127941495e-16,0.4111336169005197,0.3433636190602556,0.2155697377165779,0.23405043710954485,21.440919065928778,0.11019856324945698,22.266833337170894,0.11683183990989862,0.9414935308999473,0.939093871032954,5.441904067993164e-05,1.52587890625e-05,0.9403062344400007,0.9340933299719385,2.485513687133789e-05,1.3172626495361328e-05,30.0,1.4227407664886,1.4294837595461474,0.7792482659969195,0.7915426972550026,1.0,1.0,0.7696204974847294,0.8002722415720871,1.0,1.0,1.0,1.0,1.0,1.0,2.3425255249700134,2.543219859608573,0.0,0.0
307,307.0,0.9125291239646155,0.9144034871093745,2.6194324487249787e-16,0.3535533905932737,0.2844158396474086,0.06060960172908375,0.1713394203688949,30.989852045985874,0.17374501017300534,33.3501391869208,0.1630629337243331,0.9914543585503948,0.9900828881142135,4.965066909790039e-05,1.5079975128173828e-05,1.0011120279647931,1.0152287319422306,2.5987625122070312e-05,1.2993812561035158e-05,59.0,0.9005229663183987,0.8211825683504892,0.7148254786216997,0.7615850339286845,1.0,1.0,0.7773745812058421,0.7995099800643081,1.0,1.0,1.0,1.0,1.0,1.0,3.1076839713680764,3.436316750872082,0.0,0.0
308,308.0,0.8759202738470013,0.8986508921612186,2.459571008400347e-16,0.3521856535823236,0.16251008963445202,0.08846908400300885,0.42109369341051206,31.327070028330372,0.185365460160596,33.4378193681144,0.20627744006666543,0.9971311803630195,0.9780992386679859,5.1915645599365234e-05,1.5735626220703125e-05,1.0006920376958761,0.9811833886969358,2.187490463256836e-05,1.3589859008789062e-05,60.0,0.8860542142380021,0.874887400478209,0.7457619302252854,0.7613379872346402,1.0,1.0,0.7598194988982145,0.7682363316835483,1.0,1.0,1.0,1.0,1.0,1.0,2.61039841755988,2.650508969192373,0.0,0.0
309,309.0,0.8192930517275296,0.8323932302914113,8.61744538161431e-16,0.3123939936920256,0.10283163498388595,0.03815994830802082,0.04058568575419477,36.000937186112125,0.2713964114211909,37.84363151277097,0.28249932822239393,1.030788151095801,0.9915282381705935,5.0246715545654304e-05,1.6927719116210938e-05,0.9978552559675549,0.9807333941832377,2.1219253540039062e-05,1.3828277587890623e-05,100.0,0.6090298878815947,0.5735648714262839,0.7512380433442187,0.7532798727171987,1.0,1.0,0.7132091922451772,0.7604427391112174,0.25,0.25,1.0,1.0,1.0,1.0,2.119900539898912,2.278149735758432,0.0,0.0
310,310.0,0.815924258894363,0.8391430973650038,2.95361219758768e-16,0.3116545944402655,0.16902804491110143,0.09334694762947038,0.31520706095034257,35.40384039146545,0.28270945082022436,37.851330721027125,0.3060535603650303,1.0501799603415645,1.04683286511171,5.620718002319336e-05,1.5437602996826172e-05,1.03218247610153,0.989102566373316,2.0563602447509762e-05,1.3589859008789062e-05,101.0,0.6103613217692492,0.6018279340351607,0.7219647587880026,0.7589997325554348,1.0,0.25,0.7183824500784775,0.7778434898866253,1.0,1.0,1.0,1.0,1.0,1.0,2.489510481543805,2.3053854410439834,0.0,0.0
311,311.0,0.7684669055286987,0.8165866969250852,1.399964155441966e-16,0.2642783184011844,0.14344364905264229,0.2042642036103643,0.11035886255558575,39.366596657902626,0.3490791668392062,42.742855494411195,0.5260177394526332,1.247847518111408,1.046394946527874,7.37309455871582e-05,1.7940998077392578e-05,1.0249121018542873,1.0789268727332548,3.2842159271240234e-05,1.5139579772949219e-05,200.0,0.3699782833941148,0.3239641365810013,0.6590845297942025,0.6880838570539682,1.0,1.0,0.65874257072324,0.6675416128402009,1.0,0.0,1.0,1.0,1.0,1.0,1.3086492281155282,1.5198716274882653,0.0,0.0
312,312.0,0.7773948172802285,0.8371944678845271,1.8768697491539356e-16,0.2639570067817139,0.03369177988497535,0.03077760047744955,0.07711409684270612,39.378037617266,0.3208248961213914,42.59026989634484,0.49992594790224265,1.2088962075278573,1.0511746926600196,6.973743438720703e-05,1.7464160919189453e-05,1.2473183984253247,1.0489840327587348,3.254413604736328e-05,1.6450881958007812e-05,201.0,0.3877375060810054,0.3327679090119585,0.6535139958863068,0.6648980004830414,1.0,1.0,0.6591840902985119,0.6970667087868158,1.0,0.0,1.0,1.0,1.0,1.0,1.995172156406639,2.0227336780070595,0.0,0.0
313,313.0,0.7369679840389702,0.7992974385577396,1.204864987380088e-16,0.2392902702396961,0.1965684152091853,0.2540242532268166,0.2589813588419929,40.25757360763497,0.37260618350052077,43.398399436643835,0.4745165327675569,1.2232645917057394,1.0671712002350733,6.455183029174805e-05,1.823902130126953e-05,1.222606297569749,1.0174501482968565,2.9087066650390625e-05,1.5556812286376953e-05,300.0,0.28814323988318097,0.23073214798559896,0.5529830681334496,0.5825605367110902,1.0,1.0,0.6008097912157415,0.6355495127620188,0.0,1.0,1.0,1.0,1.0,1.0,1.5807720115716721,1.48915248979582,0.0,0.0
314,314.0,0.750127936078165,0.7816952005877407,2.2993589603143563e-16,0.2390945316135501,0.1336664495756849,0.1295560000580735,0.12118277326226227,40.39270369990229,0.36917516834313435,43.57561615383797,0.5092804877998864,1.2677117401690583,1.0881840117279133,6.759166717529297e-05,1.817941665649414e-05,1.220752828805038,1.0650834606005462,2.580881118774414e-05,1.5795230865478516e-05,301.0,0.29088776969056646,0.23841547204800473,0.5153833436842588,0.5572443639113156,1.0,1.0,0.6291385741905291,0.6670070666631037,0.0,0.25,1.0,1.0,1.0,1.0,1.6709389076799313,1.600350270924987,0.0,0.0
315,315.0,0.7270475693710243,0.773719340732862,3.201828377190575e-16,0.2229134349921406,0.11972605373011898,0.040782959316857145,0.25869538827100763,40.89987176712084,0.4015822107628455,44.358221449322855,0.48816553205277613,1.2342493847058176,1.08558006036931,6.479024887084961e-05,1.913309097290039e-05,1.2268475424308007,1.0574772377693538,4.875659942626953e-05,1.9490718841552734e-05,400.0,0.23428032354472683,0.18536452579767046,0.5420361646367418,0.5857496393287912,1.0,1.0,0.5619806962235823,0.6442996556356224,0.25,0.25,1.0,1.0,1.0,1.0,2.2554332220566193,2.7386491096450207,0.0,0.0
316,316.0,0.7342546820431235,0.7775687820273225,1.125262991707517e-16,0.222776046060941,0.06007935025263572,0.04690899280831218,0.07847458217293014,40.978926077926886,0.40631182787061515,44.198543597220336,0.4905485218129373,1.1979025855727619,1.0898800847213335,7.063150405883789e-05,1.8835067749023438e-05,1.234017711571083,1.0884571448915143,3.981590270996094e-05,1.71661376953125e-05,401.0,0.2337001761627861,0.18945599685379846,0.566397840689235,0.5729841406091487,1.0,1.0,0.5615956424971859,0.5863429127606659,0.25,1.0,1.0,1.0,1.0,1.0,1.5525366478944054,1.5026461080072635,0.0,0.0
317,317.0,0.6894572308897612,0.7513044801347831,1.1607876376278865e-16,0.21094884675911,0.07378127815900368,0.1529450641828589,0.11760471016168593,41.146679352226585,0.3879404751375931,44.776667925532166,0.5021430876957778,1.2022311665336238,1.0454361394496483,7.724761962890625e-05,2.2351741790771484e-05,1.169343953209241,1.059107785535288,3.844499588012695e-05,1.8417835235595703e-05,500.0,0.20102146666243562,0.15552533213434916,0.49157810863105283,0.5048608966769199,1.0,1.0,0.5356864906300878,0.543042878707322,0.25,0.25,1.0,1.0,1.0,1.0,2.0981993158678853,2.15048592803538,0.0,0.0
318,318.0,0.687299838712902,0.7453130260873999,1.5655022293874487e-16,0.2108445456905127,0.10355372383492065,0.21715974016115064,0.05297705379780378,41.408910380471525,0.3736505185167983,44.784668177475986,0.5223851868183625,1.2139392876972706,1.0530749767968945,8.553266525268555e-05,2.187490463256836e-05,1.2007540107409838,1.0445893646881586,4.76837158203125e-05,1.931190490722656e-05,501.0,0.20616513481344806,0.15831368836150939,0.5003849495499183,0.5382929306457159,1.0,1.0,0.6187246107855944,0.5562019791120781,0.25,0.25,1.0,1.0,1.0,1.0,2.5271237898675243,2.366041763447509,0.0,0.0
319,319.0,0.6685046166008095,0.7264766522036985,1.230879493830287e-16,0.2016327885267847,0.12651173275662583,0.13994185795309022,0.05974312260514125,41.44485257167329,0.3954220409792916,45.00737727202282,0.4926804420879044,1.1550336258992349,1.0754359323228915,7.998943328857422e-05,2.2351741790771484e-05,1.1947285839608865,1.032588512714496,3.999471664428711e-05,1.937150955200195e-05,600.0,0.18596642522204584,0.13591849580877316,0.46651243850699914,0.5072925639378133,1.0,1.0,0.5373266932422307,0.6009783355931058,0.0,0.0,1.0,1.0,1.0,1.0,1.7013634208466586,2.0176475916779903,0.0,0.0
320,320.0,0.6706351791464845,0.729756178557907,8.725143819764536e-17,0.2015495551598151,0.05568961089011275,0.06145039148395875,0.0922718587098643,41.44368110766981,0.37864487535782265,44.936662036703666,0.4606163895161852,1.1379703761906146,1.0252072670079004,7.146596908569336e-05,2.1338462829589844e-05,1.153917906734293,1.0750966266716002,3.0338764190673828e-05,1.937150955200195e-05,601.0,0.19597861693184007,0.13708758074849967,0.49356666905905633,0.5475294378155139,1.0,1.0,0.4787769485985187,0.5225654555165151,0.0,0.0,1.0,1.0,1.0,1.0,3.114895029730374,3.0327584759635764,0.0,0.0
321,321.0,0.6411259527279927,0.702839751722091,1.0102242131872876e-16,0.1940674595539795,0.05389825580641625,0.07768621476134277,0.0896218267153017,41.626203601683955,0.38698056810047105,44.88406045075578,0.4886887926718171,1.1415260877978661,1.0374573948287888,9.161233901977539e-05,2.3186206817626953e-05,1.1215424411505506,1.0231852496432021,4.404783248901367e-05,2.0563602447509762e-05,700.0,0.1772040079002869,0.11937515264536291,0.4861648948233052,0.5102987639000723,1.0,1.0,0.4926401313470242,0.5527357618914523,0.0,0.0,1.0,1.0,1.0,1.0,1.7050456405935264,1.7040941846552955,0.0,0.0
322,322.0,0.6405307298262555,0.7098715463799296,3.107759564327855e-16,0.1939987022501673,0.04467693157494065,0.021678247721865725,0.11075974901905279,41.48504708087147,0.3922527159518632,44.87649857837205,0.47257562685825727,1.1122095061456214,1.0412076195464324,8.07642936706543e-05,2.270936965942383e-05,1.1409498563763583,1.0380674674620367,4.220008850097656e-05,2.0623207092285153e-05,701.0,0.17695124378329824,0.12091554956771902,0.508932743428995,0.5307301393680643,1.0,1.0,0.4933552635717411,0.5385768993843524,0.0,0.0,1.0,1.0,1.0,1.0,1.7930727608449823,1.92550942524145,0.0,0.0
323,323.0,0.6198590734104665,0.6873138200395862,1.781873475547456e-16,0.1877374998302472,0.019203766481950803,0.1627108716056682,0.06619331624824548,41.83418695952362,0.4086681326899059,45.25211077360851,0.48631712016814904,1.1195273333629845,1.044671816669421,9.924173355100078e-05,2.3603439331054688e-05,1.0979537445699556,1.0281543478738178,5.8591365814208984e-05,2.205371856689453e-05,800.0,0.1611709384427338,0.10748901108628085,0.4912006077636829,0.49487979586798336,1.0,1.0,0.4949041762427114,0.5327299346837278,0.25,0.25,1.0,1.0,1.0,1.0,1.6863448577236988,1.533209591429052,0.0,0.0
324,324.0,0.6218209114202874,0.6856557948831419,1.5806214897734084e-16,0.1876792414834878,0.0759069212945178,0.036854966368991875,0.05132861126912752,41.795190930191325,0.3896402412744997,45.269614678808125,0.5193705644566007,1.1530039293337557,1.0274694667183035,8.183717727661133e-05,2.6345252990722656e-05,1.1194153129022624,1.0439741139967005,6.139278411865234e-05,2.2113323211669922e-05,801.0,0.16097012162782873,0.10833317740222059,0.4545649515964521,0.48033176554806567,1.0,1.0,0.5194887026716668,0.5327460266419848,0.25,0.0,1.0,1.0,1.0,1.0,2.0098457536658265,1.8853011201810157,0.0,0.0
325,325.0,0.6031488497874579,0.6684195544827954,1.9953345298926157e-16,0.1823214873944557,0.12329390732338649,0.15360152313951403,0.17802138836123044,41.99790976272262,0.39933962161642356,45.37337816827515,0.49558692652456315,1.1153329577944728,1.0133755281254377,8.33272933959961e-05,2.586841583251953e-05,1.1472901887805982,1.0084366015759942,5.805492401123047e-05,2.2530555725097656e-05,900.0,0.14994477413653687,0.09749301871011287,0.46806750167292305,0.4814260374244593,1.0,1.0,0.5469271309701891,0.5867775935659256,0.0,0.0,1.0,1.0,1.0,1.0,2.2415045067802803,2.7178980819933316,0.0,0.0
326,326.0,0.5968918350077449,0.6688968320055564,1.3032253716212513e-16,0.1822711570963842,0.043520480277948,0.07221845886670053,0.08201353927142913,41.89138593524848,0.40068692476233736,45.82712806588483,0.518189665318758,1.1341491093491751,1.0132102796331155,0.00011700391769407499,3.0338764190673828e-05,1.1146239110019298,1.013078164829237,7.212162017822266e-05,3.0100345611572266e-05,901.0,0.14977863539622413,0.09815232186231822,0.46753393171986113,0.49170567482588257,1.0,1.0,0.5605533317784404,0.6010657625626563,0.0,0.0,1.0,1.0,1.0,1.0,1.4215791531182638,1.41439884258457,0.0,0.0
327,327.0,0.5995379624937375,0.6400656450272902,1.4035207490410562e-16,0.1776063481236681,0.04381831473438065,0.1069882030715234,0.06720544205745675,42.17584028776109,0.3752565155842601,45.603162503820755,0.49488491239726745,1.0895851683121918,0.9845278694542671,9.441375732420235e-05,2.5987625122070312e-05,1.119845435477357,1.0018165946440345,5.8531761169433594e-05,2.4795532226562497e-05,1000.0,0.14421493863186594,0.08924158328658757,0.4560215768886515,0.48090361439757967,1.0,1.0,0.5066667066350671,0.5411186551809242,1.0,0.25,1.0,1.0,1.0,1.0,2.0103931655106617,2.3570151126958114,0.0,0.0
328,328.0,0.5967380107789193,0.6467871114526066,2.644780793751678e-16,0.1775621948951171,0.0715925997938029,0.1461321361130103,0.2048391691641882,42.168156251179994,0.4025249965334847,45.61964600807643,0.4928883666753586,1.1003771095363108,0.9992517905787188,0.00010901689529417499,3.0219554901123047e-05,1.089108277901109,0.9840694263379159,6.175041198730469e-05,2.5212764739990234e-05,1001.0,0.14475278156131868,0.0900136341589268,0.43658025865723893,0.475259440649725,1.0,1.0,0.5056009971853778,0.5400644494934745,0.25,0.0,1.0,1.0,1.0,1.0,2.081451144630456,2.0903922718148307,0.0,0.0
329,329.0,0.5907368795892252,0.6473920298448472,2.4206378480345323e-16,0.1734440597997214,0.026873487047851027,0.0424464357201941,0.04454588127555322,42.19109377952605,0.4099903285342444,45.78786129357258,0.4967064779539325,1.0767041664270725,1.0112752548115385,9.495019912718359e-05,2.9921531677246094e-05,1.0892639085469527,0.9901661363581995,6.93202018737793e-05,2.467632293701172e-05,1100.0,0.14058459589135552,0.08278576633676282,0.4665839318452211,0.47172205566935665,1.0,1.0,0.48886918897309384,0.5742266769307391,0.0,0.0,1.0,1.0,1.0,1.0,1.2814813424638947,1.4802089425099367,0.0,0.0
330,330.0,0.5885635172912254,0.6441950917096628,1.238711765268936e-16,0.173404841242144,0.0943439850234426,0.10617348266532643,0.1425690518226474,42.20718921559353,0.400521268878987,45.42381619062557,0.5041560219577534,1.1144961978317658,0.9869911785505824,0.000111639499664275,3.5643577575683594e-05,1.0764011455688383,1.0116032747628838,9.88245010375961e-05,2.7477741241455078e-05,1101.0,0.1406678183466821,0.0834214600936915,0.44649735478527897,0.48111752112890654,1.0,1.0,0.49914615035575016,0.5933382883154068,0.0,0.0,1.0,1.0,1.0,1.0,2.506931327474769,3.0913081416277137,0.0,0.0
331,331.0,0.5807484453842143,0.6372186361821514,4.227139615751219e-16,0.1697279001690172,0.16530886437976727,0.114226323494222,0.08698263688711447,42.21253415966713,0.4063184482158666,45.855256953414845,0.5295898504330343,1.1088731123772133,0.9852504327889179,9.572505950927734e-05,3.439188003540039e-05,1.0985202270090824,0.9799085615114811,9.17315483093207e-05,3.8087368011474616e-05,1200.0,0.13540230011604093,0.07692422019533937,0.4595292724108238,0.4749477171712751,1.0,1.0,0.5298233001187805,0.557134305859154,0.0,0.0,1.0,1.0,1.0,1.0,2.727251399557002,2.5239683053328257,0.0,0.0
332,332.0,0.5802612807464682,0.6338520731667421,1.2082651076455373e-17,0.1696927051644982,0.10887214116519313,0.1069812310161069,0.10100505419541145,42.25198814819345,0.41489632975189417,45.52118796739542,0.5083553070581905,1.093871756050804,1.0170558630220454,9.96589660644414e-05,3.0517578125e-05,1.1087536042639536,0.9849807520572321,7.236003875732422e-05,2.658367156982422e-05,1201.0,0.13659984292366403,0.07725340755131943,0.4388032036084628,0.47270090483803406,1.0,1.0,0.5235123964065238,0.5281441310366739,1.0,0.0,1.0,1.0,1.0,1.0,2.9582808769247944,2.6816971913950427,0.0,0.0
333,333.0,0.5827355248461331,0.6268532406925668,1.4037149964459216e-16,0.1680450080670213,0.07726920791901645,0.07498439349001271,0.14521561015862966,42.244572115688065,0.41599162202891166,45.47215810211865,0.49308608368485507,1.0817196518390781,0.9874990696277826,0.00013422966003412502,3.975629806518555e-05,1.0829153515687535,1.010330832030287,9.262561798094296e-05,3.0159950256347656e-05,1249.0,0.1363688928156394,0.07477642968035204,0.469285910048716,0.47944688038862093,1.0,1.0,0.5211035251764523,0.5817736037354906,0.0,0.0,1.0,1.0,1.0,1.0,1.7473324952694107,1.996272009945628,0.0,0.0
334,334.0,0.5851166340030088,0.623538904522001,1.809530834159966e-16,0.1680115229586406,0.09033048973651595,0.0368492293055169,0.05424634722294283,42.31387496419954,0.42339148457528103,45.47283772012839,0.4935632651136654,1.0813200129204479,1.0218885258930053,0.000108897686004575,3.594160079956055e-05,1.0812471491588624,0.9878562741435272,7.981061935424805e-05,2.7358531951904293e-05,1250.0,0.13625945407367487,0.07524644286259162,0.44259173837486354,0.4816968109707923,1.0,1.0,0.5323879153089975,0.5996312883836042,0.0,0.0,1.0,1.0,1.0,1.0,1.4401093474191704,1.608739558915337,0.0,0.0
335,335.0,0.5814524311906448,0.6235136424381172,9.724022353613439e-17,0.1663785641779412,0.018620694754645152,0.0472360850544646,0.11401806346839292,42.245987853010185,0.4101958022605192,45.750402071709246,0.47807512625262794,1.0679136701725147,0.9968134452672697,0.0001442432403564,3.600120544433594e-05,1.0726028787286386,1.0175292765249213,8.058547973632812e-05,3.123283386230469e-05,1300.0,0.13567571695326458,0.07274365706536057,0.43727726988618154,0.47811933944728346,1.0,1.0,0.5044789067764651,0.4939563210807529,0.0,0.0,1.0,1.0,1.0,1.0,2.1471560803212695,2.3164551234094355,0.0,0.0
336,336.0,0.5702033886124163,0.6128022985432549,1.6334560044542406e-16,0.1663467061460018,0.03969257394783195,0.0285771751659922,0.04546481801662593,42.21024772167407,0.4165397195251276,45.755755525144,0.4791383971692527,1.0675552197602023,0.9992769319828445,0.0001066327095031,2.9325485229492188e-05,1.0674233974049814,0.9967117712122782,7.49826431274414e-05,2.866983413696289e-05,1301.0,0.13557124409372012,0.07316206361689265,0.4437808786826321,0.476693083135456,1.0,1.0,0.5066672495065416,0.4939775128226675,0.25,0.0,1.0,1.0,1.0,1.0,3.0163098720074504,3.5193379743462847,0.0,0.0
337,337.0,0.5701890107636256,0.6096819497364891,1.369011665596501e-16,0.1633356250963347,0.05741734831826758,0.05919578275643282,0.08163585764123124,42.26982495023765,0.4136060620053654,45.9055996286136,0.4710018381669103,1.0475525824629088,0.9915025970036726,0.000109136104583725,4.13060188293457e-05,1.054809148851271,0.9954241545038196,7.706880569458008e-05,2.789497375488281e-05,1400.0,0.13073854623456455,0.06851591345373576,0.4488433209588945,0.47971262665283276,1.0,1.0,0.46837431921270556,0.5283537045110217,0.0,0.0,1.0,1.0,1.0,1.0,1.698078312049332,2.0152673866426825,0.0,0.0
338,338.0,0.5704639474994997,0.6060927404899712,1.04270946231687e-16,0.1633065747394551,0.06144569639582183,0.15337887225905425,0.05652364896377547,42.322459920458705,0.3981939793668233,45.90392143304723,0.47563095019645435,1.046631390230333,0.9738614471845684,0.000142872333526575,3.904104232788086e-05,1.0470864317136568,0.9912169674563303,6.210803985595703e-05,2.8133392333984375e-05,1401.0,0.13064588762169602,0.0688469095548359,0.44150643946182966,0.4690616720704484,1.0,1.0,0.4661673401659484,0.5166085440513135,0.0,0.0,1.0,1.0,1.0,1.0,1.6394467625643245,1.7582491240898372,0.0,0.0
339,339.0,0.5704524673687312,0.5990996595266755,1.7708943059014299e-16,0.160578738183079,0.03058151056757195,0.02605656755622475,0.04484823480015615,42.36605416040914,0.4131230282198137,45.49097035550791,0.5101929546488486,1.0501490714637824,0.9953781462560507,0.0001371502876281,4.0531158447265625e-05,1.0324821567827422,0.9674464964093694,9.083747863769531e-05,3.2842159271240234e-05,1499.0,0.1242848388775538,0.06468669792931613,0.44359899535686204,0.466547750457633,1.0,1.0,0.4644920645366266,0.5190341566996379,0.25,0.0,1.0,1.0,1.0,1.0,2.7763461912551906,2.979991307206892,0.0,0.0
340,340.0,0.5704426165573518,0.5919780077193955,3.630355521552526e-16,0.1605520573251036,0.0326112382463179,0.08258802851196377,0.10110297781648107,42.37295601844426,0.4157756495065728,45.48217290323383,0.5097469710901875,1.0494280429991125,0.9884540766760315,0.000106573104858325,3.921985626220703e-05,1.0497064862982222,0.9951428440001101,9.661912918088828e-05,3.129243850708008e-05,1500.0,0.12420178989128583,0.06494407421630682,0.4336436122452183,0.48109899744551476,1.0,1.0,0.4644920644917342,0.5183943516402223,0.25,0.0,1.0,1.0,1.0,1.0,3.1150786574605327,2.818432631145955,0.0,0.0
341,341.0,0.571276528520918,0.5955469137310283,2.4559814120442955e-16,0.1605253986181117,0.1973066389327868,0.0988058421644382,0.08875676977913823,42.29489323488764,0.42922390787664566,45.182170008490075,0.4695607552038515,1.0361845413509667,0.9942174779126713,0.000115871429443325,4.494190216064453e-05,1.0493012843865748,0.988061874738384,6.872415542602539e-05,3.1828880310058594e-05,1501.0,0.1241193296796003,0.06526436520480952,0.4429657149373514,0.48707744199636016,1.0,1.0,0.46449206441884716,0.49468226991032194,0.25,0.0,1.0,1.0,1.0,1.0,1.372774540411085,1.5129508699161454,0.0,0.0
342,342.0,0.5565981817525036,0.5913121996536812,6.197880561147291e-17,0.1579905972359301,0.0813494652393274,0.07784223702037704,0.15151875966694203,42.423194703068155,0.4102290886461292,45.66540169936069,0.45994776080273636,1.0231277220968158,0.9742627246777772,0.0001390576362609,4.26173210144043e-05,1.028751177349794,0.9869455848111968,0.000124394893646175,3.504753112792969e-05,1600.0,0.11847955136522027,0.0615799074247422,0.4418073038546625,0.48968565885586507,1.0,1.0,0.45885067938628876,0.4949599722840096,0.0,0.0,1.0,1.0,1.0,1.0,2.1876153303725108,1.830752232118309,0.0,0.0
343,343.0,0.5562918141242794,0.5918236634387699,1.6738029255128645e-16,0.1579659976871525,0.14445016457466403,0.07327751041157166,0.03391824703430753,42.462954379860555,0.42036208212608567,45.668087041021536,0.4596855729028495,1.0277312772908886,0.9680031408655917,0.000106394290923975,4.273653030395508e-05,1.0231233730343356,0.9740053901572601,8.32676887512207e-05,3.272294998168945e-05,1601.0,0.11840563166065175,0.061800595744747326,0.44010705807919837,0.4632151818975005,1.0,1.0,0.4588571637748645,0.4949364878904779,0.0,0.0,1.0,1.0,1.0,1.0,2.8794011081522655,2.7788410189760535,0.0,0.0
344,344.0,0.5507096383126546,0.5903599632118678,1.1772922161421016e-16,0.1556212517133317,0.030219440290238653,0.08725788275478405,0.09471458726329725,42.4293575933075,0.42457995228977985,45.732342362796274,0.4490063453277713,1.0032141412501785,0.9826037852813866,0.0001276135444641,5.036592483520508e-05,1.0164853335795787,0.9610222980662888,0.00010561943054192501,3.3974647521972656e-05,1700.0,0.11677149043250552,0.058467565772226004,0.46524509386984836,0.4921242267287649,1.0,1.0,0.49255047210455793,0.5059631621481694,1.0,0.0,1.0,1.0,1.0,1.0,2.317070822494422,2.4823753588505744,0.0,0.0
345,345.0,0.5506533342963968,0.5827094806497634,6.745288188886135e-17,0.1555984417088036,0.09113971429178486,0.15848876250674943,0.09579008969012642,42.4147963764817,0.4191263867725773,45.76749878915031,0.44883147547315816,1.0026673636487229,0.9769392216624909,0.000119507312774625,5.40614128112793e-05,1.0028524344869634,0.9823261708153078,0.0001003742218017371,3.3915042877197266e-05,1701.0,0.11670276102977709,0.05880884844700555,0.45506036848827713,0.480920775046368,1.0,1.0,0.4876099584191994,0.5080954973969938,1.0,0.0,1.0,1.0,1.0,1.0,1.528715141040344,1.4641208627152538,0.0,0.0
346,346.0,0.5464660802424782,0.5700354007230912,2.1362615211572996e-16,0.1545228119729783,0.08641953865298999,0.06506522727431727,0.1144797066226601,42.46391536062286,0.41605143142846235,45.52401532906453,0.47590184402310376,1.0171324029134563,0.9557083581357331,0.0001752972602844,6.16908073425293e-05,1.0003733009616371,0.9713176068707563,7.557868957519531e-05,3.713369369506836e-05,1749.0,0.11728844169994627,0.05749827772908263,0.43162627605814174,0.4669464725015921,1.0,1.0,0.49824322066561777,0.5017743174452653,0.25,0.0,1.0,1.0,1.0,1.0,2.107891141984746,2.299303132581228,0.0,0.0
347,347.0,0.5453896394481528,0.5694553219425497,4.78344809156873e-16,0.1545007954714616,0.14770099235465745,0.0430126602295786,0.05338238703552627,42.46059816376167,0.4236367031038038,45.682339117359405,0.492348383274703,1.0257427954236462,0.981709393320128,0.000138342380523675,5.6862831115722656e-05,1.017172984971369,0.9557548429701039,6.783008575439453e-05,3.510713577270508e-05,1750.0,0.11797599276077238,0.057719187809545075,0.4469400773635468,0.47757048104965394,1.0,1.0,0.4983037601984155,0.524982154278191,1.0,0.0,1.0,1.0,1.0,1.0,1.764420374424068,1.9108236261934612,0.0,0.0
348,348.0,0.5437300083273473,0.5787633572766471,1.242619426869237e-16,0.1534195478349891,0.12199022155255078,0.09901213692501183,0.16418518102727825,42.465277961116925,0.42001014127386443,45.36070998542486,0.47158648603821285,1.01103549652356,0.9639740991947401,0.000144600868225075,5.6624412536621094e-05,1.0220477404185269,0.9786041816612892,0.000113546848297075,5.2988529205322266e-05,1800.0,0.11774251640759817,0.056359112483700645,0.43541395771313807,0.46469359303093727,1.0,1.0,0.4768157569309949,0.4806067076237695,0.25,0.0,1.0,1.0,1.0,1.0,1.8335526072180253,1.9487522172443517,0.0,0.0
349,349.0,0.5436188628370532,0.57446708364779,4.899489206125414e-17,0.1533983059448525,0.0541572440997697,0.06516533251851792,0.08184704900486392,42.491933312881315,0.41994362522022705,45.35604441757022,0.47099034029693126,1.0100983666587806,0.9642474206711773,0.00014871358871455,4.5299530029296875e-05,1.0106951426307225,0.9636463701594222,9.185075759887695e-05,3.409385681152344e-05,1801.0,0.11767726722040567,0.056579499757224476,0.45340208056782827,0.4767287624739904,1.0,1.0,0.4759818531743645,0.47914433675054763,0.25,0.0,1.0,1.0,1.0,1.0,2.876903855491738,3.244319362586528,0.0,0.0
350,350.0,0.543028746314785,0.5753197610057155,1.0807919155734134e-16,0.151365275258613,0.06645560270408163,0.1739180572913028,0.10708086710656055,42.481307261944174,0.4168052264183519,45.72744019037398,0.49809358997258,1.036923620999528,0.9660690234095197,0.000137448310852025,7.30752944946289e-05,1.006919044696697,0.9603162548578252,9.047985076904297e-05,4.1484832763671875e-05,1900.0,0.11603548307916912,0.05380027553692935,0.44038065405477733,0.47255382064386287,1.0,1.0,0.5054108368620804,0.5595959111585544,0.0,0.0,1.0,1.0,1.0,1.0,1.0052205581265148,0.9498461710105954,0.0,0.0
351,351.0,0.5302928816519488,0.572988098348089,2.0532718582390748e-18,0.1513454175638258,0.03502287657465785,0.06363186723319808,0.10218233440537,42.440248449981254,0.42282607190852384,45.70610041470594,0.4980575644341664,1.0306419795041815,0.9648674213496496,0.00016319751739500002,6.681680679321289e-05,1.0370779240544228,0.9663229121676271,0.0001027584075927496,3.695487976074219e-05,1901.0,0.1159744587499309,0.05401998327223152,0.4389077831184288,0.4703472036389349,1.0,1.0,0.5067268489880081,0.5587651909739886,0.0,0.0,1.0,1.0,1.0,1.0,2.034012827172718,2.252367626153852,0.0,0.0
352,352.0,0.5268559568395896,0.5607278749841581,6.444445775425215e-17,0.1494602040023983,0.10097087942995127,0.11896782333496952,0.057105914806015776,42.533689714478385,0.4303825576027046,45.66322795726713,0.4634283935083145,0.9877646681213929,0.963470826698619,0.000191509723663275,4.1544437408447266e-05,1.0275364932497504,0.9577482319394766,0.00011616945266720001,3.5762786865234375e-05,1999.0,0.11325782328914098,0.05162286255213833,0.4456494957121193,0.46021895231223614,1.0,1.0,0.4768069798088588,0.4838887805490506,0.25,0.0,1.0,1.0,1.0,1.0,2.3642870401812557,2.049300455555265,0.0,0.0
353,353.0,0.5323563520896264,0.5565592139362859,2.329807170129848e-16,0.1494415645801985,0.08665707876207304,0.05625144403893498,0.05635782447643575,42.56282902326781,0.427175114477438,45.66112721789247,0.46301536147890676,0.9880199201090885,0.95664428891152,0.000144064426422075,4.512071609497071e-05,0.9878908898169247,0.9633097010440257,0.00010657310485832501,3.9577484130859375e-05,2000.0,0.1146262207063726,0.05182548559719885,0.44358960946448084,0.4718792112505886,1.0,1.0,0.47732286577010524,0.4871131134962599,0.25,0.0,1.0,1.0,1.0,1.0,1.9881190227834091,2.078539790458069,0.0,0.0
354,354.0,0.4910804325940661,0.4910804325940666,0.0,0.4681182134834953,0.12851794925518328,0.12460460112197318,0.02405943424673745,5.165584852089615e-32,0.0,5.165584852089615e-32,0.0,0.4910804325940661,0.4910804325940666,5.477666854858399e-05,1.609325408935547e-05,1.0,1.0,1.9550323486328125e-05,1.2755393981933594e-05,0.0,2.4777073866335644,2.6310763151515815e-08,0.8861583018115425,0.9414113180833037,0.0,0.0,0.886158301811528,0.9414113180833058,0.0,0.0,0.0,0.0,0.0,0.0,4.350294384723258,4.30738539083537,0.0,0.0
355,355.0,0.5110153839611149,0.511015383961115,0.0,0.4472601729723907,0.1614631335251033,0.1017513242550194,0.0312847599270753,7.332765207964496e-32,0.0,4.3046540434080123e-32,0.0,0.5110153839611149,0.511015383961115,4.190206527709961e-05,1.5079975128173828e-05,0.5818507345020704,0.5818507345020668,2.2590160369873047e-05,1.2636184692382812e-05,1.0,3.173218284079234,2.062793037390336,0.9296374262346246,0.9457588612311156,0.0,0.0,0.9296374262346278,0.9457588612311194,0.0,0.0,0.0,0.0,0.0,0.0,4.237005086096188,4.198737638799104,0.0,0.0
356,356.0,0.6418910377665381,0.6418910377665397,1.208909515702948e-15,0.404145188432738,0.28454038803465664,0.1922308712382801,0.09532674518413838,8.038482805637384e-32,0.0,2.869769362272008e-32,0.0,0.6418910377665381,0.6418910377665397,5.137920379638672e-05,1.5676021575927734e-05,0.7968088396524488,0.7968088396524524,2.1696090698242188e-05,1.4960765838623049e-05,4.0,2.8071276908606166,2.371098066740507,0.8659749123471374,0.9070471475167083,0.0,0.0,0.8659749123471429,0.9070471475168127,0.0,0.0,0.0,0.0,0.0,0.0,1.7687327427454467,1.916177179595198,0.0,0.0
357,357.0,0.6592222647079785,0.6592222647079786,9.547918011776346e-16,0.3936389276332443,0.7035551184089854,0.4562932527041994,0.22644206642871723,6.495995605066376e-32,0.0,2.582792426044807e-32,0.0,0.6592222647079785,0.6592222647079786,5.072355270385742e-05,1.6689300537109375e-05,0.6661652572204283,0.6661652572204249,2.0384788513183594e-05,1.2934207916259767e-05,5.0,2.6910959101103566,2.366788275839701,0.894483110160182,0.8928759080301456,0.0,0.0,0.894483110160182,0.8928759080301456,0.0,0.0,0.0,0.0,0.0,0.0,1.5365869816138527,1.4245414634138964,0.0,0.0
358,358.0,0.6623972188915489,0.6623972188915469,9.575673587391975e-16,0.3618812077700193,0.3705247959587723,0.28106695791939273,0.29797867970773945,8.196704276454328e-32,0.0,1.8448517328891482e-32,0.0,0.6623972188915489,0.6623972188915469,4.595518112182617e-05,1.5020370483398438e-05,0.7270669530522657,0.7270669530522503,2.008676528930664e-05,1.2695789337158203e-05,9.0,2.2469206331345393,2.0649166744686207,0.8538830374153027,0.8260222058852128,0.0,0.0,0.8538830374153061,0.8260222058852134,0.0,0.0,0.0,0.0,0.0,0.0,2.3174104316241033,2.338970474364352,0.0,0.0
359,359.0,0.707266643384523,0.7072666433845229,1.4062824978585316e-16,0.3556929237082303,0.15882861660793424,0.3341393298469484,0.2035333894891664,8.092805429752099e-32,0.0,1.721861617363205e-32,0.0,0.707266643384523,0.707266643384523,4.738569259643555e-05,1.4841556549072267e-05,0.7290255328456924,0.7290255328456923,2.03251838684082e-05,1.2218952178955078e-05,10.0,2.076258275883669,1.9996712666737273,0.8519432014451299,0.8344220793636191,0.0,0.0,0.851943201469833,0.8344220793636264,0.0,0.0,0.0,0.0,0.0,0.0,2.018211988979264,2.1552975852036624,0.0,0.0
360,360.0,0.6831916264930581,0.6890135412964746,1.9574984907864601e-16,0.3352815378105022,0.30888778023654595,0.3257044174824841,0.2185918152681552,6.583341888164133,0.04271048545719075,7.181780438667847,0.057353857834877744,0.7403203052192536,0.7205373823687786,4.8220157623291016e-05,1.52587890625e-05,0.7461825557761019,0.7461825557761064,2.2649765014648438e-05,1.2993812561035158e-05,14.0,1.7620426532141749,1.6598371738846347,0.8391708972063602,0.895374994502943,0.0,0.0,0.8545431926829039,0.8647085335999216,0.0,0.0,0.0,0.0,0.0,0.0,1.7392368477809488,1.8405909911241685,0.0,0.0
361,361.0,0.6787811297943268,0.7121869342809133,3.33066907387547e-16,0.3310095631511115,0.12993744335835797,0.10754239902598778,0.44001444859895855,7.507634860562145,0.06142383950355803,8.555896624530519,0.0794584739903853,0.7922416913130466,0.7539401282753788,4.5418739318847656e-05,1.52587890625e-05,0.7657615256952556,0.7451390355990501,2.008676528930664e-05,1.2695789337158203e-05,15.0,1.6833672511941231,1.7245005747417097,0.8379255062164799,0.8526551305998312,0.0,0.0,0.8290519240684295,0.8372852907458347,0.0,0.0,0.0,0.0,0.0,0.0,2.278734489134561,2.268357841534126,0.0,0.0
362,362.0,0.7006481925738481,0.6987259256924837,1.4571677198205177e-16,0.3162607012634457,0.14064274338306854,0.13472179282689462,0.33371434215223417,12.407158036991419,0.09583117739744113,13.477834151115443,0.10290996669932592,0.770839473230571,0.81055721444218,4.881620407104492e-05,1.4841556549072267e-05,0.8392842443092254,0.8280087592260184,2.03251838684082e-05,1.2576580047607422e-05,19.0,1.5778814315444074,1.5777071276447714,0.7874667225668438,0.8499503939028017,0.0,0.0,0.8206286071156241,0.888379739603556,0.0,0.0,0.0,0.0,0.0,0.0,2.184092087937788,2.1902698081931966,0.0,0.0
363,363.0,0.72945873717809,0.6982049425945518,1.396660564978447e-15,0.3130495168499705,0.10130107548320666,0.20254385715816164,0.4808561028912663,14.00964123038564,0.1088535131640304,14.506527639294557,0.10843488159237395,0.80374155774666,0.8157386619682647,4.941225051879883e-05,1.537799835205078e-05,0.7953491734707152,0.8258220333091791,2.086162567138672e-05,1.3232231140136719e-05,20.0,1.5108692004743718,1.634574667465993,0.8011301005406918,0.8332855000302767,0.0,0.0,0.7957210342881781,0.8289499880685941,0.0,0.0,0.0,0.0,0.0,0.0,3.9028688829281086,4.030321787758193,0.0,0.0
364,364.0,0.7341055423769377,0.7542677675224969,2.8490282028983794e-16,0.2898867135965864,0.12891901773400602,0.2711053730454296,0.19685997627675528,21.520126245368644,0.1727762806091632,21.647062364485414,0.16579228224474693,0.8959837488677781,0.8892581847674469,4.684925079345703e-05,1.5020370483398438e-05,0.8692104649559873,0.8986582011491016,2.002716064453125e-05,1.3113021850585938e-05,29.0,1.2958671861677349,1.316974376241243,0.7629660768913447,0.7647868201146011,0.0,0.0,0.7908890377831526,0.803454461238961,0.0,0.0,1.0,0.25,1.0,1.0,2.3414362633318486,2.3905957820631167,0.0,0.0
365,365.0,0.7305753494235435,0.7134906567964447,2.8310687127941495e-16,0.2877935318303637,0.17353941360488528,0.21579619846306736,0.09910819755168626,21.440919065928778,0.16627826373160934,22.266833337170894,0.17766611369738927,0.8720249391946432,0.8538773985243553,4.8279762268066406e-05,1.5079975128173828e-05,0.9231747173613881,0.8762239778966789,1.990795135498047e-05,1.2695789337158203e-05,30.0,1.4202477985394784,1.4269907915970257,0.7335003814870454,0.7491232912251224,0.0,0.0,0.8163155749585669,0.791151994949993,0.0,0.0,1.0,1.0,1.0,1.0,2.3425255249700134,2.543219859608573,0.0,0.0
366,366.0,0.7292836012371593,0.7657673452537843,2.6194324487249787e-16,0.2474873734152916,0.07256745808990667,0.03559620340820395,0.07113825879059729,30.989852045985874,0.26039932103056335,33.3501391869208,0.37306472347252345,1.0139264286187937,0.9780206572067311,5.316734313964844e-05,1.537799835205078e-05,0.961919467607577,0.9266473351000722,2.0205974578857422e-05,1.3113021850585938e-05,59.0,0.8989470317464829,0.8196066337785735,0.6767669555238782,0.7398147270817935,0.25,0.25,0.6834670027616478,0.755820900141645,0.0,0.0,1.0,1.0,1.0,1.0,3.1076839713680764,3.436316750872082,0.0,0.0
367,367.0,0.7022417701611148,0.7505324354627697,2.459571008400347e-16,0.2465299575076265,0.2920542940264568,0.14191433280939234,0.4668560854624957,31.327070028330372,0.31541174721778276,33.4378193681144,0.36568932501604484,1.0182992016750005,1.010753849588455,5.0902366638183594e-05,1.5556812286376953e-05,1.0074207426635706,0.9734744563632558,2.5510787963867188e-05,1.3113021850585938e-05,60.0,0.8844973880836049,0.8733305743238118,0.6888240491197333,0.7041186812604127,0.25,0.0,0.7285720435637686,0.759452842223091,0.0,0.0,1.0,1.0,1.0,1.0,2.61039841755988,2.650508969192373,0.0,0.0
368,368.0,0.6299536715748528,0.7070302072285891,8.61744538161431e-16,0.2186757955844179,0.06120599963469425,0.14597719116136432,0.19578853540588168,36.000937186112125,0.3609611105717328,37.84363151277097,0.4545216355674151,1.0634930960338704,0.97272211222725,5.1915645599365234e-05,1.6987323760986328e-05,1.0360733038839591,0.9928733680145769,2.664327621459961e-05,1.4185905456542969e-05,100.0,0.6079714334916411,0.5725064170363302,0.6413047816174892,0.6569941888886437,1.0,0.0,0.6463139685494472,0.7044352745314668,0.0,0.0,1.0,1.0,1.0,1.0,2.119900539898912,2.278149735758432,0.0,0.0
369,369.0,0.6295929025853696,0.6927532181060356,2.95361219758768e-16,0.2181582161081858,0.09918651427142319,0.17348502599634222,0.2185681002447381,35.40384039146545,0.32943479800549996,37.851330721027125,0.470576594964164,1.0776244100618602,0.9586975914756974,5.525350570678711e-05,1.6510486602783203e-05,1.0600569253520853,0.9754405036936676,2.2590160369873047e-05,1.3589859008789062e-05,101.0,0.6093110696794368,0.6007776819453483,0.6178731752838381,0.6380187719610473,1.0,0.0,0.6490212622672074,0.7037931712126243,0.0,0.0,1.0,1.0,1.0,1.0,2.489510481543805,2.3053854410439834,0.0,0.0
370,370.0,0.5651058162950493,0.6517785148394475,1.399964155441966e-16,0.184994822880829,0.16683497716439882,0.09655917057534673,0.17455865367082876,39.366596657902626,0.3856390939127299,42.742855494411195,0.4892496786702784,1.0731449727914013,0.9617638447421422,7.426738739013672e-05,1.8715858459472656e-05,1.10470974292585,0.9914037938779509,3.0219554901123047e-05,1.609325408935547e-05,200.0,0.3693746087872861,0.32336046197417256,0.5310681615567336,0.5227614424585723,0.25,0.25,0.596994006961818,0.6697419917655256,0.0,0.0,1.0,1.0,1.0,1.0,1.3086492281155282,1.5198716274882653,0.0,0.0
371,371.0,0.5751790291751828,0.6548187200661826,1.8768697491539356e-16,0.1847699047471997,0.042219656752422396,0.05470412527211005,0.3061031818506308,39.378037617266,0.39017666510318083,42.59026989634484,0.47734116517575914,1.0560973892286665,0.9547205331632014,6.753206253051758e-05,1.817941665649414e-05,1.0739614066348857,0.9611186231791761,3.337860107421875e-05,1.519918441772461e-05,201.0,0.38713634276685477,0.3321667456978079,0.5093782682391503,0.5629586477946212,1.0,0.25,0.577765957216244,0.6001094430818218,0.0,0.0,1.0,1.0,1.0,1.0,1.995172156406639,2.0227336780070595,0.0,0.0
372,372.0,0.5395241372968377,0.6218569111068653,1.204864987380088e-16,0.1675031891677873,0.050583815725985845,0.061424054147209944,0.0743888031574897,40.25757360763497,0.4071011412917385,43.398399436643835,0.49998235618947295,1.0821892762939,0.9842279186562917,6.562471389770508e-05,1.883506774902344e-05,1.0479961108931828,0.942203355105643,2.9325485229492188e-05,1.6033649444580078e-05,300.0,0.2877152165927457,0.23030412469516368,0.5275685336046059,0.5211686719757238,1.0,1.0,0.5679518303043103,0.567471554127671,0.0,0.0,1.0,1.0,1.0,1.0,1.5807720115716721,1.48915248979582,0.0,0.0
373,373.0,0.5576637759278529,0.5932627918895501,2.2993589603143563e-16,0.1673661721294851,0.19013799738604567,0.18323620175942779,0.14834568725200362,40.39270369990229,0.4015013631008984,43.57561615383797,0.509781535950562,1.0999921916161894,0.9470533236310055,6.687641143798828e-05,1.8417835235595703e-05,1.0801007946770929,0.9867611728213296,2.5093555450439453e-05,1.6033649444580078e-05,301.0,0.29046096925345094,0.2379886716108893,0.5085261021373475,0.5082496205185782,1.0,0.25,0.581436627259457,0.6053395977743696,0.0,0.0,1.0,1.0,1.0,1.0,1.6709389076799313,1.600350270924987,0.0,0.0
374,374.0,0.5234225434095752,0.5922431123020704,3.201828377190575e-16,0.1560394044944984,0.050296128203626646,0.17012144502950827,0.05164666485507037,40.89987176712084,0.39976451382817674,44.358221449322855,0.4876852813877092,1.012447936626001,0.9539610932820473,6.967782974243164e-05,1.9669532775878903e-05,1.052071358312036,0.9339556820635725,3.927946090698243e-05,1.7344951629638672e-05,400.0,0.23394678723301784,0.18503098948596147,0.49722584392106095,0.5210884907995174,1.0,1.0,0.5607463539853412,0.6088076452732679,0.0,0.0,1.0,1.0,1.0,1.0,2.2554332220566193,2.7386491096450207,0.0,0.0
375,375.0,0.5293975550780277,0.5962030291692142,1.125262991707517e-16,0.1559432322426586,0.056087809323798796,0.09753054415341464,0.19233085890300566,40.978926077926886,0.39681007739279694,44.198543597220336,0.5046826412430565,1.0188809654580253,0.9349237909758881,7.903575897216797e-05,1.9788742065429688e-05,1.011576182983908,0.9528717868384619,3.612041473388672e-05,1.811981201171875e-05,401.0,0.2333673670143417,0.18912318770535405,0.49685821334769464,0.5101618096808197,1.0,1.0,0.5378404031323331,0.5748758253969259,0.0,0.0,1.0,1.0,1.0,1.0,1.5525366478944054,1.5026461080072635,0.0,0.0
376,376.0,0.5041071249789297,0.5641902639352843,1.1607876376278865e-16,0.147664192731377,0.05195541755529115,0.04936214216286315,0.0399342422606423,41.146679352226585,0.40726096942142637,44.776667925532166,0.5228433278310995,1.0218418095632273,0.9205844579504678,6.508827209472656e-05,2.1398067474365234e-05,1.0096773585406686,0.9216859019481614,4.529953002929688e-05,1.9609928131103512e-05,500.0,0.2007473400407486,0.15525120551266208,0.4495258574764173,0.5071904231927195,1.0,1.0,0.5275593285218931,0.5523910444291121,0.0,0.0,1.0,1.0,1.0,1.0,2.0981993158678853,2.15048592803538,0.0,0.0
377,377.0,0.496428774389275,0.5634095486932645,1.5655022293874487e-16,0.1475911819833589,0.0807376071461476,0.07790852786274624,0.046788554987870073,41.408910380471525,0.41636541041389974,44.784668177475986,0.5223245008703492,1.0147055967126573,0.9609886943683883,8.314847946166992e-05,2.193450927734375e-05,1.020579850271737,0.920475682567581,4.839897155761719e-05,1.919269561767578e-05,501.0,0.20589149192941267,0.158040045477474,0.481786282176774,0.5060659285645182,0.25,1.0,0.5306395231497618,0.5357631516337558,0.0,0.0,1.0,1.0,1.0,1.0,2.5271237898675243,2.366041763447509,0.0,0.0
378,378.0,0.48013824939203364,0.5406164912270452,1.230879493830287e-16,0.1411429519687493,0.02643074863590295,0.07361635443521662,0.05699037684826172,41.44485257167329,0.4007422155118748,45.00737727202282,0.46035761286476407,0.9483423388290775,0.9057570449080394,8.207559585571289e-05,2.2292137145996094e-05,1.0027388481521742,0.9274338340543172,3.886222839355469e-05,1.9550323486328125e-05,600.0,0.18573326007240373,0.13568533065913105,0.4576302410630842,0.48492669231633206,1.0,1.0,0.4549766458149694,0.501016975702933,0.0,0.0,1.0,1.0,1.0,1.0,1.7013634208466586,2.0176475916779903,0.0,0.0
379,379.0,0.48222777844003684,0.5496940585506926,8.725143819764536e-17,0.1410846886118706,0.1306286195176653,0.1605267989216372,0.0776047823601402,41.44368110766981,0.3899056458344341,44.936662036703666,0.45915442310735133,0.9410282231731577,0.9051005159935112,8.958578109741211e-05,2.3484230041503906e-05,0.9479048618073246,0.9049742770886893,4.8995018005371094e-05,1.9609928131103516e-05,601.0,0.1957457976213002,0.13685476143795983,0.4590241492619397,0.4839438589870183,1.0,1.0,0.47875697385940147,0.5156006396112649,0.0,0.0,1.0,1.0,1.0,1.0,3.114895029730374,3.0327584759635764,0.0,0.0
380,380.0,0.4620153363680159,0.5186403076370714,1.0102242131872876e-16,0.1358472216877856,0.09286946477368473,0.02491330722114065,0.03253441199194637,41.626203601683955,0.4246838943069582,44.88406045075578,0.4690005719226699,0.9487061279488828,0.9243014199838695,8.732080459594727e-05,2.3663043975830078e-05,0.929419202094102,0.8858053961079629,5.543231964111328e-05,2.0802021026611325e-05,700.0,0.17700086688227443,0.11917201162735053,0.4725561704414535,0.47755455709028205,1.0,0.25,0.49661163767540706,0.5230112170464472,0.0,0.0,1.0,1.0,1.0,1.0,1.7050456405935264,1.7040941846552955,0.0,0.0
381,381.0,0.4617978160200089,0.5301268467153444,3.107759564327855e-16,0.1357990915751171,0.05764825339429078,0.13847803586395457,0.13405336730647824,41.48504708087147,0.4229781789795233,44.87649857837205,0.4625183141929271,0.9524237085174787,0.9285895756982577,8.660554885864258e-05,2.491474151611328e-05,0.9497198927703125,0.9240269730062471,5.0961971282958984e-05,2.0682811737060543e-05,701.0,0.17674836275649214,0.12071266854091292,0.4827420589669231,0.47887375685866723,0.25,0.25,0.49742518108711775,0.5253207903100461,0.0,0.0,1.0,1.0,1.0,1.0,1.7930727608449823,1.92550942524145,0.0,0.0
382,382.0,0.449566876829782,0.5068054811678637,1.781873475547456e-16,0.131416249881173,0.07546194957103575,0.1457487839506939,0.07335446582874278,41.83418695952362,0.4268897039045137,45.25211077360851,0.5030549913427389,0.9374400356467155,0.9073915048700196,9.983777999876133e-05,2.396106719970703e-05,0.9472086941290867,0.9262318392979699,4.45246696472168e-05,2.1517276763916016e-05,800.0,0.16099078757938312,0.10730886022293022,0.4409916418504969,0.4676540999426115,1.0,1.0,0.493056415249968,0.5214295878092667,0.0,0.0,1.0,1.0,1.0,1.0,1.6863448577236988,1.533209591429052,0.0,0.0
383,383.0,0.45083567450844314,0.5032506054903775,1.5806214897734084e-16,0.1313754690384415,0.03781557729234915,0.0593386282562278,0.08637365774484346,41.795190930191325,0.4023341779820925,45.269614678808125,0.5016110981609844,0.9386047289875566,0.8924349821337498,9.411573410032735e-05,2.956390380859375e-05,0.9366768743228048,0.9066669487062918,5.781650543212891e-05,2.2709369659423828e-05,801.0,0.16079017359909076,0.1081532293734826,0.42949239010098256,0.46897347108800425,1.0,0.0,0.4938637558567557,0.5161709023819817,0.0,0.0,1.0,1.0,1.0,1.0,2.0098457536658265,1.8853011201810157,0.0,0.0
384,384.0,0.44019340636593385,0.4923485884872816,1.9953345298926157e-16,0.127625041176119,0.07987779966788365,0.05371840059524398,0.07916107244091103,41.99790976272262,0.4261365153233882,45.37337816827515,0.489850860332631,0.9297325443848115,0.9016763000556937,0.000105023384094175,2.4914741516113278e-05,0.9332949615622712,0.8873188189383986,4.506111145019531e-05,2.2292137145996094e-05,900.0,0.14978281448584366,0.09733105905941965,0.4458408928116463,0.4733489745115888,1.0,0.25,0.5017914197999218,0.5776573488248153,0.0,0.0,1.0,1.0,1.0,1.0,2.2415045067802803,2.7178980819933316,0.0,0.0
385,385.0,0.42981475875065805,0.4917108465401961,1.3032253716212513e-16,0.1275898099674689,0.21034148253966123,0.055051939561963054,0.058587594714481356,41.89138593524848,0.425140626538308,45.82712806588483,0.49042552853534765,0.9344292741760241,0.8991701123590479,9.793043136595078e-05,2.646446228027344e-05,0.9290510831199216,0.9010420860594697,4.857778549194336e-05,2.2411346435546875e-05,901.0,0.1496168385621177,0.09799052502821182,0.4551688277876783,0.48535306108175447,0.0,0.0,0.49428923191564406,0.5312842758008285,0.0,0.0,1.0,1.0,1.0,1.0,1.4215791531182638,1.41439884258457,0.0,0.0
386,386.0,0.4260386885116349,0.4673127134472341,1.4035207490410562e-16,0.1243244436865676,0.05703096283832558,0.07573230331763617,0.03324254526523868,42.17584028776109,0.4275311887494433,45.603162503820755,0.4956558066606347,0.9232331917017391,0.8896962196963757,9.82284545898246e-05,2.7418136596679688e-05,0.9243376363989395,0.8893831202843744,5.733966827392578e-05,2.4020671844482422e-05,1000.0,0.14406774563780414,0.08909439029252578,0.4591282982079238,0.4971123787781839,0.25,0.0,0.5066667066317254,0.5321777039735357,0.0,0.0,1.0,1.0,1.0,1.0,2.0103931655106617,2.3570151126958114,0.0,0.0
387,387.0,0.4274287766285787,0.4768872264404057,2.644780793751678e-16,0.124293536426582,0.038999599288217675,0.026218309358227977,0.04291856102645392,42.168156251179994,0.42672396678963576,45.61964600807643,0.4995000749308118,0.951112791919127,0.8700618713489426,9.429454803466562e-05,3.0219554901123047e-05,0.9226906956205436,0.8893778134149962,5.0008296966552734e-05,2.3663043975830078e-05,1001.0,0.14460572224692317,0.0898665748445312,0.43762605614014166,0.4772439932581591,0.0,0.0,0.5056009971850814,0.541039927416204,0.0,0.0,1.0,1.0,1.0,1.0,2.081451144630456,2.0903922718148307,0.0,0.0
388,388.0,0.420456240914606,0.47177677756731484,2.4206378480345323e-16,0.1214108418598049,0.05856824532384047,0.14956276130396867,0.17548998940037558,42.19109377952605,0.4255623384226183,45.78786129357258,0.4886056516042346,0.9201672224855456,0.8769208270517623,0.0001086592674255125,3.629922866821289e-05,0.9424746684118552,0.8703298922219378,5.340576171875e-05,2.574920654296875e-05,1100.0,0.14044963778640274,0.0826508082318101,0.45519126277519106,0.47085028668115364,0.0,0.0,0.4862362918431296,0.5272917076982429,0.0,0.0,1.0,1.0,1.0,1.0,1.2814813424638947,1.4802089425099367,0.0,0.0
389,389.0,0.4197379228630554,0.4730134275660893,1.238711765268936e-16,0.1213833888695008,0.16529797395924103,0.1306204633438028,0.07675924530485642,42.20718921559353,0.4329245709042839,45.42381619062557,0.5039291357213045,0.9428289087071311,0.877691513724761,9.864568710327109e-05,2.8252601623535153e-05,0.9199442008359087,0.8767037859577079,4.9054622650146484e-05,2.5153160095214844e-05,1101.0,0.1405329720316909,0.0832866137787003,0.4510031449395982,0.4768368866158613,0.0,0.0,0.49729236837353685,0.5580651326088482,0.0,0.0,1.0,1.0,1.0,1.0,2.506931327474769,3.0913081416277137,0.0,0.0
390,390.0,0.4160077439763178,0.4644040872063852,4.227139615751219e-16,0.118809530118312,0.06352481560315934,0.11323659733170639,0.08944358106236905,42.21253415966713,0.41909967851473306,45.855256953414845,0.49319043151523884,0.932735883298091,0.8643805211995348,0.00011241436004634999,3.361701965332031e-05,0.9318803820744489,0.8749129529332109,7.176399230957031e-05,2.6047229766845703e-05,1200.0,0.13527765088919483,0.07679957096849319,0.4293503381951834,0.4644923662128539,0.0,0.0,0.5054984817417147,0.5376769828019758,0.0,0.0,1.0,1.0,1.0,1.0,2.727251399557002,2.5239683053328257,0.0,0.0
391,391.0,0.4150408272620281,0.45994308424895347,1.2082651076455373e-17,0.1187848936151487,0.03512738092103972,0.09532928664702915,0.0346544991480186,42.25198814819345,0.43206461936371626,45.52118796739542,0.4933629099017717,0.9299237756306454,0.8741848402073046,0.00012022256851190001,2.9146671295166016e-05,0.9328454606113169,0.8644743366270504,7.957220077514648e-05,2.5570392608642578e-05,1201.0,0.13647528861422673,0.07712885324188212,0.42473972837463614,0.4569045426545931,0.0,0.0,0.5062652036719978,0.5238070553243905,0.0,0.0,1.0,1.0,1.0,1.0,2.9582808769247944,2.6816971913950427,0.0,0.0
392,392.0,0.41558376695643345,0.46362381620220855,1.4037149964459216e-16,0.1176315056469149,0.05054575263056897,0.06547752127517015,0.09349329979158935,42.244572115688065,0.4269898341011597,45.47215810211865,0.4914403266249676,0.9337656894354738,0.8612775329611803,0.00016665458679194998,3.993511199951172e-05,0.9216196260923414,0.8692973014926606,9.346008300779766e-05,2.849102020263672e-05,1249.0,0.1362487259443811,0.07465626280909385,0.4520852256825526,0.46770416403578596,0.0,0.0,0.5049633818989421,0.5671542241424179,0.0,0.0,1.0,1.0,1.0,1.0,1.7473324952694107,1.996272009945628,0.0,0.0
393,393.0,0.41804117291163995,0.461224317012194,1.809530834159966e-16,0.1176080660710484,0.1045708617311902,0.060831200040411176,0.029533014807384374,42.31387496419954,0.437815027041356,45.47283772012839,0.5072938981617413,0.9335311069476957,0.8788731556294964,0.00012171268463133867,3.4928321838378906e-05,0.9333387918214382,0.8612187168322252,5.4776668548583984e-05,2.6285648345947266e-05,1250.0,0.13613937522906633,0.07512636401798302,0.43720690947931357,0.4744361770408524,0.0,0.0,0.5343997534639732,0.5919601685312308,0.0,0.0,1.0,1.0,1.0,1.0,1.4401093474191704,1.608739558915337,0.0,0.0
394,394.0,0.41604465597809637,0.4498182181047791,9.724022353613439e-17,0.1164649949245588,0.0920321067096665,0.15380340314004565,0.1632769480347633,42.245987853010185,0.4211043229785395,45.750402071709246,0.4796186518315083,0.9037727546081845,0.8670970828983153,0.0001384615898132,4.4286251068115234e-05,0.9272294420927057,0.8730551687911622,9.268522262573242e-05,3.4809112548828125e-05,1300.0,0.13555987642886835,0.07262781654096429,0.424213739177036,0.46420288001272403,0.25,0.0,0.5014264047506358,0.4944043572120191,0.0,0.0,1.0,1.0,1.0,1.0,2.1471560803212695,2.3164551234094355,0.0,0.0
395,395.0,0.40562455695357424,0.4499340534906526,1.6334560044542406e-16,0.1164426943022012,0.034410506370477295,0.06687322468496858,0.063500041316729,42.21024772167407,0.43454570403472226,45.755755525144,0.4800221882148617,0.9035866541117179,0.8608439496748647,0.0001478195190429,4.5239925384521484e-05,0.9034325251232826,0.8667007139872424,7.671117782592773e-05,3.0219554901123047e-05,1301.0,0.1354554851999804,0.07304630472315296,0.44074100420669554,0.46478729484040493,0.0,0.0,0.5026898591497799,0.4944043571845102,0.0,0.0,1.0,1.0,1.0,1.0,3.0163098720074504,3.5193379743462847,0.0,0.0
396,396.0,0.40363481903114773,0.44387482389757926,1.369011665596501e-16,0.1143349375674343,0.0867538801976479,0.05315257905749597,0.06536514166509724,42.26982495023765,0.438189472084674,45.9055996286136,0.46669612123554294,0.8782978271116217,0.8539591282735839,0.00013506412506097498,3.528594970703125e-05,0.8961658073852041,0.8652539283292653,6.574392318725586e-05,2.8789043426513672e-05,1400.0,0.13063032253437615,0.06840768975354727,0.43924350835239667,0.4795346979350031,0.0,0.0,0.46837431921263933,0.5096329676077371,0.0,0.0,1.0,1.0,1.0,1.0,1.698078312049332,2.0152673866426825,0.0,0.0
397,397.0,0.403787363255385,0.4418142192631554,1.04270946231687e-16,0.1143146023176186,0.06541070662206033,0.11091388989007098,0.07930648856563488,42.322459920458705,0.42724781407047496,45.90392143304723,0.46667839618319956,0.8777052065223956,0.8574169348011947,0.000137448310852,4.5180320739746094e-05,0.8780004652838846,0.8536811698484021,8.994340896606445e-05,3.427267074584961e-05,1401.0,0.13053773489767953,0.0687387568308194,0.4419912359580078,0.46292635531770143,0.0,0.0,0.4687344556218495,0.5109716785652267,0.0,0.0,1.0,1.0,1.0,1.0,1.6394467625643245,1.7582491240898372,0.0,0.0
398,398.0,0.40551028349943313,0.4365769618648411,1.7708943059014299e-16,0.1124051167281552,0.135115701938048,0.088318821392022,0.12300211598630988,42.36605416040914,0.4373032488353684,45.49097035550791,0.46352477444177254,0.8713210170277371,0.8575898350638786,0.000125825405120825,3.9696693420410156e-05,0.870995672641837,0.852786664913608,8.338689804075156e-05,3.1948089599609375e-05,1499.0,0.12418320656419517,0.06458506561595749,0.43709078887559905,0.4576727358317489,0.0,0.0,0.4520556287039227,0.4915891378423445,0.0,0.0,1.0,1.0,1.0,1.0,2.7763461912551906,2.979991307206892,0.0,0.0
399,399.0,0.405483394409767,0.4249766498130731,3.630355521552526e-16,0.1123864401275725,0.03118092805379995,0.03170694550499317,0.03523602639324955,42.37295601844426,0.44655506515353044,45.48217290323383,0.4637174854752816,0.8715564537226856,0.8734089565189707,0.00013351440429685,3.510713577270508e-05,0.8714212131548329,0.8572150437758819,7.665157318114492e-05,2.9027462005615234e-05,1500.0,0.12410021995504641,0.06484250428006742,0.44668559259979634,0.46933907986105095,0.0,0.0,0.4521460570563043,0.4917364612176449,0.0,0.0,1.0,1.0,1.0,1.0,3.1150786574605327,2.818432631145955,0.0,0.0
400,400.0,0.4060897393428826,0.42851681702244737,2.4559814120442955e-16,0.1123677790326781,0.04358827712712805,0.13915073225507513,0.0701610373798757,42.29489323488764,0.4425314842335333,45.182170008490075,0.46054773141062,0.8712083342101067,0.8575921392264194,0.000123381614685025,3.6835670471191406e-05,0.8711689382779215,0.8730928130369264,8.159875869750977e-05,3.1948089599609375e-05,1501.0,0.1240178220418457,0.06516285756705482,0.43937684910878827,0.48562213237968543,0.0,0.0,0.45383663886676034,0.492297092991721,0.0,0.0,1.0,1.0,1.0,1.0,1.372774540411085,1.5129508699161454,0.0,0.0
401,401.0,0.3967714497676801,0.4353275809453566,6.197880561147291e-17,0.110593418065151,0.1306433624704368,0.09804167621769003,0.0456484240130521,42.423194703068155,0.4319718579843047,45.66540169936069,0.4768986035956688,0.8767359138906021,0.8541099409905376,0.000157296657562175,3.707408905029297e-05,0.8644766199676696,0.8500256714401124,9.202957153318281e-05,3.272294998168945e-05,1600.0,0.11838384561111528,0.061484201670637124,0.4244513437069143,0.4795038518523205,0.0,0.0,0.4569804546913366,0.4985130105533353,0.0,0.0,1.0,1.0,1.0,1.0,2.1876153303725108,1.830752232118309,0.0,0.0
402,402.0,0.3963970316286413,0.42913249746053767,1.6738029255128645e-16,0.1105761983810067,0.033147028705570826,0.0277979510137811,0.10861279559321696,42.462954379860555,0.42035396365031835,45.668087041021536,0.4676741473281858,0.8763675923153935,0.8317545588110962,0.00015580654144285,3.7550926208496094e-05,0.8763675923175116,0.85376141562572,6.949901580810547e-05,3.266334533691406e-05,1601.0,0.11830998104130917,0.0617049451254048,0.4370743359888448,0.45330554552242075,0.0,0.0,0.4576920101594387,0.49851301055919234,0.0,0.0,1.0,1.0,1.0,1.0,2.8794011081522655,2.7788410189760535,0.0,0.0
403,403.0,0.39238938790457495,0.4296286542152122,1.1772922161421016e-16,0.1089348761993321,0.05066544812871135,0.05153501266613598,0.07039037271169937,42.4293575933075,0.44820232104485735,45.732342362796274,0.46040146563840645,0.8520517855095671,0.8588265254640051,0.00018852949142452499,6.222724914550781e-05,0.8686558890049374,0.8244798193082861,0.00010365247726439608,3.457069396972656e-05,1700.0,0.11668099324498123,0.0583770685847016,0.45972517447830485,0.4894421769815721,0.0,0.0,0.490763123389372,0.503510607765218,0.0,0.0,1.0,1.0,1.0,1.0,2.317070822494422,2.4823753588505744,0.0,0.0
404,404.0,0.39236773106209194,0.4258486337629331,6.745288188886135e-17,0.1089189091961625,0.020271643239539026,0.03426573448814443,0.04605988890398292,42.4147963764817,0.43793775803724666,45.76749878915031,0.4559513382644846,0.8479796866520166,0.8400018260825276,0.00015640258789055,4.762411117553711e-05,0.8517182225922961,0.8589309669371435,0.0001043677330016879,3.445148468017578e-05,1701.0,0.11661231299277339,0.05871840041000185,0.4519377228392907,0.47373153901031334,0.0,0.0,0.4834971068236342,0.47430250179833944,0.0,0.0,1.0,1.0,1.0,1.0,1.528715141040344,1.4641208627152538,0.0,0.0
405,405.0,0.3911650933808325,0.41744692484583756,2.1362615211572996e-16,0.1081659683810848,0.08924624079372724,0.11279262276366347,0.079298231517896,42.46391536062286,0.4240996461517562,45.52401532906453,0.48884533810026065,0.8927596381678704,0.8177956614782329,0.000196516513824375,5.525350570678711e-05,0.8474490906831877,0.837079597342326,0.0001013875007629246,3.5643577575683594e-05,1749.0,0.11720029012971718,0.05741012615885342,0.43091328548457175,0.46930006691534265,0.0,0.0,0.4862775740139598,0.48378215749921416,0.0,0.0,1.0,1.0,1.0,1.0,2.107891141984746,2.299303132581228,0.0,0.0
406,406.0,0.38989956282853644,0.4121820755851352,4.78344809156873e-16,0.1081505568300231,0.03808405756717545,0.03474105591885737,0.04045528231654313,42.46059816376167,0.4369353635366531,45.682339117359405,0.5204010507481494,0.9058928037478147,0.8398329373209916,0.000152707099914475,4.7326087951660156e-05,0.8931228591758021,0.8176793792995172,0.00011909008026115,3.826618194580078e-05,1750.0,0.1178878877619994,0.057631082810772075,0.4368514206080584,0.45197116748143695,0.0,0.0,0.4862775740147726,0.5417739963598931,0.0,0.0,1.0,1.0,1.0,1.0,1.764420374424068,1.9108236261934612,0.0,0.0
407,407.0,0.3881368676686731,0.42111792521401387,1.242619426869237e-16,0.1073936834844924,0.056073180167004424,0.1066474308609031,0.08937043522018935,42.465277961116925,0.45138400945838486,45.36070998542486,0.46977609478845206,0.8512815986417502,0.85964870631618,0.00018876791000365,6.639957427978516e-05,0.9047116958219215,0.8386159933436286,0.00010907649993890001,4.082918167114258e-05,1800.0,0.11765667730313267,0.05627327337923515,0.44877275462980637,0.45300717288930087,0.0,0.0,0.467740994581186,0.4748471103227394,0.0,0.0,1.0,1.0,1.0,1.0,1.8335526072180253,1.9487522172443517,0.0,0.0
408,408.0,0.38797489453198525,0.42044105359931133,4.899489206125414e-17,0.1073788141613967,0.026776763435918748,0.10540347301866855,0.04658048436976968,42.491933312881315,0.4299587989428038,45.35604441757022,0.46924839350507674,0.8505687647515408,0.8336624861197038,0.00017762184143065,4.035234451293945e-05,0.8509639576378997,0.859332422917252,0.000122904777526775,3.6656856536865234e-05,1801.0,0.11759147221501749,0.05649370475183627,0.43381834243093825,0.45920073308012044,0.0,0.0,0.46766567874165593,0.4746530415316587,0.0,0.0,1.0,1.0,1.0,1.0,2.876903855491738,3.244319362586528,0.0,0.0
409,409.0,0.38472365303751077,0.4206773035979965,1.0807919155734134e-16,0.1059556926810291,0.0528772310353815,0.19153089710744092,0.048090098134707625,42.481307261944174,0.44212035111010206,45.72744019037398,0.48052242706271653,0.8733677725696727,0.8544407016110835,0.00015950202941885,3.8743019104003906e-05,0.8476788253172688,0.8335726108744437,0.000112891197204525,3.9696693420410156e-05,1900.0,0.11595383525754091,0.053718627715301046,0.4453069826748565,0.4681576701123269,0.0,0.0,0.48840424191744336,0.5225630444753977,0.0,0.0,1.0,1.0,1.0,1.0,1.0052205581265148,0.9498461710105954,0.0,0.0
410,410.0,0.3826022321797417,0.41417088233151933,2.0532718582390748e-18,0.1059417922946781,0.021430645429063526,0.11310256371507416,0.0606965513434261,42.440248449981254,0.43060233186565344,45.70610041470594,0.475247674585761,0.8497099474664127,0.8321212403563493,0.000176966190338075,4.0531158447265625e-05,0.8733569712530449,0.8543178999131807,0.000122427940368575,3.4809112548828125e-05,1901.0,0.11589285072352509,0.053938375245825725,0.4308405181941066,0.47191957547388663,0.0,0.0,0.47697857094522783,0.49832936115612536,0.0,0.0,1.0,1.0,1.0,1.0,2.034012827172718,2.252367626153852,0.0,0.0
411,411.0,0.3803157924505315,0.40452665720740444,6.444445775425215e-17,0.1046221428016788,0.028282693761866474,0.08384379744529717,0.13105325185460964,42.533689714478385,0.4476704675109721,45.66322795726713,0.4642440798780073,0.8379567249393814,0.8386176572145905,0.0001823306083679,4.500150680541992e-05,0.839716166215127,0.8228368805514323,0.0001097917556762,3.838539123535156e-05,1999.0,0.11317993127399488,0.051544970536992224,0.43896684053810386,0.46693474275637925,0.0,0.0,0.4771872706162,0.4715310173960846,0.0,0.0,1.0,1.0,1.0,1.0,2.3642870401812557,2.049300455555265,0.0,0.0
412,412.0,0.380172234443861,0.39971765160530454,2.329807170129848e-16,0.104609095206139,0.050510080880485475,0.07984926475910462,0.043778686609584824,42.56282902326781,0.4518936991912591,45.66112721789247,0.4637431188262475,0.8380268614918678,0.8412730975778685,0.000186026096343975,3.784894943237305e-05,0.8381009995683506,0.8384538527211087,0.00013363361358635,3.683567047119141e-05,2000.0,0.11454836482325477,0.05174762971408102,0.4388367603143932,0.48005520900576876,0.0,0.0,0.4775568906267934,0.46150606140484957,0.0,0.0,1.0,1.0,1.0,1.0,1.9881190227834091,2.078539790458069,0.0,0.0
413,413.0,0.3516022991921925,0.35160229919219466,0.0,0.334370152488211,0.15172227530274537,0.024261710757855298,0.023286105308215975,5.165584852089615e-32,0.0,5.165584852089615e-32,0.0,0.3516022991921925,0.35160229919219466,5.918741226196289e-05,1.722574234008789e-05,1.0,1.0,1.889467239379883e-05,1.2159347534179688e-05,0.0,2.477707386633564,2.6310763151515815e-08,0.8861583018115341,0.9414113180833108,0.0,0.0,0.8861583018115402,0.9414113180833085,0.0,0.0,0.0,0.0,0.0,0.0,4.350294384723258,4.30738539083537,0.0,0.0
414,414.0,0.36610541555147036,0.36610541555147,0.0,0.3194715521231362,0.19880486495094368,0.1723149725585244,0.05473711149534208,7.332765207964496e-32,0.0,4.3046540434080123e-32,0.0,0.36610541555147036,0.36610541555147,5.072355270385742e-05,1.5020370483398438e-05,0.4200388836614188,0.4200388836614179,2.0265579223632812e-05,1.245737075805664e-05,1.0,3.170238564006219,2.059813317317321,0.8926151291889751,0.9167401813349355,0.0,0.0,0.892615129188975,0.9167401813349354,0.0,0.0,0.0,0.0,0.0,0.0,4.237005086096188,4.198737638799104,0.0,0.0
415,415.0,0.4972946291245695,0.49729462912456923,1.208909515702948e-15,0.2886751345948129,0.7986384803662077,0.5765766117838211,0.10447955958079543,8.038482805637384e-32,0.0,2.869769362272008e-32,0.0,0.4972946291245695,0.49729462912456923,5.0008296966552734e-05,1.531839370727539e-05,0.6625795354095392,0.6625795354095383,1.9073486328125003e-05,1.4781951904296877e-05,4.0,2.8034720894291447,2.3674424653090345,0.9275312992275532,0.9440904850597072,0.0,0.0,0.9275312992275532,0.9440904850597072,0.0,0.0,0.0,0.0,0.0,0.0,1.7687327427454467,1.916177179595198,0.0,0.0
416,416.0,0.5362200926842969,0.5362200926842959,9.547918011776346e-16,0.2811706625951745,0.6227352131390944,0.6352061292855068,0.029706255241762774,6.495995605066376e-32,0.0,2.582792426044807e-32,0.0,0.5362200926842969,0.5362200926842959,5.364418029785157e-05,1.4960765838623049e-05,0.5749528728750704,0.5749528728750741,2.3066997528076172e-05,1.3530254364013672e-05,5.0,2.687549277450821,2.363241643180165,0.9029302575514091,0.9272190688205159,0.0,0.0,0.9029302575514091,0.9272190688205157,0.0,0.0,0.0,0.0,0.0,0.0,1.5365869816138527,1.4245414634138964,0.0,0.0
417,417.0,0.5285709523957934,0.5285709523957934,9.575673587391975e-16,0.2584865769785853,0.7473026688094251,0.8782932920148596,0.1495580837945453,8.196704276454328e-32,0.0,1.8448517328891482e-32,0.0,0.5285709523957934,0.5285709523957934,4.488229751586914e-05,1.4662742614746094e-05,0.6497900989784737,0.6497900989784736,1.9729137420654297e-05,1.2516975402832031e-05,9.0,2.243885290114154,2.0618813314482365,0.8573199765924127,0.8384339925498211,0.0,0.0,0.8573199765924127,0.8384339925498211,0.0,0.0,0.0,0.0,0.0,0.0,2.3174104316241033,2.338970474364352,0.0,0.0
418,418.0,0.5592547803403783,0.5592547803403782,1.4062824978585316e-16,0.2540663740773073,0.45591636979952455,0.40287081978749484,0.07045092014595862,8.092805429752099e-32,0.0,1.721861617363205e-32,0.0,0.5592547803403783,0.5592547803403782,4.792213439941406e-05,1.436471939086914e-05,0.5858070446366079,0.5858070446366079,1.931190490722656e-05,1.245737075805664e-05,10.0,2.0733381384869087,1.9967511292769673,0.8412363727798331,0.8380909021391313,0.0,0.0,0.8412363727798331,0.8380909021391312,0.0,0.0,0.0,0.0,0.0,0.0,2.018211988979264,2.1552975852036624,0.0,0.0
419,419.0,0.5331784495796277,0.5422988566537356,1.9574984907864601e-16,0.2394868127217873,0.8183768151211552,0.7178283981629647,0.2168471000622957,6.583341888164133,0.0430838948464561,7.181780438667847,0.07413244587334725,0.611979111906818,0.5641275367783046,4.392862319946289e-05,1.436471939086914e-05,0.5959862071834974,0.5959862071834974,2.0623207092285153e-05,1.3113021850585938e-05,14.0,1.7595124308204038,1.6573069514908634,0.8057806065050633,0.8555915184082232,0.0,0.0,0.8092497226088575,0.9198540653326777,0.0,0.0,0.0,0.0,0.0,0.0,1.7392368477809488,1.8405909911241685,0.0,0.0
420,420.0,0.5238862973524485,0.558150264389837,3.33066907387547e-16,0.2364354022507939,0.7554231664398685,0.8278813596116379,0.24213981447974214,7.507634860562145,0.05994347263466265,8.555896624530519,0.06996300550432083,0.6563592766611686,0.6256684048303445,4.547834396362305e-05,1.430511474609375e-05,0.627683565340069,0.603205441185599,2.1278858184814453e-05,1.2755393981933594e-05,15.0,1.680918882438188,1.7220522059857744,0.9001371701768157,0.8776521080369661,0.0,0.0,0.8821489249215996,0.8568209298749061,0.0,0.0,0.0,0.0,0.0,0.0,2.278734489134561,2.268357841534126,0.0,0.0
421,421.0,0.5611773628922614,0.5474948082245121,1.4571677198205177e-16,0.2259005009024612,0.6518719241721556,0.870773589820601,0.3455519278650172,12.407158036991419,0.116513785096305,13.477834151115443,0.14499158256571526,0.6907332230026453,0.6706462653019267,4.6312808990478516e-05,1.537799835205078e-05,0.7675244910343828,0.7800761171021472,2.0563602447509762e-05,1.2993812561035158e-05,19.0,1.5757120385126926,1.5755377346130564,0.7963549185637034,0.8335048226568351,0.0,0.0,0.8435622195582833,0.8772645734724771,0.0,0.0,0.0,0.0,0.0,0.0,2.184092087937788,2.1902698081931966,0.0,0.0
422,422.0,0.5549376579935091,0.5424009387703337,1.396660564978447e-15,0.2236067977499789,1.0147179833729751,0.6371913192560896,0.5450700722285546,14.00964123038564,0.14371843061119158,14.506527639294557,0.141952642950324,0.7115496799901246,0.7106170981796464,4.4286251068115234e-05,1.5020370483398438e-05,0.7056672312536947,0.676934467303502,2.0623207092285156e-05,1.2934207916259767e-05,20.0,1.5087594222888816,1.632464889280503,0.8363017359705843,0.8480275152218316,0.0,0.0,0.7511608468766362,0.8160687559604187,0.0,0.0,0.0,0.0,0.0,0.0,3.9028688829281086,4.030321787758193,0.0,0.0
423,423.0,0.5730980112271735,0.600246298903792,2.8490282028983794e-16,0.207061938283276,0.5797477079904638,0.5112219594884664,0.22976830421248445,21.520126245368644,0.18974120767961217,21.647062364485414,0.22729817994770124,0.7923688970893519,0.8061849833610822,4.398822784423828e-05,1.4603137969970703e-05,0.7917702960096844,0.8182346986199779,1.990795135498047e-05,1.5795230865478516e-05,29.0,1.2941697433116695,1.3152769333851773,0.7674203475629295,0.7792093272701308,0.0,0.0,0.7952798767981459,0.7915873150459054,0.0,0.0,0.0,0.0,1.0,0.25,2.3414362633318486,2.3905957820631167,0.0,0.0
424,424.0,0.5773610252276975,0.5776230348225736,2.8310687127941495e-16,0.2055668084502598,0.8286584864836186,0.624301248928532,0.14317370846401897,21.440919065928778,0.21916151532937841,22.266833337170894,0.22484267193949506,0.7969240534971719,0.7576718962882609,5.030632019042969e-05,1.5139579772949219e-05,0.814172939662666,0.8039175236618756,2.086162567138672e-05,1.2993812561035158e-05,30.0,1.4185858199067307,1.425328812964278,0.7338339656844712,0.7422679598773319,0.0,0.0,0.7199142339435969,0.7455485488966506,0.0,0.0,0.0,0.0,0.25,0.25,2.3425255249700134,2.543219859608573,0.0,0.0
425,425.0,0.5702744382281714,0.609910406394651,2.6194324487249787e-16,0.1767766952966368,0.18456509243696922,0.5898945093504153,0.2603868691949173,30.989852045985874,0.33321286595588445,33.3501391869208,0.3805287423717696,0.947300920958741,0.8975206209584616,5.900859832763672e-05,1.609325408935547e-05,0.8944725048500286,0.911761167855341,2.3245811462402344e-05,1.33514404296875e-05,59.0,0.897896408698539,0.8185560107306296,0.6849595920434091,0.711677503170054,0.0,0.0,0.6327786741965239,0.6806263400808543,0.0,0.0,1.0,1.0,1.0,1.0,3.1076839713680764,3.436316750872082,0.0,0.0
426,426.0,0.5482226595247823,0.5877621214855666,2.459571008400347e-16,0.1760928267911618,0.3773486490827053,0.5309090142836794,0.2957185977138579,31.327070028330372,0.3319764345706212,33.4378193681144,0.3684900987409534,0.9357770447835639,0.9042582921826651,5.227327346801758e-05,1.5795230865478516e-05,0.9401399924560307,0.8926869395747328,2.1517276763916016e-05,1.3113021850585938e-05,60.0,0.8834595039806734,0.8722926902208803,0.6830998293111888,0.6762122234275747,0.0,0.0,0.6636197015853846,0.730603639117938,0.0,0.0,1.0,1.0,1.0,1.0,2.61039841755988,2.650508969192373,0.0,0.0
427,427.0,0.5025403371454934,0.5786563264444202,8.61744538161431e-16,0.1561969968460128,0.16600785683840508,0.3618029330391436,0.14016047777840865,36.000937186112125,0.4057353799092965,37.84363151277097,0.49090170953222756,0.9695584556668033,0.9076130288584002,5.626678466796875e-05,1.7464160919189453e-05,0.9871239122476969,0.9261525150908754,2.4914741516113278e-05,1.3649463653564453e-05,100.0,0.607265797231672,0.5718007807763611,0.5795934737429812,0.624129109876851,0.0,0.0,0.657069780151758,0.6795192643703983,0.0,0.0,1.0,1.0,1.0,1.0,2.119900539898912,2.278149735758432,0.0,0.0
428,428.0,0.5020318236478741,0.5406477969169625,2.95361219758768e-16,0.1558272972201327,0.0711431897361762,0.11069236847106362,0.19768540386576197,35.40384039146545,0.3919300338883909,37.851330721027125,0.43659384352576996,0.9602443181916349,0.9225695230336819,4.929304122924805e-05,1.633167266845703e-05,0.9663963574179881,0.9028482418483004,2.2709369659423828e-05,1.3887882232666014e-05,101.0,0.6086109016195621,0.6000775138854736,0.6212712790432681,0.6535768220035905,0.0,0.0,0.6417721443126981,0.6797425670892314,0.0,0.0,1.0,1.0,1.0,1.0,2.489510481543805,2.3053854410439834,0.0,0.0
429,429.0,0.4242810293329964,0.5183029025654964,1.399964155441966e-16,0.1321391592005922,0.06355809792876242,0.20148530486039817,0.14594930043676868,39.366596657902626,0.3985863646070765,42.742855494411195,0.4783703440048512,0.9167390270240711,0.8589394423359208,6.324052810668945e-05,1.811981201171875e-05,0.9701051943018819,0.9230510057365982,3.814697265625001e-05,1.4841556549072267e-05,200.0,0.3689721590494002,0.32295801223628673,0.5427306059391953,0.5312629393684853,0.0,0.0,0.5777869709078653,0.5954548750989417,0.0,0.0,1.0,1.0,1.0,1.0,1.3086492281155282,1.5198716274882653,0.0,0.0
430,430.0,0.4310012206596624,0.4955336702931992,1.8768697491539356e-16,0.1319785033908569,0.08035108668263997,0.16766023397212843,0.1542158247902989,39.378037617266,0.3996236437772947,42.59026989634484,0.4637309960126989,0.9133036322512302,0.8629634034219213,5.9664249420166016e-05,1.7404556274414062e-05,0.9142302266984024,0.8609034489985882,2.5987625122070312e-05,1.4603137969970703e-05,201.0,0.3867355672240877,0.3317659701550409,0.5182733008106954,0.5231926547009295,0.0,0.0,0.5369255317212831,0.5890674684345898,0.0,0.0,1.0,1.0,1.0,1.0,1.995172156406639,2.0227336780070595,0.0,0.0
431,431.0,0.40468687415972426,0.4728372309088245,1.204864987380088e-16,0.119645135119848,0.0943850144394673,0.19467245927080512,0.04814014548901465,40.25757360763497,0.4354832941879411,43.398399436643835,0.49840288489473755,0.9147634813060521,0.8551557103755386,5.739927291870117e-05,1.7464160919189453e-05,0.8916868105326825,0.881555415760509,3.0338764190673828e-05,1.621246337890625e-05,300.0,0.2874298677324555,0.23001877583487348,0.5119227470377028,0.5054600879859623,0.0,0.0,0.5392556907971862,0.5621032093227979,0.0,0.0,1.0,1.0,1.0,1.0,1.5807720115716721,1.48915248979582,0.0,0.0
432,432.0,0.4096766466888694,0.4525848383574498,2.2993589603143563e-16,0.119547265806775,0.19451605208450928,0.0975975053152069,0.06581262516556301,40.39270369990229,0.4319881508420322,43.57561615383797,0.46160793204828554,0.9056954170449424,0.8719394382818171,5.453824996948242e-05,1.8358230590820312e-05,0.9155229956014646,0.8576850454902201,2.866983413696289e-05,1.633167266845703e-05,301.0,0.2901764356287073,0.23770413798614565,0.502040833690753,0.5352093016486191,0.0,0.0,0.5408221627891023,0.5528975265202252,0.0,0.0,1.0,1.0,1.0,1.0,1.6709389076799313,1.600350270924987,0.0,0.0
433,433.0,0.3875774444983404,0.44776128443905505,3.201828377190575e-16,0.1114567174960703,0.06812739843735464,0.13035182439489287,0.07508908049203455,40.89987176712084,0.4277459687132979,44.358221449322855,0.48719342110937436,0.8804694374891038,0.8540517437894866,7.593631744384766e-05,1.9729137420654297e-05,0.8865336272214536,0.8591772639492257,4.5359134674072266e-05,1.7762184143066406e-05,400.0,0.23372442969187854,0.18480863194482217,0.45482326044100546,0.4943389805386372,0.0,0.0,0.5236473160696397,0.6078153752455817,0.0,0.0,1.0,1.0,1.0,1.0,2.2554332220566193,2.7386491096450207,0.0,0.0
434,434.0,0.39822816489510243,0.45529278173981913,1.125262991707517e-16,0.1113880230304705,0.07973259733989835,0.0798913253820501,0.10852587508270517,40.978926077926886,0.42127021855850477,44.198543597220336,0.5044644432097242,0.8908490803803106,0.8370503968592886,7.998943328857422e-05,2.0802021026611328e-05,0.8789787643953867,0.8526878272449657,4.2378902435302734e-05,1.7464160919189453e-05,401.0,0.23314549424871212,0.18890131493972445,0.4779153830428797,0.5102411490136106,0.0,0.0,0.5192689025493367,0.5902132653776171,0.0,0.0,1.0,1.0,1.0,1.0,1.5525366478944054,1.5026461080072635,0.0,0.0
435,435.0,0.3693221328755796,0.4237187482015925,1.1607876376278865e-16,0.105474423379555,0.0491399235324934,0.09922136156819755,0.08990585675928735,41.146679352226585,0.4074618216688328,44.776667925532166,0.49718151796973975,0.8820709016715718,0.7966336414442607,8.702278137207031e-05,2.2530555725097656e-05,0.8869052876416539,0.8356143154800947,4.458427429199219e-05,1.8417835235595703e-05,500.0,0.2005645889596239,0.15506845443153744,0.4422028076324692,0.46268708465795316,0.0,0.0,0.5348640945819069,0.5108476278810465,0.0,0.0,1.0,1.0,1.0,1.0,2.0981993158678853,2.15048592803538,0.0,0.0
436,436.0,0.3688803699693083,0.4151232858768809,1.5655022293874487e-16,0.1054222728452563,0.10856692009838292,0.25635779171716416,0.0402569485013373,41.408910380471525,0.4352064144845367,44.784668177475986,0.49629397887845417,0.8809718641081576,0.8299016803447956,6.890296936035156e-05,2.110004425048828e-05,0.8809718641120773,0.7963580824040295,4.106760025024414e-05,1.9073486328125003e-05,501.0,0.20570906334005565,0.15785761688811706,0.43908853254868296,0.5093272422668577,0.0,0.0,0.52990298717552,0.5069899181371861,0.0,0.0,1.0,1.0,1.0,1.0,2.5271237898675243,2.366041763447509,0.0,0.0
437,437.0,0.3493911017646035,0.4055301920915695,1.230879493830287e-16,0.1008163942633923,0.03444398875581098,0.05978670681361105,0.05570534168509765,41.44485257167329,0.4268972333334514,45.00737727202282,0.47231645965839514,0.8370796152766404,0.8148084815916414,7.778406143188477e-05,2.199411392211914e-05,0.8543950253685841,0.8285184496446001,4.3392181396484375e-05,1.9848346710205078e-05,600.0,0.18557781663930897,0.13552988722603634,0.445019191168753,0.48841483400673347,0.0,0.0,0.4933336356438318,0.5302938201063829,0.0,0.0,1.0,1.0,1.0,1.0,1.7013634208466586,2.0176475916779903,0.0,0.0
438,438.0,0.3503956436431462,0.41212166239652837,8.725143819764536e-17,0.1007747775799075,0.1456730492645874,0.1831114367814734,0.09726660943124442,41.44368110766981,0.38971935269487384,44.936662036703666,0.4658447762592727,0.8182217185603136,0.7866324385700197,7.474422454833984e-05,2.2172927856445312e-05,0.8377391038469675,0.8146973944360932,3.88026237487793e-05,1.937150955200195e-05,601.0,0.19559058474760696,0.13669954856426664,0.44957701551114515,0.47163003695627226,0.0,0.0,0.4787569738595827,0.5055503683270761,0.0,0.0,1.0,1.0,1.0,1.0,3.114895029730374,3.0327584759635764,0.0,0.0
439,439.0,0.3370506148794296,0.38848582096733875,1.0102242131872876e-16,0.0970337297769897,0.07123927306383843,0.17410975747043264,0.0620937456260435,41.626203601683955,0.4502702253650074,44.88406045075578,0.47505090280863105,0.823581773049213,0.8112908605951925,0.0001045465469360246,3.361701965332031e-05,0.8087412684089301,0.7756483590102224,5.042552947998047e-05,2.0682811737060543e-05,700.0,0.17686543953693273,0.11903658428200882,0.4674197478928304,0.4816532380932328,0.0,0.0,0.49661163767673017,0.5207677146243925,0.0,0.0,1.0,1.0,1.0,1.0,1.7050456405935264,1.7040941846552955,0.0,0.0
440,440.0,0.3368164722759419,0.38974412201753356,3.107759564327855e-16,0.0969993511250836,0.10783431638265023,0.18560421501751986,0.05258613853948185,41.48504708087147,0.4207194263136103,44.87649857837205,0.4692490835945554,0.8241723262380746,0.8058221185615687,9.578466415405157e-05,2.6285648345947266e-05,0.8232491629749406,0.8111424838821126,4.190206527709961e-05,2.03251838684082e-05,701.0,0.1766131087386214,0.12057741452304219,0.4420852921868926,0.48945134637341225,0.0,0.0,0.49742518108765066,0.5234095252284158,0.0,0.0,1.0,1.0,1.0,1.0,1.7930727608449823,1.92550942524145,0.0,0.0
441,441.0,0.3278964303661193,0.3781468868191139,1.781873475547456e-16,0.0938687499151236,0.0523218000307679,0.1060235386830754,0.040476601046975626,41.83418695952362,0.43842140679367936,45.25211077360851,0.4792103404853477,0.8097766169764241,0.8131768860793253,8.45789909362793e-05,2.5451183319091797e-05,0.8166764578923342,0.801817685718687,4.547834396362305e-05,2.0742416381835938e-05,800.0,0.1608706870038161,0.10718875964736316,0.4492149469275526,0.4725769604837368,0.0,0.0,0.47126024677209777,0.4957412119020378,0.0,0.0,1.0,1.0,1.0,1.0,1.6863448577236988,1.533209591429052,0.0,0.0
442,442.0,0.3284370147166246,0.37276193249933914,1.5806214897734084e-16,0.0938396207417439,0.031664289825130226,0.16799984895624215,0.0776331467204727,41.795190930191325,0.4292529568939917,45.269614678808125,0.4783737251879663,0.8105126778440455,0.7932508528016976,0.000103712081909125,2.408027648925781e-05,0.8090790143720809,0.8129883951551836,5.4717063903808594e-05,2.2172927856445312e-05,801.0,0.16067020824659875,0.1080332640209906,0.42811729505599927,0.47942923289920397,0.0,0.0,0.47297376884964704,0.49170906845189605,0.0,0.0,1.0,1.0,1.0,1.0,2.0098457536658265,1.8853011201810157,0.0,0.0
443,443.0,0.3200868093345366,0.3660521887466164,1.9953345298926157e-16,0.0911607436972278,0.0330265663214959,0.08483522682217876,0.0487339085084386,41.99790976272262,0.44722653669768475,45.37337816827515,0.49452364850997876,0.8286581883374827,0.8133842640359648,0.00010365247726435,2.5451183319091797e-05,0.8038511071680152,0.7938048202769286,5.179643630981445e-05,2.2530555725097656e-05,900.0,0.14967484138538156,0.09722308595895755,0.4316237965015456,0.47437876114330324,0.0,0.0,0.5116710868401315,0.5394854902826993,0.0,0.0,1.0,1.0,1.0,1.0,2.2415045067802803,2.7178980819933316,0.0,0.0
444,444.0,0.31453567938806637,0.37075252163596956,1.3032253716212513e-16,0.0911355785481921,0.12635641801170996,0.20478338684188196,0.045041010715067296,41.89138593524848,0.4370919100826824,45.82712806588483,0.48254221669054265,0.8244337650115668,0.7920584250810092,0.0001126527786254,2.5987625122070312e-05,0.8279950348348374,0.8131740166112688,5.537271499633789e-05,2.390146255493164e-05,901.0,0.1495089740060467,0.09788266047214082,0.4448448920174025,0.4864083589146334,0.0,0.0,0.48254244902862165,0.5430649440004339,0.0,0.0,1.0,1.0,1.0,1.0,1.4215791531182638,1.41439884258457,0.0,0.0
445,445.0,0.3098305327980845,0.34577324410172827,1.4035207490410562e-16,0.088803174061834,0.0242730185273103,0.0542866418836638,0.028330487315542975,42.17584028776109,0.43671550749125654,45.603162503820755,0.486354486878686,0.7947423720329909,0.7806585079006564,9.465217590332031e-05,3.2901763916015625e-05,0.8100898046183118,0.7810148785790273,7.659196853637695e-05,2.574920654296875e-05,1000.0,0.14396961697509633,0.0889962616298179,0.4531021520436554,0.4936515648323794,0.0,0.0,0.4776448747679472,0.5087041689354965,0.0,0.0,1.0,1.0,1.0,1.0,2.0103931655106617,2.3570151126958114,0.0,0.0
446,446.0,0.3087542242268864,0.3471599147939185,2.644780793751678e-16,0.0887810974475585,0.053918301244266276,0.08028781594475722,0.03486134245758872,42.168156251179994,0.4425294332228633,45.61964600807643,0.4932660253109669,0.8182882992093041,0.78569460327157,0.00010204315185546524,2.682209014892578e-05,0.7945147050653092,0.7809472963487005,7.128715515136719e-05,2.6345252990722656e-05,1001.0,0.1445076827039927,0.0897685353016007,0.43591955030749163,0.4834139435572726,0.0,0.0,0.4776654256693489,0.51349657556329,0.0,0.0,1.0,1.0,1.0,1.0,2.081451144630456,2.0903922718148307,0.0,0.0
447,447.0,0.30456995892319416,0.34864283632570026,2.4206378480345323e-16,0.0867220298998607,0.04168785788351665,0.09532516187755385,0.0732694725738838,42.19109377952605,0.4338177790384745,45.78786129357258,0.4900730234568115,0.8142656913346045,0.7583101198978545,0.00011795759201044999,3.4332275390625e-05,0.8155349117893986,0.7856902045837016,9.638071060180585e-05,3.135204315185547e-05,1100.0,0.1403596657164342,0.08256083616184152,0.44458688524484036,0.47274206910650596,0.0,0.0,0.5084566576660656,0.529799515007182,0.0,0.0,1.0,1.0,1.0,1.0,1.2814813424638947,1.4802089425099367,0.0,0.0
448,448.0,0.3031820518335342,0.35297522811343657,1.238711765268936e-16,0.086702420621072,0.03966350847622373,0.16768556437455118,0.06191358872456467,42.20718921559353,0.4452157493415017,45.42381619062557,0.4974296196541758,0.8247836389574352,0.7845221003470975,0.00014829635620112498,2.8908252716064453e-05,0.8137458328368457,0.7585982902565827,6.890296936035156e-05,2.473592758178711e-05,1101.0,0.1404430744883634,0.08319671623537282,0.4482364985887688,0.46865835935656047,0.0,0.0,0.5125562354540294,0.5190500664300863,0.0,0.0,1.0,1.0,1.0,1.0,2.506931327474769,3.0913081416277137,0.0,0.0
449,449.0,0.2999236249630963,0.342963376376769,4.227139615751219e-16,0.0848639500845086,0.04965949244797227,0.23316153924679378,0.06708087248262015,42.21253415966713,0.4425609875493731,45.855256953414845,0.4772775509584065,0.779072117414706,0.7831484939357165,0.00013417005538935,2.884864807128906e-05,0.8148131569820215,0.7776542232992091,7.462501525878906e-05,2.6047229766845703e-05,1200.0,0.13519455140463071,0.07671647148392907,0.4321351617347856,0.4711008782803729,0.0,0.0,0.4778285141063229,0.518733155897435,0.0,0.0,1.0,1.0,1.0,1.0,2.727251399557002,2.5239683053328257,0.0,0.0
450,450.0,0.29974108461099136,0.3357984265884648,1.2082651076455373e-17,0.0848463525822491,0.032314085285179296,0.059122272476088256,0.052020151866599876,42.25198814819345,0.4528970276732986,45.52118796739542,0.4655532131469058,0.7711481347079435,0.7842749306534762,0.00013297796249385,2.807378768920898e-05,0.779795143211853,0.7828501644645847,8.541345596312852e-05,3.933906555175781e-05,1201.0,0.13639225240793523,0.07704581703559063,0.42521808412064804,0.4618571106846371,0.0,0.0,0.4608650707541328,0.49362942064668164,0.0,0.0,1.0,1.0,1.0,1.0,2.9582808769247944,2.6816971913950427,0.0,0.0
451,451.0,0.30072207793460143,0.3385766857090322,1.4037149964459216e-16,0.0840225040335106,0.04074432799825438,0.0426663656835444,0.06263337656855583,42.244572115688065,0.43486817471869393,45.47215810211865,0.48667282279355234,0.8041350702934633,0.7562726380109759,0.000153243541717475,3.415346145629883e-05,0.7667980276929662,0.7791326084609422,0.00011253356933585,2.944469451904297e-05,1249.0,0.13616861469687566,0.07457615156158835,0.44464531575395,0.46068384396914386,0.0,0.0,0.4742255448542059,0.5261928114654112,0.0,0.0,1.0,1.0,1.0,1.0,1.7473324952694107,1.996272009945628,0.0,0.0
452,452.0,0.30193932059963013,0.3405724571725596,1.809530834159966e-16,0.0840057614793203,0.04592727613635355,0.10422340629156676,0.022462214925326372,42.31387496419954,0.44663471336799576,45.47283772012839,0.52128886892925,0.8595186349246784,0.7729667247494948,0.000113308429717975,2.849102020263672e-05,0.8043465227448947,0.7562214530689676,4.857778549194336e-05,2.6106834411621094e-05,1250.0,0.13605932266599396,0.07504631145491063,0.438169615364623,0.4764293590316986,0.0,0.0,0.508071437818043,0.545672303699756,0.0,0.0,1.0,1.0,1.0,1.0,1.4401093474191704,1.608739558915337,0.0,0.0
453,453.0,0.3009353911037115,0.3292538518993222,9.724022353613439e-17,0.0831892820889706,0.04420569032663475,0.1667243046103976,0.13325527874985707,42.245987853010185,0.43546479333280547,45.750402071709246,0.4899149499091354,0.807502388599185,0.768938272236289,0.0001044869422912457,3.063678741455078e-05,0.8576160900178575,0.7691499959136641,5.435943603515625e-05,2.777576446533203e-05,1300.0,0.13548264941260413,0.07255058952470009,0.4306425775935209,0.46746661367806913,0.0,0.0,0.49215817123264255,0.5075139662222936,0.0,0.0,1.0,1.0,1.0,1.0,2.1471560803212695,2.3164551234094355,0.0,0.0
454,454.0,0.2924971732236219,0.3301962463034714,1.6334560044542406e-16,0.0831733530730009,0.03393211594084275,0.030840332969091798,0.03203542053233825,42.21024772167407,0.4498747990584968,45.755755525144,0.4896427033565586,0.8077996237416406,0.776180418853371,0.0001074671745300129,3.1828880310058594e-05,0.8077996237416403,0.7685216595794908,7.897615432737577e-05,3.0219554901123047e-05,1301.0,0.13537831260415395,0.07296913212732645,0.4285214457351457,0.46046167140313055,0.0,0.0,0.4922231824359964,0.5075139662193388,0.0,0.0,1.0,1.0,1.0,1.0,3.0163098720074504,3.5193379743462847,0.0,0.0
455,455.0,0.2890025456487902,0.3266909873432241,1.369011665596501e-16,0.0816678125481673,0.06425686232978475,0.17938235867768526,0.058852599642705145,42.26982495023765,0.43943658721067536,45.9055996286136,0.46549560875023926,0.7626723587342285,0.7562630909660517,0.00013035535812372498,3.218650817871094e-05,0.7963473922024816,0.774986522789153,7.37309455871582e-05,2.8252601623535153e-05,1400.0,0.13055817340091713,0.06833554062008834,0.440712973761204,0.47654581478337066,0.0,0.0,0.45547396523525785,0.5075003170847937,0.0,0.0,1.0,1.0,1.0,1.0,1.698078312049332,2.0152673866426825,0.0,0.0
456,456.0,0.2894263562990989,0.324744283336743,1.04270946231687e-16,0.0816532873697275,0.0327483256696723,0.0444932754617184,0.0501233991817571,42.322459920458705,0.4410314166151751,45.90392143304723,0.46556755843229436,0.7623625753331759,0.7636635472268576,0.0001021027565002246,3.9458274841308594e-05,0.762285041788303,0.7560089468133597,8.20159912109375e-05,3.427267074584961e-05,1401.0,0.1304656330816686,0.06866665501480847,0.42522954816293346,0.4607480618908243,0.0,0.0,0.4530815042186984,0.5095336952525836,0.0,0.0,1.0,1.0,1.0,1.0,1.6394467625643245,1.7582491240898372,0.0,0.0
457,457.0,0.2934516141165946,0.32364858027465204,1.7708943059014299e-16,0.0802893690915395,0.0352073673275299,0.04190647980431092,0.0684977966011501,42.36605416040914,0.4493887379978986,45.49097035550791,0.46411441772127093,0.7579996389157515,0.7629589734495481,0.000151574611663775,4.792213439941407e-05,0.7567927361057771,0.7618454901366701,7.790327072143555e-05,3.063678741455078e-05,1499.0,0.1241154516886227,0.06451731074038503,0.44011235129832543,0.4582215838006435,0.0,0.0,0.45011594329306887,0.4685302538921302,0.0,0.0,1.0,1.0,1.0,1.0,2.7763461912551906,2.979991307206892,0.0,0.0
458,458.0,0.2934246024900954,0.30920374253544625,3.630355521552526e-16,0.0802760286625518,0.03680371248628938,0.07257165934424839,0.0514497202238999,42.37295601844426,0.45861497843519017,45.48217290323383,0.4639535296660111,0.7575769515811397,0.7717850509740395,0.0001488327980041,4.774332046508789e-05,0.7577693165412374,0.7626364961598319,8.946657180783985e-05,3.236532211303711e-05,1500.0,0.12403250666422012,0.06477479098924113,0.4374667471621426,0.471415429606611,0.0,0.0,0.4469256918433952,0.46801268246126937,0.0,0.0,1.0,1.0,1.0,1.0,3.1150786574605327,2.818432631145955,0.0,0.0
459,459.0,0.2935596574860938,0.3121790390414157,2.4559814120442955e-16,0.0802626993090558,0.041491989220958175,0.08089537726482372,0.060096091590821674,42.29489323488764,0.4552701989163155,45.182170008490075,0.46334027096335234,0.7574655042819074,0.7707098960623422,0.0001127123832702,3.409385681152344e-05,0.7573864808112776,0.7716002149424126,4.6253204345703125e-05,2.9087066650390625e-05,1501.0,0.1239501502833426,0.06509518580855173,0.44895786300410634,0.4845667399765703,0.0,0.0,0.449700558874503,0.46826042385568784,0.0,0.0,1.0,1.0,1.0,1.0,1.372774540411085,1.5129508699161454,0.0,0.0
460,460.0,0.29039884232266866,0.3209923049954543,6.197880561147291e-17,0.078995298617965,0.052164587366860304,0.14512154384283343,0.06093212013365695,42.423194703068155,0.44703468064636603,45.66540169936069,0.47280736575497934,0.7699835834192275,0.7566964582889266,0.00012296438217160001,3.618001937866211e-05,0.7547847799071465,0.7670869833988507,5.8770179748535156e-05,3.170967102050781e-05,1600.0,0.11832004177504528,0.061420397834567125,0.4173807943409825,0.4726515442357911,0.0,0.0,0.45099251250060324,0.5105659197157711,0.0,0.0,1.0,1.0,1.0,1.0,2.1876153303725108,1.830752232118309,0.0,0.0
461,461.0,0.2901365057087709,0.31692035548843683,1.6738029255128645e-16,0.0789829988435762,0.03356054192408915,0.08849336241837585,0.03397355641936875,42.462954379860555,0.430374944190946,45.668087041021536,0.48325653515535094,0.7697230036760795,0.750021203417228,0.000115811824798525,4.494190216064453e-05,0.7696870318925422,0.7567342644102658,0.00010055303573607149,3.540515899658203e-05,1601.0,0.11824621396174748,0.0616411780458431,0.43509542634413306,0.4514055697284529,0.0,0.0,0.4695435932726042,0.5055286057241468,0.0,0.0,1.0,1.0,1.0,1.0,2.8794011081522655,2.7788410189760535,0.0,0.0
462,462.0,0.29049936180658087,0.3152346034450688,1.1772922161421016e-16,0.0778106258566658,0.041679084184579496,0.13743956625694403,0.05648599733831355,42.4293575933075,0.44555966483424797,45.732342362796274,0.46028306790907,0.7445134226952246,0.7537971074825511,0.00012540817260735,3.439188003540039e-05,0.7635410707454354,0.7439709180314278,9.900331497191915e-05,3.826618194580078e-05,1700.0,0.11662066178663164,0.058316737126352006,0.44692883564954955,0.469074767212997,0.0,0.0,0.4908015781388694,0.5042748847734129,0.0,0.0,1.0,1.0,1.0,1.0,2.317070822494422,2.4823753588505744,0.0,0.0
463,463.0,0.2904859898458877,0.30953770579625806,6.745288188886135e-17,0.0777992208544018,0.0435383998556062,0.09365120821166778,0.055933337775059024,42.4147963764817,0.44064254337597797,45.76749878915031,0.45705985105696545,0.7416155459586766,0.7455532077429934,0.0001224279403686,3.826618194580078e-05,0.744195660996515,0.7538308445326487,0.000106215476989675,3.248453140258789e-05,1701.0,0.11655201430143758,0.05865810171866605,0.4517039315760779,0.460966856096104,0.0,0.0,0.4835544571133182,0.47506677881349074,0.0,0.0,1.0,1.0,1.0,1.0,1.528715141040344,1.4641208627152538,0.0,0.0
464,464.0,0.2849628734476195,0.31040689417948764,2.1362615211572996e-16,0.0772614059864891,0.0338847248349338,0.03853665408678353,0.02213222614955155,42.46391536062286,0.4357366603809536,45.52401532906453,0.48323351298820105,0.7767147178188653,0.7363407195808411,0.000108242034912025,3.713369369506836e-05,0.7399992787529244,0.7412042935839783,6.920099258422852e-05,3.319978713989258e-05,1749.0,0.11714152241623105,0.05735135844536733,0.4396786655674097,0.4780829052356086,0.0,0.0,0.4683498251334807,0.4835573187306341,0.0,0.0,1.0,1.0,1.0,1.0,2.107891141984746,2.299303132581228,0.0,0.0
465,465.0,0.283493055411719,0.29918744095532374,4.78344809156873e-16,0.0772503977357308,0.0263537491555325,0.028109162813052476,0.054230003093834925,42.46059816376167,0.45788149666008576,45.682339117359405,0.508014626445669,0.7910671714707399,0.7536992150662306,0.0001154541969299,4.869699478149414e-05,0.7770196729255631,0.7368459328372297,7.158517837524414e-05,3.3915042877197266e-05,1750.0,0.1178291510961507,0.0575723461449234,0.43875196038369824,0.453678640400356,0.0,0.0,0.4683498251435451,0.5361792703542198,0.0,0.0,1.0,1.0,1.0,1.0,1.764420374424068,1.9108236261934612,0.0,0.0
466,466.0,0.2804233336567478,0.3082362623658237,1.242619426869237e-16,0.0767097739174945,0.0341263723676092,0.08240073040360578,0.04832971451105545,42.465277961116925,0.4567948714695627,45.36070998542486,0.472538662924408,0.7531397757595402,0.7566705769214319,0.00014150142669669999,4.303455352783203e-05,0.7892209942861428,0.750230352483016,8.219480514524649e-05,3.516674041748047e-05,1800.0,0.11759945123348897,0.05621604730959145,0.44588489253574753,0.4525193912930902,0.0,0.0,0.4607441605096653,0.4790555538859107,0.0,0.0,1.0,1.0,1.0,1.0,1.8335526072180253,1.9487522172443517,0.0,0.0
467,467.0,0.28036703410807085,0.30711514120732386,4.899489206125414e-17,0.0766991529724262,0.03745453554438425,0.16002894577104593,0.03922550432616838,42.491933312881315,0.43209433990677965,45.35604441757022,0.47219709655683795,0.7528100401568624,0.7376763885567529,0.000135481357574425,3.600120544433594e-05,0.7528372826581802,0.7563664413057541,0.000111341476440425,3.314018249511719e-05,1801.0,0.11753427554475877,0.05643650808157748,0.4311381019321171,0.4515343334777236,0.0,0.0,0.4607441604670126,0.47860632014344173,0.0,0.0,1.0,1.0,1.0,1.0,2.876903855491738,3.244319362586528,0.0,0.0
468,468.0,0.28348932658287496,0.3079168345170576,1.0807919155734134e-16,0.0756826376293065,0.057653508731164024,0.11794088914757588,0.08405911247245962,42.481307261944174,0.44824929788277706,45.72744019037398,0.4952705600428023,0.761543694387256,0.7534125959798059,0.0001628994941711,3.618001937866211e-05,0.7460844757180733,0.7300254273391829,0.00011587142944332499,3.55839729309082e-05,1900.0,0.1158994033764554,0.05366419583421555,0.45595845227711607,0.46935510541445863,0.0,0.0,0.4548106869002763,0.505545856697506,0.0,0.0,1.0,1.0,1.0,1.0,1.0052205581265148,0.9498461710105954,0.0,0.0
469,469.0,0.27917065756055626,0.30232149018722976,2.0532718582390748e-18,0.0756727087819129,0.04193804046371945,0.09504325583111495,0.05281109159113835,42.440248449981254,0.44938392639714175,45.70610041470594,0.47124654250986125,0.7420242322400585,0.7465349758747427,0.000134885311126675,3.7133693695068366e-05,0.7620492426253925,0.7532361296006191,9.167194366452891e-05,3.4809112548828125e-05,1901.0,0.11583844537258789,0.05388396989488852,0.42999062181972053,0.46941821215049484,0.0,0.0,0.45010665648235426,0.4961327381431362,0.0,0.0,1.0,1.0,1.0,1.0,2.034012827172718,2.252367626153852,0.0,0.0
470,470.0,0.2800866705816083,0.2947369227704323,6.444445775425215e-17,0.0747301020011991,0.04914891038788478,0.0869505324517376,0.12358841981040311,42.533689714478385,0.44933493588696355,45.66322795726713,0.46975704177614686,0.7420446264002989,0.7357829402483946,0.000151634216308575,3.838539123535156e-05,0.7333473838272639,0.7458745852068714,0.00010609626770018672,3.981590270996094e-05,1999.0,0.11312800326389748,0.05149304252689482,0.44370189171484353,0.4608085153994495,0.0,0.0,0.4652470786098273,0.4715310173959252,0.0,0.0,1.0,1.0,1.0,1.0,2.3642870401812557,2.049300455555265,0.0,0.0
471,471.0,0.2796600124813973,0.29113829980098616,2.329807170129848e-16,0.0747207822900992,0.03299002296989782,0.08737050270428875,0.0719380603986792,42.56282902326781,0.45918971338711956,45.66112721789247,0.4694409955451794,0.7429145481842123,0.7460441229128718,0.00016444921493525,4.7326087951660156e-05,0.7420715275924397,0.7356056178677761,0.000120639801025325,4.094839096069336e-05,2000.0,0.11449646090117617,0.05169572579200242,0.4385731599902384,0.47065691095894585,0.0,0.0,0.4627982133972093,0.46150606140799244,0.0,0.0,1.0,1.0,1.0,1.0,1.9881190227834091,2.078539790458069,0.0,0.0
472,472.0,0.2109613795153311,0.21096137951533211,0.0,0.2006220914929266,0.06692791479872531,0.022186617541592523,0.018999036517925526,5.165584852089615e-32,0.0,5.165584852089615e-32,0.0,0.210961379515331,0.21096137951533211,5.7578086853027344e-05,1.7583370208740234e-05,1.0,1.0,2.7418136596679688e-05,1.341104507446289e-05,0.0,2.4777073866335644,2.6310763130699133e-08,0.8861583018115227,0.9414113180833062,0.0,0.0,0.8861583018115269,0.941411318083309,0.0,0.0,0.0,0.0,0.0,0.0,4.350294384723258,4.30738539083537,0.0,0.0
473,473.0,0.21966324933088396,0.2196632493308833,0.0,0.1916829312738817,0.148270109493751,0.10342566500185052,0.04717737977625797,7.332765207964496e-32,0.0,4.3046540434080123e-32,0.0,0.21966324933088396,0.2196632493308833,5.0961971282958984e-05,1.5497207641601562e-05,0.25719901380094046,0.2571990138009346,2.1696090698242184e-05,1.2934207916259767e-05,1.0,3.1672588439332037,2.056833597244306,0.8890943531797301,0.9167401813349336,0.0,0.0,0.88909435317973,0.9167401813349365,0.0,0.0,0.0,0.0,0.0,0.0,4.237005086096188,4.198737638799104,0.0,0.0
474,474.0,0.31031210450441615,0.3103121045044161,1.208909515702948e-15,0.1732050807568877,1.1696931457263418,1.520798814133741,0.09316384542034938,8.038482805637384e-32,0.0,2.869769362272008e-32,0.0,0.31031210450441615,0.31031210450441615,4.89354133605957e-05,1.5139579772949219e-05,0.5223069706979228,0.5223069706979205,2.4497509002685543e-05,1.5079975128173828e-05,4.0,2.799816487997673,2.3637868638775625,0.929044915273632,0.9465589443102703,0.0,0.0,0.929044915273632,0.9465589443102703,0.0,0.0,0.0,0.0,0.0,0.0,1.7687327427454467,1.916177179595198,0.0,0.0
475,475.0,0.336016116740579,0.336016116740579,9.547918011776346e-16,0.1687023975571047,2.4229715683613904,1.4511539649101906,0.14296182186808432,6.495995605066376e-32,0.0,2.582792426044807e-32,0.0,0.336016116740579,0.336016116740579,4.762411117553711e-05,1.531839370727539e-05,0.34035474072474464,0.34035474072474464,2.1457672119140625e-05,1.3172626495361328e-05,5.0,2.6840026447912853,2.35969501052063,0.9265774222771096,0.9897201808992051,0.0,0.0,0.9265774222770414,0.9897201808981422,0.0,0.0,0.0,0.0,0.0,0.0,1.5365869816138527,1.4245414634138964,0.0,0.0
476,476.0,0.36066243247062457,0.36066243247062446,9.575673587391975e-16,0.1550919461871511,3.365460134926252,3.1003984137205407,0.2121235212543979,8.196704276454328e-32,0.0,1.8448517328891482e-32,0.0,0.36066243247062457,0.36066243247062446,4.535913467407227e-05,1.4841556549072267e-05,0.4507246118423486,0.4507246118423487,2.0623207092285153e-05,1.2993812561035158e-05,9.0,2.240849947093769,2.0588459884278505,0.8888515882412422,0.8801037870761896,0.0,0.0,0.8888515882412422,0.8801037870761899,0.0,0.0,0.0,0.0,0.0,0.0,2.3174104316241033,2.338970474364352,0.0,0.0
477,477.0,0.3889792104161648,0.38897921041616484,1.4062824978585316e-16,0.1524398244463844,2.4645943880314007,1.6049043463426642,0.1354975671274587,8.092805429752099e-32,0.0,1.721861617363205e-32,0.0,0.3889792104161648,0.38897921041616484,4.5657157897949226e-05,1.52587890625e-05,0.4038335671903102,0.40383356719031016,2.0444393157958984e-05,1.2516975402832031e-05,10.0,2.070418001090148,1.9938309918802068,0.8157319696142812,0.8770530405829052,0.0,0.0,0.8157319696142812,0.8770530405829051,0.0,0.0,0.0,0.0,0.0,0.0,2.018211988979264,2.1552975852036624,0.0,0.0
478,478.0,0.349396178077023,0.362580605737004,1.9574984907864601e-16,0.1436920876330724,1.6371514990460125,1.6283099618158303,0.20169874950079247,6.583341888164133,0.04939803970936672,7.181780438667847,0.06608335643996402,0.4185723236990997,0.40953066676932737,4.476308822631836e-05,1.531839370727539e-05,0.41960388348815836,0.41960388348815825,2.181529998779297e-05,1.3530254364013672e-05,14.0,1.7569822084266322,1.6547767290970918,0.8339118107007519,0.9471668233076989,0.0,0.0,0.8916838978798185,0.9465370021162619,0.0,0.0,0.0,0.0,0.0,0.0,1.7392368477809488,1.8405909911241685,0.0,0.0
479,479.0,0.3387659080756547,0.36657291384717955,3.33066907387547e-16,0.1418612413504763,1.0153638324700296,1.7270958226872608,0.3703227653750218,7.507634860562145,0.057189196116106455,8.555896624530519,0.08392117372160095,0.4491785947165645,0.4234063723020508,4.756450653076172e-05,1.4781951904296877e-05,0.4423643651851674,0.44232218412516205,2.110004425048828e-05,1.2516975402832031e-05,15.0,1.6784705136822526,1.719603837229839,0.9464274785129411,0.9585645453914202,0.0,0.0,0.874320542290329,0.9087037975388428,0.0,0.0,0.0,0.0,0.0,0.0,2.278734489134561,2.268357841534126,0.0,0.0
480,480.0,0.3734443317065641,0.37020666969650723,1.4571677198205177e-16,0.1355403005414767,1.9897739675943737,1.5842418435495347,0.13221232075011352,12.407158036991419,0.14023341937814235,13.477834151115443,0.14626202933553178,0.5418400417513919,0.5153442489021172,4.404783248901367e-05,1.4901161193847658e-05,0.6066988302501242,0.6073632477222634,2.199411392211914e-05,1.2516975402832031e-05,19.0,1.5735426454809778,1.5733683415813413,0.8146124631136064,0.8502346447429125,0.0,0.0,0.8343140440806951,0.8616696953194285,0.0,0.0,0.0,0.0,0.0,0.0,2.184092087937788,2.1902698081931966,0.0,0.0
481,481.0,0.3543317894380842,0.3612375837004763,1.396660564978447e-15,0.1341640786499873,1.287630483857356,1.0630146174808033,0.29909898748155683,14.00964123038564,0.17474236137277563,14.506527639294557,0.1666975362964823,0.5476599818933264,0.5927254512020581,5.066394805908203e-05,1.502037048339844e-05,0.5473747046463489,0.5278014206744771,2.181529998779297e-05,1.33514404296875e-05,20.0,1.5066496441033914,1.6303551110950125,0.838849942914867,0.8857700038116862,0.0,0.0,0.8497457582087435,0.8670891236487344,0.0,0.0,0.0,0.0,0.0,0.0,3.9028688829281086,4.030321787758193,0.0,0.0
482,482.0,0.37899466940673177,0.39755120659386944,2.8490282028983794e-16,0.1242371629699656,1.516424346191343,1.0160426929360256,0.305763830372598,21.520126245368644,0.2326029016043421,21.647062364485414,0.2449744582952123,0.663300898671515,0.6435698136784116,5.501508712768555e-05,1.52587890625e-05,0.6927858893919027,0.7193376414400168,2.9742717742919922e-05,1.3947486877441406e-05,29.0,1.2924723004556034,1.3135794905291114,0.7422758158150412,0.7541846078216695,0.0,0.0,0.7903481184516858,0.8106287680567502,0.0,0.0,0.0,0.0,0.0,0.0,2.3414362633318486,2.3905957820631167,0.0,0.0
483,483.0,0.3868591380132884,0.4116329696364718,2.8310687127941495e-16,0.1233400850701559,1.2375967606785707,1.3414095298503526,0.0691733070998452,21.440919065928778,0.2454932259748373,22.266833337170894,0.2754798477721516,0.6819387483341618,0.6363018739489744,5.6922435760498054e-05,1.52587890625e-05,0.664800962948815,0.6459357149195831,2.193450927734375e-05,1.341104507446289e-05,30.0,1.4169238412739829,1.42366683433153,0.7339536424745357,0.762564285497597,0.0,0.0,0.785819821778236,0.8052120491049395,0.0,0.0,0.0,0.0,0.0,0.0,2.3425255249700134,2.543219859608573,0.0,0.0
484,484.0,0.3605989587379375,0.4029448892975346,2.6194324487249787e-16,0.1060660171779821,0.5190893612452783,1.3523732518660836,0.09256390464724965,30.989852045985874,0.4374693997868635,33.3501391869208,0.41574627743541864,0.7788498074182445,0.8309631833858362,6.03795051574707e-05,1.5795230865478516e-05,0.8514984370291154,0.7899480406882363,2.7120113372802734e-05,1.4185905456542967e-05,59.0,0.8968457856505953,0.8175053876826858,0.7210317808897881,0.7626503148856774,0.0,0.0,0.6788889006348415,0.7472373828585013,0.0,0.0,0.0,0.0,1.0,1.0,3.1076839713680764,3.436316750872082,0.0,0.0
485,485.0,0.3550111357150598,0.4023372277943863,2.459571008400347e-16,0.105655696074697,0.33496913651470095,1.0051297712489031,0.12503306777216494,31.327070028330372,0.40547360455747783,33.4378193681144,0.42370828660649973,0.7793112652767298,0.7877096796986574,4.756450653076172e-05,1.5139579772949219e-05,0.7816383416423573,0.8294889478646537,2.473592758178711e-05,1.341104507446289e-05,60.0,0.8824216198777419,0.8712548061179488,0.717693878570334,0.7048355251947874,0.0,0.0,0.7192101896624541,0.7510563910175325,0.0,0.0,0.0,0.0,0.0,0.0,2.61039841755988,2.650508969192373,0.0,0.0
486,486.0,0.3129603514718357,0.38064184957308345,8.61744538161431e-16,0.0937181981076076,0.12619659525807944,0.6162535285111517,0.04992353945272043,36.000937186112125,0.4315978158968811,37.84363151277097,0.4845578762136179,0.7906570889019293,0.7870500340396116,5.4955482482910156e-05,1.6570091247558594e-05,0.8435947401167003,0.8361533507674843,2.330541610717773e-05,1.3470649719238281e-05,100.0,0.6065601609717028,0.571095144516392,0.6470330663449736,0.5969514046812621,0.0,0.0,0.644940560384516,0.6432307592526473,0.0,0.0,1.0,1.0,1.0,1.0,2.119900539898912,2.278149735758432,0.0,0.0
487,487.0,0.3128910905818677,0.3633137034182696,2.95361219758768e-16,0.0934963783320796,0.1268364884308539,0.4322119584539905,0.12173513555899258,35.40384039146545,0.4419360640523313,37.851330721027125,0.44778616671758176,0.7734880748590185,0.8154463268592267,4.83393669128418e-05,1.5974044799804688e-05,0.7900972659670129,0.7889368238089627,2.199411392211914e-05,1.3589859008789062e-05,101.0,0.6079107335596873,0.5993773458255988,0.5910713047637742,0.668323005900385,0.0,0.0,0.6465913903345554,0.651737142078564,0.0,0.0,1.0,1.0,1.0,1.0,2.489510481543805,2.3053854410439834,0.0,0.0
488,488.0,0.2640018338399147,0.325800258685945,1.399964155441966e-16,0.0792834955203553,0.06181296490831295,0.3893292333814315,0.10566718125483018,39.366596657902626,0.4719991237915251,42.742855494411195,0.5118455572768505,0.7954497539537726,0.8204946478184098,6.520748138427734e-05,1.806020736694336e-05,0.8035195602775324,0.8533526996963396,2.8431415557861328e-05,1.5795230865478516e-05,200.0,0.36856970931151445,0.32255556249840095,0.5934514710814207,0.5288788991428948,0.0,0.0,0.5965862594601974,0.5975372512902163,0.0,0.0,1.0,1.0,1.0,1.0,1.3086492281155282,1.5198716274882653,0.0,0.0
489,489.0,0.27101970053091673,0.3189562142760678,1.8768697491539356e-16,0.0791871020345141,0.0450857776449993,0.2568577978527173,0.07318341598147521,39.378037617266,0.4190618422900647,42.59026989634484,0.49339654824582563,0.7782978322865738,0.7524869684041812,6.747245788574219e-05,1.800060272216797e-05,0.7938875548711468,0.8188850416614246,3.0338764190673828e-05,1.5139579772949219e-05,201.0,0.38633479168132073,0.331365194612274,0.516744873845631,0.5335718189903441,0.0,0.0,0.5705678723910033,0.5855042371996845,0.0,0.0,1.0,1.0,1.0,1.0,1.995172156406639,2.0227336780070595,0.0,0.0
490,490.0,0.2576125821733419,0.30447684386925306,1.204864987380088e-16,0.0717870810719088,0.042498816445004146,0.19380558002740136,0.045020871330052524,40.25757360763497,0.4608765841791149,43.398399436643835,0.5117133410281893,0.7579940291111138,0.7420848744101833,6.622076034545898e-05,1.8417835235595703e-05,0.7567862899570154,0.7683924687072019,2.7894973754882812e-05,1.621246337890625e-05,300.0,0.28714451887216536,0.22973342697458338,0.5302345249426037,0.512030518205053,0.0,0.0,0.5317525154700873,0.5638464389229949,0.0,0.0,1.0,1.0,1.0,1.0,1.5807720115716721,1.48915248979582,0.0,0.0
491,491.0,0.2626963763595516,0.28730058059334107,2.2993589603143563e-16,0.071728359484065,0.051315971126314225,0.17598205013200635,0.13507437176303935,40.39270369990229,0.485410883516356,43.57561615383797,0.48001840217740804,0.75086565229458,0.7479706176653358,6.842613220214844e-05,2.014636993408203e-05,0.7569879601710364,0.7456465655341212,3.147125244140625e-05,1.6510486602783203e-05,301.0,0.28989190200396375,0.23741960436140203,0.5482163037960818,0.5245747645767053,0.0,0.0,0.528359062540182,0.5536294774567325,0.0,0.0,1.0,1.0,1.0,1.0,1.6709389076799313,1.600350270924987,0.0,0.0
492,492.0,0.24615159256770872,0.2786926209752686,3.201828377190575e-16,0.0668740304976421,0.04031287989346302,0.2429628384998068,0.040043673419859226,40.89987176712084,0.46772608112991165,44.358221449322855,0.49874100296990986,0.7488335358664089,0.7505536661536516,7.432699203491211e-05,1.9788742065429688e-05,0.7489915248940409,0.7458140539878524,3.2842159271240234e-05,1.6748905181884766e-05,400.0,0.23350207215073926,0.18458627440368286,0.45200572287194357,0.4906490305269421,0.0,0.0,0.5514451422889876,0.5797305660587725,0.0,0.0,1.0,1.0,1.0,1.0,2.2554332220566193,2.7386491096450207,0.0,0.0
493,493.0,0.25557650618681715,0.2861867616593752,1.125262991707517e-16,0.0668328138182823,0.09232875402085475,0.23286506254225964,0.0959026492782868,40.978926077926886,0.4418878282950317,44.198543597220336,0.5009775121005214,0.7572234229898884,0.7537533906760975,6.371736526489258e-05,2.03251838684082e-05,0.7473951394737126,0.7495575288361984,3.3795833587646484e-05,1.7523765563964844e-05,401.0,0.2329236214830826,0.18867944217409488,0.44405527222946367,0.5059385368981508,0.0,0.0,0.5248825883454435,0.5340699925591257,0.0,0.0,1.0,1.0,1.0,1.0,1.5525366478944054,1.5026461080072635,0.0,0.0
494,494.0,0.22823984618829823,0.27159698417000905,1.1607876376278865e-16,0.0632846540277329,0.024689542013220423,0.16992853354895485,0.042413887917064075,41.146679352226585,0.4538374984528349,44.776667925532166,0.4504321181468946,0.6936235881281828,0.7230185922971826,6.747245788574219e-05,2.0802021026611328e-05,0.754915813345842,0.7306998935949214,3.2007694244384766e-05,1.883506774902344e-05,500.0,0.2003818378784992,0.15488570335041277,0.44518204951393725,0.46614151085381583,0.0,0.0,0.5015797195327651,0.5175507747446454,0.0,0.0,1.0,1.0,1.0,1.0,2.0981993158678853,2.15048592803538,0.0,0.0
495,495.0,0.22802422375288856,0.2653349428086404,1.5655022293874487e-16,0.0632533637071538,0.02279098302824415,0.12199691473506383,0.055777087516616974,41.408910380471525,0.45467760866646617,44.784668177475986,0.4962939788757424,0.7328105452763463,0.7114286883937542,7.724761962890625e-05,2.181529998779297e-05,0.6952317256908884,0.7225379297414445,5.841255187988281e-05,2.002716064453125e-05,501.0,0.20552663475069882,0.15767518829876015,0.43196519636170017,0.5086738035532535,0.0,0.0,0.5165489808384659,0.5298232409335033,0.0,0.0,1.0,1.0,1.0,1.0,2.5271237898675243,2.366041763447509,0.0,0.0
496,496.0,0.2168084881599116,0.25547245071622643,1.230879493830287e-16,0.0604898365580354,0.0401344134006649,0.042445979954209095,0.029124195745680474,41.44485257167329,0.4481057848376906,45.00737727202282,0.4814754997826729,0.7236814699470175,0.7050048154670867,7.486343383789062e-05,2.2351741790771484e-05,0.7184824378044422,0.703725190861896,4.380941390991211e-05,2.002716064453125e-05,600.0,0.18542237320621427,0.13537444379294164,0.4397821550782521,0.45769564322400147,0.0,0.0,0.533483229449657,0.5138511307969479,0.0,0.0,1.0,1.0,1.0,1.0,1.7013634208466586,2.0176475916779903,0.0,0.0
497,497.0,0.21756570624197447,0.25615164558901354,8.725143819764536e-17,0.0604648665479445,0.031032696831971376,0.1783074337872676,0.04202503134729332,41.44368110766981,0.4487224390894843,44.936662036703666,0.4592587087870499,0.6822793063496556,0.7065993227148062,7.790327072143555e-05,2.2709369659423828e-05,0.7232457020981917,0.7041507146963892,4.1604042053222656e-05,1.9729137420654297e-05,601.0,0.19543537187391377,0.13654433569057345,0.47231312522523755,0.4635858672016023,0.0,0.0,0.4814121174600583,0.47733712646813536,0.0,0.0,1.0,1.0,1.0,1.0,3.114895029730374,3.0327584759635764,0.0,0.0
498,498.0,0.21005936069419817,0.24574092004559106,1.0102242131872876e-16,0.0582202378661938,0.027026387688238097,0.18880488211289048,0.056958977656904594,41.626203601683955,0.45696657392794593,44.88406045075578,0.4716134618315506,0.6785805421085318,0.6884510889237659,7.140636444091797e-05,2.2232532501220703e-05,0.6844508977410162,0.7131369559616654,3.319978713989258e-05,2.03251838684082e-05,700.0,0.17673001219159112,0.11890115693666722,0.47646590619092954,0.47634894514913,0.0,0.0,0.46502154883046687,0.5405919184141545,0.0,0.0,1.0,1.0,1.0,1.0,1.7050456405935264,1.7040941846552955,0.0,0.0
499,499.0,0.20999716432884874,0.2380135367715177,3.107759564327855e-16,0.0581996106750501,0.037806850625202025,0.24692940321983767,0.057077619596384375,41.48504708087147,0.4574168465353456,44.87649857837205,0.4766154982049705,0.6844275246275745,0.6902692199381322,8.33272933959961e-05,2.491474151611328e-05,0.6798735655853332,0.6878996153553629,5.125999450683594e-05,2.0563602447509762e-05,701.0,0.17647785472075073,0.12044216050517143,0.445511959392908,0.4864323149737846,0.0,0.0,0.49058734527412934,0.5407356144287884,0.0,0.0,1.0,1.0,1.0,1.0,1.7930727608449823,1.92550942524145,0.0,0.0
500,500.0,0.2022492483274848,0.23734601661222746,1.781873475547456e-16,0.0563212499490741,0.02055636682780455,0.10859508346766228,0.03572994150454175,41.83418695952362,0.45534961323896006,45.25211077360851,0.4805880965743967,0.6836251077380213,0.6900926800259554,8.14199447631836e-05,2.658367156982422e-05,0.6798277568532106,0.6873239136462106,4.9054622650146484e-05,2.1636486053466797e-05,800.0,0.16075058642824902,0.10706865907179605,0.4481473020095158,0.47349879165673714,0.0,0.0,0.4850350711366539,0.4960387496780267,0.0,0.0,1.0,1.0,1.0,1.0,1.6863448577236988,1.533209591429052,0.0,0.0
501,501.0,0.2025455406260627,0.22925021677573587,1.5806214897734084e-16,0.0563037724450463,0.0325931541156023,0.1377035666955634,0.044528835685923675,41.795190930191325,0.4539996681146159,45.269614678808125,0.47959029519498664,0.6827210600412491,0.6779169235500677,8.422136306762695e-05,2.6941299438476566e-05,0.6835520982204439,0.6898709243058058,5.340576171875e-05,2.2172927856445312e-05,801.0,0.16055024289410674,0.1079132986684986,0.42771903778184034,0.49156014050604036,0.0,0.0,0.4851206248312869,0.4912554254599889,0.0,0.0,1.0,1.0,1.0,1.0,2.0098457536658265,1.8853011201810157,0.0,0.0
502,502.0,0.19748254139924504,0.22558077415170336,1.9953345298926157e-16,0.0546964462183367,0.030750084377359575,0.17120463069295508,0.04165186855243513,41.99790976272262,0.4707718932287703,45.37337816827515,0.507573238955658,0.7009292576564857,0.6987586927826543,8.559226989746094e-05,2.8431415557861328e-05,0.6835548241748777,0.6788113200881746,5.996227264404297e-05,2.330541610717773e-05,900.0,0.14956686828491936,0.09711511285849538,0.44135269844266967,0.471394753366413,0.0,0.0,0.5269534336488245,0.5311742152096592,0.0,0.0,1.0,1.0,1.0,1.0,2.2415045067802803,2.7178980819933316,0.0,0.0
503,503.0,0.19528987899040812,0.22614975837620832,1.3032253716212513e-16,0.0546813471289152,0.033087870338931596,0.2905459146713838,0.04820831451797857,41.89138593524848,0.4792760936480669,45.82712806588483,0.48675781452956735,0.6834360835958708,0.7068006749233982,7.784366607666016e-05,2.6464462280273438e-05,0.7003102539085211,0.6983286922503953,5.78761100769043e-05,2.2888183593750003e-05,901.0,0.14940110944997578,0.09777479591606986,0.44357851951975674,0.49992592834627175,0.0,0.0,0.45106859815587574,0.5282087307974039,0.0,0.0,1.0,1.0,1.0,1.0,1.4215791531182638,1.41439884258457,0.0,0.0
504,504.0,0.1930717142978508,0.226773037597865,1.4035207490410562e-16,0.0532819044371004,0.1039132728474214,0.1545166774303652,0.04566930897999549,42.17584028776109,0.4422407123325258,45.603162503820755,0.47555085441222567,0.670269391999426,0.6629528305130126,8.338689804077148e-05,2.5391578674316406e-05,0.6874765696822047,0.7034085015718058,6.073713302612305e-05,2.378225326538086e-05,1000.0,0.14387148831238844,0.08889813296711008,0.47137204055579685,0.47455201063356134,0.0,0.0,0.4667571138371702,0.49469644402274454,0.0,0.0,1.0,1.0,1.0,1.0,2.0103931655106617,2.3570151126958114,0.0,0.0
505,505.0,0.18764220934149717,0.21136450389321795,2.644780793751678e-16,0.0532686584685351,0.06007957144174723,0.1443814532249234,0.048844936594832626,42.168156251179994,0.463697011602184,45.61964600807643,0.48947847781503306,0.6856378632421417,0.6794415116092597,9.500980377197266e-05,2.7298927307128903e-05,0.6704247627886095,0.6624495557005476,4.8100948333740234e-05,2.419948577880859e-05,1001.0,0.14440964316106236,0.0896704957586704,0.44201946461386826,0.45775325336294376,0.0,0.0,0.47230775211057074,0.509879945553313,0.0,0.0,1.0,1.0,1.0,1.0,2.081451144630456,2.0903922718148307,0.0,0.0
506,506.0,0.18758336445869356,0.21355848838892097,2.4206378480345323e-16,0.0520332179399164,0.0217819467652589,0.07507431507110587,0.047580673533957424,42.19109377952605,0.4392765266448246,45.78786129357258,0.49007302346473475,0.6847910076082655,0.6491753934440074,8.046627044677734e-05,2.7179718017578125e-05,0.6861435475493578,0.6751982340039064,5.4895877838134766e-05,2.5153160095214844e-05,1100.0,0.14026969364646572,0.08247086409187303,0.44807365087186884,0.46863980757874724,0.0,0.0,0.5119243227776993,0.5387191700890266,0.0,0.0,1.0,1.0,1.0,1.0,1.2814813424638947,1.4802089425099367,0.0,0.0
507,507.0,0.18690551831257074,0.21544830598604148,1.238711765268936e-16,0.0520214523726432,0.03490059624891725,0.13791365612996737,0.03025010216515505,42.20718921559353,0.469839953474074,45.42381619062557,0.48199149884462533,0.6773598337342966,0.6828229795944964,8.82744789123375e-05,2.7477741241455078e-05,0.684300618325259,0.6497456411658404,4.756450653076172e-05,2.419948577880859e-05,1101.0,0.140353176945036,0.08310681869204539,0.44351430817392085,0.4807330829154455,0.0,0.0,0.48671570948290743,0.5155097501076398,0.0,0.0,1.0,1.0,1.0,1.0,2.506931327474769,3.0913081416277137,0.0,0.0
508,508.0,0.1823600226144379,0.20952434556102972,4.227139615751219e-16,0.0509183700507051,0.04074582096654915,0.1326526775956154,0.026032259745988977,42.21253415966713,0.4631830767855226,45.855256953414845,0.47703470581485924,0.6722318975014143,0.6686084526420366,0.000115573406219425,3.933906555175782e-05,0.6685992257660864,0.6751618056096139,6.794929504392656e-05,3.5822391510009766e-05,1200.0,0.13511145192006663,0.07663337199936499,0.4319590853559939,0.4672271375758119,0.0,0.0,0.4773882909131492,0.5070445729740246,0.0,0.0,1.0,1.0,1.0,1.0,2.727251399557002,2.5239683053328257,0.0,0.0
509,509.0,0.18209614822981934,0.20583766279406918,1.2082651076455373e-17,0.0509078115493494,0.036808238830417374,0.1996223541209474,0.04262283246498552,42.25198814819345,0.45823686253086604,45.52118796739542,0.47860762767616954,0.672679520105556,0.666676510832615,9.709596633910351e-05,3.123283386230469e-05,0.6724619721523377,0.6690619564402819,7.414817810058594e-05,2.8669834136962887e-05,1201.0,0.13630921620164374,0.07696278082929912,0.4390576988960352,0.4772463975119232,0.0,0.0,0.47777823555230675,0.5049358166821302,0.0,0.0,1.0,1.0,1.0,1.0,2.9582808769247944,2.6816971913950427,0.0,0.0
510,510.0,0.18428660508095623,0.2106413976390624,1.4037149964459216e-16,0.0504135024201063,0.04092642391333352,0.07936770055675878,0.0452651946106925,42.244572115688065,0.4577045105057228,45.47215810211865,0.498980488230047,0.6892283007408858,0.6618395603584535,0.00011920928955072501,3.272294998168945e-05,0.669200448852363,0.6633796342922147,6.705522537231445e-05,3.540515899658203e-05,1249.0,0.1360885034493701,0.07449604031408284,0.45597160194352904,0.49184945133535746,0.0,0.0,0.48896172222003204,0.5054980072549797,0.0,0.0,1.0,1.0,1.0,1.0,1.7473324952694107,1.996272009945628,0.0,0.0
511,511.0,0.18422329678896643,0.21111523240133132,1.809530834159966e-16,0.0504034568875922,0.04229942493839185,0.17291967879282302,0.03944370162207628,42.31387496419954,0.4716303826759403,45.47283772012839,0.5110035699120075,0.711238228484484,0.6753446924190243,9.41753387451168e-05,2.8133392333984375e-05,0.6898502860200691,0.662207019725039,6.681680679321289e-05,2.8371810913085934e-05,1250.0,0.13597927010292157,0.0749662588918383,0.4399217731556247,0.48150761870741826,0.0,0.0,0.47923724373429644,0.5020442355680198,0.0,0.0,1.0,1.0,1.0,1.0,1.4401093474191704,1.608739558915337,0.0,0.0
512,512.0,0.1835963883645682,0.2031712177198504,9.724022353613439e-17,0.0499135692533823,0.03204688912956043,0.1349633792997338,0.0658502479200251,42.245987853010185,0.4526773902315174,45.750402071709246,0.49001798463000423,0.6704119269731479,0.6691790084990723,0.00010037422180175,2.9742717742919922e-05,0.7064876529099007,0.6745489303452495,4.869699478149414e-05,2.717971801757812e-05,1300.0,0.13540542239633996,0.07247336250843596,0.42719394986562387,0.473417218339257,0.0,0.0,0.48620102040617397,0.48949078590284095,0.0,0.0,1.0,1.0,1.0,1.0,2.1471560803212695,2.3164551234094355,0.0,0.0
513,513.0,0.17936978949200716,0.19955081124240914,1.6334560044542406e-16,0.0499040118438005,0.05098270793678235,0.12899303110316396,0.04551987402373918,42.21024772167407,0.4491028019254496,45.755755525144,0.48964270333646587,0.6758225249989972,0.6537783359980347,8.720159530639648e-05,3.033876419067383e-05,0.6705599995973968,0.6693698094983556,4.744529724121094e-05,2.7418136596679688e-05,1301.0,0.1353011400083275,0.07289195953149996,0.4384644195085596,0.46794671274786065,0.0,0.0,0.49222318242924123,0.5073115741780935,0.0,0.0,1.0,1.0,1.0,1.0,3.0163098720074504,3.5193379743462847,0.0,0.0
514,514.0,0.17625711682984768,0.20183507469083398,1.369011665596501e-16,0.0490006875289004,0.059362732747104,0.1402184864273294,0.04488908575149245,42.26982495023765,0.46530374974480976,45.9055996286136,0.4648464357149355,0.6454702918113298,0.6642951092672058,9.72151756286379e-05,4.172325134277344e-05,0.6700253501203474,0.6531839055616597,6.008148193359375e-05,3.0279159545898438e-05,1400.0,0.13048602426745826,0.06826339148662935,0.4439256445056585,0.48061541439705213,0.0,0.0,0.45173893028342677,0.49532511897097353,0.0,0.0,1.0,1.0,1.0,1.0,1.698078312049332,2.0152673866426825,0.0,0.0
515,515.0,0.17651438762427618,0.19743228251579154,1.04270946231687e-16,0.0489919724218365,0.0265641570440493,0.14796427241526544,0.040828957862686324,42.322459920458705,0.46209165237552785,45.90392143304723,0.46451581947330955,0.6451052998110459,0.6626517041193217,9.661912918088945e-05,4.166364669799805e-05,0.6451052998110551,0.6641738188278434,6.395578384399414e-05,2.968311309814453e-05,1401.0,0.13039353126565761,0.0685945531987975,0.4350852547552771,0.4721825140771133,0.0,0.0,0.44441769358113864,0.4865993367979209,0.0,0.0,1.0,1.0,1.0,1.0,1.6394467625643245,1.7582491240898372,0.0,0.0
516,516.0,0.17838618773963535,0.20278771975964832,1.7708943059014299e-16,0.0481736214549236,0.030681196891237026,0.09719214809592808,0.04723007307620718,42.36605416040914,0.46649588877333714,45.49097035550791,0.46867128867623875,0.6535803061684485,0.6727220447789888,9.828805923460468e-05,4.3392181396484375e-05,0.6400351177085353,0.664694218835771,6.145238876342773e-05,3.081560134887695e-05,1499.0,0.1240476968130502,0.0644495558648126,0.434588285824969,0.45831544258490864,0.0,0.0,0.4427125082151873,0.4702808587280961,0.0,0.0,1.0,1.0,1.0,1.0,2.7763461912551906,2.979991307206892,0.0,0.0
517,517.0,0.17837127916342171,0.19268442902156385,3.630355521552526e-16,0.048165617197531,0.017516569991130326,0.10960359021555627,0.03387958742678163,42.37295601844426,0.4698117254332801,45.48217290323383,0.4681586038114052,0.6530424963261022,0.6587785686559054,0.000103056430816575,3.49879264831543e-05,0.6532344326112403,0.6727749945619133,6.0617923736572266e-05,3.0517578125e-05,1500.0,0.12396479337339382,0.06470707769841483,0.44490299930475696,0.46961492167814634,0.0,0.0,0.44253762741560276,0.47020295618021823,0.0,0.0,1.0,1.0,1.0,1.0,3.1150786574605327,2.818432631145955,0.0,0.0
518,518.0,0.17841709522345067,0.19432847955763924,2.4559814120442955e-16,0.0481576195854335,0.017155628011096248,0.13812382385367522,0.03989937290316445,42.29489323488764,0.4744935685020997,45.182170008490075,0.46813090273173974,0.6527581627827705,0.657459056635849,0.000104069709777775,3.68952751159668e-05,0.6527581627827705,0.6590087654395087,8.7738037109375e-05,3.224611282348633e-05,1501.0,0.1238824785248395,0.06502751405004863,0.4496761412021452,0.49801330256110926,0.0,0.0,0.44117130222968426,0.47057484792649096,0.0,0.0,1.0,1.0,1.0,1.0,1.372774540411085,1.5129508699161454,0.0,0.0
519,519.0,0.17746587594247343,0.19834449472327226,6.197880561147291e-17,0.047397179170779,0.03294625674607225,0.15052575344452634,0.04187456343788645,42.423194703068155,0.45694161062350064,45.66540169936069,0.4791566828399213,0.6537077831460225,0.6541324211190754,0.0001108646392822,3.457069396972656e-05,0.6484247895186795,0.6567199873817453,8.958578109741211e-05,3.248453140258789e-05,1600.0,0.11825623793897527,0.061356593998497126,0.4361088538373955,0.4505671699786985,0.0,0.0,0.4697379472242028,0.4924521047474487,0.0,0.0,1.0,1.0,1.0,1.0,2.1876153303725108,1.830752232118309,0.0,0.0
520,520.0,0.1773329584448291,0.19955896831668954,1.6738029255128645e-16,0.0473897993061457,0.024398975307121824,0.14130367076722902,0.040691077534574974,42.462954379860555,0.46341736704606357,45.668087041021536,0.47827265923562323,0.6534212387865712,0.6518955143778373,0.00013870000839232499,4.2319297790527344e-05,0.653489060297259,0.6539669592189263,8.207559585569531e-05,3.421306610107422e-05,1601.0,0.11818244688218575,0.0615774109662814,0.44389639437973266,0.46381029067766744,0.0,0.0,0.4807513293403756,0.4912488937046482,0.0,0.0,1.0,1.0,1.0,1.0,2.8794011081522655,2.7788410189760535,0.0,0.0
521,521.0,0.18339366731938456,0.19307276982013197,1.1772922161421016e-16,0.0466863755139995,0.03793456061976028,0.13763765391195193,0.03982381406240165,42.4293575933075,0.46640719191360624,45.732342362796274,0.4729918125571655,0.6535834668418191,0.6695434243481643,0.000104784965515075,3.504753112792969e-05,0.6555944309097852,0.6443536339261884,7.152557373046875e-05,3.17692756652832e-05,1700.0,0.11656033032828213,0.0582564056680025,0.43978614845649316,0.47467198572187047,0.0,0.0,0.45345887710206606,0.5069113856283106,0.0,0.0,1.0,1.0,1.0,1.0,2.317070822494422,2.4823753588505744,0.0,0.0
522,522.0,0.1824762135367313,0.19367681155392336,6.745288188886135e-17,0.046679532512641,0.0435006150510162,0.0850858945632353,0.025895421451423276,42.4147963764817,0.4439790162638947,45.76749878915031,0.46953748443249343,0.6471206872868044,0.6427777653305696,0.000121295452117875,5.209445953369141e-05,0.6532772780429962,0.6695111330801948,7.76052474975586e-05,3.796815872192383e-05,1701.0,0.11649171561010177,0.05859780302733032,0.4538697303694849,0.4584081156429224,0.0,0.0,0.4742193980124447,0.4826259442582181,0.0,0.0,1.0,1.0,1.0,1.0,1.528715141040344,1.4641208627152538,0.0,0.0
523,523.0,0.17391795757855838,0.194412975341822,2.1362615211572996e-16,0.0463568435918934,0.03096921450924125,0.03901701921131455,0.030407415353692974,42.46391536062286,0.4504851193787007,45.52401532906453,0.47807182361326683,0.6562760383411078,0.6329072874510439,0.000111579895019475,4.029273986816406e-05,0.6426783391695663,0.6404537143260574,9.560585021971367e-05,3.6716461181640625e-05,1749.0,0.11708275470274496,0.05729259073188123,0.4287653773727325,0.47004516189858303,0.0,0.0,0.4644737465572938,0.483365585177425,0.0,0.0,1.0,1.0,1.0,1.0,2.107891141984746,2.299303132581228,0.0,0.0
524,524.0,0.17289308727090152,0.1862768243860471,4.78344809156873e-16,0.0463502386414385,0.03153755946550515,0.12357032019644973,0.025061113468836924,42.46059816376167,0.4534408998680656,45.682339117359405,0.47680014687414923,0.6495422616221609,0.6499931027604064,0.00012129545211787501,3.4809112548828125e-05,0.6561570395021675,0.6329085209804108,9.39965248107715e-05,3.314018249511719e-05,1750.0,0.11777041443030208,0.05751360947907477,0.44225246191659834,0.45537250846533,0.0,0.0,0.464473746442971,0.4952706866854802,0.0,0.0,1.0,1.0,1.0,1.0,1.764420374424068,1.9108236261934612,0.0,0.0
525,525.0,0.17013838800849213,0.18837286837199765,1.242619426869237e-16,0.0460258643504967,0.028236178855877325,0.05453148967353623,0.04544390103546895,42.465277961116925,0.4675924045915565,45.36070998542486,0.4715451198225727,0.6417327082823839,0.6536498512854914,0.000128686428070025,3.552436828613281e-05,0.6491359497585381,0.6501678857413857,0.00011676549911492499,4.470348358154297e-05,1800.0,0.11754222516384527,0.05615882123994775,0.4577364009696008,0.4647507815152079,0.0,0.0,0.4664822615485859,0.4787616329631445,0.0,0.0,1.0,1.0,1.0,1.0,1.8335526072180253,1.9487522172443517,0.0,0.0
526,526.0,0.17009833053878884,0.19377855734295263,4.899489206125414e-17,0.0460194917834557,0.015817649022210375,0.09897377307061098,0.03381642786553125,42.491933312881315,0.46304067513389746,45.35604441757022,0.47128402064215824,0.641452706722353,0.650198648005044,0.000118613243103,5.602836608886719e-05,0.6414527067223521,0.6534496564351477,0.00010329484939569999,5.1081180572509766e-05,1801.0,0.11747707887449997,0.056379311411318744,0.45561864907634636,0.45876845689628865,0.0,0.0,0.46648226154859596,0.47870573590619636,0.0,0.0,1.0,1.0,1.0,1.0,2.876903855491738,3.244319362586528,0.0,0.0
527,527.0,0.1733460571366393,0.1905465495073841,1.0807919155734134e-16,0.0454095825775839,0.030809915275312925,0.0775480774464085,0.0285192060982808,42.481307261944174,0.44006835023707375,45.72744019037398,0.48256709761006067,0.6554709254981713,0.6343087982498072,0.00014454126358029999,4.2557716369628906e-05,0.6394871421295367,0.6455190560618511,7.992982864379883e-05,3.463029861450195e-05,1900.0,0.1158449714953699,0.05360976395313005,0.4422886326378053,0.4707216748089829,0.0,0.0,0.45349909694664015,0.5046088532333217,0.0,0.0,1.0,1.0,1.0,1.0,1.0052205581265148,0.9498461710105954,0.0,0.0
528,528.0,0.17414366317814844,0.18961107330510021,2.0532718582390748e-18,0.0454036252691477,0.01691380242118605,0.08048674993915478,0.029522656870540176,42.440248449981254,0.45413235453043144,45.70610041470594,0.47628309790564677,0.6381283820852383,0.6474647037666049,0.000118076801299975,4.357099533081055e-05,0.6551937360833622,0.6341722587557598,7.456541061401367e-05,3.510713577270508e-05,1901.0,0.11578404002165073,0.053829564543951325,0.43640409881047015,0.4675446862271399,0.0,0.0,0.4486364824163281,0.4961327381506787,0.0,0.0,1.0,1.0,1.0,1.0,2.034012827172718,2.252367626153852,0.0,0.0
529,529.0,0.1719369259842327,0.18172349780653818,6.444445775425215e-17,0.0448380612007194,0.03398495615692805,0.09938587754731992,0.046259767666924675,42.533689714478385,0.45702394921905315,45.66322795726713,0.468742433266367,0.6362934979880914,0.6340897303187515,0.00011980533599844999,4.0590763092041016e-05,0.6307766693454772,0.6417459514332743,0.00010067224502561368,3.707408905029297e-05,1999.0,0.11307607525380008,0.05144111451679742,0.4387101955890021,0.48293342108276544,0.0,0.0,0.4623505581231027,0.47645825795744423,0.0,0.0,1.0,1.0,1.0,1.0,2.3642870401812557,2.049300455555265,0.0,0.0
530,530.0,0.17173784181898244,0.17610432444483098,2.329807170129848e-16,0.0448324693740595,0.01747387490468095,0.09096864989260206,0.0250187587225809,42.56282902326781,0.4595937428975965,45.66112721789247,0.46859815547929806,0.6371494483551571,0.6370162429692168,0.00015503168106075,4.470348358154297e-05,0.6363353054657088,0.6339183514793661,0.000115215778350775,3.6597251892089844e-05,2000.0,0.11444455697909757,0.05164382186992382,0.4335823811117478,0.4655477022133619,0.0,0.0,0.4560028965046491,0.47992576185262614,0.0,0.0,1.0,1.0,1.0,1.0,1.9881190227834091,2.078539790458069,0.0,0.0
531,531.0,0.07032045983845656,0.07032045983845363,0.0,0.0668740304976422,0.0712253918754868,0.012595769832841976,0.021269274468068002,5.165584852089615e-32,0.0,5.165584852089615e-32,0.0,0.07032045983845656,0.07032045983845363,5.078315734863282e-05,1.6033649444580078e-05,1.0,1.0,1.949071884155273e-05,1.2516975402832031e-05,0.0,2.4777073866335644,2.6310763130699133e-08,0.8861583018115439,0.9414113180833076,0.0,0.0,0.8861583018115439,0.9414113180833107,0.0,0.0,0.0,0.0,0.0,0.0,4.350294384723258,4.30738539083537,0.0,0.0
532,532.0,0.07322108311029815,0.07322108311029632,0.0,0.0638943104246272,0.2071101957699284,0.04740435117855665,0.017990120279137,7.332765207964496e-32,0.0,4.3046540434080123e-32,0.0,0.07322108311029815,0.07322108311029632,4.7326087951660156e-05,1.4603137969970703e-05,0.10520795438265605,0.10520795438264818,2.2113323211669922e-05,1.239776611328125e-05,1.0,3.164279123860189,2.053853877171291,0.8890943531797301,0.9167401813349352,0.0,0.0,0.88909435317973,0.916740181334936,0.0,0.0,0.0,0.0,0.0,0.0,4.237005086096188,4.198737638799104,0.0,0.0
533,533.0,0.10348972859422165,0.10348972859422158,1.208909515702948e-15,0.0577350269189625,1.4012998065445574,1.2621375684975646,0.10964219376910472,8.038482805637384e-32,0.0,2.869769362272008e-32,0.0,0.10348972859422165,0.10348972859422158,4.780292510986328e-05,1.502037048339844e-05,0.37898769052636777,0.3789876905263676,2.193450927734375e-05,1.436471939086914e-05,4.0,2.796160886566201,2.3601312624460915,0.929044915273632,0.9465589443102702,0.0,0.0,0.929044915273632,0.9465589443102703,0.0,0.0,0.0,0.0,0.0,0.0,1.7687327427454467,1.916177179595198,0.0,0.0
534,534.0,0.1121219112568804,0.11212191125688042,9.547918011776346e-16,0.0562341325190349,1.5500504292431287,1.5176753859850578,0.03039941110182545,6.495995605066376e-32,0.0,2.582792426044807e-32,0.0,0.1121219112568804,0.11212191125688042,4.446506500244141e-05,1.4543533325195312e-05,0.11465722763889788,0.11465722763889792,1.9490718841552734e-05,1.329183578491211e-05,5.0,2.6804560121317498,2.3561483778610937,0.9291429415495858,0.9914250318502849,0.0,0.0,0.9291429415495858,0.9914250318502849,0.0,0.0,0.0,0.0,0.0,0.0,1.5365869816138527,1.4245414634138964,0.0,0.0
535,535.0,0.1261704145438723,0.12617041454387232,9.575673587391975e-16,0.051697315395717,3.7278484129346907,4.282155463064555,0.13702083367388693,8.196704276454328e-32,0.0,1.8448517328891482e-32,0.0,0.1261704145438723,0.12617041454387232,4.8041343688964844e-05,1.4901161193847658e-05,0.27259054373564695,0.27259054373564684,2.008676528930664e-05,1.2874603271484375e-05,9.0,2.237814604073384,2.055810645407466,0.9580376163816599,0.964638957185102,0.0,0.0,0.9580376163816596,0.9646389571851016,0.0,0.0,0.0,0.0,0.0,0.0,2.3174104316241033,2.338970474364352,0.0,0.0
536,536.0,0.14472202857064398,0.14472202857064398,1.4062824978585316e-16,0.0508132748154614,3.3632093549822457,2.6763923005783,0.10000761883566148,8.092805429752099e-32,0.0,1.721861617363205e-32,0.0,0.14472202857064398,0.14472202857064398,4.792213439941406e-05,1.4841556549072267e-05,0.14845497669405144,0.14845497669405136,2.008676528930664e-05,1.2934207916259767e-05,10.0,2.0674978636933883,1.990910854483447,0.9384762948129406,0.9698822588620254,0.0,0.0,0.9384762948129407,0.9698822588620258,0.0,0.0,0.0,0.0,0.0,0.0,2.018211988979264,2.1552975852036624,0.0,0.0
537,537.0,0.1383402404009259,0.12488701569348087,1.9574984907864601e-16,0.0478973625443574,3.8432541130459867,3.2190305851399903,0.14280698541551828,6.583341888164133,0.05628781954289747,7.181780438667847,0.0661514343563813,0.2243236694438664,0.21243100705087367,5.1319599151611335e-05,1.5616416931152344e-05,0.20718265022385723,0.20718265022385718,2.1338462829589844e-05,1.33514404296875e-05,14.0,1.7544519860328611,1.6522465067033207,1.0504984766337584,1.0816258876428488,0.0,0.0,0.9587240905650221,1.0501929950565057,0.0,0.0,0.0,0.0,0.0,0.0,1.7392368477809488,1.8405909911241685,0.0,0.0
538,538.0,0.1245962882656995,0.13011872532288374,3.33066907387547e-16,0.0472870804501587,2.1768421896267682,2.69718503538752,0.09540516679408027,7.507634860562145,0.0586006946955,8.555896624530519,0.07499674618980168,0.19577789550206573,0.2135939725611175,4.976987838745117e-05,1.4543533325195312e-05,0.23682367718731645,0.25441008913684,2.1517276763916016e-05,1.5318393707275394e-05,15.0,1.6760221449263173,1.7171554684739039,1.0218892515927998,1.0199951925162014,0.0,0.0,1.0158991544846723,1.1245986602157603,0.0,0.0,0.0,0.0,0.0,0.0,2.278734489134561,2.268357841534126,0.0,0.0
539,539.0,0.13813978446120112,0.1355829178827715,1.4571677198205177e-16,0.0451801001804922,3.180121059413068,2.2090678272070363,0.15412125911097968,12.407158036991419,0.17798254405648886,13.477834151115443,0.17113717235886627,0.31985512905381697,0.32222768437316285,4.7206878662109375e-05,1.4662742614746094e-05,0.3364635913136255,0.34374466606565285,2.026557922363281e-05,1.2934207916259767e-05,19.0,1.5713732524492627,1.5711989485496265,0.9223870661147271,0.9686258834494735,0.0,0.0,0.9429221746576109,1.0091998460451015,0.0,0.0,0.0,0.0,0.0,0.0,2.184092087937788,2.1902698081931966,0.0,0.0
540,540.0,0.1292111940351841,0.1324063901215825,1.396660564978447e-15,0.0447213595499957,2.273854136117734,1.697763177740853,0.19718240917427463,14.00964123038564,0.22713858300585538,14.506527639294557,0.20915943420505018,0.3331029735769276,0.3793795402988004,4.7147274017333984e-05,1.531839370727539e-05,0.33362614041122796,0.3349233878044552,1.9907951354980465e-05,1.2636184692382812e-05,20.0,1.5045398659179015,1.6282453329095226,0.8722145702329396,0.9121480592120134,0.0,0.0,0.8478024359007977,0.9811963734527904,0.0,0.0,0.0,0.0,0.0,0.0,3.9028688829281086,4.030321787758193,0.0,0.0
541,541.0,0.14055381483806667,0.13978246323381277,2.8490282028983794e-16,0.0414123876566552,1.493772557005286,2.173230108455755,0.1630641398951411,21.520126245368644,0.26447288928847085,21.647062364485414,0.2636406585427548,0.4281075362837964,0.41835031090781205,5.4001808166503906e-05,1.5079975128173828e-05,0.5199454421426526,0.5187717332334809,2.4080276489257812e-05,1.2636184692382812e-05,29.0,1.290774857599538,1.3118820476730453,0.7890183289622874,0.9015950278169746,0.0,0.0,0.8956838412418284,0.903929038148776,0.0,0.0,0.0,0.0,0.0,0.0,2.3414362633318486,2.3905957820631167,0.0,0.0
542,542.0,0.14446591263738914,0.15651965539698356,2.8310687127941495e-16,0.0411133616900519,1.0907425689511,1.2132359758834355,0.07891469792230048,21.440919065928778,0.32973680943038886,22.266833337170894,0.2897209169524418,0.44039627964505107,0.4943229939985417,5.3882598876953125e-05,1.5139579772949219e-05,0.4343747493092539,0.41965935751276173,2.2351741790771484e-05,1.3172626495361328e-05,30.0,1.4152618626412352,1.4220048556987825,0.861232712154682,0.8953962159262194,0.0,0.0,0.8669949823692081,0.9038524159573196,0.0,0.0,0.0,0.0,0.0,0.0,2.3425255249700134,2.543219859608573,0.0,0.0
543,543.0,0.12297467277841581,0.14017800616500506,2.6194324487249787e-16,0.0353553390593273,0.6145881439442746,1.3976630582474172,0.04886916582472615,30.989852045985874,0.48081147220697784,33.3501391869208,0.4774266260433825,0.62919565363565,0.6286830263986593,5.4836273193359375e-05,1.5556812286376953e-05,0.6960194235918649,0.708241243738634,2.03251838684082e-05,1.2934207916259767e-05,59.0,0.8957951626026515,0.816454764634742,0.8311063247011247,0.8100163886249319,0.0,0.0,0.7499672196971368,0.8399053670341396,0.0,0.0,0.0,0.0,0.0,0.0,3.1076839713680764,3.436316750872082,0.0,0.0
544,544.0,0.13273203147052623,0.15017034554677444,2.459571008400347e-16,0.0352185653582323,0.6797209670185111,1.3554517895681784,0.13944611512124533,31.327070028330372,0.5157050414670916,33.4378193681144,0.5084828702218358,0.6500464352520443,0.6698969301121535,5.155801773071289e-05,1.5795230865478516e-05,0.621256650810785,0.6292488147367596,2.2709369659423828e-05,1.3172626495361328e-05,60.0,0.8813837357748104,0.8702169220150173,0.907554331264,0.8592065272477025,0.0,0.0,0.8491806310542042,0.8604017734848208,0.0,0.0,0.0,0.0,0.0,0.0,2.61039841755988,2.650508969192373,0.0,0.0
545,545.0,0.11688841693080335,0.13209503411225615,8.61744538161431e-16,0.0312393993692025,0.2991492968285456,0.4607599164592102,0.04225027654319995,36.000937186112125,0.49657239148767096,37.84363151277097,0.48399663858462294,0.5988255515449751,0.6224818564752729,5.5193901062011726e-05,1.7464160919189453e-05,0.7597440644906087,0.8363856801144278,2.4139881134033203e-05,1.3649463653564453e-05,100.0,0.6058545247117337,0.5703895082564229,0.7138274639377831,0.6921198247978997,0.0,0.0,0.6434109814895776,0.7091881587558969,0.0,0.0,0.0,0.0,0.0,0.0,2.119900539898912,2.278149735758432,0.0,0.0
546,546.0,0.11651601487532577,0.12830653840876916,2.95361219758768e-16,0.0311654594440265,0.2493857103399932,0.41951625299407164,0.06750068487599487,35.40384039146545,0.48279300370751,37.851330721027125,0.5387005006176434,0.6643879006560724,0.6130079647364022,5.429983139038086e-05,1.5735626220703125e-05,0.6078006889450689,0.6286540361595325,2.4795532226562497e-05,1.3649463653564453e-05,101.0,0.6072105654998124,0.5986771777657239,0.6235951658096215,0.6800670919580963,0.0,0.0,0.6579870395829006,0.7242282826508687,0.0,0.0,0.0,0.0,0.0,0.0,2.489510481543805,2.3053854410439834,0.0,0.0
547,547.0,0.096715740520506,0.12160974275813285,1.399964155441966e-16,0.0264278318401184,0.12744078238029033,0.33933062024880195,0.06236409029224882,39.366596657902626,0.6032446768236011,42.742855494411195,0.5041134015488354,0.622461184602999,0.7232054360085086,5.9545040130615234e-05,1.7523765563964844e-05,0.7033074346499556,0.6889405512565632,2.7477741241455078e-05,1.5020370483398438e-05,200.0,0.3681672595736286,0.32215311276051517,0.6172194136164032,0.679939085232302,0.0,0.0,0.6019283122933591,0.6211764196205865,0.0,0.0,0.0,0.0,0.0,0.0,1.3086492281155282,1.5198716274882653,0.0,0.0
548,548.0,0.1004087739404599,0.11447408209237794,1.8768697491539356e-16,0.0263957006781713,0.095638005703222,0.27927481743972743,0.036298928491305546,39.378037617266,0.5583429552224277,42.59026989634484,0.5074538562452682,0.6226002948942339,0.6772193508342311,6.222724914550781e-05,1.7344951629638672e-05,0.6227715258189905,0.7228144030206414,2.431869506835937e-05,1.5616416931152344e-05,201.0,0.3859340161385537,0.3309644190695069,0.5788216788849581,0.6543105805864969,0.0,0.0,0.5808341923561136,0.5654750722378185,0.0,0.0,0.25,0.0,0.25,0.0,1.995172156406639,2.0227336780070595,0.0,0.0
549,549.0,0.09379942926387665,0.1086867526182853,1.204864987380088e-16,0.0239290270239696,0.15075765969231725,0.22557273105485365,0.028274328564293624,40.25757360763497,0.5401043757856384,43.398399436643835,0.5367918831325303,0.6307624954025026,0.6680570230398526,6.80088996887207e-05,1.943111419677734e-05,0.6409464429215309,0.7087957358563057,3.230571746826172e-05,1.609325408935547e-05,300.0,0.28685917001187516,0.2294480781142931,0.5987919680013849,0.5763842777947512,0.0,0.0,0.5369066818763348,0.5423335611470421,0.0,0.0,1.0,0.25,0.0,1.0,1.5807720115716721,1.48915248979582,0.0,0.0
550,550.0,0.09544748158565358,0.09799610856301227,2.2993589603143563e-16,0.023909453161355,0.1540606638300232,0.16780929960077623,0.028735005646012675,40.39270369990229,0.5331113836015401,43.57561615383797,0.5262176303015459,0.6292127577100051,0.6340076424036626,6.395578384399414e-05,1.895427703857422e-05,0.6295072416502691,0.6661479981496928,3.063678741455078e-05,1.5735626220703125e-05,301.0,0.28960736837922013,0.2371350707366584,0.5665524593704867,0.5686379378336888,0.0,0.0,0.572430540188039,0.5298019052290404,0.0,0.0,1.0,1.0,1.0,1.0,1.6709389076799313,1.600350270924987,0.0,0.0
551,551.0,0.08704821595120815,0.0976138336165665,3.201828377190575e-16,0.022291343499214,0.15880327724153173,0.20076739357318726,0.0464090019231662,40.89987176712084,0.5035540691705238,44.358221449322855,0.5610153829898307,0.6531570553883572,0.6039817926229964,7.212162017822266e-05,2.026557922363281e-05,0.6427501941686025,0.6240595983028017,3.463029861450195e-05,1.71661376953125e-05,400.0,0.23327971460959995,0.18436391686254355,0.4815761999045905,0.5210047711935701,0.0,0.0,0.5548906440134665,0.6148518195511437,0.0,0.0,1.0,0.0,1.0,0.0,2.2554332220566193,2.7386491096450207,0.0,0.0
552,552.0,0.09484587294445998,0.0969682290105747,1.125262991707517e-16,0.0222776046060941,0.1465704048750922,0.17129179358016697,0.051646647625602754,40.978926077926886,0.5387206657700575,44.198543597220336,0.5605970612817457,0.6525992461532661,0.6360075548371296,7.611513137817383e-05,2.014636993408203e-05,0.6517085423342361,0.6053090704984893,4.2855739593505866e-05,1.7702579498291016e-05,401.0,0.232701748717453,0.18845756940846528,0.530859579235893,0.5390628514076978,0.0,0.0,0.5503049799468551,0.6162045160278623,0.0,0.0,1.0,0.0,1.0,0.25,1.5525366478944054,1.5026461080072635,0.0,0.0
553,553.0,0.08026874270737908,0.09578055172354069,1.1607876376278865e-16,0.021094884675911,0.042379844700917574,0.15422687958925957,0.0248858183040283,41.146679352226585,0.5054387564982581,44.776667925532166,0.5310044928890518,0.6157664157686061,0.5983535395602538,6.520748138427734e-05,2.092123031616211e-05,0.6691592435987158,0.6493348745344395,3.504753112792969e-05,1.817941665649414e-05,500.0,0.20019908679737458,0.15470295226928807,0.5019617385278297,0.5184047821144621,0.0,0.0,0.5261086265560051,0.5344958603661127,0.0,0.0,1.0,0.0,1.0,0.0,2.0981993158678853,2.15048592803538,0.0,0.0
554,554.0,0.08018637861098525,0.09116755320086814,1.5655022293874487e-16,0.0210844545690512,0.0447042361483909,0.18191132514039052,0.02172921184683215,41.408910380471525,0.533206698127355,44.784668177475986,0.5315426291161404,0.6163816063458409,0.6374677319834334,6.890296936035156e-05,2.0563602447509762e-05,0.6159555312099153,0.597979801537101,3.361701965332031e-05,1.8775463104248047e-05,501.0,0.20534420616134186,0.15749275970940319,0.4924081653135359,0.5403358015796929,0.0,0.0,0.5261086265560051,0.5352445941765679,0.0,0.0,1.0,0.0,1.0,0.0,2.5271237898675243,2.366041763447509,0.0,0.0
555,555.0,0.07735059921457775,0.0888732556818638,1.230879493830287e-16,0.0201632788526784,0.0838739310856908,0.16677593631902704,0.037476468773093026,41.44485257167329,0.4582566847399378,45.00737727202282,0.5392162908044672,0.6114920130618069,0.5487051235452389,7.635354995727539e-05,2.205371856689453e-05,0.6196057903966135,0.6227088195631374,3.743171691894531e-05,2.0325183868408203e-05,600.0,0.18526692977311954,0.13521900035984688,0.4533020332785047,0.4695643391216907,0.0,0.0,0.5482018294820573,0.5363098580632287,0.0,0.0,1.0,1.0,1.0,1.0,1.7013634208466586,2.0176475916779903,0.0,0.0
556,556.0,0.0778929432245153,0.0883881713292606,8.725143819764536e-17,0.0201549555159815,0.05045495560625567,0.12573173601413143,0.037560013646725496,41.44368110766981,0.46475378374081605,44.936662036703666,0.5100841923060475,0.593988718410017,0.552667727813019,8.344650268554688e-05,2.1636486053466797e-05,0.6105786571131672,0.5479115875707044,3.510713577270508e-05,1.9252300262451172e-05,601.0,0.1952801590002205,0.13638912281688026,0.4608341314037851,0.46707934357682196,0.0,0.0,0.5310155930118233,0.5361018934854752,0.0,0.0,1.0,1.0,1.0,1.0,3.114895029730374,3.0327584759635764,0.0,0.0
557,557.0,0.07555576164778953,0.08252967583695793,1.0102242131872876e-16,0.0194067459553979,0.08639567258069289,0.1446231518639251,0.0275904969894327,41.626203601683955,0.49243289473685814,44.88406045075578,0.5373526537031847,0.6130887269779677,0.5754705610666738,0.000101089477539,2.366304397583008e-05,0.595002846153127,0.5568237280641378,4.57763671875e-05,2.038478851318359e-05,700.0,0.17659458484624954,0.1187657295913256,0.5034982969638125,0.4899602464856977,0.0,0.0,0.4829989715359737,0.5699152258840339,0.0,0.0,1.0,1.0,1.0,0.0,1.7050456405935264,1.7040941846552955,0.0,0.0
558,558.0,0.07593822651690893,0.08023653005847098,3.107759564327855e-16,0.0193998702250167,0.10222277668071908,0.13461746217217294,0.028360993834212374,41.48504708087147,0.4742275692537146,44.87649857837205,0.5364683007996786,0.6121991224569235,0.5605217940039274,0.000108361244201641,2.580881118774414e-05,0.612618656932403,0.5748694785653651,5.125999450683594e-05,2.1398067474365234e-05,701.0,0.17634260070288002,0.12030690648730072,0.46248188832561465,0.5013992254091751,0.0,0.0,0.5108446259888979,0.5532239244756534,0.0,0.0,1.0,1.0,1.0,1.0,1.7930727608449823,1.92550942524145,0.0,0.0
559,559.0,0.07047252147169115,0.08050732511701031,1.781873475547456e-16,0.0187737499830247,0.03573361143935465,0.13678947329754004,0.0235049983602948,41.83418695952362,0.48010994575132176,45.25211077360851,0.5363437687447734,0.6042913735044808,0.56557718473976,7.998943328857422e-05,2.384185791015625e-05,0.606834625165102,0.5552205625857394,3.439188003540039e-05,2.1696090698242188e-05,800.0,0.16063048585268191,0.10694855849622895,0.491163145678314,0.4848008318303601,0.0,0.0,0.5267192810436513,0.5410177732377786,0.0,0.0,1.0,1.0,1.0,1.0,1.6863448577236988,1.533209591429052,0.0,0.0
560,560.0,0.07041400196814039,0.0805444061480977,1.5806214897734084e-16,0.0187679241483487,0.03062711918028065,0.14703083015047014,0.042833631741814274,41.795190930191325,0.45751569290071276,45.269614678808125,0.5354907599515397,0.6034868771357097,0.5375625464419724,9.739398956296408e-05,3.0934810638427734e-05,0.6043491657036969,0.5658876587560371,5.537271499633789e-05,2.1457672119140625e-05,801.0,0.16043027754161476,0.1077933333160066,0.45460912627113503,0.4981791680441411,0.0,0.0,0.5257278143441021,0.540638905814277,0.0,0.0,1.0,1.0,1.0,1.0,2.0098457536658265,1.8853011201810157,0.0,0.0
561,561.0,0.06894519310171993,0.07531327991747198,1.9953345298926157e-16,0.0182321487394455,0.04942146129906172,0.1066094692214392,0.037676672567613353,41.99790976272262,0.47236153194963854,45.37337816827515,0.5553804739835762,0.6241972835335762,0.5477459926971711,8.118152618408203e-05,2.485513687133789e-05,0.6143497961539635,0.5466145666547807,5.555152893066406e-05,2.336502075195312e-05,900.0,0.14945889518445726,0.09700713975803325,0.44208409685716826,0.47232887289145453,0.0,0.0,0.5474443426753173,0.5930939727235613,0.0,0.0,1.0,0.25,1.0,0.25,2.2415045067802803,2.7178980819933316,0.0,0.0
562,562.0,0.06736759485172893,0.07584567705030398,1.3032253716212513e-16,0.0182271157096384,0.0368293923675082,0.10105379583546888,0.025484000099822803,41.89138593524848,0.4837787352406178,45.82712806588483,0.5225562696710332,0.5882310282484116,0.5585872543936004,9.435415267944336e-05,2.7954578399658203e-05,0.623563279305969,0.5473366638333483,5.27501106262207e-05,2.2113323211669922e-05,901.0,0.1492932448939048,0.09766693135999892,0.4790679343900745,0.5009344572116217,0.0,0.0,0.505848314437656,0.5599073663083405,0.0,0.0,1.0,1.0,1.0,1.0,1.4215791531182638,1.41439884258457,0.0,0.0
563,563.0,0.06867798283972155,0.07784940755878013,1.4035207490410562e-16,0.0177606348123668,0.09520081215305252,0.14909902814542872,0.02902366471244015,42.17584028776109,0.4681765615161515,45.603162503820755,0.49338375468272644,0.5603276942430523,0.5534233156788669,0.00010502338409417499,2.574920654296875e-05,0.5927698659535744,0.5600772177930623,3.7789344787597656e-05,2.324581146240234e-05,1000.0,0.14377335964968063,0.08880000430440228,0.4775928559378922,0.4920869935796074,0.0,0.0,0.467638037021161,0.5164755344750335,0.0,0.0,1.0,0.25,1.0,1.0,2.0103931655106617,2.3570151126958114,0.0,0.0
564,564.0,0.0659258765260729,0.07069941694630745,2.644780793751678e-16,0.0177562194895117,0.05470665288157755,0.08164144417969507,0.021455790498293922,42.168156251179994,0.463763911311659,45.61964600807643,0.5085522941401744,0.573070416177385,0.5422222437562165,9.340047836302032e-05,2.6226043701171875e-05,0.5608690400705236,0.5543210279186961,5.382299423217774e-05,2.3424625396728516e-05,1001.0,0.1443116036181319,0.08957245621573999,0.4442575195926751,0.4516086808298898,0.0,0.0,0.4704021092260465,0.5161273648151478,0.0,0.0,1.0,1.0,1.0,1.0,2.081451144630456,2.0903922718148307,0.0,0.0
565,565.0,0.0693251816908467,0.07147023538070507,2.4206378480345323e-16,0.0173444059799721,0.07271657109959047,0.09302524832310147,0.026747365656774425,42.19109377952605,0.4631038826727458,45.78786129357258,0.5418434782686564,0.6104873112561734,0.5365080424854064,8.589029312133789e-05,2.8789043426513672e-05,0.573823987107649,0.543406103408369,5.078315734863281e-05,2.5570392608642578e-05,1100.0,0.14017972157649722,0.08238089202190452,0.4596762191455044,0.48107804713447455,0.0,0.0,0.5503781246370265,0.5873792532593591,0.0,0.0,1.0,0.25,1.0,1.0,1.2814813424638947,1.4802089425099367,0.0,0.0
566,566.0,0.0681736174828772,0.0722648638075335,1.238711765268936e-16,0.0173404841242144,0.06755101715680205,0.1180154086905531,0.028350467327982153,42.20718921559353,0.47588733344014567,45.42381619062557,0.514396349211428,0.5815965193509501,0.5495163778710311,9.471178054809416e-05,2.7000904083251953e-05,0.612361456348966,0.536072724991729,5.0187110900878906e-05,2.4378299713134762e-05,1101.0,0.1402632794017085,0.08301692114871792,0.465451127170823,0.49121790905835117,0.0,0.0,0.5020801580304621,0.5434503518280822,0.0,0.0,1.0,1.0,1.0,1.0,2.506931327474769,3.0913081416277137,0.0,0.0
567,567.0,0.06481589276947128,0.0709356800559114,4.227139615751219e-16,0.0169727900169017,0.04945911525283,0.09684483287855974,0.02678074961295345,42.21253415966713,0.4717051522474688,45.855256953414845,0.5059309975088249,0.5758819576541758,0.5429845491445661,0.000113546848297075,2.8848648071289062e-05,0.5850249835121382,0.5493918394850019,7.277727127075195e-05,2.664327621459961e-05,1200.0,0.1350283524355025,0.07655027251480087,0.43487163058049794,0.479699316701777,0.0,0.0,0.48264183241089326,0.5330155578464082,0.0,0.0,1.0,1.0,1.0,1.0,2.727251399557002,2.5239683053328257,0.0,0.0
568,568.0,0.06475655527718088,0.0691860139245027,1.2082651076455373e-17,0.0169692705164498,0.07440984318964179,0.1282111672335304,0.03150607238058,42.25198814819345,0.47981782663668904,45.52118796739542,0.518416933764571,0.5841264002758916,0.5502288945796812,0.00011467933654780001,3.421306610107422e-05,0.5761388175399828,0.5426373919899222,5.817413330078125e-05,2.6464462280273438e-05,1201.0,0.13622617999535222,0.07687974462300762,0.45377916634026305,0.5180157272748817,0.0,0.0,0.4797077831098544,0.5555626366287557,0.0,0.0,1.0,1.0,1.0,0.0,2.9582808769247944,2.6816971913950427,0.0,0.0
569,569.0,0.0655991103543528,0.07074473793352604,1.4037149964459216e-16,0.0168045008067021,0.0784954772680066,0.12769354908959932,0.026478353887796326,42.244572115688065,0.47227872971599605,45.47215810211865,0.5214067950582116,0.5869643055963728,0.5443610877519354,0.0001288056373596,3.415346145629883e-05,0.5840867446704656,0.5480181083590917,6.0677528381347656e-05,2.7477741241455078e-05,1249.0,0.13600839220186461,0.07441592906657735,0.46068359490329647,0.4753667459846784,0.0,0.0,0.5236890424634211,0.542707419201495,0.0,0.0,1.0,1.0,1.0,1.0,1.7473324952694107,1.996272009945628,0.0,0.0
570,570.0,0.06472192654461555,0.07160150638817062,1.809530834159966e-16,0.016801152295864,0.09951714478665957,0.1142658168682828,0.0255448980024084,42.31387496419954,0.49370197758124845,45.47283772012839,0.5193991663447224,0.591464335512688,0.5652106713609821,0.00011003017425530001,3.0159950256347656e-05,0.5870554669882248,0.5442434301308336,5.0067901611328125e-05,2.658367156982422e-05,1250.0,0.13589921753984918,0.07488620632876593,0.4512319726441591,0.5025577613873426,0.0,0.0,0.48247518402340905,0.5191134008363181,0.0,0.0,1.0,1.0,1.0,1.0,1.4401093474191704,1.608739558915337,0.0,0.0
571,571.0,0.06498228016042357,0.06876576300248954,9.724022353613439e-17,0.0166378564177941,0.05740155506646255,0.09332115598954252,0.03043092769803475,42.245987853010185,0.4637436565243615,45.750402071709246,0.5035188452365448,0.5656963302019081,0.5335275587696409,0.000114083290100025,3.552436828613281e-05,0.5876520276923818,0.5636791037467964,5.608797073364258e-05,2.7179718017578125e-05,1300.0,0.1353281953800758,0.07239613549217178,0.4330969887642334,0.45598849616441206,0.0,0.0,0.4931219585149728,0.5280471655172531,0.0,0.0,1.0,1.0,1.0,1.0,2.1471560803212695,2.3164551234094355,0.0,0.0
572,572.0,0.06321287786537387,0.06667409745543773,1.6334560044542406e-16,0.0166346706146001,0.02026742335874585,0.08992423920426512,0.03386367467464875,42.21024772167407,0.47590046284791443,45.755755525144,0.4814917376420565,0.5489918311081958,0.5435379747102325,0.000106394290924,3.248453140258789e-05,0.5669796703620531,0.5331585741981947,5.7578086853027344e-05,2.771615982055664e-05,1301.0,0.135223967412501,0.07281478693567345,0.44374157193280456,0.495223534807107,0.0,0.0,0.48298658411349993,0.47930252268785195,0.0,0.0,1.0,1.0,1.0,1.0,3.0163098720074504,3.5193379743462847,0.0,0.0
573,573.0,0.06078361550631652,0.06804386167362259,1.369011665596501e-16,0.0163335625096334,0.0347177067305892,0.0902674429817125,0.02164391614496705,42.26982495023765,0.49759107316659956,45.9055996286136,0.47880427805679715,0.5401217436360204,0.5646828025507876,0.00011235475540158983,3.9994716644287116e-05,0.5479530828300893,0.5432555024803644,6.258487701416016e-05,2.8967857360839844e-05,1400.0,0.13041387513399924,0.06819124235317038,0.46723586128363664,0.4787829988835254,0.0,0.0,0.5048640683901032,0.47569379983865245,0.0,0.0,1.0,1.0,1.0,1.0,1.698078312049332,2.0152673866426825,0.0,0.0
574,574.0,0.060817263513328126,0.0661597844086883,1.04270946231687e-16,0.0163306574739455,0.07806958386208857,0.08915749820880585,0.0284957839758135,42.322459920458705,0.47931901848998987,45.90392143304723,0.47846373447354196,0.5397702931468455,0.5462896632591424,0.0001089572906494,4.118680953979492e-05,0.5397702931468455,0.5643155696304615,6.526708602905273e-05,3.063678741455078e-05,1401.0,0.13032142944964664,0.0685224513827865,0.440076004129884,0.48959620082573724,0.0,0.0,0.48495220789159377,0.4772335421058584,0.0,0.0,1.0,1.0,1.0,1.0,1.6394467625643245,1.7582491240898372,0.0,0.0
575,575.0,0.062036480261598075,0.06867045049465942,1.7708943059014299e-16,0.0160578738183079,0.08460909256245938,0.08296350255841382,0.0361098179710097,42.36605416040914,0.4919068232722964,45.49097035550791,0.4763346426830565,0.5424138927383717,0.5614126822153558,0.00010323524475096525,4.1365623474121094e-05,0.5301979106315344,0.5459466545176683,5.322694778442383e-05,2.9742717742919922e-05,1499.0,0.1239799419374778,0.06438180098924012,0.4483517428242938,0.4565211631986629,0.0,0.0,0.47711434056471513,0.5013399446048447,0.0,0.0,1.0,1.0,1.0,1.0,2.7763461912551906,2.979991307206892,0.0,0.0
576,576.0,0.0620289344978628,0.06581105474377533,3.630355521552526e-16,0.0160552057325103,0.06706858600955455,0.08629355538869275,0.02360863977810365,42.37295601844426,0.4966870325788285,45.48217290323383,0.47677934957295265,0.5420841725048439,0.55825193742405,0.00012665987014765,4.0531158447265625e-05,0.5420841725048463,0.5610742542991085,6.61611557006836e-05,3.0875205993652344e-05,1500.0,0.12389708008256753,0.06463936440758852,0.4633714074222556,0.5224599058563348,0.0,0.0,0.47729942562554206,0.5013399446048441,0.0,0.0,1.0,1.0,1.0,1.0,3.1150786574605327,2.818432631145955,0.0,0.0
577,577.0,0.06192060982539415,0.0657429079357425,2.4559814120442955e-16,0.0160525398618111,0.06976794794900337,0.08521941426442932,0.026986342447344127,42.29489323488764,0.4771748983760955,45.182170008490075,0.47683443209885684,0.5420742231455931,0.5433792297386757,0.0001173615455627,4.124641418457031e-05,0.5421950527600777,0.5581164981156698,6.473064422607422e-05,2.9861927032470703e-05,1501.0,0.1238148067663364,0.06495984229154553,0.4497187144610578,0.49616645512132357,0.0,0.0,0.47261642976962215,0.5013399446048448,0.0,0.0,1.0,1.0,1.0,1.0,1.372774540411085,1.5129508699161454,0.0,0.0
578,578.0,0.060607245547263495,0.06788037116328825,6.197880561147291e-17,0.015799059723593,0.04153246461646625,0.11829037853749465,0.02375637803925195,42.423194703068155,0.46886312386558515,45.66540169936069,0.4911135393235456,0.5537215361514454,0.5373671418425234,0.000117003917694025,3.49879264831543e-05,0.5387404991127065,0.541240195987407,7.045269012451172e-05,3.075599670410156e-05,1600.0,0.11819243410290517,0.06129279016242712,0.4759758000137833,0.4724085886193808,0.0,0.0,0.4847614007858558,0.522098297183718,0.0,0.0,1.0,1.0,1.0,1.0,2.1876153303725108,1.830752232118309,0.0,0.0
579,579.0,0.062167596098831324,0.0665642793661608,1.6738029255128645e-16,0.0157965997687152,0.04350386204896488,0.09400928643299265,0.026083841454237675,42.462954379860555,0.4851420936746036,45.668087041021536,0.4998643204936887,0.5625545585002851,0.549242938696316,0.00012773275375362498,3.272294998168945e-05,0.5542547562323633,0.5370645309280001,7.605552673339844e-05,3.170967102050781e-05,1601.0,0.11811867980262405,0.06151364388671963,0.4582849526489598,0.4727838088957603,0.0,0.0,0.507794216345381,0.5275861274152454,0.0,0.0,1.0,1.0,1.0,1.0,2.8794011081522655,2.7788410189760535,0.0,0.0
580,580.0,0.06522115063270845,0.06453301639039008,1.1772922161421016e-16,0.0155621251713331,0.0846989467972889,0.08263168815756212,0.023586353752762048,42.4293575933075,0.4667969786931437,45.732342362796274,0.519196124517869,0.582741293807793,0.5362556553814812,0.0001108646392822,4.577636718750001e-05,0.5675298348506288,0.5474343089005022,7.05718994140625e-05,3.3974647521972656e-05,1700.0,0.11649999886993252,0.0581960742096529,0.4529607977309943,0.4784158839549932,0.0,0.0,0.5019237982980942,0.5985401297836885,0.0,0.0,1.0,0.0,1.0,0.25,2.317070822494422,2.4823753588505744,0.0,0.0
581,581.0,0.06518658196129022,0.06455893718464115,6.745288188886135e-17,0.0155598441708803,0.08200440026121208,0.08497432211879632,0.024457220220938252,42.4147963764817,0.46290403316429884,45.76749878915031,0.5138537837953869,0.5785565076047269,0.5318962396820772,0.000128149986267025,4.7445297241210944e-05,0.5825045556062347,0.5365542863051258,6.854534149169922e-05,3.2782554626464844e-05,1701.0,0.11643141691876596,0.05853750433599453,0.45745523513235326,0.4790305900787244,0.0,0.0,0.5019547534108999,0.5604085998295237,0.0,0.0,1.0,0.0,1.0,1.0,1.528715141040344,1.4641208627152538,0.0,0.0
582,582.0,0.06087477088590458,0.06608359342139275,2.1362615211572996e-16,0.0154522811972978,0.07002039917279027,0.10427960474044082,0.024077787005808128,42.46391536062286,0.4615640044630912,45.52401532906453,0.48184926057704,0.540849856895896,0.5257737081011904,0.0001137852668762,4.1544437408447266e-05,0.5759096573411071,0.5279484707926756,7.027387619018555e-05,3.2782554626464844e-05,1749.0,0.11702398698925885,0.05723382301839512,0.4468687205623995,0.4859617402734373,0.0,0.0,0.4445304939434104,0.4831796788553214,0.0,0.0,1.0,1.0,1.0,1.0,2.107891141984746,2.299303132581228,0.0,0.0
583,583.0,0.06052022398903997,0.06328625812401859,4.78344809156873e-16,0.0154500795471461,0.05803386931074778,0.08415787667036054,0.024147190677467675,42.46059816376167,0.48849905166924884,45.682339117359405,0.4818885329674354,0.540854359739122,0.5509711334677276,0.00014042854309075,4.845857620239258e-05,0.5405662620985956,0.525501560031949,6.401538848876953e-05,3.319978713989258e-05,1750.0,0.1177116777644534,0.0574548728132261,0.4456050599786926,0.4810474405662803,0.0,0.0,0.4445663097422171,0.49235940990055777,0.0,0.0,1.0,1.0,1.0,0.0,1.764420374424068,1.9108236261934612,0.0,0.0
584,584.0,0.058136952251295275,0.0631845316571331,1.242619426869237e-16,0.0153419547834989,0.02913638850441195,0.07349427649751303,0.025872403639368626,42.465277961116925,0.4816337519009281,45.36070998542486,0.458977467426771,0.5201440809407175,0.5450969100179609,0.0001657605171203,5.78761100769043e-05,0.5401633849771819,0.5490746827260615,8.058547973632812e-05,3.600120544433594e-05,1800.0,0.11748499909420157,0.056101595170304046,0.46197333953360065,0.4702190003077464,0.0,0.0,0.4686778498962972,0.4728033606880478,0.0,0.0,1.0,1.0,1.0,1.0,1.8335526072180253,1.9487522172443517,0.0,0.0
585,585.0,0.0581281016005141,0.06669636181557895,4.899489206125414e-17,0.0153398305944852,0.02884409425314515,0.08388668118277562,0.02594810689333825,42.491933312881315,0.48048611325658785,45.35604441757022,0.4588547947234808,0.5199833855662833,0.5460064108118067,0.00013297796249387502,4.863739013671875e-05,0.5198813154449192,0.5449075777796976,7.921457290649414e-05,3.629922866821289e-05,1801.0,0.11741988220424118,0.05632211474105998,0.46105781199438184,0.47079410354077544,0.0,0.0,0.46867784989631267,0.4727949811309197,0.0,0.0,1.0,1.0,1.0,0.25,2.876903855491738,3.244319362586528,0.0,0.0
586,586.0,0.059764862745697124,0.06443568761779603,1.0807919155734134e-16,0.0151365275258613,0.037802986043971,0.08115272247232493,0.0244781978544779,42.481307261944174,0.47413839675381286,45.72744019037398,0.49734337381933574,0.5570803579742218,0.5433150921134192,0.00014030933380125,5.7578086853027344e-05,0.5226005745841589,0.5447766999571875,8.14199447631836e-05,3.88026237487793e-05,1900.0,0.11579053961428432,0.05355533207204455,0.46797764652616347,0.491684926543998,0.0,0.0,0.46980824471817806,0.5190146178742395,0.0,0.0,1.0,1.0,1.0,1.0,1.0052205581265148,0.9498461710105954,0.0,0.0
587,587.0,0.0596380387814954,0.06331161382279665,2.0532718582390748e-18,0.0151345417563825,0.0180900652776472,0.07992940355325115,0.025172327703330652,42.440248449981254,0.4688933275159435,45.70610041470594,0.5084566603084701,0.570586635606622,0.5370865607344022,0.0001306533813476,4.875659942626953e-05,0.5568396529399128,0.5438713551524188,6.836652755737305e-05,3.510713577270508e-05,1901.0,0.11572963467071352,0.05377515919301415,0.43803703557159324,0.4773578851177619,0.0,0.0,0.4679645139464256,0.517243305411063,0.0,0.0,1.0,1.0,1.0,0.25,2.034012827172718,2.252367626153852,0.0,0.0
588,588.0,0.059673580269787,0.06060947044261955,6.444445775425215e-17,0.0149460204002398,0.06515779253095387,0.07517993514193215,0.026110233273357077,42.533689714478385,0.46258161849708485,45.66322795726713,0.483142173358198,0.543725086698324,0.5226160518607667,0.000132679939269975,4.9173831939697266e-05,0.5715868680960602,0.5321879781383811,6.455183029174805e-05,3.7610530853271484e-05,1999.0,0.11302414724370267,0.051389186506700026,0.44634389872064395,0.48992327915536354,0.0,0.0,0.4643864703737659,0.52348063862754,0.0,0.0,1.0,0.25,1.0,1.0,2.3642870401812557,2.049300455555265,0.0,0.0
589,589.0,0.059665841077421226,0.05871307985573565,2.329807170129848e-16,0.0149441564580198,0.0390237179235555,0.07755964319221673,0.024022311263252025,42.56282902326781,0.47049764676966277,45.66112721789247,0.48313332704013207,0.5437080129548006,0.5358996133684646,0.000129878520965525,4.9591064453125e-05,0.5437080129547928,0.5225795652861254,7.110834121704102e-05,3.510713577270508e-05,2000.0,0.11439265305701897,0.05159191794784522,0.43441888123718175,0.4680234500715176,0.0,0.0,0.45691352501249544,0.5234506846221324,0.0,0.0,1.0,0.25,1.0,1.0,1.9881190227834091,2.078539790458069,0.0,0.0
