,obj_values,MRO_obj_values,SAA_obj_values,epsilon,online_time,MRO_time,SAA_time,MRO_mean_val,MRO_square_val,MRO_sig_val,SAA_mean_val,SAA_square_val,SAA_sig_val,mean_val,square_val,sig_val,worst_values,MRO_worst_values,SAA_worst_values,worst_times,MRO_worst_times,SAA_worst_times,worst_values_regret,MRO_worst_values_regret,SAA_worst_values_regret,worst_times_regret,MRO_worst_times_regret,SAA_worst_times_regret,t,regret_bound,MRO_regret_bound,MRO_eval0,MRO_eval1,MRO_satisfy0,MRO_satisfy1,O_eval0,O_eval1,O_satisfy0,O_satisfy1,O_worst_satisfy0,O_worst_satisfy1,MRO_worst_satisfy0,MRO_worst_satisfy1,SAA_eval0,SAA_eval1,SAA_satisfy0,SAA_satisfy1,SAA_worst_satisfy0,SAA_worst_satisfy1
0,-0.029545054163444096,-0.029545054163460926,-0.059021329010566566,0.018453616691811767,0.08274306938024903,0.079669252,0.003589255,4.214684851089404e-09,3.925307347207741e-34,1.2096155831295655e-20,4.214684851089404e-09,3.925307347207741e-34,5.46364163402521e-30,4.214684851089404e-09,3.925307347207741e-34,1.2096155831267348e-20,-0.029545055464232885,-0.029545055464242014,0.010659722305620692,0.00028705596923828125,0.00019502639770507812,0.00025177001953125,0.0,0.0,0.0,4.124641418457031e-05,3.361701965332031e-05,3.266334533691406e-05,0,0.09673208969034247,5.087574663636962e-09,0.026931849345704507,0.027756202850053112,0.0,0.0,0.026931849345657427,0.027756202850002056,0.0,0.0,0.0,0.0,0.0,0.0,0.10633438687703257,0.09270982974730636,0.0,0.0,0.0,0.0
1,-0.02967493484685855,-0.02967493484686143,-0.05256779704209447,0.01828615653523656,0.09993462878466797,0.097112169,0.004195363,3.512237375907836e-09,2.724406216584032e-34,2.470948960893187e-20,3.512237375907836e-09,2.724406216584032e-34,2.4604040635270676e-19,3.512237375907836e-09,3.2710894560064505e-34,1.0116782705098635e-20,-0.029674936053238177,-0.029674936053239714,-0.007600576318508488,0.00031256675720214844,0.00022792816162109375,0.0002732276916503906,-0.02967457702344868,-0.029674577023457896,0.053028850078062156,0.0002434253692626953,0.00018858909606933594,0.00020813941955566406,1,0.1453692489957525,0.11520213848594063,0.027128541089964014,0.02795521117409553,0.0,0.0,0.027128541089932234,0.027955211174056173,0.0,0.0,0.0,0.0,0.0,0.0,0.06284696229136792,0.058534607976122144,0.0,0.0,0.0,0.0
2,-0.018397730943269377,-0.01839773094326917,-0.04153968636834597,0.017919169196815247,0.16967769771691896,0.1723382,0.005863705,3.2549530702979497e-09,4.001869498328704e-34,5.632561185353799e-20,3.2549530702979497e-09,4.001869498328704e-34,8.028901654805017e-20,3.169333872485649e-09,2.1807263040043002e-34,5.960461647989347e-20,-0.018397732569273576,-0.018397732569273458,-0.0036832554778711696,0.00040078163146972656,0.000274658203125,0.0003380775451660156,0.017407996431559304,0.017407996431553607,0.05978640146038902,0.00026607513427734375,0.0002696514129638672,0.0002639293670654297,4,0.1294678681179481,0.1497153078173927,-0.004008280041997004,-0.002958972515835612,0.0,0.0,-0.004008280041995355,-0.0029589725158341005,0.0,0.0,0.0,0.0,0.0,0.0,0.017921771559610476,0.017611760838877,0.0,0.0,0.0,0.0
3,-0.01578999423559706,-0.015789994235568924,-0.031295219504210596,0.01782501876267491,0.1412783085748291,0.1428704,0.006211311,2.1843997035757727e-09,4.79999710175842e-34,2.401221362658514e-26,2.1843997035757727e-09,4.79999710175842e-34,2.1978993563058135e-19,2.852400485237085e-09,1.9626536736038704e-34,1.4376455825731175e-26,-0.015789997164687954,-0.01578999716467507,0.003302525669020784,0.0004012584686279297,0.0002880096435546875,0.00035762786865234375,-0.004826573712533193,-0.004826573712533699,0.015822893576289056,0.00027823448181152344,0.0002791881561279297,0.00030040740966796875,5,0.123405171895908,0.14915767112021752,-0.01578999827095513,-0.015789998268632907,1.0,1.0,-0.015789998270962235,-0.015789998268640026,1.0,1.0,1.0,1.0,1.0,1.0,-0.0061541701172426015,-0.002191747294603317,0.0,0.0,0.0,0.0
4,-0.015789997266549945,-0.015789997266574415,-0.03123088428146777,0.017527646021759286,0.207073290274292,0.210157234,0.007507698,3.3772764540949202e-09,4.406730350141752e-34,1.4423226046708795e-26,3.3772764540949202e-09,4.406730350141752e-34,2.089478994753782e-19,3.8544198695672866e-09,1.4018954811456217e-34,5.01866266532145e-27,-0.015789998462570832,-0.015789998462488696,0.002357499014045479,0.0004894733428955078,0.00038886070251464844,0.00046253204345703125,-0.01578999720460697,-0.01578999720459429,0.004434361277841872,0.0003502368927001953,0.0003886222839355469,0.0003764629364013672,9,0.09620278631608968,0.12591910699548323,-0.015789999230352098,-0.015789999243955407,1.0,1.0,-0.01578999923034787,-0.015789999243951316,1.0,1.0,1.0,1.0,1.0,1.0,-0.006273220832691448,-0.0038367120226141193,0.0,0.0,0.0,0.0
5,-0.01578999453574968,-0.015789994535767845,-0.031230884304637656,0.0174672860603206,0.22614531754968262,0.226604325,0.007405647,4.299906020111034e-09,4.591378445898143e-34,2.3100697402399182e-26,4.299906020111034e-09,4.591378445898143e-34,1.9501803960869948e-19,3.5974585449294673e-09,1.3084357824025801e-34,9.298481197065547e-27,-0.015789997324305194,-0.015789997324313423,0.00238010915495461,0.0005145072937011719,0.00037169456481933594,0.00048160552978515625,-0.01578999847065668,-0.015789998470571092,0.002380109137799742,0.0003681182861328125,0.0004153251647949219,0.00041103363037109375,10,0.08928144561105832,0.1225084599635471,-0.01578999873873369,-0.01578999879094608,1.0,1.0,-0.01578999873873048,-0.015789998790943057,1.0,1.0,1.0,1.0,1.0,1.0,-0.006273220834662019,-0.003836712016776137,0.0,0.0,0.0,0.0
6,-0.015789992491991447,-0.015789999045998215,-0.03181340417415389,0.017262047829584844,0.2179751193499756,0.20686702896240233,0.010183879962402343,0.0657555288278873,0.013850269067622621,0.0003504165311014805,0.0657555288278873,0.013850269067622621,0.0008274700825217637,0.07732539835696468,0.01942704092359251,0.0005307940512420112,-0.01578999608146708,-0.015789998929292046,-0.00011351705750130975,0.0006134510040283203,0.00047969818115234375,0.0005726814270019531,-0.015789997428307074,-0.015789997428314932,0.0021208795856244994,0.0004909038543701172,0.0005183219909667969,0.0005209445953369141,14,0.06888029724759445,0.10616591782869225,-0.01578999953331152,-0.015789999535607308,1.0,1.0,-0.015789999199334378,-0.01578999917880836,1.0,1.0,1.0,1.0,1.0,1.0,-0.009208610522208583,-0.007399039969171458,0.0,0.0,0.0,0.0
7,-0.015789994247765622,-0.015789999262770825,-0.032152176250472,0.017217833186634696,0.23662900522167968,0.26218704828710937,0.010667487287109374,0.07753629059075044,0.017452740856441763,0.0003328957037062955,0.07753629059075044,0.017452740856441763,0.0005730151766198642,0.08904509998139198,0.020884914198828205,0.0005042544108974745,-0.01578999677579883,-0.01578999945677695,-0.0030122733838579344,0.0006339550018310547,0.0005633831024169922,0.0006113052368164062,-0.015789996128655292,-0.015789998931905868,-0.0004433982013162252,0.0005605220794677734,0.0005521774291992188,0.0005464553833007812,15,0.06521631464081588,0.11643372901976283,-0.015789999587934336,-0.015789999593964897,1.0,1.0,-0.01578999928797664,-0.015789999273196284,1.0,1.0,1.0,1.0,1.0,1.0,-0.008046274189289212,-0.005713856527257904,0.0,0.0,0.0,0.0
8,-0.01578999950472446,-0.01578999124357548,-0.03493552779789915,0.01706158733578211,0.22419497570080565,0.2502355591887207,0.009984156188720703,0.1222325212484529,0.031054727210585147,0.00040049922907330494,0.1222325212484529,0.031054727210585147,0.0022899210320969535,0.13334622455234904,0.03768432104314928,0.0015645312198206715,-0.015789999572637454,-0.015789993759035767,0.004135105770719655,0.0007328987121582031,0.0006508827209472656,0.0007257461547851562,-0.015789996922701693,-0.015789999462689438,-0.0005215462571178178,0.0006597042083740234,0.0006561279296875,0.0006494522094726562,19,0.05415051055186728,0.11292217402107059,-0.015790000364992465,-0.015789999928658115,1.0,1.0,-0.01578999963661483,-0.015789999638075494,1.0,1.0,1.0,1.0,1.0,1.0,-0.0039380732690446054,-0.007778286523477147,0.0,0.0,0.0,0.0
9,-0.01578999909106463,-0.015789999464056913,-0.029403738942454283,0.017026798450415694,0.21387937801623536,0.24025950268151855,0.010796174681518556,0.13288640913406882,0.035083561875360825,0.0008988762145836011,0.13288640913406882,0.035083561875360825,0.0019433269480964943,0.1399164366048061,0.0398519817847419,0.0015082254664169597,-0.015789998987208658,-0.015789999562367922,0.0037418322225420755,0.0007376670837402344,0.0006818771362304688,0.0007469654083251953,-0.015789999571629687,-0.015789993400638188,0.007847719466052852,0.0006740093231201172,0.0006661415100097656,0.0006601810455322266,20,0.05189889587697398,0.12612057071040028,-0.01578999960826081,-0.015789999609780878,1.0,1.0,-0.015789999602507668,-0.01578999960710048,1.0,1.0,1.0,1.0,1.0,1.0,-0.013044694421306274,-0.010443650274824084,0.0,0.0,0.0,0.0
10,-0.015789999113857443,-0.015789999297015113,-0.02648956345215398,0.015847856523156532,0.21891048562390136,0.20632466672802735,0.009931145728027344,0.3132349025703002,0.1018574721609714,0.004021668212756597,0.3132349025703002,0.1018574721609714,0.0063287757357415545,0.3097061555638743,0.11045594242915703,0.004246013523507022,-0.01578999893683898,-0.01578999897347358,0.009967475187360544,0.002536296844482422,0.002506732940673828,0.002462625503540039,-0.015789998969664182,-0.015789999551557764,0.008879054673611157,0.0024993419647216797,0.002534151077270508,0.0025739669799804688,100,0.012997960725289559,0.03206307822867255,-0.015789999470176754,-0.015789999470176754,1.0,1.0,-0.015789999544944585,-0.0157899995506009,1.0,1.0,1.0,1.0,1.0,1.0,-0.008711072632442241,-0.00897017703179395,0.0,0.0,1.0,1.0
11,-0.015789997557906284,-0.01578999934471259,-0.0268751710586986,0.0158403474140096,0.2246292330765381,0.20952628379467775,0.008363010794677734,0.31425699698531384,0.10251590092042025,0.004031896612302243,0.31425699698531384,0.10251590092042025,0.006265788873012372,0.31064680065813677,0.11094396817312206,0.0042433091207027575,-0.015789998669863813,-0.015789998883193313,0.011293643751409913,0.0025472640991210938,0.002543210983276367,0.0025606155395507812,-0.015789998937834795,-0.01578999897414576,0.0099832663824851,0.0025510787963867188,0.002481222152709961,0.0025022029876708984,101,0.01287858969815337,0.03175676461506056,-0.015789999496965457,-0.015789999496965457,1.0,1.0,-0.015789999363707456,-0.015789999392722208,1.0,1.0,1.0,1.0,1.0,1.0,-0.00805065870645345,-0.009022055161619906,0.0,0.0,1.0,1.0
12,-0.015789999480070045,-0.01578999916575308,-0.025735421928306253,0.015326475757825008,0.21782592990161131,0.206235726385376,0.007846184385375977,0.3348957130733056,0.11595898668810488,0.004896463120602663,0.3348957130733056,0.11595898668810488,0.006224362080376322,0.33671503399020253,0.12430129924570042,0.004936424116196136,-0.015789999581209732,-0.015789999399028885,0.013832113129420509,0.004967689514160156,0.005009889602661133,0.004744291305541992,-0.015789998691891755,-0.01578999889852001,0.014491627844421692,0.004780292510986328,0.0048236846923828125,0.004864215850830078,200,0.0075316448393549975,0.016286078645263668,-0.015789999447601635,-0.015789999448691555,1.0,1.0,-0.015789999628379906,-0.015789999630632105,1.0,1.0,1.0,1.0,1.0,1.0,-0.007067208921992467,-0.008303141075487302,0.0,0.0,1.0,1.0
13,-0.015789999477618177,-0.0157899994710312,-0.025495227400083403,0.015322747134562015,0.22114475104248046,0.23504349009716796,0.007638206097167969,0.3347450084647576,0.11584742770201266,0.004883410670918319,0.3347450084647576,0.11584742770201266,0.006219251647236764,0.33655636253289495,0.12415227898698902,0.004923910135008044,-0.01578999958040808,-0.015789999550310702,0.014043390186943401,0.004854440689086914,0.004778385162353516,0.004723310470581055,-0.015789999580682817,-0.015789999399115698,0.014084416576954889,0.004901409149169922,0.0048370361328125,0.004680633544921875,201,0.007495318889821822,0.016206439599780763,-0.015789999585631934,-0.01578999958822871,1.0,1.0,-0.01578999962703056,-0.015789999629398924,1.0,1.0,1.0,1.0,1.0,1.0,-0.007126710497428118,-0.008362654582019435,0.0,0.0,1.0,1.0
14,-0.015789997578819628,-0.015789998235206326,-0.024997129647489194,0.01502501809465369,0.2298942121015625,0.21180280770007323,0.009455690700073242,0.344581456070179,0.12280638766611995,0.004897398316094761,0.344581456070179,0.12280638766611995,0.007736878028983669,0.34657836463214065,0.12947731737382803,0.004956048420656793,-0.015789998907568423,-0.0157899985514627,0.024728285689568523,0.0072727203369140625,0.00725865364074707,0.0070400238037109375,-0.015789999583974156,-0.01578999955265841,0.01341947218091575,0.00732874870300293,0.007260560989379883,0.006959676742553711,300,0.005067840236861113,0.010909240879536937,-0.015789999080254382,-0.01578999908174462,1.0,1.0,-0.01578999952965051,-0.015789999553735792,1.0,1.0,1.0,1.0,1.0,1.0,-0.003006891511666949,0.000756799121552701,0.0,0.0,1.0,1.0
15,-0.015789998339987954,-0.015789998801276624,-0.024997131208179157,0.015022559207250747,0.2334303559342041,0.20551797633947755,0.009714889339477539,0.3447997846676239,0.12295716590430379,0.00493495581064144,0.3447997846676239,0.12295716590430379,0.007773576711450647,0.3467414637869107,0.12962109150907872,0.00500718508617028,-0.015789999065587118,-0.01578999886312268,0.024949265729820726,0.0073587894439697266,0.0072689056396484375,0.007154941558837891,-0.01578999890887879,-0.015789998551420593,0.024949251582500463,0.0073604583740234375,0.007395744323730469,0.0071146488189697266,301,0.005051351490910427,0.010873431627735084,-0.015789999390859715,-0.015789999405529193,1.0,1.0,-0.01578999957737768,-0.015789999590275574,1.0,1.0,1.0,1.0,1.0,1.0,-0.0030068868508757785,0.0007568054787322045,0.0,0.0,1.0,1.0
16,-0.015789998669970832,-0.01578999914243069,-0.02627400616452399,0.014813485083309638,0.23934927955395507,0.21546173043493652,0.009487621434936522,0.3467896423942541,0.12421294161463185,0.005133613295082039,0.3467896423942541,0.12421294161463185,0.011216706618405453,0.35543435477510826,0.1354421795075458,0.005271677039288201,-0.015789999382712055,-0.015789999404836243,0.046275759136772565,0.01017141342163086,0.009882688522338867,0.009413957595825195,-0.015789999070078144,-0.015789998872066745,0.02407158836817704,0.010018587112426758,0.009894371032714844,0.009751558303833008,400,0.0039241987825367666,0.008197691823870049,-0.01578999953342538,-0.015789999543634727,1.0,1.0,-0.015789999590821016,-0.015789999603480508,1.0,1.0,1.0,1.0,1.0,1.0,0.012452583437427521,0.0116513863836312,0.0,0.0,1.0,1.0
17,-0.01578999867586814,-0.015789999011060034,-0.026276494739662325,0.014811658624697771,0.22665528909680177,0.21032510925830078,0.008733930258300781,0.346670854646494,0.12412600991743604,0.005123294442893737,0.346670854646494,0.12412600991743604,0.011199056564470226,0.3552967257895156,0.13533041569705898,0.005260051982313414,-0.01578999938419928,-0.015789999341372377,0.04615036932432542,0.00974726676940918,0.009952068328857422,0.00949239730834961,-0.01578999938304696,-0.01578999940500883,0.04615036922923142,0.009774446487426758,0.009778499603271484,0.009449958801269531,401,0.003914265171412386,0.008177130101192216,-0.015789999507141484,-0.015789999521031963,1.0,1.0,-0.015789999591054628,-0.015789999603643325,1.0,1.0,1.0,1.0,1.0,1.0,0.012452583479871446,0.011651386422928747,0.0,0.0,1.0,1.0
18,-0.015789998829501516,-0.01578999951118456,-0.02595019718446585,0.01465093787360713,0.22493741149389648,0.23093623634265137,0.010344112342651368,0.3495688684695248,0.12603303405722568,0.005175436233301457,0.3495688684695248,0.12603303405722568,0.011148908018816182,0.36018607426841326,0.13821882856351414,0.0053924729487185435,-0.015789999444651093,-0.015789999582362515,0.044838320885265834,0.012301921844482422,0.012624263763427734,0.012271881103515625,-0.01578999938978767,-0.015789999345685573,0.04624470968262962,0.012962818145751953,0.01252126693725586,0.012240886688232422,500,0.0031451569284896676,0.0065700124114024495,-0.015789999614348946,-0.01578999961659522,1.0,1.0,-0.01578999959701283,-0.015789999606600772,1.0,1.0,1.0,1.0,1.0,1.0,0.011831809872361048,0.010975909551017397,0.0,0.0,1.0,1.0
19,-0.015789999092771605,-0.01578999951542956,-0.02595172133826308,0.014649488791698287,0.23026195439868163,0.23062732676416015,0.009058309764160156,0.3496737844485884,0.12610483326744998,0.005173796030109614,0.3496737844485884,0.12610483326744998,0.011142582725935336,0.36040648501163774,0.13838080224392407,0.005382565052513904,-0.01578999950720437,-0.01578999958442255,0.044907827250639076,0.012833595275878906,0.012743949890136719,0.01168680191040039,-0.015789999444846967,-0.015789999582397327,0.04490782816706007,0.01218271255493164,0.012032270431518555,0.011939525604248047,501,0.003139128829915699,0.006557175117018558,-0.015789999615137846,-0.015789999617277416,1.0,1.0,-0.015789999612011572,-0.015789999618418357,1.0,1.0,1.0,1.0,1.0,1.0,0.01183180947739277,0.01097590916145177,0.0,0.0,1.0,1.0
20,-0.015789999474091713,-0.015789999365290516,-0.02401205198949469,0.01451918459793039,0.2358580891623535,0.24790148409643556,0.02419033209643555,0.34945916779075076,0.12616141599859557,0.0053799297704586494,0.34945916779075076,0.12616141599859557,0.007230997303701344,0.36203341656352506,0.13905647645560035,0.005495232009346281,-0.015789999602201028,-0.015789999520751732,0.03056691038005621,0.014678239822387695,0.014971733093261719,0.013982772827148438,-0.015789999502881256,-0.0157899995830679,0.04623986736310427,0.014494895935058594,0.014722347259521484,0.014376401901245117,600,0.0026258727518971114,0.005496912728410487,-0.015789999558800567,-0.01578999956119263,1.0,1.0,-0.015789999617971014,-0.015789999619361585,1.0,1.0,1.0,1.0,1.0,1.0,0.0015954240040399854,-0.00019634455541976562,0.0,0.0,1.0,1.0
21,-0.015789992073596014,-0.015789999338844948,-0.02402184085072184,0.014517985705408225,0.2274979014708252,0.23928080414697267,0.011988199146972656,0.34955574174088666,0.1262291610807303,0.0053789108188725746,0.34955574174088666,0.1262291610807303,0.00722755344069123,0.3621713656765483,0.13915143064864952,0.005504649885979378,-0.015789997959065823,-0.015789999509385012,0.03048749290999568,0.014829635620117188,0.01493215560913086,0.01424551010131836,-0.015789999602212786,-0.015789999520778024,0.03056845738702693,0.014729976654052734,0.014682769775390625,0.014470815658569336,601,0.0026216122843884136,0.0054879501863922915,-0.01578999955083779,-0.015789999553430526,1.0,1.0,-0.015789998715730592,-0.015789998783204005,1.0,1.0,1.0,1.0,1.0,1.0,0.0015523165164520875,-0.00023496070630398143,0.0,0.0,1.0,1.0
22,-0.015789994363117746,-0.01578999168416331,-0.023913845744363012,0.014408558688807985,0.21381772167858887,0.23535612694055175,0.015660028940551757,0.34941115568517,0.12618794218407295,0.0054328546339362255,0.34941115568517,0.12618794218407295,0.008973853540136351,0.36309416560901236,0.13976200596999883,0.005677061560009249,-0.015789998468519806,-0.015789996277375744,0.04807567702586917,0.017244338989257812,0.017409563064575195,0.016812801361083984,-0.0157899979692127,-0.015789999509915487,0.030014835627168307,0.01756119728088379,0.017297744750976562,0.01674818992614746,700,0.0022517920241463675,0.0047140692119745295,-0.015789997660395662,-0.01578999777758954,1.0,1.0,-0.015789998979802954,-0.015789999024243363,1.0,1.0,1.0,1.0,1.0,1.0,0.010921507343007213,0.01194433732309541,0.0,0.0,1.0,1.0
23,-0.015789992881076367,-0.015789999403969832,-0.023931772505120144,0.014407537565453384,0.22867923705114745,0.2220865704416504,0.01273653844165039,0.3494900645442447,0.12624263796079038,0.005442889311396539,0.3494900645442447,0.12624263796079038,0.008969883165002891,0.36319326676037567,0.13982795478553894,0.005682469836546499,-0.015789998129232458,-0.015789999541288794,0.04823557388861558,0.017618417739868164,0.017379045486450195,0.0175631046295166,-0.01578999846885005,-0.015789996278242825,0.048107135449485784,0.017984867095947266,0.018252134323120117,0.017486095428466797,701,0.0022485944102429017,0.004707399339841169,-0.015789999580879305,-0.015789999584308115,1.0,1.0,-0.015789998764669404,-0.015789998819758247,1.0,1.0,1.0,1.0,1.0,1.0,0.010999588183923499,0.012011263775806039,0.0,0.0,1.0,1.0
24,-0.015789992140250227,-0.01578999939954522,-0.024384212695748867,0.014313314094802623,0.22285051972558595,0.24696820175415038,0.01632058075415039,0.34862810261312954,0.12578684935204468,0.005343143829818844,0.34862810261312954,0.12578684935204468,0.008906440480673536,0.3628898284335643,0.13953747328988308,0.005608056688184743,-0.015789998033348077,-0.015789999551302163,0.042220141161317955,0.020439863204956055,0.02103590965270996,0.019610166549682617,-0.01578999812542035,-0.01578999954120583,0.047482796933790324,0.020348072052001953,0.02035045623779297,0.01953125,800,0.001970198888293218,0.004126004020420913,-0.015789999554887642,-0.015789999554887642,1.0,1.0,-0.015789998903161916,-0.015789998961163097,1.0,1.0,1.0,1.0,1.0,1.0,0.007910246382610609,0.009259334432586652,0.0,0.0,1.0,1.0
25,-0.015789992441272098,-0.01578999940037347,-0.02439482110553113,0.014312425648390128,0.22104392407409668,0.24145740658166504,0.01216218258166504,0.3486693737150522,0.1258119032625912,0.005342197554958232,0.3486693737150522,0.1258119032625912,0.008906282344781375,0.3629343753892169,0.13956350169115364,0.005602559584180183,-0.01578999809580315,-0.015789999551641374,0.04215699917681957,0.020151376724243164,0.021654129028320312,0.020398616790771484,-0.01578999803389694,-0.01578999955130304,0.042156999089395956,0.02080535888671875,0.021386384963989258,0.020307064056396484,801,0.001967744033169701,0.0041208621017647445,-0.015789999555174954,-0.015789999555174954,1.0,1.0,-0.015789998930216143,-0.015789998985637533,1.0,1.0,1.0,1.0,1.0,1.0,0.007910246422542575,0.009259334472127597,0.0,0.0,1.0,1.0
26,-0.015789992394679216,-0.0157899994323172,-0.02427118429538984,0.01422975971805141,0.2164003271430664,0.24413717459826662,0.015269331598266602,0.349049277567934,0.12615412164369247,0.005363732517718929,0.349049277567934,0.12615412164369247,0.008886661590437037,0.363837605185412,0.14007768935073334,0.005591100465293545,-0.015789998102417886,-0.015789999557614797,0.039137387155080146,0.02266383171081543,0.022898197174072266,0.023038148880004883,-0.01578999810898287,-0.015789999551697912,0.041720220406039704,0.02327561378479004,0.024290084838867188,0.0231020450592041,900,0.0017518853986254418,0.003671266530597304,-0.015789999588236757,-0.01578999959093371,1.0,1.0,-0.015789998809078762,-0.015789998868256522,1.0,1.0,1.0,1.0,1.0,1.0,0.006443453553049299,0.007907381806408794,0.0,0.0,1.0,1.0
27,-0.01578999201496225,-0.01578999437637211,-0.024279734860564416,0.014228973999205401,0.22120192636914063,0.22602689683068847,0.012004245830688477,0.34911868405897656,0.1262021801892366,0.005369568022298452,0.34911868405897656,0.1262021801892366,0.008888667699050232,0.3638994055409795,0.14011638980883714,0.005595022438532508,-0.015789998024415636,-0.015789997525354756,0.03918707915222998,0.022842884063720703,0.02320265769958496,0.021912336349487305,-0.015789998102780388,-0.015789999557629452,0.03918707922964212,0.023188352584838867,0.02263164520263672,0.022526025772094727,901,0.0017499789472179925,0.0036672359543385995,-0.015789998323478563,-0.015789998392276235,1.0,1.0,-0.015789998755908224,-0.015789998817843286,1.0,1.0,1.0,1.0,1.0,1.0,0.006443453518031497,0.007907381772326803,0.0,0.0,1.0,1.0
28,-0.015789999460951398,-0.015789999323658824,-0.023782414103267875,0.01415538521892286,0.2207199156020508,0.23584793282226563,0.019283517822265624,0.3491135181364249,0.1262176595422834,0.005362698427420467,0.3491135181364249,0.1262176595422834,0.008798282816724077,0.3646223134798544,0.14050209167970582,0.005595822649054432,-0.01578999960319422,-0.0157899995156377,0.03889359945554952,0.025938987731933594,0.025464296340942383,0.024643898010253906,-0.015789998011888906,-0.015789997510971193,0.039836894421317756,0.025753498077392578,0.025823116302490234,0.025200843811035156,1000,0.0015781726651195583,0.003306602597979362,-0.015789999557598123,-0.01578999956067023,1.0,1.0,-0.015789999612389832,-0.01578999961284982,1.0,1.0,1.0,1.0,1.0,1.0,0.005923150396133494,0.007427873661067075,0.0,0.0,1.0,1.0
29,-0.01578999946736416,-0.015789992696109825,-0.023699283474796096,0.014154681338542823,0.21774095790686035,0.21904857528625488,0.012336637286254882,0.34904091205113097,0.12616843924885787,0.005358729532288792,0.34904091205113097,0.12616843924885787,0.00879203731230772,0.3645366412755718,0.14044083712658645,0.005591970719916297,-0.015789999604411818,-0.015789996642724752,0.03893675838990008,0.02626204490661621,0.026676416397094727,0.025647640228271484,-0.015789999603190778,-0.01578999951562118,0.038936758438322554,0.026395797729492188,0.02622842788696289,0.024763107299804688,1001,0.0015766363441635904,0.0033033423189862904,-0.015789997917577906,-0.015789998011028438,1.0,1.0,-0.015789999613692856,-0.015789999614176774,1.0,1.0,1.0,1.0,1.0,1.0,0.0059231503759628054,0.0074278736387005636,0.0,0.0,1.0,1.0
30,-0.015789996629106885,-0.015789996779324546,-0.024012610601337577,0.014088406749852952,0.2219542635386963,0.2410778370432129,0.02250748804321289,0.3502815959762355,0.12698522461775869,0.00542297653114596,0.3502815959762355,0.12698522461775869,0.008823851490807838,0.3664672087178939,0.141672481460477,0.005702904598557967,-0.015789998675397668,-0.015789998451296305,0.03760153460375497,0.0301821231842041,0.029546022415161133,0.028222084045410156,-0.015789999604546145,-0.015789996653936142,0.03808758186285536,0.028813600540161133,0.029330968856811523,0.027917861938476562,1100,0.0014353618801054358,0.0030083115136627816,-0.015789998815748683,-0.015789998827839578,1.0,1.0,-0.01578999913072211,-0.01578999913111774,1.0,1.0,1.0,1.0,1.0,1.0,0.005650860051114066,0.007177193506935007,0.0,0.0,1.0,1.0
31,-0.01578999623964944,-0.01578999715833109,-0.02404429386019999,0.014087769568074698,0.22503605877062988,0.23530586767504882,0.012373833675048828,0.3502877982837123,0.12698593244937095,0.005435181419144185,0.3502877982837123,0.12698593244937095,0.008831623703706859,0.3664561969265254,0.14165662122068173,0.005719714467372606,-0.015789998648215686,-0.015789998520890646,0.038036358307361275,0.029968976974487305,0.02898120880126953,0.028145313262939453,-0.015789998675470412,-0.015789998451442706,0.037570229047187154,0.029964447021484375,0.02942514419555664,0.028226852416992188,1101,0.0014341029341666477,0.0030056263885369023,-0.015789998915987057,-0.01578999892519482,1.0,1.0,-0.01578999907432962,-0.015789999075175577,1.0,1.0,1.0,1.0,1.0,1.0,0.005912153890657448,0.0074177496614207675,0.0,0.0,1.0,1.0
32,-0.01578999498696835,-0.015789995175414035,-0.02400835329139522,0.014027511819783572,0.20195438197802734,0.25246883269665527,0.028943639696655275,0.3500929695985041,0.12682517870685972,0.005385123629171224,0.3500929695985041,0.12682517870685972,0.00874980525944737,0.36669321481454425,0.1417001638261183,0.005688585882078924,-0.015789998291129953,-0.01578999796679991,0.03553240875635549,0.03297233581542969,0.03250694274902344,0.03052067756652832,-0.015789998644170786,-0.01578999852249911,0.03795139017392222,0.03285098075866699,0.03146982192993164,0.03116774559020996,1200,0.0013159699407869479,0.002760637751938225,-0.015789998121453545,-0.015789998121453545,1.0,1.0,-0.015789998649701712,-0.015789998649701712,1.0,1.0,1.0,1.0,1.0,1.0,0.004553920774697247,0.006167313427819969,0.0,0.0,1.0,1.0
33,-0.015789991406283784,-0.01578999535807435,-0.02401400001466698,0.014026930018799679,0.20509280546203612,0.23057235649291993,0.014068665492919921,0.35014280591096575,0.1268593886804359,0.005385537988256591,0.35014280591096575,0.1268593886804359,0.008743028299449396,0.3667339229548077,0.14172623860053674,0.005689143614213728,-0.01578999774984055,-0.01578999801539802,0.035530977224423804,0.024496078491210938,0.031879425048828125,0.03094482421875,-0.015789998291176,-0.01578999796677541,0.035530977311328545,0.032744646072387695,0.033136606216430664,0.031199932098388672,1201,0.001314870940321698,0.0027583387803808814,-0.015789998453407034,-0.015789998471899512,1.0,1.0,-0.01578999774984055,-0.01578999774984055,1.0,1.0,1.0,1.0,1.0,1.0,0.004553920716611852,0.006167313384426791,0.0,0.0,1.0,1.0
34,-0.01578999479650601,-0.01578999303166557,-0.024030721327409677,0.013999583616499342,0.20136220945007324,0.22623867111340332,0.01426362811340332,0.3498547102574576,0.12671310924164672,0.005415675568834931,0.3498547102574576,0.12671310924164672,0.008721984078041567,0.3666187201780798,0.14164103124699512,0.005702406087888052,-0.015789998667837226,-0.01578999695496816,0.035228937566740365,0.025452375411987305,0.03412365913391113,0.03279924392700195,-0.01578999774984055,-0.015789998013049287,0.03556792138719879,0.025934696197509766,0.034319400787353516,0.033501625061035156,1249,0.0012644996305437182,0.002652556869104602,-0.015789997360986078,-0.015789997360986078,1.0,1.0,-0.015789998667837226,-0.015789998667837226,1.0,1.0,1.0,1.0,1.0,1.0,0.004363723331979003,0.005993193052396153,0.0,0.0,1.0,1.0
35,-0.015789994695351556,-0.015789999502576167,-0.024061192324729492,0.013999025652953141,0.20326579720544433,0.2171843213388672,0.013690005338867188,0.34985842685989926,0.12671257509918132,0.005414566692359883,0.34985842685989926,0.12671257509918132,0.00872909086132774,0.3666157659131167,0.14163090601924602,0.0056991874259928075,-0.015789998279239246,-0.01578999958951334,0.035606864863798805,0.03502321243286133,0.0363163948059082,0.03276968002319336,-0.015789998667837226,-0.015789996954954512,0.03520419764759146,0.0259249210357666,0.03404116630554199,0.03223156929016113,1250,0.0012635115046403626,0.0026504597148845443,-0.01578999959017525,-0.01578999959017525,1.0,1.0,-0.01578999867772402,-0.01578999867772402,1.0,1.0,1.0,1.0,1.0,1.0,0.0045897679013065795,0.006200316261427965,0.0,0.0,1.0,1.0
36,-0.015789998425502064,-0.015789999480617836,-0.02453663569633128,0.013971707018916342,0.20438827453649902,0.2480484485510254,0.01929653155102539,0.34966078519938176,0.12659505237813864,0.005431145645209082,0.34966078519938176,0.12659505237813864,0.00878839151341216,0.36639419363991643,0.14143032721935453,0.005700259914425734,-0.015789999371469073,-0.015789999579346518,0.035279647018068475,0.03514361381530762,0.034099578857421875,0.032797813415527344,-0.015789998280082436,-0.015789999589514964,0.035309753005165555,0.03628826141357422,0.03682994842529297,0.03327298164367676,1300,0.0012148332794355721,0.002548581908280828,-0.015789999600137446,-0.015789999601532878,1.0,1.0,-0.015789999371566395,-0.015789999371566395,1.0,1.0,1.0,1.0,1.0,1.0,0.004572765297338453,0.006184661452806234,0.0,0.0,1.0,1.0
37,-0.01578999855086924,-0.015789999410678494,-0.024526757439034548,0.01397117191971486,0.19998556771337891,0.24324306060742187,0.014074785607421876,0.3496731325061487,0.12660060427383352,0.005430021784361638,0.3496731325061487,0.12660060427383352,0.008786815783873449,0.3664657715622179,0.14148874064585928,0.0057043839799741786,-0.01578999940378103,-0.01578999955245666,0.03508014437741852,0.03595566749572754,0.03394055366516113,0.033640384674072266,-0.015789999371469094,-0.015789999579353457,0.03531201494515489,0.03525948524475098,0.03563570976257324,0.03435039520263672,1301,0.0012139056381318142,0.0025466306121407958,-0.0157899995829012,-0.015789999585006587,1.0,1.0,-0.01578999940907775,-0.01578999940907775,1.0,1.0,1.0,1.0,1.0,1.0,0.004441893630892031,0.006064176367554728,0.0,0.0,1.0,1.0
38,-0.01578999920916081,-0.01578999720038272,-0.02422478345153532,0.013920222576445249,0.2001146740489502,0.23604830466589355,0.020977077665893556,0.34961319595279755,0.12654042984906752,0.0054435962033173415,0.34961319595279755,0.12654042984906752,0.008718547578050656,0.36669849139642,0.14156967191050848,0.005756304470883605,-0.01578999951745937,-0.01578999854518117,0.03670756603254059,0.028087615966796875,0.037130117416381836,0.03594088554382324,-0.01578999940380255,-0.015789999552470596,0.035030694610175966,0.03946542739868164,0.037534475326538086,0.03658890724182129,1400,0.0011283557917446166,0.002367403245490702,-0.015789998934124343,-0.015789998940043386,1.0,1.0,-0.015789999517459373,-0.015789999517459373,1.0,1.0,1.0,1.0,1.0,1.0,0.005389315116632026,0.006936406040698543,0.0,0.0,1.0,1.0
39,-0.01578999917642578,-0.01578999690289646,-0.024229850254223438,0.013919727379875919,0.2053758547866211,0.22454863761047364,0.014553981610473634,0.3496652013960146,0.12657740008761603,0.005449811260969896,0.3496652013960146,0.12657740008761603,0.008718861315003164,0.36673796747685183,0.14159556911410898,0.005758374547428968,-0.0157899995084025,-0.015789998475904326,0.03672573608236775,0.02869582176208496,0.037213802337646484,0.035718441009521484,-0.01578999951745937,-0.015789998545279817,0.036725736099499764,0.028142213821411133,0.037301063537597656,0.03602004051208496,1401,0.0011275608135235008,0.0023657267728329815,-0.01578999885025877,-0.015789998857083085,1.0,1.0,-0.015789999508402496,-0.015789999508402496,1.0,1.0,1.0,1.0,1.0,1.0,0.005389315109482555,0.0069364060330370444,0.0,0.0,1.0,1.0
40,-0.015789998538016724,-0.01578999934316958,-0.024206541376869853,0.013872911119163306,0.20625572101416015,0.25395283070568847,0.03894819770568848,0.34885843347899625,0.12607596143280073,0.005335799946652975,0.34885843347899625,0.12607596143280073,0.006429188255150477,0.3665082609589,0.1414228528258898,0.005725078690802322,-0.015789999325975846,-0.015789999519551432,0.019874330230107373,0.031067848205566406,0.03071737289428711,0.03909730911254883,-0.0157899995084025,-0.015789998480959123,0.03660344301459919,0.030671358108520508,0.040657997131347656,0.03929853439331055,1499,0.0010538365102321554,0.0022153589862753823,-0.015789999519551432,-0.015789999519551432,1.0,1.0,-0.01578999932597585,-0.01578999932597585,1.0,1.0,1.0,1.0,1.0,1.0,-0.009428781723280422,-0.004694644268833918,0.0,0.0,1.0,1.0
41,-0.015789998528700437,-0.0157899993575875,-0.024189658108912694,0.013872450079578434,0.20380494987841796,0.22962688647229004,0.01663668247229004,0.34888543401686933,0.1260927118208818,0.00533417904341914,0.34888543401686933,0.1260927118208818,0.006441119325273688,0.36656577993578204,0.14146387996499046,0.005728725111965026,-0.015789999323482774,-0.015789999525098682,0.0197621722515121,0.03100109100341797,0.03181743621826172,0.04012703895568848,-0.015789999325975846,-0.015789999519551432,0.01991476876817644,0.0314021110534668,0.030264854431152344,0.03926253318786621,1500,0.001053132409753697,0.0022138815692236496,-0.015789999525098682,-0.015789999525098682,1.0,1.0,-0.015789999323482767,-0.015789999323482767,1.0,1.0,1.0,1.0,1.0,1.0,-0.009462064812813585,-0.004754063536400933,0.0,0.0,1.0,1.0
42,-0.01578999852283699,-0.01578999942192283,-0.024161168999061105,0.01387198936153694,0.20263665376586915,0.23161384192053222,0.01626788792053223,0.3488351041880047,0.1260586144712051,0.00533885754427757,0.3488351041880047,0.1260586144712051,0.00643715540748151,0.36650606914011924,0.1414217469954225,0.00573197949093827,-0.015789999321633864,-0.015789999550596942,0.019790061430273658,0.031685829162597656,0.03109288215637207,0.03919553756713867,-0.015789999323482774,-0.015789999525098682,0.01979006133953148,0.031121253967285156,0.03162026405334473,0.039290428161621094,1501,0.0010524464243438791,0.002212422946428704,-0.015789999550596946,-0.015789999550596946,1.0,1.0,-0.01578999932163386,-0.01578999932163386,1.0,1.0,1.0,1.0,1.0,1.0,-0.009462064803049198,-0.004754063508433848,0.0,0.0,1.0,1.0
43,-0.015789998402677426,-0.0157899900701508,-0.024409070040460137,0.013827900434836926,0.20142658307092284,0.2517509503704834,0.0363949163704834,0.34862812266606025,0.12594244107158092,0.005379669423426227,0.34862812266606025,0.12594244107158092,0.006442156324937079,0.36710491149520674,0.1418647208613631,0.00578460607783514,-0.01578999928231256,-0.015789995798684984,0.02028525385568716,0.03207731246948242,0.04336428642272949,0.042938947677612305,-0.015789999321633864,-0.015789999550596942,0.01973504577071721,0.03400921821594238,0.0332491397857666,0.042462825775146484,1600,0.0009878085973165796,0.0020768561910406566,-0.01578999690552938,-0.01578999694371536,1.0,1.0,-0.01578999928231256,-0.01578999928231256,1.0,1.0,1.0,1.0,1.0,1.0,-0.009339424575425788,-0.0045316371406106245,0.0,0.0,1.0,1.0
44,-0.015789998400199165,-0.01578999002374668,-0.024413244911508064,0.013827469799970427,0.20466037856140137,0.23856598800012208,0.01666129600012207,0.3486038932933337,0.125922870251913,0.005376793202435093,0.3486038932933337,0.125922870251913,0.006440908735530724,0.3670720683579572,0.14183678366447233,0.005781945989907448,-0.015789999281698795,-0.01578999578164496,0.02026659499729677,0.032706260681152344,0.04306840896606445,0.042376041412353516,-0.01578999928231256,-0.015789995798898015,0.020266594806098586,0.03268575668334961,0.043531179428100586,0.04142570495605469,1601,0.000987166283196948,0.0020755341601957247,-0.01578999689030787,-0.015789996928556645,1.0,1.0,-0.015789999281698802,-0.015789999281698802,1.0,1.0,1.0,1.0,1.0,1.0,-0.009339424502372594,-0.004531637050033923,0.0,0.0,1.0,1.0
45,-0.015789998336163576,-0.015789999305534687,-0.024702549581849285,0.013786174664276167,0.1961109636512451,0.25426826688415527,0.03522966088415527,0.34792672174047107,0.1255169672685035,0.005398994172310186,0.34792672174047107,0.1255169672685035,0.008848875479052094,0.36629608258486906,0.14127091111923146,0.005790330522685146,-0.01578999925391524,-0.015789999512401325,0.0366174347493795,0.03533053398132324,0.048464298248291016,0.044861555099487305,-0.015789999281698795,-0.015789995775022606,0.02050975620267109,0.03506207466125488,0.04631352424621582,0.04527735710144043,1700,0.0009296882791760189,0.0019549474933300034,-0.0157899995149542,-0.0157899995149542,1.0,1.0,-0.015789999253915242,-0.015789999253915242,1.0,1.0,1.0,1.0,1.0,1.0,0.005261479844556652,0.006818717679744712,0.0,0.0,1.0,1.0
46,-0.015789998335513544,-0.015789999304972928,-0.024706397776013456,0.013785770502066341,0.20068569929040528,0.22784529576953125,0.01547721376953125,0.34794818453606274,0.125530065553998,0.005399793762587012,0.34794818453606274,0.125530065553998,0.008848580239711693,0.36632350129732577,0.14128890606544722,0.005788062741027939,-0.015789999253702683,-0.015789999512242674,0.03659017334179289,0.035425662994384766,0.04873180389404297,0.044344186782836914,-0.01578999925391524,-0.015789999512401884,0.036590173185652906,0.034639596939086914,0.04835677146911621,0.044495344161987305,1701,0.0009291421308550329,0.0019537990998777,-0.015789999515065736,-0.015789999515065736,1.0,1.0,-0.01578999925370268,-0.01578999925370268,1.0,1.0,1.0,1.0,1.0,1.0,0.005261479935662717,0.006818717757610241,0.0,0.0,1.0,1.0
47,-0.01578999824426915,-0.01578999927405979,-0.024857088765286056,0.013766657768013325,0.20518676800195312,0.2353773714379883,0.02045737543798828,0.34800621248616964,0.1255420733737517,0.005414162753344828,0.34800621248616964,0.1255420733737517,0.008869889612136124,0.36654606203344714,0.14140936948569474,0.0057900399374684886,-0.01578999922585138,-0.01578999950143206,0.037688795245461724,0.03519773483276367,0.047357797622680664,0.04543161392211914,-0.015789999253702683,-0.015789999512240135,0.03644954347725707,0.035800933837890625,0.05168414115905762,0.0465242862701416,1749,0.0009037442799626726,0.0019003200185889225,-0.01578999951215107,-0.01578999951215107,1.0,1.0,-0.015789999225851382,-0.015789999225851382,1.0,1.0,1.0,1.0,1.0,1.0,0.0059620958760903545,0.007463728266297964,0.0,0.0,1.0,1.0
48,-0.015789998241644506,-0.015789999273944446,-0.024860994914630112,0.013766265449347597,0.20138218271447753,0.24102577113183593,0.016775612131835937,0.34804581241333893,0.1255698131176181,0.00541695554889842,0.34804581241333893,0.1255698131176181,0.008872648692330055,0.3665757139533968,0.14142849965147083,0.0057903868285431705,-0.015789999225111172,-0.015789999501410815,0.037661716159626615,0.035341501235961914,0.047348976135253906,0.045343875885009766,-0.01578999922585138,-0.015789999501434362,0.03766171615855005,0.03589463233947754,0.048834800720214844,0.04610776901245117,1750,0.0009032223159339294,0.001899229941929309,-0.01578999951235907,-0.01578999951235907,1.0,1.0,-0.01578999922511118,-0.01578999922511118,1.0,1.0,1.0,1.0,1.0,1.0,0.005962095876766705,0.00746372826683142,0.0,0.0,1.0,1.0
49,-0.015789998192257054,-0.015789996342511835,-0.024890546626007502,0.013746943108520577,0.20202050941723632,0.24134372524511719,0.02296512124511719,0.34787810195056335,0.12549943205125152,0.005410826882074769,0.34787810195056335,0.12549943205125152,0.008889568570957275,0.3664514589785624,0.1413538671265479,0.005793086682624011,-0.015789999207859395,-0.015789998320368977,0.037074253587325225,0.0359194278717041,0.048346757888793945,0.04730677604675293,-0.015789999225111172,-0.015789999501379777,0.03770411341947602,0.03635382652282715,0.04945731163024902,0.04697418212890625,1800,0.0008781192996478808,0.00184650810627581,-0.015789998609358744,-0.015789998612328375,1.0,1.0,-0.015789999207859395,-0.015789999207859395,1.0,1.0,1.0,1.0,1.0,1.0,0.005606110586850772,0.00713599522951224,0.0,0.0,1.0,1.0
50,-0.01578999819152795,-0.015789996529520775,-0.024894198789916614,0.013746562417490019,0.19912183498986816,0.23873102683105468,0.018750010831054688,0.34791601842925746,0.1255258011790608,0.005408902579157156,0.34791601842925746,0.1255258011790608,0.008885698530595216,0.3664785056656954,0.14137110179772078,0.005790600011975273,-0.015789999207601935,-0.015789998380997327,0.03707273822997534,0.03842735290527344,0.050519704818725586,0.048056840896606445,-0.015789999207859395,-0.015789998320432933,0.03707273823854195,0.037685394287109375,0.050048112869262695,0.047046661376953125,1801,0.0008776358021563396,0.0018454910434050611,-0.015789998666344986,-0.01578999866899621,1.0,1.0,-0.015789999207601935,-0.015789999207601935,1.0,1.0,1.0,1.0,1.0,1.0,0.005606110584379895,0.007135995226574773,0.0,0.0,1.0,1.0
51,-0.01578999806578136,-0.01578999924531628,-0.02480869076878738,0.0137099302930769,0.19793964650146484,0.2624150644510498,0.030224107451049805,0.34817167375272534,0.12566788587606406,0.005444351215094686,0.34817167375272534,0.12566788587606406,0.008859637825729986,0.3669018197948902,0.14159974967644884,0.005820258554746133,-0.01578999916581728,-0.015789999488107657,0.03804766585892014,0.03869318962097168,0.05155324935913086,0.04979991912841797,-0.015789999207601935,-0.01578999838349954,0.03730921530651948,0.03938794136047363,0.0524594783782959,0.04956698417663574,1900,0.0008322420210690183,0.0017498922218410113,-0.01578999952226452,-0.015789999523106425,1.0,1.0,-0.01578999916581728,-0.01578999916581728,1.0,1.0,1.0,1.0,1.0,1.0,0.006021535141299779,0.007518450113330084,0.0,0.0,1.0,1.0
52,-0.01578999806423526,-0.015789999228605633,-0.024812332651548915,0.013709570551519928,0.19945193321936036,0.24879557083935547,0.023833757839355468,0.34817372576262984,0.12566720067147638,0.005451357517544219,0.34817372576262984,0.12566720067147638,0.008862320796129202,0.3669353718401021,0.14162400718631118,0.005822119148160394,-0.01578999916533175,-0.015789999481652012,0.03802250023409351,0.038951873779296875,0.05285072326660156,0.05039024353027344,-0.01578999916581728,-0.015789999488114506,0.03802250023544665,0.03953838348388672,0.051943302154541016,0.050195932388305664,1901,0.0008317949916602915,0.0017489705800534114,-0.015789999517282972,-0.015789999518159802,1.0,1.0,-0.01578999916533175,-0.01578999916533175,1.0,1.0,1.0,1.0,1.0,1.0,0.006021535140760199,0.0075184501127214835,0.0,0.0,1.0,1.0
53,-0.01578999774785662,-0.015789998894791955,-0.02479404008272544,0.013675244813897149,0.2023605681833496,0.24667209515405272,0.021594549154052733,0.34813053987601417,0.12569325347395485,0.0053941966797498506,0.34813053987601417,0.12569325347395485,0.008825292690375911,0.3670305310528001,0.14171412821495144,0.005790973247493422,-0.015789999062029922,-0.015789999356492487,0.03576095049517053,0.040323495864868164,0.05405998229980469,0.05176711082458496,-0.01578999916533175,-0.015789999481542624,0.038001052166016264,0.040363311767578125,0.05374932289123535,0.05234360694885254,1999,0.0007910888123935321,0.001663355043801382,-0.01578999941068104,-0.015789999411140877,1.0,1.0,-0.015789999062029925,-0.015789999062029925,1.0,1.0,1.0,1.0,1.0,1.0,0.0047601900265939025,0.0063572117267315644,0.0,0.0,1.0,1.0
54,-0.015789997747496964,-0.015789999102588655,-0.024810477264007178,0.013674903704529673,0.20831107055102538,0.24948046407263183,0.020649716072631837,0.3481282311772912,0.12569076727633557,0.0053854753884783925,0.3481282311772912,0.12569076727633557,0.008827096411813612,0.36703035689882774,0.1417090222359157,0.005790071025912808,-0.015789999062506218,-0.01578999943418696,0.037226685207271334,0.04192042350769043,0.05500316619873047,0.05135774612426758,-0.015789999062029922,-0.01578999935650243,0.03573843216424129,0.03973388671875,0.05286693572998047,0.05071854591369629,2000,0.0007907006223813755,0.0016625329761234236,-0.01578999947605115,-0.015789999476572895,1.0,1.0,-0.015789999062506218,-0.015789999062506218,1.0,1.0,1.0,1.0,1.0,1.0,0.00559857269590855,0.007129055976944354,0.0,0.0,1.0,1.0
55,-0.015789997745236393,-0.015789999098093633,-0.024813802835957542,0.013674562773751271,0.2063331812019043,0.2462434140612793,0.0174572420612793,0.34814643471543105,0.1257019290725143,0.0053852066202483805,0.34814643471543105,0.1257019290725143,0.008827574335684985,0.36705500857922074,0.1417255410273935,0.005791820206653384,-0.01578999906175936,-0.01578999943251197,0.03723349680142863,0.040598392486572266,0.0541987419128418,0.052056074142456055,-0.015789999062506218,-0.01578999943419434,0.03723349678677357,0.04022097587585449,0.05409431457519531,0.05115365982055664,2001,0.0007903122273413028,0.0016617093670792684,-0.015789999474857198,-0.015789999475407587,1.0,1.0,-0.015789999061759364,-0.015789999061759364,1.0,1.0,1.0,1.0,1.0,1.0,0.005598572705144025,0.007129055984300606,0.0,0.0,1.0,1.0
56,-0.015789997287874,-0.015789997548782877,-0.024624306709094955,0.013641665325132654,0.2038265052545166,0.2583536171477051,0.02903852614770508,0.34858376141491654,0.12598255114949705,0.00538712208107504,0.34858376141491654,0.12598255114949705,0.008830191494259402,0.36779544635442424,0.14222588343830098,0.005788248104254412,-0.015789998918597264,-0.01578999855417165,0.03536030244273239,0.04335522651672363,0.05930829048156738,0.0535128116607666,-0.01578999906175936,-0.01578999943243352,0.03735716462779307,0.04210257530212402,0.057093143463134766,0.053159475326538086,2100,0.0007532479383695922,0.0015836760259941747,-0.01578999898591246,-0.01578999898635116,1.0,1.0,-0.01578999891859726,-0.01578999891859726,1.0,1.0,1.0,1.0,1.0,1.0,0.004476566107094389,0.0060960979796571176,0.0,0.0,1.0,1.0
57,-0.015789997351482756,-0.01578999800121072,-0.024635207698200864,0.013641341375866296,0.20727301975219728,0.24760208418969726,0.018444462189697267,0.3485737088032715,0.12597377621925906,0.00539208892786914,0.3485737088032715,0.12597377621925906,0.008827882724434397,0.3677796525741921,0.1422108117710449,0.005797773722693348,-0.01578999893858706,-0.015789998670571556,0.035476707947807565,0.044656991958618164,0.061344146728515625,0.055802106857299805,-0.015789998918597264,-0.01578999855416635,0.0353620400025665,0.04316973686218262,0.057363033294677734,0.0552215576171875,2101,0.0007528934999749084,0.001582926931834956,-0.01578999913311144,-0.015789999133610396,1.0,1.0,-0.015789998938587062,-0.015789998938587062,1.0,1.0,1.0,1.0,1.0,1.0,0.004540993946335377,0.006155412509531373,0.0,0.0,1.0,1.0
58,-0.015789998325157838,-0.015789990490889177,-0.024876225954011667,0.013610045151203199,0.20124971148291015,0.2891280941699219,0.053812986169921875,0.3489146692825832,0.12619577685567407,0.005426725992706201,0.3489146692825832,0.12619577685567407,0.008836882327198137,0.36822053238343355,0.14247555182162605,0.0058442033698582144,-0.015789999227941345,-0.015789995997954682,0.03427945108536354,0.04468512535095215,0.044365882873535156,0.05816173553466797,-0.01578999893858706,-0.015789998672623283,0.0352554786913217,0.04568886756896973,0.06342911720275879,0.05716347694396973,2200,0.000719046544110206,0.0015119077838192559,-0.015789995997954685,-0.015789995997954685,1.0,1.0,-0.015789999227941342,-0.015789999227941342,1.0,1.0,1.0,1.0,1.0,1.0,0.003996902800733737,0.005658961861465885,0.0,0.0,1.0,1.0
59,-0.015789998360517286,-0.01578999894058254,-0.024873070184626023,0.013609736606856982,0.1986590117319336,0.2510117211541748,0.019467120154174806,0.3489461086639164,0.12621748964013715,0.005426076411194516,0.3489461086639164,0.12621748964013715,0.008833676087528148,0.3682589535323307,0.14250310788175255,0.005841959154876779,-0.01578999923863653,-0.015789999378120836,0.03420981947315004,0.04516410827636719,0.059589385986328125,0.057477712631225586,-0.015789999227941345,-0.015789995997954682,0.03428921994102359,0.04473423957824707,0.045404672622680664,0.05715513229370117,2201,0.0007187277948002887,0.0015112294249308882,-0.015789999423939504,-0.01578999942420851,1.0,1.0,-0.015789999238636526,-0.015789999238636526,1.0,1.0,1.0,1.0,1.0,1.0,0.003953519210270464,0.005619134271638646,0.0,0.0,1.0,1.0
60,-0.015789998819009263,-0.01578999929884262,-0.024881525253350526,0.013579896162989838,0.21505984521472168,0.24541396928808593,0.026207015288085937,0.34899454317040796,0.12623675969395753,0.005436339504719187,0.34899454317040796,0.12623675969395753,0.008722142683504547,0.36851805258282,0.1426683103838413,0.00584284770582861,-0.015789999382084693,-0.01578999950418739,0.03333988859695398,0.046706438064575195,0.04759335517883301,0.0606839656829834,-0.01578999923863653,-0.015789999378415256,0.03415951487808531,0.046849966049194336,0.06316494941711426,0.06007218360900879,2300,0.0006877841350879499,0.0014462163105265595,-0.01578999950418739,-0.01578999950418739,1.0,1.0,-0.015789999382084693,-0.015789999382084693,1.0,1.0,1.0,1.0,1.0,1.0,0.003505209200514474,0.005212393151121911,0.0,0.0,1.0,1.0
61,-0.01578999883258899,-0.015789999270933133,-0.02488380469055901,0.013579601655309907,0.21094490664453125,0.24445010460266114,0.020662078602661133,0.349026171249031,0.12625924320895757,0.005437557363075132,0.349026171249031,0.12625924320895757,0.008726232096735113,0.36854852538674837,0.14268976555821236,0.005845122633206341,-0.015789999386486377,-0.01578999949375267,0.03332091609335973,0.04699230194091797,0.04680657386779785,0.058776140213012695,-0.015789999382084693,-0.01578999950418739,0.03332091606271594,0.04561352729797363,0.045873403549194336,0.0586855411529541,2301,0.0006874864871545396,0.0014455895197516217,-0.015789999493752673,-0.015789999493752673,1.0,1.0,-0.01578999938648637,-0.01578999938648637,1.0,1.0,1.0,1.0,1.0,1.0,0.0035052092206145796,0.005212393166937944,0.0,0.0,1.0,1.0
62,-0.015789996519961384,-0.0157899979976959,-0.02468484515439401,0.013551090373091443,0.2016054142784424,0.27717475787963863,0.04330893087963867,0.34894871864224236,0.12623909908831793,0.005433867865576892,0.34894871864224236,0.12623909908831793,0.00869729768021745,0.36859681533049404,0.14272739727675457,0.005858880225000428,-0.015789998716020177,-0.015789998663445274,0.032848531159176686,0.05910158157348633,0.06598353385925293,0.06062126159667969,-0.015789999386486377,-0.01578999949375267,0.03315639592200738,0.04824638366699219,0.04811739921569824,0.05923891067504883,2400,0.0006591517806540525,0.0013860581210197627,-0.015789999129960024,-0.015789999130229274,1.0,1.0,-0.01578999871602018,-0.01578999871602018,1.0,1.0,1.0,1.0,1.0,1.0,0.0033361533050536023,0.005059965522553398,0.0,0.0,1.0,1.0
63,-0.01578999660012688,-0.015789998771637333,-0.024687065521503616,0.013550808707123147,0.2064610249243164,0.2545451258798828,0.023322371879882814,0.3489724133803359,0.1262552038676841,0.005434437573682068,0.3489724133803359,0.1262552038676841,0.008698048462408077,0.36862938927493466,0.14275043493835957,0.0058583566710477385,-0.015789998739834898,-0.01578999932139793,0.03286511932448517,0.049887895584106445,0.06306314468383789,0.06010842323303223,-0.015789998716020177,-0.015789998663462836,0.03286511930997696,0.048197269439697266,0.06616091728210449,0.06103825569152832,2401,0.0006588859967715067,0.0013854901066319837,-0.015789999371348475,-0.015789999371561572,1.0,1.0,-0.015789998739834894,-0.015789998739834894,1.0,1.0,1.0,1.0,1.0,1.0,0.003336153314274987,0.005059965530128973,0.0,0.0,1.0,1.0
64,-0.015789991112544668,-0.015789998447667482,-0.02449043293210084,0.013523515687622362,0.2065655710217285,0.27926207529382324,0.043353739293823246,0.34902758699743974,0.12633055889264241,0.005440868216907571,0.34902758699743974,0.12633055889264241,0.008713186224513858,0.3686350810828496,0.14274687992415375,0.005859219183562344,-0.015789997066087278,-0.015789999190080166,0.03180718742042596,0.050620079040527344,0.07767391204833984,0.07493233680725098,-0.015789998739834898,-0.01578999932130741,0.03294489434909589,0.06232476234436035,0.07843947410583496,0.07535791397094727,2500,0.0006328738719828095,0.0013307343250126738,-0.01578999927551704,-0.015789999276210685,1.0,1.0,-0.015789997066087275,-0.015789997066087275,1.0,1.0,1.0,1.0,1.0,1.0,0.002712707458284086,0.004503386019415078,0.0,0.0,1.0,1.0
65,-0.015789991965492876,-0.01578999855681992,-0.02449247915239594,0.01352324581372634,0.2056444070128174,0.2573104848165283,0.02330508581652832,0.3490180218423148,0.126321546579059,0.00544149923951152,0.3490180218423148,0.126321546579059,0.008711020486170035,0.36861951745803445,0.14273226586865675,0.005860014633657013,-0.01578999734164791,-0.015789999230123995,0.031790272420315825,0.05882072448730469,0.07904720306396484,0.07501673698425293,-0.015789997066087278,-0.015789999190092666,0.03179027225196959,0.06162571907043457,0.07739019393920898,0.07415056228637695,2501,0.0006326123530187607,0.0013301938951234742,-0.015789999308803634,-0.015789999309472284,1.0,1.0,-0.015789997341647908,-0.015789997341647908,1.0,1.0,1.0,1.0,1.0,1.0,0.002712707561599872,0.004503386104946511,0.0,0.0,1.0,1.0
66,-0.015789992511677512,-0.015789997840670072,-0.024500473002415986,0.013497073387673447,0.20288242433532716,0.2632391460616455,0.028530575061645507,0.3491740747815581,0.12645204105433877,0.005455308437041434,0.3491740747815581,0.12645204105433877,0.008712356722536351,0.36913169142432206,0.14313121301336262,0.005860797637329063,-0.01578999745108932,-0.015789998627309485,0.03217961896863726,0.06118369102478027,0.0845499038696289,0.07533621788024902,-0.01578999734164791,-0.01578999922984066,0.03184863376755558,0.06414484977722168,0.08146810531616211,0.07712364196777344,2600,0.0006086894288359385,0.001279732725059363,-0.015789999082100693,-0.015789999082301158,1.0,1.0,-0.015789997451089322,-0.015789997451089322,1.0,1.0,1.0,1.0,1.0,1.0,0.0028939155461978083,0.00466379977016786,0.0,0.0,1.0,1.0
67,-0.015789992612202194,-0.01578999789682932,-0.024471100318068543,0.013496814378960173,0.20278543566418458,0.25446246102404785,0.02356596202404785,0.34914540465900723,0.12643233606514995,0.005453550046930741,0.34914540465900723,0.12643233606514995,0.0087100014586779,0.3690958001739742,0.14310594903909518,0.005859141092181198,-0.015789997484377444,-0.015789998633726002,0.03219458381633565,0.06117701530456543,0.08393144607543945,0.07599067687988281,-0.01578999745108932,-0.01578999862732727,0.032194585522318964,0.06490826606750488,0.08303523063659668,0.07657313346862793,2601,0.0006084604718263737,0.0012792459429997246,-0.015789999096366577,-0.015789999096366577,1.0,1.0,-0.015789997484377448,-0.015789997484377448,1.0,1.0,1.0,1.0,1.0,1.0,0.0028939144026214124,0.004663798885859288,0.0,0.0,1.0,1.0
68,-0.015789995905769176,-0.015789999451508874,-0.024388357286757322,0.013471676089727143,0.19530130323046874,0.28954272457995606,0.06516787057995606,0.3485712853626623,0.12612491387810684,0.005461091463733539,0.3485712853626623,0.12612491387810684,0.008681376686119372,0.3685526326191147,0.14279258467671463,0.005862299817786124,-0.015789998497077014,-0.015789999563268202,0.03245091872048152,0.06380176544189453,0.06748008728027344,0.08130502700805664,-0.015789997484377444,-0.015789998634494852,0.03208193954524673,0.06604242324829102,0.08537054061889648,0.08089160919189453,2700,0.0005860792912027853,0.0012323461986278538,-0.015789999563268205,-0.015789999563268205,1.0,1.0,-0.015789998497077014,-0.015789998497077014,1.0,1.0,1.0,1.0,1.0,1.0,0.0030963583467049673,0.0048437579453658106,0.0,0.0,1.0,1.0
69,-0.01578999565303099,-0.015789999363570336,-0.024390382986741142,0.013471427123699429,0.20226025659423827,0.24193735372790529,0.023432641727905275,0.34859005751567096,0.12613726727739494,0.005462072097496231,0.34859005751567096,0.12613726727739494,0.008681992312495246,0.36857204661164295,0.14280535455277948,0.005864183886818113,-0.015789998419687177,-0.01578999952312468,0.03246547270214249,0.06230354309082031,0.06667208671569824,0.08131122589111328,-0.015789998497077014,-0.015789999563268202,0.032465472136138124,0.06644201278686523,0.06743359565734863,0.0826570987701416,2701,0.0005858659995923802,0.0012318939094393942,-0.01578999952312468,-0.01578999952312468,1.0,1.0,-0.015789998419687173,-0.015789998419687173,1.0,1.0,1.0,1.0,1.0,1.0,0.0030963587014675564,0.0048437582374112635,0.0,0.0,1.0,1.0
70,-0.015789993717252204,-0.015789999458014983,-0.02446905753405968,0.013447246079856083,0.2066236165802002,0.2833441989414063,0.06180631494140625,0.34867537993152387,0.12618603287253433,0.005479368706963715,0.34867537993152387,0.12618603287253433,0.00869917077467436,0.3688147203087235,0.14295738234588715,0.005881401218230894,-0.015789997926363968,-0.015789999573288728,0.030112608428691973,0.06673979759216309,0.08965253829956055,0.08318758010864258,-0.015789998419687177,-0.01578999952312468,0.03233361587796425,0.06830811500549316,0.0688469409942627,0.08329248428344727,2800,0.0005652210694104442,0.001188532186309582,-0.015789999584247608,-0.015789999584293356,1.0,1.0,-0.015789997926363965,-0.015789997926363965,1.0,1.0,1.0,1.0,1.0,1.0,0.001890494008411045,0.0037615088876462623,0.0,0.0,1.0,1.0
71,-0.015789994954873696,-0.015789999463121963,-0.024470696717732776,0.013447006423352899,0.20415520675817872,0.253547235965332,0.024905535965332033,0.34865487599382095,0.12617114144853767,0.005484008200816892,0.34865487599382095,0.12617114144853767,0.008697194008169484,0.3687876967322046,0.14293680564872685,0.005886322778562972,-0.015789998292361367,-0.015789999575163704,0.030098078862725242,0.06690120697021484,0.08455634117126465,0.08368349075317383,-0.015789997926363968,-0.015789999573290144,0.030098078718212098,0.06840872764587402,0.08629965782165527,0.0812685489654541,2801,0.0005650099336658408,0.0011880985867688007,-0.01578999958573502,-0.01578999958577948,1.0,1.0,-0.015789998292361364,-0.015789998292361364,1.0,1.0,1.0,1.0,1.0,1.0,0.0018904941566424641,0.0037615089795683,0.0,0.0,1.0,1.0
72,-0.01578999938801269,-0.015789999516509966,-0.02442420403654758,0.013423713942505515,0.20963716772009278,0.2584942617115479,0.03160365371154785,0.3488342796273195,0.12631090618244337,0.005516647936872884,0.3488342796273195,0.12631090618244337,0.008689450197649528,0.3689496117681874,0.14304069143141246,0.005911264173988526,-0.01578999956531071,-0.015789999593691834,0.031153021677840013,0.07129335403442383,0.09376740455627441,0.08857154846191406,-0.015789998292361367,-0.01578999957516389,0.03019354812570341,0.07277750968933105,0.09280252456665039,0.0881187915802002,2900,0.0005457632172440475,0.001147607865615835,-0.01578999960251758,-0.015789999602601697,1.0,1.0,-0.015789999565310714,-0.015789999565310714,1.0,1.0,1.0,1.0,1.0,1.0,0.0024016779643663837,0.0042278497648770485,0.0,0.0,1.0,1.0
73,-0.01578999939845068,-0.01578999951776147,-0.024425920889627462,0.01342348293926041,0.20984656485217285,0.24756706330334471,0.024698266303344728,0.34880158087207686,0.12628975391497105,0.005515126301625185,0.34880158087207686,0.12628975391497105,0.008687217130207519,0.36891000741253865,0.1430135636979857,0.005909506785774724,-0.015789999568431343,-0.015789999594093374,0.031140293505777284,0.0679781436920166,0.09009957313537598,0.08551025390625,-0.01578999956531071,-0.01578999959369296,0.031140295217937753,0.07142376899719238,0.08889412879943848,0.08774781227111816,2901,0.0005455672869662499,0.0011472045804737992,-0.015789999602847982,-0.015789999602931915,1.0,1.0,-0.015789999568431346,-0.015789999568431346,1.0,1.0,1.0,1.0,1.0,1.0,0.0024016772321522424,0.004227848947107736,0.0,0.0,1.0,1.0
74,-0.015789999113157108,-0.015789995413885514,-0.024574150992490155,0.013401017423555116,0.21364077175720214,0.2642773885419922,0.04863131854199219,0.34880884680966806,0.12631273004431037,0.005501809724934678,0.34880884680966806,0.12631273004431037,0.008692181285814508,0.36901492446580725,0.14309069928417043,0.005909600969288477,-0.01578999948316399,-0.015789997895872432,0.030151037934682504,0.07233953475952148,0.093109130859375,0.08818697929382324,-0.015789999568431343,-0.01578999959410531,0.031121125660046493,0.07303023338317871,0.09067463874816895,0.08874154090881348,3000,0.0005275987560301431,0.0011094334085794202,-0.01578999814135681,-0.01578999814135681,1.0,1.0,-0.015789999483163987,-0.015789999483163987,1.0,1.0,1.0,1.0,1.0,1.0,0.001884690599029594,0.0037560111998111243,0.0,0.0,1.0,1.0
75,-0.0157899991115027,-0.015789995103317512,-0.02456117199225502,0.013400794483843301,0.21244898236254883,0.24776085364685058,0.025362929646850586,0.3488163325536184,0.12631645623745455,0.005506384614529631,0.3488163325536184,0.12631645623745455,0.00869123375642118,0.36904642293163986,0.14311378294537783,0.00591078898947538,-0.015789999482660994,-0.015789997868288597,0.030024811683489784,0.06903433799743652,0.09485983848571777,0.08791017532348633,-0.01578999948316399,-0.01578999789586418,0.030163487793583757,0.07414865493774414,0.09437060356140137,0.09006333351135254,3001,0.0005274263453336776,0.0011090672897441486,-0.015789998038847206,-0.015789998038847206,1.0,1.0,-0.015789999482660994,-0.015789999482660994,1.0,1.0,1.0,1.0,1.0,1.0,0.0018135135127779584,0.0036885803073784407,0.0,0.0,1.0,1.0
76,-0.015789999068589307,-0.01578999943379002,-0.024341997029356785,0.013379100481271436,0.20989734976489258,0.39998573319885256,0.16809745919885255,0.3484753409794276,0.12611778301190013,0.005492840079935143,0.3484753409794276,0.12611778301190013,0.008682096532830164,0.3691116490246521,0.1431751215030644,0.005922172854179346,-0.015789999469938913,-0.015789999562093975,0.031833301571014314,0.07517504692077637,0.09947896003723145,0.09163045883178711,-0.015789999482660994,-0.01578999787084959,0.030115888000849196,0.07609295845031738,0.09810733795166016,0.09013128280639648,3100,0.0005106097442967026,0.0010741839548588485,-0.015789999567804202,-0.015789999567804202,1.0,1.0,-0.015789999469938917,-0.015789999469938917,1.0,1.0,1.0,1.0,1.0,1.0,0.002733644397522168,0.0045219193893824075,0.0,0.0,1.0,1.0
77,-0.015789999065363037,-0.01578999943524864,-0.0243302110808392,0.013378885073239033,0.21744286386035155,0.26279856556896974,0.026185253568969728,0.34846394821088855,0.12610885419787068,0.00549213661160576,0.34846394821088855,0.12610885419787068,0.008681252680387573,0.3690915956877872,0.14315925458971293,0.005920775655154986,-0.015789999468994495,-0.015789999562658242,0.03174031893483368,0.07316708564758301,0.09885454177856445,0.09197402000427246,-0.015789999469938913,-0.015789999562093197,0.031845741878759715,0.07550549507141113,0.09597611427307129,0.0913228988647461,3101,0.0005104473800106943,0.001073839965835543,-0.01578999956829923,-0.01578999956829923,1.0,1.0,-0.0157899994689945,-0.0157899994689945,1.0,1.0,1.0,1.0,1.0,1.0,0.0026758749055284955,0.004470779177929355,0.0,0.0,1.0,1.0
78,-0.015789999395815827,-0.01578999936335826,-0.024606936969121168,0.013357912489127405,0.20974255420739746,0.2730994018128662,0.03923536881286621,0.34854401344668456,0.1261561885612954,0.005487256375984135,0.34854401344668456,0.1261561885612954,0.008707473675038256,0.3692056416880701,0.14321812587728583,0.0059065912354146375,-0.01578999957008093,-0.01578999953556822,0.03242289047510655,0.07482194900512695,0.1025698184967041,0.09350872039794922,-0.015789999468994495,-0.01578999956268845,0.03155853029981903,0.07959580421447754,0.10018157958984375,0.09456062316894531,3200,0.0004946428635205745,0.0010406223737258488,-0.015789999543465338,-0.015789999543465338,1.0,1.0,-0.01578999957008093,-0.01578999957008093,1.0,1.0,1.0,1.0,1.0,1.0,0.0031514197115114235,0.00489341695789571,0.0,0.0,1.0,1.0
79,-0.015789999405152046,-0.015789999366536803,-0.024608589824927144,0.013357704131485564,0.21390137578442384,0.2600026860241699,0.026905144024169922,0.3485165853755535,0.12613817684898163,0.005485850199639568,0.3485165853755535,0.12613817684898163,0.008709074162030421,0.3691717188299713,0.14319460557605712,0.005904980617834474,-0.0157899995726995,-0.015789999536779033,0.032423549684732524,0.07417511940002441,0.10111713409423828,0.09365582466125488,-0.01578999957008093,-0.015789999535569133,0.032423549263656676,0.07813858985900879,0.10010600090026855,0.09363865852355957,3201,0.000494482007818202,0.001040291032231385,-0.0157899995444993,-0.0157899995444993,1.0,1.0,-0.0157899995726995,-0.0157899995726995,1.0,1.0,1.0,1.0,1.0,1.0,0.003151420001877163,0.004893417181532819,0.0,0.0,1.0,1.0
80,-0.015789999291859955,-0.01578999921317237,-0.02449676398366735,0.01333740756226686,0.21002802918444824,0.2846364901096191,0.04802856910961914,0.3484553843237048,0.12611615528557793,0.0054900069498968335,0.3484553843237048,0.12611615528557793,0.008705559415727409,0.36924746894933563,0.1432704218349029,0.005903798701447522,-0.01578999953917057,-0.015789999479794495,0.031976901499713065,0.07854223251342773,0.10188031196594238,0.10185718536376953,-0.0157899995726995,-0.01578999953677635,0.032524551098956786,0.08082771301269531,0.1068575382232666,0.10148191452026367,3300,0.00047970120936265945,0.0010091704502320175,-0.015789999496301384,-0.015789999496301384,1.0,1.0,-0.01578999953917057,-0.01578999953917057,1.0,1.0,1.0,1.0,1.0,1.0,0.0028507742388699103,0.004625620677108643,0.0,0.0,1.0,1.0
81,-0.01578999928949027,-0.015789999212779203,-0.024498340571715457,0.013337205818101201,0.2099508603100586,0.25750031780358884,0.026505166803588866,0.34847375614009246,0.12612867726677934,0.005489764487698723,0.34847375614009246,0.12612867726677934,0.008708110034936685,0.36927769607086963,0.14329308813074412,0.005905316708508647,-0.015789999538395046,-0.015789999479650547,0.03196538047084382,0.07765412330627441,0.10853171348571777,0.09563207626342773,-0.01578999953917057,-0.015789999479796344,0.031965377526840165,0.08156967163085938,0.11258387565612793,0.09714818000793457,3301,0.00047955734134789367,0.0010088663129801554,-0.015789999496039403,-0.015789999496039403,1.0,1.0,-0.015789999538395046,-0.015789999538395046,1.0,1.0,1.0,1.0,1.0,1.0,0.002850776252848007,0.0046256222191526876,0.0,0.0,1.0,1.0
82,-0.01578999850095375,-0.015789998219106864,-0.02445992783792566,0.013317543985321962,0.20918031692980957,0.2924149553094483,0.06384209530944825,0.3483533785746584,0.12607624357313577,0.005487497261282472,0.3483533785746584,0.12607624357313577,0.00868678010773264,0.369039744137374,0.1431166542560487,0.005891436680993833,-0.0157899993012007,-0.015789999151755073,0.03177790266611481,0.08128166198730469,0.08485078811645508,0.09855437278747559,-0.015789999538395046,-0.015789999479662642,0.03197419627359093,0.08262062072753906,0.11063647270202637,0.10670733451843262,3400,0.00046561240524311957,0.0009795401370888861,-0.01578999915175508,-0.01578999915175508,1.0,1.0,-0.0157899993012007,-0.0157899993012007,1.0,1.0,1.0,1.0,1.0,1.0,0.0027430294094370157,0.004530227920489109,0.0,0.0,1.0,1.0
83,-0.01578999848055707,-0.015789998181174263,-0.024449529634087544,0.013317348456819297,0.21252386159143066,0.2593016094230957,0.028739897423095705,0.3483591431518372,0.12607898844819343,0.0054868244064974064,0.3483591431518372,0.12607898844819343,0.008686010363566152,0.3690431746469791,0.14311626802335514,0.005890160225708302,-0.015789999295131085,-0.015789999139267437,0.0316976176609769,0.08028626441955566,0.08156824111938477,0.10142636299133301,-0.0157899993012007,-0.015789999151755073,0.03178924734634514,0.08338785171508789,0.0834648609161377,0.09856677055358887,3401,0.00046547853395401617,0.000979255247333472,-0.015789999139267433,-0.015789999139267433,1.0,1.0,-0.015789999295131085,-0.015789999295131085,1.0,1.0,1.0,1.0,1.0,1.0,0.0026927355395301254,0.004485706026170958,0.0,0.0,1.0,1.0
84,-0.015789992870026484,-0.01578999769401003,-0.02435193176674035,0.0132982837238394,0.2070330332730713,0.271021310131958,0.04155920413195801,0.3482491807169113,0.1259916590116992,0.005481739098010288,0.3482491807169113,0.1259916590116992,0.008674325249658783,0.36908126427975646,0.14314106921578287,0.005898793451683427,-0.015789997576701464,-0.01578999858617891,0.031636936896021456,0.08143281936645508,0.12562870979309082,0.10450196266174316,-0.015789999295131085,-0.015789999139267437,0.0317481242579123,0.08558821678161621,0.08546042442321777,0.10799598693847656,3500,0.00045237825036851826,0.0009516352681373386,-0.0157899989817987,-0.0157899989817987,1.0,1.0,-0.015789997576701464,-0.015789997576701464,1.0,1.0,1.0,1.0,1.0,1.0,0.002631778492957873,0.0044317427285984765,0.0,0.0,1.0,1.0
85,-0.015789992828910398,-0.015789998288028493,-0.024366679079498278,0.013298094047773561,0.2098524828795166,0.2797651364462891,0.04822388644628906,0.34826066401102723,0.12599899955292831,0.005477365556624506,0.34826066401102723,0.12599899955292831,0.008680260278399519,0.3690925449322312,0.14314788823666125,0.005897939968627941,-0.01578999756469439,-0.015789999177571543,0.031745722842271444,0.08104372024536133,0.08524513244628906,0.10342001914978027,-0.015789997576701464,-0.015789998586170542,0.0316423408104648,0.08630537986755371,0.1350245475769043,0.10800814628601074,3501,0.00045225300165046417,0.0009513708633175911,-0.015789999177571543,-0.015789999177571543,1.0,1.0,-0.015789997564694392,-0.015789997564694392,1.0,1.0,1.0,1.0,1.0,1.0,0.002688451550480883,0.004481912377763308,0.0,0.0,1.0,1.0
86,-0.015789997916220475,-0.0157899991727524,-0.024380345820016202,0.01327959200508973,0.2114388278577881,0.29271740277819824,0.06408305977819824,0.3480866129427959,0.12589129557436285,0.005472321263922488,0.3480866129427959,0.12589129557436285,0.008682193905050503,0.36898303509087044,0.14306823242503236,0.005918527820029912,-0.015789999134052057,-0.015789999473800526,0.03164564567355144,0.08329200744628906,0.11725115776062012,0.10573458671569824,-0.01578999756469439,-0.015789999177571543,0.03161387397293154,0.08674120903015137,0.08848953247070312,0.14384984970092773,3600,0.0004398228544285403,0.000925239092787991,-0.01578999949066559,-0.01578999949066559,1.0,1.0,-0.015789999134052053,-0.015789999134052053,1.0,1.0,1.0,1.0,1.0,1.0,0.0027059094642051334,0.004497372836397568,0.0,0.0,1.0,1.0
87,-0.015789997994211522,-0.01578999918379752,-0.02438179712913531,0.01327940784893924,0.2110842162401123,0.2613239680229492,0.029036016022949217,0.3480983363925064,0.12589870369754627,0.0054710139468385315,0.3480983363925064,0.12589870369754627,0.008682394168570398,0.36901186063531377,0.1430899774886922,0.005918439160556792,-0.015789999156885413,-0.01578999947713942,0.03165634760158208,0.08466219902038574,0.11892271041870117,0.10453557968139648,-0.015789999134052057,-0.01578999947380226,0.03165634822168244,0.08758258819580078,0.11818861961364746,0.10950422286987305,3601,0.0004396997717252759,0.000924981304531192,-0.015789999494311025,-0.015789999494311025,1.0,1.0,-0.01578999915688542,-0.01578999915688542,1.0,1.0,1.0,1.0,1.0,1.0,0.002705909038548759,0.004497372509320774,0.0,0.0,1.0,1.0
88,-0.015789993916149044,-0.015789992454430784,-0.02440408801250462,0.01326143695677777,0.21292899579003907,0.2637243999471436,0.05510913094714356,0.3480136950342184,0.12584963598257562,0.005442861634922086,0.3480136950342184,0.12584963598257562,0.008668457422869456,0.3689571803497806,0.14304543556173888,0.005896209810250709,-0.015789997953972568,-0.015789996782468365,0.03097079324691362,0.08727025985717773,0.11671566963195801,0.11333942413330078,-0.015789999156885413,-0.015789999477256032,0.03155577998118449,0.08994412422180176,0.1130826473236084,0.11655664443969727,3700,0.0004279181508268391,0.0009002281156710656,-0.015789997176976607,-0.015789997176976607,1.0,1.0,-0.015789997953972568,-0.015789997953972568,1.0,1.0,1.0,1.0,1.0,1.0,0.0023841509872774783,0.004212085490136724,0.0,0.0,1.0,1.0
89,-0.015789991393920882,-0.01578999227228332,-0.02442012171629448,0.013261258015372207,0.2116480162734375,0.24168461777648925,0.03007501377648926,0.3480146604755068,0.12584906517852992,0.005443150442978724,0.3480146604755068,0.12584906517852992,0.0086699733623771,0.3689542133777759,0.14304087417967704,0.005897288787531087,-0.015789997182869202,-0.015789996712533387,0.03108202461604723,0.08574414253234863,0.1241753101348877,0.1115121841430664,-0.015789997953972568,-0.015789996782466745,0.030965772584440738,0.08944582939147949,0.1148672103881836,0.11107897758483887,3701,0.00042780668060736585,0.0008999890980672314,-0.015789997094688618,-0.015789997094688618,1.0,1.0,-0.0157899971828692,-0.0157899971828692,1.0,1.0,1.0,1.0,1.0,1.0,0.0024476916180153534,0.004268786566013506,0.0,0.0,1.0,1.0
90,-0.015789998078159374,-0.015789993915590255,-0.024510254544193557,0.01324378929432718,0.21331496241845704,0.25286243124926755,0.036648325249267574,0.34815198913409695,0.1259417536898022,0.005452780125207638,0.34815198913409695,0.1259417536898022,0.008672847184390691,0.3691838656051314,0.14319623735769726,0.005917702735628246,-0.01578999918467132,-0.015789997365366848,0.03146692675061624,0.08837318420410156,0.11848664283752441,0.11014008522033691,-0.015789997182869202,-0.015789996715414003,0.0309471130837296,0.09185433387756348,0.12218785285949707,0.12002038955688477,3800,0.0004166408893783265,0.0008765279845241699,-0.015789997743513227,-0.015789997743513227,1.0,1.0,-0.015789999184671322,-0.015789999184671322,1.0,1.0,1.0,1.0,1.0,1.0,0.002734961637409126,0.004523089934695797,0.0,0.0,1.0,1.0
91,-0.015789998091060194,-0.015789993875306264,-0.024511600465798776,0.013243615286938314,0.21020440412866212,0.2390209640797119,0.031185265079711914,0.3481678627408279,0.12595247449005645,0.005452084614184398,0.3481678627408279,0.12595247449005645,0.008672807754903344,0.36919735448774543,0.143204844025076,0.0059167393489868245,-0.015789999188526832,-0.01578999737445467,0.03146280780301702,0.08939099311828613,0.13070988655090332,0.11169600486755371,-0.01578999918467132,-0.01578999736536135,0.03146280805489918,0.09123539924621582,0.11640739440917969,0.11028742790222168,3801,0.0004165324601847319,0.0008762986582998136,-0.015789997729896095,-0.015789997729896095,1.0,1.0,-0.015789999188526832,-0.015789999188526832,1.0,1.0,1.0,1.0,1.0,1.0,0.0027349614662490695,0.0045230898030692935,0.0,0.0,1.0,1.0
92,-0.015789998045381608,-0.01578999131839448,-0.02447726624008905,0.013226622049117993,0.21001749111242676,0.34800198627575685,0.12218435327575683,0.34841280479588677,0.12609244977678433,0.005449396139608488,0.34841280479588677,0.12609244977678433,0.008674248756376698,0.36934022637654323,0.14325630574666418,0.005922992046875969,-0.01578999917647374,-0.015789996616142762,0.031470107802990255,0.09168028831481934,0.12558245658874512,0.11250996589660645,-0.015789999188526832,-0.015789997374673646,0.031374076948984184,0.09421753883361816,0.1275041103363037,0.11455917358398438,3900,0.0004060141062452944,0.0008541440898422292,-0.0157899969983139,-0.0157899969983139,1.0,1.0,-0.015789999176473744,-0.015789999176473744,1.0,1.0,1.0,1.0,1.0,1.0,0.0027881476509068804,0.0045701688976525325,0.0,0.0,1.0,1.0
93,-0.015789998045479373,-0.01578999943091124,-0.024478595079645234,0.013226452716926787,0.2085196880871582,0.2619280101314697,0.030338326131469726,0.348424133233633,0.12609970117000793,0.005449615605374442,0.348424133233633,0.12609970117000793,0.008672842704304806,0.3693657617843814,0.14327543462172743,0.00592174310118631,-0.015789999176486835,-0.015789999563499434,0.031469686386466314,0.09327006340026855,0.1363530158996582,0.11533331871032715,-0.01578999917647374,-0.015789996616178928,0.03146968625519678,0.09557104110717773,0.12510108947753906,0.11609339714050293,3901,0.00040591032124648644,0.0008539255135908807,-0.015789999572711867,-0.015789999572711867,1.0,1.0,-0.01578999917648683,-0.01578999917648683,1.0,1.0,1.0,1.0,1.0,1.0,0.002788147739447815,0.004570168966040993,0.0,0.0,1.0,1.0
94,-0.017303649522131044,-0.01578999942650849,-0.02461998749733043,0.01320991033141395,0.3836088118140869,0.3189644842158203,0.09445237121582031,0.34850693664064175,0.12613859266359373,0.005450729199794187,0.34850693664064175,0.12613859266359373,0.008669921864747396,0.37287506877691573,0.14435265576011502,0.0029959264554434793,-0.008625370338703996,-0.015789999560182892,0.03194596676714453,0.15221071243286133,0.13297319412231445,0.11789536476135254,-0.015789999176486835,-0.015789999563536036,0.031404484577037595,0.09671711921691895,0.12357735633850098,0.11695337295532227,4000,0.00042454385427046225,0.0008328440533361871,-0.015789999568586236,-0.015789999568586236,1.0,1.0,-0.015098328036320774,-0.013795474068061826,0.0,0.0,1.0,1.0,1.0,1.0,0.003088451838516687,0.004836628520802817,0.0,0.0,1.0,1.0
95,-0.017298538305258588,-0.015789999449887814,-0.0246007225445446,0.013209745435296714,0.42809255371118166,0.25082473310168457,0.03088449610168457,0.348472196698139,0.12611827816683502,0.005454067407382499,0.348472196698139,0.12611827816683502,0.008668336791184474,0.37286412497521626,0.14434596061151286,0.0029966050575886256,-0.008617269767796153,-0.015789999570438532,0.03195581553303066,0.1494617462158203,0.13469243049621582,0.13172125816345215,-0.008612869217103893,-0.015789999560174874,0.031955823399282046,0.13250064849853516,0.1424405574798584,0.12070679664611816,4001,0.00042444074162958597,0.000832638919826813,-0.015789999576807826,-0.015789999576807826,1.0,1.0,-0.015102744297775002,-0.013801086260613516,0.0,0.0,1.0,1.0,1.0,1.0,0.003088446523582733,0.004836624374947274,0.0,0.0,1.0,1.0
96,-0.01727101836944845,-0.015789997995809303,-0.0244393269913878,0.013193631122805277,0.4420656123255615,0.24934295253674316,0.03854361453674317,0.34831976702988965,0.12601950785756444,0.005429051563263869,0.34831976702988965,0.12601950785756444,0.008632043626296031,0.37269862825385947,0.1442149346713617,0.0029949896604162416,-0.008605944131772323,-0.015789999097631416,0.03180184541340888,0.13038110733032227,0.13676691055297852,0.12139248847961426,-0.008576492820255126,-0.015789999570427135,0.031931761224907734,0.13238954544067383,0.14053010940551758,0.12250494956970215,4100,0.00041418419086783727,0.0008125306366175814,-0.015789999168918514,-0.01578999916904343,1.0,1.0,-0.015132108923894811,-0.013836146426576592,0.0,0.0,1.0,1.0,1.0,1.0,0.003016367891566475,0.004772203272185064,0.0,0.0,1.0,1.0
97,-0.017273101482768356,-0.01578999756251996,-0.024440636802173954,0.013193470441391962,0.46294643531555174,0.242113536779541,0.030427583779541016,0.34833602540085756,0.12603075766564958,0.005429010622816125,0.34833602540085756,0.12603075766564958,0.008634265333392146,0.372719913655819,0.14422974582815173,0.002994644463640172,-0.00860821053323772,-0.015789998613711186,0.0317914174727991,0.1341855525970459,0.1489243507385254,0.12587571144104004,-0.008608901251020325,-0.01578999909763775,0.031791416840964905,0.16239690780639648,0.13280630111694336,0.13364243507385254,4101,0.0004140856504532647,0.0008123350231886274,-0.015789999045010487,-0.015789999045010487,1.0,1.0,-0.015130632992640156,-0.013835033809173882,0.0,0.0,1.0,1.0,1.0,1.0,0.003016368323021395,0.004772203603736865,0.0,0.0,1.0,1.0
98,-0.01725719210692583,-0.015789997709565694,-0.024418198836514728,0.013177763093870316,0.43676555534960937,0.2588629312662354,0.051289132266235354,0.3481527521827414,0.12591875943902123,0.00540640738794501,0.3481527521827414,0.12591875943902123,0.008650036367455,0.372484929742425,0.1440515886670656,0.0029858535226252405,-0.008667721262488267,-0.015789998629052268,0.03183054901859876,0.1411430835723877,0.15571188926696777,0.12333273887634277,-0.008647816846807953,-0.01578999861411875,0.03178256860445106,0.17259693145751953,0.16871905326843262,0.12445712089538574,4200,0.000404292909354919,0.0007931602711135639,-0.015789999026988553,-0.015789999026988553,1.0,1.0,-0.01514571917909744,-0.013854055699021926,0.0,0.0,1.0,1.0,1.0,1.0,0.003042984452846187,0.004795773721164489,0.0,0.0,1.0,1.0
99,-0.017257607862284644,-0.015789997705186597,-0.02441948668215013,0.013177606421835839,0.46168971254943847,0.23817551341589355,0.03384006441589355,0.34816595097228736,0.1259275815015635,0.005405823998024944,0.34816595097228736,0.1259275815015635,0.008649011444281408,0.3724928992680844,0.14405621431188131,0.002985098122066653,-0.008669771128600588,-0.01578999863005627,0.031829211211123296,0.14699125289916992,0.1508486270904541,0.1516861915588379,-0.008669693255108423,-0.01578999862906727,0.031829210930098384,0.1719515323638916,0.15831565856933594,0.1347033977508545,4201,0.00040419816827701204,0.0007929730313455221,-0.015789999025943805,-0.015789999025943805,1.0,1.0,-0.015144928430033315,-0.013853134926608198,0.0,0.0,1.0,1.0,1.0,1.0,0.003042984647595166,0.00479577386925365,0.0,0.0,1.0,1.0
100,-0.01724878881391084,-0.015789998523451643,-0.02445571758047206,0.013162286443471184,0.39955102330151365,0.2930292479848633,0.08145363398486329,0.3481601449077619,0.1259146354856659,0.005394581742403717,0.3481601449077619,0.1259146354856659,0.008652230032979902,0.37252454858103634,0.14403512852679476,0.0029864926880137947,-0.008671959622846732,-0.01578999927104039,0.03182305121861841,0.1666402816772461,0.1630101203918457,0.1287522315979004,-0.008658464170367669,-0.0157899986296609,0.0316676923492467,0.14118313789367676,0.1364424228668213,0.1321570873260498,4300,0.0003949235918255945,0.0007747590389137509,-0.0157899992879954,-0.0157899992879954,1.0,1.0,-0.015159554601641584,-0.013873532721759592,0.0,0.0,1.0,1.0,1.0,1.0,0.003129517497009168,0.004873670586988092,0.0,0.0,1.0,1.0
101,-0.017246089055708555,-0.015789998472020606,-0.02444890163042875,0.013162133590027032,0.4267110630942383,0.2384467356201172,0.032148389620117186,0.3481583673731291,0.1259123702091458,0.005393906225873535,0.3481583673731291,0.1259123702091458,0.008651686810247526,0.37251988016903426,0.14403141462822644,0.002986486075440859,-0.008668450094743617,-0.015789999254872983,0.03176227694579538,0.17997980117797852,0.13574719429016113,0.1256096363067627,-0.008666427963211085,-0.01578999927104192,0.03183226613081426,0.16162347793579102,0.1390209197998047,0.12741518020629883,4301,0.00039483232705852183,0.0007745794912259081,-0.01578999927107434,-0.01578999927107434,1.0,1.0,-0.015160571046391371,-0.013876377256855234,0.0,0.0,1.0,1.0,1.0,1.0,0.0030905407088810764,0.00483852754541399,0.0,0.0,1.0,1.0
102,-0.017243163707112798,-0.01578999441424696,-0.024486795204162908,0.013147182756678755,0.4132124753331299,0.33396485090197753,0.12414408090197754,0.3481285481739633,0.1258965903501763,0.0053868929829528345,0.3481285481739633,0.1258965903501763,0.00863523770579241,0.3724551060063904,0.14394823834114281,0.002977674290668434,-0.008709108265671183,-0.01578999789621012,0.03166819285254391,0.1630089282989502,0.15118098258972168,0.14499950408935547,-0.008694360503831766,-0.015789999254899868,0.0315914746104458,0.15207195281982422,0.1706407070159912,0.17168879508972168,4400,0.00038594737904210633,0.0007572668004983408,-0.015789998136597042,-0.015789998136597042,1.0,1.0,-0.015174793527679984,-0.013901351451403664,0.0,0.0,1.0,1.0,1.0,1.0,0.003133442881376805,0.0048771992902499825,0.0,0.0,1.0,1.0
103,-0.01724326849663509,-0.015789999457578266,-0.02448802247496779,0.013147033544237413,0.36652707263134765,0.23739834336157226,0.03328337936157227,0.34811436664991685,0.12588621608959144,0.0053876814698885335,0.34811436664991685,0.12588621608959144,0.008636581926180161,0.37243525986768816,0.14393366894663767,0.002977563128101035,-0.008711868824615353,-0.015789999578531853,0.03166837149441353,0.1720879077911377,0.10861825942993164,0.135636568069458,-0.008711834116987938,-0.01578999789623216,0.031668371392392855,0.1559922695159912,0.1502988338470459,0.17050457000732422,4401,0.00038585651038627574,0.0007570915944424808,-0.015789999578531857,-0.015789999578531857,1.0,1.0,-0.015174897177900633,-0.01390148069739737,0.0,0.0,1.0,1.0,1.0,1.0,0.0031334429526682834,0.004877199345012171,0.0,0.0,1.0,1.0
104,-0.017203966991364,-0.01578999949227161,-0.024601026080501076,0.013132434878797805,0.451369254565918,0.28388349820654296,0.07784871120654296,0.34780520773949863,0.12571564980901534,0.005380500406749996,0.34780520773949863,0.12571564980901534,0.008666603781226424,0.3721121751097844,0.14370981148743933,0.002968964434190327,-0.00871911234882555,-0.015789999587008035,0.032159118503431276,0.16334772109985352,0.1432807445526123,0.12860703468322754,-0.008678035850791712,-0.015789999578531853,0.0316548262533565,0.18619632720947266,0.1088557243347168,0.1646113395690918,4500,0.0003773568509892599,0.0007404322310007749,-0.01578999959261812,-0.01578999959261812,1.0,1.0,-0.015213855060045712,-0.013952270136298139,0.0,0.0,1.0,1.0,1.0,1.0,0.003415439871748864,0.005131453947319706,0.0,0.0,1.0,1.0
105,-0.017204070047191343,-0.015789999456672765,-0.02460224179440287,0.013132289141786775,0.43969954329370114,0.2438445263260498,0.03809021732604981,0.34781084153729924,0.12571881663963563,0.005381161218817688,0.34781084153729924,0.12571881663963563,0.00866691235851164,0.3721133458214899,0.1437096583849975,0.002968458873344025,-0.008721719518484519,-0.015789999573749477,0.03215018271035284,0.14381051063537598,0.15887784957885742,0.1429896354675293,-0.008721768669463156,-0.0157899995870085,0.03215018273628499,0.1842513084411621,0.16825222969055176,0.16856837272644043,4501,0.00037727348041807025,0.0007402684586656763,-0.015789999579809654,-0.015789999579809654,1.0,1.0,-0.01521376632554878,-0.013952207442519335,0.0,0.0,1.0,1.0,1.0,1.0,0.0034154398555061843,0.005131453933930838,0.0,0.0,1.0,1.0
106,-0.01718764210546463,-0.015789999083823444,-0.02458768677742077,0.013118026803354344,0.42525862127856445,0.24926459308422852,0.04247260308422852,0.3478622066966775,0.12575226745337917,0.005380586598103295,0.3478622066966775,0.12575226745337917,0.008670496495723778,0.37209912236994747,0.14368721893951097,0.0029622868881317584,-0.008739594945577876,-0.015789999452435425,0.032124414130401596,0.17961502075195312,0.16259455680847168,0.16399598121643066,-0.008717851761739205,-0.015789999573756597,0.03212144839138365,0.18484044075012207,0.1778883934020996,0.17623591423034668,4600,0.00036916736364915663,0.0007243534926944258,-0.015789999459254935,-0.015789999459254935,1.0,1.0,-0.015232205558899243,-0.01397934593472244,0.0,0.0,1.0,1.0,1.0,1.0,0.0034170992376169607,0.005132950343454194,0.0,0.0,1.0,1.0
107,-0.017191729044143116,-0.015789999147909083,-0.02458887922764124,0.013117884387160158,0.48235400857458494,0.23709085597839355,0.034384101978393554,0.3478785011416088,0.12576375882032503,0.005381502561120001,0.3478785011416088,0.12576375882032503,0.008669776399728352,0.37211511788021157,0.14369804515628706,0.0029628766094418005,-0.008739354984233925,-0.015789999472455206,0.032129183133867,0.19025230407714844,0.15231609344482422,0.17452692985534668,-0.008742184523236437,-0.015789999452436008,0.03212918324372646,0.15027713775634766,0.18561053276062012,0.14703774452209473,4601,0.0003690892850101126,0.0007241982721302118,-0.015789999481131488,-0.015789999481131488,1.0,1.0,-0.015230695718650083,-0.013974918005768208,0.0,0.0,1.0,1.0,1.0,1.0,0.003417099165179423,0.005132950285481958,0.0,0.0,1.0,1.0
108,-0.017144191087409014,-0.015789997260600423,-0.024545953364194944,0.013103943572231037,0.3452087629932861,0.2841867748934326,0.06312613589343262,0.3477265712951671,0.12567741111691794,0.00537723039222843,0.3477265712951671,0.12567741111691794,0.008660539836258835,0.3720542722766199,0.1436460861620184,0.0029644126577334823,-0.008683879930932926,-0.015789998579940914,0.03213665608821334,0.18917226791381836,0.17595553398132324,0.1703510284423828,-0.00864365750706076,-0.01578999947240302,0.03215317727720223,0.19223904609680176,0.17610716819763184,0.16927695274353027,4700,0.000361345252274594,0.0007089807150831222,-0.01578999892803441,-0.015789998929950047,1.0,1.0,-0.015259386999154825,-0.014013666436309382,0.0,0.0,1.0,1.0,1.0,1.0,0.0034078578986264495,0.005124618758455765,0.0,0.0,1.0,1.0
109,-0.01714451295210809,-0.01578999947835951,-0.024547128059672588,0.013103804332256525,0.39441266107836914,0.2511865510588379,0.03514342805883789,0.34773092159854685,0.1256795537799176,0.005378107121499137,0.34773092159854685,0.1256795537799176,0.008659064248111503,0.37205760046440917,0.14364720563198846,0.002963858732563901,-0.00868573870111295,-0.015789999583841984,0.03213884471471731,0.18680644035339355,0.17495989799499512,0.16843485832214355,-0.008686163984502133,-0.01578999857996542,0.03213884465177087,0.19504594802856445,0.17821192741394043,0.17748117446899414,4701,0.00036127006674021195,0.0007088316250933366,-0.0157899995966372,-0.015789999596905347,1.0,1.0,-0.015259550363278569,-0.014012705938856068,0.0,0.0,1.0,1.0,1.0,1.0,0.003407857943346897,0.005124618792767159,0.0,0.0,1.0,1.0
110,-0.017188882163105067,-0.01578999940246882,-0.024621050495010257,0.013090171186405443,0.45751662113757324,0.33160589210583497,0.11526980610583495,0.34799929212162073,0.12583091455804435,0.005389767299632352,0.34799929212162073,0.12583091455804435,0.008662497107967437,0.37212673750606134,0.14366010173441182,0.0029513097404016394,-0.008794933888067763,-0.015789999558423584,0.032044305191874914,0.19513535499572754,0.19090032577514648,0.14240407943725586,-0.008817750823717576,-0.015789999583932315,0.032042181375193574,0.19999003410339355,0.1717832088470459,0.1871929168701172,4800,0.0003538064417749167,0.0006942112709126222,-0.01578999956998539,-0.01578999957004133,1.0,1.0,-0.015244936830993216,-0.01399076847795694,0.0,0.0,1.0,1.0,1.0,1.0,0.003409048492817762,0.005125692058036611,0.0,0.0,1.0,1.0
111,-0.017186689079535855,-0.015789998833498756,-0.024592254496195055,0.013090034987226024,0.3675997312008057,0.2619503955574951,0.054231774557495116,0.34800078726417005,0.12583029416151773,0.005391278521840934,0.34800078726417005,0.12583029416151773,0.008658543235233317,0.3721250728387186,0.14365810289933853,0.0029513662427650515,-0.008791386234985626,-0.01578999934976897,0.03193455558863001,0.1817493438720703,0.11383485794067383,0.17861604690551758,-0.008790274232414526,-0.015789999558424476,0.03204626362787113,0.18632173538208008,0.185225248336792,0.1820530891418457,4801,0.0003537338470091509,0.0006940695358816599,-0.015789999349768963,-0.015789999349768963,1.0,1.0,-0.015244951544673757,-0.013991363542379003,0.0,0.0,1.0,1.0,1.0,1.0,0.003346441447090519,0.005069244984535046,0.0,0.0,1.0,1.0
112,-0.01718080955335085,-0.015789995372188132,-0.024582872539767067,0.013076696525970136,0.3810580414654541,0.24629448161572265,0.049816022615722655,0.3478976096758019,0.12575155138914526,0.005415749408179769,0.3478976096758019,0.12575155138914526,0.008659460426423102,0.3719493593935482,0.14351865666938624,0.0029477566969268237,-0.008808395871144195,-0.01578999813461025,0.03180834228677809,0.19375276565551758,0.1841115951538086,0.18832731246948242,-0.008794825775348795,-0.01578999934976897,0.031975800927487544,0.2119579315185547,0.12046575546264648,0.19106054306030273,4900,0.00034658467641337994,0.0006800472458474466,-0.015789998336092435,-0.015789998336092435,1.0,1.0,-0.015262779874494026,-0.014019111561112225,0.0,0.0,1.0,1.0,1.0,1.0,0.003252675346505364,0.004984703859477921,0.0,0.0,1.0,1.0
113,-0.017180904675445717,-0.015789998887692513,-0.02459832303920711,0.013076563240576922,0.3639303105024414,0.29993085096777344,0.09247448596777344,0.34790474832876517,0.1257553593541754,0.0054104286404550485,0.34790474832876517,0.1257553593541754,0.0086617149086861,0.3719551717952159,0.14352193182133424,0.002947350913802139,-0.008810806075608472,-0.015789999363607386,0.03193033503172544,0.19803714752197266,0.11850214004516602,0.17673349380493164,-0.008810810713268887,-0.015789998134629172,0.03180129957561928,0.2075347900390625,0.18089652061462402,0.18729257583618164,4901,0.0003465135811324202,0.0006799099702399197,-0.015789999363607393,-0.015789999363607393,1.0,1.0,-0.015262788499697498,-0.014019127529583637,0.0,0.0,1.0,1.0,1.0,1.0,0.0033249363424554257,0.005049856888158997,0.0,0.0,1.0,1.0
114,-0.017163063580096855,-0.015789992364174422,-0.02459266754405044,0.013063507278301766,0.4366756274654541,0.26364383381420897,0.056406458814208985,0.34790295867889415,0.12575459656701438,0.005415956407027025,0.34790295867889415,0.12575459656701438,0.008654809379297931,0.37186450643498276,0.14345173977490727,0.002943128186234026,-0.008833256815593934,-0.015789997005636852,0.031809251916870604,0.20517253875732422,0.17374539375305176,0.18946051597595215,-0.008819374635440472,-0.015789999363607386,0.031839948177658874,0.20797204971313477,0.12296891212463379,0.17709851264953613,5000,0.00033965603053221605,0.0006664542379215067,-0.015789997290354078,-0.015789997290354078,1.0,1.0,-0.01527538858994967,-0.014031517038281809,0.0,0.0,1.0,1.0,1.0,1.0,0.0033077107406923258,0.005034326393454145,0.0,0.0,1.0,1.0
115,-0.034273777608733895,-0.034273777608733264,-0.059021329010566566,0.012917531684268237,0.0776972996381836,0.074937316,0.003621238,4.214684851089404e-09,3.925307347207741e-34,1.2851162669041836e-20,4.214684851089404e-09,3.925307347207741e-34,5.46364163402521e-30,4.214684851089404e-09,3.925307347207741e-34,1.2851162669041013e-20,-0.034273779176327734,-0.03427377917632734,-0.010244593089026525,0.0002875328063964844,0.0002155303955078125,0.00024175643920898438,0.0,0.0,0.0,3.8623809814453125e-05,3.0994415283203125e-05,3.0517578125e-05,0,0.09673208969034247,5.087574663636962e-09,0.035827027229292104,0.0360232692629298,0.0,0.0,0.03582702722929528,0.03602326926293287,0.0,0.0,0.0,0.0,0.0,0.0,0.10633438687703257,0.09270982974730636,0.0,0.0,0.0,0.0
116,-0.03434449259317945,-0.03434449259317012,-0.05256779704209447,0.012800309574665592,0.09132228162182617,0.091357261,0.004234711,3.512237375907836e-09,2.724406216584032e-34,5.2252456962267775e-20,3.512237375907836e-09,2.724406216584032e-34,2.4604040635270676e-19,3.512237375907836e-09,3.2710894560064505e-34,1.016779732324192e-20,-0.03434449467820438,-0.03434449467819835,-0.021090742486318946,0.00031638145446777344,0.00022268295288085938,0.000286102294921875,-0.032277906288466454,-0.03227790628846696,0.032314234078799325,0.00023674964904785156,0.00019550323486328125,0.00018548965454101562,1,0.1453441299722662,0.11517701946245434,0.033681705841141295,0.03399813632623444,0.0,0.0,0.0336817058411901,0.03399813632627225,0.0,0.0,0.0,0.0,0.0,0.0,0.06284696229136792,0.058534607976122144,0.0,0.0,0.0,0.0
117,-0.02320514925233691,-0.023205149252340098,-0.04153968636834597,0.012543418437770673,0.15998823397265624,0.158508425,0.005869296,3.2549530702979497e-09,4.001869498328704e-34,7.334254346527949e-20,3.2549530702979497e-09,4.001869498328704e-34,8.028901654805017e-20,3.169333872485649e-09,2.1807263040043002e-34,6.608872091103453e-20,-0.023205150691276762,-0.02320515069127888,-0.014911975024976275,0.0003936290740966797,0.0002467632293701172,0.00035119056701660156,0.01860253505191039,0.018602535051859076,0.04659038113346159,0.00027751922607421875,0.00023818016052246094,0.00027298927307128906,4,0.12943580126824833,0.14968324096769292,-2.2391898360033664e-05,0.000702143833597127,0.0,0.0,-2.2391898382535525e-05,0.0007021438335707936,0.0,0.0,0.0,0.0,0.0,0.0,0.017921771559610476,0.017611760838877,0.0,0.0,0.0,0.0
118,-0.0157899975414698,-0.01578999754152985,-0.031295219504210596,0.012477513133872438,0.1705223699453125,0.171112481,0.006217325,2.1843997035757727e-09,4.79999710175842e-34,2.5278711799269465e-25,2.1843997035757727e-09,4.79999710175842e-34,2.1978993563058135e-19,2.852400485237085e-09,1.9626536736038704e-34,1.8235109266374993e-25,-0.015789997995417897,-0.015789997995464794,-0.0058910656168388795,0.00040435791015625,0.00028705596923828125,0.0003573894500732422,-0.007752011322997677,-0.0077520113229916365,0.00469802164747999,0.00027680397033691406,0.0002548694610595703,0.00025391578674316406,5,0.12337374199945116,0.14912624122376067,-0.015790004500579734,-0.01578999933167642,1.0,1.0,-0.015790004500718064,-0.01578999933166775,1.0,1.0,1.0,1.0,1.0,1.0,-0.0061541701172426015,-0.002191747294603317,0.0,0.0,0.0,0.0
119,-0.01589479358625427,-0.015894793586254168,-0.03123088428146777,0.0122693522152315,0.31486726148413086,0.321729973,0.007449711,3.3772764540949202e-09,4.406730350141752e-34,1.6278079743114552e-19,3.3772764540949202e-09,4.406730350141752e-34,2.089478994753782e-19,3.8544198695672866e-09,1.4018954811456217e-34,5.673600977189903e-20,-0.015894795242120424,-0.015894795242120348,-0.00690509957175427,0.0004801750183105469,0.00034546852111816406,0.0004608631134033203,-0.01578999352095595,-0.015789993520715955,-0.004846332636024721,0.0003445148468017578,0.0003764629364013672,0.00037980079650878906,9,0.09617500719598811,0.12589132787538165,-0.01350407440641901,-0.012297362113092115,0.0,0.0,-0.013504074406418785,-0.01229736211309171,0.0,0.0,0.0,0.0,0.0,0.0,-0.006273220832691448,-0.0038367120226141193,0.0,0.0,0.0,0.0
120,-0.016055309904129785,-0.01605530990412991,-0.031230884304637656,0.01222710024222442,0.3032287481070557,0.327155711,0.007343775,4.299906020111034e-09,4.591378445898143e-34,8.750261860240637e-20,4.299906020111034e-09,4.591378445898143e-34,1.9501803960869948e-19,3.5974585449294673e-09,1.3084357824025801e-34,5.2901323021412795e-20,-0.016055311621466506,-0.016055311621466575,-0.006878192233916142,0.0004999637603759766,0.0004265308380126953,0.0004839897155761719,-0.016050652144510978,-0.016050652144510916,-0.006878192241019147,0.00035834312438964844,0.0004067420959472656,0.0004036426544189453,10,0.0892545456847449,0.12248156003723372,-0.013144592323204085,-0.012027444349660648,0.0,0.0,-0.013144592323210308,-0.012027444349665357,0.0,0.0,0.0,0.0,0.0,0.0,-0.006273220834662019,-0.003836712016776137,0.0,0.0,0.0,0.0
121,-0.01628164584705756,-0.015789998148853537,-0.03181340417415389,0.012083433480709392,0.3652225945194092,0.255192396338501,0.009989004338500976,0.0657555288278873,0.013850269067622621,0.000350416382344986,0.0657555288278873,0.013850269067622621,0.0008274700825217637,0.07732539835696468,0.01942704092359251,0.0009539175429594201,-0.014721048547070905,-0.015789998826141967,-0.008239582132140277,0.0006101131439208984,0.0004706382751464844,0.0005955696105957031,-0.015152942758615784,-0.015152942758615642,-0.007028274765929585,0.0005297660827636719,0.0005133152008056641,0.0005161762237548828,14,0.06885646587034992,0.10614208645144772,-0.01579000223597839,-0.015790001144106804,1.0,1.0,-0.01320717350944303,-0.012500249307616453,0.0,0.0,1.0,1.0,1.0,1.0,-0.009208610522208583,-0.007399039969171458,0.0,0.0,0.0,0.0
122,-0.01638388392725273,-0.015789999169117077,-0.032152176250472,0.012052483230644286,0.34564596215283205,0.275767652710083,0.010628000710083008,0.07753629059075044,0.017452740856441763,0.000332895711299194,0.07753629059075044,0.017452740856441763,0.0005730151766198642,0.08904509998139198,0.020884914198828205,0.0009732759592893941,-0.015093680642704294,-0.015789999356469377,-0.010536361602953029,0.0006287097930908203,0.0005669593811035156,0.0006122589111328125,-0.014908815744801266,-0.015789999019758954,-0.008495652717665999,0.0005602836608886719,0.0005154609680175781,0.0005624294281005859,15,0.06519314370009381,0.11641055807904076,-0.015790000263985363,-0.015789999905102336,1.0,1.0,-0.013109141445387298,-0.012377377756211526,0.0,0.0,1.0,1.0,1.0,1.0,-0.008046274189289212,-0.005713856527257904,0.0,0.0,0.0,0.0
123,-0.015809054381215795,-0.015789999438038296,-0.03493552779789915,0.011943111135047476,0.34239028357617185,0.32647692473730466,0.010113075737304689,0.1222325212484529,0.031054727210585147,0.0004004988710865787,0.1222325212484529,0.031054727210585147,0.0022899210320969535,0.13334622455234904,0.03768432104314928,0.0017379177926193747,-0.013998995464671055,-0.01578999634241921,-0.004243251510602765,0.00070953369140625,0.0006632804870605469,0.0006897449493408203,-0.013920741234153036,-0.015789999215807676,-0.007889752675254068,0.0005981922149658203,0.0006437301635742188,0.0006506443023681641,19,0.05412963011152684,0.11290129358073016,-0.015790005831955705,-0.015790002891761003,1.0,1.0,-0.015855641440236955,-0.01589870152172615,1.0,1.0,1.0,1.0,1.0,1.0,-0.0039380732690446054,-0.007778286523477147,0.0,0.0,0.0,0.0
124,-0.01578999947046442,-0.0157899930678248,-0.029403738942454283,0.011918758915290985,0.28969152252770997,0.2645758213383789,0.010742576338378907,0.13288640913406882,0.035083561875360825,0.000898871942726717,0.13288640913406882,0.035083561875360825,0.0019433269480964943,0.1399164366048061,0.0398519817847419,0.001508225320004292,-0.01578999924596587,-0.015789991213374332,-0.0026892812796617573,0.0007314682006835938,0.0006763935089111328,0.0007081031799316406,-0.012515308263044018,-0.01578999332695616,-0.00043149387316657184,0.0006723403930664062,0.0006687641143798828,0.0006568431854248047,20,0.05187851275923976,0.12610018759266603,-0.01579001023277927,-0.015790006248224405,1.0,1.0,-0.015790000135204152,-0.015790000008613973,1.0,1.0,1.0,1.0,1.0,1.0,-0.013044694421306274,-0.010443650274824084,0.0,0.0,0.0,0.0
125,-0.015789999522186546,-0.015789998988845252,-0.02648956345215398,0.011093499566209574,0.249658910046875,0.22870315513439943,0.010270658134399414,0.3132349025703002,0.1018574721609714,0.00402166799901806,0.3132349025703002,0.1018574721609714,0.0063287757357415545,0.3097061555638743,0.11045594242915703,0.004246013595119551,-0.01578999954500057,-0.015789999109398878,0.004701967613967677,0.0027921199798583984,0.002573251724243164,0.00249481201171875,-0.015789998552225005,-0.015789969312112632,0.003447856065733536,0.0025970935821533203,0.0026702880859375,0.002509593963623047,100,0.012990220843600485,0.03205533834698347,-0.015789999542605133,-0.01578999955710193,1.0,1.0,-0.015789999663960406,-0.015789999656429066,1.0,1.0,1.0,1.0,1.0,1.0,-0.008711072632442241,-0.00897017703179395,0.0,0.0,1.0,1.0
126,-0.015789999095731096,-0.015789997157049113,-0.0268751710586986,0.011088243189806718,0.2373544195966797,0.23172310361108397,0.008378729611083983,0.31425699698531384,0.10251590092042025,0.004031894815847731,0.31425699698531384,0.10251590092042025,0.006265788873012372,0.31064680065813677,0.11094396817312206,0.004243309421563037,-0.015789999193381084,-0.015789997447735456,0.005532962909502517,0.0025708675384521484,0.002569913864135742,0.002507925033569336,-0.015789999546013105,-0.01578999911164942,0.004678344681437515,0.00257110595703125,0.002568483352661133,0.002513885498046875,101,0.012870903612042187,0.03174907852894938,-0.01578999989849137,-0.015789999823644145,1.0,1.0,-0.015789999753807543,-0.015789999719001805,1.0,1.0,1.0,1.0,1.0,1.0,-0.00805065870645345,-0.009022055161619906,0.0,0.0,1.0,1.0
127,-0.01578999945767855,-0.01578999943828912,-0.025735421928306253,0.010728533030477506,0.2533508204938965,0.24165450799182128,0.007999165991821289,0.3348957130733056,0.11595898668810488,0.0048964631182828715,0.3348957130733056,0.11595898668810488,0.006224362080376322,0.33671503399020253,0.12430129924570042,0.0049364240084640385,-0.01578999952589339,-0.015789999507592693,0.007755966043717075,0.005071401596069336,0.004895925521850586,0.004918813705444336,-0.015789999201294654,-0.015789997552192143,0.008829159468844175,0.004829883575439453,0.004824638366699219,0.004868268966674805,200,0.007526977464826659,0.016281411270735333,-0.01578999964709143,-0.0157899996484105,1.0,1.0,-0.015789999686394857,-0.015789999678810077,1.0,1.0,1.0,1.0,1.0,1.0,-0.007067208921992467,-0.008303141075487302,0.0,0.0,1.0,1.0
128,-0.01578999831984301,-0.01578999927243684,-0.025495227400083403,0.01072592299419341,0.23918941123376464,0.2289844666895752,0.007531867689575195,0.3347450084647576,0.11584742770201266,0.004883410442808938,0.3347450084647576,0.11584742770201266,0.006219251647236764,0.33655636253289495,0.12415227898698902,0.004923909212384028,-0.015789998874232686,-0.01578999924816719,0.008014255198368493,0.0049190521240234375,0.00491023063659668,0.004708528518676758,-0.01578999952241214,-0.015789999507114322,0.008012398926087877,0.004791736602783203,0.004797220230102539,0.004776954650878906,201,0.00749066908354868,0.016201789793507622,-0.015789999641838776,-0.015789999647810356,1.0,1.0,-0.01578999990722503,-0.015789999863609874,1.0,1.0,1.0,1.0,1.0,1.0,-0.007126710497428118,-0.008362654582019435,0.0,0.0,1.0,1.0
129,-0.015789994699238027,-0.015789995505745426,-0.024997129647489194,0.010517512666257584,0.23837729117041015,0.22484095073840332,0.00937051173840332,0.344581456070179,0.12280638766611995,0.004897395763142111,0.344581456070179,0.12280638766611995,0.007736878028983669,0.34657836463214065,0.12947731737382803,0.004956045556101244,-0.015789997137562246,-0.0157899971649136,0.01781159946001512,0.007233381271362305,0.007373332977294922,0.007141590118408203,-0.015789998972317334,-0.015789999278356316,0.007544302702101199,0.00736236572265625,0.007352352142333984,0.006936073303222656,300,0.005064423028956969,0.010905823671632793,-0.01578999962928929,-0.015789999712135797,1.0,1.0,-0.015790000614934595,-0.015790000496011484,1.0,1.0,1.0,1.0,1.0,1.0,-0.003006891511666949,0.000756799121552701,0.0,0.0,1.0,1.0
130,-0.015789997543616333,-0.015789995380525175,-0.024997131208179157,0.010515791445075523,0.236424815515625,0.23002766391003418,0.00967541591003418,0.3447997846676239,0.12295716590430379,0.004934952834473685,0.3447997846676239,0.12295716590430379,0.007773576711450647,0.3467414637869107,0.12962109150907872,0.0050071838114818384,-0.01578999845862119,-0.01578999704775521,0.018035662499932607,0.007505893707275391,0.007240772247314453,0.006964206695556641,-0.015789997146693047,-0.01578999717002768,0.018035651049254094,0.007149696350097656,0.007223606109619141,0.007291078567504883,301,0.005047943155660864,0.010870023292485521,-0.015789999719052948,-0.015789999794526728,1.0,1.0,-0.015790000138856817,-0.015790000073308833,1.0,1.0,1.0,1.0,1.0,1.0,-0.0030068868508757785,0.0007568054787322045,0.0,0.0,1.0,1.0
131,-0.01578999240482284,-0.015789999048390967,-0.02627400616452399,0.010369439558316748,0.22577280048181153,0.24489105665576172,0.009393889655761718,0.3467896423942541,0.12421294161463185,0.0051336130249124545,0.3467896423942541,0.12421294161463185,0.011216706618405453,0.35543435477510826,0.1354421795075458,0.005271672970124539,-0.015789996620867705,-0.015789999271881492,0.03884875624704982,0.009479522705078125,0.009822607040405273,0.009391307830810547,-0.015789998491066198,-0.01578999707827218,0.017204238347198707,0.009480714797973633,0.009673833847045898,0.009409666061401367,400,0.0039214754920565914,0.008194968533389873,-0.01578999966358917,-0.015789999678185306,1.0,1.0,-0.015790000760314223,-0.015790000758603304,1.0,1.0,1.0,1.0,1.0,1.0,0.012452583437427521,0.0116513863836312,0.0,0.0,1.0,1.0
132,-0.01578999905086138,-0.015789999058298216,-0.026276494739662325,0.010368161037288439,0.24179377460400392,0.23782892398413086,0.00848433398413086,0.346670854646494,0.12412600991743604,0.005123294228484051,0.346670854646494,0.12412600991743604,0.011199056564470226,0.3552967257895156,0.13533041569705898,0.005260051819792006,-0.01578999935846539,-0.01578999927252312,0.03873015362621481,0.009657859802246094,0.009719610214233398,0.009557485580444336,-0.01578999662889378,-0.015789999272508952,0.03873015354207028,0.00967717170715332,0.009912490844726562,0.00960540771484375,401,0.0039115472922578234,0.008174412222037653,-0.015789999665727538,-0.015789999679860323,1.0,1.0,-0.015789999746582833,-0.015789999745733557,1.0,1.0,1.0,1.0,1.0,1.0,0.012452583479871446,0.011651386422928747,0.0,0.0,1.0,1.0
133,-0.015789997571341124,-0.01578999175197008,-0.02595019718446585,0.010255656511524991,0.2410698467244873,0.2456264110855713,0.010794329085571288,0.3495688684695248,0.12603303405722568,0.005175429545272274,0.3495688684695248,0.12603303405722568,0.011148908018816182,0.36018607426841326,0.13821882856351414,0.005392471956615239,-0.01578999890840205,-0.01578999506681953,0.03763638841036697,0.01222372055053711,0.01246190071105957,0.011988162994384766,-0.015789999370084823,-0.015789999293137992,0.03884458434951408,0.012287616729736328,0.012411832809448242,0.011806011199951172,500,0.003142879875305114,0.006567735358217896,-0.015790000101336545,-0.01579000023713366,1.0,1.0,-0.01578999993004808,-0.015789999929712518,1.0,1.0,1.0,1.0,1.0,1.0,0.011831809872361048,0.010975909551017397,0.0,0.0,1.0,1.0
134,-0.01578999433489008,-0.01578999953577183,-0.02595172133826308,0.0102546421541888,0.2373741719822998,0.251079214796875,0.009126062796875,0.3496737844485884,0.12610483326744998,0.005173795993954499,0.3496737844485884,0.12610483326744998,0.011142582725935336,0.36040648501163774,0.13838080224392407,0.005382562200614011,-0.01578999773274964,-0.015789999587107917,0.03770642203278875,0.012316465377807617,0.012701988220214844,0.011991500854492188,-0.0157899989099848,-0.015789995073887102,0.037706422839421466,0.01221156120300293,0.01244211196899414,0.011784076690673828,501,0.00313685544670846,0.006554901733811319,-0.0157899996456423,-0.015789999647428794,1.0,1.0,-0.01579000034702774,-0.015790000351654006,1.0,1.0,1.0,1.0,1.0,1.0,0.01183180947739277,0.01097590916145177,0.0,0.0,1.0,1.0
135,-0.015789999537749344,-0.015789994278821412,-0.02401205198949469,0.010163429218551274,0.24143174448156737,0.24002938572253418,0.02443009772253418,0.34945916779075076,0.12616141599859557,0.00537992768017933,0.34945916779075076,0.12616141599859557,0.007230997303701344,0.36203341656352506,0.13905647645560035,0.005495231990720473,-0.01578999961144384,-0.015789997329579912,0.021269555711012827,0.014737606048583984,0.014771223068237305,0.014251470565795898,-0.015789997545662012,-0.015789999583377883,0.03919513513968896,0.014383316040039062,0.014748096466064453,0.014316082000732422,600,0.0026239088090881857,0.005494948785601561,-0.015789998284342688,-0.015789998380927858,1.0,1.0,-0.01578999964620033,-0.015789999647626417,1.0,1.0,1.0,1.0,1.0,1.0,0.0015954240040399854,-0.00019634455541976562,0.0,0.0,1.0,1.0
136,-0.01578999953519467,-0.015789994394084888,-0.02402184085072184,0.010162589993785758,0.23836594667736816,0.22744345412414552,0.011744888124145508,0.34955574174088666,0.1262291610807303,0.005378908779540385,0.34955574174088666,0.1262291610807303,0.00722755344069123,0.3621713656765483,0.13915143064864952,0.005504651136496801,-0.015789999610813708,-0.01578999731065425,0.02120805915265496,0.01462244987487793,0.014691829681396484,0.014364242553710938,-0.015789999611489323,-0.015789997330146043,0.02126858244933852,0.015019655227661133,0.015319585800170898,0.014359235763549805,601,0.002619651006488213,0.00548598890849209,-0.01578999831683167,-0.01578999841171853,1.0,1.0,-0.01578999964630076,-0.01578999964776525,1.0,1.0,1.0,1.0,1.0,1.0,0.0015523165164520875,-0.00023496070630398143,0.0,0.0,1.0,1.0
137,-0.01578999423194424,-0.01578999724938115,-0.023913845744363012,0.01008599108216559,0.21781206719226073,0.23046443923657225,0.016008089236572265,0.34941115568517,0.12618794218407295,0.005432856238892058,0.34941115568517,0.12618794218407295,0.008973853540136351,0.36309416560901236,0.13976200596999883,0.005677059547435714,-0.015789997741074972,-0.01578999866354548,0.03963652741392517,0.01728057861328125,0.016984939575195312,0.016568660736083984,-0.015789999611491384,-0.01578999733402247,0.02081507156812247,0.01736927032470703,0.017536640167236328,0.0170290470123291,700,0.0022500609008925857,0.004712338088720748,-0.01578999914841722,-0.015789999199298802,1.0,1.0,-0.015790000250163815,-0.015790000280351303,1.0,1.0,1.0,1.0,1.0,1.0,0.010921507343007213,0.01194433732309541,0.0,0.0,1.0,1.0
138,-0.015789994655597463,-0.015789997388962033,-0.023931772505120144,0.010085276295817368,0.22318311890905762,0.22918247264404296,0.012395371644042969,0.3494900645442447,0.12624263796079038,0.005442888371976843,0.3494900645442447,0.12624263796079038,0.008969883165002891,0.36319326676037567,0.13982795478553894,0.005682468298030718,-0.015789997941229487,-0.01578999871551546,0.03977896641651286,0.017223358154296875,0.017717599868774414,0.01660919189453125,-0.015789997743734917,-0.01578999866388165,0.039668155579313434,0.01707911491394043,0.01735663414001465,0.016747474670410156,701,0.0022468653165991586,0.0047056702461974265,-0.015789999178322457,-0.015789999226694214,1.0,1.0,-0.015790000201397664,-0.015790000228644043,1.0,1.0,1.0,1.0,1.0,1.0,0.010999588183923499,0.012011263775806039,0.0,0.0,1.0,1.0
139,-0.01578999953774447,-0.01578999730203521,-0.024384212695748867,0.010019319866361837,0.22845433267858886,0.23295176777233886,0.017062328772338868,0.34862810261312954,0.12578684935204468,0.0053431427238992335,0.34862810261312954,0.12578684935204468,0.008906440480673536,0.3628898284335643,0.13953747328988308,0.005608058063712457,-0.015789999615099262,-0.01578999862965276,0.03454560395223167,0.019860267639160156,0.019761085510253906,0.019761085510253906,-0.015789997903643264,-0.01578999871430709,0.039081859850226615,0.020223617553710938,0.019792795181274414,0.019527673721313477,800,0.001968648213163252,0.004124453345290947,-0.015789999221724336,-0.015789999282987865,1.0,1.0,-0.015789999642924036,-0.015789999644094325,1.0,1.0,1.0,1.0,1.0,1.0,0.007910246382610609,0.009259334432586652,0.0,0.0,1.0,1.0
140,-0.015789999521168382,-0.01578999770495008,-0.02439482110553113,0.01001869795387309,0.23142663760302734,0.23186496186938477,0.011526931869384766,0.3486693737150522,0.1258119032625912,0.005342196631274933,0.3486693737150522,0.1258119032625912,0.008906282344781375,0.3629343753892169,0.13956350169115364,0.005602560893655724,-0.015789999611087086,-0.015789998802181012,0.034483632920005,0.019718647003173828,0.01984858512878418,0.01967453956604004,-0.015789999615125838,-0.015789998630036595,0.0344836328412618,0.020348787307739258,0.0200653076171875,0.019463777542114258,801,0.001966194959213309,0.004119313027808353,-0.01578999929713641,-0.015789999348746288,1.0,1.0,-0.015789999643239013,-0.015789999644610465,1.0,1.0,1.0,1.0,1.0,1.0,0.007910246422542575,0.009259334472127597,0.0,0.0,1.0,1.0
141,-0.01578999729682994,-0.015789999374474274,-0.02427118429538984,0.009960831802635987,0.23869309949279785,0.23725790788537598,0.015899440885375975,0.349049277567934,0.12615412164369247,0.005363732467837058,0.349049277567934,0.12615412164369247,0.008886661590437037,0.363837605185412,0.14007768935073334,0.005591100905660273,-0.015789999060830243,-0.015789999534334114,0.03186441634064361,0.022951364517211914,0.022682905197143555,0.0227358341217041,-0.01578999961169913,-0.01578999881056859,0.03408956661433958,0.02323770523071289,0.02313709259033203,0.022578716278076172,900,0.0017504790089560433,0.0036698601409279052,-0.015789999583371035,-0.01578999958900313,1.0,1.0,-0.015789999709178146,-0.01578999973408586,1.0,1.0,1.0,1.0,1.0,1.0,0.006443453553049299,0.007907381806408794,0.0,0.0,1.0,1.0
142,-0.01578999885385973,-0.015789999478463764,-0.024279734860564416,0.009960281799443782,0.2396283704390869,0.22925038671936035,0.011734175719360352,0.34911868405897656,0.1262021801892366,0.00536956964396418,0.34911868405897656,0.1262021801892366,0.008888667699050232,0.3638994055409795,0.14011638980883714,0.005595023491681175,-0.015789999449029084,-0.01578999957683561,0.03191509637592607,0.022913694381713867,0.022639036178588867,0.021938085556030273,-0.015789999061337677,-0.01578999953435995,0.03191509644487007,0.023001909255981445,0.022478342056274414,0.022372007369995117,901,0.0017485738554133565,0.0036658308625339637,-0.015789999604176815,-0.01578999960736853,1.0,1.0,-0.015789999688283724,-0.015789999694940427,1.0,1.0,1.0,1.0,1.0,1.0,0.006443453518031497,0.007907381772326803,0.0,0.0,1.0,1.0
143,-0.01578999870423614,-0.015789997050938996,-0.023782414103267875,0.009908769653246002,0.24049407950915527,0.2376350947717285,0.017784206771728515,0.3491135181364249,0.1262176595422834,0.00536269719255927,0.3491135181364249,0.1262176595422834,0.008798282816724077,0.3646223134798544,0.14050209167970582,0.00559582231072245,-0.015789999352188114,-0.015789998513293785,0.031781466974260326,0.026529550552368164,0.02619147300720215,0.025849580764770508,-0.01578999943949985,-0.015789999576221493,0.03259642226886961,0.0262911319732666,0.02588176727294922,0.02538752555847168,1000,0.0015768844838589522,0.003305314416718756,-0.01578999921402433,-0.01578999928752979,1.0,1.0,-0.015789999681511097,-0.015789999690790767,1.0,1.0,1.0,1.0,1.0,1.0,0.005923150396133494,0.007427873661067075,0.0,0.0,1.0,1.0
144,-0.015789998789990375,-0.015789997155682894,-0.023699283474796096,0.009908276936979977,0.23880486721069336,0.23007929407165528,0.013024411071655273,0.34904091205113097,0.12616843924885787,0.005358730441581696,0.34904091205113097,0.12616843924885787,0.00879203731230772,0.3645366412755718,0.14044083712658645,0.005591970416708254,-0.015789999372780396,-0.01578999855439846,0.03182550847319631,0.026119232177734375,0.025485992431640625,0.024645328521728516,-0.015789999352373286,-0.015789998514642176,0.031825508516243294,0.025991439819335938,0.02576136589050293,0.025222063064575195,1001,0.0015753492377703962,0.0033020552125930967,-0.0157899992356005,-0.015789999305921624,1.0,1.0,-0.01578999967648397,-0.01578999968457647,1.0,1.0,1.0,1.0,1.0,1.0,0.0059231503759628054,0.0074278736387005636,0.0,0.0,1.0,1.0
145,-0.015789998802739187,-0.01578999776855753,-0.024012610601337577,0.009861884724897066,0.2403270191430664,0.23982482505786132,0.02164858305786133,0.3502815959762355,0.12698522461775869,0.005422976433353662,0.3502815959762355,0.12698522461775869,0.008823851490807838,0.3664672087178939,0.141672481460477,0.005702904777038244,-0.015789999434810346,-0.015789998864671966,0.030586722362636404,0.02929830551147461,0.028688907623291016,0.027787208557128906,-0.015789999374019873,-0.01578999856475972,0.031005894408311925,0.030147314071655273,0.028707504272460938,0.02779221534729004,1100,0.0014341724496035398,0.0030071220831608854,-0.015789999323595837,-0.015789999374710383,1.0,1.0,-0.015789999611759076,-0.01578999962525131,1.0,1.0,1.0,1.0,1.0,1.0,0.005650860051114066,0.007177193506935007,0.0,0.0,1.0,1.0
146,-0.01578999847001619,-0.01578999754232125,-0.02404429386019999,0.009861438697652289,0.24640964106689453,0.2353700825612793,0.012581360561279297,0.3502877982837123,0.12698593244937095,0.005435181087553988,0.3502877982837123,0.12698593244937095,0.008831623703706859,0.3664561969265254,0.14165662122068173,0.005719714594552054,-0.01578999928468624,-0.015789998767084038,0.03095569404923739,0.02962350845336914,0.028871774673461914,0.028067350387573242,-0.01578999943491271,-0.015789998864895884,0.03055375535196332,0.028822660446166992,0.028703927993774414,0.028113365173339844,1101,0.001432914409541311,0.0030044378639115655,-0.01578999928835068,-0.015789999345933173,1.0,1.0,-0.015789999604943226,-0.01578999962313375,1.0,1.0,1.0,1.0,1.0,1.0,0.005912153890657448,0.0074177496614207675,0.0,0.0,1.0,1.0
147,-0.015789995242416876,-0.0157899993039169,-0.02400835329139522,0.0098192582738485,0.2391047053277588,0.24773215092321776,0.03021477792321777,0.3500929695985041,0.12682517870685972,0.005385124638518873,0.3500929695985041,0.12682517870685972,0.00874980525944737,0.36669321481454425,0.1417001638261183,0.005688585073810046,-0.015789998560926985,-0.015789999505907804,0.028813544268294876,0.03172755241394043,0.03219938278198242,0.031569719314575195,-0.015789999284121725,-0.015789998767095085,0.030900245640354464,0.03268790245056152,0.032804250717163086,0.030753612518310547,1200,0.0013148643359063414,0.0027595321470576186,-0.01578999958015357,-0.01578999958757995,1.0,1.0,-0.015789999495207256,-0.015789999551324253,1.0,1.0,1.0,1.0,1.0,1.0,0.004553920774697247,0.006167313427819969,0.0,0.0,1.0,1.0
148,-0.015789999323826354,-0.015789999297702657,-0.02401400001466698,0.009818851013159775,0.24041395027624513,0.2358632544765625,0.0140455304765625,0.35014280591096575,0.1268593886804359,0.0053855391013053,0.35014280591096575,0.1268593886804359,0.008743028299449396,0.3667339229548077,0.14172623860053674,0.005689144463663513,-0.015789999570030962,-0.015789999503580142,0.028811531508159714,0.03194069862365723,0.03153562545776367,0.030745267868041992,-0.015789998561399465,-0.015789999505940327,0.02881153159224089,0.031644344329833984,0.030948400497436523,0.03071284294128418,1201,0.0013137661100372524,0.002757233950096436,-0.015789999579027752,-0.015789999586576394,1.0,1.0,-0.01578999963043702,-0.015789999633994068,1.0,1.0,1.0,1.0,1.0,1.0,0.004553920716611852,0.006167313384426791,0.0,0.0,1.0,1.0
149,-0.015789998709356358,-0.015789999467595753,-0.024030721327409677,0.00979970853154954,0.2307618268894043,0.23664952642504883,0.013948982425048828,0.3498547102574576,0.12671310924164672,0.005415677168963431,0.3498547102574576,0.12671310924164672,0.008721984078041567,0.3666187201780798,0.14164103124699512,0.00570240627563851,-0.015789999438610747,-0.01578999957126065,0.028566107068277474,0.03255176544189453,0.0325162410736084,0.032140493392944336,-0.015789999569191852,-0.015789999502528778,0.028858629503705175,0.03270673751831055,0.032499074935913086,0.03180575370788574,1249,0.0012634306626056434,0.0026514879011665274,-0.015789999609633933,-0.015789999613359095,1.0,1.0,-0.01578999964482053,-0.015789999653574072,1.0,1.0,1.0,1.0,1.0,1.0,0.004363723331979003,0.005993193052396153,0.0,0.0,1.0,1.0
150,-0.01578999866083698,-0.015789999473506313,-0.024061192324729492,0.009799317957067198,0.23594845021972657,0.22909909509484863,0.014261390094848633,0.34985842685989926,0.12671257509918132,0.005414566649014761,0.34985842685989926,0.12671257509918132,0.00872909086132774,0.3666157659131167,0.14163090601924602,0.005699187618835407,-0.01578999942757794,-0.015789999573605117,0.028887249697167612,0.0331416130065918,0.03313279151916504,0.032340049743652344,-0.015789999438721957,-0.015789999571277212,0.028539815666529134,0.03438687324523926,0.03337883949279785,0.033379316329956055,1250,0.0012624432573888377,0.0026493914676330196,-0.015789999610709995,-0.01578999961430971,1.0,1.0,-0.015789999646695203,-0.015789999655492076,1.0,1.0,1.0,1.0,1.0,1.0,0.0045897679013065795,0.006200316261427965,0.0,0.0,1.0,1.0
151,-0.015789998803310272,-0.01578999948769089,-0.02453663569633128,0.00978019491324144,0.2269779951168213,0.23950007821447755,0.019120303214477538,0.34966078519938176,0.12659505237813864,0.005431145621656163,0.34966078519938176,0.12659505237813864,0.00878839151341216,0.36639419363991643,0.14143032721935453,0.005700259787088043,-0.01578999945156179,-0.01578999957989082,0.028564522716307814,0.03534555435180664,0.03441762924194336,0.033382415771484375,-0.015789999427291836,-0.01578999957361259,0.028590472382853123,0.03503561019897461,0.035129547119140625,0.033865928649902344,1300,0.0012137997875817147,0.0025475484164269708,-0.015789999614099662,-0.015789999617283883,1.0,1.0,-0.015789999636486408,-0.01578999964458603,1.0,1.0,1.0,1.0,1.0,1.0,0.004572765297338453,0.006184661452806234,0.0,0.0,1.0,1.0
152,-0.015789999335781936,-0.015789999479340205,-0.024526757439034548,0.009779820343800403,0.22509136118225098,0.2286064701489258,0.013169025148925782,0.3496731325061487,0.12660060427383352,0.005430021778123126,0.3496731325061487,0.12660060427383352,0.008786815783873449,0.3664657715622179,0.14148874064585928,0.005704384011749269,-0.015789999570960327,-0.015789999576666696,0.028397803854424673,0.034655094146728516,0.03474164009094238,0.03400230407714844,-0.0157899994516608,-0.015789999579904932,0.028597701452303573,0.0348210334777832,0.03529524803161621,0.03452253341674805,1301,0.001212872816755755,0.002545597790764737,-0.015789999612657868,-0.015789999616012077,1.0,1.0,-0.015789999636869695,-0.015789999640061378,1.0,1.0,1.0,1.0,1.0,1.0,0.004441893630892031,0.006064176367554728,0.0,0.0,1.0,1.0
153,-0.01578999799387263,-0.015789994310239593,-0.02422478345153532,0.009744155803511675,0.22183145474731444,0.23322884351867676,0.02429222551867676,0.34961319595279755,0.12654042984906752,0.005443594493155051,0.34961319595279755,0.12654042984906752,0.008718547578050656,0.36669849139642,0.14156967191050848,0.0057563040278596446,-0.015789999248482366,-0.015789997535877447,0.029823721313286006,0.03707599639892578,0.03680109977722168,0.036003828048706055,-0.015789999570393887,-0.015789999576572383,0.028377309482141167,0.03802323341369629,0.037549495697021484,0.03675079345703125,1400,0.0011273850435400414,0.002366432497286127,-0.015789998626920477,-0.015789998723643048,1.0,1.0,-0.015789999601491078,-0.01578999961767727,1.0,1.0,1.0,1.0,1.0,1.0,0.005389315116632026,0.006936406040698543,0.0,0.0,1.0,1.0
154,-0.01578999902092659,-0.01578999437737239,-0.024229850254223438,0.009743809165913143,0.2203165928347168,0.23226199040405274,0.014294037404052735,0.3496652013960146,0.12657740008761603,0.005449809661157138,0.3496652013960146,0.12657740008761603,0.008718861315003164,0.36673796747685183,0.14159556911410898,0.005758374422252729,-0.015789999503015177,-0.015789997557606274,0.029842073459748986,0.03753972053527832,0.036705732345581055,0.03609871864318848,-0.01578999924863161,-0.01578999753625266,0.029842073474976055,0.03735208511352539,0.0375514030456543,0.03628945350646973,1401,0.0011265906517591779,0.0023647566110686583,-0.01578999864023585,-0.015789998736044853,1.0,1.0,-0.015789999618696503,-0.015789999625187123,1.0,1.0,1.0,1.0,1.0,1.0,0.005389315109482555,0.0069364060330370444,0.0,0.0,1.0,1.0
155,-0.015789999527168166,-0.015789994931257035,-0.024206541376869853,0.009711037783414313,0.2730716980883789,0.260233803050293,0.038339206050292965,0.34885843347899625,0.12607596143280073,0.005335797839127192,0.34885843347899625,0.12607596143280073,0.006429188255150477,0.3665082609589,0.1414228528258898,0.00572507877959277,-0.015789999614087336,-0.015789997674828474,0.013043154930829894,0.04032015800476074,0.039511680603027344,0.03883814811706543,-0.015789999502109856,-0.015789997549917025,0.02975064907327917,0.040257930755615234,0.04059863090515137,0.03900623321533203,1499,0.0010529203691176257,0.0022144428451608524,-0.015789998698262968,-0.015789998786901665,1.0,1.0,-0.01578999963097699,-0.015789999632334586,1.0,1.0,1.0,1.0,1.0,1.0,-0.009428781723280422,-0.004694644268833918,0.0,0.0,1.0,1.0
156,-0.015789999405081395,-0.015789996776314263,-0.024189658108912694,0.009710715055704904,0.2305548129013672,0.2422270389465332,0.016713525946533202,0.34888543401686933,0.1260927118208818,0.0053341778199968975,0.34888543401686933,0.1260927118208818,0.006441119325273688,0.36656577993578204,0.14146387996499046,0.005728725173297577,-0.015789999590747904,-0.01578999846251044,0.012967913768385051,0.03965449333190918,0.04011273384094238,0.03944540023803711,-0.015789999614093612,-0.01578999767514258,0.013084161817566345,0.04045271873474121,0.03967571258544922,0.03901410102844238,1500,0.0010522167868465217,0.0022129659463164747,-0.015789999041546026,-0.015789999092334726,1.0,1.0,-0.015789999624947072,-0.015789999627543044,1.0,1.0,1.0,1.0,1.0,1.0,-0.009462064812813585,-0.004754063536400933,0.0,0.0,1.0,1.0
157,-0.01578999697151084,-0.015789994825917333,-0.024161168999061105,0.00971039255307586,0.22756683069152833,0.24673944668798828,0.015818542687988282,0.3488351041880047,0.1260586144712051,0.0053388553624795715,0.3488351041880047,0.1260586144712051,0.00643715540748151,0.36650606914011924,0.1414217469954225,0.00573197891953802,-0.015789999082988657,-0.015789997638610127,0.012996050622420718,0.039948463439941406,0.03950929641723633,0.03876972198486328,-0.015789999590735238,-0.015789998462688484,0.012996050554649894,0.040660858154296875,0.04005169868469238,0.03946328163146973,1501,0.0010515313190182583,0.002211507841103083,-0.015789998680293772,-0.015789998771093425,1.0,1.0,-0.015789999554972168,-0.015789999573888897,1.0,1.0,1.0,1.0,1.0,1.0,-0.009462064803049198,-0.004754063508433848,0.0,0.0,1.0,1.0
158,-0.015789998617902975,-0.015789999518430936,-0.024409070040460137,0.009679530304385849,0.21487021025561523,0.2565268831573486,0.032513235157348636,0.34862812266606025,0.12594244107158092,0.0053796722036766826,0.34862812266606025,0.12594244107158092,0.006442156324937079,0.36710491149520674,0.1418647208613631,0.005784605937044792,-0.01578999942988249,-0.015789999590005266,0.013379903937193387,0.04390740394592285,0.04334115982055664,0.042227745056152344,-0.015789999071266204,-0.015789997622837507,0.012960839827503037,0.04288530349731445,0.04292631149291992,0.04159665107727051,1600,0.0009869418172559349,0.0020759894109800116,-0.015789999616615452,-0.015789999618819977,1.0,1.0,-0.0157899996009175,-0.01578999960846993,1.0,1.0,1.0,1.0,1.0,1.0,-0.009339424575425788,-0.0045316371406106245,0.0,0.0,1.0,1.0
159,-0.015789999515518488,-0.015789989975680204,-0.024413244911508064,0.0096792288599793,0.22716238082165527,0.23053376739208983,0.017329938392089843,0.3486038932933337,0.125922870251913,0.0053767915023509565,0.3486038932933337,0.125922870251913,0.006440908735530724,0.3670720683579572,0.14183678366447233,0.00578194608687636,-0.015789999614391655,-0.015789995564477837,0.013361776126586646,0.043385982513427734,0.042601585388183594,0.04129934310913086,-0.015789999429949228,-0.015789999590013593,0.013361775970000236,0.04282021522521973,0.042319297790527344,0.0417170524597168,1601,0.0009862999635542812,0.002074667840553058,-0.015789997800658512,-0.01578999797642028,1.0,1.0,-0.0157899996285348,-0.01578999962956935,1.0,1.0,1.0,1.0,1.0,1.0,-0.009339424502372594,-0.004531637050033923,0.0,0.0,1.0,1.0
160,-0.01578999665408791,-0.01578999020330497,-0.024702549581849285,0.009650322264993317,0.22280096325671386,0.25502734257482906,0.0372539145748291,0.34792672174047107,0.1255169672685035,0.005398989811873529,0.34792672174047107,0.1255169672685035,0.008848875479052094,0.36629608258486906,0.14127091111923146,0.0057903299223760136,-0.01578999901807953,-0.015789995682809043,0.02984447951706174,0.04822182655334473,0.045482635498046875,0.04400467872619629,-0.01578999961431106,-0.01578999554740001,0.01362613964927933,0.04555845260620117,0.04556775093078613,0.044808149337768555,1700,0.0009288650971605807,0.0019541243113145646,-0.015789997866477126,-0.015789998038507114,1.0,1.0,-0.015789999453150266,-0.015789999482958485,1.0,1.0,1.0,1.0,1.0,1.0,0.005261479844556652,0.006818717679744712,0.0,0.0,1.0,1.0
161,-0.01578999706514261,-0.01578999093123616,-0.024706397776013456,0.009650039351446439,0.2197230729210205,0.2378897339621582,0.016886557962158204,0.34794818453606274,0.125530065553998,0.005399789746860676,0.34794818453606274,0.125530065553998,0.008848580239711693,0.36632350129732577,0.14128890606544722,0.0057880622453167965,-0.015789999099718878,-0.01578999599249044,0.029817749648409178,0.04622387886047363,0.046184539794921875,0.04378223419189453,-0.015789999018221274,-0.015789995683416002,0.029817749502624134,0.04590654373168945,0.04474377632141113,0.043760061264038086,1701,0.0009283193612563703,0.0019529763302790378,-0.015789998003523573,-0.01578999816212364,1.0,1.0,-0.015789999475692488,-0.015789999501231805,1.0,1.0,1.0,1.0,1.0,1.0,0.005261479935662717,0.006818717757610241,0.0,0.0,1.0,1.0
162,-0.01578999310621709,-0.015789997218148902,-0.024857088765286056,0.009636660437609327,0.22010645949377441,0.24261124691235353,0.020371467912353516,0.34800621248616964,0.1255420733737517,0.005414161832438826,0.34800621248616964,0.1255420733737517,0.008869889612136124,0.36654606203344714,0.14140936948569474,0.005790038473691375,-0.01578999819685749,-0.015789998639454045,0.03075385324374768,0.04819846153259277,0.04729628562927246,0.046349287033081055,-0.015789999101307718,-0.01578999600053095,0.029682882492589435,0.047856807708740234,0.04694771766662598,0.0453341007232666,1749,0.0009029408012900215,0.0018995165399162714,-0.015789999065559255,-0.015789999098534742,1.0,1.0,-0.015789999195715693,-0.015789999264498457,1.0,1.0,1.0,1.0,1.0,1.0,0.0059620958760903545,0.007463728266297964,0.0,0.0,1.0,1.0
163,-0.015789991982633537,-0.01578999678752811,-0.024860994914630112,0.009636385814543317,0.22206962787512208,0.24063350340478515,0.017317037404785157,0.34804581241333893,0.1255698131176181,0.005416954397649736,0.34804581241333893,0.1255698131176181,0.008872648692330055,0.3665757139533968,0.14142849965147083,0.005790385092194096,-0.015789997950983292,-0.015789998471271303,0.030727330450349394,0.0468449592590332,0.046607017517089844,0.04628300666809082,-0.015789998197145366,-0.015789998639558565,0.030727330449329925,0.047593116760253906,0.04840540885925293,0.045244693756103516,1750,0.0009024192289135186,0.0018984268549088984,-0.015789999014588926,-0.0157899990590524,1.0,1.0,-0.015789999101173464,-0.015789999182523173,1.0,1.0,1.0,1.0,1.0,1.0,0.005962095876766705,0.00746372826683142,0.0,0.0,1.0,1.0
164,-0.01578999951845909,-0.015789999327959273,-0.024890546626007502,0.009622860175964405,0.22352824535058594,0.25009374153161623,0.02271276153161621,0.34787810195056335,0.12549943205125152,0.005410827683882773,0.34787810195056335,0.12549943205125152,0.008889568570957275,0.3664514589785624,0.1413538671265479,0.005793086776096162,-0.015789999613598428,-0.015789999512995482,0.030231730434606016,0.05085444450378418,0.04913043975830078,0.04623746871948242,-0.015789997944728816,-0.015789998468695315,0.03077617174206778,0.0482029914855957,0.0490567684173584,0.04725337028503418,1800,0.0008773352896117969,0.0018457240962397258,-0.015789999578925365,-0.015789999584360115,1.0,1.0,-0.015789999629320785,-0.015789999630526665,1.0,1.0,1.0,1.0,1.0,1.0,0.005606110586850772,0.00713599522951224,0.0,0.0,1.0,1.0
165,-0.015789999518325954,-0.015789999405495907,-0.024894198789916614,0.009622593692243013,0.22347245020080567,0.24091918812292482,0.018698687122924804,0.34791601842925746,0.1255258011790608,0.0054089033635072595,0.34791601842925746,0.1255258011790608,0.008885698530595216,0.3664785056656954,0.14137110179772078,0.00579060010524598,-0.015789999613581795,-0.0157899995445803,0.030229729922356285,0.04744768142700195,0.0474853515625,0.04645967483520508,-0.015789999613603074,-0.015789999513011986,0.030229729929882744,0.04836845397949219,0.047693729400634766,0.04665184020996094,1801,0.0008768521638198822,0.0018447074050686038,-0.015789999594111072,-0.01578999959819659,1.0,1.0,-0.01578999962931021,-0.015789999630517946,1.0,1.0,1.0,1.0,1.0,1.0,0.005606110584379895,0.007135995226574773,0.0,0.0,1.0,1.0
166,-0.015789999540569238,-0.01578999942747632,-0.02480869076878738,0.009596951205153829,0.22619296777026368,0.25180040342114257,0.032913188421142575,0.34817167375272534,0.12566788587606406,0.005444351235921458,0.34817167375272534,0.12566788587606406,0.008859637825729986,0.3669018197948902,0.14159974967644884,0.005820258654569054,-0.01578999961865813,-0.01578999955380804,0.031116101899306928,0.05160164833068848,0.05023360252380371,0.04838252067565918,-0.01578999961350629,-0.0157899995443662,0.030477179608872404,0.05006718635559082,0.05025768280029297,0.049781084060668945,1900,0.0008314934119582239,0.0017491436127302167,-0.01578999958831548,-0.015789999590997264,1.0,1.0,-0.015789999631108005,-0.01578999963199845,1.0,1.0,1.0,1.0,1.0,1.0,0.006021535141299779,0.007518450113330084,0.0,0.0,1.0,1.0
167,-0.015789999540292584,-0.015789999483132523,-0.024812332651548915,0.00959669938606395,0.2261266867570801,0.25598679577355954,0.024195355773559572,0.34817372576262984,0.12566720067147638,0.005451357559853944,0.34817372576262984,0.12566720067147638,0.008862320796129202,0.3669353718401021,0.14162400718631118,0.005822119248081199,-0.015789999618602682,-0.01578999957621995,0.03109151224438382,0.0509648323059082,0.05103802680969238,0.04944777488708496,-0.01578999961866158,-0.015789999553816256,0.0310915122455932,0.05073714256286621,0.05101513862609863,0.04882645606994629,1901,0.0008310467193984159,0.0017482223077915358,-0.01578999960954235,-0.015789999612111902,1.0,1.0,-0.01578999963107188,-0.015789999631963914,1.0,1.0,1.0,1.0,1.0,1.0,0.006021535140760199,0.0075184501127214835,0.0,0.0,1.0,1.0
168,-0.015789992092015,-0.015789997789810575,-0.02479404008272544,0.009572671369728005,0.2210125062314453,0.23879502346948242,0.022404333469482424,0.34813053987601417,0.12569325347395485,0.0053941961763396525,0.34813053987601417,0.12569325347395485,0.008825292690375911,0.3670305310528001,0.14171412821495144,0.005790971771267932,-0.0157899979620615,-0.015789998871761805,0.02914412659033112,0.05512237548828125,0.05440545082092285,0.05109453201293945,-0.015789999618540218,-0.01578999957604086,0.031082603540922765,0.053693532943725586,0.05272102355957031,0.05124211311340332,1999,0.0007903720566118451,0.0016626382880196948,-0.01578999915187657,-0.01578999916838468,1.0,1.0,-0.015789998948028617,-0.015789999009667068,1.0,1.0,1.0,1.0,1.0,1.0,0.0047601900265939025,0.0063572117267315644,0.0,0.0,1.0,1.0
169,-0.01578999140035886,-0.01578999801905319,-0.024810477264007178,0.009572432593170772,0.22255984660241698,0.23859993769494628,0.01986733969494629,0.3481282311772912,0.12569076727633557,0.005385474931866157,0.3481282311772912,0.12569076727633557,0.008827096411813612,0.36703035689882774,0.1417090222359157,0.005790069396543314,-0.015789997823856414,-0.015789998933948703,0.030409548557925783,0.05381369590759277,0.05338096618652344,0.05149078369140625,-0.015789997962252535,-0.015789998871820084,0.029121772642910288,0.053752899169921875,0.0529170036315918,0.05133771896362305,2000,0.000789984173657645,0.0016618165273996933,-0.01578999920920089,-0.01578999922260779,1.0,1.0,-0.01578999887517854,-0.015789998942969535,1.0,1.0,1.0,1.0,1.0,1.0,0.00559857269590855,0.007129055976944354,0.0,0.0,1.0,1.0
170,-0.01578999140785128,-0.015789998100629782,-0.024813802835957542,0.00957219394162589,0.22291391824890136,0.23505112509265136,0.018095454092651366,0.34814643471543105,0.1257019290725143,0.005385206195058558,0.34814643471543105,0.1257019290725143,0.008827574335684985,0.36705500857922074,0.1417255410273935,0.005791818580673028,-0.01578999782566405,-0.01578999894383732,0.030416203584812576,0.055780649185180664,0.054128170013427734,0.05124092102050781,-0.01578999782407747,-0.015789998934003378,0.030416203571181417,0.05379796028137207,0.05604243278503418,0.05191946029663086,2001,0.0007895960853955398,0.001660993225133505,-0.01578999923030159,-0.015789999242986227,1.0,1.0,-0.015789998873002843,-0.01578999894065663,1.0,1.0,1.0,1.0,1.0,1.0,0.005598572705144025,0.007129055984300606,0.0,0.0,1.0,1.0
171,-0.015789997077428067,-0.015789998212209465,-0.024624306709094955,0.00954916572759286,0.21676693292993163,0.24229308467443847,0.029133368674438477,0.34858376141491654,0.12598255114949705,0.00538712201183137,0.34858376141491654,0.12598255114949705,0.008830191494259402,0.36779544635442424,0.14222588343830098,0.005788247777300284,-0.015789999075367305,-0.015789999032371473,0.02882133570097099,0.05715155601501465,0.05597853660583496,0.05445075035095215,-0.015789997824202994,-0.01578999894649185,0.03055030451070658,0.05719757080078125,0.056851863861083984,0.05413627624511719,2100,0.0007525608439336076,0.00158298893155819,-0.01578999934630651,-0.015789999367318328,1.0,1.0,-0.015789999375700553,-0.01578999939324987,1.0,1.0,1.0,1.0,1.0,1.0,0.004476566107094389,0.0060960979796571176,0.0,0.0,1.0,1.0
172,-0.01578999678505135,-0.015789997476372726,-0.024635207698200864,0.009548938963106407,0.22366920990405273,0.23884818019396972,0.018697264193969727,0.3485737088032715,0.12597377621925906,0.005392088443092116,0.3485737088032715,0.12597377621925906,0.008827882724434397,0.3677796525741921,0.1422108117710449,0.00579777332746004,-0.015789999050572323,-0.015789998793969067,0.02892197750931667,0.05610942840576172,0.05682206153869629,0.05313229560852051,-0.015789999075422077,-0.01578999903242669,0.028822693459855896,0.05606794357299805,0.056262969970703125,0.05393385887145996,2101,0.0007522066861810056,0.0015822401180410532,-0.015789999207457845,-0.01578999924027223,1.0,1.0,-0.01578999935317744,-0.015789999373461875,1.0,1.0,1.0,1.0,1.0,1.0,0.004540993946335377,0.006155412509531373,0.0,0.0,1.0,1.0
173,-0.015789994914441125,-0.015789999476075747,-0.024876225954011667,0.00952703160584224,0.22742389171350097,0.2777531739564209,0.054530579956420897,0.3489146692825832,0.12619577685567407,0.005426728056975783,0.3489146692825832,0.12619577685567407,0.008836882327198137,0.36822053238343355,0.14247555182162605,0.00584420273022514,-0.01578999866396048,-0.01578999957463339,0.0278634114977668,0.06004691123962402,0.05756664276123047,0.05592203140258789,-0.015789999054121047,-0.015789998798049952,0.028708045728963776,0.05895233154296875,0.0582122802734375,0.055495262145996094,2200,0.0007183863571669154,0.0015112475968759654,-0.015789999601545927,-0.015789999603599728,1.0,1.0,-0.015789998921827156,-0.015789998935165944,1.0,1.0,1.0,1.0,1.0,1.0,0.003996902800733737,0.005658961861465885,0.0,0.0,1.0,1.0
174,-0.01578999289218927,-0.015789990573874778,-0.024873070184626023,0.009526815624799886,0.23170539455273437,0.24015740987145995,0.01883767087145996,0.3489461086639164,0.12621748964013715,0.005426072690582919,0.3489461086639164,0.12621748964013715,0.008833676087528148,0.3682589535323307,0.14250310788175255,0.0058419582069749836,-0.01578999818755403,-0.015789995952787364,0.027804498056642646,0.05953669548034668,0.057549238204956055,0.05643939971923828,-0.01578999866401228,-0.01578999957463895,0.02787321179880801,0.058634042739868164,0.05662274360656738,0.055143117904663086,2201,0.0007180678656334012,0.0015105694957640008,-0.015789997707590264,-0.0157899978416852,1.0,1.0,-0.015789998587930853,-0.01578999860388024,1.0,1.0,1.0,1.0,1.0,1.0,0.003953519210270464,0.005619134271638646,0.0,0.0,1.0,1.0
175,-0.015789999472951996,-0.015789998293334582,-0.024881525253350526,0.009505927314092886,0.24980718124316406,0.2529359880842285,0.027232841084228514,0.34899454317040796,0.12623675969395753,0.005436339056345308,0.34899454317040796,0.12623675969395753,0.008722142683504547,0.36851805258282,0.1426683103838413,0.005842847729780284,-0.015789999604730917,-0.01578999901177609,0.02704696970552401,0.06238293647766113,0.06328988075256348,0.059392452239990234,-0.015789998191555542,-0.0157899959688916,0.02775619870500405,0.06276273727416992,0.06112170219421387,0.05876660346984863,2300,0.0006871487086826277,0.0014455808841212373,-0.01578999930939199,-0.015789999323118167,1.0,1.0,-0.015789999614872624,-0.01578999961557884,1.0,1.0,1.0,1.0,1.0,1.0,0.003505209200514474,0.005212393151121911,0.0,0.0,1.0,1.0
176,-0.015789999450793905,-0.015789998272520922,-0.02488380469055901,0.009505721158716935,0.250753292013916,0.23713856997106933,0.018583349971069335,0.349026171249031,0.12625924320895757,0.005437556912281768,0.349026171249031,0.12625924320895757,0.008726232096735113,0.36854852538674837,0.14268976555821236,0.0058451226451583516,-0.015789999598733274,-0.015789999007983245,0.027028529272357563,0.061238765716552734,0.0626978874206543,0.059920310974121094,-0.01578999960473286,-0.015789999011813632,0.02702852924352886,0.06132698059082031,0.06222224235534668,0.06030750274658203,2301,0.0006868512984008687,0.0014449543309979506,-0.015789999304914967,-0.015789999318934156,1.0,1.0,-0.01578999961824668,-0.01578999961985103,1.0,1.0,1.0,1.0,1.0,1.0,0.0035052092206145796,0.005212393166937944,0.0,0.0,1.0,1.0
177,-0.01578999502078607,-0.01578999905602175,-0.02468484515439401,0.00948576326116401,0.2454503840686035,0.2678375116057129,0.04057907460571289,0.34894871864224236,0.12623909908831793,0.005433868024745166,0.34894871864224236,0.12623909908831793,0.00869729768021745,0.36859681533049404,0.14272739727675457,0.005858879420929652,-0.015789998679719284,-0.015789999411379083,0.026604430100190774,0.06612920761108398,0.06410408020019531,0.06263136863708496,-0.01578999959876265,-0.01578999900797061,0.02687071191709324,0.0644230842590332,0.06611347198486328,0.06201314926147461,2400,0.0006585392200977777,0.0013854455604634878,-0.015789999507590163,-0.015789999515136308,1.0,1.0,-0.015789999267494387,-0.015789999309032247,1.0,1.0,1.0,1.0,1.0,1.0,0.0033361533050536023,0.005059965522553398,0.0,0.0,1.0,1.0
178,-0.015789995047105237,-0.015789999519781047,-0.024687065521503616,0.009485566094986204,0.2530109735472412,0.24144810844714357,0.023238855447143554,0.3489724133803359,0.1262552038676841,0.005434437744628259,0.3489724133803359,0.1262552038676841,0.008698048462408077,0.36862938927493466,0.14275043493835957,0.005858355866534049,-0.015789998682787645,-0.015789999592635415,0.02662155784074881,0.06644415855407715,0.0646524429321289,0.06138277053833008,-0.01578999867984351,-0.015789999411397384,0.026621557827216365,0.06449198722839355,0.06409788131713867,0.0623013973236084,2401,0.0006582736560573492,0.001384877765917826,-0.015789999616270475,-0.015789999618229796,1.0,1.0,-0.01578999927065543,-0.015789999311954298,1.0,1.0,1.0,1.0,1.0,1.0,0.003336153314274987,0.005059965530128973,0.0,0.0,1.0,1.0
179,-0.015789996624923294,-0.015789996490715327,-0.02449043293210084,0.009466460981335653,0.23246936630151369,0.27134413224365234,0.04318602924365234,0.34902758699743974,0.12633055889264241,0.005440867118254584,0.34902758699743974,0.12633055889264241,0.008713186224513858,0.3686350810828496,0.14274687992415375,0.0058592193787445485,-0.01578999882434255,-0.015789998401340034,0.02573428154665264,0.07321476936340332,0.07800817489624023,0.07452511787414551,-0.015789998682741866,-0.01578999959256697,0.026719091039511794,0.07691287994384766,0.07640624046325684,0.07455611228942871,2500,0.0006322824964125347,0.0013301429494423994,-0.01578999906512161,-0.015789999117046306,1.0,1.0,-0.015789999125656498,-0.015789999126003748,1.0,1.0,1.0,1.0,1.0,1.0,0.002712707458284086,0.004503386019415078,0.0,0.0,1.0,1.0
180,-0.015789996356557985,-0.015789998296068464,-0.02449247915239594,0.009466272069608437,0.23431758843249512,0.2429677172043457,0.023555956204345703,0.3490180218423148,0.126321546579059,0.005441499015266217,0.3490180218423148,0.126321546579059,0.008711020486170035,0.36861951745803445,0.14273226586865675,0.0058600147474343585,-0.015789998788785113,-0.015789998983504822,0.02571784001519381,0.07659792900085449,0.07793974876403809,0.07410717010498047,-0.01578999882436137,-0.015789998401471453,0.025717839858371155,0.08024978637695312,0.07789969444274902,0.07530927658081055,2501,0.0006320211814506451,0.0013296027235553585,-0.015789999286481837,-0.015789999297958084,1.0,1.0,-0.015789999075118,-0.015789999075212426,1.0,1.0,1.0,1.0,1.0,1.0,0.002712707561599872,0.004503386104946511,0.0,0.0,1.0,1.0
181,-0.015789997619778944,-0.015789997244334063,-0.024500473002415986,0.009447951371371412,0.22983818645666504,0.25680938971643064,0.028321465716430665,0.3491740747815581,0.12645204105433877,0.00545530791489388,0.3491740747815581,0.12645204105433877,0.008712356722536351,0.36913169142432206,0.14313121301336262,0.0058607977700759015,-0.015789999230047792,-0.01578999871105782,0.026067128729033943,0.07764482498168945,0.07941365242004395,0.07601499557495117,-0.015789998789113927,-0.01578999898338712,0.02578054937525471,0.07828664779663086,0.07994914054870605,0.07768511772155762,2600,0.0006081177398735234,0.0012791610360969481,-0.015789999060285057,-0.01578999908450548,1.0,1.0,-0.015789999304591563,-0.015789999306017294,1.0,1.0,1.0,1.0,1.0,1.0,0.0028939155461978083,0.00466379977016786,0.0,0.0,1.0,1.0
182,-0.01578999777045975,-0.015789997253917606,-0.024471100318068543,0.009447770065272122,0.22746689944995116,0.2558038284213867,0.02441115642138672,0.34914540465900723,0.12643233606514995,0.005453549512580243,0.34914540465900723,0.12643233606514995,0.0087100014586779,0.3690958001739742,0.14310594903909518,0.005859141238619779,-0.015789999258183553,-0.015789998713371816,0.026082591454853508,0.07924842834472656,0.08039331436157227,0.07748579978942871,-0.015789999230059724,-0.01578999871111733,0.026082593065680077,0.08225512504577637,0.08021044731140137,0.07824468612670898,2601,0.0006078889727126706,0.0012786744438860213,-0.01578999906210476,-0.01578999908601049,1.0,1.0,-0.015789999325098683,-0.015789999325999036,1.0,1.0,1.0,1.0,1.0,1.0,0.0028939144026214124,0.004663798885859288,0.0,0.0,1.0,1.0
183,-0.015789999136288774,-0.01578999467999132,-0.024388357286757322,0.009430173262809,0.22529780502172853,0.2934358969237061,0.06612602092370605,0.3485712853626623,0.12612491387810684,0.005461089562979587,0.3485712853626623,0.12612491387810684,0.008681376686119372,0.3685526326191147,0.14279258467671463,0.005862299965317914,-0.015789999548625377,-0.015789997683994025,0.026299778076327277,0.08514857292175293,0.0830683708190918,0.0804905891418457,-0.01578999925805761,-0.015789998711997027,0.02598031939893714,0.0832831859588623,0.08195686340332031,0.07922005653381348,2700,0.0005855259471892253,0.001231792854614294,-0.015789998394055715,-0.015789998439441507,1.0,1.0,-0.015789999553345768,-0.015789999553345768,1.0,1.0,1.0,1.0,1.0,1.0,0.0030963583467049673,0.0048437579453658106,0.0,0.0,1.0,1.0
184,-0.015789999141806628,-0.015789995382741805,-0.024390382986741142,0.0094299989865896,0.22486142380297852,0.2501476091196289,0.024546534119628906,0.34859005751567096,0.12613726727739494,0.005462070497583752,0.34859005751567096,0.12613726727739494,0.008681992312495246,0.36857204661164295,0.14280535455277948,0.005864184053633437,-0.01578999954954397,-0.0157899979941163,0.026314814060996217,0.0847163200378418,0.0813438892364502,0.08034110069274902,-0.015789999548626085,-0.015789997684095537,0.02631481353380673,0.08519864082336426,0.08271217346191406,0.07998371124267578,2701,0.0005853128327269349,0.0012313407425739488,-0.015789998564773842,-0.015789998602884027,1.0,1.0,-0.015789999553749913,-0.015789999553749913,1.0,1.0,1.0,1.0,1.0,1.0,0.0030963587014675564,0.0048437582374112635,0.0,0.0,1.0,1.0
185,-0.015789998123249858,-0.015789993596092653,-0.02446905753405968,0.009413072255899258,0.22705011527856445,0.2927268139001465,0.061284433900146484,0.34867537993152387,0.12618603287253433,0.005479366410587904,0.34867537993152387,0.12618603287253433,0.00869917077467436,0.3688147203087235,0.14295738234588715,0.005881401338435231,-0.01578999933557249,-0.0157899972059942,0.02427359772152946,0.08608651161193848,0.08456182479858398,0.08247160911560059,-0.015789999549554713,-0.015789997996828165,0.026196432202795158,0.09159684181213379,0.08436727523803711,0.08190155029296875,2800,0.0005646848640610736,0.0011879959809602116,-0.015789998089476686,-0.015789998140694834,1.0,1.0,-0.015789999372062408,-0.01578999937208369,1.0,1.0,1.0,1.0,1.0,1.0,0.001890494008411045,0.0037615088876462623,0.0,0.0,1.0,1.0
186,-0.015789998121307592,-0.015789993629548194,-0.024470696717732776,0.00941290449634703,0.2257199861986084,0.25293150037414547,0.024776201374145507,0.34865487599382095,0.12617114144853767,0.005484005913857875,0.34865487599382095,0.12617114144853767,0.008697194008169484,0.3687876967322046,0.14293680564872685,0.00588632283215656,-0.015789999335176674,-0.01578999721066745,0.024259463117923295,0.08682942390441895,0.0860753059387207,0.08242106437683105,-0.015789999335577856,-0.015789997206091085,0.024259462969622236,0.0875093936920166,0.08459091186523438,0.08200931549072266,2801,0.0005644738940225369,0.001187562547125497,-0.015789998095854497,-0.015789998146101793,1.0,1.0,-0.01578999937160947,-0.015789999371631315,1.0,1.0,1.0,1.0,1.0,1.0,0.0018904941566424641,0.0037615089795683,0.0,0.0,1.0,1.0
187,-0.0157899983331009,-0.015789999227478476,-0.02442420403654758,0.00939659975975386,0.22259923009167482,0.26077750216564943,0.030582254165649414,0.3488342796273195,0.12631090618244337,0.005516647817932411,0.3488342796273195,0.12631090618244337,0.008689450197649528,0.3689496117681874,0.14304069143141246,0.005911264025179322,-0.015789999377059234,-0.015789999487221183,0.02519283508589194,0.09468460083007812,0.09208154678344727,0.08472490310668945,-0.015789999335128077,-0.015789997210240304,0.024361772830324684,0.09083342552185059,0.09038758277893066,0.08893275260925293,2900,0.0005452430618408101,0.0011470877102125977,-0.01578999954334307,-0.01578999954729484,1.0,1.0,-0.015789999394338977,-0.015789999394338977,1.0,1.0,1.0,1.0,1.0,1.0,0.0024016779643663837,0.0042278497648770485,0.0,0.0,1.0,1.0
188,-0.015789998323951806,-0.01578999940525226,-0.024425920889627462,0.009396438057482286,0.22805790198657228,0.2532342158677978,0.023809274867797853,0.34880158087207686,0.12628975391497105,0.005515126248418286,0.34880158087207686,0.12628975391497105,0.008687217130207519,0.36891000741253865,0.1430135636979857,0.0059095066355726415,-0.01578999937524675,-0.015789999553633943,0.025178847504544254,0.09810352325439453,0.0879526138305664,0.08584427833557129,-0.015789999377061638,-0.015789999487229915,0.02517884903585545,0.1002492904663086,0.08848285675048828,0.0839376449584961,2901,0.0005450472869229124,0.0011466845804304618,-0.015789999585964228,-0.01578999958825892,1.0,1.0,-0.015789999392429085,-0.015789999392429085,1.0,1.0,1.0,1.0,1.0,1.0,0.0024016772321522424,0.004227848947107736,0.0,0.0,1.0,1.0
189,-0.01578999779210186,-0.01578999608274929,-0.024574150992490155,0.00938071219648858,0.22496766896154785,0.2784571574160156,0.049150050416015625,0.34880884680966806,0.12631273004431037,0.005501809473557929,0.34880884680966806,0.12631273004431037,0.008692181285814508,0.36901492446580725,0.14309069928417043,0.005909600766395146,-0.015789999275785862,-0.01578999826576816,0.024317876576556374,0.09303665161132812,0.09122204780578613,0.08780431747436523,-0.01578999937524607,-0.015789999553648296,0.025157974934997347,0.10300564765930176,0.09093260765075684,0.0875558853149414,3000,0.0005270936644671718,0.001108928317016449,-0.015789998718118738,-0.01578999874507163,1.0,1.0,-0.015789999301921934,-0.015789999301921934,1.0,1.0,1.0,1.0,1.0,1.0,0.001884690599029594,0.0037560111998111243,0.0,0.0,1.0,1.0
190,-0.015789997804539258,-0.015789996151525935,-0.02456117199225502,0.009380556138690311,0.23153198273522949,0.2506285391337891,0.02625453013378906,0.3488163325536184,0.12631645623745455,0.005506384477986918,0.3488163325536184,0.12631645623745455,0.00869123375642118,0.36904642293163986,0.14311378294537783,0.005910788788620636,-0.015789999277992326,-0.01578999828963594,0.024210694557048842,0.09585452079772949,0.09120702743530273,0.09252142906188965,-0.015789999275789363,-0.0157899982658295,0.024330795197620207,0.09926486015319824,0.09107780456542969,0.09275627136230469,3001,0.0005269213997432743,0.0011085623441537454,-0.01578999873548312,-0.015789998761765837,1.0,1.0,-0.015789999303281288,-0.015789999303281288,1.0,1.0,1.0,1.0,1.0,1.0,0.0018135135127779584,0.0036885803073784407,0.0,0.0,1.0,1.0
191,-0.01578999948532739,-0.01578999787509979,-0.024341997029356785,0.009365370336890005,0.23444419178015136,0.40318805060583496,0.16542385760583497,0.3484753409794276,0.12611778301190013,0.005492839419363055,0.3484753409794276,0.12611778301190013,0.008682096532830164,0.3691116490246521,0.1431751215030644,0.005922172860125904,-0.015789999608280973,-0.015789999017754165,0.025809155320663035,0.0965430736541748,0.09552526473999023,0.09128093719482422,-0.01578999927793563,-0.01578999828938223,0.024320563484828257,0.10216903686523438,0.09417390823364258,0.09209322929382324,3100,0.000510118820445312,0.001073693031007458,-0.015789999385113336,-0.015789999408922964,1.0,1.0,-0.01578999961224846,-0.015789999612252727,1.0,1.0,1.0,1.0,1.0,1.0,0.002733644397522168,0.0045219193893824075,0.0,0.0,1.0,1.0
192,-0.015789999511680516,-0.015789997985292355,-0.0243302110808392,0.009365219551267323,0.2433773182635498,0.2602091163565674,0.026853049356567384,0.34846394821088855,0.12610885419787068,0.005492135993147527,0.34846394821088855,0.12610885419787068,0.008681252680387573,0.3690915956877872,0.14315925458971293,0.005920775664838434,-0.015789999613745862,-0.015789999050638902,0.025730665860228874,0.09582066535949707,0.09790945053100586,0.09147524833679199,-0.01578999960828057,-0.015789999017521195,0.025822047561867772,0.09672260284423828,0.09552454948425293,0.0913381576538086,3101,0.0005099565935872347,0.0010733491794120836,-0.015789999403853984,-0.015789999426244122,1.0,1.0,-0.015789999616956946,-0.015789999616960402,1.0,1.0,1.0,1.0,1.0,1.0,0.0026758749055284955,0.004470779177929355,0.0,0.0,1.0,1.0
193,-0.015789998947119358,-0.015789998064958396,-0.024606936969121168,0.009350538742389183,0.23796358443688964,0.2837081781241455,0.039585850124145505,0.34854401344668456,0.1261561885612954,0.005487255825583432,0.34854401344668456,0.1261561885612954,0.008707473675038256,0.3692056416880701,0.14321812587728583,0.005906591164461463,-0.015789999495339112,-0.0157899990338339,0.026298654212900802,0.10083484649658203,0.09737396240234375,0.09286880493164062,-0.015789999613764174,-0.01578999905365807,0.025549876418730556,0.10128402709960938,0.09570670127868652,0.09378409385681152,3200,0.0004941652904931439,0.0010401448006984182,-0.0157899993498135,-0.015789999371246016,1.0,1.0,-0.015789999501948673,-0.015789999501948673,1.0,1.0,1.0,1.0,1.0,1.0,0.0031514197115114235,0.00489341695789571,0.0,0.0,1.0,1.0
194,-0.015789998965432005,-0.01578999665557794,-0.024608589824927144,0.009350392892039894,0.24470196752319337,0.27592671235461425,0.026162057354614257,0.3485165853755535,0.12613817684898163,0.005485849146781048,0.3485165853755535,0.12613817684898163,0.008709074162030421,0.3691717188299713,0.14319460557605712,0.005904980548285905,-0.015789999499174496,-0.015789998513649775,0.026298838172549452,0.10702300071716309,0.09700989723205566,0.09528255462646484,-0.015789999495339935,-0.015789999033875856,0.02629883777575166,0.10465741157531738,0.09664773941040039,0.09416079521179199,3201,0.0004940045644177967,0.0010398135888309797,-0.0157899990499273,-0.015789999087084724,1.0,1.0,-0.015789999505804092,-0.015789999505804092,1.0,1.0,1.0,1.0,1.0,1.0,0.003151420001877163,0.004893417181532819,0.0,0.0,1.0,1.0
195,-0.015789999086871332,-0.01578999922296711,-0.02449676398366735,0.009336185293586803,0.24006643013745116,0.2945267755996094,0.049319917599609374,0.3484553843237048,0.12611615528557793,0.005490006885734645,0.3484553843237048,0.12611615528557793,0.008705559415727409,0.36924746894933563,0.1432704218349029,0.005903798653451192,-0.015789999523399458,-0.01578999949149347,0.025935703802701764,0.1158137321472168,0.10218381881713867,0.09881711006164551,-0.015789999499162415,-0.015789998510822495,0.026410411358355874,0.10669326782226562,0.1023550033569336,0.09703874588012695,3300,0.00047923624034149515,0.001008705481210853,-0.0157899995752572,-0.015789999580926802,1.0,1.0,-0.015789999527385693,-0.015789999527385693,1.0,1.0,1.0,1.0,1.0,1.0,0.0028507742388699103,0.004625620677108643,0.0,0.0,1.0,1.0
196,-0.01578999904772462,-0.01578999899175141,-0.024498340571715457,0.009336044072670842,0.24039453396801758,0.2681820288618164,0.026008687861816406,0.34847375614009246,0.12612867726677934,0.0054897643320287095,0.34847375614009246,0.12612867726677934,0.008708110034936685,0.36927769607086963,0.14329308813074412,0.005905316656569712,-0.015789999515046987,-0.015789999409357533,0.02592318597070565,0.11478972434997559,0.09905576705932617,0.09685873985290527,-0.015789999523399934,-0.01578999949150687,0.025923183195346207,0.10992097854614258,0.10143852233886719,0.09574532508850098,3301,0.0004790924948118206,0.0010084014664440825,-0.015789999533271808,-0.0157899995418906,1.0,1.0,-0.01578999951888385,-0.01578999951888385,1.0,1.0,1.0,1.0,1.0,1.0,0.002850776252848007,0.0046256222191526876,0.0,0.0,1.0,1.0
197,-0.01578999795241171,-0.01578999799407466,-0.02445992783792566,0.009322280789725374,0.23964843011450196,0.30424763574157715,0.06502008774157715,0.3483533785746584,0.12607624357313577,0.0054874969202847795,0.3483533785746584,0.12607624357313577,0.00868678010773264,0.369039744137374,0.1431166542560487,0.005891436556099333,-0.01578999927591151,-0.015789998999129053,0.025760973870208263,0.07828402519226074,0.10440969467163086,0.09971737861633301,-0.015789999515057596,-0.01578999940963856,0.02593110278012667,0.10941076278686523,0.10422611236572266,0.10191082954406738,3400,0.00046515935560714576,0.0009790870874529123,-0.015789999303617294,-0.01578999932387708,1.0,1.0,-0.01578999927591151,-0.01578999927591151,1.0,1.0,1.0,1.0,1.0,1.0,0.0027430294094370157,0.004530227920489109,0.0,0.0,1.0,1.0
198,-0.015789997949059324,-0.015789997801345112,-0.024449529634087544,0.009322143919773509,0.23738998436853026,0.2637680007642822,0.028362274764282228,0.3483591431518372,0.12607898844819343,0.005486823998100862,0.3483591431518372,0.12607898844819343,0.008686010363566152,0.3690431746469791,0.14311626802335514,0.005890160101291161,-0.01578999927519096,-0.015789998949749834,0.025693322541627102,0.07999563217163086,0.10651612281799316,0.10326361656188965,-0.01578999927591151,-0.01578999899916801,0.02577274795092333,0.08268427848815918,0.10473871231079102,0.10056948661804199,3401,0.0004650256002472267,0.0009788023136266825,-0.01578999926329735,-0.015789999285857347,1.0,1.0,-0.015789999275190952,-0.015789999275190952,1.0,1.0,1.0,1.0,1.0,1.0,0.0026927355395301254,0.004485706026170958,0.0,0.0,1.0,1.0
199,-0.01578999935707076,-0.015789995756139312,-0.02435193176674035,0.00930879860668758,0.23787359908947753,0.2920980783358154,0.04247718533581543,0.3482491807169113,0.1259916590116992,0.005481738015687298,0.3482491807169113,0.1259916590116992,0.008674325249658783,0.36908126427975646,0.14314106921578287,0.005898793756287809,-0.015789999579478162,-0.015789998194616503,0.025650659917028237,0.12179923057556152,0.10586690902709961,0.10259532928466797,-0.01578999927519096,-0.01578999894886254,0.025747060662285062,0.08410835266113281,0.10869622230529785,0.1048886775970459,3500,0.0004519364909025395,0.0009511935086713597,-0.015789998782477267,-0.015789998824615098,1.0,1.0,-0.01578999958046908,-0.01578999958046908,1.0,1.0,1.0,1.0,1.0,1.0,0.002631778492957873,0.0044317427285984765,0.0,0.0,1.0,1.0
200,-0.015789999361132363,-0.015789999232203283,-0.024366679079498278,0.009308665833441494,0.2366894000805664,0.2906030422524414,0.048914701252441406,0.34826066401102723,0.12599899955292831,0.005477365681960569,0.34826066401102723,0.12599899955292831,0.008680260278399519,0.3690925449322312,0.14314788823666125,0.005897940275880758,-0.015789999580359308,-0.015789999483935908,0.02574565493290911,0.11345553398132324,0.10826659202575684,0.10411787033081055,-0.015789999579478232,-0.015789998194693122,0.02565601875481286,0.11635589599609375,0.10832095146179199,0.10328817367553711,3501,0.0004518113520807293,0.0009509292137478563,-0.015789999545308745,-0.015789999549693578,1.0,1.0,-0.01578999958134874,-0.01578999958134874,1.0,1.0,1.0,1.0,1.0,1.0,0.002688451550480883,0.004481912377763308,0.0,0.0,1.0,1.0
201,-0.01578999855225551,-0.015789992460863555,-0.024380345820016202,0.009295714403562812,0.23849200985668945,0.30657548543640134,0.06360879043640137,0.3480866129427959,0.12589129557436285,0.005472318335857818,0.3480866129427959,0.12589129557436285,0.008682193905050503,0.36898303509087044,0.14306823242503236,0.0059185277815748385,-0.01578999939407864,-0.015789997027028956,0.025642545851132344,0.08297491073608398,0.11470222473144531,0.10769820213317871,-0.015789999580360634,-0.015789999483870745,0.025615015359945384,0.12715840339660645,0.10886192321777344,0.10492444038391113,3600,0.00043939180544047687,0.0009248080437999275,-0.015789998585780885,-0.01578999868496188,1.0,1.0,-0.015789999394078637,-0.015789999394078637,1.0,1.0,1.0,1.0,1.0,1.0,0.0027059094642051334,0.004497372836397568,0.0,0.0,1.0,1.0
202,-0.015789998552866922,-0.01578999240700497,-0.02438179712913531,0.009295585494257469,0.23473566203466797,0.2637858908229981,0.028947953822998047,0.3480983363925064,0.12589870369754627,0.005471010994442216,0.3480983363925064,0.12589870369754627,0.008682394168570398,0.36901186063531377,0.1430899774886922,0.005918439119336727,-0.015789999394183962,-0.015789997015785668,0.025653676761939106,0.0830068588256836,0.12731456756591797,0.10604119300842285,-0.01578999939407864,-0.015789997027242462,0.02565367734343162,0.08729362487792969,0.11654138565063477,0.1071004867553711,3601,0.00043926882706873466,0.0009245503598746508,-0.015789998579188846,-0.01578999867908091,1.0,1.0,-0.015789999394183962,-0.015789999394183962,1.0,1.0,1.0,1.0,1.0,1.0,0.002705909038548759,0.004497372509320774,0.0,0.0,1.0,1.0
203,-0.015789996976888224,-0.015789999406615067,-0.02440408801250462,0.00928300586974444,0.23407882379003905,0.29168187553771974,0.05249286853771973,0.3480136950342184,0.12584963598257562,0.005442863360786774,0.3480136950342184,0.12584963598257562,0.008668457422869456,0.3689571803497806,0.14304543556173888,0.005896209756922378,-0.015789999022459818,-0.01578999955193226,0.02505339020443895,0.08716416358947754,0.12399911880493164,0.1095113754272461,-0.015789999394183962,-0.01578999702683441,0.025560329367199885,0.0906524658203125,0.1290121078491211,0.13018298149108887,3700,0.00042749727703043,0.0008998072418746565,-0.015789999589663237,-0.015789999592552798,1.0,1.0,-0.015789999022459814,-0.015789999022459814,1.0,1.0,1.0,1.0,1.0,1.0,0.0023841509872774783,0.004212085490136724,0.0,0.0,1.0,1.0
204,-0.015789996678876088,-0.01578999941973212,-0.02442012171629448,0.009282880610760545,0.245293510123291,0.2702634517320557,0.029377798732055663,0.3480146604755068,0.12584906517852992,0.00544315221219532,0.3480146604755068,0.12584906517852992,0.0086699733623771,0.3689542133777759,0.14304087417967704,0.005897288821944151,-0.015789998952208575,-0.015789999556810392,0.02514818030609924,0.08547806739807129,0.1117095947265625,0.11255884170532227,-0.015789999022459818,-0.015789999551937,0.025047441239602158,0.08873605728149414,0.11589980125427246,0.11110997200012207,3701,0.0004273859059982541,0.0008995683234581197,-0.015789999592289373,-0.01578999959499466,1.0,1.0,-0.015789998952208572,-0.015789998952208572,1.0,1.0,1.0,1.0,1.0,1.0,0.0024476916180153534,0.004268786566013506,0.0,0.0,1.0,1.0
205,-0.015789994971918832,-0.01578999942281911,-0.024510254544193557,0.009270652506029027,0.24133737676379394,0.2823769054309082,0.0363254714309082,0.34815198913409695,0.1259417536898022,0.005452781490680576,0.34815198913409695,0.1259417536898022,0.008672847184390691,0.3691838656051314,0.14319623735769726,0.005917702374272098,-0.015789998539781597,-0.0157899995595943,0.02545884296722028,0.08672308921813965,0.11426687240600586,0.11238765716552734,-0.015789998952208575,-0.015789999556957254,0.02500866588037971,0.0905759334564209,0.11900186538696289,0.11295485496520996,3800,0.00041622969542430246,0.0008761167905701459,-0.01578999959772225,-0.0157899996008212,1.0,1.0,-0.0157899985397816,-0.0157899985397816,1.0,1.0,1.0,1.0,1.0,1.0,0.002734961637409126,0.004523089934695797,0.0,0.0,1.0,1.0
206,-0.015789994813265967,-0.01578999950187417,-0.024511600465798776,0.00927053070085682,0.23839793954614258,0.2746336678885498,0.030936003888549807,0.3481678627408279,0.12595247449005645,0.005452086018984597,0.3481678627408279,0.12595247449005645,0.008672807754903344,0.36919735448774543,0.143204844025076,0.005916738973846116,-0.015789998501348358,-0.015789999590861137,0.025453794163348482,0.08724021911621094,0.11679887771606445,0.11189460754394531,-0.015789998539781597,-0.01578999955959912,0.02545379439817931,0.09215521812438965,0.11498498916625977,0.11583685874938965,3801,0.00041612136065252204,0.0008758875587676037,-0.015789999619785014,-0.01578999962175364,1.0,1.0,-0.015789998501348355,-0.015789998501348355,1.0,1.0,1.0,1.0,1.0,1.0,0.0027349614662490695,0.0045230898030692935,0.0,0.0,1.0,1.0
207,-0.015789999546949464,-0.015789994514608455,-0.02447726624008905,0.009258635434382595,0.24531653490478517,0.3440103094605713,0.11994291546057129,0.34841280479588677,0.12609244977678433,0.0054493961508299184,0.34841280479588677,0.12609244977678433,0.008674248756376698,0.36934022637654323,0.14325630574666418,0.005922992100494137,-0.015789999617439127,-0.015789997830521346,0.025457557796795833,0.09058904647827148,0.12040114402770996,0.12050509452819824,-0.015789998501348358,-0.015789999590918626,0.025374397388018506,0.09438657760620117,0.12664246559143066,0.11887311935424805,3900,0.00040561213280443105,0.0008537421164013659,-0.01578999902432404,-0.01578999909790272,1.0,1.0,-0.015789999617439127,-0.015789999617439127,1.0,1.0,1.0,1.0,1.0,1.0,0.0027881476509068804,0.0045701688976525325,0.0,0.0,1.0,1.0
208,-0.015789999546410242,-0.015789993174158263,-0.024478595079645234,0.009258516901848752,0.24558605168933106,0.25770040573828124,0.03182062073828125,0.348424133233633,0.12609970117000793,0.00544961282976786,0.348424133233633,0.12609970117000793,0.008672842704304806,0.3693657617843814,0.14327543462172743,0.005921743154764097,-0.01578999961730268,-0.01578999736131592,0.025456569147439833,0.0890657901763916,0.1267528533935547,0.1166994571685791,-0.015789999617439127,-0.015789997830676836,0.025456569025104184,0.09299755096435547,0.12445282936096191,0.11554241180419922,3901,0.0004055084378040299,0.0008535236301484241,-0.0157899988965613,-0.015789998991176817,1.0,1.0,-0.01578999961730268,-0.01578999961730268,1.0,1.0,1.0,1.0,1.0,1.0,0.002788147739447815,0.004570168966040993,0.0,0.0,1.0,1.0
209,-0.020106156566369507,-0.015789996798453745,-0.02461998749733043,0.009246937231989764,0.33027306058129885,0.319178529751709,0.09186350775170898,0.34850693664064175,0.12613859266359373,0.005450728120137108,0.34850693664064175,0.12613859266359373,0.008669921864747396,0.37287506877691573,0.14435265576011502,0.0030155024731180705,-0.01073390721499249,-0.01578999859592041,0.02585283591952934,0.12765955924987793,0.11834573745727539,0.12124395370483398,-0.01578999961730268,-0.01578999736957313,0.02538414298381102,0.09566688537597656,0.12377262115478516,0.12096381187438965,4000,0.00042415067458835304,0.0008324508736540779,-0.01578999913919929,-0.0157899991785805,1.0,1.0,-0.01592593354357241,-0.014505787124464053,0.0,0.0,1.0,1.0,1.0,1.0,0.003088451838516687,0.004836628520802817,0.0,0.0,1.0,1.0
210,-0.02010144325261139,-0.01578999600989503,-0.0246007225445446,0.0092468218047077,0.41070464131774903,0.25814860204553225,0.029623096045532225,0.348472196698139,0.12611827816683502,0.005454065990243466,0.348472196698139,0.12611827816683502,0.008668336791184474,0.37286412497521626,0.14434596061151286,0.0030161048504807313,-0.010726481842583287,-0.015789998322378818,0.02586314987613808,0.1245732307434082,0.12298250198364258,0.11979198455810547,-0.010722607460837655,-0.015789998595605488,0.02586315718704854,0.12694406509399414,0.13818669319152832,0.12950539588928223,4001,0.000424047647832246,0.0008322458260294731,-0.01578999895108788,-0.01578999900035125,1.0,1.0,-0.015930008955456015,-0.014510669027447486,0.0,0.0,1.0,1.0,1.0,1.0,0.003088446523582733,0.004836624374947274,0.0,0.0,1.0,1.0
211,-0.020072049096942175,-0.015789994959153272,-0.0244393269913878,0.009235541785963693,0.29495925011572266,0.264013984048584,0.037937931048583985,0.34831976702988965,0.12601950785756444,0.005429050068388283,0.34831976702988965,0.12601950785756444,0.008632043626296031,0.37269862825385947,0.1442149346713617,0.0030149246237679657,-0.010707238680708851,-0.015789997844165245,0.025727413601075763,0.1311793327331543,0.12944722175598145,0.11829900741577148,-0.010683006332246163,-0.015789998319408107,0.025839865962543507,0.13317537307739258,0.1381676197052002,0.14159417152404785,4100,0.0004137994077245303,0.0008121458534742744,-0.015789998638261367,-0.0157899986922094,1.0,1.0,-0.015948542637881563,-0.014542544387883861,0.0,0.0,1.0,1.0,1.0,1.0,0.003016367891566475,0.004772203272185064,0.0,0.0,1.0,1.0
212,-0.020074106966607427,-0.01578999500091452,-0.024440636802173954,0.009235429308974374,0.3234813646204834,0.25803933960217285,0.03488949560217285,0.34833602540085756,0.12603075766564958,0.00542900922772326,0.34833602540085756,0.12603075766564958,0.008634265333392146,0.372719913655819,0.14422974582815173,0.0030145650589892795,-0.010709729210646723,-0.01578999784939848,0.025717448829545894,0.14346671104431152,0.12809348106384277,0.128617525100708,-0.010710144807113995,-0.01578999784423509,0.025717448243041986,0.1316976547241211,0.13051795959472656,0.12621498107910156,4101,0.0004137009493623028,0.0008119503220976655,-0.01578999865053472,-0.01578999870409326,1.0,1.0,-0.015947778703801607,-0.014541435373270581,0.0,0.0,1.0,1.0,1.0,1.0,0.003016368323021395,0.004772203603736865,0.0,0.0,1.0,1.0
213,-0.02005613473462557,-0.015789995377400168,-0.024418198836514728,0.00922443416570922,0.3368039825354004,0.28723567352050783,0.053884654520507815,0.3481527521827414,0.12591875943902123,0.005406406114282353,0.3481527521827414,0.12591875943902123,0.008650036367455,0.372484929742425,0.1440515886670656,0.0030052557945417758,-0.010772705241138048,-0.015789998056526332,0.025764070504309348,0.1378645896911621,0.13387751579284668,0.1231389045715332,-0.010750388780160307,-0.015789997850133596,0.025722534705377324,0.14072299003601074,0.13195252418518066,0.13150906562805176,4200,0.000403916152373395,0.0007927835141320399,-0.01578999874715219,-0.01578999879677176,1.0,1.0,-0.015961067005690662,-0.014563053226207944,0.0,0.0,1.0,1.0,1.0,1.0,0.003042984452846187,0.004795773721164489,0.0,0.0,1.0,1.0
214,-0.020056571409731824,-0.015789995361687695,-0.02441948668215013,0.009224324495285088,0.3333216664128418,0.25920109308789063,0.032156667087890625,0.34816595097228736,0.1259275815015635,0.005405822718645529,0.34816595097228736,0.1259275815015635,0.008649011444281408,0.3724928992680844,0.14405621431188131,0.003004532986306168,-0.010775093583708175,-0.01578999805292736,0.025762014440161105,0.1625843048095703,0.14291691780090332,0.12352752685546875,-0.0107748278970792,-0.015789998056599124,0.025762014178122596,0.15300583839416504,0.1346743106842041,0.121185302734375,4201,0.00040382148977130224,0.0007925963528398123,-0.015789998745079775,-0.015789998794953474,1.0,1.0,-0.015960565878764727,-0.014562448202123797,0.0,0.0,1.0,1.0,1.0,1.0,0.003042984647595166,0.00479577386925365,0.0,0.0,1.0,1.0
215,-0.02004671259519555,-0.015789995676368077,-0.02445571758047206,0.009213600510429827,0.3084923650916748,0.3117502072390137,0.08236323323901368,0.3481601449077619,0.1259146354856659,0.005394580430459828,0.3481601449077619,0.1259146354856659,0.008652230032979902,0.37252454858103634,0.14403512852679476,0.0030052855213854555,-0.010777315485576526,-0.015789998181000835,0.025739262727823745,0.1568441390991211,0.1652686595916748,0.1285874843597412,-0.010766383822665222,-0.015789998051808363,0.02560481486864823,0.1356816291809082,0.13658642768859863,0.1269679069519043,4300,0.0003945545150819298,0.0007743899621700861,-0.015789998809908008,-0.015789998856209225,1.0,1.0,-0.01596717654730069,-0.014582407505333581,0.0,0.0,1.0,1.0,1.0,1.0,0.003129517497009168,0.004873670586988092,0.0,0.0,1.0,1.0
216,-0.02004402877243471,-0.01578999568091096,-0.02444890163042875,0.009213493513018922,0.31430803072705077,0.2564631165124512,0.03311935251245117,0.3481583673731291,0.1259123702091458,0.0053939049250932925,0.3481583673731291,0.1259123702091458,0.008651686810247526,0.37251988016903426,0.14403141462822644,0.0030052988634457775,-0.010774027132179245,-0.01578999818314478,0.025688331601246343,0.17246079444885254,0.14092636108398438,0.1278676986694336,-0.010771874503094445,-0.015789998181068205,0.02574890381061002,0.16884994506835938,0.13415074348449707,0.13645219802856445,4301,0.00039446332544751866,0.0007742104896149049,-0.015789998812832984,-0.015789998859168028,1.0,1.0,-0.015968755252638193,-0.014586353479533649,0.0,0.0,1.0,1.0,1.0,1.0,0.0030905407088810764,0.00483852754541399,0.0,0.0,1.0,1.0
217,-0.0200413121483586,-0.01578999659996015,-0.024486795204162908,0.00920302792967513,0.3456627599375,0.3491937875372314,0.12362079953723144,0.3481285481739633,0.1258965903501763,0.005386893034187514,0.3481285481739633,0.1258965903501763,0.00863523770579241,0.3724551060063904,0.14394823834114281,0.00299739163086642,-0.010813686079993282,-0.015789998499696034,0.02559833285245542,0.17649459838867188,0.15688776969909668,0.16114306449890137,-0.01080089926235699,-0.015789998185327996,0.02553194356542889,0.17512965202331543,0.14159369468688965,0.13294458389282227,4400,0.00038558565893746197,0.0007569050803936964,-0.015789999003911995,-0.015789999038400435,1.0,1.0,-0.015980595933348475,-0.014612707449134208,0.0,0.0,1.0,1.0,1.0,1.0,0.003133442881376805,0.0048771992902499825,0.0,0.0,1.0,1.0
218,-0.02004139300474634,-0.015789996612121295,-0.02448802247496779,0.009202923480966189,0.34167562724560546,0.2569538073693848,0.03300230236938476,0.34811436664991685,0.12588621608959144,0.005387680329849246,0.34811436664991685,0.12588621608959144,0.008636581926180161,0.37243525986768816,0.14393366894663767,0.002997392444344735,-0.010816372172785253,-0.015789998503611118,0.025598005802527878,0.14207100868225098,0.1512160301208496,0.1399400234222412,-0.010816362846366025,-0.0157899984997446,0.025598005707229046,0.17882537841796875,0.1408674716949463,0.13416361808776855,4401,0.00038549486228444193,0.000756729946340647,-0.015789999008379324,-0.01578999904280929,1.0,1.0,-0.01598062103136352,-0.014612729064167006,0.0,0.0,1.0,1.0,1.0,1.0,0.0031334429526682834,0.004877199345012171,0.0,0.0,1.0,1.0
219,-0.020003683236725273,-0.015789997807872734,-0.024601026080501076,0.009192704415158464,0.3200697386347656,0.30305939419067385,0.07684818919067382,0.34780520773949863,0.12571564980901534,0.0053804997699150175,0.34780520773949863,0.12571564980901534,0.008666603781226424,0.3721121751097844,0.14370981148743933,0.002987894891190165,-0.010824715523816766,-0.01578999894410136,0.026026419320919564,0.1488332748413086,0.1499645709991455,0.14673876762390137,-0.010786665965766142,-0.015789998501844982,0.0255900346426262,0.1621098518371582,0.1622166633605957,0.17250728607177734,4500,0.0003770021843498677,0.0007400775643613827,-0.015789999224358864,-0.01578999924158692,1.0,1.0,-0.016015310055816797,-0.014667323930532088,0.0,0.0,1.0,1.0,1.0,1.0,0.003415439871748864,0.005131453947319706,0.0,0.0,1.0,1.0
220,-0.020003763115705023,-0.015789997921579643,-0.02460224179440287,0.009192602399250743,0.3319749622019043,0.263379464526001,0.038180178526000974,0.34781084153729924,0.12571881663963563,0.005381160636045072,0.34781084153729924,0.12571881663963563,0.00866691235851164,0.3721133458214899,0.1437096583849975,0.002987427056085823,-0.010827330741272324,-0.01578999897562229,0.026017231994305813,0.17409348487854004,0.1530139446258545,0.16400694847106934,-0.010827323450008416,-0.015789998944122363,0.026017232018096415,0.15483617782592773,0.16419100761413574,0.15908074378967285,4501,0.0003769188828469891,0.0007399138610945952,-0.015789999248974052,-0.015789999264899723,1.0,1.0,-0.016015313814184064,-0.014667343998614408,0.0,0.0,1.0,1.0,1.0,1.0,0.0034154398555061843,0.005131453933930838,0.0,0.0,1.0,1.0
221,-0.019984876002707694,-0.01578999800335273,-0.02458768677742077,0.00918261876234804,0.3944972570698242,0.26751141761047365,0.04345630461047363,0.3478622066966775,0.12575226745337917,0.005380586125929435,0.3478622066966775,0.12575226745337917,0.008670496495723778,0.37209912236994747,0.14368721893951097,0.002982302899855137,-0.010841420293290945,-0.01578999899674603,0.025994241704796518,0.14213871955871582,0.16866636276245117,0.17008042335510254,-0.01082270624256542,-0.015789998976262747,0.025991675709588845,0.17097020149230957,0.17242431640625,0.17543816566467285,4600,0.00036881946602547976,0.0007240055950707489,-0.0157899992733258,-0.015789999288850817,1.0,1.0,-0.016028566352186333,-0.014694510183558562,0.0,0.0,1.0,1.0,1.0,1.0,0.0034170992376169607,0.005132950343454194,0.0,0.0,1.0,1.0
222,-0.019988829594918274,-0.01578999805702216,-0.02458887922764124,0.00918251907101211,0.33497157924560544,0.2578207818065186,0.034900396806518554,0.3478785011416088,0.12576375882032503,0.005381502098004611,0.3478785011416088,0.12576375882032503,0.008669776399728352,0.37211511788021157,0.14369804515628706,0.00298275368914262,-0.01084177922400019,-0.01578999901329549,0.025998988681205808,0.16729521751403809,0.1479954719543457,0.14310741424560547,-0.010843963732569496,-0.01578999899677112,0.02599898878274984,0.1734466552734375,0.17592978477478027,0.18354153633117676,4601,0.0003687414536995095,0.0007238504408196088,-0.01578999928584213,-0.015789999300821048,1.0,1.0,-0.016027786761471922,-0.014689296814158275,0.0,0.0,1.0,1.0,1.0,1.0,0.003417099165179423,0.005132950285481958,0.0,0.0,1.0,1.0
223,-0.019938024331826027,-0.015789996973903337,-0.024545953364194944,0.009172760500561726,0.30440516155285646,0.2880605759227295,0.0635748479227295,0.3477265712951671,0.12567741111691794,0.005377230058378353,0.3477265712951671,0.12567741111691794,0.008660539836258835,0.3720542722766199,0.1436460861620184,0.0029834903739031134,-0.010784787362570838,-0.015789998625685045,0.026015134780120894,0.18147850036621094,0.17694497108459473,0.15641331672668457,-0.010744397824738957,-0.01578999901318262,0.0260294346734595,0.16890573501586914,0.17196249961853027,0.18322515487670898,4700,0.0003610038564150164,0.0007086393192235447,-0.01578999902425269,-0.01578999904850999,1.0,1.0,-0.016059907787079938,-0.014731271611315728,0.0,0.0,1.0,1.0,1.0,1.0,0.0034078578986264495,0.005124618758455765,0.0,0.0,1.0,1.0
224,-0.019938098341504965,-0.015789996881209804,-0.024547128059672588,0.009172663032579567,0.33658293996362304,0.25673495632629395,0.03569716332629395,0.34773092159854685,0.1256795537799176,0.005378106143146021,0.34773092159854685,0.1256795537799176,0.008659064248111503,0.37205760046440917,0.14364720563198846,0.0029828387169368174,-0.010786763145256839,-0.015789998607249136,0.026017038939899095,0.18305540084838867,0.17165350914001465,0.17308759689331055,-0.01078668400102091,-0.0157899986257195,0.026017038881046152,0.19164824485778809,0.1567986011505127,0.1420917510986328,4701,0.00036092873460327735,0.0007084902929564021,-0.01578999900430288,-0.015789999029745407,1.0,1.0,-0.01606136027138714,-0.014731109534958537,0.0,0.0,1.0,1.0,1.0,1.0,0.003407857943346897,0.005124618792767159,0.0,0.0,1.0,1.0
225,-0.019979996122093252,-0.015789997191030223,-0.024621050495010257,0.00916311983048381,0.33632277944030764,0.33372841537487796,0.11290818937487793,0.34799929212162073,0.12583091455804435,0.005389766435089437,0.34799929212162073,0.12583091455804435,0.008662497107967437,0.37212673750606134,0.14366010173441182,0.002969635590736739,-0.01090199764929238,-0.01578999875605035,0.025922486991856133,0.18474340438842773,0.18178486824035645,0.15063977241516113,-0.010923449248190335,-0.01578999860982365,0.025920649316012706,0.18808221817016602,0.18695545196533203,0.1852269172668457,4800,0.0003534712962528126,0.0006938761253905182,-0.01578999911423074,-0.015789999140973125,1.0,1.0,-0.016046821480634934,-0.014708471190151996,0.0,0.0,1.0,1.0,1.0,1.0,0.003409048492817762,0.005125692058036611,0.0,0.0,1.0,1.0
226,-0.01997756895606225,-0.015789997364730256,-0.024592254496195055,0.009163024491058215,0.33080038075268553,0.27958948149938967,0.052633713499389646,0.34800078726417005,0.12583029416151773,0.005391277829361388,0.34800078726417005,0.12583029416151773,0.008658543235233317,0.3721250728387186,0.14365810289933853,0.002969758716061047,-0.010897917277944449,-0.015789998815630483,0.0258274755720538,0.18221735954284668,0.15246224403381348,0.18788671493530273,-0.01089677007615562,-0.015789998756084198,0.025924130312304672,0.19101262092590332,0.17014193534851074,0.1895899772644043,4801,0.00035339876277104684,0.0006937344516435558,-0.015789999144847397,-0.01578999916894527,1.0,1.0,-0.01604729053257715,-0.014709463829792147,0.0,0.0,1.0,1.0,1.0,1.0,0.003346441447090519,0.005069244984535046,0.0,0.0,1.0,1.0
227,-0.01997056165576661,-0.0157899983015091,-0.024582872539767067,0.009153687568179095,0.3406050617211914,0.27490442547644045,0.05062418647644043,0.3478976096758019,0.12575155138914526,0.005415749991726431,0.3478976096758019,0.12575155138914526,0.008659460426423102,0.3719493593935482,0.14351865666938624,0.0029665507513325913,-0.010913009091832536,-0.01578999902946461,0.025736230825128624,0.18683385848999023,0.19466781616210938,0.18138408660888672,-0.010900734812859948,-0.015789998816759975,0.02588118945419356,0.19398117065429688,0.19370317459106445,0.18390607833862305,4900,0.00034625554438935376,0.0006797181138234204,-0.01578999933555367,-0.01578999934733091,1.0,1.0,-0.016067703603923452,-0.014740500686440504,0.0,0.0,1.0,1.0,1.0,1.0,0.003252675346505364,0.004984703859477921,0.0,0.0,1.0,1.0
228,-0.0199706331950309,-0.01578999845704115,-0.02459832303920711,0.009153594268403845,0.32548764401062014,0.3171971924676514,0.09175299746765136,0.34790474832876517,0.1257553593541754,0.005410428358979274,0.34790474832876517,0.1257553593541754,0.0086617149086861,0.3719551717952159,0.14352193182133424,0.0029662033446626024,-0.010915383282306915,-0.015789999065487094,0.02583961293472757,0.18790149688720703,0.17887020111083984,0.18795132637023926,-0.010915379039835645,-0.015789999029481555,0.025727922196233516,0.20132875442504883,0.19318795204162598,0.18501520156860352,4901,0.00034618450809378897,0.0006795808972012885,-0.015789999369840265,-0.015789999379905727,1.0,1.0,-0.016067735171116624,-0.014740511544480348,0.0,0.0,1.0,1.0,1.0,1.0,0.0033249363424554257,0.005049856888158997,0.0,0.0,1.0,1.0
229,-0.01994901822801611,-0.015789998599150364,-0.02459266754405044,0.009144455094811236,0.3068867110665283,0.2775218319902344,0.056251160990234375,0.34790295867889415,0.12575459656701438,0.005415957899412144,0.34790295867889415,0.12575459656701438,0.008654809379297931,0.37186450643498276,0.14345173977490727,0.0029633017552120485,-0.010931590473813181,-0.015789999084254283,0.02573754382853879,0.19989371299743652,0.2012767791748047,0.17558765411376953,-0.010918238692675206,-0.01578999906551984,0.025764116387004037,0.2057037353515625,0.18071484565734863,0.20142841339111328,5000,0.00033933268863578476,0.0006661308960250754,-0.015789999395281654,-0.01578999940288346,1.0,1.0,-0.016081784372667256,-0.01475069683549675,0.0,0.0,1.0,1.0,1.0,1.0,0.0033077107406923258,0.005034326393454145,0.0,0.0,1.0,1.0
230,-0.038241148521778685,-0.03824114852178562,-0.059021329010566566,0.009226808345905883,0.08319488238024902,0.081937705,0.00355081,4.214684851089404e-09,3.925307347207741e-34,5.946576881127129e-21,4.214684851089404e-09,3.925307347207741e-34,5.46364163402521e-30,4.214684851089404e-09,3.925307347207741e-34,5.946576881179208e-21,-0.038241149889161524,-0.038241149889165604,-0.024180803352323678,0.0002799034118652344,0.00020551681518554688,0.0002465248107910156,0.0,0.0,0.0,4.00543212890625e-05,3.123283386230469e-05,3.075599670410156e-05,0,0.09673208969034247,5.087574663636962e-09,0.04761743926544206,0.045566644742181646,0.0,0.0,0.04761743926538343,0.04556664474213749,0.0,0.0,0.0,0.0,0.0,0.0,0.10633438687703257,0.09270982974730636,0.0,0.0,0.0,0.0
231,-0.038024316321359254,-0.038024316321359185,-0.05256779704209447,0.00914307826761828,0.09517777522619629,0.094461904,0.004233773,3.512237375907836e-09,2.724406216584032e-34,7.544637872612864e-20,3.512237375907836e-09,2.724406216584032e-34,2.4604040635270676e-19,3.512237375907836e-09,3.2710894560064505e-34,1.4344462218793964e-20,-0.03802431819184778,-0.03802431819184779,-0.03008418664511195,0.00030803680419921875,0.0002155303955078125,0.00028586387634277344,-0.03213314883623468,-0.03213314883620045,0.01850449007920292,0.0002353191375732422,0.0002288818359375,0.0002110004425048828,1,0.14532738395660869,0.11516027344679683,0.038591646180106506,0.03801909620667719,0.0,0.0,0.038591646180108394,0.038019096206677344,0.0,0.0,0.0,0.0,0.0,0.0,0.06284696229136792,0.058534607976122144,0.0,0.0,0.0,0.0
232,-0.02714043714327448,-0.027140437143276346,-0.04153968636834597,0.008959584598407623,0.15997243513549805,0.160824119,0.005882494,3.2549530702979497e-09,4.001869498328704e-34,7.631079849740154e-20,3.2549530702979497e-09,4.001869498328704e-34,8.028901654805017e-20,3.169333872485649e-09,2.1807263040043002e-34,6.006254786797672e-20,-0.027140437949274444,-0.02714043794927582,-0.022508610611327504,0.0003936290740966797,0.00027561187744140625,0.00034332275390625,0.019450497687424628,0.019450497687422005,0.037777427749385736,0.0002551078796386719,0.00023126602172851562,0.0002570152282714844,4,0.12941442336844844,0.14966186306789303,0.003142661498913356,0.003658861344983448,0.0,0.0,0.0031426614989050567,0.0036588613449736714,0.0,0.0,0.0,0.0,0.0,0.0,0.017921771559610476,0.017611760838877,0.0,0.0,0.0,0.0
233,-0.018858906948017923,-0.01885890694801338,-0.031295219504210596,0.008912509381337455,0.19931594331799316,0.201942695,0.00617629,2.1843997035757727e-09,4.79999710175842e-34,1.2985413484864597e-19,2.1843997035757727e-09,4.79999710175842e-34,2.1978993563058135e-19,2.852400485237085e-09,1.9626536736038704e-34,8.830404361503751e-20,-0.018858908840115693,-0.01885890884011363,-0.012328956517665333,0.00039005279541015625,0.00025272369384765625,0.000339508056640625,-0.010613981455842351,-0.010613981455842143,-0.0028425901158473446,0.0002810955047607422,0.0002796649932861328,0.00027751922607421875,5,0.12335278873514659,0.1491052879594561,-0.009983380413380271,-0.00787974077207068,0.0,0.0,-0.009983380413357284,-0.007879740772060493,0.0,0.0,0.0,0.0,0.0,0.0,-0.0061541701172426015,-0.002191747294603317,0.0,0.0,0.0,0.0
234,-0.019086531961738682,-0.01908653196173869,-0.03123088428146777,0.008763823010879643,0.2726716217628174,0.289051067,0.007448641,3.3772764540949202e-09,4.406730350141752e-34,1.5422485844696366e-19,3.3772764540949202e-09,4.406730350141752e-34,2.089478994753782e-19,3.8544198695672866e-09,1.4018954811456217e-34,7.174169657744564e-20,-0.019086533817777307,-0.019086533817777307,-0.013151409423435269,0.0004737377166748047,0.0003859996795654297,0.00046443939208984375,-0.015460670260445827,-0.01546067026037266,-0.011190422772590084,0.00039577484130859375,0.0003762245178222656,0.00036334991455078125,9,0.09615648778258705,0.12587280846198062,-0.011481608258159325,-0.010095219666246743,0.0,0.0,-0.011481608258159345,-0.010095219666246729,0.0,0.0,0.0,0.0,0.0,0.0,-0.006273220832691448,-0.0038367120226141193,0.0,0.0,0.0,0.0
235,-0.019213014999958655,-0.019213014999954914,-0.031230884304637656,0.0087336430301603,0.30992022247973633,0.303737879,0.007354832,4.299906020111034e-09,4.591378445898143e-34,1.0764219767474107e-19,4.299906020111034e-09,4.591378445898143e-34,1.9501803960869948e-19,3.5974585449294673e-09,1.3084357824025801e-34,6.876794708445828e-20,-0.019213016925323338,-0.019213016925321666,-0.013177217772286337,0.0005059242248535156,0.00040602684020996094,0.0004916191101074219,-0.01900198434408291,-0.01900198434408293,-0.013177217769660497,0.0004146099090576172,0.0003991127014160156,0.00040149688720703125,10,0.08923661240053597,0.1224636267530248,-0.011543248140225107,-0.010172373009803502,0.0,0.0,-0.011543248140216553,-0.01017237300979533,0.0,0.0,0.0,0.0,0.0,0.0,-0.006273220834662019,-0.003836712016776137,0.0,0.0,0.0,0.0
236,-0.019716987828012175,-0.018238981643648188,-0.03181340417415389,0.008631023914792422,0.33106318263745116,0.33057682043786624,0.01008596243786621,0.0657555288278873,0.013850269067622621,0.0007593163416204667,0.0657555288278873,0.013850269067622621,0.0008274700825217637,0.07732539835696468,0.01942704092359251,0.000967972181833958,-0.017645024633421207,-0.017752052372392933,-0.014001244383782151,0.00063323974609375,0.0005183219909667969,0.0005781650543212891,-0.01841676706413115,-0.01841676706413042,-0.01324748362560402,0.0004591941833496094,0.0005233287811279297,0.0005147457122802734,14,0.06884057828552023,0.10612619886661803,-0.011148747913383246,-0.010447037001842263,0.0,0.0,-0.012224480740619457,-0.010792341785969876,0.0,0.0,0.0,0.0,0.0,0.0,-0.009208610522208583,-0.007399039969171458,0.0,0.0,0.0,0.0
237,-0.019770117136572438,-0.01833287687081778,-0.032152176250472,0.008608916593317348,0.3220439259014893,0.3454960930543213,0.01063127905432129,0.07753629059075044,0.017452740856441763,0.0005416865677253496,0.07753629059075044,0.017452740856441763,0.0005730151766198642,0.08904509998139198,0.020884914198828205,0.0009865606728759048,-0.018153890893873446,-0.017196316546793954,-0.0157837170319138,0.0006327629089355469,0.0005476474761962891,0.0006160736083984375,-0.017812449830034587,-0.017957942488025028,-0.014191829281454262,0.0004951953887939453,0.0005476474761962891,0.0005023479461669922,15,0.0651776964062791,0.11639511078522605,-0.013680848670364884,-0.011287005089814273,0.0,0.0,-0.012009624844435246,-0.010589199858506558,0.0,0.0,0.0,0.0,0.0,0.0,-0.008046274189289212,-0.005713856527257904,0.0,0.0,0.0,0.0
238,-0.019074298085754175,-0.019386179795259913,-0.03493552779789915,0.008530793667891055,0.33629023723303225,0.3308743099362793,0.010038611936279297,0.1222325212484529,0.031054727210585147,0.001233967322607122,0.1222325212484529,0.031054727210585147,0.0022899210320969535,0.13334622455234904,0.03768432104314928,0.0017940139170600589,-0.017007157353215493,-0.016811921871328992,-0.010197609886199333,0.0007469654083251953,0.0006451606750488281,0.0006930828094482422,-0.015976878285643627,-0.015487812915253422,-0.013021677101075112,0.0006487369537353516,0.0006422996520996094,0.0006282329559326172,19,0.05411570981796654,0.11288737328716984,-0.01204303024975425,-0.011724468653245888,0.0,0.0,-0.013050734838542173,-0.01242983804503487,0.0,0.0,1.0,1.0,0.0,0.0,-0.0039380732690446054,-0.007778286523477147,0.0,0.0,0.0,0.0
239,-0.018296750911105532,-0.018237042560078392,-0.029403738942454283,0.008513399225207847,0.30004010180749513,0.31316911449694823,0.010494768496948243,0.13288640913406882,0.035083561875360825,0.0012838473750776801,0.13288640913406882,0.035083561875360825,0.0019433269480964943,0.1399164366048061,0.0398519817847419,0.0017766861743807318,-0.016299324352189976,-0.016009359283622154,-0.0079118647985397,0.0007407665252685547,0.0006656646728515625,0.0007336139678955078,-0.01474787302239858,-0.01459899518671047,-0.0063669414000318315,0.0006651878356933594,0.0006654262542724609,0.0006589889526367188,20,0.051864924014083616,0.12608659884750986,-0.014829875886384673,-0.014027147393101892,0.0,0.0,-0.014891864239314911,-0.013709531423260781,0.0,0.0,1.0,1.0,1.0,1.0,-0.013044694421306274,-0.010443650274824084,0.0,0.0,0.0,0.0
240,-0.01578999831898332,-0.015789994751965082,-0.02648956345215398,0.007923928261578266,0.28794204929711914,0.25242322632580566,0.009945051325805664,0.3132349025703002,0.1018574721609714,0.004021659852911703,0.3132349025703002,0.1018574721609714,0.0063287757357415545,0.3097061555638743,0.11045594242915703,0.004246005704152207,-0.015789994118671692,-0.015789993043157976,0.0007486055439171295,0.002537965774536133,0.002518177032470703,0.0024716854095458984,-0.009797096166298067,-0.009915203120680168,-0.0005002653048105585,0.0024662017822265625,0.002538442611694336,0.0024399757385253906,100,0.012985060922474437,0.03205017842585742,-0.01579000358715879,-0.015790002654915897,1.0,1.0,-0.0157900047836662,-0.01579000324483881,1.0,1.0,1.0,1.0,1.0,1.0,-0.008711072632442241,-0.00897017703179395,0.0,0.0,1.0,1.0
241,-0.01578999930749675,-0.0157899994753051,-0.0268751710586986,0.0079201737070048,0.32036716648095703,0.2803056477401123,0.008161743740112304,0.31425699698531384,0.10251590092042025,0.004031896365418725,0.31425699698531384,0.10251590092042025,0.006265788873012372,0.31064680065813677,0.11094396817312206,0.004243305521860656,-0.01578999676692423,-0.015789999387243726,0.0013182404591015814,0.002536296844482422,0.002536773681640625,0.0024747848510742188,-0.01578999422731219,-0.015789993135583928,0.0007088323730748101,0.0025217533111572266,0.002489328384399414,0.0024480819702148438,101,0.012865779554634733,0.03174395447154192,-0.015789999834220924,-0.015789999792898187,1.0,1.0,-0.01579000273452128,-0.01579000184453232,1.0,1.0,1.0,1.0,1.0,1.0,-0.00805065870645345,-0.009022055161619906,0.0,0.0,1.0,1.0
242,-0.015789999194040085,-0.01578999526739734,-0.025735421928306253,0.007663237878912504,0.3071531595682373,0.25191957659411623,0.00784059759411621,0.3348957130733056,0.11595898668810488,0.004896448286902102,0.3348957130733056,0.11595898668810488,0.006224362080376322,0.33671503399020253,0.12430129924570042,0.0049364211614449,-0.01578999828163905,-0.01578999265191815,0.0035866325333103397,0.0048520565032958984,0.004982948303222656,0.004843711853027344,-0.015789996686934406,-0.015789999392277605,0.004621407818329495,0.0048944950103759766,0.004930973052978516,0.0046308040618896484,200,0.007523865881807768,0.016278299687716435,-0.0157900076246678,-0.015790006525402585,1.0,1.0,-0.015790001564688592,-0.015790001205775898,1.0,1.0,1.0,1.0,1.0,1.0,-0.007067208921992467,-0.008303141075487302,0.0,0.0,1.0,1.0
243,-0.01578999934343265,-0.01578999730069061,-0.025495227400083403,0.007661373567281008,0.3081874262076416,0.250144726085083,0.007869286085083008,0.3347450084647576,0.11584742770201266,0.00488340319086359,0.3347450084647576,0.11584742770201266,0.006219251647236764,0.33655636253289495,0.12415227898698902,0.004923908486360585,-0.015789998839223572,-0.01578999596583665,0.0038797240681494385,0.004814624786376953,0.004893302917480469,0.0047566890716552734,-0.0157899982119722,-0.015789992395246737,0.0038484607465804344,0.004859447479248047,0.004985809326171875,0.004715919494628906,201,0.007487569212699918,0.016198689922658858,-0.01579000356106831,-0.01579000299188589,1.0,1.0,-0.01579000070128167,-0.01579000050062551,1.0,1.0,1.0,1.0,1.0,1.0,-0.007126710497428118,-0.008362654582019435,0.0,0.0,1.0,1.0
244,-0.015789999554710294,-0.01578999924880415,-0.024997129647489194,0.007512509047326845,0.29562728054309084,0.2643122351044922,0.009392952104492189,0.344581456070179,0.12280638766611995,0.004897397575012683,0.344581456070179,0.12280638766611995,0.007736878028983669,0.34657836463214065,0.12947731737382803,0.0049560485625600136,-0.01578999950449138,-0.015789999208620262,0.013033087642981618,0.007258415222167969,0.0070934295654296875,0.0070569515228271484,-0.015789999041907744,-0.015789996781296268,0.0034813528797280127,0.007514238357543945,0.007337808609008789,0.007150411605834961,300,0.0050621448903542055,0.010903545533030029,-0.01579000025069717,-0.015790000180009624,1.0,1.0,-0.015789999940790233,-0.015789999892108532,1.0,1.0,1.0,1.0,1.0,1.0,-0.003006891511666949,0.000756799121552701,0.0,0.0,1.0,1.0
245,-0.015789999340829416,-0.015789993639817264,-0.024997131208179157,0.007511279603625374,0.2779715850085449,0.2503901489416504,0.00978648694165039,0.3447997846676239,0.12295716590430379,0.004934935112142235,0.3447997846676239,0.12295716590430379,0.007773576711450647,0.3467414637869107,0.12962109150907872,0.005007183792857674,-0.015789999069345202,-0.01578999209074812,0.013259118967531281,0.0070841312408447266,0.007342338562011719,0.007017612457275391,-0.015789999505950916,-0.015789999211864348,0.013259109064025061,0.007340192794799805,0.00739288330078125,0.007088899612426758,301,0.005045670932161155,0.01086775106898581,-0.015790010590379912,-0.01579000926144789,1.0,1.0,-0.015790000692509402,-0.015790000522765413,1.0,1.0,1.0,1.0,1.0,1.0,-0.0030068868508757785,0.0007568054787322045,0.0,0.0,1.0,1.0
246,-0.01578999500787776,-0.01578999955171375,-0.02627400616452399,0.007406742541654819,0.28177640001293947,0.26472606681872557,0.009209671818725586,0.3467896423942541,0.12421294161463185,0.0051336132343850855,0.3467896423942541,0.12421294161463185,0.011216706618405453,0.35543435477510826,0.1354421795075458,0.005271652284957026,-0.015789991755452235,-0.01578999956914435,0.032965227589290054,0.009911298751831055,0.009906768798828125,0.009670257568359375,-0.015789999111899402,-0.01578999253452072,0.012471145055887537,0.010038375854492188,0.00982975959777832,0.009501218795776367,400,0.003919659965069807,0.008193153006403088,-0.015789999755119192,-0.015789999748007637,1.0,1.0,-0.01579001401689454,-0.015790012634205854,1.0,1.0,1.0,1.0,1.0,1.0,0.012452583437427521,0.0116513863836312,0.0,0.0,1.0,1.0
247,-0.015789999543782553,-0.01578999954949199,-0.026276494739662325,0.0074058293123488855,0.28141102717456057,0.2637717172541504,0.00840113925415039,0.346670854646494,0.12412600991743604,0.005123294427587317,0.346670854646494,0.12412600991743604,0.011199056564470226,0.3552967257895156,0.13533041569705898,0.005260051714597403,-0.01578999950535265,-0.015789999567784076,0.03285365184115622,0.009795904159545898,0.009709358215332031,0.009578466415405273,-0.0157899918109036,-0.015789999569615205,0.03285365176715804,0.009661674499511719,0.009882450103759766,0.009388923645019531,401,0.003909735372821448,0.008172600302601278,-0.015789999758092234,-0.015789999750795224,1.0,1.0,-0.015789999928042198,-0.015789999900048802,1.0,1.0,1.0,1.0,1.0,1.0,0.012452583479871446,0.011651386422928747,0.0,0.0,1.0,1.0
248,-0.015789999040566893,-0.015789996230373984,-0.02595019718446585,0.007325468936803565,0.2837683256315918,0.24954973876672362,0.010319302766723633,0.3495688684695248,0.12603303405722568,0.005175427226110288,0.3495688684695248,0.12603303405722568,0.011148908018816182,0.36018607426841326,0.13821882856351414,0.0053924705997690815,-0.015789998994871157,-0.015789996931798216,0.0318425657369378,0.012268304824829102,0.01215052604675293,0.011791706085205078,-0.015789999524713362,-0.015789999577160114,0.032891319020561006,0.012345314025878906,0.012160539627075195,0.011799097061157227,500,0.003141361839848745,0.006566217322761527,-0.0157900034075158,-0.015790003205318134,1.0,1.0,-0.01579000102894874,-0.015790000914671986,1.0,1.0,1.0,1.0,1.0,1.0,0.011831809872361048,0.010975909551017397,0.0,0.0,1.0,1.0
249,-0.015789999120033746,-0.01578999520896862,-0.02595172133826308,0.007324744395849144,0.2838646357976074,0.2536552069803467,0.00938042698034668,0.3496737844485884,0.12610483326744998,0.005173784163334062,0.3496737844485884,0.12610483326744998,0.011142582725935336,0.36040648501163774,0.13838080224392407,0.005382562968739155,-0.015789999072398146,-0.01578999609750734,0.031911698899360214,0.012117862701416016,0.012369155883789062,0.012084484100341797,-0.015789998998863262,-0.01578999694355528,0.03191169961147183,0.012398958206176758,0.012226343154907227,0.012023210525512695,501,0.0031353398579036344,0.0065533861450064925,-0.015790004614268098,-0.015790004345064522,1.0,1.0,-0.015790000852696176,-0.01579000075289914,1.0,1.0,1.0,1.0,1.0,1.0,0.01183180947739277,0.01097590916145177,0.0,0.0,1.0,1.0
250,-0.015789998670102036,-0.015789999501587895,-0.02401205198949469,0.007259592298965195,0.28223503064880373,0.24717599148999023,0.024072112489990236,0.34945916779075076,0.12616141599859557,0.00537992974488003,0.34945916779075076,0.12616141599859557,0.007230997303701344,0.36203341656352506,0.13905647645560035,0.005495229615629503,-0.015789998897647838,-0.015789999582382166,0.015033102262211169,0.014530658721923828,0.014599323272705078,0.014421701431274414,-0.015789998902944906,-0.015789995285732543,0.03352131583757015,0.014777421951293945,0.01508951187133789,0.014529705047607422,600,0.0026225995138822356,0.005493639490395609,-0.015789999640633517,-0.015789999645336793,1.0,1.0,-0.015790000792459277,-0.015790000762286954,1.0,1.0,1.0,1.0,1.0,1.0,0.0015954240040399854,-0.00019634455541976562,0.0,0.0,1.0,1.0
251,-0.01578999777134241,-0.01578999937254863,-0.02402184085072184,0.007258992852704113,0.2793473364926758,0.2291669302487793,0.011638811248779298,0.34955574174088666,0.1262291610807303,0.005378910725876715,0.34955574174088666,0.1262291610807303,0.00722755344069123,0.3621713656765483,0.13915143064864952,0.005504646590815073,-0.015789998196984366,-0.015789999535215506,0.014985827270248733,0.014879465103149414,0.014893293380737305,0.014618873596191406,-0.01578999890067059,-0.015789999582447124,0.01503264396316125,0.015204429626464844,0.014770030975341797,0.014801025390625,601,0.002618343487888079,0.005484681389891955,-0.015789999626024422,-0.01578999963488254,1.0,1.0,-0.015790001819481717,-0.01579000176239064,1.0,1.0,1.0,1.0,1.0,1.0,0.0015523165164520875,-0.00023496070630398143,0.0,0.0,1.0,1.0
252,-0.01578999595759452,-0.015789999418106673,-0.023913845744363012,0.007204279344403992,0.26894109237805175,0.24933822394067381,0.015452775940673829,0.34941115568517,0.12618794218407295,0.005432857136882484,0.34941115568517,0.12618794218407295,0.008973853540136351,0.36309416560901236,0.13976200596999883,0.005677050883172945,-0.01578999626900857,-0.01578999955452865,0.033330656118558476,0.017264127731323242,0.017467021942138672,0.016841650009155273,-0.015789998251738005,-0.01578999953677266,0.014639738772497482,0.01715683937072754,0.01757216453552246,0.01698613166809082,700,0.002248906818723398,0.00471118400655156,-0.015789999636618673,-0.01578999964394897,1.0,1.0,-0.015790005108922704,-0.01579000487453912,1.0,1.0,1.0,1.0,1.0,1.0,0.010921507343007213,0.01194433732309541,0.0,0.0,1.0,1.0
253,-0.015789995276264582,-0.015789997619279038,-0.023931772505120144,0.007203768782726692,0.2730599508358154,0.24037073961779784,0.012412640617797852,0.3494900645442447,0.12624263796079038,0.0054428876857609484,0.3494900645442447,0.12624263796079038,0.008969883165002891,0.36319326676037567,0.13982795478553894,0.005682458029440207,-0.01578999587308224,-0.015789998767091168,0.03345616087743065,0.01700568199157715,0.01693892478942871,0.016706466674804688,-0.01578999628097285,-0.01578999955460502,0.033358529854312514,0.017450571060180664,0.017046689987182617,0.016551971435546875,701,0.0022457125875033302,0.004704517517101597,-0.01578999970125112,-0.01578999976853987,1.0,1.0,-0.015790005722244517,-0.015790005465881173,1.0,1.0,1.0,1.0,1.0,1.0,0.010999588183923499,0.012011263775806039,0.0,0.0,1.0,1.0
254,-0.015789999499960055,-0.015789998314224195,-0.024384212695748867,0.0071566570474013115,0.2637845560042725,0.2399039308430176,0.01769956084301758,0.34862810261312954,0.12578684935204468,0.005343142943928146,0.34862810261312954,0.12578684935204468,0.008906440480673536,0.3628898284335643,0.13953747328988308,0.005608057826673493,-0.015789999572582068,-0.015789999112574775,0.028781768450737745,0.02021646499633789,0.02028512954711914,0.019764184951782227,-0.015789995650177916,-0.01578999875572562,0.032772473797670586,0.02019333839416504,0.02015066146850586,0.019658803939819336,800,0.001967614429743275,0.00412341956187097,-0.01578999957375267,-0.015789999622974876,1.0,1.0,-0.01578999976458538,-0.015789999761030727,1.0,1.0,1.0,1.0,1.0,1.0,0.007910246382610609,0.009259334432586652,0.0,0.0,1.0,1.0
255,-0.015789999450776283,-0.015789997468919934,-0.02439482110553113,0.007156212824195064,0.25683487567407226,0.2321045288496094,0.011746990849609375,0.3486693737150522,0.1258119032625912,0.0053421959296071075,0.3486693737150522,0.1258119032625912,0.008906282344781375,0.3629343753892169,0.13956350169115364,0.005602560536761358,-0.01578999952514868,-0.0157899987146051,0.028724251574597036,0.01990532875061035,0.019491910934448242,0.019627094268798828,-0.015789999572826723,-0.015789999112912362,0.02872425150541448,0.02048349380493164,0.020203828811645508,0.01976799964904785,801,0.001965162243242381,0.004118280311837424,-0.015789999596121995,-0.01578999967652974,1.0,1.0,-0.015789999824501414,-0.01578999981886813,1.0,1.0,1.0,1.0,1.0,1.0,0.007910246422542575,0.009259334472127597,0.0,0.0,1.0,1.0
256,-0.015789997238839712,-0.01578999765413369,-0.02427118429538984,0.007114879859025705,0.25541621077038573,0.2372553296751709,0.016532914675170898,0.349049277567934,0.12615412164369247,0.005363731133952298,0.349049277567934,0.12615412164369247,0.008886661590437037,0.363837605185412,0.14007768935073334,0.005591096733064397,-0.015789998183321666,-0.015789998874715338,0.02639708158327561,0.022677183151245117,0.022244691848754883,0.0225374698638916,-0.01578999953214578,-0.015789998736046758,0.028353349036058503,0.023115158081054688,0.023302793502807617,0.022676467895507812,900,0.001749541415843111,0.0036689225478149724,-0.01578999964129528,-0.015789999710417963,1.0,1.0,-0.015790002027858546,-0.015790001924287714,1.0,1.0,1.0,1.0,1.0,1.0,0.006443453553049299,0.007907381806408794,0.0,0.0,1.0,1.0
257,-0.01578999732005428,-0.015789997707389786,-0.024279734860564416,0.007114486999602701,0.25088738497131347,0.2378645500854492,0.011831936085449218,0.34911868405897656,0.1262021801892366,0.005369568297076188,0.34911868405897656,0.1262021801892366,0.008888667699050232,0.3638994055409795,0.14011638980883714,0.00559501893365237,-0.01578999824323993,-0.01578999889741004,0.026451522709122335,0.022516250610351562,0.02283620834350586,0.022306203842163086,-0.015789998187279157,-0.01578999887520424,0.02645152276980583,0.02315998077392578,0.023131847381591797,0.022524118423461914,901,0.001747637127543599,0.0036648941346642057,-0.01578999965975252,-0.015789999725054158,1.0,1.0,-0.01579000194966238,-0.015790001849508614,1.0,1.0,1.0,1.0,1.0,1.0,0.006443453518031497,0.007907381772326803,0.0,0.0,1.0,1.0
258,-0.015789997844762284,-0.01578999460932183,-0.023782414103267875,0.00707769260946143,0.24258003137036133,0.25176366393640137,0.018369942936401366,0.3491135181364249,0.1262176595422834,0.005362694399732117,0.3491135181364249,0.1262176595422834,0.008798282816724077,0.3646223134798544,0.14050209167970582,0.005595819785547567,-0.015789998680211102,-0.01578999740559531,0.026391224795727142,0.0249481201171875,0.02511453628540039,0.024876832962036133,-0.015789998051599717,-0.015789998863137908,0.027108912723447634,0.025460481643676758,0.025898456573486328,0.025111675262451172,1000,0.0015760256963518818,0.0033044556292116845,-0.015789999558268746,-0.015789999796868567,1.0,1.0,-0.015790000950758987,-0.01579000091476201,1.0,1.0,1.0,1.0,1.0,1.0,0.005923150396133494,0.007427873661067075,0.0,0.0,1.0,1.0
259,-0.015789997591225683,-0.0157899918760311,-0.023699283474796096,0.007077340669271411,0.24618682467077638,0.23434156950378418,0.012294115503784179,0.34904091205113097,0.12616843924885787,0.005358725690553438,0.34904091205113097,0.12616843924885787,0.00879203731230772,0.3645366412755718,0.14044083712658645,0.005591967502459007,-0.01578999856478868,-0.015789996260155578,0.02643900103774207,0.025288820266723633,0.025409221649169922,0.024667024612426758,-0.01578999867978999,-0.015789997406883624,0.02643900107546853,0.025290727615356445,0.024959087371826172,0.024744749069213867,1001,0.0015744911668416001,0.0033011971416643,-0.015789999364280913,-0.015789999711118215,1.0,1.0,-0.015790001115816507,-0.01579000106597481,1.0,1.0,1.0,1.0,1.0,1.0,0.0059231503759628054,0.0074278736387005636,0.0,0.0,1.0,1.0
260,-0.015789998125129715,-0.01578999951867977,-0.024012610601337577,0.007044203374926476,0.24621934286437988,0.24926382340942382,0.022258821409423826,0.3502815959762355,0.12698522461775869,0.005422977267755403,0.3502815959762355,0.12698522461775869,0.008823851490807838,0.3664672087178939,0.141672481460477,0.005702902428609703,-0.01578999885373433,-0.015789999597731124,0.025274292025183914,0.028271913528442383,0.02839970588684082,0.027695894241333008,-0.015789998641129913,-0.015789996305977595,0.02564281730379278,0.028064966201782227,0.028395652770996094,0.027517318725585938,1100,0.001433379495935609,0.003006329129492955,-0.01578999964705298,-0.01578999965143093,1.0,1.0,-0.015790000870764508,-0.015790000819354298,1.0,1.0,1.0,1.0,1.0,1.0,0.005650860051114066,0.007177193506935007,0.0,0.0,1.0,1.0
261,-0.01578999650539614,-0.015789990686836244,-0.02404429386019999,0.007043884784037349,0.2478363102385254,0.2337888310012207,0.013488247001220702,0.3502877982837123,0.12698593244937095,0.005435174951890604,0.3502877982837123,0.12698593244937095,0.008831623703706859,0.3664561969265254,0.14165662122068173,0.005719709340384417,-0.015789997971129222,-0.015789996317079242,0.025589254746740925,0.028484344482421875,0.028528451919555664,0.027432918548583984,-0.015789998855363807,-0.01578999959776336,0.02523596627893261,0.028301715850830078,0.028309106826782227,0.027504682540893555,1101,0.0014321220597910867,0.0030036455141613403,-0.015790000271961587,-0.015790000578472553,1.0,1.0,-0.01579000228405968,-0.01579000217053137,1.0,1.0,1.0,1.0,1.0,1.0,0.005912153890657448,0.0074177496614207675,0.0,0.0,1.0,1.0
262,-0.01578999793316936,-0.015789998794701072,-0.02400835329139522,0.007013755909891786,0.2309192164654541,0.25928112169104,0.03107411269104004,0.3500929695985041,0.12682517870685972,0.00538512394831465,0.3500929695985041,0.12682517870685972,0.00874980525944737,0.36669321481454425,0.1417001638261183,0.005688583772886618,-0.015789998808632553,-0.015789999342466336,0.023724861086005126,0.031148672103881836,0.03115105628967285,0.03002619743347168,-0.015789997953973636,-0.015789996304343655,0.025559903406659902,0.031102895736694336,0.031046628952026367,0.03082728385925293,1200,0.001314127265985937,0.002758795077137214,-0.01578999987577901,-0.015789999871271256,1.0,1.0,-0.015790000848427063,-0.0157900007865754,1.0,1.0,1.0,1.0,1.0,1.0,0.004553920774697247,0.006167313427819969,0.0,0.0,1.0,1.0
263,-0.0157899979376823,-0.015789998754310464,-0.02401400001466698,0.007013465009399839,0.24124008183581544,0.24565992415563964,0.01332547715563965,0.35014280591096575,0.1268593886804359,0.00538553836436239,0.35014280591096575,0.1268593886804359,0.008743028299449396,0.3667339229548077,0.14172623860053674,0.005689141897549212,-0.01578999880984506,-0.015789999337070208,0.02371616600109965,0.031122446060180664,0.030565977096557617,0.0297243595123291,-0.015789998810127586,-0.015789999342822506,0.023716166077399868,0.03031778335571289,0.030819416046142578,0.030327320098876953,1201,0.0013130295565142887,0.0027564973965734712,-0.0157899998980454,-0.015789999891111427,1.0,1.0,-0.01579000084496933,-0.015790000783333903,1.0,1.0,1.0,1.0,1.0,1.0,0.004553920716611852,0.006167313384426791,0.0,0.0,1.0,1.0
264,-0.015789997266932386,-0.015789998523058426,-0.024030721327409677,0.006999791808249671,0.24808579470361328,0.24908797398046875,0.01355291898046875,0.3498547102574576,0.12671310924164672,0.005415676173018112,0.3498547102574576,0.12671310924164672,0.008721984078041567,0.3666187201780798,0.14164103124699512,0.005702403297325048,-0.015789998587641234,-0.015789999241677028,0.0234863468320608,0.03244924545288086,0.03273582458496094,0.03153038024902344,-0.015789998781158613,-0.01578999932922985,0.023743445447714822,0.03270912170410156,0.03284597396850586,0.031618595123291016,1249,0.0012627180173135934,0.002650775255874477,-0.015789999872602923,-0.015789999883412512,1.0,1.0,-0.01579000107103123,-0.015790001001520653,1.0,1.0,1.0,1.0,1.0,1.0,0.004363723331979003,0.005993193052396153,0.0,0.0,1.0,1.0
265,-0.015789997993204418,-0.01578999848595485,-0.024061192324729492,0.006999512826476571,0.24493032787451172,0.25287641318481446,0.013600813184814453,0.34985842685989926,0.12671257509918132,0.005414565603984601,0.34985842685989926,0.12671257509918132,0.00872909086132774,0.3666157659131167,0.14163090601924602,0.0056991852285874275,-0.01578999880818255,-0.015789999238762075,0.023759344847337355,0.03162050247192383,0.03235459327697754,0.03225827217102051,-0.015789998589373806,-0.015789999242068916,0.023454060967849535,0.03386878967285156,0.03324723243713379,0.03268933296203613,1250,0.001261731092554488,0.0026486793027986695,-0.015789999900989723,-0.015789999907431088,1.0,1.0,-0.01579000087899962,-0.015790000806383507,1.0,1.0,1.0,1.0,1.0,1.0,0.0045897679013065795,0.006200316261427965,0.0,0.0,1.0,1.0
266,-0.01578999674726851,-0.015789994882638676,-0.02453663569633128,0.006985853509458171,0.23650809202392578,0.2478660369215088,0.01928264292150879,0.34966078519938176,0.12659505237813864,0.005431141205597258,0.34966078519938176,0.12659505237813864,0.00878839151341216,0.36639419363991643,0.14143032721935453,0.005700255364769232,-0.015789998207787932,-0.01578999776187396,0.023409630238413623,0.03341245651245117,0.033551931381225586,0.03246164321899414,-0.015789998809236785,-0.015789999240313553,0.023432390265289038,0.03340864181518555,0.033806562423706055,0.03258180618286133,1300,0.0012131107930124763,0.002546859421857732,-0.015790000395220393,-0.01579000046108011,1.0,1.0,-0.01579000183865825,-0.01579000169439437,1.0,1.0,1.0,1.0,1.0,1.0,0.004572765297338453,0.006184661452806234,0.0,0.0,1.0,1.0
267,-0.015789996868969022,-0.015789994738360468,-0.024526757439034548,0.00698558595985743,0.2453460393013916,0.23794522317456054,0.014239534174560546,0.3496731325061487,0.12660060427383352,0.005430017219478292,0.3496731325061487,0.12660060427383352,0.008786815783873449,0.3664657715622179,0.14148874064585928,0.005704379630344875,-0.01578999826484363,-0.01578999771897489,0.02327012234844494,0.034216880798339844,0.03366541862487793,0.03335070610046387,-0.015789998210253207,-0.015789997763291513,0.02344548553579881,0.03399777412414551,0.03388261795043945,0.03287982940673828,1301,0.0012121842691717158,0.002544909243180697,-0.015790000453425507,-0.015790000515817634,1.0,1.0,-0.01579000173792474,-0.015790001600603485,1.0,1.0,1.0,1.0,1.0,1.0,0.004441893630892031,0.006064176367554728,0.0,0.0,1.0,1.0
268,-0.015789993569970368,-0.015789999267436607,-0.02422478345153532,0.006960111288222624,0.23014803139978027,0.2620124851136475,0.023538659113647463,0.34961319595279755,0.12654042984906752,0.005443596553417417,0.34961319595279755,0.12654042984906752,0.008718547578050656,0.36669849139642,0.14156967191050848,0.005756295136952266,-0.015789996782193956,-0.01578999948139704,0.024515485530225728,0.03762316703796387,0.03822612762451172,0.035538673400878906,-0.015789998245318272,-0.01578999771265854,0.02324678454341363,0.036429405212402344,0.03645467758178711,0.03559398651123047,1400,0.0011267378780703246,0.00236578533181641,-0.015789999699071168,-0.015789999701447358,1.0,1.0,-0.015790004059888462,-0.015790003780868755,1.0,1.0,1.0,1.0,1.0,1.0,0.005389315116632026,0.006936406040698543,0.0,0.0,1.0,1.0
269,-0.01578999939162273,-0.015789999073149187,-0.024229850254223438,0.006959863689937959,0.23856119076586915,0.26319430947851563,0.014005218478515626,0.3496652013960146,0.12657740008761603,0.005449811525063562,0.3496652013960146,0.12657740008761603,0.008718861315003164,0.36673796747685183,0.14159556911410898,0.005758374222750033,-0.015789999532449285,-0.01578999942619886,0.024533026187509042,0.03721499443054199,0.03683876991271973,0.03593802452087402,-0.015789996786744743,-0.0157899994814847,0.024533026200744733,0.036934614181518555,0.038012027740478516,0.036510467529296875,1401,0.0011259438772496294,0.00236410983655911,-0.01578999972055983,-0.01578999972571867,1.0,1.0,-0.015789999814390804,-0.01578999980391551,1.0,1.0,1.0,1.0,1.0,1.0,0.005389315109482555,0.0069364060330370444,0.0,0.0,1.0,1.0
270,-0.015789994771346655,-0.015789999289437796,-0.024206541376869853,0.006936455559581653,0.2353616559486084,0.27966013110839844,0.03794343810839844,0.34885843347899625,0.12607596143280073,0.0053357996905243855,0.34885843347899625,0.12607596143280073,0.006429188255150477,0.3665082609589,0.1414228528258898,0.005725071952031264,-0.015789997515609566,-0.01578999948877612,0.008404582961046445,0.03948068618774414,0.04081130027770996,0.038635969161987305,-0.015789999531877867,-0.015789999425156423,0.024489643951690766,0.04021406173706055,0.04017925262451172,0.039322853088378906,1499,0.001052309608374606,0.0022138320844178323,-0.015789999715492456,-0.015789999715825287,1.0,1.0,-0.015790002805898193,-0.015790002589229118,1.0,1.0,1.0,1.0,1.0,1.0,-0.009428781723280422,-0.004694644268833918,0.0,0.0,1.0,1.0
271,-0.015789995693413616,-0.0157899926156238,-0.024189658108912694,0.006936225039789217,0.22254262004016112,0.2565910768723144,0.016492806872314452,0.34888543401686933,0.1260927118208818,0.005334172263353093,0.34888543401686933,0.1260927118208818,0.006441119325273688,0.36656577993578204,0.14146387996499046,0.005728720434992049,-0.015789998093325108,-0.015789997115818428,0.008354526410958633,0.039533138275146484,0.03926348686218262,0.038177490234375,-0.015789997518666683,-0.01578999948886509,0.008446144385874876,0.03947949409484863,0.04081463813781738,0.0391697883605957,1500,0.0010516063715750716,0.0022123555310450244,-0.01579000150809989,-0.015790001424382565,1.0,1.0,-0.01579000172945251,-0.015790001593267405,1.0,1.0,1.0,1.0,1.0,1.0,-0.009462064812813585,-0.004754063536400933,0.0,0.0,1.0,1.0
272,-0.015789994967815437,-0.015789999061828024,-0.024161168999061105,0.00693599468076847,0.2274808293210449,0.23539171987390137,0.015641295873901367,0.3488351041880047,0.1260586144712051,0.005338857089694945,0.3488351041880047,0.1260586144712051,0.00643715540748151,0.36650606914011924,0.1414217469954225,0.00573197400001362,-0.01578999781770442,-0.01578999943363806,0.008382584829316347,0.03914451599121094,0.04025673866271973,0.03812718391418457,-0.015789998082465423,-0.015789997103795982,0.008382584772271547,0.03956723213195801,0.039232492446899414,0.03813433647155762,1501,0.0010509212488011778,0.002210897770886003,-0.015789999740456938,-0.015789999743707553,1.0,1.0,-0.015790002065212184,-0.015790001904654037,1.0,1.0,1.0,1.0,1.0,1.0,-0.009462064803049198,-0.004754063508433848,0.0,0.0,1.0,1.0
273,-0.01578999935510573,-0.015789991728906487,-0.024409070040460137,0.006913950217418463,0.25466853400097655,0.2658140696895752,0.036377909689575195,0.34862812266606025,0.12594244107158092,0.005379665536173521,0.34862812266606025,0.12594244107158092,0.006442156324937079,0.36710491149520674,0.1418647208613631,0.005784605876763158,-0.01578999952930537,-0.015789996424116406,0.008697418697924366,0.0433497428894043,0.042201995849609375,0.04185128211975098,-0.01578999767238649,-0.015789999422667744,0.008367134490284308,0.04268336296081543,0.04315900802612305,0.04214119911193848,1600,0.0009863639638821716,0.002075411557606248,-0.015790000199911544,-0.015790000279782893,1.0,1.0,-0.01578999977909429,-0.015789999768616062,1.0,1.0,1.0,1.0,1.0,1.0,-0.009339424575425788,-0.0045316371406106245,0.0,0.0,1.0,1.0
274,-0.015789999365418184,-0.015789991886018668,-0.024413244911508064,0.0069137348999852135,0.2555249282904053,0.24839743922729493,0.01693639122729492,0.3486038932933337,0.125922870251913,0.0053767894812535265,0.3486038932933337,0.125922870251913,0.006440908735530724,0.3670720683579572,0.14183678366447233,0.005781945798535388,-0.01578999953586235,-0.01578999653425936,0.008679802204515846,0.04225754737854004,0.0415494441986084,0.04045677185058594,-0.015789999529429097,-0.015789996425579617,0.008679802063096726,0.04273176193237305,0.04121732711791992,0.04006361961364746,1601,0.0009857224171258365,0.002074090294124613,-0.01579000026296512,-0.015790000334599458,1.0,1.0,-0.01578999977590092,-0.01578999976563183,1.0,1.0,1.0,1.0,1.0,1.0,-0.009339424502372594,-0.004531637050033923,0.0,0.0,1.0,1.0
275,-0.0157899935330549,-0.0157899970625281,-0.024702549581849285,0.0068930873321380835,0.23500691127966308,0.26170387393493655,0.03818825393493652,0.34792672174047107,0.1255169672685035,0.005398992192354617,0.34792672174047107,0.1255169672685035,0.008848875479052094,0.36629608258486906,0.14127091111923146,0.005790324856403841,-0.01578999752284623,-0.015789998551273176,0.024645049729249684,0.04493999481201172,0.04453110694885254,0.043547868728637695,-0.01578999953169238,-0.015789996484903077,0.008966347385519335,0.04626107215881348,0.0456690788269043,0.04429173469543457,1700,0.0009283163091502885,0.0019535755233042722,-0.01578999960495431,-0.01578999966000324,1.0,1.0,-0.015790001969473694,-0.015790001808610298,1.0,1.0,1.0,1.0,1.0,1.0,0.005261479844556652,0.006818717679744712,0.0,0.0,1.0,1.0
276,-0.015789994086293436,-0.015789997035596838,-0.024706397776013456,0.0068928852510331705,0.23980109527404786,0.24223652206433105,0.015958586064331055,0.34794818453606274,0.125530065553998,0.0053997917559182726,0.34794818453606274,0.125530065553998,0.008848580239711693,0.36632350129732577,0.14128890606544722,0.005788057567095991,-0.01578999771030295,-0.015789998542257697,0.024620480503929974,0.04438352584838867,0.0440831184387207,0.0430295467376709,-0.015789997525008002,-0.015789998551645954,0.024620480373870365,0.04415464401245117,0.04394412040710449,0.04317617416381836,1701,0.0009277708481905953,0.0019524278172132624,-0.015789999606707704,-0.01578999966220859,1.0,1.0,-0.015790001778648474,-0.015790001630845433,1.0,1.0,1.0,1.0,1.0,1.0,0.005261479935662717,0.006818717757610241,0.0,0.0,1.0,1.0
277,-0.01578999944943242,-0.015789997285904706,-0.024857088765286056,0.006883328884006662,0.2603755496085205,0.2474872209630127,0.021652396963012695,0.34800621248616964,0.1255420733737517,0.00541416099500622,0.34800621248616964,0.1255420733737517,0.008869889612136124,0.36654606203344714,0.14140936948569474,0.005790039860254406,-0.015789999578992558,-0.015789998652208658,0.025401719763519945,0.04795217514038086,0.04474234580993652,0.0448150634765625,-0.015789997727484215,-0.01578999854838634,0.024460623734158644,0.0458981990814209,0.04672741889953613,0.04426264762878418,1749,0.0009024051488415874,0.0018989808874678373,-0.015789999604789093,-0.015789999653973555,1.0,1.0,-0.015789999722384537,-0.0157899997169956,1.0,1.0,1.0,1.0,1.0,1.0,0.0059620958760903545,0.007463728266297964,0.0,0.0,1.0,1.0
278,-0.015789995521745502,-0.015789997068280895,-0.024860994914630112,0.0068831327246737985,0.25993989350354,0.23836687373876952,0.01614962173876953,0.34804581241333893,0.1255698131176181,0.00541695358693288,0.34804581241333893,0.1255698131176181,0.008872648692330055,0.3665757139533968,0.14142849965147083,0.005790382828893662,-0.015789998146880303,-0.015789998564033365,0.025377350274364573,0.04705619812011719,0.0472714900970459,0.04618024826049805,-0.015789999579065333,-0.015789998652525845,0.02537735027345516,0.04787397384643555,0.04620003700256348,0.04449582099914551,1750,0.0009018838375665781,0.0018978914635619578,-0.01578999961205364,-0.015789999665697753,1.0,1.0,-0.015790001302708585,-0.015790001193257998,1.0,1.0,1.0,1.0,1.0,1.0,0.005962095876766705,0.00746372826683142,0.0,0.0,1.0,1.0
279,-0.015789999420176285,-0.01578999769267179,-0.024890546626007502,0.006873471554260289,0.26424227013745116,0.24054370211608886,0.02110429111608887,0.34787810195056335,0.12549943205125152,0.0054108263277683425,0.34787810195056335,0.12549943205125152,0.008889568570957275,0.3664514589785624,0.1413538671265479,0.00579308658413529,-0.015789999570596156,-0.015789998797903496,0.024942167008703643,0.04899096488952637,0.04764151573181152,0.04525160789489746,-0.015789998122329667,-0.015789998554127802,0.025420575393497992,0.047174692153930664,0.04733705520629883,0.04528474807739258,1800,0.0008768126162544077,0.0018452014228823362,-0.01578999959243835,-0.015789999631854332,1.0,1.0,-0.015789999729478917,-0.015789999723325305,1.0,1.0,1.0,1.0,1.0,1.0,0.005606110586850772,0.00713599522951224,0.0,0.0,1.0,1.0
280,-0.01578999936314242,-0.015789997641170415,-0.024894198789916614,0.006873281208745009,0.26956887820080566,0.2410895121447754,0.01863171514477539,0.34791601842925746,0.1255258011790608,0.005408901930383995,0.34791601842925746,0.1255258011790608,0.008885698530595216,0.3664785056656954,0.14137110179772078,0.005790599854663793,-0.015789999552447424,-0.01578999878552667,0.024935190592708566,0.04857587814331055,0.04704093933105469,0.04549098014831543,-0.01578999957067413,-0.015789998798144654,0.024935190599020225,0.04748201370239258,0.04658961296081543,0.045176029205322266,1801,0.0008763297382622437,0.0018441849795109652,-0.015789999592231783,-0.015789999632780848,1.0,1.0,-0.01578999975378799,-0.015789999745951057,1.0,1.0,1.0,1.0,1.0,1.0,0.005606110584379895,0.007135995226574773,0.0,0.0,1.0,1.0
281,-0.015789996376824957,-0.01578999906549326,-0.02480869076878738,0.00685496514653845,0.2364233855899658,0.2610965090743408,0.02959186007434082,0.34817167375272534,0.12566788587606406,0.005444350897261058,0.34817167375272534,0.12566788587606406,0.008859637825729986,0.3669018197948902,0.14159974967644884,0.00582025525951078,-0.015789998417496672,-0.01578999936415937,0.02572645195507068,0.05076265335083008,0.05053591728210449,0.04864358901977539,-0.01578999955046708,-0.01578999878566189,0.02516491875189497,0.05066633224487305,0.04948163032531738,0.04847073554992676,1900,0.0008309943392176943,0.0017486445399896868,-0.01578999961713104,-0.015789999626690383,1.0,1.0,-0.015790001097693,-0.015790000968980356,1.0,1.0,1.0,1.0,1.0,1.0,0.006021535141299779,0.007518450113330084,0.0,0.0,1.0,1.0
282,-0.01578999780595068,-0.01578999757747288,-0.024812332651548915,0.006854785275759964,0.2398866076915283,0.24794008717114258,0.02261790517114258,0.34817372576262984,0.12566720067147638,0.005451356064293216,0.34817372576262984,0.12566720067147638,0.008862320796129202,0.3669353718401021,0.14162400718631118,0.005822117556485643,-0.015789998986286892,-0.01578999876510806,0.02570387759104715,0.0502927303314209,0.049761056900024414,0.04818367958068848,-0.01578999841866606,-0.015789999364221277,0.02570387759209565,0.05055713653564453,0.05065560340881348,0.04915165901184082,1901,0.0008305478712238322,0.0017477234596169516,-0.015789999578907407,-0.01578999961127681,1.0,1.0,-0.015790000312236718,-0.01579000025475967,1.0,1.0,1.0,1.0,1.0,1.0,0.006021535140760199,0.0075184501127214835,0.0,0.0,1.0,1.0
283,-0.015789998684825824,-0.01578999899079226,-0.02479404008272544,0.0068376224069485745,0.25222030586535643,0.2480785977791748,0.021658732779174805,0.34813053987601417,0.12569325347395485,0.005394196431569452,0.34813053987601417,0.12569325347395485,0.008825292690375911,0.3670305310528001,0.14171412821495144,0.0057909725754309305,-0.01578999934205409,-0.0157899993358119,0.023995850780987742,0.05306124687194824,0.05238604545593262,0.051609039306640625,-0.015789998979158684,-0.015789998762547258,0.025699645818450266,0.052755117416381836,0.05267596244812012,0.05068397521972656,1999,0.0007898942194240535,0.0016621604508319033,-0.015789999597298834,-0.015789999608667647,1.0,1.0,-0.01578999995335872,-0.015789999927506525,1.0,1.0,1.0,1.0,1.0,1.0,0.0047601900265939025,0.0063572117267315644,0.0,0.0,1.0,1.0
284,-0.015789999221285492,-0.01578999917026432,-0.024810477264007178,0.006837451852264836,0.2355077093510742,0.24210362563269042,0.01976481063269043,0.3481282311772912,0.12569076727633557,0.005385475218475849,0.3481282311772912,0.12569076727633557,0.008827096411813612,0.36703035689882774,0.1417090222359157,0.005790070795519774,-0.015789999503668516,-0.01578999945759901,0.025107166307484816,0.05461478233337402,0.05265688896179199,0.051731109619140625,-0.015789999342308715,-0.01578999933586856,0.023975321807864287,0.05281352996826172,0.053374290466308594,0.051175832748413086,2000,0.0007895065411751581,0.0016613388949172061,-0.01578999960429227,-0.015789999612806967,1.0,1.0,-0.015789999785821657,-0.01578999977376113,1.0,1.0,1.0,1.0,1.0,1.0,0.00559857269590855,0.007129055976944354,0.0,0.0,1.0,1.0
285,-0.01578999880772386,-0.0157899991906389,-0.024813802835957542,0.0068372813868756354,0.24594306618115233,0.23779973101965332,0.017689162019653322,0.34814643471543105,0.1257019290725143,0.005385206465117296,0.34814643471543105,0.1257019290725143,0.008827574335684985,0.36705500857922074,0.1417255410273935,0.005791819643016578,-0.015789999370055326,-0.01578999946566992,0.025111627693953455,0.053278207778930664,0.05325126647949219,0.05066275596618652,-0.015789999503780072,-0.015789999457641927,0.02511162768175553,0.05344367027282715,0.05238175392150879,0.05118823051452637,2001,0.0007891186574316975,0.0016605157971696627,-0.015789999605972105,-0.015789999614102088,1.0,1.0,-0.015789999913715987,-0.015789999890931633,1.0,1.0,1.0,1.0,1.0,1.0,0.005598572705144025,0.007129055984300606,0.0,0.0,1.0,1.0
286,-0.015789998577151243,-0.015789998884710343,-0.024624306709094955,0.006820832662566327,0.25026053188293457,0.2513249141287842,0.02966174812878418,0.34858376141491654,0.12598255114949705,0.005387122049434226,0.34858376141491654,0.12598255114949705,0.008830191494259402,0.36779544635442424,0.14222588343830098,0.005788247382903581,-0.01578999932875674,-0.015789999324130825,0.02373248634882331,0.057117462158203125,0.05565476417541504,0.05373549461364746,-0.015789999369147246,-0.01578999946533608,0.025252971089492385,0.05580615997314453,0.05602908134460449,0.053965091705322266,2100,0.0007521027809762844,0.0015825308686008668,-0.015789999610164734,-0.01578999962284917,1.0,1.0,-0.015789999987730095,-0.015789999962032474,1.0,1.0,1.0,1.0,1.0,1.0,0.004476566107094389,0.0060960979796571176,0.0,0.0,1.0,1.0
287,-0.015789998586317817,-0.015789999368647913,-0.024635207698200864,0.006820670687933148,0.2594041126166992,0.2388355611567383,0.01875752215673828,0.3485737088032715,0.12597377621925906,0.005392089165491659,0.3485737088032715,0.12597377621925906,0.008827882724434397,0.3677796525741921,0.1422108117710449,0.00579777299898711,-0.015789999330314334,-0.015789999538139726,0.023817986886082717,0.05610799789428711,0.05571770668029785,0.053751230239868164,-0.015789999329023908,-0.015789999324207875,0.023730681855840454,0.055188655853271484,0.055002450942993164,0.05351853370666504,2101,0.0007517488103184037,0.0015817822421784512,-0.015789999620100678,-0.015789999625128857,1.0,1.0,-0.015789999989677048,-0.015789999962457255,1.0,1.0,1.0,1.0,1.0,1.0,0.004540993946335377,0.006155412509531373,0.0,0.0,1.0,1.0
288,-0.015789998016186926,-0.015789995514184463,-0.024876225954011667,0.006805022575601599,0.25979733887854006,0.27889982416076664,0.0545843221607666,0.3489146692825832,0.12619577685567407,0.005426725123787913,0.3489146692825832,0.12619577685567407,0.008836882327198137,0.36822053238343355,0.14247555182162605,0.0058442021063214245,-0.015789999152994637,-0.015789997959679208,0.02285313021131818,0.05786561965942383,0.058136701583862305,0.056365251541137695,-0.01578999934021679,-0.015789999539026715,0.023595159430962357,0.05880165100097656,0.058460235595703125,0.05614018440246582,2200,0.000717946232538055,0.0015108074722471046,-0.015789999484452127,-0.015789999555832764,1.0,1.0,-0.015790000181670892,-0.015790000139069647,1.0,1.0,1.0,1.0,1.0,1.0,0.003996902800733737,0.005658961861465885,0.0,0.0,1.0,1.0
289,-0.01578999818080416,-0.015789998265509076,-0.024873070184626023,0.006804868303428491,0.25309738185437014,0.2461588215814209,0.0195446135814209,0.3489461086639164,0.12621748964013715,0.005426075732351971,0.3489461086639164,0.12621748964013715,0.008833676087528148,0.3682589535323307,0.14250310788175255,0.005841958021437981,-0.015789999188992914,-0.015789999079041113,0.0228017966035722,0.058637380599975586,0.05863237380981445,0.05630302429199219,-0.015789999153378163,-0.015789997960067803,0.02286216379425531,0.05762338638305664,0.0572967529296875,0.05637049674987793,2201,0.0007176279128554761,0.0015101295429860754,-0.01578999950089931,-0.015789999528401193,1.0,1.0,-0.015790000130830862,-0.01579000009212377,1.0,1.0,1.0,1.0,1.0,1.0,0.003953519210270464,0.005619134271638646,0.0,0.0,1.0,1.0
290,-0.01578999770670997,-0.01578999511555388,-0.024881525253350526,0.006789948081494919,0.25327002819799804,0.24952382766931153,0.026591382669311523,0.34899454317040796,0.12623675969395753,0.005436336165245584,0.34899454317040796,0.12623675969395753,0.008722142683504547,0.36851805258282,0.1426683103838413,0.005842846198586168,-0.015789999049137176,-0.015789997806294864,0.02209271910869553,0.0615999698638916,0.06094098091125488,0.05905938148498535,-0.0157899991963331,-0.015789999083909777,0.022715035014115738,0.061716318130493164,0.061585426330566406,0.05995678901672363,2300,0.0006867250910790795,0.0014451572665176889,-0.015789999576079138,-0.015789999641702804,1.0,1.0,-0.01579000024915521,-0.015790000198870655,1.0,1.0,1.0,1.0,1.0,1.0,0.003505209200514474,0.005212393151121911,0.0,0.0,1.0,1.0
291,-0.015789997782075765,-0.015789998713301726,-0.02488380469055901,0.006789800827654954,0.25341191501501464,0.25520887420593263,0.01873504120593262,0.349026171249031,0.12625924320895757,0.005437556743013137,0.349026171249031,0.12625924320895757,0.008726232096735113,0.36854852538674837,0.14268976555821236,0.005845121181072071,-0.015789999073250516,-0.01578999926029258,0.022075763341100743,0.0596311092376709,0.06033968925476074,0.0585179328918457,-0.015789999049551515,-0.015789997806729322,0.02207576331539577,0.06208944320678711,0.060852766036987305,0.059247493743896484,2301,0.0006864278392317547,0.0014445308718288366,-0.01578999965648409,-0.01578999966535119,1.0,1.0,-0.015790000228307698,-0.015790000179673813,1.0,1.0,1.0,1.0,1.0,1.0,0.0035052092206145796,0.005212393166937944,0.0,0.0,1.0,1.0
292,-0.015789999020039924,-0.015789999492065363,-0.02468484515439401,0.006775545186545722,0.2559045988139648,0.2770956511402588,0.04237638114025879,0.34894871864224236,0.12623909908831793,0.005433868154458552,0.34894871864224236,0.12623909908831793,0.00869729768021745,0.36859681533049404,0.14272739727675457,0.0058588799433091955,-0.01578999946562403,-0.015789999583754752,0.02169950258607709,0.06513524055480957,0.06288957595825195,0.06040787696838379,-0.01578999906857631,-0.01578999926031223,0.02193311991790465,0.06395578384399414,0.06322121620178223,0.060038089752197266,2400,0.0006581308463935945,0.0013850371867593042,-0.015789999637670523,-0.015789999639930285,1.0,1.0,-0.015789999826303355,-0.015789999812425702,1.0,1.0,1.0,1.0,1.0,1.0,0.0033361533050536023,0.005059965522553398,0.0,0.0,1.0,1.0
293,-0.015789999042537306,-0.015789999503141656,-0.024687065521503616,0.006775404353561574,0.254640026692627,0.25538359179736325,0.02238057579736328,0.3489724133803359,0.1262552038676841,0.0054344376960161825,0.3489724133803359,0.1262552038676841,0.008698048462408077,0.36862938927493466,0.14275043493835957,0.0058583564015332835,-0.015789999468699103,-0.015789999588226567,0.021717996286946994,0.06440067291259766,0.06199359893798828,0.061374664306640625,-0.01578999946574966,-0.015789999583768796,0.021717996274895877,0.06480193138122559,0.06327629089355469,0.06090521812438965,2401,0.0006578654289145776,0.0013844695387750542,-0.01578999963801289,-0.015789999640072504,1.0,1.0,-0.01578999981937489,-0.015789999806041788,1.0,1.0,1.0,1.0,1.0,1.0,0.003336153314274987,0.005059965530128973,0.0,0.0,1.0,1.0
294,-0.015789999240549118,-0.01578999292621526,-0.02449043293210084,0.006761757843811181,0.2551749685113525,0.28303691755236815,0.04221817955236817,0.34902758699743974,0.12633055889264241,0.005440863283005442,0.34902758699743974,0.12633055889264241,0.008713186224513858,0.3686350810828496,0.14274687992415375,0.0058592194669331394,-0.015789999516054032,-0.01578999717712954,0.020972326239227426,0.07665491104125977,0.07577347755432129,0.07184505462646484,-0.015789999468426442,-0.015789999588111423,0.021837242912116788,0.07541775703430176,0.07563161849975586,0.07413029670715332,2500,0.0006318882460323518,0.001329748699062216,-0.015790000113834263,-0.015790000142743264,1.0,1.0,-0.015789999750619163,-0.01578999974299327,1.0,1.0,1.0,1.0,1.0,1.0,0.002712707458284086,0.004503386019415078,0.0,0.0,1.0,1.0
295,-0.015789999240287067,-0.015789993848606344,-0.02449247915239594,0.00676162290686317,0.25922531834069823,0.2612187278428955,0.02303473884289551,0.3490180218423148,0.126321546579059,0.0054414949923262965,0.3490180218423148,0.126321546579059,0.008711020486170035,0.36861951745803445,0.14273226586865675,0.005860014864428499,-0.015789999515099035,-0.015789997514773276,0.020957160693168365,0.07404160499572754,0.0768442153930664,0.07335853576660156,-0.015789999516124024,-0.015789997177888454,0.020957160553847224,0.0777277946472168,0.07498860359191895,0.07278895378112793,2501,0.0006316270670719011,0.0013292086091766144,-0.015790000068195503,-0.015790000091608355,1.0,1.0,-0.015789999750661705,-0.015789999743031313,1.0,1.0,1.0,1.0,1.0,1.0,0.002712707561599872,0.004503386104946511,0.0,0.0,1.0,1.0
296,-0.015789999394597992,-0.015789999471778702,-0.024500473002415986,0.006748536693836724,0.24327181861291505,0.26333295100500487,0.028286617005004882,0.3491740747815581,0.12645204105433877,0.005455308737141818,0.3491740747815581,0.12645204105433877,0.008712356722536351,0.36913169142432206,0.14313121301336262,0.005860797882798786,-0.015789999575070945,-0.015789999575784138,0.02125642118774072,0.07668757438659668,0.07891368865966797,0.07592201232910156,-0.015789999512780838,-0.015789997486649335,0.021004790477027767,0.07912111282348633,0.07764124870300293,0.07587957382202148,2600,0.0006077366138985801,0.0012787799101220045,-0.015789999636439747,-0.015789999638900886,1.0,1.0,-0.015789999695341762,-0.015789999691324316,1.0,1.0,1.0,1.0,1.0,1.0,0.0028939155461978083,0.00466379977016786,0.0,0.0,1.0,1.0
297,-0.01578999938853859,-0.015789990125168515,-0.024471100318068543,0.006748407189480087,0.24262281764453125,0.2518287738251953,0.023466275825195313,0.34914540465900723,0.12643233606514995,0.005453543471050172,0.34914540465900723,0.12643233606514995,0.0087100014586779,0.3690958001739742,0.14310594903909518,0.005859141322590552,-0.01578999957358668,-0.015789995830086036,0.021273112684353248,0.07619786262512207,0.0776212215423584,0.07631278038024902,-0.015789999574955253,-0.01578999957577538,0.021273114120853896,0.0793302059173584,0.07845377922058105,0.07644009590148926,2601,0.0006075079733035353,0.0012782934444768859,-0.01578999938723405,-0.015789999532687594,1.0,1.0,-0.015789999699184324,-0.015789999694843054,1.0,1.0,1.0,1.0,1.0,1.0,0.0028939144026214124,0.004663798885859288,0.0,0.0,1.0,1.0
298,-0.015789992551713095,-0.01578999666176985,-0.024388357286757322,0.006735838044863571,0.23561606109057617,0.33493808959509275,0.06566714859509278,0.3485712853626623,0.12612491387810684,0.005461089325533309,0.3485712853626623,0.12612491387810684,0.008681376686119372,0.3685526326191147,0.14279258467671463,0.0058622959070076764,-0.015789997740276136,-0.015789998552115596,0.02147403460252206,0.07782268524169922,0.08194327354431152,0.07923245429992676,-0.015789999572484774,-0.01578999581341439,0.021193426782776862,0.08110928535461426,0.07963776588439941,0.07826900482177734,2700,0.0005851570511801853,0.001231423958605254,-0.0157899997196308,-0.015789999744822526,1.0,1.0,-0.01579000064590923,-0.015790000571237358,1.0,1.0,1.0,1.0,1.0,1.0,0.0030963583467049673,0.0048437579453658106,0.0,0.0,1.0,1.0
299,-0.015789998517981612,-0.015789997687508456,-0.024390382986741142,0.006735713561849714,0.24611467624890138,0.29151178317456056,0.024014912174560546,0.34859005751567096,0.12613726727739494,0.005462070729075574,0.34859005751567096,0.12613726727739494,0.008681992312495246,0.36857204661164295,0.14280535455277948,0.005864183411930178,-0.015789999339871276,-0.015789998899818795,0.021490238538146713,0.07974648475646973,0.08273482322692871,0.0787205696105957,-0.015789997741044236,-0.015789998552385314,0.021490238070786694,0.08220124244689941,0.08217048645019531,0.07995986938476562,2701,0.0005849440548166379,0.0012309719646636517,-0.015789999699736282,-0.015789999715094073,1.0,1.0,-0.015789999820422805,-0.0157899998085511,1.0,1.0,1.0,1.0,1.0,1.0,0.0030963587014675564,0.0048437582374112635,0.0,0.0,1.0,1.0
300,-0.015789999351418137,-0.015789998683384356,-0.02446905753405968,0.0067236230399280415,0.24214236988293458,0.3225275281097412,0.06180180910974121,0.34867537993152387,0.12618603287253433,0.00547936805140564,0.34867537993152387,0.12618603287253433,0.00869917077467436,0.3688147203087235,0.14295738234588715,0.005881401337339222,-0.015789999566103056,-0.015789999319048134,0.019697445236860744,0.08350944519042969,0.0832066535949707,0.07915830612182617,-0.01578999934329584,-0.015789998902586318,0.021386596319641408,0.08633160591125488,0.08620023727416992,0.08069133758544922,2800,0.00056432739382816,0.0011876385107272979,-0.015789999703090505,-0.01578999970570173,1.0,1.0,-0.015789999703224523,-0.01578999969856848,1.0,1.0,1.0,1.0,1.0,1.0,0.001890494008411045,0.0037615088876462623,0.0,0.0,1.0,1.0
301,-0.015789999206309916,-0.01578999885848965,-0.024470696717732776,0.006723503211676449,0.24295322541064454,0.2778992537067871,0.02407984870678711,0.34865487599382095,0.12617114144853767,0.005484007664964544,0.34865487599382095,0.12617114144853767,0.008697194008169484,0.3687876967322046,0.14293680564872685,0.005886322744375783,-0.01578999953175217,-0.015789999372705536,0.01968436924631731,0.08285379409790039,0.08473920822143555,0.0811929702758789,-0.015789999566143877,-0.015789999319141008,0.019684369108843903,0.08560895919799805,0.08442473411560059,0.08257937431335449,2801,0.0005641165342603344,0.0011872051873632941,-0.01578999970058007,-0.015789999701753436,1.0,1.0,-0.0157899997266862,-0.01578999972032427,1.0,1.0,1.0,1.0,1.0,1.0,0.0018904941566424641,0.0037615089795683,0.0,0.0,1.0,1.0
302,-0.015789997718547895,-0.015789997824435336,-0.02442420403654758,0.0067118569712527575,0.24449181746325685,0.2832052794135742,0.03083020041357422,0.3488342796273195,0.12631090618244337,0.005516646709376318,0.3488342796273195,0.12631090618244337,0.008689450197649528,0.3689496117681874,0.14304069143141246,0.005911263027046346,-0.015789999163553933,-0.01578999903084944,0.020512499493830025,0.08479833602905273,0.08698678016662598,0.08391642570495605,-0.015789999531419994,-0.01578999937169326,0.019782274374166516,0.08907008171081543,0.0863809585571289,0.08335638046264648,2900,0.0005448962915719852,0.0011467409399437726,-0.015789999694168323,-0.015789999706926672,1.0,1.0,-0.0157899999905311,-0.015789999956354803,1.0,1.0,1.0,1.0,1.0,1.0,0.0024016779643663837,0.0042278497648770485,0.0,0.0,1.0,1.0
303,-0.015789997687231595,-0.01578999801195664,-0.024425920889627462,0.006711741469630205,0.24782508124890137,0.2808306438636475,0.02534079486364746,0.34880158087207686,0.12628975391497105,0.005515125193949612,0.34880158087207686,0.12628975391497105,0.008687217130207519,0.36891000741253865,0.1430135636979857,0.005909505620593764,-0.015789999157584632,-0.01578999909996129,0.020499560040443735,0.08505797386169434,0.09073686599731445,0.08475923538208008,-0.015789999163774243,-0.015789999030999563,0.020499561371477317,0.08632802963256836,0.08838939666748047,0.08402466773986816,2901,0.000544700620227354,0.0011463379137349034,-0.01578999970244592,-0.015789999711697505,1.0,1.0,-0.015789999995408845,-0.015789999960769702,1.0,1.0,1.0,1.0,1.0,1.0,0.0024016772321522424,0.004227848947107736,0.0,0.0,1.0,1.0
304,-0.01578999832873917,-0.01578999481917569,-0.024574150992490155,0.006700508711777558,0.24607220910803224,0.29840595079736326,0.04728992779736328,0.34880884680966806,0.12631273004431037,0.0055018066534189836,0.34880884680966806,0.12631273004431037,0.008692181285814508,0.36901492446580725,0.14309069928417043,0.005909600203903916,-0.015789999316633788,-0.01578999815942712,0.01972305163199861,0.08762598037719727,0.08993148803710938,0.0871896743774414,-0.0157899991600541,-0.0157899991010762,0.02046075628853573,0.09139466285705566,0.09134316444396973,0.08563470840454102,3000,0.0005267569367585242,0.0011085915893078013,-0.015790001031406126,-0.01579000089047931,1.0,1.0,-0.015789999876380717,-0.01578999985386165,1.0,1.0,1.0,1.0,1.0,1.0,0.001884690599029594,0.0037560111998111243,0.0,0.0,1.0,1.0
305,-0.015789997853466943,-0.015789996289606725,-0.02456117199225502,0.0067003972419216505,0.2452541150390625,0.2730653829941406,0.025758961994140624,0.3488163325536184,0.12631645623745455,0.005506383342162222,0.3488163325536184,0.12631645623745455,0.00869123375642118,0.36904642293163986,0.14311378294537783,0.005910787950684618,-0.015789999204666498,-0.015789998615297906,0.019631450527576276,0.08956217765808105,0.09141921997070312,0.08823943138122559,-0.015789999316778023,-0.015789998160243478,0.019736920968132246,0.0916891098022461,0.09180140495300293,0.08989691734313965,3001,0.0005265847693496722,0.0011082257137601432,-0.01579000012184227,-0.015790000101158642,1.0,1.0,-0.015789999958231004,-0.015789999927006106,1.0,1.0,1.0,1.0,1.0,1.0,0.0018135135127779584,0.0036885803073784407,0.0,0.0,1.0,1.0
306,-0.015789999231566453,-0.01578999794269179,-0.024341997029356785,0.006689550240635718,0.24581863380639649,0.42130094774816895,0.16688566674816896,0.3484753409794276,0.12611778301190013,0.005492838609934519,0.3484753409794276,0.12611778301190013,0.008682096532830164,0.3691116490246521,0.1431751215030644,0.005922172630828203,-0.015789999541858248,-0.015789999127849973,0.0210776397067003,0.09060120582580566,0.09346580505371094,0.09019184112548828,-0.01578999920476537,-0.015789998616233626,0.019768770186765913,0.09223675727844238,0.09286022186279297,0.08922505378723145,3100,0.0005097915378777184,0.001073365748439864,-0.015790000308461914,-0.015790000209884244,1.0,1.0,-0.015789999708119687,-0.015789999703146325,1.0,1.0,1.0,1.0,1.0,1.0,0.002733644397522168,0.0045219193893824075,0.0,0.0,1.0,1.0
307,-0.015789999220574127,-0.01578999798718083,-0.0243302110808392,0.0066894425366195165,0.2502711033510742,0.2920948725670166,0.0257361795670166,0.34846394821088855,0.12610885419787068,0.005492135181383785,0.34846394821088855,0.12610885419787068,0.008681252680387573,0.3690915956877872,0.14315925458971293,0.005920775427350591,-0.01578999953937922,-0.015789999127365437,0.02101112777142266,0.09209108352661133,0.09403681755065918,0.09228777885437012,-0.015789999541618756,-0.01578999912592936,0.02109148252033465,0.09610199928283691,0.09268403053283691,0.08975934982299805,3101,0.0005096294026382616,0.0010730219884631104,-0.01579000028976534,-0.0157900001941078,1.0,1.0,-0.015789999708526892,-0.01578999970350533,1.0,1.0,1.0,1.0,1.0,1.0,0.0026758749055284955,0.004470779177929355,0.0,0.0,1.0,1.0
308,-0.015789999296836797,-0.01578999237987405,-0.024606936969121168,0.006678956244563702,0.2478619009494629,0.3139271738178711,0.03814355781787109,0.34854401344668456,0.1261561885612954,0.0054872483645117265,0.34854401344668456,0.1261561885612954,0.008707473675038256,0.3692056416880701,0.14321812587728583,0.0059065910328827175,-0.01578999955882406,-0.015789997283040726,0.02148682953378771,0.0955355167388916,0.09601020812988281,0.09071683883666992,-0.01578999954193922,-0.015789999145727117,0.02082885726336666,0.09751582145690918,0.09694266319274902,0.09371542930603027,3200,0.0004938469084748569,0.0010398264186801311,-0.015790004129605562,-0.015790003372185474,1.0,1.0,-0.015789999700584482,-0.01578999969608085,1.0,1.0,1.0,1.0,1.0,1.0,0.0031514197115114235,0.00489341695789571,0.0,0.0,1.0,1.0
309,-0.015789999100152333,-0.015789994312953012,-0.024608589824927144,0.006678852065742782,0.24720207136254882,0.29790551624328615,0.025945558243286135,0.3485165853755535,0.12613817684898163,0.005485844326404241,0.3485165853755535,0.12613817684898163,0.008709074162030421,0.3691717188299713,0.14319460557605712,0.005904980303669373,-0.015789999485894702,-0.015789997896708034,0.021485132230612054,0.0961754322052002,0.09545111656188965,0.09180068969726562,-0.015789999558860176,-0.01578999728534036,0.02148513187390409,0.09956955909729004,0.09617257118225098,0.09119057655334473,3201,0.0004936862688175265,0.0010394952932307093,-0.015790002957144066,-0.01579000239682601,1.0,1.0,-0.015789999733531616,-0.015789999726004412,1.0,1.0,1.0,1.0,1.0,1.0,0.003151420001877163,0.004893417181532819,0.0,0.0,1.0,1.0
310,-0.0157899993522544,-0.015789990146594973,-0.02449676398366735,0.00666870378113343,0.24326889206750488,0.29685905775268556,0.05116834875268555,0.3484553843237048,0.12611615528557793,0.005489997258769502,0.3484553843237048,0.12611615528557793,0.008705559415727409,0.36924746894933563,0.1432704218349029,0.005903798539945387,-0.01578999957146555,-0.015789996662551025,0.02119085880659348,0.09912538528442383,0.09942460060119629,0.09488511085510254,-0.015789999485453014,-0.01578999786316604,0.02160827687628805,0.10158109664916992,0.09990382194519043,0.0959615707397461,3300,0.00047892626099405223,0.00100839550186341,-0.015790004874085186,-0.015790003949398456,1.0,1.0,-0.015789999690515755,-0.015789999686474338,1.0,1.0,1.0,1.0,1.0,1.0,0.0028507742388699103,0.004625620677108643,0.0,0.0,1.0,1.0
311,-0.015789999415008114,-0.015789998216550447,-0.024498340571715457,0.0066686029090506005,0.24270320773413087,0.28711000733276365,0.02614077333276367,0.34847375614009246,0.12612867726677934,0.005489763262611371,0.34847375614009246,0.12612867726677934,0.008708110034936685,0.36927769607086963,0.14329308813074412,0.0059053165840379325,-0.015789999586236565,-0.01578999923378684,0.021179236799687043,0.09842920303344727,0.10059332847595215,0.09650897979736328,-0.01578999957149475,-0.015789996665140735,0.021179234306409583,0.09733843803405762,0.09953951835632324,0.09637236595153809,3301,0.0004787825971211053,0.001008091568753367,-0.01579000029354216,-0.015790000185409526,1.0,1.0,-0.01578999968110494,-0.01578999967778188,1.0,1.0,1.0,1.0,1.0,1.0,0.002850776252848007,0.0046256222191526876,0.0,0.0,1.0,1.0
312,-0.015789999218729756,-0.015789999526366276,-0.02445992783792566,0.006658771992660981,0.24303112288830567,0.3254563438658447,0.06364642786584472,0.3483533785746584,0.12607624357313577,0.0054874974546538025,0.3483533785746584,0.12607624357313577,0.00868678010773264,0.369039744137374,0.1431166542560487,0.005891436483897993,-0.01578999954164263,-0.015789999611768652,0.021011270704977495,0.10000395774841309,0.10274100303649902,0.09794902801513672,-0.015789999586296576,-0.01578999923024628,0.02116075297728743,0.10339593887329102,0.10254359245300293,0.09868311882019043,3400,0.0004648573225164966,0.0009787850543622628,-0.01578999969769526,-0.015789999687720456,1.0,1.0,-0.015789999703879554,-0.015789999699162047,1.0,1.0,1.0,1.0,1.0,1.0,0.0027430294094370157,0.004530227920489109,0.0,0.0,1.0,1.0
313,-0.015789999209931647,-0.015789991082135205,-0.024449529634087544,0.006658674228409649,0.24376782856323242,0.2747076950633545,0.027097891063354494,0.3483591431518372,0.12607898844819343,0.005486816114270904,0.3483591431518372,0.12607898844819343,0.008686010363566152,0.3690431746469791,0.14311626802335514,0.005890160025250542,-0.01578999953966557,-0.01578999699685648,0.02095413740195811,0.10134148597717285,0.10264921188354492,0.09815764427185059,-0.01578999954168087,-0.015789999611757637,0.021023929618435012,0.10871386528015137,0.1048128604888916,0.09894919395446777,3401,0.00046472364444270043,0.000978500357822156,-0.015790004099015348,-0.015790003325275196,1.0,1.0,-0.01578999970450967,-0.01578999969981362,1.0,1.0,1.0,1.0,1.0,1.0,0.0026927355395301254,0.004485706026170958,0.0,0.0,1.0,1.0
314,-0.01578999938762833,-0.015789999182603865,-0.02435193176674035,0.0066491418619197,0.24129275732336425,0.3033642652357178,0.04171533723571777,0.3482491807169113,0.1259916590116992,0.005481739099574662,0.3482491807169113,0.1259916590116992,0.008674325249658783,0.36908126427975646,0.14314106921578287,0.0058987936466593765,-0.01578999958118647,-0.01578999951088534,0.02091584933965701,0.10405397415161133,0.11062240600585938,0.10238504409790039,-0.015789999537965314,-0.015789996910733982,0.021000555686516126,0.10617852210998535,0.10773634910583496,0.10428476333618164,3500,0.000451641984591887,0.0009508990023607071,-0.01578999983451382,-0.015789999803557473,1.0,1.0,-0.015789999674493304,-0.015789999671620855,1.0,1.0,1.0,1.0,1.0,1.0,0.002631778492957873,0.0044317427285984765,0.0,0.0,1.0,1.0
315,-0.015789999386500626,-0.015789999372741136,-0.024366679079498278,0.0066490470238867805,0.24358536410681153,0.3039965726765137,0.04691626067651367,0.34826066401102723,0.12599899955292831,0.005477365581604055,0.34826066401102723,0.12599899955292831,0.008680260278399519,0.3690925449322312,0.14314788823666125,0.005897940165275349,-0.015789999580978722,-0.01578999957204518,0.020999451327039245,0.11175346374511719,0.11251378059387207,0.10182666778564453,-0.015789999581207418,-0.01578999951097518,0.020920688425375936,0.11968135833740234,0.10981154441833496,0.10192251205444336,3501,0.0004515169190342395,0.0009506347807013663,-0.015789999775235864,-0.015789999751595393,1.0,1.0,-0.015789999674584304,-0.01578999967170708,1.0,1.0,1.0,1.0,1.0,1.0,0.002688451550480883,0.004481912377763308,0.0,0.0,1.0,1.0
316,-0.015789998663595033,-0.015789999531396728,-0.024380345820016202,0.006639796002544865,0.23270855131896973,0.3177349201695557,0.06198255616955566,0.3480866129427959,0.12589129557436285,0.005472321275555362,0.3480866129427959,0.12589129557436285,0.008682193905050503,0.36898303509087044,0.14306823242503236,0.0059185273273025816,-0.01578999940683272,-0.015789999612099485,0.0208858833322632,0.11048007011413574,0.11602210998535156,0.10451030731201172,-0.015789999580647033,-0.015789999571278173,0.020861709594494134,0.11457109451293945,0.12563371658325195,0.11478924751281738,3600,0.00043910443944843457,0.0009245206778078851,-0.015789999691724635,-0.015789999683047694,1.0,1.0,-0.01578999979124454,-0.015789999778734493,1.0,1.0,1.0,1.0,1.0,1.0,0.0027059094642051334,0.004497372836397568,0.0,0.0,1.0,1.0
317,-0.015789998885438195,-0.015789999490460588,-0.02438179712913531,0.00663970392446962,0.2370561738499756,0.283030591331665,0.028155061331665038,0.3480983363925064,0.12589870369754627,0.005471013921131136,0.3480983363925064,0.12589870369754627,0.008682394168570398,0.36901186063531377,0.1430899774886922,0.005918438783315421,-0.015789999447295512,-0.015789999601983944,0.02089784300609072,0.10363292694091797,0.1129767894744873,0.10761308670043945,-0.015789999406914033,-0.015789999612123122,0.02089784352500169,0.10824203491210938,0.11184048652648926,0.10653495788574219,3601,0.0004389815306310405,0.0009242630634369565,-0.015789999706974287,-0.01578999969619137,1.0,1.0,-0.015789999765359528,-0.015789999754867598,1.0,1.0,1.0,1.0,1.0,1.0,0.002705909038548759,0.004497372509320774,0.0,0.0,1.0,1.0
318,-0.015789993521860373,-0.015789999413672182,-0.02440408801250462,0.006630718478388885,0.23545993334851073,0.3067339940141602,0.054505757014160154,0.3480136950342184,0.12584963598257562,0.005442863246410489,0.3480136950342184,0.12584963598257562,0.008668457422869456,0.3689571803497806,0.14304543556173888,0.00589620650966203,-0.015789998117566657,-0.015789999583216863,0.020371054788999535,0.10802054405212402,0.11489033699035645,0.10812711715698242,-0.015789999449432605,-0.01578999960232639,0.020816235116231253,0.11064267158508301,0.11156368255615234,0.11360836029052734,3700,0.00042721669449949053,0.0008995266593437171,-0.0157899997392775,-0.01578999972424176,1.0,1.0,-0.01579000060063738,-0.01579000053017552,1.0,1.0,1.0,1.0,1.0,1.0,0.0023841509872774783,0.004212085490136724,0.0,0.0,1.0,1.0
319,-0.015789994187449176,-0.01578999941052022,-0.02442012171629448,0.006630629007686103,0.24125037422436524,0.2849121901920166,0.0296744311920166,0.3480146604755068,0.12584906517852992,0.005443152089434684,0.3480146604755068,0.12584906517852992,0.0086699733623771,0.3689542133777759,0.14304087417967704,0.005897285928883005,-0.015789998262522757,-0.01578999958246728,0.02045058311387037,0.1138911247253418,0.11965107917785645,0.10643625259399414,-0.01578999811806251,-0.015789999583261098,0.020362126221194644,0.1123952865600586,0.11701178550720215,0.10710930824279785,3701,0.0004271053895921796,0.000899287807052045,-0.01578999974072141,-0.015789999725428685,1.0,1.0,-0.015790000527724203,-0.015790000460752053,1.0,1.0,1.0,1.0,1.0,1.0,0.0024476916180153534,0.004268786566013506,0.0,0.0,1.0,1.0
320,-0.015789994090974726,-0.015789993566449806,-0.024510254544193557,0.00662189464716359,0.2251142868359375,0.28628679134887697,0.03638279434887695,0.34815198913409695,0.1259417536898022,0.005452775703078455,0.34815198913409695,0.1259417536898022,0.008672847184390691,0.3691838656051314,0.14319623735769726,0.005917699948492395,-0.01578999834958948,-0.015789997788298104,0.020704303173745185,0.11298203468322754,0.11943507194519043,0.10867595672607422,-0.015789998279969034,-0.01578999958419952,0.02030923425209177,0.11774110794067383,0.11649966239929199,0.11258864402770996,3800,0.00041595556612161977,0.0008758426612674631,-0.015790002625582757,-0.01579000213494906,1.0,1.0,-0.01579000032626226,-0.01579000027386773,1.0,1.0,1.0,1.0,1.0,1.0,0.002734961637409126,0.004523089934695797,0.0,0.0,1.0,1.0
321,-0.015789992975738555,-0.015789999408450234,-0.024511600465798776,0.006621807643469157,0.22991559564782715,0.28352328655786135,0.030094405557861328,0.3481678627408279,0.12595247449005645,0.005452085843358586,0.3481678627408279,0.12595247449005645,0.008672807754903344,0.36919735448774543,0.143204844025076,0.005916735713195971,-0.015789998029584928,-0.01578999958172286,0.020696599194264614,0.11669015884399414,0.12027454376220703,0.11187887191772461,-0.015789998349961785,-0.01578999778958457,0.020696599403349482,0.11887526512145996,0.12210345268249512,0.11173152923583984,3801,0.0004158472942977155,0.0008756134924127971,-0.015789999765809536,-0.01578999974417083,1.0,1.0,-0.015790000622099704,-0.015790000542987265,1.0,1.0,1.0,1.0,1.0,1.0,0.0027349614662490695,0.0045230898030692935,0.0,0.0,1.0,1.0
322,-0.015789996217354198,-0.015789991389630224,-0.02447726624008905,0.0066133110245589965,0.23563451902062987,0.35911601741357424,0.11801741441357422,0.34841280479588677,0.12609244977678433,0.005449390120716688,0.34841280479588677,0.12609244977678433,0.008674248756376698,0.36934022637654323,0.14325630574666418,0.005922990088801238,-0.015789998803351427,-0.015789997126846932,0.020698273214654648,0.1156761646270752,0.11946535110473633,0.11356878280639648,-0.015789998037661485,-0.015789999581931047,0.020625302844401026,0.11590218544006348,0.12129449844360352,0.11180281639099121,3900,0.00040534415051052215,0.0008534741341074567,-0.01579000400907765,-0.01579000325127181,1.0,1.0,-0.015790000206720833,-0.015790000165217588,1.0,1.0,1.0,1.0,1.0,1.0,0.0027881476509068804,0.0045701688976525325,0.0,0.0,1.0,1.0
323,-0.015789996737659878,-0.01578998958916997,-0.024478595079645234,0.006613226358463393,0.23601972336254884,0.2708311225524902,0.029901842552490236,0.348424133233633,0.12609970117000793,0.005449605541160446,0.348424133233633,0.12609970117000793,0.008672842704304806,0.3693657617843814,0.14327543462172743,0.005921741449399826,-0.01578999892062502,-0.015789996555159853,0.020695547720130273,0.11195993423461914,0.1182396411895752,0.11463212966918945,-0.015789998803584233,-0.01578999712501276,0.020695547611399873,0.12286186218261719,0.11804819107055664,0.11528897285461426,3901,0.0004052405155090589,0.000853255707853453,-0.015790005035220166,-0.01579000409555817,1.0,1.0,-0.015790000119650708,-0.015790000084955135,1.0,1.0,1.0,1.0,1.0,1.0,0.002788147739447815,0.004570168966040993,0.0,0.0,1.0,1.0
324,-0.022171468030665865,-0.0157899987615984,-0.02461998749733043,0.006604955165706975,0.3062144911627197,0.34579012480810545,0.09258054480810547,0.34850693664064175,0.12613859266359373,0.005450728402107494,0.34850693664064175,0.12613859266359373,0.008669921864747396,0.37287506877691573,0.14435265576011502,0.0030410473307864137,-0.012376777043652325,-0.01578999939538401,0.021014672350094743,0.12998485565185547,0.12253475189208984,0.11722540855407715,-0.01578999892981824,-0.015789996638386743,0.02060377710713966,0.11954236030578613,0.11976122856140137,0.11849737167358398,4000,0.00042388855480028013,0.000832188753866005,-0.015790000091913746,-0.01579000001551461,1.0,1.0,-0.01661027793875597,-0.015267742212050824,0.0,0.0,1.0,1.0,1.0,1.0,0.003088451838516687,0.004836628520802817,0.0,0.0,1.0,1.0
325,-0.02216720544294533,-0.015789999480812902,-0.0246007225445446,0.006604872717648357,0.3123327284128418,0.2941366192775879,0.02896593027758789,0.348472196698139,0.12611827816683502,0.005454067294083405,0.348472196698139,0.12611827816683502,0.008668336791184474,0.37286412497521626,0.14434596061151286,0.0030414467688225162,-0.012370576038865714,-0.015789999601674428,0.021025695768045756,0.13541841506958008,0.1254417896270752,0.11537432670593262,-0.012366824203671517,-0.015789999394608827,0.021025702266799222,0.1317141056060791,0.12676382064819336,0.11455130577087402,4001,0.00042378558530068605,0.0008319837634979131,-0.015789999726624017,-0.015789999711661607,1.0,1.0,-0.016614272639973254,-0.015272725229360032,0.0,0.0,1.0,1.0,1.0,1.0,0.003088446523582733,0.004836624374947274,0.0,0.0,1.0,1.0
326,-0.02213802216907663,-0.01578999761640927,-0.0244393269913878,0.006596815561402639,0.3195093119758301,0.3005348873955078,0.039032927395507816,0.34831976702988965,0.12601950785756444,0.005429050053476729,0.34831976702988965,0.12601950785756444,0.008632043626296031,0.37269862825385947,0.1442149346713617,0.003040208867185679,-0.012349366324033289,-0.01578999904791924,0.02089957833699152,0.13236713409423828,0.13057827949523926,0.11718511581420898,-0.012329450378584208,-0.01578999960068249,0.020998149148910523,0.13049983978271484,0.1333780288696289,0.12053489685058594,4100,0.0004135428856289924,0.0008118893313787364,-0.01579000049586727,-0.015790000370443993,1.0,1.0,-0.016628098802243464,-0.015302867697884123,0.0,0.0,1.0,1.0,1.0,1.0,0.003016367891566475,0.004772203272185064,0.0,0.0,1.0,1.0
327,-0.022140112561240485,-0.01578999743310927,-0.024440636802173954,0.006596735220695981,0.32280637231555176,0.28563389451757815,0.03179633351757812,0.34833602540085756,0.12603075766564958,0.005429009017302162,0.34833602540085756,0.12603075766564958,0.008634265333392146,0.372719913655819,0.14422974582815173,0.003039709738648444,-0.012352034946685984,-0.01578999900884366,0.020890305647454206,0.1597142219543457,0.1422560214996338,0.1364591121673584,-0.012352236568436413,-0.015789999048263056,0.020890305125834632,0.1340031623840332,0.13158035278320312,0.12024617195129395,4101,0.00041344448196832816,0.0008116938547036908,-0.015790000590722785,-0.01579000045033074,1.0,1.0,-0.016626099862619675,-0.015301245168489852,0.0,0.0,1.0,1.0,1.0,1.0,0.003016368323021395,0.004772203603736865,0.0,0.0,1.0,1.0
328,-0.02212224678018313,-0.015789997300339458,-0.024418198836514728,0.006588881546935158,0.33608865006982425,0.30341674149401854,0.050441182494018556,0.3481527521827414,0.12591875943902123,0.005406405614767824,0.3481527521827414,0.12591875943902123,0.008650036367455,0.372484929742425,0.1440515886670656,0.0030306211733455743,-0.012420994812417107,-0.015789998939555943,0.020954350724765442,0.16558265686035156,0.13329005241394043,0.15639972686767578,-0.012394345068421462,-0.015789999010394965,0.020917919537218145,0.15587973594665527,0.12848353385925293,0.12332653999328613,4200,0.00040366498105237896,0.0007925323428110238,-0.015790000672509547,-0.015790000516859335,1.0,1.0,-0.016641567333362323,-0.015332616979575185,0.0,0.0,1.0,1.0,1.0,1.0,0.003042984452846187,0.004795773721164489,0.0,0.0,1.0,1.0
329,-0.022122725639737172,-0.015789996620873544,-0.02441948668215013,0.006588803210917919,0.3162852146237793,0.2812922264893799,0.03137279348937988,0.34816595097228736,0.1259275815015635,0.005405821550749098,0.34816595097228736,0.1259275815015635,0.008649011444281408,0.3724928992680844,0.14405621431188131,0.0030299458144383462,-0.012423530445773323,-0.015789998743557212,0.020950485465052338,0.13315296173095703,0.15160346031188965,0.13208818435668945,-0.012423134305439211,-0.015789998939956414,0.020950485231851033,0.1430187225341797,0.15958476066589355,0.12504339218139648,4201,0.0004035703707674957,0.0007923452338360055,-0.01579000103526252,-0.015790000818678727,1.0,1.0,-0.016640708350977876,-0.015332913630045256,0.0,0.0,1.0,1.0,1.0,1.0,0.003042984647595166,0.00479577386925365,0.0,0.0,1.0,1.0
330,-0.022112508035790707,-0.0157899972605033,-0.02445571758047206,0.006581143221735592,0.31553975044140625,0.3207714309914551,0.08529627999145507,0.3481601449077619,0.1259146354856659,0.005394580005539264,0.3481601449077619,0.1259146354856659,0.008652230032979902,0.37252454858103634,0.14403512852679476,0.003031402722247792,-0.012423856939189407,-0.01578999899246596,0.020918952126386087,0.17349481582641602,0.12973618507385254,0.165696382522583,-0.012417709941842683,-0.015789998736860888,0.02080107109662253,0.14962291717529297,0.1529228687286377,0.14087343215942383,4300,0.0003943084639194866,0.0007741439110076428,-0.015790000451179446,-0.015790000343576006,1.0,1.0,-0.016640045029170224,-0.015355959515338548,0.0,0.0,1.0,1.0,1.0,1.0,0.003129517497009168,0.004873670586988092,0.0,0.0,1.0,1.0
331,-0.02210998839441359,-0.015789999002194136,-0.02444890163042875,0.006581066795013516,0.3214686113182373,0.2791563523355713,0.03280348833557129,0.3481583673731291,0.1259123702091458,0.005393905884004512,0.3481583673731291,0.1259123702091458,0.008651686810247526,0.37251988016903426,0.14403141462822644,0.0030313499602242448,-0.01242126613245775,-0.015789999471485308,0.020876133981553736,0.16539525985717773,0.14584970474243164,0.12604451179504395,-0.012418931823727051,-0.01578999899277956,0.02092924541489894,0.16965603828430176,0.13304734230041504,0.16088652610778809,4301,0.00039421732437351664,0.0007739644885409028,-0.015789999921057098,-0.015789999879289435,1.0,1.0,-0.016642703367254246,-0.015360300305147066,0.0,0.0,1.0,1.0,1.0,1.0,0.0030905407088810764,0.00483852754541399,0.0,0.0,1.0,1.0
332,-0.022108545806855968,-0.015789990351894875,-0.024486795204162908,0.006573591378339377,0.3339667179407959,0.3750968590028076,0.12556806200280762,0.3481285481739633,0.1258965903501763,0.00538688496830569,0.3481285481739633,0.1258965903501763,0.00863523770579241,0.3724551060063904,0.14394823834114281,0.003025490517152269,-0.012458178185769877,-0.015789996873976753,0.02079907244684498,0.17273759841918945,0.15447640419006348,0.14109158515930176,-0.01244904571288039,-0.015789999472801727,0.020740855707559794,0.14422941207885742,0.15253376960754395,0.13572216033935547,4400,0.0003853445122010324,0.0007566639336572667,-0.015790004695456262,-0.015790003831318733,1.0,1.0,-0.016652371055518755,-0.015385473765148112,0.0,0.0,1.0,1.0,1.0,1.0,0.003133442881376805,0.0048771992902499825,0.0,0.0,1.0,1.0
333,-0.022108610987373566,-0.01578999392176648,-0.02448802247496779,0.006573516772118706,0.33142880833740235,0.2863148459379883,0.03435938093798828,0.34811436664991685,0.12588621608959144,0.005387675793980417,0.34811436664991685,0.12588621608959144,0.008636581926180161,0.37243525986768816,0.14393366894663767,0.0030256291177116856,-0.01246083538641444,-0.015789997941339718,0.02079734902277467,0.1657252311706543,0.16325950622558594,0.13291287422180176,-0.012460823562841013,-0.01578999687579785,0.020797348937768856,0.1777479648590088,0.16271018981933594,0.12871694564819336,4401,0.0003852537635498861,0.0007564888476060911,-0.015790002792528273,-0.015790002250166177,1.0,1.0,-0.016652393124051982,-0.015385498661616363,0.0,0.0,1.0,1.0,1.0,1.0,0.0031334429526682834,0.004877199345012171,0.0,0.0,1.0,1.0
334,-0.022074859316311743,-0.01578999938365095,-0.024601026080501076,0.006566217439398903,0.3519480650325928,0.3289537441066894,0.07653048510668946,0.34780520773949863,0.12571564980901534,0.005380500218690786,0.34780520773949863,0.12571564980901534,0.008666603781226424,0.3721121751097844,0.14370981148743933,0.003015743329642192,-0.01247317699071426,-0.01578999958101384,0.02117397052199893,0.17804455757141113,0.15217924118041992,0.15184688568115234,-0.012436359633955688,-0.015789997917497786,0.020791319930435856,0.15491294860839844,0.1656174659729004,0.1314253807067871,4500,0.00037676573992360626,0.0007398411199351213,-0.015789999753997024,-0.01578999973608131,1.0,1.0,-0.01669566803126952,-0.015446974975670607,0.0,0.0,1.0,1.0,1.0,1.0,0.003415439871748864,0.005131453947319706,0.0,0.0,1.0,1.0
335,-0.02207492374314404,-0.01578999949331705,-0.02460224179440287,0.006566144570893388,0.3529264056685791,0.3049475748339844,0.036598103833984374,0.34781084153729924,0.12571881663963563,0.005381161122259446,0.34781084153729924,0.12571881663963563,0.00866691235851164,0.3721133458214899,0.1437096583849975,0.0030153551044986068,-0.012475763602965277,-0.015789999604491844,0.021165409694700175,0.15207529067993164,0.16665101051330566,0.1368083953857422,-0.01247575347894692,-0.01578999958105489,0.02116540971572292,0.17461061477661133,0.16491985321044922,0.13271236419677734,4501,0.00037668248446626835,0.0007396774627138743,-0.01578999971762991,-0.015789999704767476,1.0,1.0,-0.01669569382377017,-0.015446999970821329,0.0,0.0,1.0,1.0,1.0,1.0,0.0034154398555061843,0.005131453933930838,0.0,0.0,1.0,1.0
336,-0.0220545844462071,-0.015789998950450194,-0.02458768677742077,0.006559013401677172,0.3418230081616211,0.29702261156066895,0.04260564356066895,0.3478622066966775,0.12575226745337917,0.005380586081945298,0.3478622066966775,0.12575226745337917,0.008670496495723778,0.37209912236994747,0.14368721893951097,0.003010183613322629,-0.012489465976229488,-0.01578999946742451,0.02114666779920905,0.1765601634979248,0.1735084056854248,0.15866541862487793,-0.012469705712560435,-0.015789999604311683,0.021144417752578644,0.17327570915222168,0.14678573608398438,0.14579558372497559,4600,0.0003685875342763619,0.0007237736633216308,-0.015789999977379426,-0.01578999992432569,1.0,1.0,-0.01671003572473459,-0.01547933613006951,0.0,0.0,1.0,1.0,1.0,1.0,0.0034170992376169607,0.005132950343454194,0.0,0.0,1.0,1.0
337,-0.022058107909380852,-0.015789999350189907,-0.02458887922764124,0.006558942193580079,0.34433432736694336,0.28485601975341795,0.03407815175341797,0.3478785011416088,0.12576375882032503,0.005381502425720734,0.3478785011416088,0.12576375882032503,0.008669776399728352,0.37211511788021157,0.14369804515628706,0.0030103907566736495,-0.012490083251837904,-0.015789999570664476,0.021151123787225376,0.1754765510559082,0.176008939743042,0.16920208930969238,-0.012491978103603042,-0.015789999467541276,0.02115112387748162,0.17911911010742188,0.17367935180664062,0.1709589958190918,4601,0.0003685095661591075,0.0007236185532792066,-0.01578999975162183,-0.015789999736604145,1.0,1.0,-0.01670912669985779,-0.015472623941101372,0.0,0.0,1.0,1.0,1.0,1.0,0.003417099165179423,0.005132950285481958,0.0,0.0,1.0,1.0
338,-0.022007066899308838,-0.01578999843483705,-0.024545953364194944,0.006551971786115518,0.34482875329711915,0.34073217319018556,0.06207941119018555,0.3477265712951671,0.12567741111691794,0.0053772300415185735,0.3477265712951671,0.12567741111691794,0.008660539836258835,0.3720542722766199,0.1436460861620184,0.0030118578383221692,-0.012437496788913456,-0.01578999933158022,0.02117259883653161,0.17334651947021484,0.17077922821044922,0.14983153343200684,-0.012394579749564188,-0.015789999568427974,0.02118514112271734,0.19060850143432617,0.16895174980163574,0.16248059272766113,4700,0.0003607762591752981,0.0007084117219838262,-0.015790000081924434,-0.0157900000269024,1.0,1.0,-0.01675696596370242,-0.015525886538096056,0.0,0.0,1.0,1.0,1.0,1.0,0.0034078578986264495,0.005124618758455765,0.0,0.0,1.0,1.0
339,-0.02200691562814591,-0.015789998471496324,-0.024547128059672588,0.006551902166128262,0.35880905348168946,0.31916026530603026,0.034809349306030274,0.34773092159854685,0.1256795537799176,0.005378106193627273,0.34773092159854685,0.1256795537799176,0.008659064248111503,0.37205760046440917,0.14364720563198846,0.0030112509045446515,-0.012438870805458779,-0.015789999340101137,0.021173660207333383,0.19055533409118652,0.17263388633728027,0.1771409511566162,-0.012438974294968236,-0.015789999331733657,0.021173660154582802,0.16936826705932617,0.18684911727905273,0.17381596565246582,4701,0.000360701179845321,0.0007082627381984455,-0.015790000068631994,-0.01579000001523629,1.0,1.0,-0.01675830629782362,-0.015525970957907122,0.0,0.0,1.0,1.0,1.0,1.0,0.003407857943346897,0.005124618792767159,0.0,0.0,1.0,1.0
340,-0.022046334205805235,-0.015789999275238806,-0.024621050495010257,0.006545085593202721,0.32562672522717284,0.38023500913635255,0.11733936213635254,0.34799929212162073,0.12583091455804435,0.0053897670007869635,0.34799929212162073,0.12583091455804435,0.008662497107967437,0.37212673750606134,0.14366010173441182,0.0029968467063270303,-0.012557120548187374,-0.015789999536058186,0.021065420076981103,0.193007230758667,0.18975138664245605,0.14400005340576172,-0.012576353334854344,-0.01578999935182632,0.021063809473964315,0.19192028045654297,0.17789101600646973,0.16459393501281738,4800,0.0003532478659047432,0.0006936526950424486,-0.01578999983741601,-0.01578999980552295,1.0,1.0,-0.016745508449862383,-0.015502010757013128,0.0,0.0,1.0,1.0,1.0,1.0,0.003409048492817762,0.005125692058036611,0.0,0.0,1.0,1.0
341,-0.022043737283554358,-0.015789998772597864,-0.024592254496195055,0.006545017493613012,0.3283758145756836,0.3014508770897217,0.05225426408972168,0.34800078726417005,0.12583029416151773,0.0053912777810639165,0.34800078726417005,0.12583029416151773,0.008658543235233317,0.3721250728387186,0.14365810289933853,0.00299708838065643,-0.012552562543439906,-0.01578999939661527,0.020981469225498196,0.18570494651794434,0.18389344215393066,0.1569199562072754,-0.01255143070306193,-0.015789999535875853,0.021066178117280898,0.18700480461120605,0.19061779975891113,0.18134355545043945,4801,0.0003531753732789775,0.0006935110621514864,-0.015790000174473642,-0.015790000086675107,1.0,1.0,-0.016746380688470928,-0.01550390627949015,0.0,0.0,1.0,1.0,1.0,1.0,0.003346441447090519,0.005069244984535046,0.0,0.0,1.0,1.0
342,-0.02203769680474599,-0.01578999770769014,-0.024582872539767067,0.006538348262985068,0.38753317713977053,0.3256821114260254,0.05089671642602539,0.3478976096758019,0.12575155138914526,0.005415748847621164,0.3478976096758019,0.12575155138914526,0.008659460426423102,0.3719493593935482,0.14351865666938624,0.0029949327532281245,-0.01256778481716422,-0.0157899991290226,0.02092100406694053,0.18727803230285645,0.1888117790222168,0.18734097480773926,-0.012556239031194065,-0.01578999939846224,0.021048118949612376,0.16953539848327637,0.19576120376586914,0.16843581199645996,4900,0.00034603612304000297,0.0006794986924740695,-0.015790000358485254,-0.015790000269503807,1.0,1.0,-0.01677283021238777,-0.015539564915278218,0.0,0.0,1.0,1.0,1.0,1.0,0.003252675346505364,0.004984703859477921,0.0,0.0,1.0,1.0
343,-0.02203775536459172,-0.015789997337217906,-0.02459832303920711,0.006538281620288461,0.38826814841064455,0.3665062742655029,0.08965622126550293,0.34790474832876517,0.1257553593541754,0.005410426854815721,0.34790474832876517,0.1257553593541754,0.0086617149086861,0.3719551717952159,0.14352193182133424,0.002994563670303204,-0.012570135168126679,-0.015789999032424888,0.021011133139255712,0.1942753791809082,0.14914298057556152,0.186537504196167,-0.012570124435303507,-0.015789999129258703,0.02091319276547421,0.19957613945007324,0.1475059986114502,0.19631457328796387,4901,0.0003459651260680348,0.0006793615151755341,-0.01579000048492829,-0.01579000038107195,1.0,1.0,-0.016772855924466968,-0.015539593581778526,0.0,0.0,1.0,1.0,1.0,1.0,0.0033249363424554257,0.005049856888158997,0.0,0.0,1.0,1.0
344,-0.02201246309632006,-0.015789996867397203,-0.02459266754405044,0.006531753639150883,0.3853141548359375,0.32390596621105955,0.05420307421105957,0.34790295867889415,0.12575459656701438,0.005415955969725476,0.34790295867889415,0.12575459656701438,0.008654809379297931,0.37186450643498276,0.14345173977490727,0.002992553008616214,-0.01258304588917988,-0.0157899988892121,0.02093109387450674,0.1740398406982422,0.15947890281677246,0.19707584381103516,-0.012568582301148795,-0.015789999035105987,0.02095440162119789,0.17711734771728516,0.19225168228149414,0.19253063201904297,5000,0.00033911712737149725,0.0006659153347607878,-0.015790000620573265,-0.015790000502539273,1.0,1.0,-0.016788655001257466,-0.015542649774655642,0.0,0.0,1.0,1.0,1.0,1.0,0.0033077107406923258,0.005034326393454145,0.0,0.0,1.0,1.0
345,-0.0422213128926776,-0.04222131289267725,-0.059021329010566566,0.0064587658421341185,0.09703084298352051,0.095975356,0.003544903,4.214684851089404e-09,3.925307347207741e-34,1.0857204449249531e-28,4.214684851089404e-09,3.925307347207741e-34,5.46364163402521e-30,4.214684851089404e-09,3.925307347207741e-34,1.0857202806583758e-28,-0.04222131357485528,-0.04222131357485503,-0.03463296104979654,0.00029969215393066406,0.0001971721649169922,0.0002601146697998047,0.0,0.0,0.0,4.124641418457031e-05,3.3855438232421875e-05,3.0994415283203125e-05,0,0.09673208969034247,5.087574664504324e-09,0.062158824965231396,0.057124681710889795,0.0,0.0,0.062158824965228,0.05712468171088771,0.0,0.0,0.0,0.0,0.0,0.0,0.10633438687703257,0.09270982974730636,0.0,0.0,0.0,0.0
346,-0.04117491486889608,-0.04117491486889606,-0.05256779704209447,0.006400154787332796,0.10293427169287109,0.103881808,0.004233506,3.512237375907836e-09,2.724406216584032e-34,1.1349190179848554e-19,3.512237375907836e-09,2.724406216584032e-34,2.4604040635270676e-19,3.512237375907836e-09,3.2710894560064505e-34,2.817219591719473e-20,-0.04117491581357785,-0.04117491581357783,-0.03682926976420671,0.0003285408020019531,0.00020813941955566406,0.00029754638671875,-0.02890923404766873,-0.02890923404766705,0.008147182079423415,0.000232696533203125,0.00022101402282714844,0.0002377033233642578,1,0.14531482444486554,0.11514771393505369,0.04355004167353377,0.04201756340854957,0.0,0.0,0.04355004167353389,0.04201756340854926,0.0,0.0,0.0,0.0,0.0,0.0,0.06284696229136792,0.058534607976122144,0.0,0.0,0.0,0.0
347,-0.03056946329978451,-0.03056946329978464,-0.04153968636834597,0.006271709218885336,0.15612023634423827,0.158221983,0.005873217,3.2549530702979497e-09,4.001869498328704e-34,8.900173146484832e-20,3.2549530702979497e-09,4.001869498328704e-34,8.028901654805017e-20,3.169333872485649e-09,2.1807263040043002e-34,6.806867782871195e-20,-0.030569464555149438,-0.03056946455514952,-0.028217933327822728,0.0003829002380371094,0.00024175643920898438,0.0003514289855957031,0.02057065312525451,0.0205706531252544,0.031167712611886084,0.0002658367156982422,0.00024056434631347656,0.000263214111328125,4,0.12939838994359856,0.14964582964304315,0.005487038807058664,0.0056646627439173244,0.0,0.0,0.0054870388070581335,0.005664662743916779,0.0,0.0,0.0,0.0,0.0,0.0,0.017921771559610476,0.017611760838877,0.0,0.0,0.0,0.0
348,-0.021948947541486536,-0.021948947541486522,-0.031295219504210596,0.006238756566936219,0.20232293154968262,0.200421464,0.006194947,2.1843997035757727e-09,4.79999710175842e-34,1.4557552177032502e-19,2.1843997035757727e-09,4.79999710175842e-34,2.1978993563058135e-19,2.852400485237085e-09,1.9626536736038704e-34,9.756295885877145e-20,-0.021948950103105894,-0.021948950103105894,-0.017507620840076746,0.0003962516784667969,0.000255584716796875,0.00035572052001953125,-0.013465045356770611,-0.013465045356770549,-0.008521915056971328,0.00028586387634277344,0.0002589225769042969,0.0002422332763671875,5,0.12333707378691817,0.1490895730112277,-0.009270332642799776,-0.006731240049536542,0.0,0.0,-0.0092703326427997,-0.006731240049536453,0.0,0.0,0.0,0.0,0.0,0.0,-0.0061541701172426015,-0.002191747294603317,0.0,0.0,0.0,0.0
349,-0.021907693051748778,-0.02190769305174872,-0.03123088428146777,0.00613467610761575,0.2908426004371338,0.290799825,0.007459359,3.3772764540949202e-09,4.406730350141752e-34,1.4655282476919637e-19,3.3772764540949202e-09,4.406730350141752e-34,2.089478994753782e-19,3.8544198695672866e-09,1.4018954811456217e-34,7.54668243352174e-20,-0.021907695963282778,-0.021907695963282757,-0.017902813094015663,0.00048279762268066406,0.000331878662109375,0.00045490264892578125,-0.01741849257656573,-0.01741849257656577,-0.01635715626580876,0.0003795623779296875,0.00039696693420410156,0.00032067298889160156,9,0.09614259822253626,0.12585891890192985,-0.011134132433360686,-0.009053791926575743,0.0,0.0,-0.011134132433360597,-0.009053791926575622,0.0,0.0,0.0,0.0,0.0,0.0,-0.006273220832691448,-0.0038367120226141193,0.0,0.0,0.0,0.0
350,-0.02196127522708754,-0.021961275227087552,-0.031230884304637656,0.00611355012111221,0.30205670850268557,0.308087594,0.00740789,4.299906020111034e-09,4.591378445898143e-34,1.2143546201063964e-19,4.299906020111034e-09,4.591378445898143e-34,1.9501803960869948e-19,3.5974585449294673e-09,1.3084357824025801e-34,7.406505939491802e-20,-0.021961276176341752,-0.021961276176341752,-0.018066694671368497,0.000507354736328125,0.0003566741943359375,0.00047588348388671875,-0.021503820830323234,-0.02150382083032323,-0.018066694660458432,0.0003666877746582031,0.0004057884216308594,0.0003974437713623047,10,0.08922316243737928,0.12245017678986811,-0.011469371823454581,-0.009478738736429022,0.0,0.0,-0.011469371823454564,-0.009478738736429017,0.0,0.0,0.0,0.0,0.0,0.0,-0.006273220834662019,-0.003836712016776137,0.0,0.0,0.0,0.0
351,-0.02273407550325205,-0.02117967497613692,-0.03181340417415389,0.006041716740354696,0.3243691943128662,0.3118515235701904,0.00998021957019043,0.0657555288278873,0.013850269067622621,0.0008092580030550616,0.0657555288278873,0.013850269067622621,0.0008274700825217637,0.07732539835696468,0.01942704092359251,0.0009670053215249776,-0.02075320577212996,-0.020454123979078233,-0.0186038045247029,0.0005822181701660156,0.0004677772521972656,0.0005755424499511719,-0.021524099712643192,-0.021524099712643192,-0.018064143671696883,0.0005166530609130859,0.0005156993865966797,0.00046062469482421875,14,0.06882866259689797,0.10611428317799577,-0.00997174997386784,-0.008815616132498802,0.0,0.0,-0.011545570054663999,-0.00972150367651802,0.0,0.0,0.0,0.0,0.0,0.0,-0.009208610522208583,-0.007399039969171458,0.0,0.0,0.0,0.0
352,-0.02275315485002134,-0.02179268738332414,-0.032152176250472,0.006026241615322143,0.3455228812009277,0.31954072570458986,0.010679241704589844,0.07753629059075044,0.017452740856441763,0.0006600992876966644,0.07753629059075044,0.017452740856441763,0.0005730151766198642,0.08904509998139198,0.020884914198828205,0.0009534130536930687,-0.02087796322101388,-0.020367887221318118,-0.0200333986971319,0.0006511211395263672,0.0005459785461425781,0.0006008148193359375,-0.020875905710578242,-0.020649531045577308,-0.018745397622648475,0.0004992485046386719,0.0005478858947753906,0.0005638599395751953,15,0.06516611093591808,0.11638352531486502,-0.011903260898790931,-0.009750678709635877,0.0,0.0,-0.011542212871749781,-0.009717557373221412,0.0,0.0,0.0,0.0,0.0,0.0,-0.008046274189289212,-0.005713856527257904,0.0,0.0,0.0,0.0
353,-0.022711550834981237,-0.022985616916167247,-0.03493552779789915,0.005971555567523738,0.3010970687608643,0.3236277551538086,0.009925568153808594,0.1222325212484529,0.031054727210585147,0.0013674317520213205,0.1222325212484529,0.031054727210585147,0.0022899210320969535,0.13334622455234904,0.03768432104314928,0.0018844517645997844,-0.019575706477977198,-0.01932695374807528,-0.014792615431564335,0.0007083415985107422,0.0006659030914306641,0.0006988048553466797,-0.018418317337102044,-0.018638876900128904,-0.01718849449969545,0.0006549358367919922,0.0006453990936279297,0.0006518363952636719,19,0.054105269597796324,0.11287693306699961,-0.008816005092587925,-0.009780922537479239,0.0,0.0,-0.00997514813124755,-0.009939341411997076,0.0,0.0,0.0,0.0,0.0,0.0,-0.0039380732690446054,-0.007778286523477147,0.0,0.0,0.0,0.0
354,-0.021446873411528955,-0.021039731009785848,-0.029403738942454283,0.005959379457645493,0.2878750668763428,0.30498516647387697,0.010705603473876953,0.13288640913406882,0.035083561875360825,0.001253208429358445,0.13288640913406882,0.035083561875360825,0.0019433269480964943,0.1399164366048061,0.0398519817847419,0.0019563830378638582,-0.01816075107820613,-0.018933751407816484,-0.01248730047032683,0.00070953369140625,0.0006670951843261719,0.0006852149963378906,-0.01662043159276894,-0.01603810995922042,-0.010935402811664309,0.0006592273712158203,0.0006570816040039062,0.0006468296051025391,20,0.05185473245521649,0.12607640728864275,-0.014801676255568138,-0.013707336158106806,0.0,0.0,-0.014062901900040604,-0.01312522545952528,0.0,0.0,1.0,1.0,1.0,0.0,-0.013044694421306274,-0.010443650274824084,0.0,0.0,0.0,0.0
355,-0.017648700150787396,-0.016657046378195355,-0.02648956345215398,0.005546749783104787,0.2772858266741943,0.28330943617614746,0.00985784217614746,0.3132349025703002,0.1018574721609714,0.00216933453021737,0.3132349025703002,0.1018574721609714,0.0063287757357415545,0.3097061555638743,0.11045594242915703,0.002418472497288308,-0.01465559850570607,-0.014256580267926349,-0.002454853839861229,0.0025153160095214844,0.0024607181549072266,0.002457141876220703,-0.010438140220895922,-0.01150200019984713,-0.0037608750114878527,0.002477407455444336,0.002550363540649414,0.0025467872619628906,100,0.012981190981629899,0.03204630848501288,-0.01751471009724597,-0.017174343434753,1.0,1.0,-0.017685684171674418,-0.016849739934427274,1.0,0.0,1.0,1.0,1.0,1.0,-0.008711072632442241,-0.00897017703179395,0.0,0.0,1.0,1.0
356,-0.017893451004950715,-0.016900199566267794,-0.0268751710586986,0.005544121594903359,0.26141032812353515,0.27218915697717283,0.008443477977172851,0.31425699698531384,0.10251590092042025,0.002172781182570127,0.31425699698531384,0.10251590092042025,0.006265788873012372,0.31064680065813677,0.11094396817312206,0.0024979179012324026,-0.014706255125202987,-0.014480176693944346,-0.0020989475258790663,0.0025606155395507812,0.002556324005126953,0.002616405487060547,-0.01470859714958294,-0.014306759873874815,-0.002527257363209374,0.0027501583099365234,0.002616405487060547,0.002568960189819336,101,0.012861936511579143,0.031740111428486324,-0.017817052477925234,-0.01744309582150258,1.0,1.0,-0.017972878817273327,-0.0169854909427851,1.0,0.0,1.0,1.0,1.0,1.0,-0.00805065870645345,-0.009022055161619906,0.0,0.0,1.0,1.0
357,-0.017530986167284244,-0.016986369265975385,-0.025735421928306253,0.005364266515238753,0.2907316666776123,0.2470318722258301,0.007791527225830078,0.3348957130733056,0.11595898668810488,0.0021163778493634533,0.3348957130733056,0.11595898668810488,0.006224362080376322,0.33671503399020253,0.12430129924570042,0.002402995858904679,-0.015058351134458614,-0.015043352783774298,0.00011011586096471362,0.005098819732666016,0.004967927932739258,0.004838228225708008,-0.01413902855537375,-0.01414259491835783,0.0010921655792864755,0.004810333251953125,0.005105495452880859,0.004952669143676758,200,0.007521532194543599,0.016275966000452266,-0.0180837754044581,-0.01795860330235785,1.0,1.0,-0.018244420721696682,-0.017844113380935268,1.0,1.0,1.0,1.0,1.0,1.0,-0.007067208921992467,-0.008303141075487302,0.0,0.0,1.0,1.0
358,-0.017454258786215204,-0.01691278811235618,-0.025495227400083403,0.005362961497096705,0.3047578253046875,0.2361256306534424,0.0076550016534423825,0.3347450084647576,0.11584742770201266,0.002112062141779867,0.3347450084647576,0.11584742770201266,0.006219251647236764,0.33655636253289495,0.12415227898698902,0.0023900617484670567,-0.014958577826347718,-0.014962361650363005,0.00034888584670801984,0.005019426345825195,0.004899740219116211,0.004859209060668945,-0.014935092028744719,-0.014937201783049017,0.00037622500670939085,0.00487065315246582,0.004839658737182617,0.004795074462890625,201,0.007485244309563347,0.016196365019522284,-0.018043750616818014,-0.017861790076517434,1.0,1.0,-0.01818679271492309,-0.017782153441777554,1.0,1.0,1.0,1.0,1.0,1.0,-0.007126710497428118,-0.008362654582019435,0.0,0.0,1.0,1.0
359,-0.01743365531846907,-0.016897309184133773,-0.024997129647489194,0.005258756333128792,0.3661927817277832,0.23853540715795898,0.009533338157958985,0.344581456070179,0.12280638766611995,0.0020936092876078036,0.344581456070179,0.12280638766611995,0.007736878028983669,0.34657836463214065,0.12947731737382803,0.00234584440288777,-0.0156255195091081,-0.015574521383893985,0.00912709043338801,0.007139921188354492,0.0070819854736328125,0.007164478302001953,-0.015520525809313221,-0.01551131634799301,-5.726018961878243e-05,0.0072307586669921875,0.007270336151123047,0.007315874099731445,300,0.005060436286402134,0.010901836929077957,-0.01799285495218773,-0.017924554750621855,1.0,1.0,-0.018250958121300384,-0.01801475022904161,1.0,1.0,1.0,1.0,1.0,1.0,-0.003006891511666949,0.000756799121552701,0.0,0.0,1.0,1.0
360,-0.01743475675725263,-0.01689817278748874,-0.024997131208179157,0.005257895722537762,0.27399966556481936,0.22722137561279296,0.009591224612792968,0.3447997846676239,0.12295716590430379,0.0021077784315105177,0.3447997846676239,0.12295716590430379,0.007773576711450647,0.3467414637869107,0.12962109150907872,0.0023628994873011256,-0.015639702907627794,-0.01558710093717724,0.009359678902805289,0.0074117183685302734,0.007479429244995117,0.007194042205810547,-0.015639601340325802,-0.01558704415732619,0.009359670525813414,0.0076541900634765625,0.00757288932800293,0.007369279861450195,301,0.005043966764536373,0.010866046901361028,-0.01799303389120329,-0.017924715738165353,1.0,1.0,-0.018251283213776958,-0.018014844004296926,1.0,1.0,1.0,1.0,1.0,1.0,-0.0030068868508757785,0.0007568054787322045,0.0,0.0,1.0,1.0
361,-0.017335688305390968,-0.016758924782848933,-0.02627400616452399,0.005184719779158374,0.3492436173878174,0.23368477242944335,0.009598138429443358,0.3467896423942541,0.12421294161463185,0.00214544852395826,0.3467896423942541,0.12421294161463185,0.011216706618405453,0.35543435477510826,0.1354421795075458,0.0026715943688610656,-0.015703220149927255,-0.015623565895049093,0.027765967177936002,0.00940704345703125,0.009607791900634766,0.009288787841796875,-0.01576073904492109,-0.015733579444234633,0.008605798334151728,0.009589910507202148,0.009717226028442383,0.009505748748779297,400,0.003918298319829719,0.008191791361163,-0.017835460206678967,-0.017952720236190666,1.0,1.0,-0.018034547091663702,-0.018053371627562438,1.0,1.0,1.0,1.0,1.0,1.0,0.012452583437427521,0.0116513863836312,0.0,0.0,1.0,1.0
362,-0.01733644842473196,-0.01675957848550238,-0.026276494739662325,0.005184080518644219,0.34874437632751465,0.24729030353930664,0.00849833553930664,0.346670854646494,0.12412600991743604,0.002142733558479618,0.346670854646494,0.12412600991743604,0.011199056564470226,0.3552967257895156,0.13533041569705898,0.002668021709826426,-0.015713384352745913,-0.01563243256883482,0.027662058576216744,0.009641647338867188,0.009601354598999023,0.009549617767333984,-0.015713307362262535,-0.015632440828571084,0.027662058511118345,0.009687185287475586,0.009563922882080078,0.009200572967529297,401,0.003908376433244167,0.008171241363023996,-0.01783553705140957,-0.017952857947064457,1.0,1.0,-0.01803464154866194,-0.018053442524185902,1.0,1.0,1.0,1.0,1.0,1.0,0.012452583479871446,0.011651386422928747,0.0,0.0,1.0,1.0
363,-0.017247871036408714,-0.016696141415355012,-0.02595019718446585,0.0051278282557624955,0.27802115821411133,0.25546052152856447,0.010204358528564453,0.3495688684695248,0.12603303405722568,0.0020742493535635988,0.3495688684695248,0.12603303405722568,0.011148908018816182,0.36018607426841326,0.13821882856351414,0.00270460706283072,-0.015912699475904346,-0.015805285187118732,0.026705958291413825,0.01275634765625,0.012267351150512695,0.012098550796508789,-0.01580891229731803,-0.015700380887927655,0.027613355131913687,0.012503862380981445,0.012349605560302734,0.012425422668457031,500,0.0031402233132564682,0.00656507879616925,-0.01798947109426933,-0.01808130567458379,1.0,1.0,-0.018148575943848805,-0.01817253402813934,1.0,1.0,1.0,1.0,1.0,1.0,0.011831809872361048,0.010975909551017397,0.0,0.0,1.0,1.0
364,-0.01724844826397174,-0.016696656057993402,-0.02595172133826308,0.0051273210770944,0.28893766295605466,0.23269621482763672,0.00885220882763672,0.3496737844485884,0.12610483326744998,0.002073389880077822,0.3496737844485884,0.12610483326744998,0.011142582725935336,0.36040648501163774,0.13838080224392407,0.002704717599909366,-0.0159203423634698,-0.015811910677642888,0.026770808157499246,0.012285232543945312,0.012352228164672852,0.012148141860961914,-0.01592028380288448,-0.01581197851171647,0.026770808787355202,0.01280355453491211,0.012429952621459961,0.011937856674194336,501,0.003134203166300015,0.006552249453402873,-0.01798964576886154,-0.01808148856886356,1.0,1.0,-0.018148614159337332,-0.018172740634020107,1.0,1.0,1.0,1.0,1.0,1.0,0.01183180947739277,0.01097590916145177,0.0,0.0,1.0,1.0
365,-0.01686213280799114,-0.015789994446019646,-0.02401205198949469,0.005081714609275637,0.2749355514083252,0.32425563730969237,0.02390688630969238,0.34945916779075076,0.12616141599859557,0.005379894676013221,0.34945916779075076,0.12616141599859557,0.007230997303701344,0.36203341656352506,0.13905647645560035,0.0026738995844018073,-0.01564613384795413,-0.015789998526351958,0.010138750383834647,0.014837503433227539,0.014561653137207031,0.014484405517578125,-0.015543375542565565,-0.015457810251774291,0.0285163930835912,0.01484823226928711,0.014941930770874023,0.014299392700195312,600,0.0026216175424777725,0.005492657518991147,-0.015790032385548436,-0.01579002486701899,1.0,1.0,-0.01796698981209001,-0.01816940943427877,1.0,1.0,1.0,1.0,1.0,1.0,0.0015954240040399854,-0.00019634455541976562,0.0,0.0,1.0,1.0
366,-0.016862591670826283,-0.01578999948428156,-0.02402184085072184,0.005081294996892879,0.2694029826063232,0.3338701025480957,0.012023789548095704,0.34955574174088666,0.1262291610807303,0.005378909898447084,0.34955574174088666,0.1262291610807303,0.00722755344069123,0.3621713656765483,0.13915143064864952,0.0026730330905272944,-0.01565236524546571,-0.01578999962333859,0.010098136247425893,0.01505589485168457,0.014646053314208984,0.014350652694702148,-0.01565229901426708,-0.01578999861191725,0.01013418609694558,0.014878511428833008,0.01467132568359375,0.014568328857421875,601,0.0026173628489379788,0.005483700750941855,-0.015790000587195496,-0.015790000370428495,1.0,1.0,-0.017967084898265675,-0.018169553201438517,1.0,1.0,1.0,1.0,1.0,1.0,0.0015523165164520875,-0.00023496070630398143,0.0,0.0,1.0,1.0
367,-0.016861681463581493,-0.015789999175573912,-0.023913845744363012,0.005042995541082795,0.3190745999572754,0.3059246651765137,0.01584191917651367,0.34941115568517,0.12618794218407295,0.005432854606678409,0.34941115568517,0.12618794218407295,0.008973853540136351,0.36309416560901236,0.13976200596999883,0.002699308269912676,-0.015676814467105702,-0.015789999616067262,0.027353660786208447,0.01762223243713379,0.017002344131469727,0.016648054122924805,-0.015669829627179856,-0.015789999618157087,0.009813087620979273,0.017245054244995117,0.01696491241455078,0.016646385192871094,700,0.002248041257096507,0.004710318444924668,-0.015790002038067654,-0.015790001549134115,1.0,1.0,-0.017906246475777036,-0.018093124938609418,1.0,1.0,1.0,1.0,1.0,1.0,0.010921507343007213,0.01194433732309541,0.0,0.0,1.0,1.0
368,-0.016862054666230798,-0.015789994040928363,-0.023931772505120144,0.005042638147908684,0.31661199256262207,0.3070907600581055,0.01274802905810547,0.3494900645442447,0.12624263796079038,0.00544286126044972,0.3494900645442447,0.12624263796079038,0.008969883165002891,0.36319326676037567,0.13982795478553894,0.002697227064806025,-0.015681981822179388,-0.01578999983505145,0.027459588879583816,0.017251968383789062,0.017172813415527344,0.017169713973999023,-0.015681940733304072,-0.015789999621199993,0.027374457634246417,0.017380952835083008,0.017107725143432617,0.01700282096862793,701,0.002244848040681459,0.0047036529702797255,-0.015790023968587828,-0.01579001917090013,1.0,1.0,-0.01790633035732735,-0.01809328473783796,1.0,1.0,1.0,1.0,1.0,1.0,0.010999588183923499,0.012011263775806039,0.0,0.0,1.0,1.0
369,-0.01670118282213274,-0.01578999835165971,-0.024384212695748867,0.0050096599331809185,0.41897341958569334,0.32141339431884763,0.016966033318847655,0.34862810261312954,0.12578684935204468,0.005343135364381344,0.34862810261312954,0.12578684935204468,0.008906440480673536,0.3628898284335643,0.13953747328988308,0.0027562754252210284,-0.015567857754133172,-0.015789999114372445,0.02335408812861777,0.020418882369995117,0.02030467987060547,0.019281625747680664,-0.015587503691488687,-0.01578999925540531,0.026831060215431794,0.020012617111206055,0.019779205322265625,0.019182443618774414,800,0.001966839092178292,0.004122644224305986,-0.015790007381249124,-0.015790005702413314,1.0,1.0,-0.017887606074796468,-0.018084927361666427,1.0,1.0,1.0,1.0,1.0,1.0,0.007910246382610609,0.009259334432586652,0.0,0.0,1.0,1.0
370,-0.01670150705102124,-0.01578999922579917,-0.02439482110553113,0.005009348976936545,0.4240247153942871,0.31530235572180176,0.011722225721801757,0.3486693737150522,0.1258119032625912,0.00534219452509323,0.3486693737150522,0.1258119032625912,0.008906282344781375,0.3629343753892169,0.13956350169115364,0.002756503921563672,-0.015572354169735937,-0.01578999942632241,0.02330068219633577,0.020275354385375977,0.019577741622924805,0.019089460372924805,-0.015572331085296593,-0.015789999130488706,0.023300682135897664,0.02044367790222168,0.019948482513427734,0.0195310115814209,801,0.001964387706264185,0.0041175057748592285,-0.015790002481957763,-0.015790001842632732,1.0,1.0,-0.017887783004878855,-0.01808510469604504,1.0,1.0,1.0,1.0,1.0,1.0,0.007910246422542575,0.009259334472127597,0.0,0.0,1.0,1.0
371,-0.016795020522942773,-0.015789994731053227,-0.02427118429538984,0.0049804159013179935,0.38631060467858885,0.3327865732557373,0.016056550255737306,0.349049277567934,0.12615412164369247,0.0053636538715865585,0.349049277567934,0.12615412164369247,0.008886661590437037,0.363837605185412,0.14007768935073334,0.0027450099103897424,-0.015729082742920723,-0.015789994781879382,0.021259932142248715,0.02339005470275879,0.0232541561126709,0.0220797061920166,-0.01567281108829536,-0.015789999541773063,0.022963555230336878,0.02302861213684082,0.023217201232910156,0.022387266159057617,900,0.0017488382210084118,0.0036682193529802734,-0.01579007409292934,-0.01579005438505845,1.0,1.0,-0.018008606763607347,-0.01810586195038882,1.0,1.0,1.0,1.0,1.0,1.0,0.006443453553049299,0.007907381806408794,0.0,0.0,1.0,1.0
372,-0.016795314322814094,-0.015789999546419416,-0.024279734860564416,0.004980140899721891,0.4283126465090332,0.32498179421203616,0.012176909212036133,0.34911868405897656,0.1262021801892366,0.005369567941594518,0.34911868405897656,0.1262021801892366,0.008888667699050232,0.3638994055409795,0.14011638980883714,0.002745064312187843,-0.015732997843307263,-0.015789999521932933,0.021317797598579408,0.023490190505981445,0.022986412048339844,0.021990537643432617,-0.01573297756246507,-0.01578999492710286,0.0213177976509105,0.02326512336730957,0.02270960807800293,0.022128582000732422,901,0.0017469345816412808,0.0036641915887618876,-0.015790001319909666,-0.01579000086693305,1.0,1.0,-0.018008721093240226,-0.01810602615814118,1.0,1.0,1.0,1.0,1.0,1.0,0.006443453518031497,0.007907381772326803,0.0,0.0,1.0,1.0
373,-0.016595872588876355,-0.015789999080889325,-0.023782414103267875,0.004954384826623001,0.46857569325231935,0.3091105995352783,0.01847746753527832,0.3491135181364249,0.1262176595422834,0.005362696130944282,0.3491135181364249,0.1262176595422834,0.008798282816724077,0.3646223134798544,0.14050209167970582,0.0027824383048990543,-0.015533555521872947,-0.015789999547954625,0.02129273300201031,0.025702476501464844,0.024992704391479492,0.024541854858398438,-0.015541860771563316,-0.015789999401686253,0.02191841825542836,0.02570939064025879,0.02562427520751953,0.024539470672607422,1000,0.0015753816057215788,0.0033038115385813816,-0.01579000165907292,-0.015790001280093044,1.0,1.0,-0.017996789698614856,-0.01809915563145593,1.0,1.0,1.0,1.0,1.0,1.0,0.005923150396133494,0.007427873661067075,0.0,0.0,1.0,1.0
374,-0.016593639571594487,-0.015789999130570786,-0.023699283474796096,0.004954138468489988,0.46105728790795897,0.2976670891551514,0.012240041155151368,0.34904091205113097,0.12616843924885787,0.005358729373712394,0.34904091205113097,0.12616843924885787,0.00879203731230772,0.3645366412755718,0.14044083712658645,0.00277880889206172,-0.015536452925465152,-0.015789999533395688,0.02134336755096653,0.02660393714904785,0.026132583618164062,0.02513575553894043,-0.015532418393698576,-0.01578999954225043,0.02134336758345224,0.026268482208251953,0.025478601455688477,0.02448439598083496,1001,0.0015738476136450033,0.0033005535884677024,-0.01579000164869724,-0.01579000125473728,1.0,1.0,-0.018017425405488577,-0.01808477926385136,1.0,1.0,1.0,1.0,1.0,1.0,0.0059231503759628054,0.0074278736387005636,0.0,0.0,1.0,1.0
375,-0.016642721466274896,-0.015789992249434174,-0.024012610601337577,0.004930942362448533,0.43637154284143065,0.3405134491378174,0.023278083137817384,0.3502815959762355,0.12698522461775869,0.0054228786874294084,0.3502815959762355,0.12698522461775869,0.008823851490807838,0.3664672087178939,0.141672481460477,0.002804759686264349,-0.015668724548861986,-0.015789992513709567,0.020209034551678565,0.02942371368408203,0.02855658531188965,0.02790522575378418,-0.015651553474478885,-0.015789999631001368,0.020529269479534623,0.028807401657104492,0.028522491455078125,0.027838468551635742,1100,0.001432784780684661,0.0030057344142420065,-0.01579009124157259,-0.01579006777992498,1.0,1.0,-0.018080975221462875,-0.018118275788479535,1.0,1.0,1.0,1.0,1.0,1.0,0.005650860051114066,0.007177193506935007,0.0,0.0,1.0,1.0
376,-0.016674578810638933,-0.015789997598381154,-0.02404429386019999,0.004930719348826144,0.43357257902209473,0.3565301112099609,0.013475691209960937,0.3502877982837123,0.12698593244937095,0.005435152681501475,0.3502877982837123,0.12698593244937095,0.008831623703706859,0.3664561969265254,0.14165662122068173,0.002809176300384797,-0.01568331488919537,-0.015789997444990895,0.020480447096979035,0.028803110122680664,0.028319120407104492,0.02794647216796875,-0.01567187009879164,-0.015789992664245113,0.020173473270479872,0.02957940101623535,0.029140472412109375,0.027692317962646484,1101,0.0014315277974784183,0.003003051251848672,-0.01579002700790712,-0.015790019923235123,1.0,1.0,-0.01809109350020914,-0.018127777211040294,1.0,1.0,1.0,1.0,1.0,1.0,0.005912153890657448,0.0074177496614207675,0.0,0.0,1.0,1.0
377,-0.016563948382464843,-0.015789999222575818,-0.02400835329139522,0.00490962913692425,0.33501948221081546,0.36863389258691404,0.029680945586914063,0.3500929695985041,0.12682517870685972,0.005385118549748596,0.3500929695985041,0.12682517870685972,0.00874980525944737,0.36669321481454425,0.1417001638261183,0.0027951412829068617,-0.015632358822186353,-0.015789999249092815,0.018910888466657054,0.03205418586730957,0.03160810470581055,0.031143665313720703,-0.0156499182677114,-0.015789997298861127,0.020507857542186946,0.033066511154174805,0.03170371055603027,0.030394315719604492,1200,0.001313574463545634,0.0027582422746969103,-0.015790005540553362,-0.015790004001804955,1.0,1.0,-0.018075120778272103,-0.018068534145252856,1.0,1.0,1.0,1.0,1.0,1.0,0.004553920774697247,0.006167313427819969,0.0,0.0,1.0,1.0
378,-0.016564163947742003,-0.015789999347424106,-0.02401400001466698,0.004909425506579888,0.360438958789917,0.34736212305480957,0.01389319705480957,0.35014280591096575,0.1268593886804359,0.005385534465706173,0.35014280591096575,0.1268593886804359,0.008743028299449396,0.3667339229548077,0.14172623860053674,0.0027937268302157406,-0.01563525591877455,-0.015789999335555308,0.018893925980875723,0.0321652889251709,0.030789852142333984,0.03023362159729004,-0.01563523106812227,-0.015789999257807566,0.01889392604908407,0.03142189979553223,0.03081989288330078,0.030758142471313477,1201,0.001312477141372066,0.002755944981431249,-0.015790004179522116,-0.015790002987749394,1.0,1.0,-0.01807517268702041,-0.01806852468284493,1.0,1.0,1.0,1.0,1.0,1.0,0.004553920716611852,0.006167313384426791,0.0,0.0,1.0,1.0
379,-0.016475152833501806,-0.015789999470051115,-0.024030721327409677,0.00489985426577477,0.4814599841669922,0.29660297299975585,0.01426390699975586,0.3498547102574576,0.12671310924164672,0.005415675318304718,0.3498547102574576,0.12671310924164672,0.008721984078041567,0.3666187201780798,0.14164103124699512,0.0027851511821734235,-0.01558791702470331,-0.015789999500084993,0.01870155195120475,0.0329129695892334,0.03274130821228027,0.03207993507385254,-0.01556858778127251,-0.01578999924318702,0.01892528344198856,0.03380584716796875,0.03306937217712402,0.03157210350036621,1249,0.001262183533344556,0.0026502407719054396,-0.015790001445933753,-0.015790000973947053,1.0,1.0,-0.018102271664950088,-0.018056819576285337,1.0,1.0,1.0,1.0,1.0,1.0,0.004363723331979003,0.005993193052396153,0.0,0.0,1.0,1.0
380,-0.01649297395860158,-0.015789999545459912,-0.024061192324729492,0.004899658978533599,0.4811352007421875,0.3002184545340576,0.014452311534057617,0.34985842685989926,0.12671257509918132,0.005414565742576018,0.34985842685989926,0.12671257509918132,0.00872909086132774,0.3666157659131167,0.14163090601924602,0.002785898143308707,-0.015589125978073007,-0.015789999588878882,0.018937207588012143,0.03331637382507324,0.03263258934020996,0.031228303909301758,-0.015590678443829192,-0.01578999950261251,0.018671560595787125,0.03296351432800293,0.03297066688537598,0.03185081481933594,1250,0.0012611969689287257,0.002648145179172907,-0.01579000055630676,-0.01579000031924991,1.0,1.0,-0.018106727222646505,-0.01805577156550375,1.0,1.0,1.0,1.0,1.0,1.0,0.0045897679013065795,0.006200316261427965,0.0,0.0,1.0,1.0
381,-0.01655209441608047,-0.015789999281570155,-0.02453663569633128,0.00489009745662072,0.3873103760720215,0.3218758481369629,0.01894112413696289,0.34966078519938176,0.12659505237813864,0.005431140554962063,0.34966078519938176,0.12659505237813864,0.00878839151341216,0.36639419363991643,0.14143032721935453,0.0027961169321389515,-0.015616338664469386,-0.0157899992926103,0.018575912192806708,0.034562110900878906,0.03394126892089844,0.033426523208618164,-0.015591934536168427,-0.01578999959645277,0.018595681435255577,0.035437822341918945,0.03489327430725098,0.03352189064025879,1300,0.0012125940470855477,0.002546342675930803,-0.015790004490844528,-0.015790003176091152,1.0,1.0,-0.018155346331961468,-0.0181068364973131,1.0,1.0,1.0,1.0,1.0,1.0,0.004572765297338453,0.006184661452806234,0.0,0.0,1.0,1.0
382,-0.0165522954181441,-0.01578999351395842,-0.024526757439034548,0.0048899101719002015,0.3858240291286621,0.30078929978466795,0.013782662784667969,0.3496731325061487,0.12660060427383352,0.0054299381969470754,0.3496731325061487,0.12660060427383352,0.008786815783873449,0.3664657715622179,0.14148874064585928,0.00279884247901935,-0.015619042171120767,-0.015789994246779362,0.018461572159143427,0.03496217727661133,0.035097360610961914,0.032874345779418945,-0.01561902952854344,-0.01578999929923415,0.018613927885449473,0.03467202186584473,0.03371620178222656,0.032976627349853516,1301,0.001211667858483686,0.0025443928324926676,-0.015790078540579303,-0.015790057260367273,1.0,1.0,-0.018155364997102443,-0.018106883797987777,1.0,1.0,1.0,1.0,1.0,1.0,0.004441893630892031,0.006064176367554728,0.0,0.0,1.0,1.0
383,-0.016522882322812023,-0.015789998719267156,-0.02422478345153532,0.004872077901755837,0.4042405761221924,0.34504041585046386,0.025147774850463867,0.34961319595279755,0.12654042984906752,0.00544358610433223,0.34961319595279755,0.12654042984906752,0.008718547578050656,0.36669849139642,0.14156967191050848,0.002798921608123751,-0.015601558746752717,-0.015789999014860858,0.019502074687866994,0.036988019943237305,0.03658461570739746,0.03590798377990723,-0.015593154923824015,-0.015789994180107948,0.01840121428561421,0.0382077693939209,0.037267446517944336,0.03573966026306152,1400,0.0011262525039680371,0.0023652999577141224,-0.015790009722190693,-0.015790006945450113,1.0,1.0,-0.018163921883410192,-0.018136004790605884,1.0,1.0,1.0,1.0,1.0,1.0,0.005389315116632026,0.006936406040698543,0.0,0.0,1.0,1.0
384,-0.016523069532273404,-0.015789999545777145,-0.024229850254223438,0.004871904582956572,0.40976710362377927,0.3309061351864014,0.014633540186401367,0.3496652013960146,0.12657740008761603,0.005449810942745209,0.3496652013960146,0.12657740008761603,0.008718861315003164,0.36673796747685183,0.14159556911410898,0.0027982853828809624,-0.015604059126169152,-0.01578999961121043,0.01951798384990063,0.03813338279724121,0.0374298095703125,0.03569221496582031,-0.015604051460659615,-0.01578999902755192,0.019517983861312947,0.0378568172454834,0.0363311767578125,0.035604000091552734,1401,0.001125458796367468,0.002363624755676948,-0.01579000065221317,-0.015790000374243787,1.0,1.0,-0.018163950536742687,-0.018136053984660033,1.0,1.0,1.0,1.0,1.0,1.0,0.005389315109482555,0.0069364060330370444,0.0,0.0,1.0,1.0
385,-0.016455169647868344,-0.01578999701927363,-0.024206541376869853,0.0048555188917071565,0.4165502164359131,0.31068220180444334,0.03624386880444336,0.34885843347899625,0.12607596143280073,0.005335771576510367,0.34885843347899625,0.12607596143280073,0.006429188255150477,0.3665082609589,0.1414228528258898,0.0027763664880782316,-0.01561353237422961,-0.015789999092368483,0.004516353391335201,0.04158139228820801,0.03952836990356445,0.039164066314697266,-0.015599614937585651,-0.015789999610685095,0.019511976243180428,0.039952993392944336,0.03915095329284668,0.038593292236328125,1499,0.0010518515378173414,0.002213374013860568,-0.015790026447865625,-0.015790019480567474,1.0,1.0,-0.018197935772317163,-0.01816081741907064,1.0,1.0,1.0,1.0,1.0,1.0,-0.009428781723280422,-0.004694644268833918,0.0,0.0,1.0,1.0
386,-0.016455344256865786,-0.015789997545369618,-0.024189658108912694,0.004855357527852452,0.4181068917385254,0.29190170660339354,0.016740117603393556,0.34888543401686933,0.1260927118208818,0.0053341564727222264,0.34888543401686933,0.1260927118208818,0.006441119325273688,0.36656577993578204,0.14146387996499046,0.0027801058877622267,-0.01561357332357018,-0.015789999216462503,0.004487597107810926,0.04060006141662598,0.03975534439086914,0.03920912742614746,-0.015613559384467084,-0.0157899990628293,0.004559154532734248,0.04048609733581543,0.03905916213989258,0.03841090202331543,1500,0.0010511485601214841,0.0022118977195914368,-0.015790020986561,-0.01579001543686003,1.0,1.0,-0.018197976134379904,-0.01816085705260485,1.0,1.0,1.0,1.0,1.0,1.0,-0.009462064812813585,-0.004754063536400933,0.0,0.0,1.0,1.0
387,-0.016445694917070257,-0.015789999159026867,-0.024161168999061105,0.00485519627653793,0.3615993894346924,0.2917373765921631,0.017110476592163085,0.3488351041880047,0.1260586144712051,0.005338852459776882,0.3488351041880047,0.1260586144712051,0.00643715540748151,0.36650606914011924,0.1414217469954225,0.0027799945439933673,-0.015600945920761602,-0.015789999516789107,0.004514564480107338,0.03972196578979492,0.03961682319641113,0.039449453353881836,-0.015601400789755143,-0.015789999106501893,0.004514564433914809,0.040651798248291016,0.04025435447692871,0.03906846046447754,1501,0.0010504636961383674,0.0022104402182231923,-0.015790004491322736,-0.01579000323217451,1.0,1.0,-0.018197295458726483,-0.018151054537457294,1.0,1.0,1.0,1.0,1.0,1.0,-0.009462064803049198,-0.004754063508433848,0.0,0.0,1.0,1.0
388,-0.016310607787371846,-0.0157899994009232,-0.024409070040460137,0.004839765152192924,0.3595985553736572,0.3048348040134277,0.03582644301342773,0.34862812266606025,0.12594244107158092,0.0053796704898434215,0.34862812266606025,0.12594244107158092,0.006442156324937079,0.36710491149520674,0.1418647208613631,0.002800632072935382,-0.015485136258642635,-0.015789999528287257,0.004795554964350083,0.04422283172607422,0.04250645637512207,0.04136848449707031,-0.015457959386729576,-0.015789999264513962,0.004537193550479785,0.04358720779418945,0.041938066482543945,0.04168248176574707,1600,0.0009859305738518492,0.0020749781675759257,-0.015790001330612626,-0.01579000089863447,1.0,1.0,-0.018249808258523847,-0.018141897512120222,1.0,1.0,1.0,1.0,1.0,1.0,-0.009339424575425788,-0.0045316371406106245,0.0,0.0,1.0,1.0
389,-0.016310772311568956,-0.015789998978136897,-0.024413244911508064,0.00483961442998965,0.3558014527124023,0.28940120791918944,0.01670737391918945,0.3486038932933337,0.125922870251913,0.0053767910152389825,0.3486038932933337,0.125922870251913,0.006440908735530724,0.3670720683579572,0.14183678366447233,0.0027999294423596277,-0.015487304851755087,-0.015789999312851168,0.004779060293086484,0.04311800003051758,0.04201817512512207,0.04080462455749512,-0.015487294922167605,-0.01578999953002504,0.004779060168853624,0.04337477684020996,0.042716026306152344,0.0416867733001709,1601,0.0009852892573045033,0.0020736571343032795,-0.01579000446358514,-0.015790003219248595,1.0,1.0,-0.01824982617234645,-0.01814191157355295,1.0,1.0,1.0,1.0,1.0,1.0,-0.009339424502372594,-0.004531637050033923,0.0,0.0,1.0,1.0
390,-0.01624470762384279,-0.015789997988004456,-0.024702549581849285,0.004825161132496658,0.3602583212097168,0.3064697780723877,0.036708890072387694,0.34792672174047107,0.1255169672685035,0.005398986589826268,0.34792672174047107,0.1255169672685035,0.008848875479052094,0.36629608258486906,0.14127091111923146,0.0028140160058949294,-0.015417167765757897,-0.01578999922617161,0.0197496526964573,0.047496795654296875,0.04587697982788086,0.04356098175048828,-0.015425886050115335,-0.015789999207587634,0.005097670667915239,0.046729087829589844,0.04593157768249512,0.044225215911865234,1700,0.0009279047181425692,0.0019531639322965533,-0.015790006676852073,-0.01579000517436685,1.0,1.0,-0.018242603074071505,-0.018146032154401682,1.0,1.0,1.0,1.0,1.0,1.0,0.005261479844556652,0.006818717679744712,0.0,0.0,1.0,1.0
391,-0.01624486064184804,-0.01578999910265234,-0.024706397776013456,0.004825019675723219,0.37536507092321775,0.2907785008826904,0.016272602882690432,0.34794818453606274,0.125530065553998,0.005399790379281417,0.34794818453606274,0.125530065553998,0.008848580239711693,0.36632350129732577,0.14128890606544722,0.0028143341634401654,-0.015419216961712737,-0.01578999936646412,0.01972675992338843,0.04560661315917969,0.04452800750732422,0.0446016788482666,-0.0154192211210557,-0.015789999232628436,0.019726759808006554,0.04682111740112305,0.045839548110961914,0.0447385311126709,1701,0.0009273594633912643,0.0019520164324139313,-0.01579000294504037,-0.015790002145739127,1.0,1.0,-0.018242705358914434,-0.018145988713670947,1.0,1.0,1.0,1.0,1.0,1.0,0.005261479935662717,0.006818717757610241,0.0,0.0,1.0,1.0
392,-0.016246853370021644,-0.01578999452364064,-0.024857088765286056,0.004818330218804664,0.34147666637683105,0.29768964299414064,0.020681371994140624,0.34800621248616964,0.1255420733737517,0.005414131130554667,0.34800621248616964,0.1255420733737517,0.008869889612136124,0.36654606203344714,0.14140936948569474,0.0028149100052670935,-0.015435416517907578,-0.015789997045260996,0.020390537809859527,0.04671764373779297,0.045873403549194336,0.044449567794799805,-0.015439648683939187,-0.015789999360947223,0.019571042921298284,0.04590320587158203,0.04577016830444336,0.04426407814025879,1749,0.0009020034095052617,0.0018985791481315117,-0.01579002976414202,-0.015790022641798077,1.0,1.0,-0.01828344598746433,-0.01818186208429652,1.0,1.0,1.0,1.0,1.0,1.0,0.0059620958760903545,0.007463728266297964,0.0,0.0,1.0,1.0
393,-0.016247002989807174,-0.015789992847863584,-0.024860994914630112,0.004818192907271659,0.33878012950463865,0.29425490739489746,0.017350574394897463,0.34804581241333893,0.1255698131176181,0.00541691359083484,0.34804581241333893,0.1255698131176181,0.008872648692330055,0.3665757139533968,0.14142849965147083,0.0028149102106052194,-0.015437403822270643,-0.01578999625225454,0.020367825076990573,0.04732823371887207,0.04679536819458008,0.04509401321411133,-0.015437400300730418,-0.01578999707373222,0.02036782507618206,0.047000885009765625,0.04619765281677246,0.045085906982421875,1750,0.0009014822940563728,0.0018974899200517523,-0.015790039539393622,-0.015790030125412184,1.0,1.0,-0.018283474905552974,-0.01818185715372935,1.0,1.0,1.0,1.0,1.0,1.0,0.005962095876766705,0.00746372826683142,0.0,0.0,1.0,1.0
394,-0.016245995687025127,-0.015789999498892503,-0.024890546626007502,0.0048114300879822025,0.4201806164445801,0.30676705646069335,0.02246935946069336,0.34787810195056335,0.12549943205125152,0.005410827057714457,0.34787810195056335,0.12549943205125152,0.008889568570957275,0.3664514589785624,0.1413538671265479,0.0028279738281515392,-0.015409602966724025,-0.01578999960902764,0.01999705513018262,0.04978489875793457,0.04761362075805664,0.046753883361816406,-0.015405623756510636,-0.015789996070468024,0.02041373062962365,0.04886960983276367,0.04810070991516113,0.04714846611022949,1800,0.0008764206112363656,0.0018448094178642942,-0.015790000367496823,-0.015790000195785966,1.0,1.0,-0.01826823389932332,-0.018170005369151095,1.0,1.0,1.0,1.0,1.0,1.0,0.005606110586850772,0.00713599522951224,0.0,0.0,1.0,1.0
395,-0.016246140754933833,-0.01578999950723565,-0.024894198789916614,0.004811296846121507,0.4212844203144531,0.30387236651538085,0.018451099515380858,0.34791601842925746,0.1255258011790608,0.005408902759771348,0.34791601842925746,0.1255258011790608,0.008885698530595216,0.3664785056656954,0.14137110179772078,0.0028265131806474537,-0.015411569796150614,-0.015789999606719705,0.01998438582310344,0.04906868934631348,0.04811716079711914,0.04757118225097656,-0.015411556006643559,-0.0157899996096849,0.019984385828315028,0.0493929386138916,0.04791736602783203,0.04651212692260742,1801,0.0008759379190940149,0.0018437931603427363,-0.01579000031136526,-0.0157900001542735,1.0,1.0,-0.018268275004126488,-0.018170038306068316,1.0,1.0,1.0,1.0,1.0,1.0,0.005606110584379895,0.007135995226574773,0.0,0.0,1.0,1.0
396,-0.01619304735317662,-0.015789999271097737,-0.02480869076878738,0.0047984756025769145,0.32664992589819336,0.309412744711792,0.031100500711791993,0.34817167375272534,0.12566788587606406,0.005444349735752778,0.34817167375272534,0.12566788587606406,0.008859637825729986,0.3669018197948902,0.14159974967644884,0.0028125770541215416,-0.015361649465372319,-0.015789999534257332,0.02070788294500172,0.05193686485290527,0.04954195022583008,0.04860353469848633,-0.015366269513107678,-0.015789999594708268,0.020218410475773774,0.05063486099243164,0.0506901741027832,0.04902005195617676,1900,0.000830620034662297,0.0017482702354342894,-0.01579000110540784,-0.015790000763260505,1.0,1.0,-0.018267522174559056,-0.018133963566156493,1.0,1.0,1.0,1.0,1.0,1.0,0.006021535141299779,0.007518450113330084,0.0,0.0,1.0,1.0
397,-0.016193185054424096,-0.01578999919126337,-0.024812332651548915,0.004798349693031975,0.3386502855909424,0.29398855790490724,0.023872447904907227,0.34817372576262984,0.12566720067147638,0.005451355715579301,0.34817372576262984,0.12566720067147638,0.008862320796129202,0.3669353718401021,0.14162400718631118,0.002816372334415023,-0.015363513117633489,-0.01578999948605446,0.02068677227098443,0.0517420768737793,0.05081367492675781,0.04930901527404785,-0.015363498501450988,-0.015789999535483077,0.020686772271890218,0.05171608924865723,0.051024436950683594,0.04824376106262207,1901,0.0008301737350928943,0.0017473493234860138,-0.015790001403262702,-0.01579000099431288,1.0,1.0,-0.018267568906753205,-0.018133986696489263,1.0,1.0,1.0,1.0,1.0,1.0,0.006021535140760199,0.0075184501127214835,0.0,0.0,1.0,1.0
398,-0.016115547899401235,-0.015789997218912763,-0.02479404008272544,0.004786335684864002,0.4242589852030029,0.2687008848676758,0.021677932867675782,0.34813053987601417,0.12569325347395485,0.005394186610029389,0.34813053987601417,0.12569325347395485,0.008825292690375911,0.3670305310528001,0.14171412821495144,0.002811149444154749,-0.015347520389783879,-0.01578999880889284,0.019222080291735947,0.05566978454589844,0.05341506004333496,0.05132913589477539,-0.015348937130486231,-0.015789999474345867,0.02070826508569734,0.05265974998474121,0.0528414249420166,0.05156278610229492,1999,0.00078953584153321,0.0016618020729410596,-0.015790009148852174,-0.01579000701665978,1.0,1.0,-0.018268084757391886,-0.018123805984494118,1.0,1.0,1.0,1.0,1.0,1.0,0.0047601900265939025,0.0063572117267315644,0.0,0.0,1.0,1.0
399,-0.016121524097190747,-0.015789991025390755,-0.024810477264007178,0.004786216296585386,0.44864901167907717,0.27011983586669924,0.01960007186669922,0.3481282311772912,0.12569076727633557,0.005385434258783822,0.3481282311772912,0.12569076727633557,0.008827096411813612,0.36703035689882774,0.1417090222359157,0.0028110632547454317,-0.01535157712013781,-0.015789995716779855,0.02019010393790826,0.052785396575927734,0.05191802978515625,0.05113029479980469,-0.015348467524205822,-0.015789998803911243,0.019202859451463005,0.05372786521911621,0.05338096618652344,0.050264835357666016,2000,0.0007891483168132929,0.0016609806705553411,-0.015790038592382833,-0.01579002917459342,1.0,1.0,-0.018260340556776146,-0.018129679729366185,1.0,1.0,1.0,1.0,1.0,1.0,0.00559857269590855,0.007129055976944354,0.0,0.0,1.0,1.0
400,-0.016121652513422322,-0.015789990250846316,-0.024813802835957542,0.004786096970812945,0.4360857264095459,0.268389565862915,0.01849173586291504,0.34814643471543105,0.1257019290725143,0.00538516062413537,0.34814643471543105,0.1257019290725143,0.008827574335684985,0.36705500857922074,0.1417255410273935,0.00281030782113233,-0.015353310981133187,-0.015789995194100803,0.02019189630458488,0.054168701171875,0.0535581111907959,0.05153965950012207,-0.015353308311838747,-0.015789995748794708,0.020191896293752072,0.05366063117980957,0.05281853675842285,0.05232739448547363,2001,0.0007887605864588159,0.001660157726196781,-0.015790043304897444,-0.01579003264936739,1.0,1.0,-0.0182603898171659,-0.018129700183581125,1.0,1.0,1.0,1.0,1.0,1.0,0.005598572705144025,0.007129055984300606,0.0,0.0,1.0,1.0
401,-0.016090771836559988,-0.015789996033100925,-0.024624306709094955,0.00477458286379643,0.35608636179003905,0.28583077185546873,0.02588918185546875,0.34858376141491654,0.12598255114949705,0.005387106070941361,0.34858376141491654,0.12598255114949705,0.008830191494259402,0.36779544635442424,0.14222588343830098,0.0028220554458071416,-0.015343397547519655,-0.01578999833427039,0.019019953897389624,0.05775332450866699,0.05690789222717285,0.05475473403930664,-0.015342530065763627,-0.015789995568238832,0.02034737180204505,0.056693315505981445,0.05587029457092285,0.054018497467041016,2100,0.0007517592337582922,0.0015821873213828744,-0.015790015205974818,-0.01579001162381767,1.0,1.0,-0.018262778490067202,-0.018157529902188222,1.0,1.0,1.0,1.0,1.0,1.0,0.004476566107094389,0.0060960979796571176,0.0,0.0,1.0,1.0
402,-0.016098388496756724,-0.015789995931441286,-0.024635207698200864,0.0047744694815532035,0.33394890158288576,0.27075480993164064,0.018686626931640624,0.3485737088032715,0.12597377621925906,0.005392072306323915,0.3485737088032715,0.12597377621925906,0.008827882724434397,0.3677796525741921,0.1422108117710449,0.0028223371959670398,-0.015347241018326466,-0.015789998297780574,0.01909063474053869,0.05682730674743652,0.055559396743774414,0.052950382232666016,-0.015345037395905398,-0.015789998336268346,0.019014424762187978,0.05604052543640137,0.05563950538635254,0.05489850044250488,2101,0.0007514054034214524,0.0015814388352815,-0.015790015680349524,-0.015790011980165074,1.0,1.0,-0.01827723245047771,-0.01816268107342129,1.0,1.0,1.0,1.0,1.0,1.0,0.004540993946335377,0.006155412509531373,0.0,0.0,1.0,1.0
403,-0.016137858761436846,-0.015789998996954702,-0.024876225954011667,0.00476351580292112,0.419169654574707,0.30685289228271484,0.05342624528271484,0.3489146692825832,0.12619577685567407,0.005426724207063204,0.3489146692825832,0.12619577685567407,0.008836882327198137,0.36822053238343355,0.14247555182162605,0.002827316282635155,-0.01541953586576514,-0.015789999333354045,0.018229095338321243,0.05985879898071289,0.05834674835205078,0.0558314323425293,-0.015410280747459627,-0.01578999858302865,0.018876429440742668,0.0587005615234375,0.05813241004943848,0.05690336227416992,2200,0.0007176161390664098,0.0015104773787754594,-0.015790003385436874,-0.015790002489704087,1.0,1.0,-0.01831911928257056,-0.01820532091609052,1.0,1.0,1.0,1.0,1.0,1.0,0.003996902800733737,0.005658961861465885,0.0,0.0,1.0,1.0
404,-0.016137975916587922,-0.01578999952588167,-0.024873070184626023,0.004763407812399943,0.4042200214095459,0.2978362151293945,0.01885312812939453,0.3489461086639164,0.12621748964013715,0.005426075919712138,0.3489461086639164,0.12621748964013715,0.008833676087528148,0.3682589535323307,0.14250310788175255,0.0028283068306581114,-0.015421104277715033,-0.015789999604589405,0.018184225129359237,0.06016969680786133,0.05821514129638672,0.05666971206665039,-0.015421097142458748,-0.015789999336154333,0.01823688832269345,0.05921483039855957,0.05843353271484375,0.05672144889831543,2201,0.0007172979482720324,0.0015097995784026318,-0.015790000284997923,-0.01579000013277307,1.0,1.0,-0.01831913730638865,-0.018205341223466783,1.0,1.0,1.0,1.0,1.0,1.0,0.003953519210270464,0.005619134271638646,0.0,0.0,1.0,1.0
405,-0.016108983192848588,-0.015789999545721797,-0.024881525253350526,0.004752963657046443,0.413104136918335,0.3075073704289551,0.026462296428955076,0.34899454317040796,0.12623675969395753,0.005436338857153766,0.34899454317040796,0.12623675969395753,0.008722142683504547,0.36851805258282,0.1426683103838413,0.0028322085377185495,-0.015412864061551117,-0.015789999605689133,0.017532255977893915,0.06329464912414551,0.06012368202209473,0.05991649627685547,-0.015434324703845724,-0.015789999608829867,0.01807456705663965,0.06207680702209473,0.061742305755615234,0.05952930450439453,2300,0.0006864073778764184,0.0014448395533150278,-0.01579000033954968,-0.0157900001653758,1.0,1.0,-0.018281743352736513,-0.018160721018680423,1.0,1.0,1.0,1.0,1.0,1.0,0.003505209200514474,0.005212393151121911,0.0,0.0,1.0,1.0
406,-0.016109094086812714,-0.01578999926051257,-0.02488380469055901,0.004752860579358468,0.4073564597581787,0.2953100342932129,0.01902475329321289,0.349026171249031,0.12625924320895757,0.005437554404603296,0.349026171249031,0.12625924320895757,0.008726232096735113,0.36854852538674837,0.14268976555821236,0.0028321258178599074,-0.015414346618416999,-0.015789999383172517,0.017516433289737718,0.06201314926147461,0.061815738677978516,0.05963492393493652,-0.015414337865702014,-0.015789999606193927,0.0175164332668798,0.06235766410827637,0.061043500900268555,0.059873104095458984,2301,0.0006861102448549193,0.0014442132774520012,-0.015790002567796876,-0.01579000183546952,1.0,1.0,-0.01828178087701338,-0.018160748891514193,1.0,1.0,1.0,1.0,1.0,1.0,0.0035052092206145796,0.005212393166937944,0.0,0.0,1.0,1.0
407,-0.016091987908413305,-0.015789999246912937,-0.02468484515439401,0.004742881630582005,0.4474954044871826,0.312974386267334,0.04190235926733398,0.34894871864224236,0.12623909908831793,0.005433865346783662,0.34894871864224236,0.12623909908831793,0.00869729768021745,0.36859681533049404,0.14272739727675457,0.002839890753035439,-0.015398237039006807,-0.015789999392784977,0.017186903593765592,0.06519103050231934,0.06462788581848145,0.0626671314239502,-0.015395363417419476,-0.01578999935924527,0.01739046916227613,0.06604528427124023,0.06489181518554688,0.062896728515625,2400,0.000657824566115457,0.0013847309064811669,-0.01579000240299928,-0.015790001732068584,1.0,1.0,-0.01824907217745743,-0.018152033662316745,1.0,1.0,1.0,1.0,1.0,1.0,0.0033361533050536023,0.005059965522553398,0.0,0.0,1.0,1.0
408,-0.01609209359409165,-0.015789999545725186,-0.024687065521503616,0.004742783047493102,0.4528598210587158,0.30884306825415037,0.02243127225415039,0.3489724133803359,0.1262552038676841,0.0054344371881509855,0.3489724133803359,0.1262552038676841,0.008698048462408077,0.36862938927493466,0.14275043493835957,0.0028389116892419816,-0.015399633233978022,-0.01578999959063429,0.017206486108271347,0.06469297409057617,0.06331658363342285,0.06147360801696777,-0.01539964287082359,-0.01578999939472673,0.017206486097563745,0.06406426429748535,0.06378746032714844,0.06200742721557617,2401,0.0006575592585574987,0.0013841633684179753,-0.015790000210503034,-0.015790000078537064,1.0,1.0,-0.01824905046336044,-0.018152012819736888,1.0,1.0,1.0,1.0,1.0,1.0,0.003336153314274987,0.005059965530128973,0.0,0.0,1.0,1.0
409,-0.01606530575574153,-0.01578999639561403,-0.02449043293210084,0.004733230490667826,0.4196156179528809,0.3515580428203125,0.0419218198203125,0.34902758699743974,0.12633055889264241,0.005440845297135364,0.34902758699743974,0.12633055889264241,0.008713186224513858,0.3686350810828496,0.14274687992415375,0.0028416914532867848,-0.015381767278101683,-0.015789997616067225,0.01659436491038453,0.07170462608337402,0.07523465156555176,0.0722815990447998,-0.015392810233611425,-0.015789999586816955,0.01734905664972548,0.07622694969177246,0.07596707344055176,0.07280492782592773,2500,0.0006315925582472146,0.0013294530112770789,-0.01579002138569458,-0.015790016205501946,1.0,1.0,-0.01823089811261671,-0.01813879109593256,1.0,1.0,1.0,1.0,1.0,1.0,0.002712707458284086,0.004503386019415078,0.0,0.0,1.0,1.0
410,-0.016065406612970585,-0.015789995961543034,-0.02449247915239594,0.004733136034804218,0.4228394033625488,0.3347520719443359,0.021416696944335938,0.3490180218423148,0.126321546579059,0.005441472985627615,0.3490180218423148,0.126321546579059,0.008711020486170035,0.36861951745803445,0.14273226586865675,0.0028426834141128347,-0.015383118012294495,-0.015789997335715223,0.016580230395849715,0.07410192489624023,0.07425522804260254,0.07320618629455566,-0.015383110518424814,-0.01578999763078177,0.016580230272497925,0.07630395889282227,0.07559466361999512,0.07227396965026855,2501,0.0006313314812878434,0.0013289130233925567,-0.015790024498744303,-0.015790018569638867,1.0,1.0,-0.018230931145569906,-0.018138810926575807,1.0,1.0,1.0,1.0,1.0,1.0,0.002712707561599872,0.004503386104946511,0.0,0.0,1.0,1.0
411,-0.015982214144784207,-0.01578999917932468,-0.024500473002415986,0.004723975685685706,0.4412697973353272,0.3001225985616455,0.02560223656164551,0.3491740747815581,0.12645204105433877,0.005455305801023617,0.3491740747815581,0.12645204105433877,0.008712356722536351,0.36913169142432206,0.14313121301336262,0.0028494632152138524,-0.015326598430585077,-0.015789999333161473,0.016841387368371496,0.07716751098632812,0.07954549789428711,0.07548785209655762,-0.01532605270432866,-0.015789996878624972,0.016621830830863243,0.07948088645935059,0.07893085479736328,0.07733917236328125,2600,0.0006074507694173726,0.001278494065640797,-0.015790002514819407,-0.015790001803981366,1.0,1.0,-0.018242722749251827,-0.018108139703974454,1.0,1.0,1.0,1.0,1.0,1.0,0.0028939155461978083,0.00466379977016786,0.0,0.0,1.0,1.0
412,-0.015977071182929913,-0.01578999854224726,-0.024471100318068543,0.004723885032636061,0.46110340573083497,0.2950846537290039,0.023569183729003906,0.34914540465900723,0.12643233606514995,0.0054535436808445074,0.34914540465900723,0.12643233606514995,0.0087100014586779,0.3690958001739742,0.14310594903909518,0.002847532022840482,-0.015316323677438733,-0.01578999894827286,0.016859068368198688,0.07739043235778809,0.07808446884155273,0.07625341415405273,-0.015321172202377695,-0.01578999932454909,0.016859069644758046,0.07898712158203125,0.07983899116516113,0.07578229904174805,2601,0.0006072222237466838,0.0012780076949200343,-0.015790005967338868,-0.015790004431580767,1.0,1.0,-0.018236756909449446,-0.018099057622700095,1.0,1.0,1.0,1.0,1.0,1.0,0.0028939144026214124,0.004663798885859288,0.0,0.0,1.0,1.0
413,-0.015915496126671293,-0.01578999934472369,-0.024388357286757322,0.0047150866314045,0.4691297555812988,0.34127051391918944,0.06643827391918945,0.3485712853626623,0.12612491387810684,0.005461089920106632,0.3485712853626623,0.12612491387810684,0.008681376686119372,0.3685526326191147,0.14279258467671463,0.0028175156104715696,-0.015281586721895602,-0.015789999483627044,0.01704864816586159,0.07898759841918945,0.08124184608459473,0.07709717750549316,-0.015283012035848456,-0.015789998837709426,0.016803668012923784,0.08160734176635742,0.08136343955993652,0.0774843692779541,2700,0.0005848803791734054,0.001231147286598474,-0.01579000107507497,-0.015790000759422235,1.0,1.0,-0.018196242534748455,-0.01806160393690783,1.0,1.0,1.0,1.0,1.0,1.0,0.0030963583467049673,0.0048437579453658106,0.0,0.0,1.0,1.0
414,-0.015915588258020287,-0.015789999535809694,-0.024390382986741142,0.0047149994932948,0.4406336333406982,0.3149680203392334,0.0226690693392334,0.34859005751567096,0.12613726727739494,0.005462071586194036,0.34859005751567096,0.12613726727739494,0.008681992312495246,0.36857204661164295,0.14280535455277948,0.0028170374709992735,-0.015282817343113125,-0.015789999561772763,0.017065811680323704,0.08044028282165527,0.08068108558654785,0.07889246940612793,-0.015282808698954655,-0.015789999484507104,0.01706581126719078,0.08368825912475586,0.08106875419616699,0.07750272750854492,2701,0.0005846674713839151,0.001230695381230929,-0.01579000015738237,-0.015790000042868457,1.0,1.0,-0.018196299729620145,-0.01806159559891583,1.0,1.0,1.0,1.0,1.0,1.0,0.0030963587014675564,0.0048437582374112635,0.0,0.0,1.0,1.0
415,-0.015917760723690288,-0.015789999324685576,-0.02446905753405968,0.004706536127949629,0.4397795262785644,0.34600525926794434,0.06409742126794434,0.34867537993152387,0.12618603287253433,0.005479366843751144,0.34867537993152387,0.12618603287253433,0.00869917077467436,0.3688147203087235,0.14295738234588715,0.0028207963373973123,-0.015296416486446958,-0.015789999473434065,0.015511622434666642,0.0840754508972168,0.08623003959655762,0.08090925216674805,-0.015309760698968347,-0.015789999566284966,0.016987022513819245,0.08617281913757324,0.08586883544921875,0.08097243309020996,2800,0.0005640592911534748,0.0011873704080526126,-0.01579000133113283,-0.01579000097855205,1.0,1.0,-0.018184628933819245,-0.018056983638783893,1.0,1.0,1.0,1.0,1.0,1.0,0.001890494008411045,0.0037615088876462623,0.0,0.0,1.0,1.0
416,-0.015917850114244177,-0.015789999349276815,-0.024470696717732776,0.004706452248173515,0.41783683892211915,0.3056140600599365,0.023890097059936524,0.34865487599382095,0.12617114144853767,0.005484006482751268,0.34865487599382095,0.12617114144853767,0.008697194008169484,0.3687876967322046,0.14293680564872685,0.0028198725180002466,-0.015297610454209944,-0.01578999951684611,0.015499388000790443,0.08375883102416992,0.08491063117980957,0.08203816413879395,-0.015297587393006865,-0.01578999947440667,0.015499387875395353,0.0845494270324707,0.08344125747680664,0.08127212524414062,2801,0.0005638485144386824,0.001186937167541642,-0.015790001199698568,-0.01579000087461414,1.0,1.0,-0.018184571479720014,-0.018057072468883308,1.0,1.0,1.0,1.0,1.0,1.0,0.0018904941566424641,0.0037615089795683,0.0,0.0,1.0,1.0
417,-0.015883084857311432,-0.015789998306848897,-0.02442420403654758,0.00469829987987693,0.3890844708599854,0.30086402784375,0.03165833084375,0.3488342796273195,0.12631090618244337,0.005516640881921166,0.3488342796273195,0.12631090618244337,0.008689450197649528,0.3689496117681874,0.14304069143141246,0.0028112689740423984,-0.015279517200010563,-0.0157899990614491,0.01622559850806059,0.08500385284423828,0.08604812622070312,0.08305668830871582,-0.015283247809559239,-0.015789999511874236,0.01558773407321912,0.0882408618927002,0.0880887508392334,0.08523774147033691,2900,0.0005446362138703664,0.0011464808622421538,-0.015790005817927378,-0.015790004543613706,1.0,1.0,-0.0182042146557279,-0.01804351310595426,1.0,1.0,1.0,1.0,1.0,1.0,0.0024016779643663837,0.0042278497648770485,0.0,0.0,1.0,1.0
418,-0.015883171045466018,-0.015789991187141295,-0.024425920889627462,0.004698219028741143,0.39382453843029785,0.2993292032298584,0.0251535762298584,0.34880158087207686,0.12628975391497105,0.005515075644436514,0.34880158087207686,0.12628975391497105,0.008687217130207519,0.36891000741253865,0.1430135636979857,0.002810895660717349,-0.015280652223775048,-0.01578999535432816,0.01621352564245217,0.08607006072998047,0.08750605583190918,0.08382654190063477,-0.015280645100593309,-0.015789999064859974,0.016213526804569046,0.08624911308288574,0.08621716499328613,0.08517193794250488,2901,0.0005444406202056853,0.0011460779137132345,-0.015790044246811182,-0.015790034851866926,1.0,1.0,-0.01820424142122311,-0.018043528350330386,1.0,1.0,1.0,1.0,1.0,1.0,0.0024016772321522424,0.004227848947107736,0.0,0.0,1.0,1.0
419,-0.01589060055402763,-0.015789998933512205,-0.024574150992490155,0.00469035609824429,0.4324663259407959,0.31737662562854,0.04824691362854004,0.34880884680966806,0.12631273004431037,0.0055018063606371405,0.34880884680966806,0.12631273004431037,0.008692181285814508,0.36901492446580725,0.14309069928417043,0.0028157411500256066,-0.015291621094852473,-0.0157899993020011,0.015532957576170292,0.08826804161071777,0.08939194679260254,0.08674764633178711,-0.015297235875090331,-0.015789995439120488,0.016177287715017506,0.09182977676391602,0.09120011329650879,0.0879509449005127,3000,0.0005265043909770386,0.0011083390435263157,-0.015790003530046684,-0.015790002775429652,1.0,1.0,-0.01819800649238954,-0.0180309355492887,1.0,1.0,1.0,1.0,1.0,1.0,0.001884690599029594,0.0037560111998111243,0.0,0.0,1.0,1.0
420,-0.015890682743260255,-0.015789997088009364,-0.02456117199225502,0.0046902780693451555,0.4201901895472412,0.28609432471984864,0.025712085719848635,0.3488163325536184,0.12631645623745455,0.00550637239764575,0.3488163325536184,0.12631645623745455,0.00869123375642118,0.36904642293163986,0.14311378294537783,0.0028163209039642734,-0.015292740906285704,-0.01578999869611815,0.015455512398099253,0.08693981170654297,0.08916568756103516,0.08524942398071289,-0.015292703959642988,-0.015789999304057528,0.015547641157137589,0.09007573127746582,0.08850836753845215,0.08835315704345703,3001,0.0005263322965544706,0.0011079732409649415,-0.015790011124766537,-0.015790008935238117,1.0,1.0,-0.018198128863032192,-0.018031046642390813,1.0,1.0,1.0,1.0,1.0,1.0,0.0018135135127779584,0.0036885803073784407,0.0,0.0,1.0,1.0
421,-0.01588621074665374,-0.01578999944790156,-0.024341997029356785,0.0046826851684450025,0.4460566275288086,0.45760130099841306,0.1650114349984131,0.3484753409794276,0.12611778301190013,0.005492838868447241,0.3484753409794276,0.12611778301190013,0.008682096532830164,0.3691116490246521,0.1431751215030644,0.002829503661805911,-0.01530187857350957,-0.015789999558599197,0.016750304030297657,0.09122824668884277,0.09324169158935547,0.09217166900634766,-0.015297410502538935,-0.015789998760498414,0.015605804412382886,0.09525752067565918,0.09423089027404785,0.09294009208679199,3100,0.0005095460759520231,0.001073120286514169,-0.015790000714135766,-0.015790000507168854,1.0,1.0,-0.01819572432136004,-0.018056874105238808,1.0,1.0,1.0,1.0,1.0,1.0,0.002733644397522168,0.0045219193893824075,0.0,0.0,1.0,1.0
422,-0.01587958950505456,-0.015789999454989108,-0.0243302110808392,0.004682609775633661,0.46795961560913085,0.31940822417541503,0.026486451175415038,0.34846394821088855,0.12610885419787068,0.005492135425836687,0.34846394821088855,0.12610885419787068,0.008681252680387573,0.3690915956877872,0.14315925458971293,0.0028281412857559776,-0.015294182484237601,-0.01578999954964928,0.016694696713990938,0.09141111373901367,0.09029769897460938,0.08874130249023438,-0.015294652752407078,-0.015789999555472726,0.016764966348862338,0.09427905082702637,0.09185385704040527,0.0883481502532959,3101,0.0005093840094265318,0.0010727765952513804,-0.01579000069196509,-0.01579000048921145,1.0,1.0,-0.01819062510804961,-0.018049475302457547,1.0,1.0,1.0,1.0,1.0,1.0,0.0026758749055284955,0.004470779177929355,0.0,0.0,1.0,1.0
423,-0.01593427912077606,-0.01578999943765295,-0.024606936969121168,0.004675269371194592,0.45506434164562987,0.331411422541626,0.04151122454162598,0.34854401344668456,0.1261561885612954,0.0054872544544147025,0.34854401344668456,0.1261561885612954,0.008707473675038256,0.3692056416880701,0.14321812587728583,0.0028302688630786237,-0.015365827682206326,-0.015789999555860017,0.017086905041170098,0.09388899803161621,0.09734606742858887,0.0932762622833252,-0.015357643310699724,-0.015789999574590728,0.016511963987409943,0.09662151336669922,0.09550285339355469,0.09419417381286621,3200,0.0004936081219611416,0.0010395876321664158,-0.015790001364031588,-0.01579000103164279,1.0,1.0,-0.018211307529316628,-0.01807289792237424,1.0,1.0,1.0,1.0,1.0,1.0,0.0031514197115114235,0.00489341695789571,0.0,0.0,1.0,1.0
424,-0.01593435715431675,-0.015789999540792327,-0.024608589824927144,0.004675196446019947,0.41661398791882326,0.3144993867281494,0.026597458728149413,0.3485165853755535,0.12613817684898163,0.005485849369662564,0.3485165853755535,0.12613817684898163,0.008709074162030421,0.3691717188299713,0.14319460557605712,0.002829410479264826,-0.015366833635717284,-0.01578999963035603,0.0170825555925578,0.09640645980834961,0.09741330146789551,0.09277701377868652,-0.01536683577118321,-0.01578999955667533,0.017082555275592045,0.09861183166503906,0.10038256645202637,0.0938572883605957,3201,0.0004934475471173239,0.0010392565715305066,-0.015790000417540067,-0.015790000267860354,1.0,1.0,-0.01821133575565251,-0.01807290799606507,1.0,1.0,1.0,1.0,1.0,1.0,0.003151420001877163,0.004893417181532819,0.0,0.0,1.0,1.0
425,-0.01589475497116834,-0.01578999934181001,-0.02449676398366735,0.004668092646793401,0.4416536955800781,0.347142168609375,0.049419924609375,0.3484553843237048,0.12611615528557793,0.005490004054578889,0.3484553843237048,0.12611615528557793,0.008705559415727409,0.36924746894933563,0.1432704218349029,0.0028358526890580613,-0.015334461668578278,-0.01578999949893844,0.016856051528698235,0.09826540946960449,0.10041451454162598,0.09771060943603516,-0.015345353301573763,-0.015789999620509202,0.01722113097322897,0.1004488468170166,0.09996652603149414,0.09761357307434082,3300,0.00047869377648347006,0.0010081630173528278,-0.015790002270585607,-0.015790001735591273,1.0,1.0,-0.018197860288538967,-0.018044647801185004,1.0,1.0,1.0,1.0,1.0,1.0,0.0028507742388699103,0.004625620677108643,0.0,0.0,1.0,1.0
426,-0.015894829404005027,-0.015789999319244165,-0.024498340571715457,0.004668022036335421,0.40953341369042967,0.3181656922012939,0.026734959201293946,0.34847375614009246,0.12612867726677934,0.0054897613717122835,0.34847375614009246,0.12612867726677934,0.008708110034936685,0.36927769607086963,0.14329308813074412,0.0028357366847487314,-0.015335467323590233,-0.01578999947330389,0.016845200571869473,0.09926819801330566,0.09932589530944824,0.09939742088317871,-0.0153354316246249,-0.01578999950014849,0.016845198357234782,0.09882187843322754,0.09932231903076172,0.09484314918518066,3301,0.0004785501738530688,0.0010078591454853304,-0.015790002462858534,-0.01579000188895526,1.0,1.0,-0.01819779508346885,-0.018044786803442806,1.0,1.0,1.0,1.0,1.0,1.0,0.002850776252848007,0.0046256222191526876,0.0,0.0,1.0,1.0
427,-0.015901757646704387,-0.01578999463352454,-0.02445992783792566,0.004661140394862687,0.44029137974072263,0.3525155477694092,0.06212731176940918,0.3483533785746584,0.12607624357313577,0.005487452205561296,0.3483533785746584,0.12607624357313577,0.00868678010773264,0.369039744137374,0.1431166542560487,0.002825819252636079,-0.015323190078664865,-0.015789997101476126,0.016687914822984973,0.10061860084533691,0.10519742965698242,0.09973287582397461,-0.015326300721402043,-0.015789999456287555,0.016818604379714365,0.1029973030090332,0.1039438247680664,0.10119366645812988,3400,0.0004646307976985097,0.000978558529544276,-0.015790039254225053,-0.015790031086407304,1.0,1.0,-0.018182903606097374,-0.01804944571125007,1.0,1.0,1.0,1.0,1.0,1.0,0.0027430294094370157,0.004530227920489109,0.0,0.0,1.0,1.0
428,-0.015901985095066077,-0.015789993948863407,-0.024449529634087544,0.004661071959886754,0.436084237171875,0.312375253755127,0.027193399755126954,0.3483591431518372,0.12607898844819343,0.005486774030815122,0.3483591431518372,0.12607898844819343,0.008686010363566152,0.3690431746469791,0.14311626802335514,0.002824686739132459,-0.015321971840805122,-0.015789996779566873,0.016640259039057227,0.10274767875671387,0.10538387298583984,0.09637117385864258,-0.01532364637175773,-0.0157899970672465,0.016701282542295224,0.10294008255004883,0.10321879386901855,0.10255622863769531,3401,0.0004644971775893057,0.0009782738909687612,-0.015790043856530295,-0.015790034782648826,1.0,1.0,-0.018186881621541716,-0.01804807970253188,1.0,1.0,1.0,1.0,1.0,1.0,0.0026927355395301254,0.004485706026170958,0.0,0.0,1.0,1.0
429,-0.015825636148432937,-0.01578999940091369,-0.02435193176674035,0.00465439930334379,0.4250506407397461,0.33753814020446776,0.040864603204467775,0.3482491807169113,0.1259916590116992,0.005481737537424214,0.3482491807169113,0.1259916590116992,0.008674325249658783,0.36908126427975646,0.14314106921578287,0.0028238374385651634,-0.015265567781402516,-0.015789999501432325,0.016599057768554124,0.10408234596252441,0.106292724609375,0.10537981986999512,-0.015273693206863236,-0.01578999596040563,0.016673102222026163,0.10823750495910645,0.10559415817260742,0.10402226448059082,3500,0.0004514211048588976,0.0009506781226277178,-0.015790001374501633,-0.015790001020937763,1.0,1.0,-0.01818083812259817,-0.018017935948680428,1.0,1.0,1.0,1.0,1.0,1.0,0.002631778492957873,0.0044317427285984765,0.0,0.0,1.0,1.0
430,-0.01582570698581544,-0.015789991049452737,-0.024366679079498278,0.004654332916720747,0.4315462974543457,0.317869118631958,0.048421911631958005,0.34826066401102723,0.12599899955292831,0.005477296793099509,0.34826066401102723,0.12599899955292831,0.008680260278399519,0.3690925449322312,0.14314788823666125,0.0028237228809234838,-0.015266476227318061,-0.015789994785029016,0.01667185344739193,0.10244560241699219,0.1035001277923584,0.10025954246520996,-0.015266477775114484,-0.015789999502186295,0.01660300481822702,0.10506296157836914,0.10504412651062012,0.10645318031311035,3501,0.00045129609424937204,0.0009504139559164988,-0.01579006022833453,-0.015790047908568198,1.0,1.0,-0.01818084758386745,-0.01801793193446402,1.0,1.0,1.0,1.0,1.0,1.0,0.002688451550480883,0.004481912377763308,0.0,0.0,1.0,1.0
431,-0.015786310276751394,-0.015789998789748426,-0.024380345820016202,0.004647857201781406,0.4307955207878418,0.323055595069458,0.063099598069458,0.3480866129427959,0.12589129557436285,0.005472315961619395,0.3480866129427959,0.12589129557436285,0.008682193905050503,0.36898303509087044,0.14306823242503236,0.0028467092101257937,-0.015353547912832676,-0.015789999257006835,0.01655911131055218,0.10973358154296875,0.1074063777923584,0.10282182693481445,-0.015255337861803431,-0.015789994530570863,0.016537990826340818,0.10866999626159668,0.10716438293457031,0.10808801651000977,3600,0.0004388889149544028,0.0009243051533138534,-0.015790004360751765,-0.01579000342990021,1.0,1.0,-0.018080229819624295,-0.01774655745211141,1.0,1.0,1.0,1.0,1.0,1.0,0.0027059094642051334,0.004497372836397568,0.0,0.0,1.0,1.0
432,-0.015789999625619847,-0.015789998171687997,-0.02438179712913531,0.004647792747128734,0.4715671929854736,0.299835151732666,0.030281430732666016,0.3480983363925064,0.12589870369754627,0.0054710032307445505,0.3480983363925064,0.12589870369754627,0.008682394168570398,0.36901186063531377,0.1430899774886922,0.005918422661157212,-0.015789997867269097,-0.015789998843627022,0.016571756273440496,0.10343122482299805,0.11063170433044434,0.10548233985900879,-0.015354276925934374,-0.015789999255902524,0.01657175673429088,0.11046743392944336,0.10895323753356934,0.10483837127685547,3601,0.0004387660583027699,0.0009240475911086858,-0.01579000914003651,-0.01579000725616811,1.0,1.0,-0.01579000931243748,-0.015790007836795992,1.0,1.0,1.0,1.0,1.0,1.0,0.002705909038548759,0.004497372509320774,0.0,0.0,1.0,1.0
433,-0.015794953076720995,-0.015789999451917086,-0.02440408801250462,0.00464150293487222,0.45126820702282716,0.3409101570704346,0.05546649407043457,0.3480136950342184,0.12584963598257562,0.005442862160447767,0.3480136950342184,0.12584963598257562,0.008668457422869456,0.3689571803497806,0.14304543556173888,0.0028262581913652113,-0.015268764671635238,-0.015789999548044237,0.016105321139217494,0.10995244979858398,0.11116385459899902,0.10681819915771484,-0.015789997948611325,-0.01578999886277169,0.016494237487097035,0.10953879356384277,0.11286473274230957,0.11145591735839844,3700,0.000427006257601286,0.0008993162224455125,-0.015790000768923538,-0.015790000552341404,1.0,1.0,-0.01817516896810098,-0.018018305468376274,1.0,1.0,1.0,1.0,1.0,1.0,0.0023841509872774783,0.004212085490136724,0.0,0.0,1.0,1.0
434,-0.015800231825667463,-0.015789999450821487,-0.02442012171629448,0.0046414403053802724,0.48427873506774904,0.31216952843078616,0.030664818430786132,0.3480146604755068,0.12584906517852992,0.005443151010935864,0.3480146604755068,0.12584906517852992,0.0086699733623771,0.3689542133777759,0.14304087417967704,0.0028261403488527275,-0.015269509866923197,-0.01578999954743118,0.01617314124727236,0.1125180721282959,0.1075906753540039,0.10546660423278809,-0.015269612154203648,-0.01578999954842971,0.016095868021618578,0.11523866653442383,0.11062836647033691,0.10767316818237305,3701,0.00042689500228762365,0.0008990774197474892,-0.015790000764234688,-0.015790000547945878,1.0,1.0,-0.018173875468461994,-0.018015453754543102,1.0,1.0,1.0,1.0,1.0,1.0,0.0024476916180153534,0.004268786566013506,0.0,0.0,1.0,1.0
435,-0.01581319369188469,-0.01578999661947213,-0.024510254544193557,0.004635326253014513,0.4048583071638184,0.3212990911958008,0.036524268195800784,0.34815198913409695,0.1259417536898022,0.005452754919556424,0.34815198913409695,0.1259417536898022,0.008672847184390691,0.3691838656051314,0.14319623735769726,0.0028311246230776116,-0.015301286855990021,-0.015789998049008727,0.016377100334542496,0.11411905288696289,0.11625170707702637,0.11109423637390137,-0.01530286653654041,-0.015789999564575677,0.016032186471870862,0.11508989334106445,0.1145482063293457,0.1164858341217041,3800,0.00041574996914460775,0.0008756370642904512,-0.01579002301113729,-0.015790018453123413,1.0,1.0,-0.018166788632297218,-0.018010259619343497,1.0,1.0,1.0,1.0,1.0,1.0,0.002734961637409126,0.004523089934695797,0.0,0.0,1.0,1.0
436,-0.015813258053545845,-0.015789993360404285,-0.024511600465798776,0.00463526535042841,0.3815795439428711,0.31275141569055176,0.029307444690551757,0.3481678627408279,0.12595247449005645,0.005452027642116776,0.3481678627408279,0.12595247449005645,0.008672807754903344,0.36919735448774543,0.143204844025076,0.002830905407494449,-0.01530203309886521,-0.015789996152710248,0.01636779987442792,0.11987876892089844,0.13109135627746582,0.10704421997070312,-0.01530210747502798,-0.015789998058380782,0.016367800060114908,0.12034964561462402,0.12090325355529785,0.11062359809875488,3801,0.00041564174453161053,0.0008754079426466922,-0.015790050995223754,-0.01579004095666926,1.0,1.0,-0.01816673548629291,-0.01801007868083807,1.0,1.0,1.0,1.0,1.0,1.0,0.0027349614662490695,0.0045230898030692935,0.0,0.0,1.0,1.0
437,-0.015808872091960992,-0.015789999288198724,-0.02447726624008905,0.004629317717191298,0.3732939164621582,0.4042996667984619,0.11771172779846191,0.34841280479588677,0.12609244977678433,0.005449395199546938,0.34841280479588677,0.12609244977678433,0.008674248756376698,0.36934022637654323,0.14325630574666418,0.0028287526026679896,-0.015306535846801446,-0.015789999444012548,0.016375399854137437,0.11489224433898926,0.11729907989501953,0.11292910575866699,-0.015314893427317277,-0.015789996351295965,0.01631168504039398,0.1189417839050293,0.13277482986450195,0.12496232986450195,3900,0.00040514316379009044,0.0008532731473870251,-0.015790002453724652,-0.015790001877957413,1.0,1.0,-0.018150376145450984,-0.01800533407022294,1.0,1.0,1.0,1.0,1.0,1.0,0.0027881476509068804,0.0045701688976525325,0.0,0.0,1.0,1.0
438,-0.015808934570357848,-0.015789999244193182,-0.024478595079645234,0.004629258450924376,0.4520322037570801,0.31963832489001465,0.03015683589001465,0.348424133233633,0.12609970117000793,0.005449612055669636,0.348424133233633,0.12609970117000793,0.008672842704304806,0.3693657617843814,0.14327543462172743,0.002830090354537034,-0.015306511351910117,-0.015789999414732137,0.016370291920669803,0.11943292617797852,0.1267261505126953,0.11365818977355957,-0.01530649170211101,-0.015789999442182297,0.01637029182404588,0.1237020492553711,0.12065291404724121,0.11224579811096191,3901,0.0004050395737878306,0.0008530547661322247,-0.015790002856043275,-0.01579000219751079,1.0,1.0,-0.018150443085746846,-0.01800542953654477,1.0,1.0,1.0,1.0,1.0,1.0,0.002788147739447815,0.004570168966040993,0.0,0.0,1.0,1.0
439,-0.023943479430526823,-0.015789999441576406,-0.02461998749733043,0.004623468615994882,0.4180490679528809,0.3826839426711426,0.09127843767114258,0.34850693664064175,0.12613859266359373,0.005450727076816963,0.34850693664064175,0.12613859266359373,0.008669921864747396,0.37287506877691573,0.14435265576011502,0.003107179986064857,-0.013769077684199642,-0.01578999952411163,0.0166300989681248,0.12095165252685547,0.12942910194396973,0.11498689651489258,-0.015340547704563442,-0.01578999945622342,0.01627158273131116,0.14275455474853516,0.13376569747924805,0.1148824691772461,4000,0.0004236919649592255,0.0008319921640249502,-0.015790001609443365,-0.015790001204559912,1.0,1.0,-0.01736333591959443,-0.01608068829779014,0.0,0.0,1.0,1.0,1.0,1.0,0.003088451838516687,0.004836628520802817,0.0,0.0,1.0,1.0
440,-0.023939863125007357,-0.015789999543826438,-0.0246007225445446,0.00462341090235385,0.4165633986204834,0.366944776463501,0.030707254463500977,0.348472196698139,0.12611827816683502,0.00545406637219161,0.348472196698139,0.12611827816683502,0.008668336791184474,0.37286412497521626,0.14434596061151286,0.0031077229373383864,-0.013763773301291148,-0.015789999579313155,0.0166417411513749,0.1236720085144043,0.12615704536437988,0.1205911636352539,-0.013761031107991595,-0.015789999522591903,0.01664174691805679,0.12370896339416504,0.12304449081420898,0.11928629875183105,4001,0.0004235890384020161,0.0008317872165992431,-0.01579000061851185,-0.015790000416954192,1.0,1.0,-0.01736808778094824,-0.016085532556486818,0.0,0.0,1.0,1.0,1.0,1.0,0.003088446523582733,0.004836624374947274,0.0,0.0,1.0,1.0
441,-0.023910909581767614,-0.015789999000165363,-0.0244393269913878,0.004617770892981847,0.4611541518840332,0.3326364676726074,0.03793909067260742,0.34831976702988965,0.12601950785756444,0.00542904620521523,0.34831976702988965,0.12601950785756444,0.008632043626296031,0.37269862825385947,0.1442149346713617,0.00310667337880177,-0.013742424501157549,-0.015789999289845515,0.016550348928469433,0.12930703163146973,0.12196850776672363,0.11737346649169922,-0.013727663394495163,-0.015789999570065095,0.01663641440623595,0.14307475090026855,0.12970662117004395,0.11622357368469238,4100,0.0004133504940573389,0.0008116969398070828,-0.01579000479688947,-0.015790003747174663,1.0,1.0,-0.01738550407907616,-0.016104623607279062,0.0,0.0,1.0,1.0,1.0,1.0,0.003016367891566475,0.004772203272185064,0.0,0.0,1.0,1.0
442,-0.02391290965066,-0.015789991592416286,-0.024440636802173954,0.004617714654487187,0.44399748935925293,0.32605415610266114,0.03306945110266113,0.34833602540085756,0.12603075766564958,0.005428925122615395,0.34833602540085756,0.12603075766564958,0.008634265333392146,0.372719913655819,0.14422974582815173,0.003105896792556369,-0.01374524592010104,-0.01578999426302416,0.01654165511818753,0.1451253890991211,0.1273653507232666,0.1250169277191162,-0.013745277249033187,-0.015789999291781306,0.016541654653978242,0.14229083061218262,0.12650680541992188,0.12677621841430664,4101,0.0004132521314228472,0.0008115015041582097,-0.015790077649980694,-0.015790061625517472,1.0,1.0,-0.017382264590907328,-0.016102862465220854,0.0,0.0,1.0,1.0,1.0,1.0,0.003016368323021395,0.004772203603736865,0.0,0.0,1.0,1.0
443,-0.023896571968935517,-0.015789999062320686,-0.024418198836514728,0.00461221708285461,0.4475463193725586,0.3355934717297363,0.05303122472973633,0.3481527521827414,0.12591875943902123,0.005406401796623573,0.3481527521827414,0.12591875943902123,0.008650036367455,0.372484929742425,0.1440515886670656,0.0030975775543615365,-0.013811815064199005,-0.0157899992926632,0.01661463029887578,0.1640174388885498,0.1317300796508789,0.13053250312805176,-0.013790823782706569,-0.01578999464160137,0.01658280528105855,0.13611149787902832,0.13761210441589355,0.13447070121765137,4200,0.000403476602561617,0.0007923439643202618,-0.015790005134247408,-0.01579000398528937,1.0,1.0,-0.017394825514549267,-0.016126619807820503,0.0,0.0,1.0,1.0,1.0,1.0,0.003042984452846187,0.004795773721164489,0.0,0.0,1.0,1.0
444,-0.023897325743603634,-0.015789998031896957,-0.02441948668215013,0.004612162247642544,0.46011496401062013,0.31467090977453616,0.031607866774536135,0.34816595097228736,0.1259275815015635,0.00540580729916721,0.34816595097228736,0.1259275815015635,0.008649011444281408,0.3724928992680844,0.14405621431188131,0.003097355737654293,-0.013813915628722086,-0.015789998648175547,0.016608341308655235,0.16533899307250977,0.13550662994384766,0.12469124794006348,-0.013814580610812633,-0.01578999929467104,0.016608341100676775,0.1483001708984375,0.13135266304016113,0.1264338493347168,4201,0.00040338203151464076,0.0007921568945831506,-0.015790015315381507,-0.015790012034734652,1.0,1.0,-0.017394810749181873,-0.016128098197567737,0.0,0.0,1.0,1.0,1.0,1.0,0.003042984647595166,0.00479577386925365,0.0,0.0,1.0,1.0
445,-0.023888991173219118,-0.015789999448356695,-0.02445571758047206,0.004606800255214914,0.4791103714425049,0.37013251393164065,0.08475482693164063,0.3481601449077619,0.1259146354856659,0.005394580209078914,0.3481601449077619,0.1259146354856659,0.008652230032979902,0.37252454858103634,0.14403512852679476,0.003098126114117514,-0.013816319293093666,-0.015789999539985142,0.016571819052478343,0.17248177528381348,0.13727211952209473,0.1681067943572998,-0.013810369039028518,-0.01578999862033547,0.016468878694142586,0.15273475646972656,0.13482999801635742,0.1335747241973877,4300,0.0003941239255476542,0.0007739593726358105,-0.015790001264003765,-0.015790000925894526,1.0,1.0,-0.017398671981215176,-0.01614730023754999,0.0,0.0,1.0,1.0,1.0,1.0,0.003129517497009168,0.004873670586988092,0.0,0.0,1.0,1.0
446,-0.023886455736030175,-0.015789999452396553,-0.02444890163042875,0.004606746756509461,0.48713144108740236,0.31474341520471194,0.032385666204711915,0.3481583673731291,0.1259123702091458,0.005393904723571355,0.3481583673731291,0.1259123702091458,0.008651686810247526,0.37251988016903426,0.14403141462822644,0.003097909575161278,-0.01381364127660572,-0.015789999535032406,0.01653629716665456,0.17310571670532227,0.14133691787719727,0.1353468894958496,-0.013811368748237709,-0.015789999538914676,0.01658268016719979,0.15765142440795898,0.13370490074157715,0.15373969078063965,4301,0.0003940328235680151,0.0007737799877354012,-0.01579000124426297,-0.015790000910788596,1.0,1.0,-0.017401839098130947,-0.016150081893800548,0.0,0.0,1.0,1.0,1.0,1.0,0.0030905407088810764,0.00483852754541399,0.0,0.0,1.0,1.0
447,-0.023888279222869867,-0.015789999073141044,-0.024486795204162908,0.004601513964837565,0.4527535210817871,0.4423095480144043,0.1283155280144043,0.3481285481739633,0.1258965903501763,0.005386888258491487,0.3481285481739633,0.1258965903501763,0.00863523770579241,0.3724551060063904,0.14394823834114281,0.003094550927754738,-0.013844836869458012,-0.01578999930390236,0.016471787566782435,0.1682147979736328,0.1586606502532959,0.1328582763671875,-0.013841726399943226,-0.01578999954108828,0.016420939293897176,0.17169427871704102,0.13998794555664062,0.13390827178955078,4400,0.0003851636521487102,0.0007564830736049446,-0.015790005120082676,-0.01579000397926187,1.0,1.0,-0.017421523939898775,-0.016187649777197607,0.0,0.0,1.0,1.0,1.0,1.0,0.003133442881376805,0.0048771992902499825,0.0,0.0,1.0,1.0
448,-0.023888332334779484,-0.015789999524481402,-0.02448802247496779,0.004601461740483094,0.46326479994396974,0.3370474151464844,0.032845010146484374,0.34811436664991685,0.12588621608959144,0.00538768040533374,0.34811436664991685,0.12588621608959144,0.008636581926180161,0.37243525986768816,0.14393366894663767,0.003094895566500784,-0.013847430772777093,-0.015789999584500558,0.016468174199225236,0.16898107528686523,0.13282418251037598,0.15986132621765137,-0.013847469704935498,-0.01578999930580866,0.016468174123251342,0.15431690216064453,0.14763522148132324,0.15373921394348145,4401,0.00038507293949896926,0.0007563080235551742,-0.015790000648602854,-0.015790000439522892,1.0,1.0,-0.017421501990929896,-0.01618763544806038,0.0,0.0,1.0,1.0,1.0,1.0,0.0031334429526682834,0.004877199345012171,0.0,0.0,1.0,1.0
449,-0.02385906963656857,-0.015789992274147752,-0.024601026080501076,0.004596352207579232,0.40184759347192384,0.3847944148590088,0.07782850785900879,0.34780520773949863,0.12571564980901534,0.0053804240361745425,0.34780520773949863,0.12571564980901534,0.008666603781226424,0.3721121751097844,0.14370981148743933,0.003086644705161834,-0.01385560020964244,-0.015789994763133842,0.016795472080483903,0.14308571815490723,0.15132403373718262,0.17214059829711914,-0.01382497032516586,-0.01578999958039617,0.016461306958673053,0.15652728080749512,0.1684861183166504,0.13938093185424805,4500,0.00037658840660391023,0.0007396637866154251,-0.01579007045714576,-0.01579005591014146,1.0,1.0,-0.01746376669843824,-0.016246893869592594,0.0,0.0,1.0,1.0,1.0,1.0,0.003415439871748864,0.005131453947319706,0.0,0.0,1.0,1.0
450,-0.02385912211403361,-0.015789993892811438,-0.02460224179440287,0.0045963011996253715,0.4440356726871338,0.34470871071875,0.037374325718750004,0.34781084153729924,0.12571881663963563,0.005381105558989642,0.34781084153729924,0.12571881663963563,0.00866691235851164,0.3721133458214899,0.1437096583849975,0.003086354624640566,-0.013858156190993546,-0.015789996135365702,0.016787441014846735,0.1607973575592041,0.15664196014404297,0.16418981552124023,-0.01385816729970916,-0.01578999478759504,0.01678744103351587,0.1473391056060791,0.18474936485290527,0.13435578346252441,4501,0.00037650518568072775,0.0007395001639283336,-0.01579005116165687,-0.01579004062966609,1.0,1.0,-0.017463869500382027,-0.01624694401738126,0.0,0.0,1.0,1.0,1.0,1.0,0.0034154398555061843,0.005131453933930838,0.0,0.0,1.0,1.0
451,-0.02383968334367758,-0.015789991781391736,-0.02458768677742077,0.00459130938117402,0.4472629999758301,0.35066429395043947,0.043294609950439454,0.3478622066966775,0.12575226745337917,0.00538050194612822,0.3478622066966775,0.12575226745337917,0.008670496495723778,0.37209912236994747,0.14368721893951097,0.003083437095014038,-0.01387551574375989,-0.015789994260218276,0.016780351538818936,0.13771390914916992,0.16191673278808594,0.17306208610534668,-0.013855388404814624,-0.015789996093815744,0.016778386087435003,0.18300557136535645,0.17415857315063477,0.1577606201171875,4600,0.0003684135854645235,0.0007235997145097925,-0.01579007828104714,-0.015790062123090986,1.0,1.0,-0.017492827178552335,-0.016295800915368763,0.0,0.0,1.0,1.0,1.0,1.0,0.0034170992376169607,0.005132950343454194,0.0,0.0,1.0,1.0
452,-0.023842500292943544,-0.01578999162227446,-0.02458887922764124,0.004591259535506055,0.46276517270788575,0.34048748680480956,0.03399435480480957,0.3478785011416088,0.12576375882032503,0.0053814158448903995,0.3478785011416088,0.12576375882032503,0.008669776399728352,0.37211511788021157,0.14369804515628706,0.00308338527623349,-0.013876431565331051,-0.015789994155866457,0.016784244875761106,0.13988685607910156,0.18183588981628418,0.1350243091583252,-0.013878019369167497,-0.01578999428680629,0.01678424495626518,0.18381357192993164,0.16844725608825684,0.1375434398651123,4601,0.00036833565050380595,0.0007234446376239051,-0.015790080167290242,-0.01579006361954984,1.0,1.0,-0.01749184821131792,-0.016287984806274018,0.0,0.0,1.0,1.0,1.0,1.0,0.003417099165179423,0.005132950285481958,0.0,0.0,1.0,1.0
453,-0.02379607792423956,-0.015789999292595547,-0.024545953364194944,0.004586380250280863,0.4127537913670654,0.3635748047406006,0.06286915774060059,0.3477265712951671,0.12567741111691794,0.005377227675269292,0.3477265712951671,0.12567741111691794,0.008660539836258835,0.3720542722766199,0.1436460861620184,0.003086028575262694,-0.013827681910266985,-0.015789999382042116,0.0168101563308223,0.17329955101013184,0.16851425170898438,0.17945432662963867,-0.013790331547629495,-0.01578999308761569,0.016821115287242873,0.1827855110168457,0.14981865882873535,0.1811542510986328,4700,0.0003606055612455093,0.0007082410240540374,-0.015790002772211435,-0.01579000214011796,1.0,1.0,-0.017544906575271836,-0.01633662151834914,0.0,0.0,1.0,1.0,1.0,1.0,0.0034078578986264495,0.005124618758455765,0.0,0.0,1.0,1.0
454,-0.023795623379179436,-0.015789998158340472,-0.024547128059672588,0.004586331516289783,0.4670460085723877,0.3264150711345215,0.03462873813452148,0.34773092159854685,0.1256795537799176,0.005378094993216171,0.34773092159854685,0.1256795537799176,0.008659064248111503,0.37205760046440917,0.14364720563198846,0.003085461874021271,-0.013828005988315767,-0.01578999876653216,0.016809983609152035,0.17918705940246582,0.17443037033081055,0.18104243278503418,-0.013828515080840136,-0.015789999382403108,0.01680998356177392,0.16818785667419434,0.1819145679473877,0.17162775993347168,4701,0.00036053051377685365,0.0007080920721299783,-0.015790010895610433,-0.01579000865714809,1.0,1.0,-0.017544174855555494,-0.016335724898276945,0.0,0.0,1.0,1.0,1.0,1.0,0.003407857943346897,0.005124618792767159,0.0,0.0,1.0,1.0
455,-0.023834296955688252,-0.01578999698071314,-0.024621050495010257,0.004581559915241905,0.3951954700217285,0.41403985255871584,0.11248877855871582,0.34799929212162073,0.12583091455804435,0.005389734150332241,0.34799929212162073,0.12583091455804435,0.008662497107967437,0.37212673750606134,0.14366010173441182,0.003073433890792727,-0.013946739809193004,-0.015789997944529573,0.016692434861142025,0.17076444625854492,0.17453765869140625,0.18277931213378906,-0.013963532678232062,-0.015789999033504157,0.016691028700165686,0.18832731246948242,0.1792154312133789,0.17444324493408203,4800,0.00035308029314369115,0.0006934851222813966,-0.015790030521656603,-0.015790024313630493,1.0,1.0,-0.017549681852983473,-0.01632231534111693,0.0,0.0,1.0,1.0,1.0,1.0,0.003409048492817762,0.005125692058036611,0.0,0.0,1.0,1.0
456,-0.023831481402253895,-0.015789998381528832,-0.024592254496195055,0.004581512245529108,0.40631857915270997,0.35210720324487305,0.054351811244873045,0.34800078726417005,0.12583029416151773,0.005391263759119403,0.34800078726417005,0.12583029416151773,0.008658543235233317,0.3721250728387186,0.14365810289933853,0.003073595756354513,-0.013941600471570129,-0.015789998867143672,0.016618006939578215,0.16080784797668457,0.18487763404846191,0.18399906158447266,-0.013940443466448531,-0.01578999791160448,0.016691959521363604,0.18860697746276855,0.18389248847961426,0.1844189167022705,4801,0.0003530078311599255,0.0006933435200324343,-0.015790013521797125,-0.015790010727976606,1.0,1.0,-0.017549811482204268,-0.0163230611729671,0.0,0.0,1.0,1.0,1.0,1.0,0.003346441447090519,0.005069244984535046,0.0,0.0,1.0,1.0
457,-0.023826776845031244,-0.015789999145621958,-0.024582872539767067,0.004576843784089547,0.3660458744654541,0.35141711012353516,0.050463726123535155,0.3478976096758019,0.12575155138914526,0.005415744188208886,0.3478976096758019,0.12575155138914526,0.008659460426423102,0.3719493593935482,0.14351865666938624,0.0030724504134480965,-0.013954451946809929,-0.015789999306294097,0.01657830446032512,0.19526934623718262,0.15027642250061035,0.1849665641784668,-0.013944098020566389,-0.015789998898637136,0.016689326690575882,0.19038963317871094,0.19222664833068848,0.1452479362487793,4900,0.00034587155702798985,0.0006793341264620564,-0.015790005440060432,-0.015790004289435423,1.0,1.0,-0.01757848108061212,-0.016356819979637467,0.0,0.0,1.0,1.0,1.0,1.0,0.003252675346505364,0.004984703859477921,0.0,0.0,1.0,1.0
458,-0.023826826620778414,-0.015789999148003282,-0.02459832303920711,0.004576797134201923,0.3640340782915039,0.4150760916229248,0.09160890962292481,0.34790474832876517,0.1257553593541754,0.0054104219827821095,0.34790474832876517,0.1257553593541754,0.0086617149086861,0.3719551717952159,0.14352193182133424,0.0030720594266965334,-0.01395676943630644,-0.015789999275934108,0.016656513608749667,0.1892843246459961,0.17867088317871094,0.15231847763061523,-0.013956786168433512,-0.015789999308130954,0.016570974150108456,0.2005009651184082,0.169921875,0.18826055526733398,4901,0.0003458005895487192,0.0006791969786562185,-0.015790005940404753,-0.015790004682634612,1.0,1.0,-0.01757852101086501,-0.016356847865983105,0.0,0.0,1.0,1.0,1.0,1.0,0.0033249363424554257,0.005049856888158997,0.0,0.0,1.0,1.0
459,-0.023799090217505325,-0.015789999328383052,-0.02459266754405044,0.004572227547405618,0.44560291939440916,0.35619061836779786,0.05539015436779785,0.34790295867889415,0.12575459656701438,0.005415954368981162,0.34790295867889415,0.12575459656701438,0.008654809379297931,0.37186450643498276,0.14345173977490727,0.0030717859348404417,-0.013969930627676605,-0.015789999437115097,0.016599533248368204,0.16608357429504395,0.1878502368927002,0.1795806884765625,-0.013954971105692594,-0.015789999281841702,0.016619898781639504,0.19701194763183594,0.17035460472106934,0.19942665100097656,5000,0.0003389554564232816,0.0006657536638125721,-0.015790003259304887,-0.015790002540926343,1.0,1.0,-0.01759542940067485,-0.016377180820255167,0.0,0.0,1.0,1.0,1.0,1.0,0.0033077107406923258,0.005034326393454145,0.0,0.0,1.0,1.0
460,-0.04563679659007516,-0.04563679659007396,-0.059021329010566566,0.004613404172952942,0.09031274622827148,0.088548635,0.003556453,4.214684851089404e-09,3.925307347207741e-34,1.4406926518769707e-28,4.214684851089404e-09,3.925307347207741e-34,5.46364163402521e-30,4.214684851089404e-09,3.925307347207741e-34,1.4406922814564963e-28,-0.045636797563599285,-0.04563679756359832,-0.041601066181445115,0.00030350685119628906,0.0001971721649169922,0.00023818016052246094,0.0,0.0,0.0,3.910064697265625e-05,3.218650817871094e-05,3.0517578125e-05,0,0.09673208969034247,5.087574664504324e-09,0.0742380484349264,0.06764052289590694,0.0,0.0,0.07423804843492635,0.06764052289590716,0.0,0.0,0.0,0.0,0.0,0.0,0.10633438687703257,0.09270982974730636,0.0,0.0,0.0,0.0
461,-0.04353338515524282,-0.0435333851552432,-0.05256779704209447,0.00457153913380914,0.10126190780651856,0.101200254,0.004191265,3.512237375907836e-09,2.724406216584032e-34,1.531771124889883e-19,3.512237375907836e-09,2.724406216584032e-34,2.4604040635270676e-19,3.512237375907836e-09,3.2710894560064505e-34,4.9231774789562453e-20,-0.0435333869047158,-0.043533386904716066,-0.04132599184360321,0.0003333091735839844,0.00021600723266601562,0.00029730796813964844,-0.025225415442067644,-0.025225415442065507,0.0012423100795704162,0.00022935867309570312,0.00018906593322753906,0.00018787384033203125,1,0.14530645143703677,0.11513934092722493,0.046175414738917855,0.044231367460894414,0.0,0.0,0.04617541473891574,0.04423136746089315,0.0,0.0,0.0,0.0,0.0,0.0,0.06284696229136792,0.058534607976122144,0.0,0.0,0.0,0.0
462,-0.033176851183395695,-0.033176851183395716,-0.04153968636834597,0.004479792299203812,0.16504633057702636,0.165187259,0.006025191,3.2549530702979497e-09,4.001869498328704e-34,9.95973802642569e-20,3.2549530702979497e-09,4.001869498328704e-34,8.028901654805017e-20,3.169333872485649e-09,2.1807263040043002e-34,6.786602745741649e-20,-0.03317685240251255,-0.03317685240251258,-0.032024148472152875,0.0003857612609863281,0.0002396106719970703,0.0003407001495361328,0.019928690466502218,0.019928690466504716,0.026761235853552987,0.00027108192443847656,0.0002338886260986328,0.0002532005310058594,4,0.12938770099369862,0.14963514069314324,0.007801245594407594,0.007552389410378013,0.0,0.0,0.007801245594408555,0.007552389410378592,0.0,0.0,0.0,0.0,0.0,0.0,0.017921771559610476,0.017611760838877,0.0,0.0,0.0,0.0
463,-0.024120092733654966,-0.02412009273365617,-0.031295219504210596,0.004456254690668728,0.21741079620214843,0.22164923,0.006207599,2.1843997035757727e-09,4.79999710175842e-34,1.572379299624102e-19,2.1843997035757727e-09,4.79999710175842e-34,2.1978993563058135e-19,2.852400485237085e-09,1.9626536736038704e-34,1.0537904770982795e-19,-0.024120093565057968,-0.02412009356505869,-0.02133893165269216,0.0004029273986816406,0.0002887248992919922,0.00035691261291503906,-0.015595209133741496,-0.015595209133741808,-0.012308131684387318,0.00027370452880859375,0.0002837181091308594,0.0002751350402832031,5,0.1233265971547659,0.14907909637907543,-0.008550949169567746,-0.005988548264057687,0.0,0.0,-0.008550949169580489,-0.0059885482640627515,0.0,0.0,0.0,0.0,0.0,0.0,-0.0061541701172426015,-0.002191747294603317,0.0,0.0,0.0,0.0
464,-0.023989369030471927,-0.02398936903047188,-0.03123088428146777,0.0043819115054398216,0.31214494548413085,0.313702525,0.007444736,3.3772764540949202e-09,4.406730350141752e-34,1.4917008072381885e-19,3.3772764540949202e-09,4.406730350141752e-34,2.089478994753782e-19,3.8544198695672866e-09,1.4018954811456217e-34,7.920367944997897e-20,-0.023989369801051128,-0.02398936980105109,-0.021334581232087042,0.0004684925079345703,0.000377655029296875,0.0004496574401855469,-0.018858617451979615,-0.018858617451966864,-0.019891984651748837,0.000339508056640625,0.0003733634948730469,0.00037217140197753906,9,0.09613333851583575,0.1258496591952293,-0.010774684873200189,-0.008474166184621015,0.0,0.0,-0.010774684873197674,-0.008474166184620968,0.0,0.0,0.0,0.0,0.0,0.0,-0.006273220832691448,-0.0038367120226141193,0.0,0.0,0.0,0.0
465,-0.024036905893115083,-0.02403690589311499,-0.031230884304637656,0.00436682151508015,0.36382904775842284,0.375618792,0.007443794,4.299906020111034e-09,4.591378445898143e-34,1.317499116450451e-19,4.299906020111034e-09,4.591378445898143e-34,1.9501803960869948e-19,3.5974585449294673e-09,1.3084357824025801e-34,7.823636605567304e-20,-0.024036907112890436,-0.024036907112890363,-0.021423764667964328,0.0005013942718505859,0.0004057884216308594,0.0004756450653076172,-0.023697148256903167,-0.02369714825690499,-0.021423764653759676,0.00041103363037109375,0.0003962516784667969,0.00034809112548828125,10,0.08921419579527481,0.12244121014776364,-0.010944159992993968,-0.008619885469833334,0.0,0.0,-0.010944159992993285,-0.008619885469832918,0.0,0.0,0.0,0.0,0.0,0.0,-0.006273220834662019,-0.003836712016776137,0.0,0.0,0.0,0.0
466,-0.024952746860386153,-0.02349726522140539,-0.03181340417415389,0.004315511957396211,0.37781445577734374,0.3556791333625488,0.009934291362548829,0.0657555288278873,0.013850269067622621,0.0008672409024438986,0.0657555288278873,0.013850269067622621,0.0008274700825217637,0.07732539835696468,0.01942704092359251,0.0009408478746879525,-0.02327411405300888,-0.02232366576831085,-0.02175253604740008,0.0006015300750732422,0.0005273818969726562,0.0005841255187988281,-0.024085411343456188,-0.024085411343455754,-0.021384825329296343,0.00045299530029296875,0.00045990943908691406,0.0005235671997070312,14,0.06882071880448312,0.10610633938558092,-0.009122028168752577,-0.007658378702550198,0.0,0.0,-0.010636920068797162,-0.008581785768492032,0.0,0.0,0.0,0.0,0.0,0.0,-0.009208610522208583,-0.007399039969171458,0.0,0.0,0.0,0.0
467,-0.024967855882072072,-0.02443850935044651,-0.032152176250472,0.004304458296658674,0.38542341801513674,0.30616968797338867,0.010874571973388671,0.07753629059075044,0.017452740856441763,0.0006244453271016962,0.07753629059075044,0.017452740856441763,0.0005730151766198642,0.08904509998139198,0.020884914198828205,0.0009215527517149544,-0.02337858019479864,-0.022776862852733223,-0.02294210431581886,0.0006344318389892578,0.0004818439483642578,0.0006034374237060547,-0.023377186771654512,-0.022484613522935636,-0.021871239547872144,0.0005559921264648438,0.0005497932434082031,0.0005040168762207031,15,0.0651583872890107,0.11637580166795765,-0.011174811968156995,-0.009062892021873964,0.0,0.0,-0.010627990708441998,-0.008569011783261598,0.0,0.0,0.0,0.0,0.0,0.0,-0.008046274189289212,-0.005713856527257904,0.0,0.0,0.0,0.0
468,-0.02539969122409805,-0.025798123996906147,-0.03493552779789915,0.0042653968339455275,0.30699181419909666,0.35599480501062014,0.009992418010620117,0.1222325212484529,0.031054727210585147,0.0016109857940730633,0.1222325212484529,0.031054727210585147,0.0022899210320969535,0.13334622455234904,0.03768432104314928,0.0019107850527395893,-0.0216188892226164,-0.020941057260089144,-0.017927712044046275,0.0006961822509765625,0.0006480216979980469,0.0006902217864990234,-0.020880193586223318,-0.020786625106667143,-0.020040506441125365,0.0006420612335205078,0.0006341934204101562,0.0006356239318847656,19,0.054098309451016166,0.11286997292021947,-0.006959421981866929,-0.009356518106521956,0.0,0.0,-0.009634995432980397,-0.010073244337474824,0.0,0.0,0.0,0.0,0.0,0.0,-0.0039380732690446054,-0.007778286523477147,0.0,0.0,0.0,0.0
469,-0.02389498752032598,-0.023091710406839622,-0.029403738942454283,0.004256699612603923,0.32371717155285645,0.2946222936541748,0.010832312654174805,0.13288640913406882,0.035083561875360825,0.001269865641131256,0.13288640913406882,0.035083561875360825,0.0019433269480964943,0.1399164366048061,0.0398519817847419,0.0021932218506575795,-0.018988148044538303,-0.020847630396760942,-0.015580773077459874,0.0007443428039550781,0.00067901611328125,0.000751495361328125,-0.01833262097676824,-0.017236238471800645,-0.014053685095365302,0.0006878376007080078,0.0006871223449707031,0.0006053447723388672,20,0.05184793808263841,0.12606961291606467,-0.014177669462138973,-0.012994926090393578,0.0,0.0,-0.012875717048601472,-0.012465645044044498,0.0,0.0,0.0,0.0,0.0,0.0,-0.013044694421306274,-0.010443650274824084,0.0,0.0,0.0,0.0
470,-0.019466656238805218,-0.01851926782051444,-0.02648956345215398,0.003961964130789133,0.2644814391616211,0.24789000308984374,0.00982178508984375,0.3132349025703002,0.1018574721609714,0.0023182105167270607,0.3132349025703002,0.1018574721609714,0.0063287757357415545,0.3097061555638743,0.11045594242915703,0.002640765110654035,-0.01568751950151681,-0.015312591877977025,-0.004744716395713416,0.0027184486389160156,0.0026628971099853516,0.0027246475219726562,-0.010623457405647026,-0.012548317648179763,-0.006374684415323413,0.002625703811645508,0.002637147903442383,0.0025980472564697266,100,0.012978611021066871,0.03204372852444985,-0.017679094723665047,-0.017433250543532078,0.0,0.0,-0.018053723432884854,-0.017296164810988245,0.0,0.0,1.0,1.0,1.0,1.0,-0.008711072632442241,-0.00897017703179395,0.0,0.0,1.0,1.0
471,-0.01973803730216952,-0.018774467889525054,-0.0268751710586986,0.0039600868535024,0.28452857508410645,0.25777186779907224,0.008307746799072264,0.31425699698531384,0.10251590092042025,0.002387854666867826,0.31425699698531384,0.10251590092042025,0.006265788873012372,0.31064680065813677,0.11094396817312206,0.0027432981722502444,-0.015730398357748115,-0.015413243163630198,-0.004549163093075105,0.002566099166870117,0.0026035308837890625,0.002483367919921875,-0.015743316367446417,-0.015364700216296944,-0.0048454125068963,0.002509593963623047,0.0024750232696533203,0.002464771270751953,101,0.012859374482875413,0.0317375493997826,-0.01790870970135929,-0.01777043631365771,0.0,0.0,-0.018390325268574304,-0.017600287089294907,0.0,0.0,1.0,1.0,1.0,1.0,-0.00805065870645345,-0.009022055161619906,0.0,0.0,1.0,1.0
472,-0.01918643211823065,-0.018664642093025503,-0.025735421928306253,0.003831618939456252,0.2872231773583984,0.24510823579406738,0.007944706794067384,0.3348957130733056,0.11595898668810488,0.00230490520812606,0.3348957130733056,0.11595898668810488,0.006224362080376322,0.33671503399020253,0.12430129924570042,0.002549476731737334,-0.015911587694794366,-0.015849255344999428,-0.002337174383251636,0.004929304122924805,0.004792451858520508,0.004766702651977539,-0.014669295521911508,-0.014506891252834934,-0.0014912484528265858,0.0047681331634521484,0.004900455474853516,0.004976511001586914,200,0.0075199764030341515,0.016274410208942824,-0.018518689015093157,-0.018211041629092435,0.0,0.0,-0.018453090792389958,-0.017952846658580088,0.0,0.0,1.0,1.0,1.0,1.0,-0.007067208921992467,-0.008303141075487302,0.0,0.0,1.0,1.0
473,-0.01909040163901247,-0.01855845277074195,-0.025495227400083403,0.003830686783640504,0.30559216832006836,0.24348531826220704,0.007622156262207031,0.3347450084647576,0.11584742770201266,0.002283052430899522,0.3347450084647576,0.11584742770201266,0.006219251647236764,0.33655636253289495,0.12415227898698902,0.0025338830987455116,-0.015805544487638084,-0.015770785302955278,-0.002184640755921046,0.004875659942626953,0.004822254180908203,0.0049207210540771484,-0.01575819930405901,-0.015694907283329444,-0.0020677887578179066,0.004831075668334961,0.00478672981262207,0.004881858825683594,201,0.007483694374138965,0.016194815084097907,-0.018492784640625298,-0.018130461147976628,0.0,0.0,-0.01842419724681145,-0.01788877814505376,0.0,0.0,1.0,1.0,1.0,1.0,-0.007126710497428118,-0.008362654582019435,0.0,0.0,1.0,1.0
474,-0.01906967399747729,-0.018517366381669894,-0.024997129647489194,0.0037562545236634226,0.29708347293762205,0.2561842172858887,0.009394784285888672,0.344581456070179,0.12280638766611995,0.0023137572040141923,0.344581456070179,0.12280638766611995,0.007736878028983669,0.34657836463214065,0.12947731737382803,0.0025405898907449823,-0.016467755461233323,-0.01643966193476964,0.0060963628264503675,0.007130146026611328,0.007037162780761719,0.006921529769897461,-0.01642473604497068,-0.016387947465878284,-0.0025636269363769684,0.007130146026611328,0.007161378860473633,0.007009744644165039,300,0.005059297217100752,0.010900697859776575,-0.018410745684562774,-0.018266791682273267,0.0,0.0,-0.018524813090059943,-0.018196685615597022,0.0,0.0,1.0,1.0,1.0,1.0,-0.003006891511666949,0.000756799121552701,0.0,0.0,1.0,1.0
475,-0.01907063823740822,-0.018518090227299427,-0.024997131208179157,0.003755639801812687,0.29033551742602537,0.248498366895874,0.009558584895874023,0.3447997846676239,0.12295716590430379,0.0023260935213131133,0.3447997846676239,0.12295716590430379,0.007773576711450647,0.3467414637869107,0.12962109150907872,0.0025532168164835935,-0.016482722498960038,-0.01645257810069676,0.006332875278157884,0.0072824954986572266,0.007285118103027344,0.007028341293334961,-0.016482751320885503,-0.016452695086504113,0.0063328680755852865,0.0071489810943603516,0.007386684417724609,0.007004976272583008,301,0.005042830652786518,0.010864910789611174,-0.01841081363399419,-0.018266792523445985,0.0,0.0,-0.018524791369507364,-0.01819638451764284,0.0,0.0,1.0,1.0,1.0,1.0,-0.0030068868508757785,0.0007568054787322045,0.0,0.0,1.0,1.0
476,-0.018934715254620867,-0.0183590257833679,-0.02627400616452399,0.0037033712708274096,0.29552506117578126,0.24505755246887206,0.00945792446887207,0.3467896423942541,0.12421294161463185,0.002345410181454129,0.3467896423942541,0.12421294161463185,0.011216706618405453,0.35543435477510826,0.1354421795075458,0.0028385235677555326,-0.016494127640950235,-0.016420637975306893,0.02360404869859578,0.009743690490722656,0.00984644889831543,0.009647846221923828,-0.01660606211111528,-0.01659368505981202,0.005530382887595317,0.009884834289550781,0.009865283966064453,0.00980520248413086,400,0.003917390556336327,0.008190883597669608,-0.018010264339250123,-0.01807368057536324,0.0,0.0,-0.01818564834654371,-0.018200637337878325,0.0,0.0,1.0,1.0,1.0,1.0,0.012452583437427521,0.0116513863836312,0.0,0.0,1.0,1.0
477,-0.018935408867257073,-0.018359550632744564,-0.026276494739662325,0.0037029146561744428,0.282722570710083,0.24424788251184082,0.00878267551184082,0.346670854646494,0.12412600991743604,0.002340409091340724,0.346670854646494,0.12412600991743604,0.011199056564470226,0.3552967257895156,0.13533041569705898,0.002831842670906757,-0.016504516789567363,-0.016429890808119102,0.02350562497959762,0.009949922561645508,0.009996652603149414,0.009610176086425781,-0.016504871611287004,-0.016429986920869964,0.023505624920693774,0.009808540344238281,0.00991511344909668,0.009702920913696289,401,0.003907470473525979,0.008170335403305808,-0.018010315713378872,-0.018073676306750257,0.0,0.0,-0.01818540648621313,-0.018200557094128367,0.0,0.0,1.0,1.0,1.0,1.0,0.012452583479871446,0.011651386422928747,0.0,0.0,1.0,1.0
478,-0.01883202580910954,-0.01827500682685987,-0.02595019718446585,0.0036627344684017826,0.2613560929354248,0.2558242176136475,0.010418595613647462,0.3495688684695248,0.12603303405722568,0.0022578386102166262,0.3495688684695248,0.12603303405722568,0.011148908018816182,0.36018607426841326,0.13821882856351414,0.0028427511673669342,-0.01677034930599059,-0.016675876345595475,0.022589388245369386,0.012531042098999023,0.012656211853027344,0.012119770050048828,-0.016620393862460517,-0.016510965651821388,0.023383499509345596,0.012563943862915039,0.01251673698425293,0.012320280075073242,500,0.0031394642955282835,0.006564319778441065,-0.018273225903939344,-0.018366943916834303,0.0,1.0,-0.018431698377977323,-0.018499034474455205,0.0,0.0,1.0,1.0,1.0,1.0,0.011831809872361048,0.010975909551017397,0.0,0.0,1.0,1.0
479,-0.018832545533205514,-0.018275422986260666,-0.02595172133826308,0.003662372197924572,0.2613775894008789,0.2573046146623535,0.009371368662353515,0.3496737844485884,0.12610483326744998,0.0022580894301566113,0.3496737844485884,0.12610483326744998,0.011142582725935336,0.36040648501163774,0.13838080224392407,0.0028405619478772156,-0.01677828008336267,-0.016682918220197712,0.022647554392571285,0.012438297271728516,0.012543439865112305,0.012125492095947266,-0.016778379044190078,-0.0166829523916937,0.02264755495690069,0.012139320373535156,0.012242555618286133,0.011995077133178711,501,0.003133445371897601,0.00655149165900046,-0.01827327166663505,-0.018367023866590698,0.0,1.0,-0.018431759122506438,-0.01849902127812845,0.0,0.0,1.0,1.0,1.0,1.0,0.01183180947739277,0.01097590916145177,0.0,0.0,1.0,1.0
480,-0.018441510151475427,-0.017067070542968965,-0.02401205198949469,0.0036297961494825975,0.2707517322258301,0.3411426422928467,0.02475771729284668,0.34945916779075076,0.12616141599859557,0.0022290412083893563,0.34945916779075076,0.12616141599859557,0.007230997303701344,0.36203341656352506,0.13905647645560035,0.0028311400841747017,-0.016554340870226253,-0.015901209146227828,0.0064576764803458975,0.01486349105834961,0.01488947868347168,0.014632463455200195,-0.016389044811064714,-0.016297346526448556,0.024527411083578258,0.014754295349121094,0.014751195907592773,0.014950752258300781,600,0.0026209628948747968,0.005492002871388172,-0.01857478722556365,-0.016804273302758077,1.0,0.0,-0.018548551619466513,-0.018598501167019645,1.0,1.0,1.0,1.0,1.0,1.0,0.0015954240040399854,-0.00019634455541976562,0.0,0.0,1.0,1.0
481,-0.018441923609839917,-0.017070324833195327,-0.02402184085072184,0.0036294964263520564,0.34308682441833493,0.31466623308813474,0.011642856088134767,0.34955574174088666,0.1262291610807303,0.0022187050074833274,0.34955574174088666,0.1262291610807303,0.00722755344069123,0.3621713656765483,0.13915143064864952,0.0028306939493305634,-0.016560932960960326,-0.015956401695622954,0.006423098409237292,0.014705419540405273,0.014558076858520508,0.014562129974365234,-0.016560939091918452,-0.015916572339454253,0.006451052702749288,0.014826297760009766,0.01498103141784668,0.01458430290222168,601,0.002616709089637911,0.005483046991641788,-0.018592700942867593,-0.016860308594918504,1.0,0.0,-0.018548639523103722,-0.018598570000623628,1.0,1.0,1.0,1.0,1.0,1.0,0.0015523165164520875,-0.00023496070630398143,0.0,0.0,1.0,1.0
482,-0.018409130495371035,-0.016986366552098033,-0.023913845744363012,0.003602139672201996,0.32422392286657714,0.3055427711140137,0.016188710114013672,0.34941115568517,0.12618794218407295,0.002209544099697224,0.34941115568517,0.12618794218407295,0.008973853540136351,0.36309416560901236,0.13976200596999883,0.002831773171555141,-0.016604223347815434,-0.015805234383188912,0.02253647502238427,0.017107009887695312,0.01748180389404297,0.016922473907470703,-0.016549230954570872,-0.015869720754056585,0.006187571500611687,0.01725172996520996,0.01701188087463379,0.01648092269897461,700,0.002247464216011913,0.004709741403840074,-0.01851980905164218,-0.016909366666569402,1.0,0.0,-0.018400252176991875,-0.018618205262850226,0.0,1.0,1.0,1.0,1.0,1.0,0.010921507343007213,0.01194433732309541,0.0,0.0,1.0,1.0
483,-0.018409467329694697,-0.016989054369998157,-0.023931772505120144,0.003601884391363346,0.3290141392850342,0.29608908238415527,0.011962814384155272,0.3494900645442447,0.12624263796079038,0.0022044733314501644,0.3494900645442447,0.12624263796079038,0.008969883165002891,0.36319326676037567,0.13982795478553894,0.0028299147410875405,-0.01660965493982967,-0.015856959759025374,0.022622549977368005,0.017455101013183594,0.017993450164794922,0.01687765121459961,-0.016609670986193294,-0.015818881834007197,0.022547501459631435,0.017635583877563477,0.0178372859954834,0.017382383346557617,701,0.002244271676133544,0.0047030766057318115,-0.018540860771592203,-0.01695768916327368,1.0,0.0,-0.018400291227113282,-0.018618298539000728,0.0,1.0,1.0,1.0,1.0,1.0,0.010999588183923499,0.012011263775806039,0.0,0.0,1.0,1.0
484,-0.018247852127304492,-0.017047320268599474,-0.024384212695748867,0.0035783285237006557,0.37398193570043947,0.298882618892334,0.017455750892333984,0.34862810261312954,0.12578684935204468,0.002266230319642457,0.34862810261312954,0.12578684935204468,0.008906440480673536,0.3628898284335643,0.13953747328988308,0.0028843115895981525,-0.01644975637421032,-0.01590176994032676,0.019007193118674333,0.020502090454101562,0.020509719848632812,0.01997542381286621,-0.016483284599436748,-0.01573376020339156,0.022072728893466176,0.02031540870666504,0.020160675048828125,0.019173622131347656,800,0.0019663222004683034,0.004122127332595997,-0.01843024642766071,-0.017333634995423022,1.0,1.0,-0.01833398216597608,-0.018549998081580595,1.0,1.0,1.0,1.0,1.0,1.0,0.007910246382610609,0.009259334432586652,0.0,0.0,1.0,1.0
485,-0.018248134579311973,-0.01705552888017608,-0.02439482110553113,0.003578106412097532,0.37554088137353514,0.29481889103662107,0.011549548036621095,0.3486693737150522,0.1258119032625912,0.00226370781228852,0.3486693737150522,0.1258119032625912,0.008906282344781375,0.3629343753892169,0.13956350169115364,0.0028844443394452288,-0.01645451382857519,-0.01591295092757464,0.01895709066374568,0.019887447357177734,0.0202176570892334,0.01972484588623047,-0.016454513378974737,-0.015913008785301302,0.018957090609656897,0.02031254768371582,0.020589113235473633,0.019704818725585938,801,0.001963871348278721,0.004116989416873764,-0.01843020498283066,-0.017333667817053432,1.0,1.0,-0.018334063927413144,-0.018550023043881314,1.0,1.0,1.0,1.0,1.0,1.0,0.007910246422542575,0.009259334472127597,0.0,0.0,1.0,1.0
486,-0.01834714492455051,-0.01722897926069425,-0.02427118429538984,0.0035574399295128525,0.40333478635180664,0.3129732710690918,0.0156799120690918,0.349049277567934,0.12615412164369247,0.002258939144550236,0.349049277567934,0.12615412164369247,0.008886661590437037,0.363837605185412,0.14007768935073334,0.0028472107813762005,-0.01661967541283159,-0.0161438996736108,0.017170365898299053,0.023488521575927734,0.023584604263305664,0.02287888526916504,-0.016560866936762987,-0.016099026881093142,0.01867286481907425,0.023511171340942383,0.023138761520385742,0.022187232971191406,900,0.0017483694244519454,0.0036677505564238068,-0.01843527676600531,-0.017200249763430753,1.0,0.0,-0.018434059821520073,-0.01855355493968327,1.0,1.0,1.0,1.0,1.0,1.0,0.006443453553049299,0.007907381806408794,0.0,0.0,1.0,1.0
487,-0.018347393244253912,-0.017235952306864623,-0.024279734860564416,0.0035572434998013503,0.3991858803931885,0.30655200643945313,0.011928026439453124,0.34911868405897656,0.1262021801892366,0.0022567450975230557,0.34911868405897656,0.1262021801892366,0.008888667699050232,0.3638994055409795,0.14011638980883714,0.0028474344689026305,-0.01662377978098789,-0.01615362662387864,0.0172309767761524,0.02313995361328125,0.023081541061401367,0.02219843864440918,-0.01662379360107009,-0.016153510918778147,0.017230976822553125,0.02330613136291504,0.023775815963745117,0.02281951904296875,901,0.001746466217706402,0.0036637232248270084,-0.018435409956010066,-0.017200763104101683,1.0,0.0,-0.018434111967809905,-0.018553643279091096,1.0,1.0,1.0,1.0,1.0,1.0,0.006443453518031497,0.007907381772326803,0.0,0.0,1.0,1.0
488,-0.018138271147841372,-0.016835492201486144,-0.023782414103267875,0.003538846304730715,0.46313295118676756,0.30769365594702147,0.016937459947021484,0.3491135181364249,0.1262176595422834,0.0021970744508446344,0.3491135181364249,0.1262176595422834,0.008798282816724077,0.3646223134798544,0.14050209167970582,0.0028718773921132413,-0.01639738885412568,-0.01585326158437851,0.01723204418700848,0.02545475959777832,0.02614140510559082,0.025060176849365234,-0.01640144750259792,-0.015786325456888718,0.01778445378063219,0.025530338287353516,0.02589893341064453,0.024856090545654297,1000,0.001574952211968043,0.0033033821448278464,-0.01837462260663595,-0.017373595406404912,1.0,1.0,-0.01832727811047572,-0.018530987597609225,1.0,1.0,1.0,1.0,1.0,1.0,0.005923150396133494,0.007427873661067075,0.0,0.0,1.0,1.0
489,-0.018133435613851653,-0.0168137219000482,-0.023699283474796096,0.0035386703346357057,0.3978468405090332,0.29293454237097166,0.013243447370971679,0.34904091205113097,0.12616843924885787,0.002189947966268346,0.34904091205113097,0.12616843924885787,0.00879203731230772,0.3645366412755718,0.14044083712658645,0.0028660296661194807,-0.016396916881952592,-0.015825973948562697,0.017285046547582318,0.026073932647705078,0.026157855987548828,0.024973630905151367,-0.01639285218593719,-0.015832236924386144,0.017285046576476643,0.026006460189819336,0.025754690170288086,0.02527618408203125,1001,0.001573418578180605,0.003300124553003305,-0.018366988080988033,-0.01738130550482519,1.0,1.0,-0.018332264739762273,-0.018510558564932493,1.0,1.0,1.0,1.0,1.0,1.0,0.0059231503759628054,0.0074278736387005636,0.0,0.0,1.0,1.0
490,-0.01818725004340505,-0.017141722532210184,-0.024012610601337577,0.003522101687463238,0.35205310479333496,0.3220814718876953,0.02299434988769531,0.3502815959762355,0.12698522461775869,0.002198264042887646,0.3502815959762355,0.12698522461775869,0.008823851490807838,0.3664672087178939,0.141672481460477,0.002891043304790062,-0.016518462281234964,-0.016076795481210205,0.01612753151371528,0.0296328067779541,0.02988576889038086,0.02807903289794922,-0.016516871274530238,-0.01605520740135502,0.016408855179295766,0.029547691345214844,0.02916550636291504,0.028247356414794922,1100,0.0014323883038506956,0.0030053379374080412,-0.018404277435216655,-0.0174024667612254,1.0,1.0,-0.018354839786418407,-0.018517615554155133,1.0,1.0,1.0,1.0,1.0,1.0,0.005650860051114066,0.007177193506935007,0.0,0.0,1.0,1.0
491,-0.018225054690403773,-0.017152239712696207,-0.02404429386019999,0.0035219423920186746,0.43220072218164063,0.31836678851416017,0.012824117514160157,0.3502877982837123,0.12698593244937095,0.0021990282798499522,0.3502877982837123,0.12698593244937095,0.008831623703706859,0.3664561969265254,0.14165662122068173,0.0028997895279158255,-0.016533172651318876,-0.016076258688845185,0.016363834776724824,0.02904343605041504,0.02930593490600586,0.027576684951782227,-0.016521762593185437,-0.016084934847426575,0.01609418065644204,0.028165578842163086,0.028873443603515625,0.027884721755981445,1101,0.0014311316226033057,0.00300265507697356,-0.01839399674307316,-0.017386827686160674,1.0,1.0,-0.018365203334938743,-0.01852934674156407,1.0,1.0,1.0,1.0,1.0,1.0,0.005912153890657448,0.0074177496614207675,0.0,0.0,1.0,1.0
492,-0.01810422683195899,-0.017157237503923492,-0.02400835329139522,0.003506877954945893,0.4244398403977051,0.3275245500999756,0.030800068099975587,0.3500929695985041,0.12682517870685972,0.0021630225923943295,0.3500929695985041,0.12682517870685972,0.00874980525944737,0.36669321481454425,0.1417001638261183,0.0029013060891620447,-0.016496392585916737,-0.016179306341446525,0.015017665199393189,0.03140401840209961,0.0316619873046875,0.03116464614868164,-0.016501170765353776,-0.01605749700220016,0.016422095983701326,0.03219747543334961,0.03214216232299805,0.03049945831298828,1200,0.0013132059285854317,0.002757873739736708,-0.01854596687383689,-0.017539699807843413,1.0,1.0,-0.01838441964772641,-0.01850566908188915,1.0,1.0,1.0,1.0,1.0,1.0,0.004553920774697247,0.006167313427819969,0.0,0.0,1.0,1.0
493,-0.018104408339784387,-0.017162679346321666,-0.02401400001466698,0.0035067325046999197,0.34084969680957033,0.31743072154101565,0.014033180541015624,0.35014280591096575,0.1268593886804359,0.0021612305790475604,0.35014280591096575,0.1268593886804359,0.008743028299449396,0.3667339229548077,0.14172623860053674,0.0028995439922902674,-0.016499366882038315,-0.01618659872172651,0.0149899288920123,0.030837535858154297,0.03146672248840332,0.030216217041015625,-0.016499396597617417,-0.01618661085941419,0.014989928954879918,0.031052827835083008,0.03157186508178711,0.03027510643005371,1201,0.0013121088646105838,0.002755576704669767,-0.0185456697165144,-0.017539553358047653,1.0,1.0,-0.018384419621102786,-0.018505594540119567,1.0,1.0,1.0,1.0,1.0,1.0,0.004553920716611852,0.006167313384426791,0.0,0.0,1.0,1.0
494,-0.018016383603817805,-0.017070080488834304,-0.024030721327409677,0.0034998959041248356,0.3379455401932373,0.3071705300172119,0.014297836017211914,0.3498547102574576,0.12671310924164672,0.0021547313536246465,0.3498547102574576,0.12671310924164672,0.008721984078041567,0.3666187201780798,0.14164103124699512,0.002882634547954936,-0.0164373692053463,-0.01612361934674847,0.014809557810608436,0.03332090377807617,0.03350114822387695,0.03217601776123047,-0.01642012624951611,-0.016089424604495965,0.015006148549289968,0.033267974853515625,0.03296971321105957,0.032192230224609375,1249,0.001261827210698531,0.0026498844492594143,-0.0185537453807527,-0.017547914338752083,1.0,1.0,-0.018357410604412486,-0.018465936826423005,1.0,1.0,1.0,1.0,1.0,1.0,0.004363723331979003,0.005993193052396153,0.0,0.0,1.0,1.0
495,-0.01803930401982313,-0.01707690141195986,-0.024061192324729492,0.0034997564132382853,0.45016823041540527,0.3046834301497803,0.013724448149780273,0.34985842685989926,0.12671257509918132,0.0021568361955344125,0.34985842685989926,0.12671257509918132,0.00872909086132774,0.3666157659131167,0.14163090601924602,0.0028889434243527267,-0.01643384172507793,-0.016124039157092762,0.015014875458366078,0.03287982940673828,0.03388404846191406,0.03191089630126953,-0.0164402486060359,-0.0161306930351914,0.014781469094740915,0.0325009822845459,0.032500267028808594,0.031493425369262695,1250,0.0012608408865115506,0.002647789096755732,-0.018549180324430065,-0.017540630982630593,1.0,1.0,-0.018358513130560864,-0.018459106011246257,1.0,1.0,1.0,1.0,1.0,1.0,0.0045897679013065795,0.006200316261427965,0.0,0.0,1.0,1.0
496,-0.018106682656932226,-0.01712331879615127,-0.02453663569633128,0.0034929267547290856,0.4379119979780273,0.3089284352188721,0.01904211021887207,0.34966078519938176,0.12659505237813864,0.0021490951722937593,0.34966078519938176,0.12659505237813864,0.00878839151341216,0.36639419363991643,0.14143032721935453,0.0029054128288696275,-0.016463000703499243,-0.016153776171205787,0.014683694522120906,0.03468012809753418,0.03423666954040527,0.034232378005981445,-0.016438555087228496,-0.01616001962478745,0.01470105523070505,0.035727500915527344,0.035002708435058594,0.03427457809448242,1300,0.0012122495498009284,0.002545998178646184,-0.01854586251878025,-0.017506628841974844,1.0,1.0,-0.018429776295035144,-0.01853229685128222,1.0,1.0,1.0,1.0,1.0,1.0,0.004572765297338453,0.006184661452806234,0.0,0.0,1.0,1.0
497,-0.01810684946747367,-0.017128375975550017,-0.024526757439034548,0.003492792979928715,0.4371609837844238,0.3078462848477783,0.01436416284777832,0.3496731325061487,0.12660060427383352,0.002147666815910429,0.3496731325061487,0.12660060427383352,0.008786815783873449,0.3664657715622179,0.14148874064585928,0.002908019539826047,-0.01646582085631484,-0.016160764009188887,0.01458969712685788,0.03520846366882324,0.0347292423248291,0.03429841995239258,-0.016465841357814936,-0.016159253677313596,0.014723527103268338,0.03540396690368652,0.03508424758911133,0.03399658203125,1301,0.0012113235846916662,0.0025440485587006475,-0.018552831247838672,-0.017518135412836453,1.0,1.0,-0.01842979130501151,-0.018532341548390265,1.0,1.0,1.0,1.0,1.0,1.0,0.004441893630892031,0.006064176367554728,0.0,0.0,1.0,1.0
498,-0.018077614368822017,-0.017052910579118327,-0.02422478345153532,0.003480055644111312,0.32505802135388184,0.3163749872844238,0.023014081284423827,0.34961319595279755,0.12654042984906752,0.002100090273053044,0.34961319595279755,0.12654042984906752,0.008718547578050656,0.36669849139642,0.14156967191050848,0.002915896531605544,-0.016442631160998113,-0.01615489117295108,0.015486566524168452,0.03693866729736328,0.037711381912231445,0.03657698631286621,-0.016434004687478708,-0.016140916930436552,0.014520138587071355,0.038118839263916016,0.03729128837585449,0.03609132766723633,1400,0.0011259289212331785,0.0023649763749792638,-0.018592766180749655,-0.017479679857229802,1.0,1.0,-0.018475344357809394,-0.01855316506291718,1.0,1.0,1.0,1.0,1.0,1.0,0.005389315116632026,0.006936406040698543,0.0,0.0,1.0,1.0
499,-0.018077770058193592,-0.01705776633046824,-0.024229850254223438,0.0034799318449689797,0.3288445625308838,0.31588263843115233,0.014670769431152343,0.3496652013960146,0.12657740008761603,0.0020991374884389426,0.3496652013960146,0.12657740008761603,0.008718861315003164,0.36673796747685183,0.14159556911410898,0.0029157582206429974,-0.01644526443597616,-0.016161166984940203,0.015499835467155061,0.038308143615722656,0.038312435150146484,0.03610801696777344,-0.01644528008448488,-0.016161285669030384,0.015499835477257348,0.03719019889831543,0.03732919692993164,0.03589010238647461,1401,0.0011251354091126936,0.002363301368422174,-0.01859256482597508,-0.017479618391761292,1.0,1.0,-0.018475373464252133,-0.01855321488515495,1.0,1.0,1.0,1.0,1.0,1.0,0.005389315109482555,0.0069364060330370444,0.0,0.0,1.0,1.0
500,-0.01800806042609553,-0.017051345833679853,-0.024206541376869853,0.0034682277797908265,0.3992916926196289,0.3082260749667969,0.040983993966796875,0.34885843347899625,0.12607596143280073,0.0021029241415454875,0.34885843347899625,0.12607596143280073,0.006429188255150477,0.3665082609589,0.1414228528258898,0.0028872832701243383,-0.016471665242415272,-0.01630189404719626,0.0014656532604655353,0.0403447151184082,0.0407259464263916,0.03928661346435547,-0.016443919493896897,-0.016154495487740804,0.015528850039657635,0.040254831314086914,0.04082369804382324,0.03894948959350586,1499,0.0010515461574458313,0.002213068633489058,-0.01888739124298128,-0.017680781478446175,1.0,1.0,-0.018578943262891875,-0.018570498254047673,1.0,1.0,1.0,1.0,1.0,1.0,-0.009428781723280422,-0.004694644268833918,0.0,0.0,1.0,1.0
501,-0.018008206249466824,-0.017052358669286165,-0.024189658108912694,0.0034681125198946085,0.3922799638991699,0.29967214472387693,0.016173655723876953,0.34888543401686933,0.1260927118208818,0.002100813771454588,0.34888543401686933,0.1260927118208818,0.006441119325273688,0.36656577993578204,0.14146387996499046,0.0028905769849101783,-0.0164737146873979,-0.01630617327500713,0.0014531687416527266,0.03993391990661621,0.03977370262145996,0.03873133659362793,-0.016473717955503904,-0.016298262985019338,0.0015094002090660918,0.04097771644592285,0.04062080383300781,0.03940272331237793,1500,0.001050843352485759,0.0022115925119557114,-0.018895906417155005,-0.01769433670245031,1.0,1.0,-0.0185789880284105,-0.01857053516232055,1.0,1.0,1.0,1.0,1.0,1.0,-0.009462064812813585,-0.004754063536400933,0.0,0.0,1.0,1.0
502,-0.017997273913576393,-0.01702107973824689,-0.024161168999061105,0.003467997340384235,0.36121711231225584,0.27842919464685056,0.015152505646850587,0.3488351041880047,0.1260586144712051,0.0020946754207655897,0.3488351041880047,0.1260586144712051,0.00643715540748151,0.36650606914011924,0.1414217469954225,0.0028895148199251314,-0.016459948187828213,-0.016286620521968893,0.001478627931504304,0.03991508483886719,0.04009127616882324,0.03882288932800293,-0.01645946070290493,-0.016275427624304572,0.0014786278932822326,0.04074501991271973,0.04023408889770508,0.03918051719665527,1501,0.001050158661029827,0.002210135183114652,-0.018893283560401958,-0.017727563252919028,1.0,1.0,-0.01857486261821844,-0.01855273719982646,1.0,1.0,1.0,1.0,1.0,1.0,-0.009462064803049198,-0.004754063508433848,0.0,0.0,1.0,1.0
503,-0.017876381379189052,-0.016994979394780063,-0.024409070040460137,0.0034569751087092314,0.4055100689998779,0.3387110235880127,0.034338540588012695,0.34862812266606025,0.12594244107158092,0.0021198206246388286,0.34862812266606025,0.12594244107158092,0.006442156324937079,0.36710491149520674,0.1418647208613631,0.0029155391234516963,-0.016357537707246947,-0.01589589187408511,0.0017333522557012072,0.042873382568359375,0.042587995529174805,0.04259157180786133,-0.016323135485257354,-0.01603587076364877,0.0015300504702500418,0.04349541664123535,0.04306674003601074,0.04192233085632324,1600,0.0009856416471649674,0.002074689240889044,-0.01902929475903419,-0.01754182644665528,1.0,1.0,-0.018703559337227713,-0.0185813041997082,1.0,1.0,1.0,1.0,1.0,1.0,-0.009339424575425788,-0.0045316371406106245,0.0,0.0,1.0,1.0
504,-0.01787651901254577,-0.016999327169394618,-0.024413244911508064,0.0034568674499926067,0.41672800775061036,0.32515525914331056,0.016553403143310545,0.3486038932933337,0.125922870251913,0.0021187004343318546,0.3486038932933337,0.125922870251913,0.006440908735530724,0.3670720683579572,0.14183678366447233,0.0029141915967447352,-0.016359817394988235,-0.015901586309527017,0.0017177532389478119,0.042409420013427734,0.04286837577819824,0.04217720031738281,-0.01635982160984594,-0.015901767105242756,0.0017177531285327043,0.0434873104095459,0.04329943656921387,0.041864633560180664,1601,0.0009850004840902806,0.0020733683610890574,-0.019029154858283968,-0.017541739503473194,1.0,1.0,-0.018703629197046004,-0.018581347871845358,1.0,1.0,1.0,1.0,1.0,1.0,-0.009339424502372594,-0.004531637050033923,0.0,0.0,1.0,1.0
505,-0.017826048464441847,-0.016901973617225827,-0.024702549581849285,0.0034465436660690418,0.32419738513977053,0.338490396977417,0.03259811897741699,0.34792672174047107,0.1255169672685035,0.0021524489057986023,0.34792672174047107,0.1255169672685035,0.008848875479052094,0.36629608258486906,0.14127091111923146,0.002941529049997229,-0.016272695460621656,-0.015786697534537125,0.015839788685836714,0.04706835746765137,0.04631853103637695,0.04386448860168457,-0.016291176070309808,-0.015799744774844728,0.0020593443611606164,0.04568123817443848,0.0449676513671875,0.0444331169128418,1700,0.000927630324137423,0.0019528895382914073,-0.01899401711567211,-0.0176948146477098,1.0,1.0,-0.018700438526240613,-0.0185637084003326,1.0,1.0,1.0,1.0,1.0,1.0,0.005261479844556652,0.006818717679744712,0.0,0.0,1.0,1.0
506,-0.017826177845302594,-0.016906130443166346,-0.024706397776013456,0.0034464426255165852,0.32189791405981444,0.32204128823693845,0.016069922236938476,0.34794818453606274,0.125530065553998,0.0021513535383882155,0.34794818453606274,0.125530065553998,0.008848580239711693,0.36632350129732577,0.14128890606544722,0.0029420606389381748,-0.016274884376110438,-0.015792166920760776,0.01581814736913647,0.04554438591003418,0.04626131057739258,0.04419732093811035,-0.016274890686397418,-0.015792313665074657,0.015818147264043216,0.04670405387878418,0.045334577560424805,0.04437899589538574,1701,0.0009270852068583766,0.0019517421758810437,-0.01899396231624194,-0.017694668748355825,1.0,1.0,-0.01870046897780286,-0.01856374048961652,1.0,1.0,1.0,1.0,1.0,1.0,0.005261479935662717,0.006818717757610241,0.0,0.0,1.0,1.0
507,-0.017835590689712938,-0.016895295234393325,-0.024857088765286056,0.003441664442003331,0.3150672904434814,0.3056181663616943,0.020084546361694336,0.34800621248616964,0.1255420733737517,0.0021454860344944397,0.34800621248616964,0.1255420733737517,0.008869889612136124,0.36654606203344714,0.14140936948569474,0.0029508267739627066,-0.016293662358423295,-0.015776016443158188,0.016386816572853208,0.04677414894104004,0.04629254341125488,0.045919179916381836,-0.016301612454724154,-0.015801952916143554,0.015664475568269103,0.047190189361572266,0.04742312431335449,0.04630780220031738,1749,0.0009017355832810446,0.0018983113219072946,-0.018969958483603024,-0.01765376911823406,1.0,1.0,-0.018724795343840903,-0.018614427403308303,1.0,1.0,1.0,1.0,1.0,1.0,0.0059620958760903545,0.007463728266297964,0.0,0.0,1.0,1.0
508,-0.017835717188070966,-0.016899379588166476,-0.024860994914630112,0.0034415663623368993,0.3106137679243164,0.3107078593964844,0.016538461396484374,0.34804581241333893,0.1255698131176181,0.0021448672065164385,0.34804581241333893,0.1255698131176181,0.008872648692330055,0.3665757139533968,0.14142849965147083,0.0029502553075310698,-0.01629579939616088,-0.015781370384468155,0.01636535016111923,0.047690629959106445,0.04636812210083008,0.04548335075378418,-0.01629580280581372,-0.015781512761267553,0.016365350160384387,0.04695320129394531,0.04663538932800293,0.044995784759521484,1750,0.0009012145983829025,0.001897222224378282,-0.018969875668347437,-0.017653612437042932,1.0,1.0,-0.018724842770041765,-0.018614459745442066,1.0,1.0,1.0,1.0,1.0,1.0,0.005962095876766705,0.00746372826683142,0.0,0.0,1.0,1.0
509,-0.01784144623344441,-0.016886045482835194,-0.024890546626007502,0.0034367357771301443,0.3163541330445557,0.3018132135164795,0.02238709951647949,0.34787810195056335,0.12549943205125152,0.0021642098273864075,0.34787810195056335,0.12549943205125152,0.008889568570957275,0.3664514589785624,0.1413538671265479,0.002974463555157613,-0.016274680155441243,-0.015768772827223262,0.016049264951553538,0.04756927490234375,0.04754042625427246,0.046561241149902344,-0.016276921604060336,-0.0157822436691711,0.01641665795212815,0.04792904853820801,0.04849839210510254,0.04715704917907715,1800,0.0008761592745576708,0.0018445480811855996,-0.018914938288469664,-0.01760070353177842,1.0,1.0,-0.01869786545300461,-0.018589753641789927,1.0,1.0,1.0,1.0,1.0,1.0,0.005606110586850772,0.00713599522951224,0.0,0.0,1.0,1.0
510,-0.017841569862182688,-0.016890012668965938,-0.024894198789916614,0.0034366406043725047,0.3237793576160889,0.3238674727548828,0.01815425275488281,0.34791601842925746,0.1255258011790608,0.002165473667919383,0.34791601842925746,0.1255258011790608,0.008885698530595216,0.3664785056656954,0.14137110179772078,0.0029731959060671853,-0.01627677885457278,-0.015773985920017122,0.016029581604439347,0.04831290245056152,0.047637224197387695,0.0477297306060791,-0.016276784503315815,-0.015774119348524813,0.01602958160889556,0.04890251159667969,0.04893755912780762,0.046661376953125,1801,0.0008756767063151957,0.0018435319475639173,-0.018914881629309602,-0.017600636036840207,1.0,1.0,-0.01869790499904833,-0.01858977335481375,1.0,1.0,1.0,1.0,1.0,1.0,0.005606110584379895,0.007135995226574773,0.0,0.0,1.0,1.0
511,-0.01778209864728182,-0.016815346841055193,-0.02480869076878738,0.003427482573269225,0.32910999656921386,0.30052804369812014,0.030132277698120116,0.34817167375272534,0.12566788587606406,0.002130371641861686,0.34817167375272534,0.12566788587606406,0.008859637825729986,0.3669018197948902,0.14159974967644884,0.002955095670276525,-0.016222776523409803,-0.015715583786585427,0.016680046335116508,0.05120420455932617,0.050963401794433594,0.048868417739868164,-0.01622497862111208,-0.015656256819688793,0.016248408662669994,0.051009416580200195,0.050882816314697266,0.04944872856140137,1900,0.0008303704982920321,0.0017480206990640246,-0.018784046529810226,-0.01764861183621218,1.0,1.0,-0.018716691736172485,-0.01855626008734195,1.0,1.0,1.0,1.0,1.0,1.0,0.006021535141299779,0.007518450113330084,0.0,0.0,1.0,1.0
512,-0.01778221471646277,-0.01681915252584079,-0.024812332651548915,0.003427392637879982,0.3233923746652832,0.29294381150048826,0.02393560650048828,0.34817372576262984,0.12566720067147638,0.0021359389492740617,0.34817372576262984,0.12566720067147638,0.008862320796129202,0.3669353718401021,0.14162400718631118,0.002958867933872251,-0.016224760852660374,-0.015720504424461205,0.016660196045750808,0.05248904228210449,0.0512542724609375,0.048951148986816406,-0.01622476399862494,-0.015720665655561378,0.016660196046556636,0.05149555206298828,0.05055999755859375,0.0490870475769043,1901,0.0008299243110056024,0.001747099899398722,-0.018784034042946457,-0.017648645480873984,1.0,1.0,-0.01871671433777801,-0.01855630124630375,1.0,1.0,1.0,1.0,1.0,1.0,0.006021535140760199,0.0075184501127214835,0.0,0.0,1.0,1.0
513,-0.01770033017683356,-0.016793896286066035,-0.02479404008272544,0.0034188112034742872,0.34710941118994143,0.2971214457636719,0.021975597763671875,0.34813053987601417,0.12569325347395485,0.002139170674179728,0.34813053987601417,0.12569325347395485,0.008825292690375911,0.3670305310528001,0.14171412821495144,0.0029518661673436433,-0.01620420543586189,-0.015675018319135457,0.015394332637059843,0.05501103401184082,0.05301928520202637,0.050476789474487305,-0.016197820180814785,-0.015681617766859855,0.016706031292807427,0.052823543548583984,0.05261039733886719,0.05097174644470215,1999,0.0007892969229393142,0.001661563154347164,-0.018738882397545856,-0.01767742112019835,1.0,1.0,-0.018719244956223874,-0.01853372154846116,1.0,1.0,1.0,1.0,1.0,1.0,0.0047601900265939025,0.0063572117267315644,0.0,0.0,1.0,1.0
514,-0.017708085174960468,-0.016788336740457824,-0.024810477264007178,0.003418725926132418,0.3286514415904541,0.2962985638641357,0.02015792886413574,0.3481282311772912,0.12569076727633557,0.0021340440618672477,0.3481282311772912,0.12569076727633557,0.008827096411813612,0.36703035689882774,0.1417090222359157,0.002954852619645912,-0.016208171294456224,-0.01566979514965243,0.016247530903871904,0.053946495056152344,0.05323338508605957,0.05322861671447754,-0.01620569030646674,-0.01567137598458621,0.015376228865606582,0.055820465087890625,0.05424809455871582,0.051873207092285156,2000,0.0007889095005720493,0.0016607418543140976,-0.018735437127526434,-0.017648773171307933,1.0,1.0,-0.018717747281436447,-0.018550462315887147,1.0,1.0,1.0,1.0,1.0,1.0,0.00559857269590855,0.007129055976944354,0.0,0.0,1.0,1.0
515,-0.017708194678757852,-0.01679194778784259,-0.024813802835957542,0.0034186406934378177,0.3270817443417969,0.2966974971038818,0.017544580103881838,0.34814643471543105,0.1257019290725143,0.0021345659106081325,0.34814643471543105,0.1257019290725143,0.008827574335684985,0.36705500857922074,0.1417255410273935,0.00295364388985248,-0.016210029785621062,-0.015674472812641303,0.016245526833316544,0.05255389213562012,0.052401065826416016,0.05267739295959473,-0.016210032389967884,-0.015674623862369078,0.016245526823450956,0.0556788444519043,0.05366992950439453,0.05147838592529297,2001,0.0007885218724768947,0.00165991901221486,-0.018735439550449956,-0.017648826531618277,1.0,1.0,-0.01871776521491121,-0.01855050291238503,1.0,1.0,1.0,1.0,1.0,1.0,0.005598572705144025,0.007129055984300606,0.0,0.0,1.0,1.0
516,-0.017665509552426115,-0.016787644886417215,-0.024624306709094955,0.0034104163312831635,0.4388039297670898,0.3081834297580566,0.028140780758056642,0.34858376141491654,0.12598255114949705,0.0021422072156277645,0.34858376141491654,0.12598255114949705,0.008830191494259402,0.36779544635442424,0.14222588343830098,0.0029589749248913814,-0.016212686181266034,-0.0157143116532015,0.015242347587471495,0.057060956954956055,0.05745100975036621,0.054860591888427734,-0.016193788336989933,-0.015703887227711537,0.0164150014983405,0.05686664581298828,0.0575261116027832,0.056301116943359375,2100,0.0007515302022796305,0.001581958289904213,-0.01878729830676011,-0.017662704302189428,1.0,1.0,-0.018731296663705942,-0.018604372589166397,1.0,1.0,1.0,1.0,1.0,1.0,0.004476566107094389,0.0060960979796571176,0.0,0.0,1.0,1.0
517,-0.017675607472794272,-0.016790660029343495,-0.024635207698200864,0.003410335343966574,0.4297863658668213,0.3102286580847168,0.018544968084716798,0.3485737088032715,0.12597377621925906,0.002143304766096404,0.3485737088032715,0.12597377621925906,0.008827882724434397,0.3677796525741921,0.1422108117710449,0.0029612958248894797,-0.016214333601624734,-0.01571156349036701,0.015299119338852581,0.0574648380279541,0.05746126174926758,0.05408978462219238,-0.01621443780452711,-0.015712715245400966,0.01523180801254163,0.05671286582946777,0.05681204795837402,0.054080963134765625,2101,0.0007511764654901515,0.001581209897350199,-0.018785896919318056,-0.01766096426774372,1.0,1.0,-0.018746187456625846,-0.018608707751780446,1.0,1.0,1.0,1.0,1.0,1.0,0.004540993946335377,0.006155412509531373,0.0,0.0,1.0,1.0
518,-0.01772084724649434,-0.016891359904313747,-0.024876225954011667,0.0034025112878007997,0.3628238539233398,0.347460045383667,0.05267093038366699,0.3489146692825832,0.12619577685567407,0.002166389624045143,0.3489146692825832,0.12619577685567407,0.008836882327198137,0.36822053238343355,0.14247555182162605,0.002971618519174788,-0.016284572468956322,-0.015781195613737344,0.014531926373721842,0.059441328048706055,0.05796027183532715,0.056992292404174805,-0.016281714529742485,-0.015811048440301144,0.015103546544558675,0.059917449951171875,0.05946969985961914,0.05620980262756348,2200,0.0007173960767519795,0.0015102573164610293,-0.018769809547362813,-0.017682096800587473,1.0,1.0,-0.0187684993116478,-0.018677030271461736,1.0,1.0,1.0,1.0,1.0,1.0,0.003996902800733737,0.005658961861465885,0.0,0.0,1.0,1.0
519,-0.01772094947032345,-0.016894209667979835,-0.024873070184626023,0.0034024341517142455,0.37187145343579103,0.3051259466813965,0.018651970681396485,0.3489461086639164,0.12621748964013715,0.002162985255489379,0.3489461086639164,0.12621748964013715,0.008833676087528148,0.3682589535323307,0.14250310788175255,0.0029730612843589413,-0.016286244725635425,-0.015787345840209,0.014491367307254102,0.057547807693481445,0.05843615531921387,0.05777883529663086,-0.016286243948183753,-0.015783923843960632,0.014537869300217911,0.060880422592163086,0.060141563415527344,0.05864429473876953,2201,0.0007170779718830698,0.0015095796020136694,-0.018765424605757756,-0.017690157603808505,1.0,1.0,-0.01876853286665646,-0.01867707388415714,1.0,1.0,1.0,1.0,1.0,1.0,0.003953519210270464,0.005619134271638646,0.0,0.0,1.0,1.0
520,-0.017672846026893757,-0.016992545221301083,-0.024881525253350526,0.0033949740407474595,0.4737857589785156,0.31744769173950194,0.026141192739501953,0.34899454317040796,0.12623675969395753,0.00217255650127309,0.34899454317040796,0.12623675969395753,0.008722142683504547,0.36851805258282,0.1426683103838413,0.002964387058938355,-0.016261933845767886,-0.015828125961636654,0.01387253329915527,0.06309962272644043,0.0625448226928711,0.0597081184387207,-0.01628690430431702,-0.015791186965008447,0.014350641378334396,0.06324338912963867,0.06355834007263184,0.06066393852233887,2300,0.0006861955690746442,0.0014446277445132538,-0.01880035571057852,-0.01775725502967249,1.0,1.0,-0.018720995532124078,-0.018600984472548966,1.0,1.0,1.0,1.0,1.0,1.0,0.003505209200514474,0.005212393151121911,0.0,0.0,1.0,1.0
521,-0.017672939067211825,-0.016995550163519894,-0.02488380469055901,0.003394900413827477,0.4625382297581787,0.30200883757043456,0.019702488570434572,0.349026171249031,0.12625924320895757,0.002174005644946802,0.349026171249031,0.12625924320895757,0.008726232096735113,0.36854852538674837,0.14268976555821236,0.0029650045314830523,-0.016263489591408654,-0.015832116070362705,0.013857602912525302,0.062254905700683594,0.06164097785949707,0.060842275619506836,-0.016263502655886337,-0.01583220560644271,0.013857602891828462,0.06282186508178711,0.06358742713928223,0.061176300048828125,2301,0.0006858985152703623,0.001444001547867444,-0.01880027330612528,-0.017757275995054146,1.0,1.0,-0.01872103212021839,-0.018601018277074725,1.0,1.0,1.0,1.0,1.0,1.0,0.0035052092206145796,0.005212393166937944,0.0,0.0,1.0,1.0
522,-0.017650754678949335,-0.01694036595588736,-0.02468484515439401,0.003387772593272861,0.44551355639318846,0.35521562700305176,0.041433969003051754,0.34894871864224236,0.12623909908831793,0.0021471250602553295,0.34894871864224236,0.12623909908831793,0.00869729768021745,0.36859681533049404,0.14272739727675457,0.0029756690546752416,-0.016245201072230746,-0.015804503330913232,0.01356499621117661,0.06611967086791992,0.06493234634399414,0.06212925910949707,-0.016237667515668824,-0.015766828110019275,0.013744441587886284,0.06494593620300293,0.06519794464111328,0.06143617630004883,2400,0.0006576203792633652,0.0013845267196290752,-0.018804432665611902,-0.017832674181203167,1.0,1.0,-0.01870627730441753,-0.018626856405986512,1.0,1.0,1.0,1.0,1.0,1.0,0.0033361533050536023,0.005059965522553398,0.0,0.0,1.0,1.0
523,-0.017650845466598508,-0.01694325616097031,-0.024687065521503616,0.003387702176780787,0.45912561282922365,0.31482025098071287,0.02277525598071289,0.3489724133803359,0.1262552038676841,0.0021464859038958025,0.3489724133803359,0.1262552038676841,0.008698048462408077,0.36862938927493466,0.14275043493835957,0.0029747687704763694,-0.016246718347063295,-0.01580828717379375,0.01358541599853998,0.0635836124420166,0.06375241279602051,0.06361699104309082,-0.016246708587408384,-0.015808411599246175,0.013585415988854332,0.06459546089172363,0.0664205551147461,0.06360793113708496,2401,0.0006573551449861127,0.0013839592548465895,-0.01880433358818705,-0.01783266668029466,1.0,1.0,-0.018706128589525542,-0.018626787453818155,1.0,1.0,1.0,1.0,1.0,1.0,0.003336153314274987,0.005059965530128973,0.0,0.0,1.0,1.0
524,-0.017618609370942506,-0.016943291466171132,-0.02449043293210084,0.0033808789219055904,0.4672570159528809,0.3544622274355469,0.04395167343554687,0.34902758699743974,0.12633055889264241,0.002141778398987365,0.34902758699743974,0.12633055889264241,0.008713186224513858,0.3686350810828496,0.14274687992415375,0.0029783121143717958,-0.01622269427835425,-0.015796953250843467,0.013073422578388578,0.07526659965515137,0.07708263397216797,0.07297062873840332,-0.01623107784520508,-0.015784306956146535,0.013739466833789137,0.07829952239990234,0.07685256004333496,0.07404708862304688,2500,0.0006313954330571228,0.0013292558860869873,-0.018792725060634563,-0.017855501670293712,1.0,1.0,-0.01869486532862856,-0.01863381420933598,1.0,1.0,1.0,1.0,1.0,1.0,0.002712707458284086,0.004503386019415078,0.0,0.0,1.0,1.0
525,-0.017618695778755047,-0.016946040979663093,-0.02449247915239594,0.003380811453431585,0.47387903101391604,0.3183328118724365,0.022921647872436522,0.3490180218423148,0.126321546579059,0.0021429875954153744,0.3490180218423148,0.126321546579059,0.008711020486170035,0.36861951745803445,0.14273226586865675,0.0029791347622437473,-0.01622412977254948,-0.015800589651455657,0.013060073468819274,0.07703042030334473,0.07808327674865723,0.07457184791564941,-0.016224132616166793,-0.01580067789683684,0.013060073357485106,0.07740163803100586,0.07656526565551758,0.07389688491821289,2501,0.0006311344240984714,0.0013287159662031848,-0.01879265920091757,-0.01785548279157766,1.0,1.0,-0.018694880540601647,-0.01863383477777174,1.0,1.0,1.0,1.0,1.0,1.0,0.002712707561599872,0.004503386104946511,0.0,0.0,1.0,1.0
526,-0.017534126101054145,-0.016878146954111273,-0.024500473002415986,0.003374268346918362,0.3435254935189209,0.3348458148815918,0.028050497881591797,0.3491740747815581,0.12645204105433877,0.0021414639462285405,0.3491740747815581,0.12645204105433877,0.008712356722536351,0.36913169142432206,0.14313121301336262,0.0029833944347622313,-0.016171270570132942,-0.015716464720332654,0.01327676225605515,0.07759904861450195,0.07974982261657715,0.07591676712036133,-0.01616296787832308,-0.015713879289823797,0.013083101880973433,0.07993578910827637,0.08066296577453613,0.07708096504211426,2600,0.0006072602064299008,0.0012783035026533254,-0.018823295344225013,-0.017808236947356542,1.0,1.0,-0.018726715045632118,-0.018591360052883546,1.0,1.0,1.0,1.0,1.0,1.0,0.0028939155461978083,0.00466379977016786,0.0,0.0,1.0,1.0
527,-0.017525948193831544,-0.016860965571338638,-0.024471100318068543,0.0033742035947400433,0.3984102163898926,0.3165350436192627,0.022390487619262697,0.34914540465900723,0.12643233606514995,0.0021384946659891648,0.34914540465900723,0.12643233606514995,0.0087100014586779,0.3690958001739742,0.14310594903909518,0.0029801655009989423,-0.016158802146680574,-0.015700358218198023,0.013295214130018492,0.07635068893432617,0.07858848571777344,0.07583808898925781,-0.016162224707248783,-0.015700017519919056,0.01329521528603662,0.08185672760009766,0.08332014083862305,0.07872796058654785,2601,0.000607031724042116,0.0012778171952154665,-0.01881929124673659,-0.017804196954234772,1.0,1.0,-0.018722445355624923,-0.018576950197398145,1.0,1.0,1.0,1.0,1.0,1.0,0.0028939144026214124,0.004663798885859288,0.0,0.0,1.0,1.0
528,-0.017452128661845034,-0.01680367042371851,-0.024388357286757322,0.0033679190224317856,0.34663122951135256,0.3454646235039063,0.06629593750390625,0.3485712853626623,0.12612491387810684,0.0021366977349659712,0.3485712853626623,0.12612491387810684,0.008681376686119372,0.3685526326191147,0.14279258467671463,0.0029355019199998156,-0.016134542397960975,-0.015768160702666904,0.013472027290221556,0.07850384712219238,0.08205008506774902,0.07927179336547852,-0.016121613620445164,-0.01559974147911886,0.013255841544626255,0.0843362808227539,0.08435535430908203,0.08086228370666504,2700,0.0005846959311688854,0.001230962838593954,-0.01889543245758792,-0.018065375880765306,1.0,1.0,-0.018691873153611364,-0.018503395353541827,1.0,1.0,1.0,1.0,1.0,1.0,0.0030963583467049673,0.0048437579453658106,0.0,0.0,1.0,1.0
529,-0.01745220540523347,-0.0168060955364077,-0.024390382986741142,0.003367856780924857,0.3847922786871338,0.2990224834864502,0.023318639486450195,0.34859005751567096,0.12613726727739494,0.002136052885460054,0.34859005751567096,0.12613726727739494,0.008681992312495246,0.36857204661164295,0.14280535455277948,0.0029348345477206825,-0.016135845940840512,-0.015770908076546148,0.01348993950334235,0.08204984664916992,0.08337950706481934,0.07852911949157715,-0.016135836829797693,-0.01577146122182112,0.013489939131136445,0.08162212371826172,0.08355021476745605,0.08154487609863281,2701,0.0005844830824287666,0.0012305109922757804,-0.01889488860917472,-0.018064659626601597,1.0,1.0,-0.018691980017644237,-0.018503485378424802,1.0,1.0,1.0,1.0,1.0,1.0,0.0030963587014675564,0.0048437582374112635,0.0,0.0,1.0,1.0
530,-0.017448359653667582,-0.01672152576034204,-0.02446905753405968,0.0033618115199640208,0.4208272586512451,0.3304626726544189,0.060950383654418946,0.34867537993152387,0.12618603287253433,0.0021121047052776484,0.34867537993152387,0.12618603287253433,0.00869917077467436,0.3688147203087235,0.14295738234588715,0.0029355837308438723,-0.01614199530375507,-0.016005006886843205,0.012140379838456537,0.08357930183410645,0.08430600166320801,0.08229994773864746,-0.016159262792698557,-0.01580055225780775,0.01344362575053493,0.08675336837768555,0.08666801452636719,0.08295822143554688,2800,0.0005638805560370179,0.0011871916729361558,-0.019008631086355778,-0.018394095936900848,1.0,1.0,-0.018671849949590046,-0.018509429296680247,1.0,1.0,1.0,1.0,1.0,1.0,0.001890494008411045,0.0037615088876462623,0.0,0.0,1.0,1.0
531,-0.017448434927367976,-0.016723649672601194,-0.024470696717732776,0.0033617516058382247,0.418895081984375,0.2863513180958252,0.024118243095825196,0.34865487599382095,0.12617114144853767,0.0021116003091058468,0.34865487599382095,0.12617114144853767,0.008697194008169484,0.3687876967322046,0.14293680564872685,0.0029347117282748423,-0.01614323745932557,-0.016007546821312463,0.012128858235649412,0.08304429054260254,0.08642315864562988,0.08192610740661621,-0.016143235919249377,-0.016007882080121036,0.01212885811986954,0.0858604907989502,0.08726978302001953,0.08321738243103027,2801,0.0005636698345575811,0.0011867584876605406,-0.01900812719386347,-0.018393767829230537,1.0,1.0,-0.01867187837504279,-0.01850945729549869,1.0,1.0,1.0,1.0,1.0,1.0,0.0018904941566424641,0.0037615089795683,0.0,0.0,1.0,1.0
532,-0.017415929355381488,-0.01672383068864548,-0.02442420403654758,0.0033559284856263787,0.43961969369714354,0.29343690687402346,0.030245422874023438,0.3488342796273195,0.12631090618244337,0.002106299353678716,0.3488342796273195,0.12631090618244337,0.008689450197649528,0.3689496117681874,0.14304069143141246,0.0029267243499069224,-0.016127261214979212,-0.015988080142332772,0.012770290690604733,0.08374738693237305,0.08904743194580078,0.08559584617614746,-0.016127627217005322,-0.01598844434465349,0.012206870392252062,0.08881545066833496,0.08795356750488281,0.08739185333251953,2900,0.0005444628287359539,0.0011463074771077414,-0.01901146225367331,-0.018378262274222283,1.0,1.0,-0.018693219116820918,-0.01849212056865351,1.0,1.0,1.0,1.0,1.0,1.0,0.0024016779643663837,0.0042278497648770485,0.0,0.0,1.0,1.0
533,-0.017416003184958423,-0.016725899600633393,-0.024425920889627462,0.0033558707348151024,0.44408737661279296,0.2991382221540527,0.025851950154052734,0.34880158087207686,0.12628975391497105,0.002106037777487311,0.34880158087207686,0.12628975391497105,0.008687217130207519,0.36891000741253865,0.1430135636979857,0.002926154357028682,-0.016128456485412244,-0.015990501258446324,0.012758894085204,0.08833646774291992,0.08984231948852539,0.08573460578918457,-0.01612845586161652,-0.01599087460104001,0.012758895122256728,0.08991646766662598,0.0908203125,0.08632254600524902,2901,0.0005442672868579061,0.0011459045803654557,-0.019010973365030336,-0.018377953686239942,1.0,1.0,-0.01869327229296561,-0.01849220171311575,1.0,1.0,1.0,1.0,1.0,1.0,0.0024016772321522424,0.004227848947107736,0.0,0.0,1.0,1.0
534,-0.017416987612965725,-0.01677618911344773,-0.024574150992490155,0.003350254355888779,0.4561610520599365,0.3092729944691162,0.04605785946911621,0.34880884680966806,0.12631273004431037,0.0021366759461583945,0.34880884680966806,0.12631273004431037,0.008692181285814508,0.36901492446580725,0.14309069928417043,0.0029286833505953076,-0.016147556462622246,-0.01604983976719148,0.012152372684056327,0.09090352058410645,0.09208059310913086,0.09007811546325684,-0.01615222579163484,-0.01598412605568752,0.012721367864278774,0.09562468528747559,0.09316682815551758,0.08927345275878906,3000,0.0005263360271227147,0.0011081706796719918,-0.01907480732164604,-0.018541467148426104,1.0,1.0,-0.018663701070658636,-0.01846984300082224,1.0,1.0,1.0,1.0,1.0,1.0,0.001884690599029594,0.0037560111998111243,0.0,0.0,1.0,1.0
535,-0.01741705627657898,-0.016782883227559522,-0.02456117199225502,0.0033501986209608253,0.3941114701046143,0.295655268092041,0.024632993092041016,0.3488163325536184,0.12631645623745455,0.002136303234315064,0.3488163325536184,0.12631645623745455,0.00869123375642118,0.36904642293163986,0.14311378294537783,0.002929362085499974,-0.016148695471919175,-0.016048862759735237,0.012086328023062691,0.0892484188079834,0.09198713302612305,0.08956742286682129,-0.01614869881899921,-0.01605241644330572,0.012167692594955579,0.09305191040039062,0.09347844123840332,0.09105396270751953,3001,0.0005261639813576695,0.0011078049257681405,-0.01907319488385945,-0.018535414772947303,1.0,1.0,-0.01866373717968695,-0.018469874889216097,1.0,1.0,1.0,1.0,1.0,1.0,0.0018135135127779584,0.0036885803073784407,0.0,0.0,1.0,1.0
536,-0.01742194374462042,-0.01685074147605169,-0.024341997029356785,0.003344775120317859,0.43215124832116697,0.4285626062611084,0.1643147522611084,0.3484753409794276,0.12611778301190013,0.002147320831972045,0.3484753409794276,0.12611778301190013,0.008682096532830164,0.3691116490246521,0.1431751215030644,0.002950014369664052,-0.016156070091421587,-0.016204354236941193,0.013248258858835505,0.0914759635925293,0.09333324432373047,0.0922231674194336,-0.01616423685632902,-0.016088975843683087,0.01223678123348431,0.09450817108154297,0.09332084655761719,0.0900869369506836,3100,0.0005093824346682262,0.001072956645230372,-0.019193918197851476,-0.018725389961917645,1.0,1.0,-0.018679943807270942,-0.01853125987853445,1.0,1.0,1.0,1.0,1.0,1.0,0.002733644397522168,0.0045219193893824075,0.0,0.0,1.0,1.0
537,-0.017413157047134732,-0.01684321199260294,-0.0243302110808392,0.0033447212683097582,0.4741293431850586,0.28974659023034666,0.02589159323034668,0.34846394821088855,0.12610885419787068,0.002145257858293005,0.34846394821088855,0.12610885419787068,0.008681252680387573,0.3690915956877872,0.14315925458971293,0.002946582600227059,-0.01614740619905921,-0.01619638363171883,0.013201457914246664,0.09303593635559082,0.09479761123657227,0.09177994728088379,-0.016146203099070576,-0.016189157216805604,0.013263565780128706,0.09605550765991211,0.09486055374145508,0.0914161205291748,3101,0.0005092204139520452,0.001072612999776894,-0.019192293942754398,-0.018727678620538986,1.0,1.0,-0.01867262467799581,-0.01851946440814531,1.0,1.0,1.0,1.0,1.0,1.0,0.0026758749055284955,0.004470779177929355,0.0,0.0,1.0,1.0
538,-0.017469252312848745,-0.016977479849109724,-0.024606936969121168,0.003339478122281851,0.33175895322924803,0.29233558909899904,0.039642941098999025,0.34854401344668456,0.1261561885612954,0.002157014540111215,0.34854401344668456,0.1261561885612954,0.008707473675038256,0.3692056416880701,0.14321812587728583,0.0029490660337979794,-0.01621520291012484,-0.016255778204785992,0.013538158304506286,0.0939950942993164,0.09737062454223633,0.09624576568603516,-0.016212468542130355,-0.016295475772259663,0.013030186393359393,0.0994420051574707,0.09907150268554688,0.09579730033874512,3200,0.0004934489309519981,0.0010394284411572722,-0.019187655377385194,-0.018686778696523562,1.0,1.0,-0.01868180349567547,-0.018540082037123845,1.0,1.0,1.0,1.0,1.0,1.0,0.0031514197115114235,0.00489341695789571,0.0,0.0,1.0,1.0
539,-0.01746931785893984,-0.01697904892608704,-0.024608589824927144,0.003339426032871391,0.3274732457833252,0.29127080638598635,0.02676145638598633,0.3485165853755535,0.12613817684898163,0.002156539900197122,0.3485165853755535,0.12613817684898163,0.008709074162030421,0.3691717188299713,0.14319460557605712,0.0029482069373155013,-0.016216268455827222,-0.01625792140086938,0.013530665429716086,0.09431982040405273,0.09824371337890625,0.09453415870666504,-0.016216269360304944,-0.016258031890478676,0.013530665143320592,0.09926557540893555,0.09746789932250977,0.0935976505279541,3201,0.0004932883993171887,0.0010390974237303716,-0.01918741227043534,-0.018686769938538107,1.0,1.0,-0.018681822347624354,-0.018540103535171992,1.0,1.0,1.0,1.0,1.0,1.0,0.003151420001877163,0.004893417181532819,0.0,0.0,1.0,1.0
540,-0.01741847963421592,-0.01696318226260525,-0.02449676398366735,0.003334351890566715,0.2957827720238037,0.31669271754516604,0.048941776545166016,0.3484553843237048,0.12611615528557793,0.0021605604620127893,0.3484553843237048,0.12611615528557793,0.008705559415727409,0.36924746894933563,0.1432704218349029,0.002945112215283305,-0.01618335428950399,-0.016208242145052315,0.013348492306482822,0.09879088401794434,0.1045997142791748,0.09682965278625488,-0.016190090198581385,-0.016188582794392368,0.013671221328081747,0.10111641883850098,0.10204887390136719,0.09647107124328613,3300,0.0004785387868097486,0.0010080080276791065,-0.019252124929084555,-0.01865170566238317,1.0,1.0,-0.018677719299645366,-0.018472856331672435,1.0,1.0,1.0,1.0,1.0,1.0,0.0028507742388699103,0.004625620677108643,0.0,0.0,1.0,1.0
541,-0.017418544752961614,-0.016964709794609303,-0.024498340571715457,0.0033343014545253002,0.3033621157133789,0.2980571363023682,0.027743949302368162,0.34847375614009246,0.12612867726677934,0.0021606738114426567,0.34847375614009246,0.12612867726677934,0.008708110034936685,0.36927769607086963,0.14329308813074412,0.0029446164035212843,-0.01618437950156174,-0.016210356030143223,0.01333824769352869,0.0984487533569336,0.10123658180236816,0.09773039817810059,-0.016184379674554106,-0.01621044450923284,0.013338245689984013,0.10352373123168945,0.10243034362792969,0.0979466438293457,3301,0.00047839522500771103,0.0010077041966399726,-0.019251890896886992,-0.018651697145181972,1.0,1.0,-0.01867774392855716,-0.018472881253456773,1.0,1.0,1.0,1.0,1.0,1.0,0.002850776252848007,0.0046256222191526876,0.0,0.0,1.0,1.0
542,-0.0174173529121621,-0.016962922841405742,-0.02445992783792566,0.0033293859963304906,0.37299628404455565,0.3263323228297119,0.06179675682971191,0.3483533785746584,0.12607624357313577,0.00215602842300003,0.3483533785746584,0.12607624357313577,0.00868678010773264,0.369039744137374,0.1431166542560487,0.0029280416099768027,-0.016165681120045454,-0.016186312331361717,0.013201957741192243,0.10262703895568848,0.10223817825317383,0.09877753257751465,-0.016165035143223806,-0.01616938968750019,0.013317493872990777,0.1058492660522461,0.10569977760314941,0.10076189041137695,3400,0.00046447978115318495,0.0009784075129989514,-0.019241639707288948,-0.018656959557533975,1.0,1.0,-0.018636089278803128,-0.018461058596761712,1.0,1.0,1.0,1.0,1.0,1.0,0.0027430294094370157,0.004530227920489109,0.0,0.0,1.0,1.0
543,-0.0174175024750889,-0.016961984324220948,-0.024449529634087544,0.0033293371142048243,0.4586241520053711,0.28868200575500486,0.027337768755004883,0.3483591431518372,0.12607898844819343,0.002157649428114552,0.3483591431518372,0.12607898844819343,0.008686010363566152,0.3690431746469791,0.14311626802335514,0.0029273246102304484,-0.016166427907189414,-0.016181741526643558,0.013161974752208129,0.09844183921813965,0.10383272171020508,0.10212326049804688,-0.016166309457731547,-0.016183620261168246,0.01321592806905306,0.10556697845458984,0.10391402244567871,0.10186004638671875,3401,0.00046434619968704243,0.0009781229130664982,-0.019243643168644787,-0.018660025913763086,1.0,1.0,-0.018640693071125026,-0.018459946890004887,1.0,1.0,1.0,1.0,1.0,1.0,0.0026927355395301254,0.004485706026170958,0.0,0.0,1.0,1.0
544,-0.017336373279925724,-0.016885145984904006,-0.02435193176674035,0.00332457093095985,0.37496144029711914,0.32092477291931154,0.042684023919311524,0.3482491807169113,0.1259916590116992,0.0021475421856474892,0.3482491807169113,0.1259916590116992,0.008674325249658783,0.36908126427975646,0.14314106921578287,0.0029215558549572154,-0.016113476113628875,-0.016119458244559237,0.013118580589261422,0.10411834716796875,0.10777020454406738,0.1037757396697998,-0.016116753485360468,-0.01610216309258561,0.013184028653656782,0.10883474349975586,0.1088266372680664,0.10499095916748047,3500,0.00045127385170357125,0.0009505308694723915,-0.01929673479850995,-0.01870482649522955,1.0,1.0,-0.01863945133349373,-0.018440235948516317,1.0,1.0,1.0,1.0,1.0,1.0,0.002631778492957873,0.0044317427285984765,0.0,0.0,1.0,1.0
545,-0.017336432891898918,-0.016896241278178806,-0.024366679079498278,0.0033245235119433903,0.3557764354324951,0.33551805368652343,0.048514660686523436,0.34826066401102723,0.12599899955292831,0.0021532570556187596,0.34826066401102723,0.12599899955292831,0.008680260278399519,0.3690925449322312,0.14314788823666125,0.002921479963727811,-0.016114437072591165,-0.016112808580460294,0.0131821190968813,0.10368561744689941,0.10700750350952148,0.10450911521911621,-0.01611443281004641,-0.016121537248257573,0.013121265246910888,0.1083366870880127,0.10812830924987793,0.10380244255065918,3501,0.00045114887772612703,0.0009502667393932539,-0.019306916970926496,-0.018703442942669627,1.0,1.0,-0.01863950496836732,-0.018440331465693172,1.0,1.0,1.0,1.0,1.0,1.0,0.002688451550480883,0.004481912377763308,0.0,0.0,1.0,1.0
546,-0.01730427858300659,-0.016854577704792952,-0.024380345820016202,0.0033198980012724326,0.5039776864151612,0.33578823120141604,0.06360957520141601,0.3480866129427959,0.12589129557436285,0.00217715291915475,0.3480866129427959,0.12589129557436285,0.008682193905050503,0.36898303509087044,0.14306823242503236,0.002938058298266426,-0.01609794974698414,-0.016075794246848497,0.013069680705396141,0.10839271545410156,0.10964250564575195,0.10700488090515137,-0.016104136375852104,-0.01608940253958767,0.013051022828603341,0.11150550842285156,0.10741090774536133,0.10685968399047852,3600,0.0004387452319583816,0.0009241614703178323,-0.01931076731809382,-0.018738894064097934,1.0,1.0,-0.018656641669452523,-0.01847191435821731,1.0,1.0,1.0,1.0,1.0,1.0,0.0027059094642051334,0.004497372836397568,0.0,0.0,1.0,1.0
547,-0.01730433535039343,-0.016855985577728248,-0.02438179712913531,0.00331985196223481,0.38788659666088865,0.30358564969689944,0.029672927696899415,0.3480983363925064,0.12589870369754627,0.0021774155371299757,0.3480983363925064,0.12589870369754627,0.008682394168570398,0.36901186063531377,0.1430899774886922,0.002939341757387192,-0.016098857773772002,-0.01607496272996929,0.013082886121762779,0.10952305793762207,0.11538863182067871,0.11048436164855957,-0.016098878319040003,-0.01607502047714167,0.013082886537771506,0.1150960922241211,0.1135399341583252,0.10661458969116211,3601,0.0004386224100839227,0.0009239039428898387,-0.019310605294269985,-0.01873889199626055,1.0,1.0,-0.018656635573706528,-0.018471933412642083,1.0,1.0,1.0,1.0,1.0,1.0,0.002705909038548759,0.004497372509320774,0.0,0.0,1.0,1.0
548,-0.017301436854929943,-0.01686581099454868,-0.02440408801250462,0.0033153592391944424,0.5080181045343017,0.31519990987683105,0.051899708876831055,0.3480136950342184,0.12584963598257562,0.002161541196600154,0.3480136950342184,0.12584963598257562,0.008668457422869456,0.3689571803497806,0.14304543556173888,0.002929235514449742,-0.01611675614556724,-0.016096482603095714,0.012664251606024555,0.12638616561889648,0.1176764965057373,0.10927867889404297,-0.016118533874104578,-0.016081773117588818,0.01300778111974642,0.12678956985473633,0.11466646194458008,0.10767483711242676,3700,0.0004268659663358163,0.0008991759311800427,-0.01930365321517181,-0.018740339005011524,1.0,1.0,-0.01864546699716767,-0.018435145612623122,1.0,1.0,1.0,1.0,1.0,1.0,0.0023841509872774783,0.004212085490136724,0.0,0.0,1.0,1.0
549,-0.01730543956990954,-0.01686644488354658,-0.02442012171629448,0.0033153145038430517,0.4793649996551514,0.2873022617504883,0.02962983975048828,0.3480146604755068,0.12584906517852992,0.0021590551396014563,0.3480146604755068,0.12584906517852992,0.0086699733623771,0.3689542133777759,0.14304087417967704,0.0029279502030441946,-0.016117531497912306,-0.01609942512581715,0.012723585996965412,0.10974526405334473,0.11170434951782227,0.11255955696105957,-0.016117647027766795,-0.01609661119093518,0.012655331847174555,0.11564326286315918,0.11088156700134277,0.11096572875976562,3701,0.0004267547440845863,0.0008989371615444519,-0.01930216687873396,-0.018738506004127856,1.0,1.0,-0.01864075875327609,-0.01842679785060837,1.0,1.0,1.0,1.0,1.0,1.0,0.0024476916180153534,0.004268786566013506,0.0,0.0,1.0,1.0
550,-0.017318615259895673,-0.016929431640393598,-0.024510254544193557,0.003310947323581795,0.40387469185998537,0.3268989571524658,0.03579518815246582,0.34815198913409695,0.1259417536898022,0.0021686185439729476,0.34815198913409695,0.1259417536898022,0.008672847184390691,0.3691838656051314,0.14319623735769726,0.0029341704449704384,-0.01614837728927393,-0.016149319894367284,0.012876440137522469,0.11522626876831055,0.12592077255249023,0.11240458488464355,-0.016150669172893428,-0.016162745402057276,0.012572101127978848,0.1132817268371582,0.13424086570739746,0.11704516410827637,3800,0.0004156129044932664,0.0008754999996391098,-0.019279766268780446,-0.01868398655704969,1.0,1.0,-0.01863279819741305,-0.018430870188355385,1.0,1.0,1.0,1.0,1.0,1.0,0.002734961637409126,0.004523089934695797,0.0,0.0,1.0,1.0
551,-0.017318669736221332,-0.016930753366974617,-0.024511600465798776,0.0033109038217345784,0.4159692394117432,0.31974276422912595,0.029702313229125976,0.3481678627408279,0.12595247449005645,0.002169977438862721,0.3481678627408279,0.12595247449005645,0.008672807754903344,0.36919735448774543,0.143204844025076,0.0029342173814712064,-0.01614925487937648,-0.01615118373358753,0.012867676726243733,0.11889171600341797,0.11727499961853027,0.1139991283416748,-0.016149241757950787,-0.01615123442513667,0.01286767689378207,0.122833251953125,0.1171867847442627,0.11412286758422852,3801,0.0004155047113542072,0.0008752709094692888,-0.01927963126890698,-0.01868398324769448,1.0,1.0,-0.018632893576505008,-0.018430960616071003,1.0,1.0,1.0,1.0,1.0,1.0,0.0027349614662490695,0.0045230898030692935,0.0,0.0,1.0,1.0
552,-0.017314221570145196,-0.016936010327078057,-0.02447726624008905,0.0033066555122794983,0.4886257103474121,0.3912180275942383,0.12126137059423828,0.34841280479588677,0.12609244977678433,0.0021670346470889176,0.34841280479588677,0.12609244977678433,0.008674248756376698,0.36934022637654323,0.14325630574666418,0.00293456911434325,-0.016149225903489786,-0.016113415488656725,0.012885931441143052,0.12058186531066895,0.12536978721618652,0.11866593360900879,-0.01616462655731498,-0.016171384783054684,0.012829687792274898,0.1289997100830078,0.13463258743286133,0.1188967227935791,3900,0.0004050091726431359,0.0008531391562400706,-0.019298645807941738,-0.018640846342378187,1.0,1.0,-0.018614033300544876,-0.018430905982785496,1.0,1.0,1.0,1.0,1.0,1.0,0.0027881476509068804,0.0045701688976525325,0.0,0.0,1.0,1.0
553,-0.017314274051566915,-0.01693735454785377,-0.024478595079645234,0.0033066131792316967,0.4699237873876953,0.30345701441296385,0.029233209412963868,0.348424133233633,0.12609970117000793,0.0021675478220008725,0.348424133233633,0.12609970117000793,0.008672842704304806,0.3693657617843814,0.14327543462172743,0.0029358654549081543,-0.016148918226412776,-0.01611041516901986,0.01287787314273266,0.1323404312133789,0.12505793571472168,0.11503744125366211,-0.0161489322338148,-0.01611046635626603,0.012877873055780208,0.12164831161499023,0.1289365291595459,0.12093687057495117,3901,0.00040490561264034503,0.0008529208049847392,-0.019298511911603984,-0.01864082134245819,1.0,1.0,-0.01861404530203142,-0.018430795590062783,1.0,1.0,1.0,1.0,1.0,1.0,0.002788147739447815,0.004570168966040993,0.0,0.0,1.0,1.0
554,-0.02530664409878308,-0.01701217038183276,-0.02461998749733043,0.0033024775828534875,0.3935298069069824,0.37640260355883787,0.09276598055883789,0.34850693664064175,0.12613859266359373,0.0021724678988347223,0.34850693664064175,0.12613859266359373,0.008669921864747396,0.37287506877691573,0.14435265576011502,0.003216173232369346,-0.014651207543039044,-0.01610974083600811,0.013093504713346756,0.13886237144470215,0.14583301544189453,0.12603473663330078,-0.01618478825682254,-0.016154433836766395,0.012777237319177574,0.1259157657623291,0.12968182563781738,0.12142157554626465,4000,0.00042356090506518904,0.0008318611041309139,-0.019311780364980765,-0.0186357867729965,1.0,1.0,-0.017795265873089362,-0.016588579705361758,0.0,0.0,1.0,1.0,1.0,1.0,0.003088451838516687,0.004836628520802817,0.0,0.0,1.0,1.0
555,-0.025303870117428826,-0.017012337334713874,-0.0246007225445446,0.0033024363588241784,0.3971295059002686,0.2968702554564209,0.029743662456420898,0.348472196698139,0.12611827816683502,0.002176529778104636,0.348472196698139,0.12611827816683502,0.008668336791184474,0.37286412497521626,0.14434596061151286,0.00321649464523578,-0.01464750928358235,-0.01610433788751691,0.013105658837632699,0.14795303344726562,0.12334585189819336,0.12562203407287598,-0.014645547331491092,-0.016107968402181518,0.01310566404034924,0.14975404739379883,0.12647438049316406,0.12414073944091797,4001,0.0004234580071362361,0.000831656185333463,-0.019316332278474443,-0.01863923715713892,1.0,1.0,-0.017798659520354677,-0.016593598234439576,0.0,0.0,1.0,1.0,1.0,1.0,0.003088446523582733,0.004836624374947274,0.0,0.0,1.0,1.0
556,-0.025278276937029064,-0.016972907467768243,-0.0244393269913878,0.0032984077807013193,0.4563967744884033,0.31666375200378416,0.03786792200378418,0.34831976702988965,0.12601950785756444,0.002172592231308887,0.34831976702988965,0.12601950785756444,0.008632043626296031,0.37269862825385947,0.1442149346713617,0.0032163114460170344,-0.014628711792251939,-0.016081452474832635,0.013045367064627347,0.12555432319641113,0.1457386016845703,0.14519095420837402,-0.014614546775484039,-0.01606562842080201,0.013121354776985464,0.14205169677734375,0.13364243507385254,0.12482070922851562,4100,0.00041322223300956985,0.0008115686787593139,-0.0193339506308369,-0.018651245811694635,1.0,1.0,-0.01782886907098574,-0.016624228636842577,0.0,0.0,1.0,1.0,1.0,1.0,0.003016367891566475,0.004772203272185064,0.0,0.0,1.0,1.0
557,-0.02528017556058537,-0.016974210836246582,-0.024440636802173954,0.0032983676103479904,0.37158837364123537,0.29908239705969236,0.031717541059692385,0.34833602540085756,0.12603075766564958,0.002172325460678494,0.34833602540085756,0.12603075766564958,0.008634265333392146,0.372719913655819,0.14422974582815173,0.003215028748053823,-0.014633375832503175,-0.016083271479047142,0.013037167610320567,0.15157485008239746,0.15065479278564453,0.12684249877929688,-0.014631600706729725,-0.01608332828530749,0.013037167190841678,0.14470434188842773,0.15312695503234863,0.13275361061096191,4101,0.00041312389772585984,0.0008113732704612224,-0.019333813093171386,-0.01865121441027261,1.0,1.0,-0.01782800623435234,-0.016625030273136263,0.0,0.0,1.0,1.0,1.0,1.0,0.003016368323021395,0.004772203603736865,0.0,0.0,1.0,1.0
558,-0.025263655179417203,-0.016991626467778704,-0.024418198836514728,0.003294440773467579,0.4006633386031494,0.3239836782619629,0.05110478726196289,0.3481527521827414,0.12591875943902123,0.0021776183028013253,0.3481527521827414,0.12591875943902123,0.008650036367455,0.372484929742425,0.1440515886670656,0.0032045304497334134,-0.01470481231702024,-0.016103183696553072,0.013118134140472141,0.12782621383666992,0.13033676147460938,0.13712620735168457,-0.014682197532371722,-0.016115150216117712,0.013090020433890057,0.15477705001831055,0.16031670570373535,0.12794137001037598,4200,0.0004033510169011089,0.0007922183786597539,-0.019364442925128636,-0.01865106276736488,1.0,1.0,-0.017837056848532713,-0.016639716880871673,0.0,0.0,1.0,1.0,1.0,1.0,0.003042984452846187,0.004795773721164489,0.0,0.0,1.0,1.0
559,-0.025264956915183594,-0.016992899422390136,-0.02441948668215013,0.0032944016054589596,0.4479174848051758,0.2994715845456543,0.0304628515456543,0.34816595097228736,0.1259275815015635,0.002177183474818972,0.34816595097228736,0.1259275815015635,0.008649011444281408,0.3724928992680844,0.14405621431188131,0.0032044058783005655,-0.014706486856472472,-0.0161049599684287,0.013110100299109969,0.13729119300842285,0.1603074073791504,0.15091538429260254,-0.014707610144400939,-0.016105014371916002,0.013110100110914711,0.14545726776123047,0.1359720230102539,0.16777777671813965,4201,0.00040325647201273744,0.0007920313350812474,-0.01936432990495972,-0.018651040386367335,1.0,1.0,-0.017834070305642838,-0.016637815437638002,0.0,0.0,1.0,1.0,1.0,1.0,0.003042984647595166,0.00479577386925365,0.0,0.0,1.0,1.0
560,-0.02526060904259527,-0.016994355973333135,-0.02445571758047206,0.003290571610867796,0.4840673274643555,0.34091843706604,0.08094402606604004,0.3481601449077619,0.1259146354856659,0.002186454145124201,0.3481601449077619,0.1259146354856659,0.008652230032979902,0.37252454858103634,0.14403512852679476,0.003204755159887976,-0.01470783827393393,-0.016074860251051426,0.013065558356102076,0.13050580024719238,0.16647887229919434,0.14424729347229004,-0.014708075952075288,-0.016102468441293302,0.012974668731347231,0.15390658378601074,0.17403769493103027,0.13260316848754883,4300,0.0003940008999664326,0.0007738363470545889,-0.01934777574963116,-0.0186414032546036,1.0,1.0,-0.017822825597444567,-0.016643623065905097,0.0,0.0,1.0,1.0,1.0,1.0,0.003129517497009168,0.004873670586988092,0.0,0.0,1.0,1.0
561,-0.025257511156998896,-0.01699272580605252,-0.02444890163042875,0.003290533397506758,0.43464684290185546,0.30159991984020995,0.03334128084020996,0.3481583673731291,0.1259123702091458,0.002185390233360228,0.3481583673731291,0.1259123702091458,0.008651686810247526,0.37251988016903426,0.14403141462822644,0.0032043715206499937,-0.01470414208514488,-0.016073615976136837,0.013035930665175572,0.1378319263458252,0.13698697090148926,0.16871881484985352,-0.014701305142892323,-0.01606988078472258,0.013076886738232825,0.14477133750915527,0.15179681777954102,0.13530707359313965,4301,0.00039390982303101396,0.0007736569871984002,-0.019348192110315653,-0.018645050203122883,1.0,1.0,-0.017825476826535635,-0.016646058280673875,0.0,0.0,1.0,1.0,1.0,1.0,0.0030905407088810764,0.00483852754541399,0.0,0.0,1.0,1.0
562,-0.02526361036704328,-0.01700623777816552,-0.024486795204162908,0.0032867956891696887,0.44380714661401366,0.40060160515271,0.12528814215270995,0.3481285481739633,0.1258965903501763,0.0021714249786457945,0.3481285481739633,0.1258965903501763,0.00863523770579241,0.3724551060063904,0.14394823834114281,0.003205092331722184,-0.014723863081258807,-0.01609599674364774,0.01298911259374222,0.14894509315490723,0.17668724060058594,0.16918468475341797,-0.014734357780262441,-0.016090848620079007,0.01294419457970938,0.16834688186645508,0.14106392860412598,0.14890193939208984,4400,0.00038504307878049537,0.0007563625002367298,-0.01935817161512501,-0.018675296609657742,1.0,1.0,-0.01782778184667403,-0.01666858879504041,0.0,0.0,1.0,1.0,1.0,1.0,0.003133442881376805,0.0048771992902499825,0.0,0.0,1.0,1.0
563,-0.02526365485641882,-0.01700745469904605,-0.02448802247496779,0.003286758386059353,0.48390902315270995,0.3115011923319092,0.03158379733190918,0.34811436664991685,0.12588621608959144,0.002172449417093178,0.34811436664991685,0.12588621608959144,0.008636581926180161,0.37243525986768816,0.14393366894663767,0.0032057277295747164,-0.0147263921517558,-0.0160977038228851,0.012982981047755186,0.13564634323120117,0.1676616668701172,0.13779878616333008,-0.014726531319326426,-0.016097752595793255,0.012982980978967856,0.14182186126708984,0.1750926971435547,0.1349048614501953,4401,0.00038495239013169126,0.0007561874741878963,-0.0193580658728724,-0.01867525989944349,1.0,1.0,-0.017828006595310395,-0.016668760039272878,0.0,0.0,1.0,1.0,1.0,1.0,0.0031334429526682834,0.004877199345012171,0.0,0.0,1.0,1.0
564,-0.025238399095721915,-0.017000609094358476,-0.024601026080501076,0.0032831087196994514,0.5008971349418946,0.3469671700609131,0.07635134606091308,0.34780520773949863,0.12571564980901534,0.0021906806738647153,0.34780520773949863,0.12571564980901534,0.008666603781226424,0.3721121751097844,0.14370981148743933,0.003200406052132228,-0.01472493546638447,-0.01604580835306377,0.013283173881314322,0.17656922340393066,0.14010977745056152,0.18000292778015137,-0.014704520989564873,-0.016082121482902476,0.012987902282935414,0.15041136741638184,0.15397191047668457,0.16769027709960938,4500,0.00037647018439077945,0.0007395455644022944,-0.019344513779979852,-0.0186791796646927,1.0,1.0,-0.017856156676819585,-0.016713210235713583,0.0,0.0,1.0,1.0,1.0,1.0,0.003415439871748864,0.005131453947319706,0.0,0.0,1.0,1.0
565,-0.02523844300731113,-0.017001827089795564,-0.02460224179440287,0.003283072285446694,0.5059083170882568,0.28404127176379396,0.03708045576379394,0.34781084153729924,0.12571881663963563,0.0021923347710143238,0.34781084153729924,0.12571881663963563,0.00866691235851164,0.3721133458214899,0.1437096583849975,0.0032002854951441286,-0.014727549258693625,-0.016047515509454754,0.01327559806362786,0.1445326805114746,0.16481423377990723,0.15984773635864258,-0.014727539945631543,-0.016047562795277165,0.013275598080453838,0.18103504180908203,0.1598653793334961,0.1414625644683838,4501,0.0003763869864903673,0.0007393819647379732,-0.019344404095346122,-0.018679126064079506,1.0,1.0,-0.017856155140027464,-0.016713244810058932,0.0,0.0,1.0,1.0,1.0,1.0,0.0034154398555061843,0.005131453933930838,0.0,0.0,1.0,1.0
566,-0.02522193124223616,-0.01701785638070342,-0.02458768677742077,0.003279506700838586,0.4907322952097168,0.3136347714997559,0.04406340349975586,0.3478622066966775,0.12575226745337917,0.002202829932611779,0.3478622066966775,0.12575226745337917,0.008670496495723778,0.37209912236994747,0.14368721893951097,0.0031996122073053666,-0.014744296561896861,-0.01604926782406747,0.013276550091902945,0.1843719482421875,0.1704850196838379,0.17268657684326172,-0.014728518094200487,-0.016054084013458668,0.013274813025889697,0.16860413551330566,0.13811969757080078,0.1803131103515625,4600,0.00036829761958996447,0.0007234837486352336,-0.019337951976800775,-0.018680317764550078,1.0,1.0,-0.017864004407056107,-0.01674844249784233,0.0,0.0,1.0,1.0,1.0,1.0,0.0034170992376169607,0.005132950343454194,0.0,0.0,1.0,1.0
567,-0.025224177303423367,-0.017019038725108043,-0.02458887922764124,0.0032794710967900395,0.40535133696801756,0.30869184555029294,0.03382212055029297,0.3478785011416088,0.12576375882032503,0.002202469269770869,0.3478785011416088,0.12576375882032503,0.008669776399728352,0.37211511788021157,0.14369804515628706,0.003199031543359472,-0.01474657749102018,-0.016050943711785566,0.013279564282534073,0.15845942497253418,0.1916511058807373,0.14389610290527344,-0.014746837825364175,-0.016050980810303858,0.013279564355457161,0.18262624740600586,0.1570730209350586,0.1552104949951172,4601,0.00036821970673360483,0.0007233286938537041,-0.019337839997857674,-0.018680264257916235,1.0,1.0,-0.017866014481695044,-0.016742653739639013,0.0,0.0,1.0,1.0,1.0,1.0,0.003417099165179423,0.005132950285481958,0.0,0.0,1.0,1.0
568,-0.025184110568152656,-0.016960708343275194,-0.024545953364194944,0.003275985893057759,0.44075423406433106,0.3392171618037109,0.059452924803710935,0.3477265712951671,0.12567741111691794,0.002210305044974829,0.3477265712951671,0.12567741111691794,0.008660539836258835,0.3720542722766199,0.1436460861620184,0.0032033061040332147,-0.014706068723377184,-0.015991619358197283,0.013310109680306534,0.18667387962341309,0.17117905616760254,0.1777510643005371,-0.01467314549959007,-0.0160028164398772,0.013319798324735892,0.16116023063659668,0.1544339656829834,0.1701047420501709,4700,0.00036049176262565,0.0007081272254341782,-0.019350239584992403,-0.018745587081160413,1.0,1.0,-0.01792341448268914,-0.016805854811971176,0.0,0.0,1.0,1.0,1.0,1.0,0.0034078578986264495,0.005124618758455765,0.0,0.0,1.0,1.0
569,-0.025183258338201137,-0.016961877107779175,-0.024547128059672588,0.003275951083064131,0.4385115413876953,0.31354427363635257,0.03437613263635254,0.34773092159854685,0.1256795537799176,0.0022111499669198397,0.34773092159854685,0.1256795537799176,0.008659064248111503,0.37205760046440917,0.14364720563198846,0.0032027915441495912,-0.014705267565210104,-0.0159883193184023,0.013308257558505107,0.17032432556152344,0.18607616424560547,0.18033480644226074,-0.01470583251125703,-0.015988341183344204,0.013308257515359224,0.18740296363830566,0.17537212371826172,0.18179607391357422,4701,0.00036041673639787536,0.000707978294751,-0.019350127085131043,-0.018745515795417108,1.0,1.0,-0.017922212637687642,-0.01680220416800387,0.0,0.0,1.0,1.0,1.0,1.0,0.003407857943346897,0.005124618792767159,0.0,0.0,1.0,1.0
570,-0.02522517758555745,-0.01705857882841277,-0.024621050495010257,0.0032725427966013606,0.48604298139331054,0.39356560743200686,0.11237025243200684,0.34799929212162073,0.12583091455804435,0.0022023486429264545,0.34799929212162073,0.12583091455804435,0.008662497107967437,0.37212673750606134,0.14366010173441182,0.0031928310321528573,-0.014823093884611172,-0.016112127576755567,0.013189018375070513,0.17732715606689453,0.19417810440063477,0.14963436126708984,-0.014838259903707674,-0.016101865604908547,0.013187776004167227,0.18924784660339355,0.15457558631896973,0.1806318759918213,4800,0.0003529685779696564,0.0006933734071073619,-0.019338289373976764,-0.018759342745414142,1.0,1.0,-0.017952185863939464,-0.01681108022207887,0.0,0.0,1.0,1.0,1.0,1.0,0.003409048492817762,0.005125692058036611,0.0,0.0,1.0,1.0
571,-0.02522235015603886,-0.017060151321166433,-0.024592254496195055,0.003272508746806506,0.45856269310791015,0.33605032396972656,0.05383927496972656,0.34800078726417005,0.12583029416151773,0.002209261781573839,0.34800078726417005,0.12583029416151773,0.008658543235233317,0.3721250728387186,0.14365810289933853,0.0031931569867415356,-0.014817935584965067,-0.01609588205332037,0.01312148846717574,0.18539810180664062,0.18857812881469727,0.17136192321777344,-0.014816759999569065,-0.016107104090988186,0.013186821858894048,0.17458033561706543,0.16500544548034668,0.18924784660339355,4801,0.00035289613641389077,0.0006932318252863996,-0.01934531228679727,-0.018758126609989604,1.0,1.0,-0.01795449538978035,-0.016813857380153893,0.0,0.0,1.0,1.0,1.0,1.0,0.003346441447090519,0.005069244984535046,0.0,0.0,1.0,1.0
572,-0.02521727022618197,-0.017070226747851115,-0.024582872539767067,0.003269174131492534,0.4342055546512451,0.3406593753149414,0.0482148903149414,0.3478976096758019,0.12575155138914526,0.002222618262756159,0.3478976096758019,0.12575155138914526,0.008659460426423102,0.3719493593935482,0.14351865666938624,0.0031954979261917256,-0.014816140874189719,-0.016074510772487054,0.013100186414305597,0.18828773498535156,0.17687249183654785,0.19152283668518066,-0.014820879546824466,-0.016100839119880157,0.013198319827862851,0.19489836692810059,0.18618178367614746,0.1819300651550293,4900,0.0003457618463533144,0.000679224415787381,-0.01930992522354296,-0.018738473749531147,1.0,1.0,-0.01795998148622507,-0.01682405722260373,0.0,0.0,1.0,1.0,1.0,1.0,0.003252675346505364,0.004984703859477921,0.0,0.0,1.0,1.0
573,-0.025217309266683762,-0.01707718944600497,-0.02459832303920711,0.0032691408101442306,0.4808965218051758,0.3766721106402588,0.09184746064025878,0.34790474832876517,0.1257553593541754,0.0022261764777100007,0.34790474832876517,0.1257553593541754,0.0086617149086861,0.3719551717952159,0.14352193182133424,0.003195192941813605,-0.014818503210081505,-0.016068330327113387,0.013168874881760106,0.18698835372924805,0.17887210845947266,0.185744047164917,-0.014818513318173503,-0.016076125103343775,0.013093267388391755,0.18526172637939453,0.1651904582977295,0.17264008522033691,4901,0.00034569089853584204,0.0006790872876433414,-0.019307076799730927,-0.018730976747953,1.0,1.0,-0.017960041397941592,-0.01682432631171463,0.0,0.0,1.0,1.0,1.0,1.0,0.0033249363424554257,0.005049856888158997,0.0,0.0,1.0,1.0
574,-0.025188705298143717,-0.017084532156502463,-0.02459266754405044,0.0032658768195754414,0.4754306035343018,0.3429552092647705,0.05584073426477051,0.34790295867889415,0.12575459656701438,0.002235017702730618,0.34790295867889415,0.12575459656701438,0.008654809379297931,0.37186450643498276,0.14345173977490727,0.003194337259581435,-0.014838741445003321,-0.016063788097289578,0.013132855914533562,0.19039058685302734,0.18923497200012207,0.1832873821258545,-0.014815632925226994,-0.0160675545359116,0.013150866696697738,0.1759638786315918,0.19211030006408691,0.17244267463684082,5000,0.00033884767579113776,0.0006656458831804284,-0.01933165784988592,-0.01875613086654379,1.0,1.0,-0.01798380543223107,-0.01686628559534945,0.0,0.0,1.0,1.0,1.0,1.0,0.0033077107406923258,0.005034326393454145,0.0,0.0,1.0,1.0
