,DRO_obj_values,epsilon,DRO_time,DRO_eval1,DRO_eval2,DRO_satisfy1,DRO_satisfy2,t
0,0.597800178472518,0.03678071677370321,0.00016832351684570312,0.9803838951961741,1.0122448436231204,0.0,0.0,0
1,0.6104649387891078,0.03514187073354499,8.893013000488281e-05,0.973901314329282,1.0059922890278274,0.0,0.0,1
2,0.6605867545378215,0.03381334841231955,4.792213439941406e-05,0.9715480423135083,1.0068265977419018,0.0,0.0,2
3,0.6813709841682108,0.032703195662574826,3.8623809814453125e-05,0.9698586375720606,1.004711971712019,0.0,0.0,3
4,0.6380859456049476,0.03175426480542942,3.814697265625e-05,0.970334569836782,1.001488347529976,0.0,0.0,4
5,0.09713411020889544,0.030928772885469198,0.026778697967529297,1.1033352134667742,0.9950975619522933,0.0,0.0,5
6,0.10009936254379193,0.030200526772686184,8.702278137207031e-05,1.1068026638175255,0.9992475125791043,0.0,0.0,6
7,0.17243542732258266,0.029550673125147406,5.412101745605469e-05,1.1058667363218115,1.0003945605641356,0.0,0.0,7
8,0.2985135594090992,0.02896522133163596,4.029273986816406e-05,1.1068952976555146,1.0015675974059906,0.0,0.0,8
9,0.4631397755980698,0.028433523467644384,3.5762786865234375e-05,1.1042054300357609,1.0016906572552156,0.0,0.0,9
10,0.4597556123320675,0.02794730114850381,3.266334533691406e-05,1.1011774027592376,1.0022559497327486,0.0,0.0,10
11,0.5585229986777668,0.0275,3.600120544433594e-05,1.0990479364345338,1.002161867033181,0.0,0.0,11
12,0.6438220011710915,0.02708634832779988,3.600120544433594e-05,1.0970233895388228,1.001598022234077,0.0,0.0,12
13,0.630830677666625,0.02670204744390279,3.4809112548828125e-05,1.09659995194605,1.0024888569764892,0.0,0.0,13
14,0.6280222844945949,0.026343549399396607,3.218650817871094e-05,1.0944831035062337,1.0035321399817887,0.0,0.0,14
15,0.6847449671956278,0.026007894247587336,3.2901763916015625e-05,1.0929953793387548,1.0044525329864993,0.0,0.0,15
16,0.7142250087997036,0.025692588775051005,3.361701965332031e-05,1.091606688497238,1.005466467737931,0.0,0.0,16
17,0.7928897444876497,0.025395514701925644,3.170967102050781e-05,1.090112174885529,1.006241888227913,0.0,0.0,17
18,0.8527840262593501,0.02511485820232022,3.24249267578125e-05,1.0878291248030316,1.006701448648735,0.0,0.0,18
19,0.8919017447182818,0.024849055099270736,3.266334533691406e-05,1.0856124236363007,1.0072844805568513,0.0,0.0,19
20,0.9056818938457609,0.024596747752497688,3.4809112548828125e-05,1.083574141402423,1.00790930316975,0.0,0.0,20
21,0.9051067247620421,0.024356750784803108,3.409385681152344e-05,1.081645664964855,1.008589947385233,0.0,0.0,21
22,0.8696573856442401,0.024128023570795697,3.24249267578125e-05,1.0798304993630254,1.0092515167496714,0.0,0.0,22
23,0.9220519997153933,0.02390964795697453,4.4345855712890625e-05,1.078229052199385,1.0100589772547992,0.0,0.0,23
24,0.9387704961734442,0.02370081007023983,3.4332275390625e-05,1.0767432172951168,1.0105811781174037,0.0,0.0,24
25,0.39411142526900195,0.023500785351792872,0.12752509117126465,1.291434800535989,1.6310224387857277,0.0,0.0,25
26,0.5226005177880944,0.02330892615782619,8.869171142578125e-05,1.2911676328796216,1.6310163548878691,0.0,0.0,26
27,0.5219358088341586,0.02312465141947715,5.1021575927734375e-05,1.2910613956114276,1.6310357744260664,0.0,0.0,27
28,0.5372158161563918,0.022947437967363284,4.291534423828125e-05,1.2911034481575965,1.6313071956570513,0.0,0.0,28
29,0.5247778598031929,0.022776813211160363,3.7670135498046875e-05,1.2912668483672565,1.631976126373808,0.0,0.0,29
30,0.5126600994603111,0.022612348929528583,3.552436828613281e-05,1.2911062788636445,1.6314313818600856,0.0,0.0,30
31,0.6736776613992015,0.02245365597551247,4.839897155761719e-05,1.2909575260874617,1.6320037618987038,0.0,0.0,31
32,1.0583304476430968,0.022300379741132338,3.552436828613281e-05,1.290021277693099,1.6300436529147897,0.0,0.0,32
33,1.0464741782357119,0.022152196255011754,3.600120544433594e-05,1.2894345165519854,1.629272874327998,0.0,0.0,33
34,1.0212768664961882,0.022008808810573745,3.457069396972656e-05,1.2886541818494464,1.6276498668796242,0.0,0.0,34
35,0.997539920307201,0.021869945041093894,3.552436828613281e-05,1.2880097851230325,1.626711287590336,0.0,0.0,35
36,1.0483410963539452,0.021735354372842262,3.457069396972656e-05,1.2872128666994442,1.6254124253866404,0.0,0.0,36
37,1.0589924135578874,0.021604805799528216,3.552436828613281e-05,1.2863963908788874,1.6241032082494746,0.0,0.0,37
38,1.0359214052884964,0.021478085930923388,3.4809112548828125e-05,1.2857495224063058,1.6234167473125338,0.0,0.0,38
39,1.0137272042887666,0.02135499727637228,3.5762786865234375e-05,1.2849833350060516,1.622171397400832,0.0,0.0,39
40,0.992748891946333,0.021235356730284934,3.5762786865234375e-05,1.2843688772616952,1.6214013823343314,0.0,0.0,40
41,1.0016222395667387,0.021118994231936424,3.457069396972656e-05,1.2836588733378307,1.6202423058862567,0.0,0.0,41
42,0.9989124373178804,0.021005751576202436,3.647804260253906e-05,1.2830775965691776,1.619550514404263,0.0,0.0,42
43,0.9850728524564601,0.020895481355418796,3.528594970703125e-05,1.2824408726576513,1.618529427205525,0.0,0.0,43
44,0.9755663425789046,0.020788046015507496,3.743171691894531e-05,1.28183098813582,1.6177719870092735,0.0,0.0,44
45,0.9571891147921975,0.020683317011975167,3.838539123535156e-05,1.2812575616787354,1.616974470976193,0.0,0.0,45
46,0.9395832848552239,0.020581174053451688,3.790855407714844e-05,1.280742736133412,1.6163799878545786,0.0,0.0,46
47,1.028403259777664,0.020481504422169033,3.528594970703125e-05,1.2799348985865473,1.6152396947348262,0.0,0.0,47
48,1.1149401184800267,0.020384202362240825,3.504753112792969e-05,1.279167453931793,1.6146018218225089,0.0,0.0,48
49,1.1003039671972203,0.02028916852783923,3.600120544433594e-05,1.278344380138885,1.613595829509556,0.0,0.0,49
50,0.5818410451119284,0.020196309484414757,0.08281826972961426,1.0393480884252997,1.2575529385418898,0.0,0.0,50
51,0.5997944871961698,0.02010553725699818,0.00010228157043457031,1.0394815803773902,1.2577888614614505,0.0,0.0,51
52,0.6720059658816552,0.02001676892038712,5.936622619628906e-05,1.039760522010197,1.2577533475359257,0.0,0.0,52
53,0.6617227218638102,0.019929926226673816,4.57763671875e-05,1.0398445507237954,1.2578443820434047,0.0,0.0,53
54,0.6680531446779394,0.01984493526613257,4.2438507080078125e-05,1.0399818027645817,1.2578586461690044,0.0,0.0,54
55,0.6581650961810639,0.019761726157969634,4.00543212890625e-05,1.040064340153947,1.257886768997427,0.0,0.0,55
56,0.6607214067641175,0.01968023276785644,3.8623809814453125e-05,1.0401174519161853,1.2579252759308752,0.0,0.0,56
57,0.698065503576225,0.019600392449529585,3.933906555175781e-05,1.0401980609129173,1.25775805628648,0.0,0.0,57
58,0.7166823414500822,0.019522145808055294,4.124641418457031e-05,1.0401269136151663,1.2574276355281675,0.0,0.0,58
59,0.7064726223126601,0.019445436482630054,3.910064697265625e-05,1.040137071843944,1.2572016543410003,0.0,0.0,59
60,0.7269090988918726,0.0193702109470278,3.838539123535156e-05,1.0401382451844052,1.2568631239731602,0.0,0.0,60
61,0.7167044873852662,0.01929641832601277,3.743171691894531e-05,1.0402130107055287,1.2566242681609143,0.0,0.0,61
62,0.711432935945817,0.019224010226220316,3.790855407714844e-05,1.040210630633711,1.2563177396436565,0.0,0.0,62
63,0.7087710535567612,0.0191529405801682,3.886222839355469e-05,1.0401534464805025,1.2559839054745146,0.0,0.0,63
64,0.7568582967752511,0.019083165502202504,3.8623809814453125e-05,1.040282224299899,1.2557100475129903,0.0,0.0,64
65,0.7468058652412705,0.019014643155306755,3.886222839355469e-05,1.040296734826882,1.2554424947985037,0.0,0.0,65
66,0.737061489617799,0.018947333627812663,3.981590270996094e-05,1.0403519452958656,1.2551691336580824,0.0,0.0,66
67,0.7449765293456284,0.01888119881914858,3.790855407714844e-05,1.0403691321627722,1.2548970156315746,0.0,0.0,67
68,0.755610199504815,0.018816202333847683,3.838539123535156e-05,1.0404262075249069,1.2544764975181284,0.0,0.0,68
69,0.7639379949985299,0.018752309383114747,3.743171691894531e-05,1.0404795526280943,1.2539874573307213,0.0,0.0,69
70,0.7539862523938774,0.018689486693318345,3.790855407714844e-05,1.040494218752823,1.2535192294591746,0.0,0.0,70
71,0.7560111934803573,0.018627702420836143,4.76837158203125e-05,1.0405158051098073,1.2530898602912184,0.0,0.0,71
72,0.7538705463443061,0.01856692607273495,3.790855407714844e-05,1.040535982473496,1.2526111521787013,0.0,0.0,72
73,0.7600964298916405,0.018507128432815833,3.886222839355469e-05,1.0405719360311914,1.2521316598059258,0.0,0.0,73
74,0.8116890229352667,0.018448281492597682,3.910064697265625e-05,1.040562242723436,1.2516794363246595,0.0,0.0,74
75,0.8018032286632185,0.018390358386851605,3.814697265625e-05,1.040544873473213,1.2512332746570174,0.0,0.0,75
76,0.8486442458069112,0.018333333333333333,4.076957702636719e-05,1.0404277874865955,1.2507048242257186,0.0,0.0,76
77,0.8675966780314328,0.018277181576392208,3.910064697265625e-05,1.0402787780495903,1.250146095566279,0.0,0.0,77
78,0.8575051345215634,0.018221879334163457,3.838539123535156e-05,1.0401163025499383,1.249629592465855,0.0,0.0,78
79,0.8524392560863054,0.01816740374907594,3.910064697265625e-05,1.0399939925367658,1.249126590285332,0.0,0.0,79
80,0.8434555258834855,0.018113732841430488,3.8623809814453125e-05,1.0399050532823713,1.2486379008544342,0.0,0.0,80
81,0.8791911004343773,0.018060845465824715,3.8623809814453125e-05,1.0397264036512477,1.2481458336735842,0.0,0.0,81
82,0.8755423917797724,0.018008721270218853,3.933906555175781e-05,1.039592420406328,1.2476475451276434,0.0,0.0,82
83,0.866039062560298,0.017957340657454288,3.981590270996094e-05,1.0394004495786362,1.2472654633083726,0.0,0.0,83
84,0.8680370246283595,0.01790668474905179,4.076957702636719e-05,1.0392027683519904,1.2468114675313686,0.0,0.0,84
85,0.8618621847041907,0.01785673535113044,3.981590270996094e-05,1.0390607884969025,1.2464222587010145,0.0,0.0,85
86,0.8528457111281265,0.017807474922301038,3.933906555175781e-05,1.038814963266361,1.2460494127144328,0.0,0.0,86
87,0.8543606493681296,0.017758886543399213,4.0531158447265625e-05,1.0386401379314762,1.2456060434614926,0.0,0.0,87
88,0.8471490514610096,0.017710953888934206,3.981590270996094e-05,1.0384816711196734,1.2452317745493429,0.0,0.0,88
89,0.8545470440189693,0.01766366120013869,3.981590270996094e-05,1.0383335613679574,1.244808945096234,0.0,0.0,89
90,0.8987491570483952,0.017616993259513925,4.220008850097656e-05,1.0381866520092922,1.2443702568455692,0.0,0.0,90
91,0.8918282663755367,0.017570935366772494,4.100799560546875e-05,1.0380645841705163,1.2439755518541695,0.0,0.0,91
92,0.8938964973257845,0.017525473316088204,4.076957702636719e-05,1.0379487684835729,1.2435727038482165,0.0,0.0,92
93,0.8897596410265685,0.01748059337456952,4.172325134277344e-05,1.037808527180571,1.2431958794695834,0.0,0.0,93
94,0.8886068521553668,0.017436282261878867,4.029273986816406e-05,1.037717931088978,1.2427633420582724,0.0,0.0,94
95,0.8801097183029849,0.017392527130926087,4.1484832763671875e-05,1.0376277083255614,1.2423820854093037,0.0,0.0,95
96,0.8745766117350912,0.017349315549569144,4.100799560546875e-05,1.0375877439108525,1.2420278413070065,0.0,0.0,96
97,0.8678812700491721,0.017306635483260287,4.100799560546875e-05,1.0375130413083247,1.2416984968797897,0.0,0.0,97
98,0.8763204335278859,0.017264475278579963,4.2438507080078125e-05,1.0374495433634672,1.2413430613397922,0.0,0.0,98
99,0.9255181784080496,0.01722282364760504,4.220008850097656e-05,1.037167020388313,1.2408516362498203,0.0,0.0,99
100,0.6272755492420007,0.017181669653061407,0.48804330825805664,1.0568573254379334,1.0075617237272667,0.0,0.0,100
101,0.6232966214676795,0.017141002694214605,0.00010514259338378906,1.0569086975467794,1.0077002807832838,0.0,0.0,101
102,0.620172718249654,0.017100812493455193,5.7220458984375e-05,1.056929054811777,1.0077099396038045,0.0,0.0,102
103,0.6149084016240073,0.017061089083538494,4.839897155761719e-05,1.056972797452013,1.0076763814687095,0.0,0.0,103
104,0.6097289705791284,0.0170218227954411,4.267692565917969e-05,1.0570020090869816,1.007591868200188,0.0,0.0,104
105,0.6056772873745089,0.016983004246798966,5.3882598876953125e-05,1.0570294700101723,1.0074665639174234,0.0,0.0,105
106,0.6006915186533752,0.01694462433089418,4.267692565917969e-05,1.0570676661895988,1.0075024984203294,0.0,0.0,106
107,0.5958283640414291,0.016906674206159773,4.220008850097656e-05,1.0570999719249432,1.0074930133838869,0.0,0.0,107
108,0.5928236409901295,0.016869145286173757,4.1961669921875e-05,1.0571507157916735,1.007572960193987,0.0,0.0,108
109,0.5882018302507914,0.016832029230115498,4.363059997558594e-05,1.0571878159041368,1.0075954190789391,0.0,0.0,109
110,0.5861442263335991,0.016795317933659216,4.1484832763671875e-05,1.057199859024322,1.0075739017164167,0.0,0.0,110
111,0.581783320122877,0.016759003520281,4.1484832763671875e-05,1.0572551991536787,1.0076519276002252,0.0,0.0,111
112,0.5786715201571254,0.016723078332957112,4.0531158447265625e-05,1.0572968263174944,1.0075713183352673,0.0,0.0,112
113,0.5750336790311179,0.0166875349262329,4.124641418457031e-05,1.0573414086940667,1.0076759417357481,0.0,0.0,113
114,0.57061639527837,0.016652366058642655,4.172325134277344e-05,1.057390421498394,1.0076419424421468,0.0,0.0,114
115,0.6365328377836071,0.016617564685462223,4.220008850097656e-05,1.0574232867298872,1.0076045120945536,0.0,0.0,115
116,0.6356259136262827,0.016583123951777,4.38690185546875e-05,1.0574710149120365,1.0077415422050637,0.0,0.0,116
117,0.6335844864369202,0.01654903718584917,4.267692565917969e-05,1.0575133533535346,1.0077357563234117,0.0,0.0,117
118,0.6289830896597495,0.01651529789276894,4.124641418457031e-05,1.0575862505543112,1.0078310377543844,0.0,0.0,118
119,0.6243287211392731,0.0164818997483754,4.124641418457031e-05,1.0576379568821437,1.0079219312132244,0.0,0.0,119
120,0.6197331999767873,0.016448836593433425,4.3392181396484375e-05,1.057689588405731,1.007951340238558,0.0,0.0,120
121,0.61640326207341,0.016416102428054025,4.291534423828125e-05,1.0577261870529384,1.0080130135515235,0.0,0.0,121
122,0.6124194572910316,0.01638369140634596,4.1484832763671875e-05,1.0577843414957921,1.0080762170845146,0.0,0.0,122
123,0.6087496192952422,0.016351597831287413,5.2928924560546875e-05,1.0578424768215478,1.008118903779681,0.0,0.0,123
124,0.6054065794759084,0.016319816149806998,4.124641418457031e-05,1.0578882886828764,1.0081415850486632,0.0,0.0,124
125,0.6138858298077353,0.016288340948063935,4.363059997558594e-05,1.0579425315090483,1.0081591232518385,0.0,0.0,125
126,0.6104096021060678,0.016257166946918027,4.220008850097656e-05,1.057984803504148,1.0082216204391536,0.0,0.0,126
127,0.6192530532845901,0.01622628899758022,4.100799560546875e-05,1.0580459638427429,1.008292776667002,0.0,0.0,127
128,0.6160400417496016,0.016195702077435432,4.172325134277344e-05,1.0580949774219375,1.0083294148736348,0.0,0.0,128
129,0.6118087441614777,0.01616540128602941,4.363059997558594e-05,1.0581615257197923,1.008368535116774,0.0,0.0,129
130,0.6091136508115116,0.01613538184121221,4.1961669921875e-05,1.0582286801991403,1.0084428846935565,0.0,0.0,130
131,0.6129233718478528,0.016105639075430837,4.1961669921875e-05,1.0582931297945786,1.0085142727422758,0.0,0.0,131
132,0.6087923909933957,0.01607616843216443,4.124641418457031e-05,1.0583531178986918,1.0085528787520437,0.0,0.0,132
133,0.6047217906543189,0.016046965462495438,4.172325134277344e-05,1.0584161967798034,1.0086227344221754,0.0,0.0,133
134,0.6070323889833825,0.016018025821810604,4.220008850097656e-05,1.0584810017050406,1.0086784426752287,0.0,0.0,134
135,0.6129351895122906,0.015989345266626032,4.315376281738281e-05,1.0585091726396185,1.008649871083045,0.0,0.0,135
136,0.608914167541738,0.0159609196515308,4.363059997558594e-05,1.0585334513388736,1.0085909788545804,0.0,0.0,136
137,0.6076250410257552,0.015932744926243827,4.315376281738281e-05,1.0585561535063703,1.0086188775491174,0.0,0.0,137
138,0.6044222072948303,0.015904817132779143,4.2438507080078125e-05,1.0585625549051372,1.0085861292274094,0.0,0.0,138
139,0.6619402699356828,0.01587713240271471,4.172325134277344e-05,1.058563887675463,1.0085730989179462,0.0,0.0,139
140,0.6576986459175693,0.01584968695456044,5.0067901611328125e-05,1.0585542047584204,1.0085985435822706,0.0,0.0,140
141,0.713627618442186,0.01582247709122109,4.5299530029296875e-05,1.0585408812630606,1.0086386993975593,0.0,0.0,141
142,0.7101853352905938,0.015795499197549995,4.410743713378906e-05,1.0585289979711876,1.0086109212306336,0.0,0.0,142
143,0.7095826424200425,0.015768749737989786,4.4345855712890625e-05,1.0585216146806955,1.008649711380333,0.0,0.0,143
144,0.7051365431348906,0.015742225254296475,4.4345855712890625e-05,1.0585145487926684,1.0086881206737675,0.0,0.0,144
145,0.7007398954081749,0.015715922363343397,4.363059997558594e-05,1.0585004607114379,1.0086610894497772,0.0,0.0,145
146,0.6967298758669075,0.015689837755001667,4.363059997558594e-05,1.0584942016348438,1.0086995162951657,0.0,0.0,146
147,0.7515317461496902,0.015663968190094052,4.410743713378906e-05,1.0584684798184896,1.0087219442073645,0.0,0.0,147
148,0.7509607691030038,0.01563831049841923,4.315376281738281e-05,1.0584369394089914,1.0086805658698639,0.0,0.0,148
149,0.8048513362538112,0.015612861576843547,4.5299530029296875e-05,1.05838907686789,1.0086868824037256,0.0,0.0,149
150,0.8006017692031329,0.01558761838745759,4.5299530029296875e-05,1.05835360397134,1.0086990506089826,0.0,0.0,150
151,0.8069428687310394,0.015562577955794929,4.4345855712890625e-05,1.0583210212889633,1.0087311007821689,0.0,0.0,151
152,0.8028244364960799,0.01553773736911059,4.410743713378906e-05,1.0582857145525306,1.0087009140142311,0.0,0.0,152
153,0.7985415889600521,0.01551309377471684,4.5299530029296875e-05,1.0582615759167588,1.0087639012292284,0.0,0.0,153
154,0.7953805063514663,0.015488644378374068,4.363059997558594e-05,1.0582387518019343,1.0087752646336046,0.0,0.0,154
155,0.8465227454960692,0.015464386442734599,4.482269287109375e-05,1.0581973881951419,1.0087704797405654,0.0,0.0,155
156,0.842115489919223,0.015440317285837358,4.506111145019531e-05,1.058166783311957,1.0087960655035846,0.0,0.0,156
157,0.8375763355896859,0.015416434279651432,5.626678466796875e-05,1.0581227492968681,1.0087972604130002,0.0,0.0,157
158,0.8336623821786757,0.015392734848666661,4.482269287109375e-05,1.0580936076715002,1.0088233434064693,0.0,0.0,158
159,0.8836659163381391,0.015369216468529444,4.38690185546875e-05,1.058033241036868,1.0088095123622869,0.0,0.0,159
160,0.8785529404485822,0.015345876664722046,4.4345855712890625e-05,1.0579734427847824,1.0087958188960753,0.0,0.0,160
161,0.8735030177985963,0.015322713011283793,4.506111145019531e-05,1.0579282471376847,1.00880684722671,0.0,0.0,161
162,0.869442128193118,0.015299723129572522,4.4345855712890625e-05,1.057860941031297,1.0087897023184675,0.0,0.0,162
163,0.9190825479892106,0.015276904687064849,4.506111145019531e-05,1.0577876831695865,1.0087891929242663,0.0,0.0,163
164,0.9654662282653723,0.015254255396193801,4.5299530029296875e-05,1.0577005662556607,1.0087720740198725,0.0,0.0,164
165,0.9599812260261731,0.015231773013222379,4.553794860839844e-05,1.0576142379560705,1.008755117065484,0.0,0.0,165
166,0.9622053468862488,0.015209455337151834,4.5299530029296875e-05,1.057522040544435,1.008714172665018,0.0,0.0,166
167,0.9574032072836836,0.015187300208663306,4.482269287109375e-05,1.0574325970159075,1.0086709143994177,0.0,0.0,167
168,0.9528814650129181,0.015165305509091663,4.553794860839844e-05,1.0573470204894917,1.0086795641335398,0.0,0.0,168
169,0.9484633635395374,0.015143469159430354,4.5299530029296875e-05,1.0572593758407427,1.0086361548397855,0.0,0.0,169
170,0.9434408322473053,0.015121789119366215,4.57763671875e-05,1.0571779836265294,1.0086462822297089,0.0,0.0,170
171,0.9428645683110344,0.015100263386343092,4.649162292480469e-05,1.0571101569211818,1.0087214511025715,0.0,0.0,171
172,0.9388643551307938,0.01507888999465331,4.6253204345703125e-05,1.0570271681007133,1.0087222999052494,0.0,0.0,172
173,0.933782263287391,0.015057667014556008,4.649162292480469e-05,1.0569551009784315,1.0087446931564221,0.0,0.0,173
174,0.9372776330556326,0.01503659255142137,5.5789947509765625e-05,1.0568834291809288,1.0087758041921873,0.0,0.0,174
175,0.9329810761741159,0.015015664744899867,4.744529724121094e-05,1.0568042204032775,1.008779633239099,0.0,0.0,175
176,0.9289833944248523,0.014994881768115673,4.7206878662109375e-05,1.0567368749456962,1.0088033167863053,0.0,0.0,176
177,0.9721172236024647,0.01497424182688336,4.696846008300781e-05,1.0566565531929195,1.0088262410719226,0.0,0.0,177
178,0.9742265622549564,0.014953743158947137,4.7206878662109375e-05,1.0565793776541386,1.0088055411105925,0.0,0.0,178
179,0.9711007226173801,0.014933384033241825,4.7206878662109375e-05,1.056497851338393,1.0087621214340075,0.0,0.0,179
180,0.9662305876474453,0.014913162749174863,4.744529724121094e-05,1.0564194952172925,1.008720052494106,0.0,0.0,180
181,0.9658738192028391,0.01489307763592861,4.935264587402344e-05,1.0563390882276287,1.0086863077397057,0.0,0.0,181
182,0.9608769735323792,0.01487312705178225,4.839897155761719e-05,1.0562680669248414,1.0086570700891753,0.0,0.0,182
183,0.9559325557648103,0.014853309383452749,4.76837158203125e-05,1.0561789627291625,1.0086164088193053,0.0,0.0,183
184,0.9512230804622307,0.014833623045454056,4.9114227294921875e-05,1.0561021544280416,1.0085781791279727,0.0,0.0,184
185,0.9925851498738486,0.014814066479474114,4.863739013671875e-05,1.0560179809248438,1.0085368997818005,0.0,0.0,185
186,0.9886828584238453,0.014794638153769003,4.887580871582031e-05,1.0559145937252132,1.0084889113918856,0.0,0.0,186
187,0.983857231744963,0.014775336562573703,4.887580871582031e-05,1.0558314825290127,1.0084528882482726,0.0,0.0,187
188,0.9806127294026057,0.014756160225528865,4.887580871582031e-05,1.055747108083394,1.0084149312240815,0.0,0.0,188
189,0.9762275647436185,0.014737107687123201,5.0067901611328125e-05,1.0556662485959998,1.0083685162370313,0.0,0.0,189
190,0.9725899093629531,0.014718177516150852,5.793571472167969e-05,1.0555756724851582,1.0083160515383238,0.0,0.0,190
191,0.9752117403201221,0.014699368305183341,5.030632019042969e-05,1.0554954613496428,1.0082867471201367,0.0,0.0,191
192,0.9758245276070902,0.014680678670055642,4.9591064453125e-05,1.055416011597081,1.0082625188164658,0.0,0.0,192
193,0.971028579306674,0.01466210724936587,4.9591064453125e-05,1.0553349830615348,1.008253508301235,0.0,0.0,193
194,0.9662807238083592,0.014643652703988224,4.935264587402344e-05,1.055256760374787,1.0082296625815967,0.0,0.0,194
195,1.0044920571614426,0.01462531371659872,5.054473876953125e-05,1.0551592736636324,1.0081889793423633,0.0,0.0,195
196,1.0006622651038621,0.014607088991213341,5.030632019042969e-05,1.0550787143155833,1.008175201965496,0.0,0.0,196
197,0.9960976017044185,0.01458897725273822,4.982948303222656e-05,1.0549901838452709,1.0081559715014419,0.0,0.0,197
198,0.9918994178502956,0.014570977246531473,5.054473876953125e-05,1.0549064228532938,1.0081217662058675,0.0,0.0,198
199,0.9876237682136626,0.014553087737976313,5.030632019042969e-05,1.0548207813000292,1.0080702804389232,0.0,0.0,199
200,0.7907383306869279,0.014535307512065145,0.3030967712402344,0.9141549431467287,0.9863089071520383,0.0,0.0,200
201,0.7871006017703034,0.014517635372994265,0.00012350082397460938,0.9141668593167123,0.9863192061768501,0.0,0.0,201
202,0.7839432032610767,0.014500070143768858,7.104873657226562e-05,0.9141678785146126,0.9863421934256189,0.0,0.0,202
203,0.7803668750428007,0.01448261066581798,6.341934204101562e-05,0.9141747152854327,0.9863597472634753,0.0,0.0,203
204,0.778484542695992,0.014465255798619242,5.817413330078125e-05,0.9141849024231701,0.9863775868354984,0.0,0.0,204
205,0.7771505648779218,0.01444800441933287,5.5789947509765625e-05,0.9141950686081564,0.9863989626611978,0.0,0.0,205
206,0.7759718902610304,0.014430855422444926,5.602836608886719e-05,0.9142032403788696,0.9864216120127193,0.0,0.0,206
207,0.7724985960221189,0.014413807719419327,5.507469177246094e-05,0.9142056967589334,0.9864492323306467,0.0,0.0,207
208,0.7798111624169101,0.014396860238358513,5.412101745605469e-05,0.9142169927664584,0.9864611093565111,0.0,0.0,208
209,0.7816955365252465,0.01438001192367241,5.459785461425781e-05,0.9142289993204679,0.9864619082237719,0.0,0.0,209
210,0.781381902688329,0.014363261735755506,5.507469177246094e-05,0.9142342543872201,0.9864461268890662,0.0,0.0,210
211,0.780538689785276,0.0143466086506718,5.3882598876953125e-05,0.9142446209545011,0.9864464069452911,0.0,0.0,211
212,0.7792149720589937,0.014330051659847376,5.412101745605469e-05,0.9142494746797515,0.9864550178683988,0.0,0.0,212
213,0.78360083963061,0.014313589769770383,5.3882598876953125e-05,0.9142600254626533,0.9864376444759634,0.0,0.0,213
214,0.785822919152069,0.01429722200169825,0.000293731689453125,0.9142634677860956,0.9864315400517847,0.0,0.0,214
215,0.7890927023696144,0.01428094739137186,5.7697296142578125e-05,0.9142755174942616,0.9864102006389288,0.0,0.0,215
216,0.785691834311276,0.014264764988736568,5.507469177246094e-05,0.9142788778894309,0.9863964319112754,0.0,0.0,216
217,0.7868124053038299,0.014248673857669786,5.459785461425781e-05,0.914288183194628,0.986370520743019,0.0,0.0,217
218,0.7851315597338983,0.014232673075715033,5.507469177246094e-05,0.9142953501113551,0.9863497756961291,0.0,0.0,218
219,0.783585106991655,0.014216761733822192,5.435943603515625e-05,0.9142944561195834,0.9863342057316424,0.0,0.0,219
220,0.7842082096819449,0.01420093893609386,5.507469177246094e-05,0.9143048971189603,0.9863151816649358,0.0,0.0,220
221,0.785637441091911,0.014185203799537605,5.364418029785156e-05,0.9143096937891073,0.9863024282914978,0.0,0.0,221
222,0.782567202344568,0.014169555453823932,5.435943603515625e-05,0.9143195377684844,0.9862972639205938,0.0,0.0,222
223,0.7836787375507408,0.014153993041049862,5.626678466796875e-05,0.9143200153061679,0.9862881380326189,0.0,0.0,223
224,0.7839257129583989,0.01413851571550793,5.53131103515625e-05,0.914323894890337,0.986289596187709,0.0,0.0,224
225,0.781804807368999,0.014123122643460459,5.459785461425781e-05,0.9143272226804996,0.986286485694564,0.0,0.0,225
226,0.7797070131992981,0.01410781300291899,5.555152893066406e-05,0.9143340346388753,0.9862840941251807,0.0,0.0,226
227,0.7813268584195804,0.014092585983428678,6.771087646484375e-05,0.9143315057397704,0.9862990301250266,0.0,0.0,227
228,0.7789042528055973,0.014077440785857582,5.602836608886719e-05,0.9143322181839753,0.9863011692887369,0.0,0.0,228
229,0.777901281362178,0.014062376622190701,5.53131103515625e-05,0.914332871554463,0.9863062634323743,0.0,0.0,229
230,0.7829086325411391,0.014047392715328573,5.507469177246094e-05,0.9143311087653123,0.9863233512802799,0.0,0.0,230
231,0.781894249967973,0.014032488298890405,5.4836273193359375e-05,0.9143341838428398,0.986327169706781,0.0,0.0,231
232,0.7788270641465298,0.014017662617021547,5.650520324707031e-05,0.9143429852976486,0.9863248503845935,0.0,0.0,232
233,0.7786932898718851,0.014002914924205235,5.53131103515625e-05,0.9143476978281092,0.986332041839313,0.0,0.0,233
234,0.7777068116327234,0.013988244485078466,5.53131103515625e-05,0.9143531670238119,0.9863528797870592,0.0,0.0,234
235,0.7818944066706992,0.013973650574251905,5.650520324707031e-05,0.9143547509772256,0.9863616253598636,0.0,0.0,235
236,0.7868347292575587,0.013959132476133727,5.555152893066406e-05,0.9143557407901843,0.9863870710580467,0.0,0.0,236
237,0.7862533509901454,0.013944689484757291,5.4836273193359375e-05,0.9143618694404703,0.986379913882812,0.0,0.0,237
238,0.7885118404374689,0.01393032090361253,5.698204040527344e-05,0.9143648302468266,0.9863972531656066,0.0,0.0,238
239,0.7892830563178017,0.013916026045480985,5.626678466796875e-05,0.9143697003973409,0.9864006826089521,0.0,0.0,239
240,0.7872854883638807,0.01390180423227438,5.7220458984375e-05,0.9143756779857495,0.9864057531953294,0.0,0.0,240
241,0.792005759898058,0.01388765479487663,7.200241088867188e-05,0.9143809646145802,0.986410405996821,0.0,0.0,241
242,0.8008021672483611,0.013873577072989245,5.841255187988281e-05,0.9143896965078651,0.9863973123408666,0.0,0.0,242
243,0.800347713965029,0.013859570414979972,5.602836608886719e-05,0.9143961187270591,0.986398054715572,0.0,0.0,243
244,0.8002442446278019,0.013845634177734673,5.698204040527344e-05,0.9144036115365715,0.9863856533597246,0.0,0.0,244
245,0.8054202152225907,0.01383176772651229,5.7220458984375e-05,0.9144114344103801,0.986367609929525,0.0,0.0,245
246,0.803562791591708,0.013817970434802844,5.7697296142578125e-05,0.9144236156304163,0.9863570301070979,0.0,0.0,246
247,0.8045981617898466,0.01380424168418843,5.9604644775390625e-05,0.9144363880173385,0.9863481907415877,0.0,0.0,247
248,0.8047139662997873,0.01379058086420707,5.888938903808594e-05,0.9144480152213523,0.9863406252601397,0.0,0.0,248
249,0.8038211679290569,0.013776987372219406,5.91278076171875e-05,0.9144599443637891,0.9863353558887152,0.0,0.0,249
250,0.8015821442363273,0.013763460613278107,5.817413330078125e-05,0.914475612290356,0.9863281220647423,0.0,0.0,250
251,0.8068818850212179,0.01375,5.7697296142578125e-05,0.9144875074674076,0.9863210023326633,0.0,0.0,251
252,0.8066204048227497,0.013736604952440801,5.817413330078125e-05,0.9144978650774362,0.986314414013346,0.0,0.0,252
253,0.8121443219095399,0.013723274897972381,5.8650970458984375e-05,0.9144996029238303,0.9863104114713795,0.0,0.0,253
254,0.8091318574335075,0.013710009271162546,5.8650970458984375e-05,0.9145013323629823,0.9863064388919669,0.0,0.0,254
255,0.8086016336357033,0.013696807513657252,6.890296936035156e-05,0.9145028544836751,0.9863041328376465,0.0,0.0,255
256,0.8099340418695605,0.013683669074065161,5.8650970458984375e-05,0.9145019323917387,0.9863115409305074,0.0,0.0,256
257,0.8069666368408498,0.013670593407844545,5.841255187988281e-05,0.9145010174081537,0.9863189123696463,0.0,0.0,257
258,0.8089081805230031,0.013657579977192438,5.936622619628906e-05,0.9144994268748349,0.9863237257775743,0.0,0.0,258
259,0.8131034502030828,0.013644628250935998,5.936622619628906e-05,0.9144991526340397,0.9863249571718918,0.0,0.0,259
260,0.810165181411186,0.013631737704426031,5.817413330078125e-05,0.9144958147644502,0.9863279367692718,0.0,0.0,260
261,0.8120542329732742,0.013618907819432589,5.888938903808594e-05,0.9144925872563318,0.9863209722429872,0.0,0.0,261
262,0.8096658103356805,0.013606138084042683,5.841255187988281e-05,0.9144932016493402,0.9863151423505392,0.0,0.0,262
263,0.8067714965514509,0.01359342799255992,5.817413330078125e-05,0.9144938141653236,0.98630935131999,0.0,0.0,263
264,0.8041218440983414,0.0135807770454062,5.841255187988281e-05,0.9144942581602068,0.9863131221288726,0.0,0.0,264
265,0.8028489208599584,0.013568184749025231,6.008148193359375e-05,0.9144882280987513,0.9863228626141236,0.0,0.0,265
266,0.8043887305040374,0.01355565061578798,5.8650970458984375e-05,0.9144785590653751,0.9863315269949093,0.0,0.0,266
267,0.8029677402836418,0.01354317416389994,5.888938903808594e-05,0.9144657287770158,0.986344099405275,0.0,0.0,267
268,0.8027255875462502,0.013530754917310145,6.961822509765625e-05,0.9144546558233069,0.9863517292203176,0.0,0.0,268
269,0.8014299271170693,0.013518392405621998,6.103515625e-05,0.914444317950541,0.9863611580503313,0.0,0.0,269
270,0.8067827891879866,0.01350608616400573,5.984306335449219e-05,0.9144336084989417,0.9863590769447954,0.0,0.0,270
271,0.8039655991999476,0.01349383573311258,6.031990051269531e-05,0.9144229595515694,0.9863570130770557,0.0,0.0,271
272,0.8031534969547663,0.013481640658990589,5.936622619628906e-05,0.9144125130511772,0.9863568539484068,0.0,0.0,272
273,0.8003690046869221,0.01346950049300197,6.031990051269531e-05,0.9144021251740401,0.986356701407469,0.0,0.0,273
274,0.8031283950878733,0.013457414791742063,6.031990051269531e-05,0.914389227497947,0.9863603855519442,0.0,0.0,274
275,0.8037348784192893,0.013445383116959779,6.103515625e-05,0.9143749433812354,0.986352323247161,0.0,0.0,275
276,0.8021874823384751,0.01343340503547957,6.008148193359375e-05,0.9143614516477566,0.9863455275084476,0.0,0.0,276
277,0.8008761142206525,0.013421480119124812,6.031990051269531e-05,0.9143481282733836,0.9863412827501759,0.0,0.0,277
278,0.7992011701557471,0.013409607944642663,6.0558319091796875e-05,0.914334712572481,0.9863397257339938,0.0,0.0,278
279,0.8019386808661664,0.013397788093630241,5.984306335449219e-05,0.9143227606235262,0.9863257105063393,0.0,0.0,279
280,0.8003254667385598,0.013386020152462248,6.103515625e-05,0.9143122045302478,0.9863116092615255,0.0,0.0,280
281,0.7976251235220052,0.013374303712219844,6.270408630371094e-05,0.9143017059928806,0.9862975884957177,0.0,0.0,281
282,0.7953984169552427,0.013362638368620882,6.175041198730469e-05,0.9142929682637937,0.9862863743970229,0.0,0.0,282
283,0.7934631716348234,0.013351023721951395,6.0558319091796875e-05,0.9142844934652412,0.9862777561242609,0.0,0.0,283
284,0.79668485643822,0.013339459376998314,6.151199340820312e-05,0.9142754661371232,0.9862678410125963,0.0,0.0,284
285,0.7940345255251182,0.01332794494298344,5.984306335449219e-05,0.9142664757211688,0.9862502207804518,0.0,0.0,285
286,0.7965546188599809,0.013316480033498572,6.079673767089844e-05,0.9142533171091012,0.9862303891454907,0.0,0.0,286
287,0.7980329184362479,0.01330506426644184,6.175041198730469e-05,0.9142425384131556,0.9862121544997864,0.0,0.0,287
288,0.7968849699941627,0.013293697263955136,6.0558319091796875e-05,0.9142320136964415,0.9861959024459318,0.0,0.0,288
289,0.7954358637467807,0.013282378652362719,6.127357482910156e-05,0.9142245406012354,0.9861779197219229,0.0,0.0,289
290,0.7946795115089483,0.013271108062110848,6.175041198730469e-05,0.9142167679287658,0.986163145013501,0.0,0.0,290
291,0.7928861706020557,0.01325988512770856,6.0558319091796875e-05,0.9142096491312719,0.9861506136383573,0.0,0.0,291
292,0.7924680885706175,0.013248709487669432,6.151199340820312e-05,0.9142023489047396,0.9861393574384166,0.0,0.0,292
293,0.7922459561491437,0.013237580784454401,6.127357482910156e-05,0.9141919018213583,0.9861363828904202,0.0,0.0,293
294,0.7896797308622456,0.0132264986644156,6.175041198730469e-05,0.9141815092083209,0.986133428686707,0.0,0.0,294
295,0.7920717459663977,0.01321546277774115,6.365776062011719e-05,0.9141738559265029,0.986126100317004,0.0,0.0,295
296,0.7931524757470544,0.013204472778400925,6.270408630371094e-05,0.9141662578521702,0.9861200392988809,0.0,0.0,296
297,0.7986645038457797,0.01319352832409329,6.270408630371094e-05,0.9141556170515746,0.9861155446902523,0.0,0.0,297
298,0.8083644571774421,0.013182629076192708,6.175041198730469e-05,0.9141445883907364,0.9860979032148002,0.0,0.0,298
299,0.8076864946327982,0.013171774699698303,6.175041198730469e-05,0.9141379169417799,0.9860720779725848,0.0,0.0,299
300,0.8056367128846298,0.013160964863183288,6.246566772460938e-05,0.9141258784002863,0.9860520860031596,0.0,0.0,300
301,0.8030750715204041,0.01315019923874526,6.270408630371094e-05,0.9141139009272198,0.9860321984248432,0.0,0.0,301
302,0.8038658275681932,0.013139477501957346,6.318092346191406e-05,0.9141039367056646,0.9860081118152791,0.0,0.0,302
303,0.8013642122954422,0.013128799331820195,6.365776062011719e-05,0.9140937764584427,0.985994385110842,0.0,0.0,303
304,0.803429319204804,0.013118164410714775,6.4849853515625e-05,0.9140861730726669,0.9859820010180727,0.0,0.0,304
305,0.8026774851491993,0.013107572424355974,6.365776062011719e-05,0.9140769548968648,0.9859706799916107,0.0,0.0,305
306,0.8022981949370769,0.013097023061746977,6.389617919921875e-05,0.9140682010725085,0.9859616354790145,0.0,0.0,306
307,0.8027127945497562,0.013086516015134437,7.319450378417969e-05,0.9140594298378676,0.985954996702917,0.0,0.0,307
308,0.8036423212586177,0.013076050979964364,6.508827209472656e-05,0.9140509528320423,0.9859443728192498,0.0,0.0,308
309,0.8015716386677141,0.013065627654838778,6.413459777832031e-05,0.9140455283345267,0.9859319316677053,0.0,0.0,309
310,0.8029880103052737,0.013055245741473074,7.700920104980469e-05,0.9140414063648032,0.9859206515275751,0.0,0.0,310
311,0.8042107778377843,0.013044904944654106,6.747245788574219e-05,0.9140355082655732,0.9859098852418589,0.0,0.0,311
312,0.8062951057949531,0.013034604972198945,6.651878356933594e-05,0.9140306580835498,0.9858961433238711,0.0,0.0,312
313,0.811744154951605,0.013024345534914354,6.628036499023438e-05,0.9140274217988249,0.9858690118249303,0.0,0.0,313
314,0.8111740840142952,0.01301412634655688,6.604194641113281e-05,0.9140222128931147,0.985849869858616,0.0,0.0,314
315,0.8111757556857687,0.013003947123793668,6.580352783203125e-05,0.9140178097479418,0.9858320212621282,0.0,0.0,315
316,0.8105189596100884,0.012993807586163846,6.604194641113281e-05,0.9140164191743052,0.985813104117255,0.0,0.0,316
317,0.8088696106318781,0.012983707456040598,6.508827209472656e-05,0.9140157030985714,0.9857958247572607,0.0,0.0,317
318,0.8077276089739247,0.012973646458593814,6.580352783203125e-05,0.9140117327634233,0.9857982497701365,0.0,0.0,318
319,0.8109972826999942,0.012963624321753372,8.249282836914062e-05,0.9140083692197156,0.9857978558570514,0.0,0.0,319
320,0.809145919729355,0.012953640776173,6.532669067382812e-05,0.9140033200119262,0.9858059221833223,0.0,0.0,320
321,0.8117030159369322,0.012943695555194725,6.580352783203125e-05,0.9140040003731754,0.985806160634522,0.0,0.0,321
322,0.8152284165906859,0.012933788394813898,6.508827209472656e-05,0.9140058515731977,0.9858027891732917,0.0,0.0,322
323,0.8140594727950586,0.012923919033644763,6.556510925292969e-05,0.9140079369991687,0.9858013446502047,0.0,0.0,323
324,0.8131343639754074,0.012914087212886604,6.556510925292969e-05,0.9140134429566186,0.9857988781730483,0.0,0.0,324
325,0.8123206242432293,0.0129042926762904,6.532669067382812e-05,0.9140190530012973,0.9857980700894441,0.0,0.0,325
326,0.8158858015137916,0.01289453517012603,6.699562072753906e-05,0.9140208154932391,0.9857981753574682,0.0,0.0,326
327,0.8224310447896501,0.012884814443149994,6.604194641113281e-05,0.9140244007681868,0.9857902212830134,0.0,0.0,327
328,0.8200062963229388,0.012875130246573635,6.651878356933594e-05,0.9140279707951933,0.9857823079585125,0.0,0.0,328
329,0.8219051663965874,0.012865482334031878,6.699562072753906e-05,0.9140331254187845,0.9857731443346067,0.0,0.0,329
330,0.8209147231083557,0.012855870461552432,6.747245788574219e-05,0.9140378796507675,0.9857655540884507,0.0,0.0,330
331,0.8368715753450044,0.012846294387525502,7.677078247070312e-05,0.9140368777131058,0.9857589235279259,0.0,0.0,331
332,0.8344421155321088,0.012836753872673969,6.914138793945312e-05,0.9140358813220921,0.985754471144237,0.0,0.0,332
333,0.8332312085705131,0.012827248680023998,6.604194641113281e-05,0.9140349602045341,0.985753390369348,0.0,0.0,333
334,0.831894507410235,0.012817778574876164,6.818771362304688e-05,0.9140344480026462,0.98575428768014,0.0,0.0,334
335,0.8308748851276723,0.012808343324776967,6.818771362304688e-05,0.9140372854794478,0.9857549455315248,0.0,0.0,335
336,0.8357714974933336,0.012798942699490822,6.723403930664062e-05,0.9140403346425042,0.9857492815491716,0.0,0.0,336
337,0.8337029304914022,0.012789576470972456,6.914138793945312e-05,0.91403969398953,0.9857550410533645,0.0,0.0,337
338,0.8323992477466109,0.012780244413339746,6.866455078125e-05,0.9140392565412736,0.9857631112070755,0.0,0.0,338
339,0.8300315908070415,0.012770946302846966,6.890296936035156e-05,0.914038822053965,0.985771150160453,0.0,0.0,339
340,0.8276778381861177,0.012761681917858439,6.914138793945312e-05,0.9140383905006896,0.9857804205232239,0.0,0.0,340
341,0.8261650718172076,0.012752451038822587,6.818771362304688e-05,0.9140411109261809,0.9857940817243864,0.0,0.0,341
342,0.831294010960008,0.012743253448246379,6.866455078125e-05,0.9140449241911094,0.9858039333449412,0.0,0.0,342
343,0.8294728453120567,0.012734088930670169,7.653236389160156e-05,0.9140533869989533,0.9858153096138318,0.0,0.0,343
344,0.8305616166381349,0.012724957272642893,6.866455078125e-05,0.9140572973182263,0.9858343062472358,0.0,0.0,344
345,0.828243680192094,0.012715858262697676,6.699562072753906e-05,0.91406119182086,0.9858532248609788,0.0,0.0,345
346,0.8302729795180522,0.01270679169132776,7.009506225585938e-05,0.9140647704736989,0.9858702756828827,0.0,0.0,346
347,0.830437930376271,0.012697757350962822,6.842613220214844e-05,0.9140701121959354,0.9858784385279578,0.0,0.0,347
348,0.828729834348546,0.012688755035945637,6.937980651855469e-05,0.9140721788318035,0.9858977492446762,0.0,0.0,348
349,0.82681412359963,0.012679784542509072,6.818771362304688e-05,0.9140761620351054,0.9859088089241369,0.0,0.0,349
350,0.8266090629313533,0.012670845668753459,6.818771362304688e-05,0.9140785871947551,0.9859314156401118,0.0,0.0,350
351,0.8327174284210535,0.01266193821462425,6.794929504394531e-05,0.914086514994382,0.9859339257905666,0.0,0.0,351
352,0.8395924717801697,0.01265306198189005,7.462501525878906e-05,0.9140934718544177,0.98593692322305,0.0,0.0,352
353,0.8386586950634795,0.012644216774120936,7.033348083496094e-05,0.9141050680848075,0.9859316187880848,0.0,0.0,353
354,0.8372308073164967,0.012635402396667113,7.009506225585938e-05,0.9141152702301,0.9859373837022883,0.0,0.0,354
355,0.8369597613790126,0.01262661865663788,8.153915405273438e-05,0.9141265095417479,0.985943479518979,0.0,0.0,355
356,0.8356348229819432,0.012617865362880896,6.985664367675781e-05,0.9141394418927717,0.9859417923048268,0.0,0.0,356
357,0.840921390819339,0.012609142325961751,6.961822509765625e-05,0.9141475110716902,0.9859503083247249,0.0,0.0,357
358,0.8386640260712925,0.012600449358143825,6.985664367675781e-05,0.9141570744219095,0.9859496530810157,0.0,0.0,358
359,0.8400861626850553,0.01259178627336845,6.985664367675781e-05,0.9141653995773634,0.9859462172203791,0.0,0.0,359
360,0.8383647392109659,0.012583152887235362,7.200241088867188e-05,0.9141716453607595,0.9859521878643196,0.0,0.0,360
361,0.8361226560510912,0.012574549016983403,6.985664367675781e-05,0.9141778662671655,0.98595813776588,0.0,0.0,361
362,0.8354594051295446,0.012565974481471539,7.128715515136719e-05,0.9141839456298954,0.985961898592222,0.0,0.0,362
363,0.834692048692111,0.01255742910116011,7.05718994140625e-05,0.9141864617537817,0.9859725784000719,0.0,0.0,363
364,0.8384614936959424,0.012548912698092392,7.176399230957031e-05,0.9141894317554473,0.9859804115448003,0.0,0.0,364
365,0.8390854579703593,0.012540425095876374,7.128715515136719e-05,0.9141923312399548,0.9859877318799629,0.0,0.0,365
366,0.8391534374990134,0.012531966119666834,8.296966552734375e-05,0.9141976144602333,0.985998410796642,0.0,0.0,366
367,0.8369476561067388,0.012523535596147634,7.128715515136719e-05,0.914204442572868,0.9860090501635415,0.0,0.0,367
368,0.8351155052994912,0.01251513335351428,7.104873657226562e-05,0.9142113647530308,0.9860211898819311,0.0,0.0,368
369,0.8347654004267538,0.012506759221456745,7.104873657226562e-05,0.9142179462305444,0.9860319589722859,0.0,0.0,369
370,0.8362170253044197,0.012498413031142493,7.128715515136719e-05,0.9142257543399901,0.9860394459464982,0.0,0.0,370
371,0.83598630118152,0.01249009461519978,7.200241088867188e-05,0.9142335748075118,0.9860481139127792,0.0,0.0,371
372,0.833819180834164,0.012481803807701152,7.152557373046875e-05,0.9142413649127427,0.9860567509663614,0.0,0.0,372
373,0.8345711972215872,0.012473540444147202,7.152557373046875e-05,0.9142455805729715,0.9860645867603688,0.0,0.0,373
374,0.8330752221981219,0.012465304361450547,7.200241088867188e-05,0.9142472245362798,0.9860745171399563,0.0,0.0,374
375,0.831580412623001,0.012457095397919997,7.152557373046875e-05,0.9142494359792852,0.9860856759842923,0.0,0.0,375
376,0.8393021829810481,0.012448913393244986,7.176399230957031e-05,0.9142501662447055,0.9860955728432043,0.0,0.0,376
377,0.8400637355176086,0.01244075818848019,7.295608520507812e-05,0.9142525871854855,0.9860972291385938,0.0,0.0,377
378,0.8414642507424703,0.01243262962603036,7.43865966796875e-05,0.9142545499591376,0.9860990708695823,0.0,0.0,378
379,0.8447956159232004,0.012424527549635368,7.319450378417969e-05,0.9142568761707867,0.9860989617603392,0.0,0.0,379
380,0.8465721186399978,0.012416451804355452,7.224082946777344e-05,0.9142598032608763,0.986096318726029,0.0,0.0,380
381,0.8471452888980663,0.012408402236556669,7.224082946777344e-05,0.9142618133171346,0.9860932699351256,0.0,0.0,381
382,0.8533923232281202,0.012400378693896532,7.176399230957031e-05,0.9142629715711424,0.9860822699756565,0.0,0.0,382
383,0.8602283878965812,0.012392381025309861,7.224082946777344e-05,0.9142647889994217,0.9860702484451888,0.0,0.0,383
384,0.8623569874604682,0.012384409080994805,7.2479248046875e-05,0.9142662655196705,0.9860554997174215,0.0,0.0,384
385,0.8626678242906035,0.01237646271239907,7.224082946777344e-05,0.9142692746585733,0.9860364154402339,0.0,0.0,385
386,0.862611675086172,0.012368541772206315,7.367134094238281e-05,0.9142713054564969,0.9860167741233343,0.0,0.0,386
387,0.8616986074927007,0.01236064611432274,7.319450378417969e-05,0.9142726667423929,0.9859981413272262,0.0,0.0,387
388,0.862146174224903,0.012352775593863866,7.295608520507812e-05,0.914273693963176,0.9859785812070118,0.0,0.0,388
389,0.861165161325137,0.012344930067141458,7.510185241699219e-05,0.9142750001724284,0.9859598834083243,0.0,0.0,389
390,0.8619137840694044,0.012337109391650657,7.319450378417969e-05,0.9142766660746346,0.9859416338268335,0.0,0.0,390
391,0.8654753493617343,0.012329313426057259,7.319450378417969e-05,0.914279511084309,0.9859164084797104,0.0,0.0,391
392,0.8643065835019493,0.01232154203018518,7.319450378417969e-05,0.9142825764890771,0.985892621207613,0.0,0.0,392
393,0.8636908083040877,0.012313795065004062,7.390975952148438e-05,0.9142858385767554,0.9858698981145853,0.0,0.0,393
394,0.8663847897450719,0.012306072392617072,8.034706115722656e-05,0.9142894790840583,0.9858407650383235,0.0,0.0,394
395,0.8656896955271693,0.012298373876248844,7.510185241699219e-05,0.9142932150760033,0.9858131534691122,0.0,0.0,395
396,0.8635818654097879,0.012290699380233578,7.62939453125e-05,0.9142935438193895,0.9857839123331681,0.0,0.0,396
397,0.862046052322273,0.012283048770003297,7.534027099609375e-05,0.914293504152697,0.9857610532764134,0.0,0.0,397
398,0.8607510675730641,0.012275421912076269,7.43865966796875e-05,0.9142935605108232,0.98573965510749,0.0,0.0,398
399,0.8632958637195819,0.012267818674045555,7.343292236328125e-05,0.9142924680252855,0.9857198538564783,0.0,0.0,399
400,0.8430422994999217,0.012260238924567736,0.5671710968017578,0.8856009016847117,1.0379804078983046,0.0,0.0,400
401,0.8449983153275616,0.012252682533351756,0.00015282630920410156,0.8855991755703428,1.0379921095649365,0.0,0.0,401
402,0.8434532740177056,0.012245149371147925,9.846687316894531e-05,0.885596799387252,1.0380104197390392,0.0,0.0,402
403,0.8459878443316053,0.012237639309737071,8.630752563476562e-05,0.8855998924596271,1.0380243829833615,0.0,0.0,403
404,0.8477985189855389,0.012230152221919807,8.249282836914062e-05,0.885595009312037,1.0380426396209412,0.0,0.0,404
405,0.8468958455828102,0.012222687981505966,7.843971252441406e-05,0.885596796158812,1.0380589264245916,0.0,0.0,405
406,0.8486368842746537,0.01221524646330415,7.915496826171875e-05,0.8855928556491282,1.0380775409863785,0.0,0.0,406
407,0.8470547274471727,0.012207827543111402,8.988380432128906e-05,0.8855956739376404,1.0380911421851604,0.0,0.0,407
408,0.845452283771522,0.01220043109770305,7.915496826171875e-05,0.8855923639777065,1.0381109806461848,0.0,0.0,408
409,0.8439505239557206,0.012193057004822648,7.843971252441406e-05,0.885594411142788,1.0381319211512696,0.0,0.0,409
410,0.8430362883798237,0.012185705143172035,8.177757263183594e-05,0.8855957501274418,1.038155493918336,0.0,0.0,410
411,0.8410958133596568,0.012178375392401554,7.939338684082031e-05,0.8855905060988802,1.038172576728226,0.0,0.0,411
412,0.8420379339301399,0.012171067633100373,7.82012939453125e-05,0.8855909411127275,1.0381917827825904,0.0,0.0,412
413,0.8481157107263185,0.012163781746786928,7.843971252441406e-05,0.8855863570394729,1.0382157620491335,0.0,0.0,413
414,0.8491648641616649,0.012156517615899485,7.963180541992188e-05,0.8855886077539421,1.0382342915931455,0.0,0.0,414
415,0.8568482433697426,0.012149275123786836,7.748603820800781e-05,0.8855825914914968,1.03825391752825,0.0,0.0,415
416,0.8604336371218053,0.012142054154699083,7.987022399902344e-05,0.8855820289862553,1.0382726057316132,0.0,0.0,416
417,0.8591461428706384,0.012134854593778567,7.772445678710938e-05,0.885581973770829,1.0382930687366205,0.0,0.0,417
418,0.859680394535929,0.01212767632705088,7.987022399902344e-05,0.885576214935717,1.0383089311407507,0.0,0.0,418
419,0.8589358168717737,0.01212051924141603,7.939338684082031e-05,0.8855733663409231,1.038325169698265,0.0,0.0,419
420,0.8571739679752872,0.012113383224639656,7.891654968261719e-05,0.8855708648873546,1.0383399855000102,0.0,0.0,420
421,0.855245038441905,0.012106268165344412,8.106231689453125e-05,0.8855683725899004,1.0383547515745408,0.0,0.0,421
422,0.8537173988312882,0.012099173953001408,7.82012939453125e-05,0.8855613826898613,1.0383723722738498,0.0,0.0,422
423,0.8566219438278873,0.012092100477921799,7.963180541992188e-05,0.8855604318764182,1.0383890172225352,0.0,0.0,423
424,0.8620064711201294,0.012085047631248437,7.987022399902344e-05,0.8855559451130662,1.0384089195728612,0.0,0.0,424
425,0.8610983214436493,0.01207801530494765,7.939338684082031e-05,0.8855472787365518,1.0384310234026355,0.0,0.0,425
426,0.8600708964167776,0.01207100339180112,8.153915405273438e-05,0.8855440825052321,1.0384519432596107,0.0,0.0,426
427,0.8583850975172004,0.012064011785397849,7.843971252441406e-05,0.8855414394296298,1.0384770967660992,0.0,0.0,427
428,0.8604188168488105,0.012057040380126224,9.441375732421875e-05,0.8855328085222987,1.0385011658970176,0.0,0.0,428
429,0.8589955074456295,0.0120500890711662,7.939338684082031e-05,0.8855292260257506,1.0385238835334294,0.0,0.0,429
430,0.8669837497561053,0.012043157754481533,7.987022399902344e-05,0.885521638475634,1.0385478822981455,0.0,0.0,430
431,0.8660640410205815,0.012036246326812158,7.987022399902344e-05,0.8855101366560711,1.0385750465806665,0.0,0.0,431
432,0.8647259852058077,0.012029354685666615,7.939338684082031e-05,0.8855037099103262,1.0386034391414225,0.0,0.0,432
433,0.8632641957941661,0.012022482729314596,7.963180541992188e-05,0.8854984746683675,1.0386368939317645,0.0,0.0,433
434,0.8620706158104257,0.012015630356779567,8.153915405273438e-05,0.8854938105943521,1.0386695332649092,0.0,0.0,434
435,0.8616122984951186,0.012008797467831483,8.034706115722656e-05,0.8854847820358007,1.0387047155426736,0.0,0.0,435
436,0.8603758004923048,0.012001983962979582,9.441375732421875e-05,0.8854785576039678,1.0387310069840572,0.0,0.0,436
437,0.8585060936529585,0.011995189743465272,8.344650268554688e-05,0.885469030703281,1.0387597756445757,0.0,0.0,437
438,0.8570595477261894,0.011988414711255108,8.106231689453125e-05,0.8854630972918857,1.038785573624701,0.0,0.0,438
439,0.8592779855935901,0.01198165876903384,7.987022399902344e-05,0.8854517747756393,1.0388137039186867,0.0,0.0,439
440,0.8613614339774155,0.011974921820197538,8.106231689453125e-05,0.8854452807320576,1.0388399712186511,0.0,0.0,440
441,0.8603527221986412,0.011968203768846828,8.106231689453125e-05,0.8854345754324621,1.0388688968409971,0.0,0.0,441
442,0.8588549030217445,0.01196150451978018,8.130073547363281e-05,0.8854244104438048,1.0388998767414066,0.0,0.0,442
443,0.8581812363156985,0.011954823978487265,8.153915405273438e-05,0.8854148814975251,1.0389335781623468,0.0,0.0,443
444,0.858314037417085,0.011948162051142432,8.296966552734375e-05,0.8854071580440467,1.0389659808021678,0.0,0.0,444
445,0.862581366915937,0.011941518644598227,8.273124694824219e-05,0.8853989695687409,1.0389930076114968,0.0,0.0,445
446,0.8619992757930669,0.01193489366637899,9.274482727050781e-05,0.8853915229696385,1.0390241230831765,0.0,0.0,446
447,0.8673818477055949,0.011928287024674545,8.392333984375e-05,0.8853843195723533,1.0390499597422382,0.0,0.0,447
448,0.8676376377654385,0.011921698628333935,8.153915405273438e-05,0.8853787085447477,1.0390738191002233,0.0,0.0,448
449,0.8696655255332649,0.011915128386859266,8.249282836914062e-05,0.8853745197922993,1.0390969510027326,0.0,0.0,449
450,0.8698519732676532,0.011908576210399582,8.249282836914062e-05,0.8853674847484037,1.0391197795389082,0.0,0.0,450
451,0.8685988896489438,0.01190204200974485,8.296966552734375e-05,0.8853650209852109,1.0391459119039657,0.0,0.0,451
452,0.8672339843521338,0.011895525696319976,8.177757263183594e-05,0.8853588061126083,1.0391812576551926,0.0,0.0,452
453,0.865412360134602,0.011889027182178923,8.273124694824219e-05,0.8853513415059204,1.0392124938915577,0.0,0.0,453
454,0.8643618604444514,0.011882546379998873,8.225440979003906e-05,0.8853455405589739,1.0392494201570424,0.0,0.0,454
455,0.8628733754338079,0.011876083203074466,8.296966552734375e-05,0.8853392501087268,1.039282829592787,0.0,0.0,455
456,0.8610725316627518,0.011869637565312103,9.226799011230469e-05,0.8853396658050287,1.0393164586360464,0.0,0.0,456
457,0.8604560577870543,0.01186320938122432,8.416175842285156e-05,0.885333113793262,1.0393562160894445,0.0,0.0,457
458,0.8606441756772499,0.011856798565924209,8.392333984375e-05,0.8853294255605817,1.0393887956154466,0.0,0.0,458
459,0.8626141184359326,0.011850405035119915,8.320808410644531e-05,0.8853270707931468,1.0394235659919675,0.0,0.0,459
460,0.8613179254938916,0.011844028705109208,8.535385131835938e-05,0.885322326862198,1.0394616700214558,0.0,0.0,460
461,0.8597051585671819,0.011837669492774077,8.368492126464844e-05,0.8853191677853098,1.0394856351857422,0.0,0.0,461
462,0.8586047083987072,0.011831327315575423,8.487701416015625e-05,0.8853181887252578,1.0395108775054,0.0,0.0,462
463,0.8582458954158909,0.011825002091547798,8.559226989746094e-05,0.8853128615692356,1.0395391082659353,0.0,0.0,463
464,0.8577408378781421,0.011818693739294206,8.58306884765625e-05,0.8853092280605752,1.0395639389078102,0.0,0.0,464
465,0.8568572111766505,0.011812402177980942,8.511543273925781e-05,0.8853055934588088,1.0395913111703718,0.0,0.0,465
466,0.8572535462000739,0.011806127327332518,9.250640869140625e-05,0.8853007257851878,1.0396275532034998,0.0,0.0,466
467,0.8607109106703171,0.011799869107626634,8.511543273925781e-05,0.8852948516870525,1.0396592769837787,0.0,0.0,467
468,0.8599797387393608,0.011793627439689204,8.58306884765625e-05,0.885288158824617,1.0396867038819686,0.0,0.0,468
469,0.8582731601214486,0.01178740224488942,8.535385131835938e-05,0.8852859896654064,1.0397167375517695,0.0,0.0,469
470,0.8565374671789929,0.011781193445134916,8.654594421386719e-05,0.8852782578297246,1.0397505711947514,0.0,0.0,470
471,0.8594570301585743,0.01177500096286692,8.58306884765625e-05,0.8852777867504545,1.0397845697159198,0.0,0.0,471
472,0.8595931787460519,0.011768824721055542,8.487701416015625e-05,0.8852747929278715,1.0398173257491288,0.0,0.0,472
473,0.8578637491122124,0.011762664643195026,8.416175842285156e-05,0.885270324688995,1.0398511233523144,0.0,0.0,473
474,0.8594298019107683,0.011756520653299112,8.7738037109375e-05,0.8852712584776541,1.0398785174602636,0.0,0.0,474
475,0.8591887330879725,0.011750392675896436,8.416175842285156e-05,0.8852685569524138,1.0399135191748328,0.0,0.0,475
476,0.8583857945042793,0.011744280636025983,8.654594421386719e-05,0.8852695989603098,1.039943770409609,0.0,0.0,476
477,0.8573308064167413,0.01173818445923256,8.511543273925781e-05,0.885269809852811,1.0399812185497441,0.0,0.0,477
478,0.8556388230746473,0.011732104071562366,8.487701416015625e-05,0.8852658214897687,1.040016089340954,0.0,0.0,478
479,0.8546141322495966,0.011726039399558573,8.726119995117188e-05,0.8852633874419931,1.0400467049231332,0.0,0.0,479
480,0.8557833298237963,0.011719990370256974,8.7738037109375e-05,0.8852618084370663,1.0400833639969769,0.0,0.0,480
481,0.8584300961527763,0.011713956911181664,8.845329284667969e-05,0.8852590737408893,1.0401246222299874,0.0,0.0,481
482,0.8567376722507372,0.011707938950340778,9.083747863769531e-05,0.8852534714149715,1.040166881447573,0.0,0.0,482
483,0.857330411842887,0.011701936416222285,9.083747863769531e-05,0.8852495498140727,1.0402063969227948,0.0,0.0,483
484,0.8581749212995045,0.011695949237789795,9.036064147949219e-05,0.8852456417858354,1.0402403228412882,0.0,0.0,484
485,0.8581432750660168,0.011689977344478441,0.00010061264038085938,0.8852416373112478,1.0402748106109772,0.0,0.0,485
486,0.8602079592427223,0.011684020666190795,9.131431579589844e-05,0.8852398425868541,1.040311357963235,0.0,0.0,486
487,0.8585249395636877,0.011678079133292819,8.821487426757812e-05,0.8852369062310256,1.0403442081651457,0.0,0.0,487
488,0.8606144857566949,0.011672152676609876,8.916854858398438e-05,0.885234315406381,1.040376731447813,0.0,0.0,488
489,0.8662863038981018,0.011666241227422778,8.988380432128906e-05,0.8852314076570653,1.0404195120256496,0.0,0.0,489
490,0.8653587990575874,0.011660344717463852,8.940696716308594e-05,0.8852215387544417,1.04046022944433,0.0,0.0,490
491,0.8639142612682601,0.011654463078913095,9.059906005859375e-05,0.8852149313571388,1.0404986605422841,0.0,0.0,491
492,0.863159933774141,0.011648596244394328,9.059906005859375e-05,0.8852061789298492,1.0405367054019963,0.0,0.0,492
493,0.8659637612479875,0.011642744146971402,9.179115295410156e-05,0.8851967986253285,1.0405773342663496,0.0,0.0,493
494,0.8664464400851065,0.011636906720144455,9.918212890625e-05,0.8851876207564108,1.0406118998878398,0.0,0.0,494
495,0.8652384125852752,0.011631083897846206,8.940696716308594e-05,0.8851859249658142,1.0406537504813012,0.0,0.0,495
496,0.8691712617559061,0.011625275614438267,9.083747863769531e-05,0.8851768519325467,1.0406915517943651,0.0,0.0,496
497,0.8683357957281187,0.011619481804707522,9.036064147949219e-05,0.8851670799293455,1.04072772261827,0.0,0.0,497
498,0.8666703033954648,0.011613702403862529,8.988380432128906e-05,0.8851603475454815,1.0407705433174188,0.0,0.0,498
499,0.8704434968243641,0.01160793734752995,8.916854858398438e-05,0.8851505484267073,1.0408049705983593,0.0,0.0,499
500,0.8701547308484698,0.01160218657175105,9.083747863769531e-05,0.8851475795887089,1.0408479629720537,0.0,0.0,500
501,0.8733690327671149,0.0115964500129782,9.083747863769531e-05,0.885137989490922,1.0408866882625345,0.0,0.0,501
502,0.8718445555021358,0.011590727608071423,9.34600830078125e-05,0.8851331450038858,1.040930246206754,0.0,0.0,502
503,0.8723601063767785,0.011585019294294991,0.00010156631469726562,0.8851249904169086,1.0409713744868534,0.0,0.0,503
504,0.8769724069676544,0.011579325009314046,9.179115295410156e-05,0.8851176711389148,1.0410104863362586,0.0,0.0,504
505,0.8753133181883767,0.011573644691191251,9.036064147949219e-05,0.885108309743538,1.0410486348030745,0.0,0.0,505
506,0.8767964470925889,0.011567978278383486,9.202957153320312e-05,0.8851001473194188,1.041085904410061,0.0,0.0,506
507,0.8753409519180633,0.011562325709738575,9.179115295410156e-05,0.8850921149567629,1.041124247339325,0.0,0.0,507
508,0.874770466651319,0.011556686924492037,9.179115295410156e-05,0.885085218437537,1.041164467857384,0.0,0.0,508
509,0.8731279292581571,0.011551061862263892,9.226799011230469e-05,0.8850784152926159,1.0412045718615268,0.0,0.0,509
510,0.87149176557757,0.011545450463055463,9.226799011230469e-05,0.8850716325394967,1.0412445599165971,0.0,0.0,510
511,0.8702793561696529,0.011539852667246258,9.322166442871094e-05,0.8850644634328976,1.041286176037314,0.0,0.0,511
512,0.8698458042731804,0.011534268415590848,0.00010228157043457031,0.8850587294665664,1.041325907470448,0.0,0.0,512
513,0.8685847296228142,0.011528697649215778,9.322166442871094e-05,0.8850521567208566,1.0413697379708962,0.0,0.0,513
514,0.8710335177042265,0.011523140309616537,9.250640869140625e-05,0.8850470974640853,1.0414103618310337,0.0,0.0,514
515,0.8736728864891165,0.01151759633865453,9.179115295410156e-05,0.8850406907889103,1.0414516776519773,0.0,0.0,515
516,0.8751002923873488,0.011512065678554083,9.274482727050781e-05,0.8850327546690672,1.0414980108820062,0.0,0.0,516
517,0.8755488877525748,0.01150654827189951,9.250640869140625e-05,0.8850255670390149,1.0415437412086193,0.0,0.0,517
518,0.8759387419219243,0.01150104406163216,9.298324584960938e-05,0.8850186978879822,1.0415910222326645,0.0,0.0,518
519,0.8746512190715251,0.011495552991047537,9.250640869140625e-05,0.8850131323245921,1.0416376450283789,0.0,0.0,519
520,0.8732960511396888,0.01149007500379242,9.322166442871094e-05,0.885007162494704,1.0416882775300704,0.0,0.0,520
521,0.8729164820646147,0.011484610043862028,0.00011563301086425781,0.8849997553978369,1.041729133911499,0.0,0.0,521
522,0.8713166961721915,0.011479158055597205,9.5367431640625e-05,0.8849923699658855,1.0417698747991908,0.0,0.0,522
523,0.8710446836962782,0.011473718983681642,9.393692016601562e-05,0.8849863633325101,1.0418088377011268,0.0,0.0,523
524,0.873954110960244,0.011468292773139113,9.441375732421875e-05,0.8849781133246662,1.0418471387120283,0.0,0.0,524
525,0.877428682879445,0.011462879369330747,9.369850158691406e-05,0.8849690311863457,1.041883278534462,0.0,0.0,525
526,0.8807150855784753,0.011457478717952337,9.465217590332031e-05,0.8849612434663378,1.0419164300711445,0.0,0.0,526
527,0.8822671897800648,0.011452090765031647,9.489059448242188e-05,0.8849523982446419,1.0419532910127645,0.0,0.0,527
528,0.8811051580164438,0.011446715456925778,9.465217590332031e-05,0.8849439464200602,1.041991612600134,0.0,0.0,528
529,0.8813864738334114,0.011441352740318534,9.393692016601562e-05,0.8849343392007296,1.0420290724007808,0.0,0.0,529
530,0.8797920750200289,0.011436002562217834,0.00010371208190917969,0.8849247595549917,1.0420664279779894,0.0,0.0,530
531,0.8782497779930017,0.011430664869953136,9.512901306152344e-05,0.8849154527329226,1.0421053129971742,0.0,0.0,531
532,0.8773799437470571,0.011425339611172886,9.441375732421875e-05,0.8849065581721826,1.0421457523332172,0.0,0.0,532
533,0.8808517104072697,0.011420026733842008,9.393692016601562e-05,0.8848977667551102,1.0421868111833335,0.0,0.0,533
534,0.8809283790104993,0.011414726186239392,9.5367431640625e-05,0.8848892797882761,1.0422289122841397,0.0,0.0,534
535,0.8811024748107016,0.011409437916955437,9.489059448242188e-05,0.8848805586753394,1.0422728204788871,0.0,0.0,535
536,0.880210500589498,0.011404161874889589,9.608268737792969e-05,0.8848722216549519,1.0423181422480596,0.0,0.0,536
537,0.8832320196414871,0.011398898009247921,9.560585021972656e-05,0.884862315616944,1.042362677117387,0.0,0.0,537
538,0.8822190215196551,0.011393646269540737,9.632110595703125e-05,0.884852785937516,1.042408484959604,0.0,0.0,538
539,0.8905485377051089,0.011388406605580182,9.870529174804688e-05,0.8848412718624296,1.0424527141558804,1.0,0.0,539
540,0.8890399882242974,0.011383178967477894,9.894371032714844e-05,0.8848300755381703,1.0424982504233227,1.0,0.0,540
541,0.8879896266019007,0.011377963305642674,9.584426879882812e-05,0.8848193833052386,1.0425445579051935,1.0,0.0,541
542,0.8886667279834497,0.011372759570778166,9.584426879882812e-05,0.8848083485629832,1.0425872564414178,1.0,0.0,542
543,0.8878289643091709,0.011367567713880576,9.679794311523438e-05,0.88479769222725,1.0426274092830763,1.0,0.0,543
544,0.8862578769945673,0.011362387686236408,9.679794311523438e-05,0.8847863505701477,1.0426678213480032,1.0,0.0,544
545,0.8926993196981708,0.01135721943942021,9.5367431640625e-05,0.8847738241049866,1.0427095079145385,1.0,0.0,545
546,0.8924045255731172,0.011352062925292356,9.679794311523438e-05,0.8847621579463106,1.0427510686929429,1.0,0.0,546
547,0.8908356017779816,0.011346918095996849,0.00010561943054199219,0.8847505241648974,1.042792517069347,1.0,0.0,547
548,0.8916029065982272,0.011341784903959123,9.799003601074219e-05,0.8847383672099326,1.0428353531220618,1.0,0.0,548
549,0.89019331110506,0.01133666330188391,9.870529174804688e-05,0.8847266106735779,1.0428791691447663,1.0,0.0,549
550,0.8938802553286663,0.011331553242753072,9.822845458984375e-05,0.8847150647575068,1.0429229071795703,1.0,0.0,550
551,0.8930520931350167,0.011326454679823498,9.894371032714844e-05,0.8847031341554746,1.0429673742710812,1.0,0.0,551
552,0.8914934106118686,0.011321367566624994,9.72747802734375e-05,0.8846912363570746,1.043011722018364,1.0,0.0,552
553,0.8902136060535717,0.011316291856958212,9.72747802734375e-05,0.8846796935136109,1.043057293475913,1.0,0.0,553
554,0.8899172368235587,0.01131122750489259,9.799003601074219e-05,0.8846694451859779,1.0431013539660754,1.0,0.0,554
555,0.8906249146766743,0.011306174464764292,9.703636169433594e-05,0.8846572217613471,1.0431451824846507,1.0,0.0,555
556,0.8912157915075606,0.011301132691174217,0.0001087188720703125,0.8846464411935321,1.0431910940795452,1.0,0.0,556
557,0.889673945140481,0.011296102138985966,9.703636169433594e-05,0.8846356900239415,1.0432368834695225,1.0,0.0,557
558,0.8881375961830522,0.011291082763323879,9.703636169433594e-05,0.8846249681196084,1.0432825511985064,1.0,0.0,558
559,0.8940018334350305,0.011286074519571053,9.846687316894531e-05,0.8846128169766183,1.0433275410924159,1.0,0.0,559
560,0.8932240524603954,0.011281077363367408,9.751319885253906e-05,0.8845997772049025,1.0433712319915078,1.0,0.0,560
561,0.892944015048954,0.011276091250607747,9.870529174804688e-05,0.8845880140735284,1.0434132288642561,1.0,0.0,561
562,0.892846495991422,0.011271116137439847,9.799003601074219e-05,0.8845774393669013,1.0434535950205024,1.0,0.0,562
563,0.8940650498758114,0.01126615198026257,0.00010848045349121094,0.8845656532602376,1.0434946253121895,1.0,0.0,563
564,0.8931278103454054,0.01126119873572398,0.00011229515075683594,0.884554492039586,1.0435364380159469,1.0,0.0,564
565,0.8957925116969819,0.011256256360719486,0.00010085105895996094,0.8845420586220072,1.0435754800158552,1.0,0.0,565
566,0.8950091065567108,0.01125132481239,9.989738464355469e-05,0.8845294755772045,1.0436180240977293,1.0,0.0,566
567,0.8956644502843003,0.011246404048120114,0.00010013580322265625,0.884514913673667,1.0436561387569698,1.0,0.0,567
568,0.8960080275162592,0.011241494025536281,0.00010037422180175781,0.8845014222290447,1.0436948727183082,1.0,0.0,568
569,0.8946984026746623,0.011236594702505045,0.00010013580322265625,0.8844877497016079,1.0437350256308742,1.0,0.0,569
570,0.8950018059869254,0.011231706037131235,9.942054748535156e-05,0.8844733296836031,1.0437743332823708,1.0,0.0,570
571,0.8985479788367239,0.011226827987756234,0.00010061264038085938,0.8844589513917256,1.0438100068905793,1.0,0.0,571
572,0.8974322913948767,0.011221960512956214,0.00010776519775390625,0.8844436085463119,1.0438439017085326,1.0,0.0,572
573,0.8977242692431441,0.01121710357154043,0.00010180473327636719,0.8844294659472487,1.0438759202042522,1.0,0.0,573
574,0.8967176392546242,0.011212257122549482,0.00010156631469726562,0.8844155437151716,1.0439090778324553,1.0,0.0,574
575,0.8970044480577071,0.011207421125253646,0.00010085105895996094,0.8844012476263268,1.0439406949247052,1.0,0.0,575
576,0.8955059450407014,0.011202595539151167,0.00010180473327636719,0.8843885102959326,1.043974877376313,1.0,0.0,576
577,0.894013047331935,0.011197780323966613,0.00010251998901367188,0.8843742892383948,1.0440063329400693,1.0,0.0,577
578,0.8930397746103451,0.011192975439649215,0.0001010894775390625,0.8843617499032982,1.0440421958059474,1.0,0.0,578
579,0.8925621450751853,0.011188180846371236,0.00010156631469726562,0.8843467101648834,1.0440766933627637,1.0,0.0,579
580,0.8910810670409891,0.011183396504526336,0.00010037422180175781,0.8843332152426158,1.0441137221944061,1.0,0.0,580
581,0.8896058380764921,0.011178622374727987,0.00010848045349121094,0.8843202962156034,1.0441464675036165,1.0,0.0,581
582,0.8881350770247392,0.011173858417807863,0.00010156631469726562,0.8843089086711086,1.0441817355081364,1.0,0.0,582
583,0.8866699063376995,0.011169104594814272,0.00010013580322265625,0.8842960567896561,1.0442143151105105,1.0,0.0,583
584,0.8866765885289115,0.011164360867010583,0.0001010894775390625,0.8842845421138577,1.0442502551464163,1.0,0.0,584
585,0.8855173682875856,0.011159627195873684,0.0001010894775390625,0.884273467550249,1.0442872322278185,1.0,0.0,585
586,0.8840632773290976,0.011154903543092438,0.00010013580322265625,0.8842624216805146,1.0443241159949017,0.0,0.0,586
587,0.8838775845084513,0.011150189870566169,0.00010204315185546875,0.8842510700712873,1.0443571494675674,0.0,0.0,587
588,0.8834240089365344,0.01114548614040315,0.00010085105895996094,0.8842408411124302,1.0443904359617113,0.0,0.0,588
589,0.8826128359158674,0.0111407923149191,0.00011420249938964844,0.8842309066399087,1.0444250535650452,0.0,0.0,589
590,0.8814120453774432,0.011136108356635708,0.00010585784912109375,0.8842213050973504,1.0444610550654072,0.0,0.0,590
591,0.8811511718532046,0.01113143422827916,0.00010180473327636719,0.8842113365366641,1.0444928646555054,0.0,0.0,591
592,0.8797184848486825,0.01112676989277869,0.00010395050048828125,0.884202853817108,1.0445271353844228,0.0,0.0,592
593,0.8787358509056634,0.011122115313265122,0.00010466575622558594,0.884194376409303,1.0445627427693591,0.0,0.0,593
594,0.8845463721973964,0.011117470453069454,0.00010228157043457031,0.8841846917610872,1.044599469735405,1.0,0.0,594
595,0.8868704026568809,0.01111283527572143,0.00010251998901367188,0.8841734718776308,1.0446339858395643,1.0,0.0,595
596,0.8854349370067803,0.011108209744948132,0.00010251998901367188,0.8841637262292548,1.044670931323101,1.0,0.0,596
597,0.8859161688455398,0.011103593824672594,0.00011467933654785156,0.8841534341847066,1.0447042919254725,1.0,0.0,597
598,0.8866878904665454,0.011098987479012418,0.00010228157043457031,0.8841441036560447,1.0447373258457988,1.0,0.0,598
599,0.8857010966316136,0.011094390672278395,0.000102996826171875,0.8841352304658215,1.0447712025912768,1.0,0.0,599
600,0.8633154444851306,0.011089803368973158,0.9903028011322021,0.8607923056972462,1.1456784383181116,1.0,0.0,600
601,0.8647465060284586,0.011085225533789834,0.0002086162567138672,0.860793163863803,1.145694870616541,1.0,0.0,601
602,0.8646684422528604,0.0110806571316107,0.00014019012451171875,0.8607875459763199,1.1457104591069116,1.0,0.0,602
603,0.8637455925490432,0.011076098127505877,0.00011444091796875,0.8607851713976382,1.1457245223882089,1.0,0.0,603
604,0.8665653618517218,0.011071548486731997,0.0001087188720703125,0.8607822452508729,1.1457354090204575,1.0,0.0,604
605,0.8709626452301145,0.01106700817473092,0.00010538101196289062,0.8607817401178417,1.1457496799873783,1.0,0.0,605
606,0.8714577540617865,0.011062477157128445,0.00010323524475097656,0.8607788969216534,1.1457584906002862,1.0,0.0,606
607,0.8766633725165218,0.011057955399733015,0.00010418891906738281,0.8607771275335722,1.1457678735380603,1.0,0.0,607
608,0.8767954235424197,0.011053442868534467,0.00010371208190917969,0.8607739210825838,1.145775068803908,1.0,0.0,608
609,0.875416288633166,0.011048939529702763,0.00010371208190917969,0.8607718141155352,1.1457855268896415,1.0,0.0,609
610,0.8760200725776488,0.011044445349586762,0.00011324882507324219,0.8607668269787209,1.1457875692670758,1.0,0.0,610
611,0.8761823036806218,0.011039960294712964,0.00010538101196289062,0.8607639790201361,1.1457928261487509,1.0,0.0,611
612,0.8799085520599543,0.0110354843317843,0.00010251998901367188,0.860761192922497,1.1457960298620387,1.0,0.0,612
613,0.8801568756461471,0.01103101742767891,0.00010561943054199219,0.8607576769058889,1.1458000912556239,1.0,0.0,613
614,0.8787834960119023,0.011026559549448948,0.00010275840759277344,0.8607560756482993,1.1458029418076998,1.0,0.0,614
615,0.87846206513074,0.011022110664319377,0.00010251998901367188,0.8607542382523627,1.1458060332818334,1.0,0.0,615
616,0.8793342721591845,0.011017670739686798,0.00010251998901367188,0.8607507621285965,1.145809792190751,1.0,0.0,616
617,0.8784028857595167,0.011013239743118262,0.00010561943054199219,0.8607497300775456,1.1458144547939608,1.0,0.0,617
618,0.881553082471868,0.011008817642350125,0.00011849403381347656,0.8607483586694287,1.1458191880436874,1.0,0.0,618
619,0.8804717918772533,0.011004404405286872,0.00010704994201660156,0.8607486364350956,1.1458229168355922,1.0,0.0,619
620,0.8804407265866482,0.011000000000000001,0.00010347366333007812,0.8607451646872214,1.1458250747878136,1.0,0.0,620
621,0.8794399812359596,0.010995604394726854,0.00010395050048828125,0.8607438428755954,1.145827446859325,1.0,0.0,621
622,0.8791787697392871,0.010991217557869528,0.00010442733764648438,0.8607400875901332,1.1458296698951258,1.0,0.0,622
623,0.8794937554557817,0.010986839457993725,0.000102996826171875,0.8607383769950103,1.1458307135945904,1.0,0.0,623
624,0.8787906335728697,0.010982470063827677,0.00010704994201660156,0.8607359142514261,1.145835642744722,1.0,0.0,624
625,0.8775304595908032,0.010978109344261031,0.00010371208190917969,0.8607345320643881,1.1458379281701119,1.0,0.0,625
626,0.8761873773686399,0.01097375726834376,0.00011277198791503906,0.8607342008317085,1.1458433569019426,1.0,0.0,626
627,0.8758273365184452,0.010969413805285091,0.00010728836059570312,0.8607307695830159,1.1458460422169257,1.0,0.0,627
628,0.8744910293933895,0.010965078924452441,0.00010395050048828125,0.860730043881492,1.1458506558684616,1.0,0.0,628
629,0.8783190392294159,0.010960752595370337,0.00010848045349121094,0.8607274477976924,1.1458488053162637,1.0,0.0,629
630,0.8771518130003261,0.01095643478771938,0.00010585784912109375,0.860723527502138,1.1458493487803838,1.0,0.0,630
631,0.8769732197149531,0.010952125471335202,0.00010848045349121094,0.8607225133939835,1.1458525624175406,1.0,0.0,631
632,0.8796606769479111,0.010947824616207413,0.0001049041748046875,0.8607217070841923,1.145851271011677,1.0,0.0,632
633,0.8808447644152085,0.0109435321924786,0.00010800361633300781,0.8607207032844237,1.1458553283725839,1.0,0.0,633
634,0.883359528433794,0.01093924817044329,0.00011420249938964844,0.8607211403493258,1.1458564843495291,1.0,0.0,634
635,0.8820897918220645,0.010934972520546947,0.00010967254638671875,0.8607199499974046,1.1458590259300723,1.0,0.0,635
636,0.8822572211712492,0.01093070521338497,0.00010657310485839844,0.8607206869011383,1.1458642845191958,1.0,0.0,636
637,0.8828668648631433,0.0109264462197017,0.00010538101196289062,0.8607210375691041,1.1458659406739613,1.0,0.0,637
638,0.8819319508820408,0.01092219551038944,0.0001087188720703125,0.8607196321401227,1.1458685846075334,1.0,0.0,638
639,0.8848164405571021,0.010917953056487465,0.0001087188720703125,0.860718512360678,1.1458703882245276,1.0,0.0,639
640,0.8837809422326268,0.010913718829181069,0.0002608299255371094,0.8607175523390961,1.1458727512461067,1.0,0.0,640
641,0.8845694792516934,0.010909492799800587,0.00010561943054199219,0.8607183020611244,1.1458767269692058,1.0,0.0,641
642,0.8874534630391787,0.010905274939820462,0.00010514259338378906,0.8607189750784238,1.145878323264994,1.0,0.0,642
643,0.8871149186406369,0.010901065220858276,0.00010752677917480469,0.8607200416284576,1.1458786071796043,1.0,0.0,643
644,0.8880887217880912,0.010896863614673834,0.00010848045349121094,0.8607223337335497,1.1458801763066224,1.0,0.0,644
645,0.8876239110585719,0.010892670093168218,0.00010561943054199219,0.8607240851446595,1.1458818233943888,1.0,0.0,645
646,0.8875787514195335,0.010888484628382872,0.00010704994201660156,0.8607254118114054,1.1458826576142487,1.0,0.0,646
647,0.8872954644946992,0.010884307192498681,0.00010514259338378906,0.8607270759642109,1.1458839456202217,1.0,0.0,647
648,0.8861256502125386,0.010880137757835072,0.00011777877807617188,0.8607286636652741,1.1458857979409482,1.0,0.0,648
649,0.8886495180800628,0.0108759762968491,0.00010919570922851562,0.860731393564372,1.1458869232179263,1.0,0.0,649
650,0.8873365892095391,0.010871822782134569,0.00010919570922851562,0.8607341167916428,1.1458880482672171,1.0,0.0,650
651,0.8866012719470993,0.010867677186421131,0.00011205673217773438,0.8607366553066066,1.1458903206142879,1.0,0.0,651
652,0.8858825247215858,0.010863539482573424,0.00011134147644042969,0.8607390747840995,1.1458924133568282,1.0,0.0,652
653,0.8874964828545987,0.01085940964359018,0.00011038780212402344,0.8607406745116626,1.1458916113200643,1.0,0.0,653
654,0.8882008644392857,0.010855287642603373,0.00011157989501953125,0.86074227695553,1.1458910615434166,1.0,0.0,654
655,0.8906523398288086,0.01085117345287736,0.00011038780212402344,0.8607435687474694,1.1458883040459742,1.0,0.0,655
656,0.8902586053964383,0.01084706704780802,0.00011754035949707031,0.8607458233644862,1.1458863467555582,1.0,0.0,656
657,0.8889702096168168,0.010842968400921926,0.00010919570922851562,0.860747217632676,1.145884900945915,1.0,0.0,657
658,0.8876729747512921,0.010838877485875482,0.00011229515075683594,0.8607486083804378,1.145883460735934,1.0,0.0,658
659,0.8866088000841358,0.010834794276454117,0.00011038780212402344,0.8607501062623782,1.1458827593055547,1.0,0.0,659
660,0.8923620668539162,0.010830718746571441,0.00010800361633300781,0.860752837020499,1.1458846466731025,1.0,0.0,660
661,0.891065174310393,0.010826650870268443,0.00010943412780761719,0.8607552876902687,1.145885633342925,1.0,0.0,661
662,0.8948220823741586,0.010822590621712664,0.00010943412780761719,0.8607594441540966,1.145887364665297,1.0,0.0,662
663,0.8947717753067657,0.010818537975197396,0.00010895729064941406,0.8607630257593714,1.145887792434523,1.0,0.0,663
664,0.893627233612766,0.01081449290514089,0.00011777877807617188,0.8607670627752468,1.145889879216567,1.0,0.0,664
665,0.8933009479861168,0.010810455386085556,0.00011110305786132812,0.8607716201068998,1.1458926809694345,1.0,0.0,665
666,0.8946519911312963,0.010806425392697168,0.00011014938354492188,0.8607763923483942,1.1458937007779704,1.0,0.0,666
667,0.893363358224168,0.010802402899764108,0.00011277198791503906,0.8607806409980416,1.1458962274636655,1.0,0.0,667
668,0.8943078520644723,0.010798387882196562,0.00010943412780761719,0.8607858320356547,1.1458988777953985,1.0,0.0,668
669,0.8936621858066014,0.010794380315025777,0.00011181831359863281,0.8607901801335109,1.1459021378031367,1.0,0.0,669
670,0.8948116502249505,0.010790380173403277,0.00011491775512695312,0.8607952781932888,1.1459037607931766,1.0,0.0,670
671,0.894056719781365,0.010786387432600122,0.00011801719665527344,0.8608002921415222,1.1459059574915067,1.0,0.0,671
672,0.8953502485350744,0.01078240206800615,0.00011110305786132812,0.860805665449787,1.1459075245643144,1.0,0.0,672
673,0.8943114597770185,0.010778424055129233,0.00011539459228515625,0.8608108321508098,1.1459082777802199,1.0,0.0,673
674,0.896853347296056,0.010774453369594539,0.00011301040649414062,0.8608171030350033,1.1459077363401067,1.0,0.0,674
675,0.8962858808529922,0.010770489987143797,0.00011420249938964844,0.8608235380569499,1.1459076573726645,1.0,0.0,675
676,0.8951351813500481,0.01076653388363457,0.00011229515075683594,0.86082997283691,1.1459079190457544,1.0,0.0,676
677,0.8944626364516362,0.010762585035039532,0.00011420249938964844,0.8608355745432342,1.145908365345461,1.0,0.0,677
678,0.8940393801712221,0.010758643417445755,0.00011110305786132812,0.8608413070897869,1.145909583765808,1.0,0.0,678
679,0.8966659171783509,0.010754709007053992,0.0001227855682373047,0.8608481222845143,1.145909350123104,1.0,0.0,679
680,0.8970042054503156,0.010750781780177972,0.00011658668518066406,0.8608557224493799,1.1459086922244817,1.0,0.0,680
681,0.8974913305369117,0.010746861713243702,0.00011348724365234375,0.8608638435893997,1.1459078540089669,1.0,0.0,681
682,0.8972614877091468,0.010742948782788784,0.00011229515075683594,0.8608730526412214,1.1459074733655665,1.0,0.0,682
683,0.8964588591058585,0.010739042965461694,0.00012087821960449219,0.8608823497471358,1.1459075478196976,1.0,0.0,683
684,0.8954761068700275,0.010735144238021127,0.00011444091796875,0.8608902640513179,1.1459090386713309,1.0,0.0,684
685,0.8944234241427598,0.01073125257733531,0.00011610984802246094,0.8608982906796507,1.1459111474378338,1.0,0.0,685
686,0.8966821677378959,0.010727367960381321,0.00012636184692382812,0.8609071853016803,1.145911923222518,1.0,0.0,686
687,0.8956816006519526,0.010723490364244423,0.00011801719665527344,0.8609161408685386,1.1459130786189118,1.0,0.0,687
688,0.8966699842016648,0.010719619766117402,0.00011467933654785156,0.860925575769585,1.1459151872628974,1.0,0.0,688
689,0.8954172201726405,0.010715756143299917,0.00011491775512695312,0.8609349897131957,1.1459172933948292,1.0,0.0,689
690,0.8956701175693552,0.010711899473197825,0.00011968612670898438,0.8609433083055308,1.1459191658579955,1.0,0.0,690
691,0.8944228116706481,0.01070804973332255,0.00011467933654785156,0.8609516084394488,1.1459210363243388,1.0,0.0,691
692,0.8944714062947172,0.010704206901290432,0.00011730194091796875,0.8609602727387579,1.1459234825276636,1.0,0.0,692
693,0.8956681198606371,0.010700370954822094,0.00011682510375976562,0.860968673724128,1.1459263680913652,1.0,0.0,693
694,0.8949887369687743,0.01069654187174179,0.00011849403381347656,0.8609754024403421,1.1459261970178312,1.0,0.0,694
695,0.8937494810325431,0.010692719629976801,0.00011897087097167969,0.8609821162568929,1.1459260283846853,1.0,0.0,695
696,0.89266889995675,0.010688904207556794,0.00011515617370605469,0.8609890523660545,1.1459269076674259,1.0,0.0,696
697,0.8949080131104434,0.010685095582613196,0.00011587142944335938,0.8609962563496371,1.145927367182924,1.0,0.0,697
698,0.8936740286444746,0.010681293733378604,0.000118255615234375,0.8610034444724941,1.1459278277478961,1.0,0.0,698
699,0.8928099713575935,0.01067749863818614,0.00011897087097167969,0.8610105534561499,1.1459284199950872,1.0,0.0,699
700,0.8916360926044276,0.010673710275468873,0.00011682510375976562,0.8610180956989495,1.1459312201753935,1.0,0.0,700
701,0.8924746457229462,0.010669928623759203,0.00012826919555664062,0.8610255017634912,1.1459336165040919,1.0,0.0,701
702,0.8922547342207443,0.010666153661688264,0.00011682510375976562,0.8610318890939012,1.1459361761220788,1.0,0.0,702
703,0.8936508242735666,0.010662385367985338,0.00011682510375976562,0.8610386409531701,1.1459373942121305,1.0,0.0,703
704,0.8928910974406026,0.010658623721477264,0.00011897087097167969,0.8610455959004016,1.1459392329455818,1.0,0.0,704
705,0.891691790774614,0.010654868701087837,0.00011587142944335938,0.8610519159806909,1.1459425699125936,1.0,0.0,705
706,0.89178523712594,0.010651120285837265,0.00011658668518066406,0.8610578791910483,1.1459453801943331,1.0,0.0,706
707,0.8927032558472844,0.01064737845484155,0.00011944770812988281,0.8610634119483653,1.1459473267264126,1.0,0.0,707
708,0.8934627749951746,0.010643643187311954,0.00012350082397460938,0.8610677461268824,1.1459482629658426,1.0,0.0,708
709,0.8923486731436177,0.010639914462554405,0.00012135505676269531,0.861072216163192,1.1459498280333544,1.0,0.0,709
710,0.8923608046272368,0.010636192259968947,0.00011920928955078125,0.8610775426630998,1.1459514801851243,1.0,0.0,710
711,0.8926656975228582,0.010632476559049182,0.00011587142944335938,0.8610827421353763,1.1459537264048238,1.0,0.0,711
712,0.8917031579615623,0.010628767339381706,0.00011849403381347656,0.8610879986325563,1.14595617337444,1.0,0.0,712
713,0.8918722104856077,0.010625064580645568,0.00011801719665527344,0.8610919241992039,1.1459576063647139,1.0,0.0,713
714,0.891804101101887,0.01062136826261172,0.00011968612670898438,0.8610952458624836,1.1459580329064838,1.0,0.0,714
715,0.8934284269699019,0.010617678365142467,0.00012636184692382812,0.8610982532549403,1.1459566713855533,1.0,0.0,715
716,0.8935636881604858,0.010613994868190943,0.00012111663818359375,0.8611003931663302,1.1459553225573798,1.0,0.0,716
717,0.8943317954781536,0.010610317751800555,0.00011658668518066406,0.8611000683376321,1.1459491234967742,1.0,0.0,717
718,0.8931314535700798,0.010606646996104484,0.00012063980102539062,0.8610997439131816,1.1459429394462974,1.0,0.0,718
719,0.8936841902169085,0.010602982581325122,0.00012302398681640625,0.8610992350159233,1.145936437831688,1.0,0.0,719
720,0.894321089348031,0.010599324487773567,0.00011897087097167969,0.8610994618135335,1.1459295336694229,1.0,0.0,720
721,0.8931253808797787,0.01059567269584911,0.00011777877807617188,0.8610996878613844,1.1459226459140481,1.0,0.0,721
722,0.8950796596940392,0.010592027186038704,0.0001327991485595703,0.8610996614527247,1.1459144915101278,1.0,0.0,722
723,0.8941135600719529,0.010588387938916461,0.00012159347534179688,0.8610992653028012,1.1459077248575398,1.0,0.0,723
724,0.8934730143325936,0.01058475493514314,0.00012493133544921875,0.8610989983780883,1.1459014268343344,1.0,0.0,724
725,0.892533232162541,0.010581128155465644,0.00012230873107910156,0.8610989776356933,1.1458962193506266,1.0,0.0,725
726,0.8919117216477906,0.010577507580716522,0.00012731552124023438,0.8610982506763043,1.1458916005398023,1.0,0.0,726
727,0.8910299223401517,0.010573893191813465,0.00012040138244628906,0.8610976219338643,1.1458876026001221,1.0,0.0,727
728,0.8920458877091224,0.010570284969758812,0.0001239776611328125,0.8610968287036003,1.1458828802033374,1.0,0.0,728
729,0.8926660343544981,0.01056668289563907,0.00012755393981933594,0.8610953885236989,1.1458788372567335,1.0,0.0,729
730,0.895000010704079,0.010563086950624414,0.00012540817260742188,0.8610949184735176,1.1458735178842996,1.0,0.0,730
731,0.8953900236742187,0.010559497115968212,0.0001251697540283203,0.8610938888250003,1.1458688628491291,1.0,0.0,731
732,0.8945785301504822,0.010555913373006539,0.00012922286987304688,0.8610935153640821,1.1458634560936014,1.0,0.0,732
733,0.8940175081631425,0.01055233570315771,0.00012111663818359375,0.8610932756644374,1.1458583447711213,1.0,0.0,733
734,0.8932354169395146,0.010548764087921797,0.00012493133544921875,0.8610930515868653,1.1458535435441362,1.0,0.0,734
735,0.8920627933645741,0.010545198508880164,0.0001220703125,0.8610929956038882,1.1458502589251907,1.0,0.0,735
736,0.8913019462905495,0.010541638947694996,0.0001361370086669922,0.8610925022855247,1.1458458804027545,1.0,0.0,736
737,0.8908283835094063,0.010538085386108844,0.00012421607971191406,0.8610921448499699,1.1458419344871935,1.0,0.0,737
738,0.8911064109046666,0.010534537805944159,0.00012493133544921875,0.8610923951263263,1.1458394510831673,1.0,0.0,738
739,0.890188289489426,0.010530996189102835,0.00012350082397460938,0.8610927313945511,1.1458375610338907,1.0,0.0,739
740,0.8913238223888816,0.010527460517565758,0.0001316070556640625,0.8610936855049144,1.1458352856935448,1.0,0.0,740
741,0.8903964852586584,0.010523930773392356,0.0001232624053955078,0.8610948247739617,1.1458335857129678,1.0,0.0,741
742,0.889677040917718,0.010520406938720151,0.0001266002655029297,0.8610960970594871,1.1458323873436482,1.0,0.0,742
743,0.8886118784328659,0.010516888995764315,0.00014019012451171875,0.8610973468119479,1.1458317448052835,1.0,0.0,743
744,0.8874596999608426,0.010513376926817225,0.00012826919555664062,0.8610985937551309,1.1458311055121913,1.0,0.0,744
745,0.8901006276129999,0.010509870714248035,0.0001246929168701172,0.8611008672095923,1.1458292209037326,1.0,0.0,745
746,0.8901101001110034,0.010506370340502235,0.00012445449829101562,0.8611020923245215,1.145827364875685,1.0,0.0,746
747,0.8903460360669849,0.010502875788101218,0.00012731552124023438,0.8611021481398049,1.1458248467477545,1.0,0.0,747
748,0.8924070210440371,0.010499387039641853,0.00012350082397460938,0.8611024266688873,1.1458230110015588,1.0,0.0,748
749,0.8921201122785831,0.010495904077796062,0.0001266002655029297,0.8611014292750238,1.145819752163103,1.0,0.0,749
750,0.8914508351919181,0.010492426885310395,0.00013637542724609375,0.861100601786323,1.1458169810452135,1.0,0.0,750
751,0.8908544317060272,0.01048895544500561,0.0001266002655029297,0.8610997462216674,1.1458143644003302,1.0,0.0,751
752,0.8897109743491002,0.010485489739776255,0.0001270771026611328,0.8610989420958064,1.1458123089715644,1.0,0.0,752
753,0.8887425192674796,0.010482029752590258,0.000125885009765625,0.861098217052102,1.1458108090513108,1.0,0.0,753
754,0.8885573890397631,0.010478575466488511,0.0001277923583984375,0.8610966147614333,1.1458094827370413,1.0,0.0,754
755,0.8880131663961894,0.01047512686458447,0.00013184547424316406,0.8610952909749778,1.145809015122626,1.0,0.0,755
756,0.8868789534694018,0.010471683930063735,0.0001380443572998047,0.8610939695623441,1.1458085503609619,1.0,0.0,756
757,0.8857477144597371,0.010468246646183664,0.00012826919555664062,0.861092650516253,1.1458080884382087,1.0,0.0,757
758,0.8883811034819282,0.010464814996272961,0.00012946128845214844,0.8610924167026781,1.1458065561554174,1.0,0.0,758
759,0.8895489432999905,0.010461388963731288,0.00013113021850585938,0.8610925896843252,1.1458059495072117,1.0,0.0,759
760,0.8884183770992335,0.010457968532028858,0.0001347064971923828,0.8610927620601271,1.1458053459261561,1.0,0.0,760
761,0.8879679987476579,0.01045455368470606,0.000133514404296875,0.8610929223386803,1.1458053525858736,1.0,0.0,761
762,0.8881824024369693,0.010451144405373054,0.00013303756713867188,0.8610931673834337,1.1458059726630225,1.0,0.0,762
763,0.8871386079150836,0.010447740677709398,0.00014472007751464844,0.8610935469225727,1.1458070580445783,1.0,0.0,763
764,0.8891838598406068,0.010444342485463652,0.0001327991485595703,0.8610942761191978,1.1458067889846617,1.0,0.0,764
765,0.8889103707395211,0.010440949812453014,0.00012969970703125,0.8610940206488203,1.1458058785693317,1.0,0.0,765
766,0.8900562533742351,0.010437562642562919,0.0001316070556640625,0.8610937789541421,1.145804115647392,1.0,0.0,766
767,0.8903605766745324,0.010434180959746676,0.0001308917999267578,0.8610941912845449,1.1458038518979532,1.0,0.0,767
768,0.8901635706995272,0.010430804748025099,0.0001308917999267578,0.861093734107582,1.1458030584896577,1.0,0.0,768
769,0.8907418273218651,0.010427433991486133,0.00012969970703125,0.8610934304598102,1.1458026700718158,1.0,0.0,769
770,0.8924880819588298,0.010424068674284472,0.00013256072998046875,0.8610923567389929,1.1458005933779634,1.0,0.0,770
771,0.8917594224406808,0.010420708780641214,0.00012969970703125,0.8610914048829638,1.1457989619681859,1.0,0.0,771
772,0.8926716929218489,0.010417354294843487,0.00013208389282226562,0.8610908842458811,1.1457966376254967,1.0,0.0,772
773,0.8917371226752159,0.010414005201244083,0.00013017654418945312,0.8610904818068406,1.1457948712888018,1.0,0.0,773
774,0.8920858551207962,0.010410661484261115,0.00013446807861328125,0.8610891694481779,1.1457928607000973,1.0,0.0,774
775,0.8913790409832579,0.010407323128377643,0.0001361370086669922,0.8610880129242676,1.1457913266327937,1.0,0.0,775
776,0.890305984238274,0.010403990118141339,0.0001437664031982422,0.8610869207226667,1.1457901993616304,1.0,0.0,776
777,0.8897985003286557,0.010400662438164116,0.00013256072998046875,0.8610848985065073,1.1457888486375152,1.0,0.0,777
778,0.8921340652857681,0.010397340073121795,0.00013589859008789062,0.8610838414131101,1.145786462045233,1.0,0.0,778
779,0.8945776304264285,0.010394023007753748,0.0001361370086669922,0.861083239004478,1.1457820245615071,1.0,0.0,779
780,0.8937325057251329,0.010390711226862566,0.00013303756713867188,0.8610827755129313,1.1457781280753128,1.0,0.0,780
781,0.896142503630962,0.0103874047153137,0.0001327991485595703,0.861083247353428,1.1457732434387111,1.0,0.0,781
782,0.8953957089978941,0.010384103458035135,0.0001418590545654297,0.8610838636589188,1.1457688816880023,1.0,0.0,782
783,0.8947572415319739,0.01038080744001705,0.00013494491577148438,0.8610847141307127,1.1457649588531478,1.0,0.0,783
784,0.8956441334481553,0.010377516646311475,0.0001347064971923828,0.8610862090574756,1.1457599652936081,1.0,0.0,784
785,0.8945386302177829,0.010374231062031973,0.00013256072998046875,0.8610877008617172,1.145754983089342,1.0,0.0,785
786,0.8935060406677212,0.01037095067235329,0.0001323223114013672,0.8610893123930272,1.1457507193098406,1.0,0.0,786
787,0.892523991826319,0.010367675462511045,0.0001316070556640625,0.8610911471333611,1.1457472118951904,1.0,0.0,787
788,0.891647472655865,0.010364405417801389,0.00013065338134765625,0.8610926611017122,1.145745276676627,1.0,0.0,788
789,0.8909108829037106,0.010361140523580694,0.00014638900756835938,0.8610943855969757,1.145743886358607,1.0,0.0,789
790,0.8914825473152729,0.010357880765265217,0.0001347064971923828,0.8610949915290242,1.1457414716422911,1.0,0.0,790
791,0.8920756491443287,0.010354626128330796,0.0001385211944580078,0.8610965313562127,1.1457387697055659,1.0,0.0,791
792,0.8923638383824537,0.010351376598312513,0.0001323223114013672,0.8610980512239113,1.145736712265132,1.0,0.0,792
793,0.8912742075425136,0.010348132160804397,0.00014090538024902344,0.8610995679503484,1.1457346604914722,1.0,0.0,793
794,0.8905048789146277,0.010344892801459098,0.0001342296600341797,0.8611011856655986,1.1457329885455136,1.0,0.0,794
795,0.890867674342616,0.010341658505987584,0.0001437664031982422,0.8611015687730585,1.1457310633179423,1.0,0.0,795
796,0.8920302578803034,0.010338429260158816,0.0001373291015625,0.8611018963109334,1.1457287549996606,1.0,0.0,796
797,0.8909462162700262,0.010335205049799465,0.00013494491577148438,0.8611022229846337,1.1457264527847895,1.0,0.0,797
798,0.8907616553259813,0.010331985860793584,0.00013709068298339844,0.8611015548797364,1.145723366954771,1.0,0.0,798
799,0.8902739779798061,0.010328771679082319,0.00013375282287597656,0.8611010235242631,1.1457207364306217,1.0,0.0,799
800,0.8702573010469603,0.010325562490663596,1.059217929840088,0.9141616345234644,1.055598371020257,0.0,0.0,800
801,0.8725202338530745,0.010322358281591832,0.0002624988555908203,0.9141555780991097,1.055594550004454,0.0,0.0,801
802,0.8718351921400055,0.01031915903797763,0.00016546249389648438,0.9141567175883384,1.0555939557734895,0.0,0.0,802
803,0.87079279612841,0.010315964745987484,0.00014829635620117188,0.9141578550886709,1.0555933638393333,0.0,0.0,803
804,0.8700571439056287,0.010312775391843497,0.00013685226440429688,0.9141562941603217,1.055597661379297,0.0,0.0,804
805,0.8701004695681676,0.010309590961823066,0.000148773193359375,0.9141530725094656,1.0556031591466937,0.0,0.0,805
806,0.8724001555460257,0.010306411442258617,0.0001342296600341797,0.914150583655953,1.055600683665007,0.0,0.0,806
807,0.871444707181907,0.010303236819537294,0.00013256072998046875,0.9141465389488573,1.055602672660263,0.0,0.0,807
808,0.8728964174584842,0.010300067080100693,0.0001366138458251953,0.9141431938709644,1.055603276444541,0.0,0.0,808
809,0.8721139669015291,0.010296902210444568,0.00013208389282226562,0.9141400800232384,1.055604222592367,0.0,0.0,809
810,0.8736292980962697,0.010293742197118544,0.0001304149627685547,0.9141378151262163,1.0556047946077969,0.0,0.0,810
811,0.8731817785122012,0.010290587026725844,0.0001323223114013672,0.914136246092497,1.055606524162943,0.0,0.0,811
812,0.8733341896507097,0.010287436685923008,0.0001442432403564453,0.9141327137981412,1.0556088594620803,0.0,0.0,812
813,0.8762638397764293,0.010284291161419618,0.0001327991485595703,0.914126052731514,1.0556062320186421,0.0,0.0,813
814,0.8764179074380549,0.010281150439978013,0.00013208389282226562,0.9141204361040188,1.0556026184389389,0.0,0.0,814
815,0.8778546307462132,0.010278014508413029,0.00013184547424316406,0.9141152133870822,1.0555988631483195,0.0,0.0,815
816,0.8770315732846661,0.010274883353591713,0.00013208389282226562,0.9141115223133918,1.0555943890776158,0.0,0.0,816
817,0.8764452822455735,0.010271756962433074,0.00013208389282226562,0.9141068470266046,1.0555916544510109,0.0,0.0,817
818,0.8754159052651971,0.010268635321907782,0.0001430511474609375,0.9141021805201072,1.0555889259731033,0.0,0.0,818
819,0.8747006203368289,0.01026551841903794,0.00013899803161621094,0.9140973986556586,1.0555878218667285,0.0,0.0,819
820,0.8740943651442499,0.01026240624089678,0.00013780593872070312,0.9140914274907087,1.0555874575688464,0.0,0.0,820
821,0.8754888056582617,0.010259298774608436,0.0001327991485595703,0.9140859443654474,1.0555869257494286,0.0,0.0,821
822,0.8748707608424717,0.01025619600734766,0.00013566017150878906,0.9140806279815457,1.0555867169117266,0.0,0.0,822
823,0.8741995265345839,0.010253097926339556,0.00013327598571777344,0.9140756595662214,1.0555870579894187,0.0,0.0,823
824,0.8732632504330928,0.010250004518859355,0.00013256072998046875,0.9140709650470962,1.0555879044463057,0.0,0.0,824
825,0.8731765700504192,0.010246915772232116,0.00013637542724609375,0.9140646939527213,1.0555903042550763,0.0,0.0,825
826,0.872369966098014,0.010243831673832502,0.00013208389282226562,0.9140588585847663,1.0555937721441833,0.0,0.0,826
827,0.871355856934954,0.010240752211084517,0.00013184547424316406,0.9140542222158513,1.0555960749544604,0.0,0.0,827
828,0.8706530493017093,0.010237677371461244,0.0001323223114013672,0.914048571836592,1.0555993287378198,0.0,0.0,828
829,0.870832482133584,0.010234607142484614,0.00013256072998046875,0.9140429536005966,1.0556017207494834,0.0,0.0,829
830,0.8717234207356387,0.010231541511725145,0.000133514404296875,0.9140397218135178,1.055603134132374,0.0,0.0,830
831,0.8717890980657765,0.010228480466801694,0.0001430511474609375,0.914034066469101,1.0556076336948197,0.0,0.0,831
832,0.871359715819929,0.010225423995381214,0.0001342296600341797,0.9140285861958879,1.0556111249371123,0.0,0.0,832
833,0.8703541442960263,0.010222372085178509,0.0001354217529296875,0.9140231160075438,1.0556146109365598,0.0,0.0,833
834,0.8693509644081465,0.010219324723956005,0.00013375282287597656,0.9140176558732943,1.0556180917066333,0.0,0.0,834
835,0.8686435622449584,0.010216281899523479,0.00013566017150878906,0.9140111759896551,1.0556248175087442,0.0,0.0,835
836,0.8689352355107035,0.010213243599737852,0.00013494491577148438,0.9140046698420851,1.0556308862682091,0.0,0.0,836
837,0.8688454124375165,0.010210209812502929,0.00014209747314453125,0.9139983750944546,1.0556330985112523,0.0,0.0,837
838,0.8678482306768397,0.010207180525769174,0.0001342296600341797,0.913990820330329,1.0556358479935952,0.0,0.0,838
839,0.8688972932539061,0.010204155727533465,0.00013327598571777344,0.9139849687066196,1.0556378708397913,0.0,0.0,839
840,0.8679023142458542,0.010201135405838873,0.000133514404296875,0.9139778607586555,1.0556404293425588,0.0,0.0,840
841,0.8671487774768218,0.010198119548774422,0.0001373291015625,0.9139710913130543,1.0556435350019064,0.0,0.0,841
842,0.8676902350699628,0.010195108144474854,0.00013566017150878906,0.9139654113504215,1.0556442624276456,0.0,0.0,842
843,0.8686657494261297,0.010192101181120412,0.00013494491577148438,0.9139580071147845,1.0556456130746508,0.0,0.0,843
844,0.8677891318190564,0.0101890986469366,0.0001494884490966797,0.9139494780322984,1.0556510094533142,0.0,0.0,844
845,0.8699315117141512,0.010186100530193969,0.00013589859008789062,0.9139437354339472,1.0556571136793793,0.0,0.0,845
846,0.8714121051693139,0.010183106819207876,0.0001392364501953125,0.9139357865334335,1.0556658074540206,0.0,0.0,846
847,0.8725458553022346,0.01018011750233828,0.00013494491577148438,0.9139288290712791,1.055673883851476,0.0,0.0,847
848,0.8761879205419838,0.010177132567989498,0.00013303756713867188,0.9139198702938205,1.0556814661423046,0.0,0.0,848
849,0.8762176912488202,0.01017415200461,0.0001327991485595703,0.9139102035086871,1.0556871930234992,0.0,0.0,849
850,0.8762210879321511,0.010171175800692189,0.00014328956604003906,0.9139005982994601,1.0556931693276619,0.0,0.0,850
851,0.8761965055797781,0.01016820394477217,0.00013375282287597656,0.9138910317427041,1.055700989625564,0.0,0.0,851
852,0.8755749445290357,0.010165236425429549,0.00013589859008789062,0.9138803996457835,1.0557096488314912,0.0,0.0,852
853,0.8761762075886853,0.010162273231287204,0.00013709068298339844,0.9138696936893964,1.055718099821825,0.0,0.0,853
854,0.8751867559165648,0.010159314351011082,0.00013780593872070312,0.9138602429127363,1.0557260117753247,0.0,0.0,854
855,0.8761872723744766,0.010156359773309977,0.0001342296600341797,0.913849866422162,1.0557341912140854,0.0,0.0,855
856,0.8763080873786173,0.010153409486935328,0.00014495849609375,0.9138395399299475,1.0557438421306147,0.0,0.0,856
857,0.8754821133179516,0.010150463480680992,0.00013446807861328125,0.9138284604407605,1.0557550717623227,0.0,0.0,857
858,0.8762890755118649,0.010147521743383056,0.0001366138458251953,0.9138160514012656,1.0557677436525772,0.0,0.0,858
859,0.8753754821965761,0.010144584263919615,0.00013637542724609375,0.9138039703937103,1.0557808498981034,0.0,0.0,859
860,0.8748000093043177,0.01014165103121057,0.0001347064971923828,0.9137921641154435,1.0557945748010247,0.0,0.0,860
861,0.8761821353309001,0.010138722034217427,0.0001373291015625,0.9137800979759371,1.0558072462452892,0.0,0.0,861
862,0.875737505519536,0.01013579726194308,0.00013899803161621094,0.913767785421162,1.0558205566408159,0.0,0.0,862
863,0.8766788909269968,0.010132876703431621,0.00013780593872070312,0.9137553983274597,1.055832228487347,0.0,0.0,863
864,0.8766464940973324,0.010129960347768134,0.00013971328735351562,0.9137429314050222,1.0558423650562931,0.0,0.0,864
865,0.8758385131441654,0.010127048184078495,0.00013780593872070312,0.9137283737715055,1.0558496884921922,0.0,0.0,865
866,0.8759224928210965,0.010124140201529174,0.00013828277587890625,0.9137143765750686,1.0558539544890895,0.0,0.0,866
867,0.8760221644942072,0.010121236389327033,0.0001361370086669922,0.9136981953360471,1.055857174504104,0.0,0.0,867
868,0.8751869151469772,0.010118336736719129,0.0001556873321533203,0.9136834999063723,1.0558603605528893,0.0,0.0,868
869,0.8742144901237217,0.01011544123299253,0.0001361370086669922,0.9136688301674605,1.0558635420517961,0.0,0.0,869
870,0.8739614003110515,0.010112549867474103,0.00013947486877441406,0.913654538254791,1.0558673243139125,0.0,0.0,870
871,0.8735158082955201,0.010109662629530336,0.0001380443572998047,0.9136404720924444,1.0558716585069239,0.0,0.0,871
872,0.8756326520254265,0.010106779508567138,0.00013971328735351562,0.9136265574154308,1.0558758154870775,0.0,0.0,872
873,0.8746804438241697,0.01010390049402965,0.00013685226440429688,0.9136125222855932,1.0558805322981788,0.0,0.0,873
874,0.875218938650868,0.01010102557540205,0.0001506805419921875,0.9135980829962758,1.0558832705322592,0.0,0.0,874
875,0.8756580682761729,0.010098154742207379,0.0001385211944580078,0.9135837465748593,1.0558858030673122,0.0,0.0,875
876,0.8764808703184362,0.010095287984007334,0.00014019012451171875,0.9135696960908768,1.0558871984099325,0.0,0.0,876
877,0.8758207169822158,0.0100924252904021,0.0001404285430908203,0.9135559550993233,1.0558890105210461,0.0,0.0,877
878,0.8753198252864833,0.010089566651030151,0.00014019012451171875,0.9135425801394544,1.0558898409733959,0.0,0.0,878
879,0.8744538281224046,0.01008671205556807,0.0001380443572998047,0.9135295065792455,1.0558911868810288,0.0,0.0,879
880,0.8743501738966446,0.010083861493730376,0.00014901161193847656,0.9135160666089507,1.0558924363115185,0.0,0.0,880
881,0.8757792758610083,0.010081014955269316,0.00013971328735351562,0.9135027210571681,1.0558926327386526,0.0,0.0,881
882,0.875396800115802,0.010078172429974719,0.0001380443572998047,0.9134891014034355,1.0558914003940398,0.0,0.0,882
883,0.8754625259965273,0.010075333907673789,0.0001404285430908203,0.9134747108293556,1.0558959187368941,0.0,0.0,883
884,0.8760981387983335,0.010072499378230935,0.00014019012451171875,0.9134612683238165,1.055899893481225,0.0,0.0,884
885,0.8771018371842799,0.010069668831547595,0.0001437664031982422,0.9134472806812723,1.0559046096822318,0.0,0.0,885
886,0.8767065756306353,0.010066842257562061,0.00014972686767578125,0.9134331765736746,1.0559092477894578,0.0,0.0,886
887,0.8761796824129051,0.010064019646249294,0.00014495849609375,0.9134192419170539,1.0559134265953847,0.0,0.0,887
888,0.875856800336702,0.010061200987620764,0.00014090538024902344,0.9134056404492722,1.0559181401958901,0.0,0.0,888
889,0.8764889336486946,0.010058386271724255,0.0001437664031982422,0.9133920601291776,1.0559226979231107,0.0,0.0,889
890,0.8769797904054067,0.010055575488643722,0.00014019012451171875,0.9133788034826682,1.0559272293924093,0.0,0.0,890
891,0.8817115959717976,0.01005276862849909,0.00014495849609375,0.9133645678081652,1.0559292658014012,0.0,0.0,891
892,0.8810450079798755,0.010049965681446102,0.00015044212341308594,0.9133505799019193,1.0559315438639456,0.0,0.0,892
893,0.8803572367680481,0.01004716663767614,0.00013971328735351562,0.9133368547977588,1.0559342287121856,0.0,0.0,893
894,0.879813922356267,0.010044371487416067,0.00014019012451171875,0.913323248958458,1.0559371489822118,0.0,0.0,894
895,0.880104165290314,0.010041580220928045,0.00014138221740722656,0.9133085586055373,1.0559420340749899,0.0,0.0,895
896,0.8811552510997196,0.010038792828509384,0.00014090538024902344,0.9132945128741196,1.0559457848612948,0.0,0.0,896
897,0.8814146556734778,0.010036009300492355,0.00014400482177734375,0.9132813542296389,1.0559492466082074,0.0,0.0,897
898,0.8852722633139765,0.010033229627244058,0.00015473365783691406,0.913267482766728,1.0559503226358506,0.0,0.0,898
899,0.8862526721725812,0.010030453799166221,0.00014734268188476562,0.9132537273373816,1.0559511283817944,0.0,0.0,899
900,0.888307710969152,0.010027681806695065,0.00014257431030273438,0.9132402516543945,1.05595124831398,0.0,0.0,900
901,0.8877267650100078,0.010024913640301133,0.00014829635620117188,0.9132270917871561,1.0559518731524786,0.0,0.0,901
902,0.8872388297887238,0.010022149290489118,0.00014162063598632812,0.9132142008973478,1.055953019551175,0.0,0.0,902
903,0.8876830932348694,0.01001938874779773,0.00014138221740722656,0.9132006795347373,1.0559585046359734,0.0,0.0,903
904,0.8867351140292349,0.010016632002799506,0.0001533031463623047,0.9131871809021307,1.0559639814393227,0.0,0.0,904
905,0.8871494325235422,0.010013879046100673,0.000141143798828125,0.9131735480117165,1.055969084114317,0.0,0.0,905
906,0.888331423585226,0.010011129868340983,0.00014710426330566406,0.9131601561960015,1.0559735010537539,0.0,0.0,906
907,0.8886533539156241,0.01000838446019356,0.00014352798461914062,0.913147301091518,1.0559764823717126,0.0,0.0,907
908,0.8878223926395754,0.01000564281236474,0.0003695487976074219,0.913134607902237,1.055979045368467,0.0,0.0,908
909,0.8892715345908648,0.010002904915593915,0.00015044212341308594,0.9131211204057591,1.0559762337223162,0.0,0.0,909
910,0.8895167900197765,0.010000170760653392,0.00014734268188476562,0.9131076216760553,1.055972335523563,0.0,0.0,910
911,0.8904542665672496,0.009997440338348228,0.00014352798461914062,0.913093122078719,1.0559711530580669,0.0,0.0,911
912,0.8897478637985723,0.00999471363951608,0.00014448165893554688,0.9130785171906161,1.055969388975839,0.0,0.0,912
913,0.8891077356501683,0.009991990655027054,0.00014543533325195312,0.9130642786150273,1.0559681412209345,0.0,0.0,913
914,0.8884253134748697,0.009989271375783565,0.00014662742614746094,0.9130501743323669,1.0559669347666274,0.0,0.0,914
915,0.8935071793618354,0.00998655579272017,0.00015234947204589844,0.9130342791757085,1.0559627250928307,0.0,0.0,915
916,0.8928389244997028,0.009983843896803435,0.00014281272888183594,0.9130186382593992,1.0559590243300776,0.0,0.0,916
917,0.8924866793400216,0.009981135679031777,0.00014638900756835938,0.9130015676606265,1.0559552052347263,0.0,0.0,917
918,0.892121420719662,0.009978431130435325,0.0001468658447265625,0.9129847152987627,1.0559514262195244,0.0,0.0,918
919,0.8932967156492023,0.009975730242075768,0.0001456737518310547,0.9129680456821296,1.0559466200212402,0.0,0.0,919
920,0.8925255027562056,0.009973033005046218,0.00014591217041015625,0.9129515635030103,1.0559420320735398,0.0,0.0,920
921,0.8932591717930515,0.00997033941047105,0.0001533031463623047,0.9129355920203369,1.0559340772100918,0.0,0.0,921
922,0.8926410502201242,0.00996764944950578,0.00016617774963378906,0.9129197112122344,1.0559242032829217,0.0,0.0,922
923,0.8929321374765847,0.009964963113336908,0.00014925003051757812,0.91290315816113,1.0559110193044274,0.0,0.0,923
924,0.8919972248619551,0.009962280393181774,0.00014853477478027344,0.9128866323089805,1.0558978577502318,0.0,0.0,924
925,0.8913703102230613,0.009959601280288428,0.0001456737518310547,0.9128703237548268,1.0558849108701707,0.0,0.0,925
926,0.8907568337165244,0.009956925765935484,0.000148773193359375,0.9128542914868903,1.0558738943829638,0.0,0.0,926
927,0.8902175060751575,0.009954253841431978,0.0001552104949951172,0.9128386073251852,1.0558622136716576,0.0,0.0,927
928,0.8896767255056153,0.009951585498117236,0.000148773193359375,0.9128232257995963,1.055851040851536,0.0,0.0,928
929,0.8896823109561168,0.009948920727360725,0.00014591217041015625,0.912806636191289,1.0558418754605412,0.0,0.0,929
930,0.8889951822461603,0.009946259520561936,0.00015163421630859375,0.9127902769173099,1.0558330360119095,0.0,0.0,930
931,0.8889147593572098,0.009943601869150222,0.0001475811004638672,0.9127749386889719,1.0558225797477327,0.0,0.0,931
932,0.8901866499588665,0.00994094776458468,0.00015854835510253906,0.9127598794988779,1.0558119268731776,0.0,0.0,932
933,0.8893775925736839,0.009938297198354018,0.0001480579376220703,0.9127450203335463,1.0558018302924008,0.0,0.0,933
934,0.8903411013253637,0.009935650161976402,0.00014710426330566406,0.9127303069619406,1.0557910589423571,0.0,0.0,934
935,0.8905231095459287,0.009933006646999342,0.00014781951904296875,0.912714503930593,1.055784469025507,0.0,0.0,935
936,0.8912925166615329,0.009930366644999558,0.0001499652862548828,0.9126986434283397,1.0557773463101574,0.0,0.0,936
937,0.8912913233065736,0.00992773014758283,0.00014710426330566406,0.912683242728121,1.055768798801174,0.0,0.0,937
938,0.8919923093258324,0.009925097146383894,0.0001609325408935547,0.9126687880630443,1.0557599807020361,0.0,0.0,938
939,0.8910738359243485,0.009922467633066284,0.0001518726348876953,0.9126543567829682,1.0557511776309199,0.0,0.0,939
940,0.891673865062341,0.009919841599322228,0.0001513957977294922,0.9126388851741873,1.055744886407128,0.0,0.0,940
941,0.8914057793308608,0.009917219036872496,0.00014853477478027344,0.9126244369609973,1.0557385201325173,0.0,0.0,941
942,0.8909206026777766,0.009914599937466288,0.0001513957977294922,0.91261032919376,1.0557325249220901,0.0,0.0,942
943,0.8900075105101722,0.009911984292881103,0.0001506805419921875,0.9125964143797067,1.0557269868313037,0.0,0.0,943
944,0.8892236460712174,0.009909372094922604,0.0001697540283203125,0.9125827489241581,1.055721988675114,0.0,0.0,944
945,0.8897318540357698,0.009906763335424508,0.000156402587890625,0.9125699105750255,1.0557166645060994,0.0,0.0,945
946,0.8889475549999755,0.009904158006248442,0.0001506805419921875,0.9125562545182407,1.055714114558158,0.0,0.0,946
947,0.8881411406611461,0.009901556099283833,0.00015091896057128906,0.9125426332047596,1.0557116847047552,0.0,0.0,947
948,0.8902585867336267,0.009898957606447774,0.0001506805419921875,0.9125272183439079,1.0557114159243657,0.0,0.0,948
949,0.8897153926095186,0.009896362519684903,0.00015234947204589844,0.9125119650002546,1.0557115117687774,0.0,0.0,949
950,0.8889787533820537,0.009893770830967295,0.0001518726348876953,0.9124968463971078,1.055711425668018,0.0,0.0,950
951,0.8883630494176249,0.009891182532294308,0.0001537799835205078,0.9124819906886702,1.0557117783115075,0.0,0.0,951
952,0.8874610993294371,0.009888597615692501,0.0001513957977294922,0.9124671586860419,1.0557121312181306,0.0,0.0,952
953,0.8865610311666489,0.00988601607321548,0.00015544891357421875,0.9124523503263134,1.0557124843856764,0.0,0.0,953
954,0.8857326426392412,0.009883437896943794,0.00015044212341308594,0.9124377775125555,1.055713247796613,0.0,0.0,954
955,0.8849866890774956,0.009880863078984817,0.00016045570373535156,0.9124233594169668,1.0557144461422994,0.0,0.0,955
956,0.8841365085856477,0.00987829161147262,0.00015306472778320312,0.9124091099539029,1.0557161525974348,0.0,0.0,956
957,0.8873303003116804,0.009875723486567862,0.000152587890625,0.912393819368075,1.0557202424805197,0.0,0.0,957
958,0.8865563057360912,0.009873158696457673,0.00015401840209960938,0.9123787974640414,1.0557246852586402,0.0,0.0,958
959,0.8863528664202474,0.009870597233355522,0.0001544952392578125,0.9123628671056602,1.0557313762455287,0.0,0.0,959
960,0.8858163471915541,0.00986803908950112,0.000152587890625,0.9123471448544674,1.0557384080646903,0.0,0.0,960
961,0.887184595789948,0.009865484257160302,0.000164031982421875,0.9123310127314064,1.0557454075611943,0.0,0.0,961
962,0.8864785308522247,0.009862932728624894,0.00015306472778320312,0.9123147424279493,1.055752105359383,0.0,0.0,962
963,0.887939884580026,0.009860384496212625,0.00015354156494140625,0.9122982798554076,1.0557575240522665,0.0,0.0,963
964,0.8873367732751342,0.009857839552266988,0.00015401840209960938,0.9122820970319229,1.0557633909808244,0.0,0.0,964
965,0.8864472721932046,0.009855297889157144,0.00015401840209960938,0.9122659396758017,1.055769249517974,0.0,0.0,965
966,0.8855596031513651,0.00985275949927781,0.00015306472778320312,0.9122498077203819,1.0557750996841604,0.0,0.0,966
967,0.8852450694271522,0.009850224375049134,0.00015497207641601562,0.9122339880762244,1.0557813886130254,0.0,0.0,967
968,0.8853021468125702,0.009847692508916598,0.00015401840209960938,0.9122172004345606,1.0557893984099636,0.0,0.0,968
969,0.8850703174095748,0.009845163893350899,0.00015282630920410156,0.9121993414378258,1.0557993436383777,0.0,0.0,969
970,0.8844639965611976,0.009842638520847838,0.0001544952392578125,0.9121817118704472,1.0558096916286024,0.0,0.0,970
971,0.8841982219197008,0.00984011638392822,0.00015425682067871094,0.9121651314131148,1.0558203704304359,0.0,0.0,971
972,0.8833176444788966,0.009837597475137735,0.0001678466796875,0.9121485768593073,1.0558310334149612,0.0,0.0,972
973,0.8834757794863454,0.009835081787046855,0.00015974044799804688,0.912131885074032,1.0558413697215505,0.0,0.0,973
974,0.8837435609714218,0.009832569312250726,0.0001556873321533203,0.9121159413848523,1.0558514911295322,0.0,0.0,974
975,0.8831739743097058,0.00983006004336906,0.0001614093780517578,0.912100036686916,1.0558613529717795,0.0,0.0,975
976,0.8832850646825301,0.009827553973046027,0.000156402587890625,0.9120841358498626,1.0558697105595725,0.0,0.0,976
977,0.8827117944744379,0.009825051093950156,0.0001575946807861328,0.9120684889006838,1.0558781982659118,0.0,0.0,977
978,0.8825964123883803,0.009822551398774219,0.00015687942504882812,0.9120517027121896,1.055888564711865,0.0,0.0,978
979,0.8836606776394975,0.009820054880235136,0.0001609325408935547,0.9120344216178605,1.055896971728252,0.0,0.0,979
980,0.8845927905936954,0.009817561531073864,0.0001552104949951172,0.9120174636826565,1.0559052506918851,0.0,0.0,980
981,0.8837195153079423,0.009815071344055295,0.00015807151794433594,0.9120005319956076,1.055913517677536,0.0,0.0,981
982,0.882848010838793,0.009812584311968155,0.00015425682067871094,0.91198362648913,1.0559217727145545,0.0,0.0,982
983,0.8823772962840195,0.009810100427624908,0.0001678466796875,0.9119648878824732,1.0559316189662695,0.0,0.0,983
984,0.8815079700564245,0.00980761968386163,0.0001583099365234375,0.9119461781816289,1.0559414508660674,0.0,0.0,984
985,0.8811249136643721,0.00980514207353794,0.00015926361083984375,0.9119270953032179,1.05594936516496,0.0,0.0,985
986,0.8817354061420843,0.009802667589536872,0.0001556873321533203,0.9119086109015752,1.055956829065162,0.0,0.0,986
987,0.8812160281770525,0.009800196224764792,0.00016760826110839844,0.911890343950447,1.05596451676959,0.0,0.0,987
988,0.880928728465131,0.009797727972151286,0.00016808509826660156,0.9118724814868716,1.0559722485363563,0.0,0.0,988
989,0.8805154349762503,0.009795262824649074,0.0001621246337890625,0.9118544103315759,1.05598067118236,0.0,0.0,989
990,0.8810051373867499,0.00979280077523389,0.0001571178436279297,0.9118362291393951,1.055988828950735,0.0,0.0,990
991,0.8801433912705285,0.009790341816904418,0.0001609325408935547,0.9118180757985135,1.055996975047643,0.0,0.0,991
992,0.8807540805888436,0.009787885942682152,0.00015854835510253906,0.9117987875441566,1.0560062917440138,0.0,0.0,992
993,0.8800624824079705,0.009785433145611333,0.00016021728515625,0.91177955892671,1.0560158052680853,0.0,0.0,993
994,0.8794346663810274,0.009782983418758835,0.0001659393310546875,0.9117604844064239,1.0560254100951538,0.0,0.0,994
995,0.8799524582324686,0.009780536755214075,0.0001614093780517578,0.9117413471827571,1.0560348910570636,0.0,0.0,995
996,0.8804058119470343,0.009778093148088914,0.00015783309936523438,0.9117220299656473,1.0560440467990102,0.0,0.0,996
997,0.8799787782879478,0.009775652590517561,0.0001628398895263672,0.9117029977410452,1.0560536041566269,0.0,0.0,997
998,0.8792294794548987,0.009773215075656486,0.00015807151794433594,0.911684194288603,1.05606364440615,0.0,0.0,998
999,0.88113180466423,0.009770780596684316,0.00016760826110839844,0.9116658158581533,1.0560735916393247,0.0,0.0,999
1000,0.8714597185682651,0.009768349146801747,1.4059231281280518,0.8889114595055372,1.0598399886195053,0.0,0.0,1000
1001,0.8715134432068424,0.009765920719231444,0.0004608631134033203,0.8889085769498299,1.0598429788677637,0.0,0.0,1001
1002,0.8710209023910965,0.009763495307217965,0.0002617835998535156,0.888906697386881,1.0598415372249443,0.0,0.0,1002
1003,0.8727145302496121,0.009761072904027647,0.0002105236053466797,0.8889047983308324,1.0598436190510487,0.0,0.0,1003
1004,0.8721862471894127,0.009758653502948524,0.00017380714416503906,0.8889033921781605,1.059844438722738,0.0,0.0,1004
1005,0.8725980067342027,0.009756237097290243,0.00016880035400390625,0.8889018994848931,1.0598468327399617,0.0,0.0,1005
1006,0.8723809011435951,0.00975382368038396,0.00016379356384277344,0.8888995026542429,1.0598476271008115,0.0,0.0,1006
1007,0.8722804287620954,0.00975141324558226,0.0001678466796875,0.8888976555116773,1.0598495303876996,0.0,0.0,1007
1008,0.8723908963439072,0.009749005786259058,0.00017523765563964844,0.8888952242358528,1.0598494750146863,0.0,0.0,1008
1009,0.8718763971704743,0.00974660129580952,0.0001678466796875,0.8888931984988213,1.059851141313726,0.0,0.0,1009
1010,0.8720486523862401,0.009744199767649963,0.0001633167266845703,0.888891002277943,1.059852602898889,0.0,0.0,1010
1011,0.8731991762515826,0.009741801195217776,0.00016236305236816406,0.8888890709572224,1.0598537689427903,0.0,0.0,1011
1012,0.8725584550773935,0.009739405571971324,0.0001647472381591797,0.8888863643449915,1.0598574099678173,0.0,0.0,1012
1013,0.8724005115813329,0.009737012891389866,0.0001773834228515625,0.888884237332816,1.0598578210952831,0.0,0.0,1013
1014,0.8715718645685634,0.009734623146973464,0.00016641616821289062,0.8888814630187224,1.0598613704795738,0.0,0.0,1014
1015,0.8709955623117329,0.009732236332242907,0.00016570091247558594,0.8888794358976289,1.0598623193643741,0.0,0.0,1015
1016,0.8703849026297663,0.009729852440739602,0.0001652240753173828,0.88887666038086,1.0598654403165966,0.0,0.0,1016
1017,0.8711546986854045,0.009727471466025511,0.00016427040100097656,0.8888739769727191,1.0598701185871833,0.0,0.0,1017
1018,0.8713381968317938,0.009725093401683054,0.000171661376953125,0.8888720030448661,1.0598734283656828,0.0,0.0,1018
1019,0.8710128023141404,0.009722718241315027,0.0001811981201171875,0.8888702760035089,1.0598772862802326,0.0,0.0,1019
1020,0.8714700433342164,0.009720345978544521,0.00016117095947265625,0.8888678931731383,1.059883191540516,0.0,0.0,1020
1021,0.872145648268547,0.00971797660701483,0.0001614093780517578,0.888866998665009,1.0598871375818322,0.0,0.0,1021
1022,0.872146063403606,0.009715610120389372,0.00016164779663085938,0.8888659457847048,1.0598913908693515,0.0,0.0,1022
1023,0.8743820054892788,0.009713246512351602,0.00016498565673828125,0.888864986323434,1.059895717783849,0.0,0.0,1023
1024,0.8739075473698459,0.00971088577660494,0.0001690387725830078,0.8888631594249516,1.0599022440827266,0.0,0.0,1024
1025,0.8739060742265614,0.009708527906872677,0.00016498565673828125,0.8888620461352528,1.0599067818913674,0.0,0.0,1025
1026,0.8737437372771808,0.009706172896897897,0.00016117095947265625,0.8888603034053133,1.0599125236486202,0.0,0.0,1026
1027,0.8734638759678164,0.009703820740443396,0.00016164779663085938,0.8888597159540285,1.0599168348920918,0.0,0.0,1027
1028,0.8741645450547203,0.0097014714312916,0.0001628398895263672,0.8888589238905444,1.0599228735883088,0.0,0.0,1028
1029,0.8733939093544595,0.009699124963244484,0.0001747608184814453,0.8888590388650306,1.0599283657813343,0.0,0.0,1029
1030,0.872577007070422,0.009696781330123498,0.000164031982421875,0.8888583134346522,1.0599358052540526,0.0,0.0,1030
1031,0.8736292861274558,0.009694440525769473,0.00016427040100097656,0.8888587824305794,1.0599410969591032,0.0,0.0,1031
1032,0.8728137230232157,0.009692102544042557,0.00016307830810546875,0.8888584129365471,1.0599483305858715,0.0,0.0,1032
1033,0.872891862285571,0.009689767378822123,0.00016307830810546875,0.8888592467015315,1.0599506407746462,0.0,0.0,1033
1034,0.8725013923557627,0.009687435024006704,0.00016236305236816406,0.8888592989962766,1.0599575875390763,0.0,0.0,1034
1035,0.8716889560602159,0.0096851054735139,0.0001671314239501953,0.8888601851754714,1.0599625844272444,0.0,0.0,1035
1036,0.8712322826546562,0.00968277872128031,0.0001614093780517578,0.8888607738815507,1.0599676566337228,0.0,0.0,1036
1037,0.8722446439652671,0.00968045476126145,0.00016641616821289062,0.8888609649473235,1.0599742619705483,0.0,0.0,1037
1038,0.8717102251419236,0.009678133587431678,0.0001671314239501953,0.8888621506937963,1.059976556408016,0.0,0.0,1038
1039,0.8712167299621092,0.009675815193784121,0.00016760826110839844,0.8888625134619084,1.059983810392146,0.0,0.0,1039
1040,0.8712736192805937,0.009673499574330589,0.00017309188842773438,0.888863894201424,1.0599895680853557,0.0,0.0,1040
1041,0.870467283982657,0.009671186723101506,0.000164031982421875,0.8888645696665778,1.059994605864806,0.0,0.0,1041
1042,0.8696621786005231,0.009668876634145831,0.00016570091247558594,0.8888659461974848,1.0600003483571387,0.0,0.0,1042
1043,0.8690994476715962,0.009666569301530991,0.00016236305236816406,0.8888673838874617,1.0600065128893084,0.0,0.0,1043
1044,0.868978916784171,0.009664264719342792,0.00016450881958007812,0.8888673739404404,1.0600123677506539,0.0,0.0,1044
1045,0.8691558074729125,0.009661962881685356,0.0001773834228515625,0.8888668489799235,1.0600176463089155,0.0,0.0,1045
1046,0.8702488449868716,0.009659663782681046,0.00016450881958007812,0.8888663065763572,1.0600222992679325,0.0,0.0,1046
1047,0.8713035912083955,0.009657367416470384,0.0001678466796875,0.8888659271079117,1.060027144730207,0.0,0.0,1047
1048,0.8710654613650235,0.009655073777211988,0.0001659393310546875,0.8888659640418808,1.0600312542775614,0.0,0.0,1048
1049,0.872104832062975,0.009652782859082491,0.00017023086547851562,0.888865202115548,1.060035862340496,0.0,0.0,1049
1050,0.8713043542429377,0.009650494656276471,0.00017523765563964844,0.8888650388864253,1.0600401655043143,0.0,0.0,1050
1051,0.8705054445907322,0.009648209163006386,0.0001671314239501953,0.8888642789357695,1.0600447617769604,0.0,0.0,1051
1052,0.8705745789083011,0.009645926373502487,0.00016570091247558594,0.8888648003216469,1.060049199313182,0.0,0.0,1052
1053,0.8697777860295822,0.009643646282012761,0.0001678466796875,0.8888647256960536,1.060053928925336,0.0,0.0,1053
1054,0.8690318769092772,0.009641368882802849,0.0001666545867919922,0.888865361735148,1.0600585860050753,0.0,0.0,1054
1055,0.8696744488227913,0.009639094170155986,0.00017714500427246094,0.8888659564055889,1.0600635020644142,0.0,0.0,1055
1056,0.8691937795405367,0.00963682213837292,0.00016546249389648438,0.8888665230066237,1.0600685819946956,0.0,0.0,1056
1057,0.8695809910745362,0.009634552781771845,0.00016379356384277344,0.8888670069956401,1.0600734884690872,0.0,0.0,1057
1058,0.8699821434657672,0.009632286094688339,0.0001647472381591797,0.8888675721508926,1.0600777072418486,0.0,0.0,1058
1059,0.8702935682430698,0.00963002207147528,0.00016450881958007812,0.8888686810157204,1.060081892061069,0.0,0.0,1059
1060,0.8695324531504253,0.009627760706502795,0.00016546249389648438,0.888869284046082,1.0600867145033355,0.0,0.0,1060
1061,0.8694630986796054,0.009625501994158172,0.00017714500427246094,0.888869591240846,1.060091713205927,0.0,0.0,1061
1062,0.8710738251614867,0.009623245928845803,0.00016617774963378906,0.8888684170875303,1.060094175724375,0.0,0.0,1062
1063,0.8720386375373712,0.009620992504987118,0.00016546249389648438,0.8888678455087339,1.060096495687747,0.0,0.0,1063
1064,0.8714733481415686,0.00961874171702051,0.0001678466796875,0.8888675729500187,1.0601002461463533,0.0,0.0,1064
1065,0.8716441310820419,0.009616493559401272,0.00016641616821289062,0.8888674400366842,1.060102616483088,0.0,0.0,1065
1066,0.8711712274140889,0.009614248026601524,0.00017523765563964844,0.8888669916780674,1.0601067730367273,0.0,0.0,1066
1067,0.8709189577414601,0.009612005113110158,0.0001671314239501953,0.8888664436159434,1.0601101983229022,0.0,0.0,1067
1068,0.8722773135405764,0.00960976481343276,0.00016689300537109375,0.8888657117682844,1.0601162955810446,0.0,0.0,1068
1069,0.8714906189625599,0.009607527122091546,0.0001678466796875,0.888865369003179,1.0601210430006458,0.0,0.0,1069
1070,0.8724195050475355,0.00960529203362531,0.00016760826110839844,0.8888652231831874,1.0601263044973748,0.0,0.0,1070
1071,0.8725950698406235,0.009603059542589328,0.00017833709716796875,0.8888651228376808,1.0601322767686543,0.0,0.0,1071
1072,0.8720535248960002,0.009600829643555332,0.0001697540283203125,0.888864976648991,1.0601377883627303,0.0,0.0,1072
1073,0.8719103152835886,0.009598602331111409,0.00016736984252929688,0.8888647419861351,1.0601431800217307,0.0,0.0,1073
1074,0.8711273497567903,0.009596377599861962,0.0001659393310546875,0.8888645075548964,1.060148564786719,0.0,0.0,1074
1075,0.8710524267858438,0.009594155444427634,0.00016689300537109375,0.8888646476353174,1.0601540769527795,0.0,0.0,1075
1076,0.8708912307230202,0.009591935859445247,0.0001780986785888672,0.8888651328569821,1.0601602240359025,0.0,0.0,1076
1077,0.8703750112342526,0.009589718839567734,0.00016808509826660156,0.8888656130118983,1.0601668530734485,0.0,0.0,1077
1078,0.87038282949448,0.009587504379464087,0.00016689300537109375,0.8888664244527371,1.0601730047479447,0.0,0.0,1078
1079,0.8697047129973713,0.00958529247381928,0.00017261505126953125,0.8888674381250011,1.0601799360936024,0.0,0.0,1079
1080,0.8693638104987313,0.009583083117334218,0.00016760826110839844,0.8888686119109158,1.0601873898370655,0.0,0.0,1080
1081,0.8696151737661864,0.009580876304725663,0.00017905235290527344,0.8888696474225941,1.060194380213558,0.0,0.0,1081
1082,0.8712101353828136,0.009578672030726187,0.00016880035400390625,0.8888709018758644,1.0602020953860563,0.0,0.0,1082
1083,0.8707053263662486,0.0095764702900841,0.0001697540283203125,0.8888714458172586,1.0602074281327918,0.0,0.0,1083
1084,0.8701896221831702,0.009574271077563382,0.0001685619354248047,0.8888720650206433,1.0602130135051546,0.0,0.0,1084
1085,0.870374063550425,0.00957207438794364,0.0001690387725830078,0.8888727420394703,1.060218309627559,0.0,0.0,1085
1086,0.8697164318171637,0.009569880216020038,0.00017070770263671875,0.8888735549486596,1.0602239437812377,0.0,0.0,1086
1087,0.8693029435812099,0.009567688556603228,0.0001728534698486328,0.8888745072286326,1.060230070739118,0.0,0.0,1087
1088,0.8694620225739246,0.009565499404519303,0.00016880035400390625,0.8888753550833748,1.060236271178661,0.0,0.0,1088
1089,0.8690685291908774,0.009563312754609733,0.0001697540283203125,0.888875323941379,1.060242274333151,0.0,0.0,1089
1090,0.8693949505774213,0.009561128601731299,0.00016832351684570312,0.8888749001890764,1.0602479801488796,0.0,0.0,1090
1091,0.8695011111516765,0.009558946940756041,0.000171661376953125,0.8888752800548946,1.0602538699955206,0.0,0.0,1091
1092,0.8687327574824032,0.009556767766571196,0.00017762184143066406,0.8888756593196712,1.060259752372674,0.0,0.0,1092
1093,0.8695663815182253,0.009554591074079145,0.00016760826110839844,0.88887603063835,1.0602654544541046,0.0,0.0,1093
1094,0.8702089080706551,0.009552416858197337,0.00016736984252929688,0.8888757113139356,1.0602707887164236,0.0,0.0,1094
1095,0.8695601294143176,0.009550245113858255,0.00017309188842773438,0.8888738110682217,1.0602737743723525,0.0,0.0,1095
1096,0.8689268917517571,0.00954807583600934,0.00017261505126953125,0.8888721202953828,1.0602763525306975,0.0,0.0,1096
1097,0.8684178813872105,0.009545909019612938,0.0001823902130126953,0.888870627594822,1.0602804209260663,0.0,0.0,1097
1098,0.8681693906922747,0.009543744659646247,0.0001690387725830078,0.8888693286316374,1.0602849329899386,0.0,0.0,1098
1099,0.8677642078142741,0.009541582751101252,0.00017261505126953125,0.888868195758565,1.0602898778778036,0.0,0.0,1099
1100,0.8680753454185715,0.009539423288984678,0.0001704692840576172,0.8888667745923096,1.0602936649188233,0.0,0.0,1100
1101,0.8673148334115642,0.009537266268317923,0.0001780986785888672,0.8888655039821808,1.0602984529318014,0.0,0.0,1101
1102,0.8676348987303073,0.009535111684137008,0.00018453598022460938,0.888864082378937,1.0603032636962013,0.0,0.0,1102
1103,0.8670116951781,0.009532959531492519,0.00017380714416503906,0.8888626487610566,1.0603089055163422,0.0,0.0,1103
1104,0.8666446693936091,0.009530809805449555,0.00017213821411132812,0.8888613206341753,1.0603149296166055,0.0,0.0,1104
1105,0.8663347127219206,0.009528662501087663,0.00016951560974121094,0.8888602286695082,1.0603190491356842,0.0,0.0,1105
1106,0.8662543897228522,0.009526517613500794,0.00016927719116210938,0.8888586890930787,1.0603246930030776,0.0,0.0,1106
1107,0.8657649382252509,0.009524375137797239,0.00017833709716796875,0.8888572100620393,1.0603307195640084,0.0,0.0,1107
1108,0.8658011152982111,0.009522235069099577,0.00017333030700683594,0.8888559947815008,1.060336625218946,0.0,0.0,1108
1109,0.8650477857556916,0.009520097402544624,0.0001697540283203125,0.888854634010616,1.0603414510428983,0.0,0.0,1109
1110,0.8652144814838745,0.00951796213328338,0.00017070770263671875,0.888853601456473,1.0603475818232553,0.0,0.0,1110
1111,0.8656750853679637,0.009515829256480961,0.0001709461212158203,0.8888515069948493,1.0603546352092845,0.0,0.0,1111
1112,0.8674364406065107,0.009513698767316562,0.00018477439880371094,0.8888496707480484,1.060358893140312,0.0,0.0,1112
1113,0.8666846407770796,0.009511570660983395,0.00018477439880371094,0.8888468348889375,1.0603663608658522,0.0,0.0,1113
1114,0.8672402386058043,0.009509444932688637,0.00017189979553222656,0.8888442144539426,1.0603717441699565,0.0,0.0,1114
1115,0.8664898281127857,0.009507321577653377,0.00017523765563964844,0.8888419266840887,1.0603767844013021,0.0,0.0,1115
1116,0.8665258928148365,0.009505200591112567,0.0001723766326904297,0.8888390969188902,1.0603821525232557,0.0,0.0,1116
1117,0.8659909449106127,0.009503081968314961,0.00019049644470214844,0.8888346492199325,1.0603879034027763,0.0,0.0,1117
1118,0.8701116009072627,0.009500965704523074,0.00017714500427246094,0.8888315410476513,1.0603903276461575,0.0,0.0,1118
1119,0.8697711663991501,0.009498851795013115,0.00017571449279785156,0.888827796177548,1.0603932511545806,0.0,0.0,1119
1120,0.8702338887374097,0.009496740235074956,0.0001735687255859375,0.8888246032512348,1.0603952173658286,0.0,0.0,1120
1121,0.8701052378235951,0.009494631020012054,0.00017404556274414062,0.888820766480525,1.060400091963691,0.0,0.0,1121
1122,0.8697605052564639,0.009492524145141429,0.00018596649169921875,0.888817918646071,1.060402246429733,0.0,0.0,1122
1123,0.8706919689566431,0.009490419605793589,0.00017881393432617188,0.8888138688264908,1.060407203841018,0.0,0.0,1123
1124,0.8699444894636102,0.009488317397312486,0.00017499923706054688,0.8888103365692926,1.0604093539096624,0.0,0.0,1124
1125,0.8706770609990229,0.009486217515055479,0.00017595291137695312,0.8888073997027018,1.0604113248784095,0.0,0.0,1125
1126,0.870012231131537,0.009484119954393262,0.00017642974853515625,0.8888047655034316,1.0604144117702774,0.0,0.0,1126
1127,0.8692673122148519,0.009482024710709828,0.00018668174743652344,0.888801991195216,1.0604164482244236,0.0,0.0,1127
1128,0.8692095793892957,0.009479931779402418,0.00017499923706054688,0.8887990360972887,1.060419260489877,0.0,0.0,1128
1129,0.8690201981281749,0.009477841155881461,0.00017642974853515625,0.8887958058292051,1.0604220782021827,0.0,0.0,1129
1130,0.8682780841881946,0.009475752835570539,0.0001735687255859375,0.8887924368109921,1.0604238500013852,0.0,0.0,1130
1131,0.8694515179420899,0.009473666813906332,0.0001773834228515625,0.888789415821131,1.06042601935221,0.0,0.0,1131
1132,0.8700641199581052,0.009471583086338562,0.00018477439880371094,0.888787068154675,1.060427925218323,0.0,0.0,1132
1133,0.8695663346447847,0.009469501648329957,0.00017690658569335938,0.8887848069986239,1.0604301331119026,0.0,0.0,1133
1134,0.8703609430530655,0.00946742249535619,0.00017404556274414062,0.8887815281471201,1.0604344188259085,0.0,0.0,1134
1135,0.8708485902299475,0.00946534562290584,0.00017714500427246094,0.8887786712815816,1.0604352804621888,0.0,0.0,1135
1136,0.8704893980506789,0.009463271026480338,0.0001747608184814453,0.8887760573860564,1.0604376851699642,0.0,0.0,1136
1137,0.8711241377408843,0.009461198701593924,0.00018930435180664062,0.8887730713759765,1.06044015175341,0.0,0.0,1137
1138,0.8715710833991164,0.0094591286437736,0.00017642974853515625,0.8887697529178087,1.060442598971562,0.0,0.0,1138
1139,0.8709622294331701,0.009457060848559067,0.00017642974853515625,0.8887659436557641,1.0604434657133384,0.0,0.0,1139
1140,0.8703669876667588,0.009454995311502706,0.0001747608184814453,0.8887615406622885,1.0604425434941005,0.0,0.0,1140
1141,0.8702047537985975,0.00945293202816951,0.00017762184143066406,0.8887570106633956,1.0604405070446665,0.0,0.0,1141
1142,0.8708013158504243,0.009450870994137037,0.00018644332885742188,0.8887516889170609,1.0604402919628158,0.0,0.0,1142
1143,0.8711757892408508,0.009448812204995372,0.0001780986785888672,0.8887466455896456,1.0604380794849928,0.0,0.0,1143
1144,0.8704405835467324,0.00944675565634708,0.0001811981201171875,0.8887416088692958,1.060435870537298,0.0,0.0,1144
1145,0.8702838477867317,0.00944470134380716,0.00018024444580078125,0.8887361525966736,1.0604358305131039,0.0,0.0,1145
1146,0.8713138161091104,0.009442649263002988,0.0001804828643798828,0.8887306994488537,1.0604335038534556,0.0,0.0,1146
1147,0.8721917067240441,0.00944059940957429,0.00018548965454101562,0.8887253741003626,1.0604311580383439,0.0,0.0,1147
1148,0.8714580082980711,0.009438551779173078,0.00017881393432617188,0.8887200557086087,1.0604288159102575,0.0,0.0,1148
1149,0.8723180671536257,0.009436506367463618,0.00017905235290527344,0.888714787841956,1.0604263133331497,0.0,0.0,1149
1150,0.8723901018512858,0.009434463170122377,0.00017833709716796875,0.8887103024302412,1.0604240342525812,0.0,0.0,1150
1151,0.8753280239008975,0.009432422182837985,0.00018787384033203125,0.8887040929706157,1.0604201467951029,0.0,0.0,1151
1152,0.8751574632957753,0.009430383401311184,0.00017642974853515625,0.8886978995695877,1.060416615726684,0.0,0.0,1152
1153,0.8744856703528191,0.00942834682125479,0.0001838207244873047,0.8886918763087693,1.0604127417672695,0.0,0.0,1153
1154,0.8744674201168126,0.009426312438393635,0.00017523765563964844,0.8886856707987277,1.0604056702386775,0.0,0.0,1154
1155,0.8749417608676445,0.009424280248464543,0.00017833709716796875,0.8886793892677289,1.0603980247569944,0.0,0.0,1155
1156,0.8748584668292441,0.00942225024721627,0.0001914501190185547,0.8886719616721156,1.0603912891942946,0.0,0.0,1156
1157,0.8747262683613435,0.00942022243040947,0.00017905235290527344,0.888664242541822,1.0603829212090121,0.0,0.0,1157
1158,0.8741453732609871,0.009418196793816645,0.0001773834228515625,0.8886549944927359,1.0603757256687516,0.0,0.0,1158
1159,0.8739086861594475,0.009416173333222104,0.00018858909606933594,0.8886465038329576,1.0603668816916862,0.0,0.0,1159
1160,0.873825451545043,0.009414152044421923,0.00018095970153808594,0.8886376257703208,1.060359295882892,0.0,0.0,1160
1161,0.873281682829062,0.009412132923223895,0.00020003318786621094,0.8886294624104842,1.0603504557883827,0.0,0.0,1161
1162,0.8725551032406064,0.009410115965447498,0.00018405914306640625,0.8886213096224796,1.060341627792619,0.0,0.0,1162
1163,0.8731642545672544,0.009408101166923841,0.00018143653869628906,0.8886133103722739,1.0603325435560087,0.0,0.0,1163
1164,0.8725481395214292,0.009406088523495629,0.0001804828643798828,0.888604816534156,1.0603252576012079,0.0,0.0,1164
1165,0.873278895580175,0.009404078031017117,0.00018358230590820312,0.888596738733941,1.0603163040272776,0.0,0.0,1165
1166,0.8741446628980014,0.009402069685354073,0.00018787384033203125,0.8885883936003978,1.0603072686736275,0.0,0.0,1166
1167,0.8742266399078369,0.00940006348238373,0.0001811981201171875,0.8885800449260389,1.060298108023822,0.0,0.0,1167
1168,0.8746954352166018,0.009398059417994748,0.0001811981201171875,0.8885713730381678,1.0602904005305482,0.0,0.0,1168
1169,0.875035061726563,0.009396057488087174,0.0001838207244873047,0.8885635340878558,1.060279348873371,0.0,0.0,1169
1170,0.874520940194119,0.0093940576885724,0.00017905235290527344,0.8885551812819813,1.0602703319300466,0.0,0.0,1170
1171,0.874942305494797,0.009392060015373111,0.0001857280731201172,0.8885474095334509,1.0602612002711558,0.0,0.0,1171
1172,0.8742204873429893,0.009390064464423272,0.000179290771484375,0.8885396477620293,1.0602520809731917,0.0,0.0,1172
1173,0.8747627386105251,0.009388071031668051,0.00018739700317382812,0.8885318353557361,1.0602425690035864,0.0,0.0,1173
1174,0.8767046719040896,0.00938607971306381,0.00018143653869628906,0.8885241195846271,1.0602327226987205,0.0,0.0,1174
1175,0.8759832087755678,0.009384090504578042,0.0001957416534423828,0.8885164136940105,1.0602228896353219,0.0,0.0,1175
1176,0.8754996195853072,0.009382103402189349,0.00017976760864257812,0.8885094832328865,1.0602114869478942,0.0,0.0,1176
1177,0.875087031105854,0.00938011840188739,0.00018262863159179688,0.8885026941244891,1.0602015386264938,0.0,0.0,1177
1178,0.8749885748640324,0.009378135499672844,0.00017952919006347656,0.8884958604534774,1.0601912008131618,0.0,0.0,1178
1179,0.8744810898230131,0.009376154691557373,0.0001819133758544922,0.8884889306154449,1.0601817695442741,0.0,0.0,1179
1180,0.8743554351839035,0.009374175973563579,0.00019359588623046875,0.8884822212530746,1.0601727177933657,0.0,0.0,1180
1181,0.8740509243072411,0.009372199341724969,0.0001838207244873047,0.8884756972748034,1.0601640062062063,0.0,0.0,1181
1182,0.8733360840900835,0.009370224792085912,0.00018024444580078125,0.8884691815912023,1.0601553063345057,0.0,0.0,1182
1183,0.8729354404924947,0.009368252320701605,0.0001850128173828125,0.8884627581386423,1.0601469077539014,0.0,0.0,1183
1184,0.8722227786369119,0.009366281923638024,0.00017881393432617188,0.8884563428380754,1.0601385204691334,0.0,0.0,1184
1185,0.8723932189074934,0.0093643135969719,0.0001895427703857422,0.8884493814512,1.0601299640716335,0.0,0.0,1185
1186,0.8719489482021336,0.009362347336790672,0.0001819133758544922,0.8884425332366055,1.06012186965457,0.0,0.0,1186
1187,0.8712387924931635,0.009360383139192446,0.0001842975616455078,0.8884356936952409,1.0601137861169574,0.0,0.0,1187
1188,0.8714625969856329,0.009358421000285961,0.00018095970153808594,0.8884287451463314,1.060105696768875,0.0,0.0,1188
1189,0.8718229450426971,0.009356460916190558,0.00018167495727539062,0.8884221349329691,1.0600976360047492,0.0,0.0,1189
1190,0.8714871331326213,0.009354502883036128,0.00018906593322753906,0.888415619755954,1.0600896910667907,0.0,0.0,1190
1191,0.8707966714229796,0.009352546896963087,0.0001823902130126953,0.8884091138930761,1.060082236749598,0.0,0.0,1191
1192,0.870683595067588,0.009350592954122328,0.00018072128295898438,0.888403071060225,1.060076071643983,0.0,0.0,1192
1193,0.8702347464315086,0.009348641050675193,0.00018143653869628906,0.8883971441345935,1.060070434440337,0.0,0.0,1193
1194,0.8700550755309374,0.009346691182793436,0.0001823902130126953,0.888390929402522,1.0600629561432653,0.0,0.0,1194
1195,0.8694918601022524,0.009344743346659173,0.00018453598022460938,0.8883848256507954,1.0600558884424074,0.0,0.0,1195
1196,0.8701872846692702,0.009342797538464865,0.00022935867309570312,0.888378442393532,1.0600483691044105,0.0,0.0,1196
1197,0.8705746509665221,0.009340853754413262,0.0001850128173828125,0.8883717390397391,1.060040851959669,0.0,0.0,1197
1198,0.8701082445884579,0.009338911990717383,0.00018835067749023438,0.8883650808486061,1.0600335858124927,0.0,0.0,1198
1199,0.86950068221622,0.009336972243600467,0.00019621849060058594,0.8883577927300378,1.060026664087751,0.0,0.0,1199
1200,0.866834040972955,0.009335034509295946,2.102539539337158,0.8902321017751847,1.0507068428072777,0.0,0.0,1200
1201,0.8666491488341875,0.009333098784047405,0.0005600452423095703,0.8902291143160815,1.0507097629310627,0.0,0.0,1201
1202,0.8689551638692605,0.009331165064108546,0.0002682209014892578,0.8902299061674632,1.0507128359181868,0.0,0.0,1202
1203,0.8686071410527428,0.00932923334574315,0.00019860267639160156,0.8902299029875576,1.050715967988115,0.0,0.0,1203
1204,0.8691319231227889,0.009327303625225054,0.00020837783813476562,0.890230256436536,1.0507187424148792,0.0,0.0,1204
1205,0.8686675520121518,0.009325375898838096,0.0001862049102783203,0.8902306779409982,1.050722744837117,0.0,0.0,1205
1206,0.8686810508179044,0.009323450162876097,0.000186920166015625,0.8902306011660289,1.050726772647465,0.0,0.0,1206
1207,0.8679841225265051,0.009321526413642815,0.00018453598022460938,0.8902309490434042,1.0507305775559919,0.0,0.0,1207
1208,0.8680742501084596,0.009319604647451919,0.0001971721649169922,0.8902312656321417,1.0507351722782377,0.0,0.0,1208
1209,0.8677232757507196,0.009317684860626946,0.00018286705017089844,0.8902323537240734,1.0507399380620326,0.0,0.0,1209
1210,0.8684894356019917,0.00931576704950127,0.00018024444580078125,0.8902334812381824,1.0507439283433575,0.0,0.0,1210
1211,0.8677949412723127,0.009313851210418072,0.0001773834228515625,0.8902341847526917,1.0507481313851088,0.0,0.0,1211
1212,0.8671015651106787,0.009311937339730294,0.00017976760864257812,0.8902357589477075,1.0507525122115324,0.0,0.0,1212
1213,0.8670262315253405,0.009310025433800623,0.00019121170043945312,0.8902369327219611,1.0507570102085726,0.0,0.0,1213
1214,0.8667408349018885,0.009308115489001439,0.00018334388732910156,0.8902380839589432,1.0507617409242014,0.0,0.0,1214
1215,0.8662539777751719,0.009306207501714786,0.00017952919006347656,0.8902391993687752,1.0507664947175726,0.0,0.0,1215
1216,0.8657072648438143,0.009304301468332351,0.0001838207244873047,0.8902400013155598,1.0507716923864892,0.0,0.0,1216
1217,0.8650183406703247,0.009302397385255413,0.00017833709716796875,0.890241403558962,1.0507768840772738,0.0,0.0,1217
1218,0.8651520292400496,0.009300495248894819,0.000194549560546875,0.8902429054576148,1.0507828046973495,0.0,0.0,1218
1219,0.8659059048207017,0.009298595055670949,0.0001819133758544922,0.8902443643481794,1.050788871088328,0.0,0.0,1219
1220,0.8655793499072357,0.009296696802013681,0.0001842975616455078,0.8902461767746701,1.0507963708282846,0.0,0.0,1220
1221,0.864892603423732,0.009294800484362367,0.00017833709716796875,0.8902479869074896,1.0508038617472202,0.0,0.0,1221
1222,0.8647273121371413,0.009292906099165785,0.00018334388732910156,0.8902498016748344,1.0508104588465716,0.0,0.0,1222
1223,0.8642990103537103,0.009291013642882116,0.00019216537475585938,0.8902516578587474,1.0508171356865312,0.0,0.0,1223
1224,0.8639715162877395,0.009289123111978916,0.00017881393432617188,0.8902539445472142,1.0508244409819412,0.0,0.0,1224
1225,0.8640355163530686,0.009287234502933067,0.00017714500427246094,0.8902554559219124,1.0508307182714554,0.0,0.0,1225
1226,0.8634500311153347,0.009285347812230765,0.00017905235290527344,0.8902581417974207,1.0508381270003921,0.0,0.0,1226
1227,0.8660531996630865,0.009283463036367475,0.0001785755157470703,0.8902603468143866,1.0508461492486327,0.0,0.0,1227
1228,0.8660665119775497,0.0092815801718479,0.00019741058349609375,0.8902624012394851,1.0508536391951466,0.0,0.0,1228
1229,0.8658801847854873,0.009279699215185951,0.00017952919006347656,0.8902645559321114,1.0508608692234644,0.0,0.0,1229
1230,0.8656628301147218,0.009277820162904724,0.00018644332885742188,0.8902667243775848,1.050868319516202,0.0,0.0,1230
1231,0.8656479533573518,0.009275943011536447,0.00018024444580078125,0.8902689381535953,1.0508759991305823,0.0,0.0,1231
1232,0.8654884714251427,0.009274067757622474,0.00019097328186035156,0.8902710819628082,1.0508837792377952,0.0,0.0,1232
1233,0.8672458645086684,0.009272194397713233,0.00018167495727539062,0.890273227665794,1.0508910714783841,0.0,0.0,1233
1234,0.8665648574577145,0.009270322928368208,0.0001800060272216797,0.8902753706900941,1.0508983552592845,0.0,0.0,1234
1235,0.8660449898688125,0.009268453346155902,0.00017905235290527344,0.8902773635165364,1.0509060292485675,0.0,0.0,1235
1236,0.8670975742212552,0.009266585647653806,0.00018262863159179688,0.890279565277842,1.050913491033012,0.0,0.0,1236
1237,0.867963866662887,0.009264719829448369,0.0001876354217529297,0.8902816774799907,1.0509204831244003,0.0,0.0,1237
1238,0.8679721441534247,0.00926285588813497,0.00018262863159179688,0.8902836777182394,1.0509277129768746,0.0,0.0,1238
1239,0.868155814397815,0.009260993820317887,0.00017976760864257812,0.8902856991961703,1.0509350911976645,0.0,0.0,1239
1240,0.8679657717377909,0.00925913362261026,0.00017952919006347656,0.8902878756924661,1.0509432330997635,0.0,0.0,1240
1241,0.8675059884269725,0.009257275291634068,0.00017976760864257812,0.8902900716398363,1.050951344784412,0.0,0.0,1241
1242,0.8675066415370843,0.0092554188240201,0.0002009868621826172,0.8902925374329689,1.0509595308086004,0.0,0.0,1242
1243,0.8676169128108927,0.009253564216407916,0.00018072128295898438,0.8902945740635703,1.050967751267923,0.0,0.0,1243
1244,0.8676664820232209,0.009251711465445827,0.00018095970153808594,0.8902965373703674,1.050976233129071,0.0,0.0,1244
1245,0.8669911111212941,0.009249860567790862,0.0001900196075439453,0.890298498244922,1.0509847051488892,0.0,0.0,1245
1246,0.8666250688483248,0.009248011520108727,0.0001819133758544922,0.8903003261864805,1.0509930985848033,0.0,0.0,1246
1247,0.8661706579883642,0.009246164319073802,0.00019311904907226562,0.8903019077006452,1.0510013382610337,0.0,0.0,1247
1248,0.8662407520032482,0.009244318961369081,0.00018596649169921875,0.8903039394487824,1.0510092775146944,0.0,0.0,1248
1249,0.866830648225613,0.009242475443686171,0.00018095970153808594,0.8903047278852085,1.0510171780890973,0.0,0.0,1249
1250,0.866475682532986,0.009240633762725237,0.0001823902130126953,0.8903054890442991,1.0510251015023377,0.0,0.0,1250
1251,0.8658045264041502,0.009238793915194988,0.00018453598022460938,0.8903066499101623,1.0510327964036406,0.0,0.0,1251
1252,0.86530020536605,0.00923695589781265,0.0001881122589111328,0.8903085001703185,1.0510413157585592,0.0,0.0,1252
1253,0.8647400308203622,0.009235119707303929,0.0001842975616455078,0.8903106185278199,1.0510508151334326,0.0,0.0,1253
1254,0.8640715016091974,0.009233285340402984,0.00018477439880371094,0.890313133519075,1.0510600849003182,0.0,0.0,1254
1255,0.864990368092861,0.009231452793852409,0.0001862049102783203,0.890315659254897,1.0510691402333712,0.0,0.0,1255
1256,0.8643227022746534,0.00922962206440318,0.0001964569091796875,0.8903181818999513,1.0510781851230646,0.0,0.0,1256
1257,0.863663371334114,0.009227793148814662,0.0001857280731201172,0.8903201979974508,1.0510869162382317,0.0,0.0,1257
1258,0.8638977812598209,0.009225966043854547,0.00019288063049316406,0.8903225365393683,1.0510953462328971,0.0,0.0,1258
1259,0.8640064402536993,0.009224140746298841,0.00018739700317382812,0.8903252249563127,1.0511045209144247,0.0,0.0,1259
1260,0.8649724378011647,0.009222317252931848,0.00018358230590820312,0.8903279718887902,1.0511134847790824,0.0,0.0,1260
1261,0.8649345290943661,0.009220495560546113,0.0001976490020751953,0.8903307792578662,1.051122357768974,0.0,0.0,1261
1262,0.864615023945411,0.009218675665942424,0.00018477439880371094,0.8903333566988735,1.0511311555776444,0.0,0.0,1262
1263,0.8686258557964218,0.009216857565929763,0.00018548965454101562,0.8903337273020626,1.0511396787276086,0.0,0.0,1263
1264,0.8682354720811548,0.009215041257325293,0.00018548965454101562,0.8903340728051978,1.0511484693278974,0.0,0.0,1264
1265,0.8680335524733305,0.00921322673695432,0.00018477439880371094,0.8903343871828363,1.0511574419985545,0.0,0.0,1265
1266,0.8673685736286392,0.009211414001650273,0.00019621849060058594,0.8903347011454334,1.0511664044143834,0.0,0.0,1266
1267,0.867586893643385,0.00920960304825467,0.000186920166015625,0.8903349922181024,1.0511752854619067,0.0,0.0,1267
1268,0.8684102696356969,0.009207793873617098,0.00018405914306640625,0.8903353336907449,1.0511838883021953,0.0,0.0,1268
1269,0.8682030930524919,0.009205986474595187,0.0001857280731201172,0.8903356333843636,1.0511928306299825,0.0,0.0,1269
1270,0.870508237956142,0.009204180848054572,0.00020122528076171875,0.8903353264634809,1.0512005799794957,0.0,0.0,1270
1271,0.8712460773310322,0.009202376990868878,0.0001842975616455078,0.8903349860950985,1.0512081168047809,0.0,0.0,1271
1272,0.8732141653485389,0.009200574899919689,0.0001881122589111328,0.890334410081243,1.051214972013841,0.0,0.0,1272
1273,0.8734332410775256,0.00919877457209652,0.00018715858459472656,0.8903336340145915,1.0512220334137183,0.0,0.0,1273
1274,0.8729478880524772,0.00919697600429679,0.00018405914306640625,0.8903327760437676,1.0512293399892416,0.0,0.0,1274
1275,0.8722837174201749,0.009195179193425803,0.00019788742065429688,0.8903319190578185,1.0512366383418998,0.0,0.0,1275
1276,0.8732274600902747,0.009193384136396716,0.00019025802612304688,0.8903309687017605,1.0512436898181887,0.0,0.0,1276
1277,0.8738760848987873,0.009191590830130509,0.00018835067749023438,0.8903297391453157,1.051250493167691,0.0,0.0,1277
1278,0.8746009449608668,0.00918979927155597,0.0001862049102783203,0.8903287063949105,1.0512566921526434,0.0,0.0,1278
1279,0.8746764093996586,0.00918800945760966,0.00018668174743652344,0.8903275922569808,1.0512626624773627,0.0,0.0,1279
1280,0.8740135326956521,0.00918622138523589,0.0001964569091796875,0.8903264794044321,1.0512686261866657,0.0,0.0,1280
1281,0.8737821069735064,0.009184435051386695,0.00018525123596191406,0.8903253125785356,1.0512747270051859,0.0,0.0,1281
1282,0.8741613293137175,0.00918265045302181,0.00018835067749023438,0.890323470971679,1.0512800959402717,0.0,0.0,1282
1283,0.8766133426399444,0.009180867587108645,0.00018453598022460938,0.8903215877453005,1.0512849091435674,0.0,0.0,1283
1284,0.8763399715981395,0.009179086450622258,0.00019598007202148438,0.8903196503873678,1.0512898703385343,0.0,0.0,1284
1285,0.8759923883734984,0.009177307040545325,0.00019598007202148438,0.8903176859082086,1.0512949913562764,0.0,0.0,1285
1286,0.8762244620025044,0.00917552935386813,0.0001862049102783203,0.8903161128879801,1.0512997257389736,0.0,0.0,1286
1287,0.875663750378707,0.009173753387588522,0.00019073486328125,0.8903143929358367,1.0513048597727295,0.0,0.0,1287
1288,0.8753279300016522,0.009171979138711903,0.00020170211791992188,0.8903126608827907,1.0513101444996813,0.0,0.0,1288
1289,0.8749180107472019,0.009170206604251193,0.000186920166015625,0.8903108944597937,1.0513156255351235,0.0,0.0,1289
1290,0.8758102563420487,0.009168435781226815,0.00018548965454101562,0.8903092707259576,1.0513208948181665,0.0,0.0,1290
1291,0.8753180980742244,0.009166666666666667,0.00018787384033203125,0.8903075597976036,1.0513264463952003,0.0,0.0,1291
1292,0.8749484774567087,0.009164899257606092,0.00018930435180664062,0.890305820252745,1.0513322375296168,0.0,0.0,1292
1293,0.8745745944558048,0.009163133551087861,0.00020384788513183594,0.8903040132449647,1.0513383275483574,0.0,0.0,1293
1294,0.8745886653296837,0.009161369544162148,0.00019097328186035156,0.8903021584592671,1.051344112134763,0.0,0.0,1294
1295,0.8739334427010214,0.0091596072338865,0.00019025802612304688,0.8903003058120555,1.0513498903992544,0.0,0.0,1295
1296,0.8743586471974333,0.009157846617325818,0.00018835067749023438,0.8902983846883745,1.0513551686801064,0.0,0.0,1296
1297,0.8739235020091783,0.009156087691552333,0.0001876354217529297,0.8902964794970538,1.0513605294211466,0.0,0.0,1297
1298,0.8741564998712987,0.009154330453645575,0.00018978118896484375,0.8902937750291321,1.0513666237499946,0.0,0.0,1298
1299,0.8739285010332355,0.009152574900692365,0.00018930435180664062,0.8902926193079188,1.0513728579632227,0.0,0.0,1299
1300,0.8737865438078583,0.009150821029786768,0.00018668174743652344,0.8902904703485308,1.0513797776887808,0.0,0.0,1300
1301,0.8740709281038828,0.0091490688380301,0.00019049644470214844,0.890288383982543,1.0513865798532236,0.0,0.0,1301
1302,0.8735710359866823,0.009147318322530868,0.00019931793212890625,0.8902870464052731,1.0513929300118368,0.0,0.0,1302
1303,0.8735483547354363,0.009145569480404778,0.00019025802612304688,0.890284886264358,1.051400169929535,0.0,0.0,1303
1304,0.8737111905254658,0.009143822308774696,0.00018548965454101562,0.8902835562267376,1.0514065117591298,0.0,0.0,1304
1305,0.8750450885681003,0.009142076804770624,0.00019073486328125,0.8902813431709273,1.0514134018888128,0.0,0.0,1305
1306,0.8746261559001456,0.009140332965529688,0.0001900196075439453,0.8902798592863188,1.0514196574874028,0.0,0.0,1306
1307,0.8741090423943632,0.009138590788196104,0.00020241737365722656,0.8902769614579811,1.0514254110431558,0.0,0.0,1307
1308,0.8737268702652503,0.009136850269921159,0.00018930435180664062,0.8902750136014902,1.0514305471515117,0.0,0.0,1308
1309,0.8747175047826595,0.009135111407863186,0.0001964569091796875,0.8902727484686227,1.0514362309608742,0.0,0.0,1309
1310,0.8750198105218671,0.009133374199187545,0.0001900196075439453,0.8902703142877381,1.0514405242086253,0.0,0.0,1310
1311,0.8745675336139995,0.0091316386410666,0.00020599365234375,0.8902678654416711,1.05144502114597,0.0,0.0,1311
1312,0.8741753435706674,0.009129904730679693,0.00019407272338867188,0.8902652278031928,1.051448456435652,0.0,0.0,1312
1313,0.8738547226364352,0.009128172465213122,0.0001919269561767578,0.890262496096249,1.0514518161033721,0.0,0.0,1313
1314,0.8738072307522392,0.009126441841860122,0.00019025802612304688,0.8902597581983349,1.0514554340067954,0.0,0.0,1314
1315,0.8741076099165869,0.009124712857820844,0.00019550323486328125,0.8902574416660954,1.0514587355026621,0.0,0.0,1315
1316,0.8736783723913639,0.00912298551030232,0.0002033710479736328,0.8902550448698803,1.0514622443960162,0.0,0.0,1316
1317,0.8740747267598984,0.009121259796518458,0.00019311904907226562,0.8902530336666292,1.051465414696991,0.0,0.0,1317
1318,0.8742376870161013,0.009119535713690008,0.0001952648162841797,0.8902514108183808,1.051468228700397,0.0,0.0,1318
1319,0.8739584682598511,0.009117813259044547,0.00018906593322753906,0.8902497836998928,1.0514712142461584,0.0,0.0,1319
1320,0.8739147561080324,0.009116092429816456,0.0001983642578125,0.8902482104555739,1.0514738478077987,0.0,0.0,1320
1321,0.8735431702961602,0.009114373223246885,0.0001926422119140625,0.8902458027288267,1.051477389495705,0.0,0.0,1321
1322,0.8737156458897255,0.009112655636583759,0.00019073486328125,0.8902437837458899,1.0514796179362846,0.0,0.0,1322
1323,0.8741105867730302,0.009110939667081729,0.00019311904907226562,0.8902421813412664,1.0514815076165478,0.0,0.0,1323
1324,0.8742830902224619,0.009109225312002164,0.0001971721649169922,0.8902397576550897,1.0514839330925911,0.0,0.0,1324
1325,0.8738354814219035,0.009107512568613129,0.00020360946655273438,0.8902381962784102,1.051485740611176,0.0,0.0,1325
1326,0.8731962164281815,0.00910580143418936,0.0001938343048095703,0.8902366366542154,1.0514875465114835,0.0,0.0,1326
1327,0.8734656415977783,0.009104091906012243,0.00019621849060058594,0.890234594262445,1.0514898294837303,0.0,0.0,1327
1328,0.874158533163551,0.009102383981369797,0.00019431114196777344,0.8902338124454927,1.0514910083035982,0.0,0.0,1328
1329,0.8741620832687123,0.00910067765755665,0.00019216537475585938,0.8902326639377748,1.051491642709179,0.0,0.0,1329
1330,0.8737321472571338,0.009098972931874012,0.00019502639770507812,0.8902322366890246,1.051491640830087,0.0,0.0,1330
1331,0.8735658171600829,0.00909726980162967,0.0001983642578125,0.8902309735664133,1.0514925884921142,0.0,0.0,1331
1332,0.8734897119724556,0.00909556826413795,0.00019311904907226562,0.8902297372000354,1.051493722733315,0.0,0.0,1332
1333,0.8732472442484299,0.009093868316719706,0.00019788742065429688,0.890229320742932,1.0514943823356315,0.0,0.0,1333
1334,0.8747346420120591,0.009092169956702293,0.00020956993103027344,0.8902276142144478,1.051496030836672,0.0,0.0,1334
1335,0.8749574441152731,0.009090473181419555,0.000194549560546875,0.890225830320166,1.0514974042302483,0.0,0.0,1335
1336,0.877005227505908,0.009088777988211796,0.00019478797912597656,0.8902248157324574,1.0514978591027295,0.0,0.0,1336
1337,0.8774451518789083,0.009087084374425763,0.0001938343048095703,0.8902233562865964,1.0514976197204453,0.0,0.0,1337
1338,0.8772271468850598,0.009085392337414632,0.00019288063049316406,0.8902226255693761,1.0514967537960904,0.0,0.0,1338
1339,0.8767809485539398,0.00908370187453797,0.00019884109497070312,0.8902210795322728,1.0514968259112465,0.0,0.0,1339
1340,0.8769532729807455,0.009082012983161733,0.00019407272338867188,0.8902204027084906,1.051496749119145,0.0,0.0,1340
1341,0.8775479379539303,0.00908032566065824,0.0001990795135498047,0.890218911092387,1.0514966377027444,0.0,0.0,1341
1342,0.8773266467351327,0.00907863990440615,0.000194549560546875,0.8902182512470631,1.0514959491501141,0.0,0.0,1342
1343,0.8769039888484467,0.009076955711790438,0.000209808349609375,0.8902167741222112,1.051496131026532,0.0,0.0,1343
1344,0.8764415676331193,0.009075273080202392,0.00019550323486328125,0.8902152686668008,1.0514965343307245,0.0,0.0,1344
1345,0.8764723394906434,0.00907359200703957,0.00019168853759765625,0.8902137476313089,1.0514968242632887,0.0,0.0,1345
1346,0.8760738590535222,0.009071912489705803,0.00019240379333496094,0.8902131966179644,1.0514962510284738,0.0,0.0,1346
1347,0.8754427431278524,0.009070234525611159,0.00021123886108398438,0.8902118520188822,1.0514964488427205,0.0,0.0,1347
1348,0.8748401270660754,0.00906855811217193,0.0001957416534423828,0.890210145309505,1.0514966554001193,0.0,0.0,1348
1349,0.8765554995944246,0.009066883246810608,0.0001995563507080078,0.890207782751677,1.0514958800797547,0.0,0.0,1349
1350,0.8762328214637841,0.009065209926955878,0.00019407272338867188,0.8902054140524172,1.0514954493001385,0.0,0.0,1350
1351,0.8760127868523063,0.009063538150042577,0.00019311904907226562,0.8902038493138753,1.0514945120118113,0.0,0.0,1351
1352,0.8764399529693061,0.009061867913511698,0.00020241737365722656,0.8902013192619961,1.0514950586008,0.0,0.0,1352
1353,0.8761637577628605,0.009060199214810353,0.0002009868621826172,0.8901987664101029,1.051495750446988,0.0,0.0,1353
1354,0.8759899242069055,0.009058532051391767,0.00019407272338867188,0.8901970637988894,1.0514959016363827,0.0,0.0,1354
1355,0.8761337405453333,0.009056866420715244,0.00019550323486328125,0.8901946358620281,1.0514966416125937,0.0,0.0,1355
1356,0.8758464426694501,0.009055202320246168,0.00021409988403320312,0.8901921756584938,1.0514977937246643,0.0,0.0,1356
1357,0.8753934951270014,0.009053539747455963,0.00019550323486328125,0.890190405325761,1.0514985126399414,0.0,0.0,1357
1358,0.8758029046153424,0.009051878699822088,0.0001952648162841797,0.890188100909607,1.0514994718377983,0.0,0.0,1358
1359,0.8751774666166307,0.009050219174828018,0.00019812583923339844,0.8901865827391379,1.0514996705813282,0.0,0.0,1359
1360,0.8745530076610908,0.009048561169963209,0.00019979476928710938,0.8901842833862754,1.0515006285216235,0.0,0.0,1360
1361,0.8739356441879536,0.009046904682723109,0.00021123886108398438,0.8901826972663334,1.0515009273053304,0.0,0.0,1361
1362,0.8736279027400571,0.009045249710609105,0.00020074844360351562,0.8901802810391467,1.0515021638241953,0.0,0.0,1362
1363,0.8740393542032703,0.009043596251128537,0.0001995563507080078,0.8901790138933805,1.0515022606742956,0.0,0.0,1363
1364,0.8747877757969845,0.009041944301794651,0.0001990795135498047,0.8901776438491855,1.0515034860950436,0.0,0.0,1364
1365,0.8741659283290689,0.009040293860126603,0.00020647048950195312,0.8901762752950692,1.0515047105869044,0.0,0.0,1365
1366,0.8738000000140119,0.009038644923649426,0.00019788742065429688,0.890174902406927,1.0515061122261629,0.0,0.0,1366
1367,0.8736002056278848,0.009036997489894023,0.0001995563507080078,0.8901733325480684,1.0515078063077912,0.0,0.0,1367
1368,0.8729804606049062,0.009035351556397137,0.00020384788513183594,0.8901725404024112,1.0515087465865907,0.0,0.0,1368
1369,0.8726346368192164,0.009033707120701343,0.00020051002502441406,0.8901709223414161,1.0515105748514355,0.0,0.0,1369
1370,0.872414410861567,0.009032064180355025,0.00021195411682128906,0.8901690974858161,1.0515123638907053,0.0,0.0,1370
1371,0.871796882846837,0.009030422732912357,0.00019788742065429688,0.8901672746171561,1.0515141513841761,0.0,0.0,1371
1372,0.872734036759957,0.009028782775933292,0.00019788742065429688,0.8901658349260972,1.051515672644751,0.0,0.0,1372
1373,0.8727091581498647,0.009027144306983537,0.00020003318786621094,0.8901645104346517,1.0515173750782694,0.0,0.0,1373
1374,0.8723352696105034,0.009025507323634531,0.00021076202392578125,0.8901631612667293,1.0515191629460572,0.0,0.0,1374
1375,0.872242409239429,0.009023871823463448,0.00020051002502441406,0.8901617920687567,1.0515211734292997,0.0,0.0,1375
1376,0.8728112348651289,0.009022237804053153,0.000202178955078125,0.8901603775361882,1.0515229058457656,0.0,0.0,1376
1377,0.8737580108125609,0.009020605262992204,0.00020170211791992188,0.890159347354742,1.0515248140477813,0.0,0.0,1377
1378,0.8731424895373658,0.009018974197874821,0.00021004676818847656,0.8901583182751195,1.051526720574185,0.0,0.0,1378
1379,0.8727281643652391,0.009017344606300885,0.00019788742065429688,0.8901572807022805,1.0515287076768445,0.0,0.0,1379
1380,0.872990133925672,0.009015716485875897,0.00020074844360351562,0.8901562858858975,1.0515300068626692,0.0,0.0,1380
1381,0.8729745214015199,0.009014089834210988,0.00020384788513183594,0.8901553546088121,1.051531266299382,0.0,0.0,1381
1382,0.8723614140693033,0.009012464648922875,0.00020170211791992188,0.8901544243216774,1.0515325247784215,0.0,0.0,1382
1383,0.8737518400962949,0.00901084092763387,0.00020575523376464844,0.8901528828390022,1.0515332918406555,0.0,0.0,1383
1384,0.8749122726290953,0.00900921866797184,0.00019979476928710938,0.8901511605762628,1.0515341454633325,0.0,0.0,1384
1385,0.8744071867830503,0.009007597867570204,0.0001990795135498047,0.8901500069001638,1.051535703261387,0.0,0.0,1385
1386,0.8747290479019368,0.009005978524067912,0.00020194053649902344,0.8901492317468245,1.0515369806069788,0.0,0.0,1386
1387,0.8749930900077635,0.009004360635109426,0.00021266937255859375,0.8901496594212404,1.0515372116190707,0.0,0.0,1387
1388,0.874548091135944,0.009002744198344709,0.00020360946655273438,0.8901492705596422,1.0515383550635327,0.0,0.0,1388
1389,0.8749441375787137,0.009001129211429197,0.00019788742065429688,0.8901492874958761,1.0515385417721812,0.0,0.0,1389
1390,0.8745894440802544,0.008999515672023799,0.0002014636993408203,0.8901492286217852,1.051538960916675,0.0,0.0,1390
1391,0.8739791494358878,0.008997903577794866,0.00020360946655273438,0.8901484128914597,1.0515401138481544,0.0,0.0,1391
1392,0.8737021145086263,0.008996292926414176,0.00020074844360351562,0.8901489129659045,1.05154123979144,0.0,0.0,1392
1393,0.8737057127648067,0.00899468371555893,0.00020360946655273438,0.8901489147547602,1.0515428820070698,0.0,0.0,1393
1394,0.8754097439972985,0.008993075942911719,0.0002033710479736328,0.890150021019316,1.0515447794174007,0.0,0.0,1394
1395,0.8749067159974342,0.008991469606160518,0.0002048015594482422,0.8901502879202594,1.051547677456649,0.0,0.0,1395
1396,0.8755972758360963,0.008989864702998666,0.00021505355834960938,0.8901506146318675,1.0515501513063963,0.0,0.0,1396
1397,0.8758254288659494,0.008988261231124854,0.00019884109497070312,0.8901508341366838,1.0515529016308556,0.0,0.0,1397
1398,0.8753973867604387,0.0089866591882431,0.00020647048950195312,0.8901517903386417,1.0515550305096968,0.0,0.0,1398
1399,0.8753282656000253,0.008985058572062738,0.000202178955078125,0.8901523775447205,1.0515583406700677,0.0,0.0,1399
1400,0.874170986818874,0.00898345938029841,2.6334104537963867,0.8852353061198107,1.033377222823316,0.0,0.0,1400
1401,0.87384188178095,0.008981861610670033,0.0003941059112548828,0.8852312217959772,1.03337491823051,0.0,0.0,1401
1402,0.8740788428600055,0.008980265260902797,0.0002753734588623047,0.8852271287285574,1.0333755311069734,0.0,0.0,1402
1403,0.873691289900106,0.008978670328727144,0.0002319812774658203,0.885224016745256,1.0333746825905405,0.0,0.0,1403
1404,0.874337796512654,0.00897707681187875,0.00022339820861816406,0.8852206768528404,1.0333736318142923,0.0,0.0,1404
1405,0.8739979616914333,0.008975484708098513,0.00022292137145996094,0.8852171198865106,1.033373722004343,0.0,0.0,1405
1406,0.8744611325959033,0.008973894015132537,0.0002281665802001953,0.8852140350444664,1.0333730028679218,0.0,0.0,1406
1407,0.8738590950181547,0.008972304730732114,0.0002117156982421875,0.8852103865757663,1.0333731955166972,0.0,0.0,1407
1408,0.8738445758102177,0.008970716852653708,0.0002124309539794922,0.8852072818714939,1.0333722266054357,0.0,0.0,1408
1409,0.8741408468156805,0.008969130378658943,0.00021028518676757812,0.8852037667894825,1.0333726483431307,0.0,0.0,1409
1410,0.8741656140365981,0.008967545306514587,0.00022149085998535156,0.885201112700167,1.0333716003031783,0.0,0.0,1410
1411,0.8738221060961279,0.00896596163399253,0.00020742416381835938,0.8851976509520897,1.0333727346794772,0.0,0.0,1411
1412,0.8732226224219698,0.00896437935886978,0.00020933151245117188,0.8851944589100205,1.0333731230735113,0.0,0.0,1412
1413,0.87277746458023,0.008962798478928436,0.0002052783966064453,0.8851913087311611,1.033374389415982,0.0,0.0,1413
1414,0.8738259047850544,0.008961218991955682,0.0002200603485107422,0.8851886307868244,1.033375590773747,0.0,0.0,1414
1415,0.8736963412854458,0.008959640895743765,0.0002040863037109375,0.8851868786097444,1.0333757581277268,0.0,0.0,1415
1416,0.8730986657357657,0.008958064188089985,0.00020623207092285156,0.8851839940202333,1.0333780399769352,0.0,0.0,1416
1417,0.8729233248140835,0.008956488866796676,0.00020456314086914062,0.8851818363938802,1.0333795520088342,0.0,0.0,1417
1418,0.8728349675011869,0.00895491492967119,0.00021910667419433594,0.8851792080428824,1.0333821624687318,0.0,0.0,1418
1419,0.87233589437911,0.008953342374525894,0.00020623207092285156,0.8851769359905952,1.0333840818961237,0.0,0.0,1419
1420,0.8723117995724652,0.008951771199178135,0.0002143383026123047,0.8851744018765493,1.0333865403288314,0.0,0.0,1420
1421,0.8720939361135934,0.008950201401450242,0.0002048015594482422,0.88517190909293,1.033389216592707,0.0,0.0,1421
1422,0.8716951180148806,0.008948632979169502,0.00020766258239746094,0.8851692541040825,1.0333913063909206,0.0,0.0,1422
1423,0.8715360219769392,0.00894706593016815,0.000217437744140625,0.8851666685605066,1.033393685353875,0.0,0.0,1423
1424,0.8732326371999384,0.008945500252283353,0.00020813941955566406,0.8851641653889117,1.0333960744734718,0.0,0.0,1424
1425,0.8728249784558517,0.008943935943357191,0.0002071857452392578,0.8851614113423847,1.0333991207663515,0.0,0.0,1425
1426,0.8727141948594375,0.008942373001236653,0.00020813941955566406,0.885158912509784,1.0334020467646496,0.0,0.0,1426
1427,0.8732764126724848,0.008940811423773606,0.00021910667419433594,0.8851564662518079,1.0334037978917583,0.0,0.0,1427
1428,0.8729340328890696,0.008939251208824798,0.0002079010009765625,0.8851538438115631,1.0334066463734652,0.0,0.0,1428
1429,0.8725233959070795,0.008937692354251837,0.00020647048950195312,0.8851512560367044,1.0334096944335867,0.0,0.0,1429
1430,0.8720888161338041,0.008936134857921168,0.00020813941955566406,0.8851483415092869,1.033413480353409,0.0,0.0,1430
1431,0.8716202160799148,0.00893457871770407,0.000217437744140625,0.8851463507658989,1.0334158556974464,0.0,0.0,1431
1432,0.8711197756932006,0.008933023931476639,0.00020742416381835938,0.8851435254632244,1.0334190533537504,0.0,0.0,1432
1433,0.8707237842372564,0.00893147049711977,0.0002110004425048828,0.8851404422020345,1.0334227995052934,0.0,0.0,1433
1434,0.8703632338405072,0.008929918412519144,0.00020766258239746094,0.8851377384784097,1.0334262760396542,0.0,0.0,1434
1435,0.8704803335547442,0.00892836767556522,0.00021791458129882812,0.8851351186793369,1.0334297132684822,0.0,0.0,1435
1436,0.8722466870521611,0.008926818284153213,0.0002090930938720703,0.8851320281121517,1.0334353838549921,0.0,0.0,1436
1437,0.8723076152970329,0.008925270236183084,0.0002079010009765625,0.8851299170356343,1.0334394874141812,0.0,0.0,1437
1438,0.8736351767426258,0.008923723529559524,0.00020885467529296875,0.885126178165066,1.0334437203105915,0.0,0.0,1438
1439,0.8730469366554469,0.00892217816219194,0.0002105236053466797,0.8851224431302476,1.0334479491076256,0.0,0.0,1439
1440,0.8726628984990742,0.008920634131994445,0.00021386146545410156,0.8851187521455133,1.0334524897717174,0.0,0.0,1440
1441,0.8736322357453352,0.00891909143688584,0.00021338462829589844,0.8851151950434061,1.0334572024615658,0.0,0.0,1441
1442,0.8742646770120346,0.008917550074789601,0.0002167224884033203,0.885111670776314,1.0334614596404152,0.0,0.0,1442
1443,0.8743869728317765,0.008916010043633871,0.00020813941955566406,0.8851078109605599,1.0334653606010684,0.0,0.0,1443
1444,0.8746154450097197,0.00891447134135143,0.00021982192993164062,0.8851042188134105,1.0334689843937348,0.0,0.0,1444
1445,0.8747382694940604,0.008912933965879706,0.00020837783813476562,0.8851010072654116,1.0334724390176746,0.0,0.0,1445
1446,0.8746008273687402,0.008911397915160739,0.00020837783813476562,0.8850981587728427,1.0334755444038977,0.0,0.0,1446
1447,0.8747766805527389,0.008909863187141178,0.00020694732666015625,0.8850949643300843,1.0334787978201792,0.0,0.0,1447
1448,0.8741913823945766,0.008908329779772267,0.0002224445343017578,0.8850917731299234,1.0334820481848224,0.0,0.0,1448
1449,0.8742853211535614,0.008906797691009834,0.00021219253540039062,0.8850892644777067,1.033484847000164,0.0,0.0,1449
1450,0.8740435152415945,0.008905266918814268,0.00020885467529296875,0.8850865323917892,1.0334883672795174,0.0,0.0,1450
1451,0.8737897411009187,0.008903737461150519,0.00020933151245117188,0.8850838378826793,1.0334921601578622,0.0,0.0,1451
1452,0.8735423656993064,0.008902209315988067,0.00021982192993164062,0.8850814875504176,1.0334957792305433,0.0,0.0,1452
1453,0.8735180032105612,0.00890068248130093,0.00021004676818847656,0.8850788252648288,1.0335000813655617,0.0,0.0,1453
1454,0.875653099197258,0.008899156955067634,0.00021219253540039062,0.8850753995569424,1.033503407412539,0.0,0.0,1454
1455,0.8753251626838972,0.00889763273527121,0.00020813941955566406,0.8850718878692466,1.033507072621397,0.0,0.0,1455
1456,0.8749586014149061,0.008896109819899172,0.00022172927856445312,0.8850683208830509,1.0335109282309707,0.0,0.0,1456
1457,0.8745796622389422,0.008894588206943515,0.00021076202392578125,0.8850648290723178,1.033514879952826,0.0,0.0,1457
1458,0.8739983794968734,0.008893067894400692,0.00020813941955566406,0.8850613407917919,1.0335190192114287,0.0,0.0,1458
1459,0.8736582585637752,0.0088915488802716,0.0002086162567138672,0.8850579123739625,1.033523420268252,0.0,0.0,1459
1460,0.8733691520548115,0.008890031162561585,0.000209808349609375,0.8850547530786886,1.033527350699014,0.0,0.0,1460
1461,0.8740272645004437,0.008888514739280404,0.00021076202392578125,0.8850517816639852,1.0335311719397802,0.0,0.0,1461
1462,0.8744764799279265,0.008886999608442232,0.00021147727966308594,0.8850488842082319,1.0335347301849067,0.0,0.0,1462
1463,0.8745090369753786,0.008885485768065636,0.00021004676818847656,0.885045798241301,1.0335390779392493,0.0,0.0,1463
1464,0.8744161104979689,0.008883973216173568,0.000209808349609375,0.8850429020238394,1.0335421861635794,0.0,0.0,1464
1465,0.87600993091969,0.008882461950793358,0.00022792816162109375,0.8850403801509666,1.0335452026722418,0.0,0.0,1465
1466,0.875695452739093,0.008880951969956696,0.00021457672119140625,0.8850376396010188,1.033549214976238,0.0,0.0,1466
1467,0.8751169128398334,0.008879443271699606,0.0002129077911376953,0.8850351530897375,1.0335525177811689,0.0,0.0,1467
1468,0.8764955017377463,0.00887793585406246,0.0002105236053466797,0.8850317695607762,1.033555290848269,0.0,0.0,1468
1469,0.8759441141469132,0.008876429715089944,0.00022721290588378906,0.8850284018269161,1.033558449631717,0.0,0.0,1469
1470,0.8756208311170786,0.008874924852831062,0.00021457672119140625,0.8850250591951244,1.03356135744015,0.0,0.0,1470
1471,0.8759153908864682,0.008873421265339104,0.0002110004425048828,0.8850219483876824,1.0335640957629764,0.0,0.0,1471
1472,0.8771737700657265,0.008871918950671654,0.00021219253540039062,0.8850190172094966,1.0335668048639741,0.0,0.0,1472
1473,0.8769723027450457,0.008870417906890558,0.00022912025451660156,0.8850156088778786,1.0335698395805033,0.0,0.0,1473
1474,0.8768579353722415,0.008868918132061936,0.00021839141845703125,0.8850119158537848,1.0335717263334907,0.0,0.0,1474
1475,0.8765054597127245,0.008867419624256145,0.00021266937255859375,0.8850082897807852,1.033573713641581,0.0,0.0,1475
1476,0.8768100153407722,0.00886592238154778,0.00021338462829589844,0.8850050415526293,1.033575552218588,0.0,0.0,1476
1477,0.8762346468914973,0.008864426402015662,0.0002262592315673828,0.8850017965609217,1.0335773892651943,0.0,0.0,1477
1478,0.8762496366456316,0.00886293168374282,0.0002143383026123047,0.8849985884616425,1.0335794154102762,0.0,0.0,1478
1479,0.8757987074958384,0.008861438224816484,0.00022077560424804688,0.8849955536019152,1.0335818151777554,0.0,0.0,1479
1480,0.8754928079867774,0.00885994602332807,0.0002257823944091797,0.8849926346986844,1.0335845090540121,0.0,0.0,1480
1481,0.8749198640034714,0.008858455077373173,0.0002238750457763672,0.8849897186851635,1.0335872005290414,0.0,0.0,1481
1482,0.8748342088881842,0.00885696538505155,0.00021529197692871094,0.8849867925621521,1.0335902402781518,0.0,0.0,1482
1483,0.8744161887136609,0.008855476944467103,0.00021529197692871094,0.8849838957182615,1.033593485343657,0.0,0.0,1483
1484,0.8744822749094984,0.008853989753727882,0.0002155303955078125,0.8849810108513203,1.0335968309655357,0.0,0.0,1484
1485,0.8741384194749352,0.00885250381094606,0.0002269744873046875,0.8849781165444776,1.0336003817223312,0.0,0.0,1485
1486,0.8740120135984968,0.00885101911423793,0.00022149085998535156,0.8849752562496515,1.033604241924931,0.0,0.0,1486
1487,0.8761133282467176,0.008849535661723884,0.00021719932556152344,0.8849721665285998,1.0336079350706127,0.0,0.0,1487
1488,0.8762249976805815,0.008848053451528412,0.00021266937255859375,0.8849687054930115,1.0336118083584744,0.0,0.0,1488
1489,0.8758641057762733,0.00884657248178008,0.00022554397583007812,0.8849651969839561,1.033616104822956,0.0,0.0,1489
1490,0.8756294782401016,0.008845092750611528,0.00021386146545410156,0.884961739251481,1.0336207124730799,0.0,0.0,1490
1491,0.8750600650152214,0.00884361425615945,0.00021600723266601562,0.884958284938408,1.0336253157880377,0.0,0.0,1491
1492,0.8747410243669997,0.008842136996564588,0.00021767616271972656,0.884954642215417,1.0336297576648434,0.0,0.0,1492
1493,0.874356507079414,0.008840660969971718,0.0002295970916748047,0.88495102464762,1.0336346689408682,0.0,0.0,1493
1494,0.8756150114109605,0.008839186174529641,0.00022077560424804688,0.8849465036921296,1.0336388812793846,0.0,0.0,1494
1495,0.8752820606095428,0.008837712608391168,0.00021576881408691406,0.8849423605069565,1.0336442556864904,0.0,0.0,1495
1496,0.8764577630965849,0.008836240269713113,0.0002162456512451172,0.8849389579084087,1.0336506106609553,0.0,0.0,1496
1497,0.8775432144273684,0.008834769156656277,0.00022840499877929688,0.8849355930644848,1.0336570750837566,0.0,0.0,1497
1498,0.8772123705434441,0.00883329926738544,0.00021719932556152344,0.8849324021414579,1.0336637206858033,0.0,0.0,1498
1499,0.8780328161119996,0.008831830600069345,0.0002148151397705078,0.8849288339476208,1.0336700815143371,0.0,0.0,1499
1500,0.8776110512023931,0.008830363152880698,0.0002219676971435547,0.8849249829472785,1.0336769988172927,0.0,0.0,1500
1501,0.877759974326631,0.008828896923996143,0.00023317337036132812,0.884920518741473,1.0336825614328218,0.0,0.0,1501
1502,0.8773232799142224,0.008827431911596262,0.0002219676971435547,0.8849160015206955,1.0336884672848918,0.0,0.0,1502
1503,0.8786869799998399,0.008825968113865554,0.00021600723266601562,0.8849114391896871,1.0336945855066622,0.0,0.0,1503
1504,0.8789447695486312,0.008824505528992431,0.00021576881408691406,0.8849071614319035,1.033700199875332,0.0,0.0,1504
1505,0.8808024294459993,0.008823044155169208,0.0002276897430419922,0.8849025104164564,1.0337037312446575,0.0,0.0,1505
1506,0.880459294543975,0.008821583990592087,0.00021886825561523438,0.8848973198558215,1.0337085645587982,0.0,0.0,1506
1507,0.8801425077172631,0.008820125033461149,0.00021457672119140625,0.8848923741162108,1.0337127299837805,0.0,0.0,1507
1508,0.8802119165945081,0.008818667281980335,0.00021791458129882812,0.8848868937773647,1.033717500297365,0.0,0.0,1508
1509,0.8798953256053502,0.008817210734357457,0.0002276897430419922,0.8848816778339136,1.0337218288146703,0.0,0.0,1509
1510,0.8800939371792643,0.008815755388804159,0.0002181529998779297,0.8848768631652062,1.033726020988177,0.0,0.0,1510
1511,0.8798253354965493,0.008814301243535928,0.00021719932556152344,0.8848721114183958,1.0337310504702533,0.0,0.0,1511
1512,0.8796113858793063,0.00881284829677207,0.00021767616271972656,0.8848673061502086,1.0337357020148346,0.0,0.0,1512
1513,0.8793081129194635,0.00881139654673571,0.00021767616271972656,0.884862818502148,1.0337402476948396,0.0,0.0,1513
1514,0.8787445665055136,0.008809945991653769,0.00021719932556152344,0.8848583352575551,1.0337447891561105,0.0,0.0,1514
1515,0.8791147692927137,0.008808496629756963,0.00021505355834960938,0.8848540455544233,1.0337492858727635,0.0,0.0,1515
1516,0.878675582812014,0.008807048459279793,0.00021791458129882812,0.8848497971891942,1.0337540469774333,0.0,0.0,1516
1517,0.879345158958718,0.008805601478460524,0.00021886825561523438,0.8848454702348192,1.0337589943698542,0.0,0.0,1517
1518,0.8789936919038535,0.008804155685541189,0.00022220611572265625,0.8848411017400977,1.033762284987914,0.0,0.0,1518
1519,0.8793967060234946,0.008802711078767565,0.00021910667419433594,0.8848366897700689,1.0337656685401755,0.0,0.0,1519
1520,0.8796228947729219,0.008801267656389167,0.0002186298370361328,0.8848323149861418,1.033768822921641,0.0,0.0,1520
1521,0.879147583943469,0.008799825416659248,0.0002155303955078125,0.8848278458365395,1.0337720515869493,0.0,0.0,1521
1522,0.8789158411802526,0.008798384357834772,0.00022482872009277344,0.884823692322221,1.033775129625115,0.0,0.0,1522
1523,0.8793188833098691,0.008796944478176411,0.00021839141845703125,0.8848194226344819,1.033778483075394,0.0,0.0,1523
1524,0.8817612850957885,0.00879550577594854,0.00022268295288085938,0.8848148776969249,1.033780066680823,0.0,0.0,1524
1525,0.8813306570634537,0.008794068249419218,0.00021982192993164062,0.8848104051803923,1.0337814207129483,0.0,0.0,1525
1526,0.8811922473173643,0.008792631896860182,0.00023555755615234375,0.8848060109499627,1.0337825929886086,0.0,0.0,1526
1527,0.8817069734476907,0.008791196716546837,0.00022077560424804688,0.884801867096642,1.0337835156295052,0.0,0.0,1527
1528,0.8811886329564967,0.008789762706758245,0.0002193450927734375,0.8847971309155153,1.033784702424924,0.0,0.0,1528
1529,0.8809079311919574,0.008788329865777114,0.00021767616271972656,0.884792428033654,1.033785723298872,0.0,0.0,1529
1530,0.8803492799607701,0.008786898191889792,0.00023293495178222656,0.8847877297237916,1.0337867434927024,0.0,0.0,1530
1531,0.8800574079159112,0.008785467683386247,0.00022101402282714844,0.8847833326610487,1.0337875445787466,0.0,0.0,1531
1532,0.8802601112675126,0.00878403833856007,0.0002167224884033203,0.8847786290656066,1.0337885161144584,0.0,0.0,1532
1533,0.8800824286599027,0.008782610155708458,0.00022101402282714844,0.88477375724229,1.033789464362167,0.0,0.0,1533
1534,0.8797151455651862,0.008781183133132203,0.00023055076599121094,0.8847689563709438,1.0337906409435096,0.0,0.0,1534
1535,0.8794981675245911,0.008779757269135682,0.00022101402282714844,0.884764916196458,1.0337943647609888,0.0,0.0,1535
1536,0.8789426560640867,0.008778332562026855,0.0002205371856689453,0.8847608142453782,1.0337962287996505,0.0,0.0,1536
1537,0.8787597550710876,0.008776909010117245,0.00022125244140625,0.8847568324193003,1.033800225221138,0.0,0.0,1537
1538,0.8785138833939872,0.00877548661172193,0.0002319812774658203,0.8847524453477184,1.033803096131797,0.0,0.0,1538
1539,0.8788169543933462,0.008774065365159543,0.0002257823944091797,0.8847477858253647,1.0338058135031043,0.0,0.0,1539
1540,0.8787632329032679,0.008772645268752243,0.00022459030151367188,0.8847439363100031,1.033809928865867,0.0,0.0,1540
1541,0.8785233088918531,0.00877122632082573,0.00022339820861816406,0.8847393845806146,1.0338130526414968,0.0,0.0,1541
1542,0.877970580050328,0.008769808519709217,0.00023365020751953125,0.884735180673581,1.0338176780978308,0.0,0.0,1542
1543,0.8776286227539719,0.00876839186373542,0.00021910667419433594,0.8847306626110185,1.0338210386732447,0.0,0.0,1543
1544,0.8775296247548388,0.008766976351240562,0.00022029876708984375,0.8847265325700792,1.0338255429608914,0.0,0.0,1544
1545,0.8779306770953386,0.008765561980564354,0.00022125244140625,0.8847220571854281,1.0338287605705347,0.0,0.0,1545
1546,0.8792687459045148,0.00876414875004998,0.000232696533203125,0.8847178582586457,1.0338326539960123,0.0,0.0,1546
1547,0.8801544392263934,0.008762736658044102,0.00021958351135253906,0.8847134919403099,1.0338342430477878,0.0,0.0,1547
1548,0.8797702869844807,0.008761325702896844,0.00022172927856445312,0.8847095173921844,1.0338374406720163,0.0,0.0,1548
1549,0.879728779450933,0.008759915882961775,0.00022029876708984375,0.8847048720732377,1.0338408107313868,0.0,0.0,1549
1550,0.8794823698625742,0.008758507196595907,0.00023102760314941406,0.884700510941562,1.0338440506894242,0.0,0.0,1550
1551,0.879596688360498,0.008757099642159687,0.00022077560424804688,0.8846961750138711,1.033845640074675,0.0,0.0,1551
1552,0.8797849069218515,0.008755693218016987,0.00022339820861816406,0.8846921241016983,1.0338487294003897,0.0,0.0,1552
1553,0.8792350873182203,0.008754287922535086,0.00022339820861816406,0.8846880124546231,1.033849989928304,0.0,0.0,1553
1554,0.8786859187410857,0.008752883754084674,0.00024247169494628906,0.884684244207104,1.0338527366185724,0.0,0.0,1554
1555,0.8784513572623315,0.008751480711039835,0.00022459030151367188,0.8846805522152604,1.0338557499766383,0.0,0.0,1555
1556,0.877903451617062,0.008750078791778035,0.00022292137145996094,0.8846762505061437,1.0338576131340995,0.0,0.0,1556
1557,0.8775328353165989,0.008748677994680121,0.0002238750457763672,0.8846723337633499,1.0338593950774422,0.0,0.0,1557
1558,0.8769861620402748,0.008747278318130306,0.00022268295288085938,0.8846687589164796,1.033862656967574,0.0,0.0,1558
1559,0.8781437950576266,0.008745879760516164,0.00022125244140625,0.8846639652408033,1.0338642260585704,0.0,0.0,1559
1560,0.8779143331875298,0.008744482320228612,0.00022840499877929688,0.8846598696261313,1.0338671772994745,0.0,0.0,1560
1561,0.8781396744869938,0.00874308599566191,0.00023245811462402344,0.8846556133804314,1.0338704589630192,0.0,0.0,1561
1562,0.8781820604212832,0.008741690785213656,0.00022339820861816406,0.8846515978882511,1.0338716630161127,0.0,0.0,1562
1563,0.8778655199538576,0.00874029668728476,0.000225067138671875,0.8846476634817422,1.0338748763925374,0.0,0.0,1563
1564,0.8773777868771613,0.00873890370027945,0.00022482872009277344,0.8846433290012412,1.03387696362413,0.0,0.0,1564
1565,0.8776519421704988,0.008737511822605258,0.00023317337036132812,0.8846396911274067,1.0338802617870277,0.0,0.0,1565
1566,0.8775782114079297,0.008736121052673011,0.00022339820861816406,0.8846364351549098,1.0338835327154834,0.0,0.0,1566
1567,0.8771819076318522,0.008734731388896822,0.00022649765014648438,0.8846325974991555,1.0338859188485947,0.0,0.0,1567
1568,0.8777264486507282,0.008733342829694079,0.00022292137145996094,0.8846290467573151,1.0338899560183525,0.0,0.0,1568
1569,0.8777537545346495,0.008731955373485447,0.00023293495178222656,0.8846248831442692,1.0338929160671828,0.0,0.0,1569
1570,0.8777562309693132,0.008730569018694838,0.0002276897430419922,0.8846210359088167,1.0338955518268549,0.0,0.0,1570
1571,0.8778155986785745,0.008729183763749426,0.00022363662719726562,0.8846167486936415,1.0338983950550675,0.0,0.0,1571
1572,0.8774615318835046,0.008727799607079622,0.00022649765014648438,0.8846131240760019,1.0339024506654564,0.0,0.0,1572
1573,0.8770176794186406,0.00872641654711907,0.0002396106719970703,0.8846089880178469,1.0339056787283603,0.0,0.0,1573
1574,0.8778619879279308,0.008725034582304642,0.00022649765014648438,0.8846045642601074,1.0339083193103782,0.0,0.0,1574
1575,0.8774254934042538,0.008723653711076423,0.00022292137145996094,0.8845999153912257,1.033911149455738,0.0,0.0,1575
1576,0.8773080814096011,0.008722273931877704,0.0002307891845703125,0.8845958286703879,1.0339153209417666,0.0,0.0,1576
1577,0.8770530234083262,0.008720895243154982,0.00023412704467773438,0.8845912001984638,1.033918705645783,0.0,0.0,1577
1578,0.8771294666564995,0.008719517643357938,0.00022459030151367188,0.8845868569112305,1.0339216042749997,0.0,0.0,1578
1579,0.8768378734301789,0.008718141130939433,0.000225067138671875,0.8845826023584001,1.0339265251994996,0.0,0.0,1579
1580,0.8771000548134417,0.008716765704355511,0.000225067138671875,0.8845786354337161,1.0339295223953655,0.0,0.0,1580
1581,0.8775124117301687,0.008715391362065365,0.00023698806762695312,0.8845742745497615,1.0339328664957101,0.0,0.0,1581
1582,0.8772491512554645,0.00871401810253136,0.00022745132446289062,0.8845702006415874,1.0339361275642278,0.0,0.0,1582
1583,0.8768362411873258,0.008712645924219001,0.00022459030151367188,0.8845662288567767,1.0339414056483855,0.0,0.0,1583
1584,0.8764849438265481,0.00871127482559693,0.0002281665802001953,0.8845622157558699,1.0339449351694867,0.0,0.0,1584
1585,0.8763747590957062,0.008709904805136925,0.0002410411834716797,0.8845582694112789,1.0339487698167777,0.0,0.0,1585
1586,0.8758383668007695,0.008708535861313883,0.0002276897430419922,0.8845540600777554,1.0339529282628512,0.0,0.0,1586
1587,0.8753026563035263,0.008707167992605815,0.00022411346435546875,0.884550121103598,1.033956756212308,0.0,0.0,1587
1588,0.8749413593429782,0.008705801197493843,0.0002276897430419922,0.8845459634723918,1.0339610925269023,0.0,0.0,1588
1589,0.875432395365481,0.008704435474462183,0.00023865699768066406,0.8845421924959236,1.0339653464004095,0.0,0.0,1589
1590,0.8749661688779323,0.008703070821998136,0.0002281665802001953,0.8845386676513243,1.0339693278663118,0.0,0.0,1590
1591,0.8745042973813909,0.008701707238592093,0.00022602081298828125,0.8845349148228407,1.0339736427486268,0.0,0.0,1591
1592,0.8743462012978456,0.008700344722737511,0.0002288818359375,0.884531170145514,1.0339782775226374,0.0,0.0,1592
1593,0.8756228748522167,0.008698983272930913,0.0002429485321044922,0.8845278531174375,1.0339824696923006,0.0,0.0,1593
1594,0.8759071410160868,0.00869762288767188,0.0002288818359375,0.8845246613167262,1.0339867380277294,0.0,0.0,1594
1595,0.8753741211114576,0.008696263565463044,0.00022983551025390625,0.8845217368901944,1.0339906782276251,0.0,0.0,1595
1596,0.8763010235632521,0.008694905304810069,0.00022673606872558594,0.8845185542714161,1.0339949003487054,0.0,0.0,1596
1597,0.875949415201036,0.00869354810422166,0.00024175643920898438,0.8845153957317058,1.0339993113812256,0.0,0.0,1597
1598,0.8762990472996539,0.008692191962209543,0.0002295970916748047,0.8845122979688574,1.0340031940238814,0.0,0.0,1598
1599,0.8761475109859582,0.00869083687728846,0.0002276897430419922,0.8845087514915397,1.034006434141076,0.0,0.0,1599
1600,0.8747808201921309,0.008689482847976158,1.9450709819793701,0.8643094464612006,1.0673555538716173,1.0,0.0,1600
1601,0.8743803990683517,0.008688129872793389,0.00037598609924316406,0.864305678663249,1.0673603273495795,1.0,0.0,1601
1602,0.874113161207447,0.008686777950263899,0.0002765655517578125,0.8643028068562906,1.067365940286594,1.0,0.0,1602
1603,0.8735848358192941,0.008685427078914412,0.00025582313537597656,0.8642998671941515,1.0673705909331903,1.0,0.0,1603
1604,0.8730952875292677,0.008684077257274634,0.00025653839111328125,0.8642968600567599,1.0673765739418952,1.0,0.0,1604
1605,0.8725682640741163,0.008682728483877234,0.00024056434631347656,0.8642937853196527,1.0673815961039357,1.0,0.0,1605
1606,0.872548292890986,0.00868138075725785,0.0002353191375732422,0.8642908110060702,1.0673881413243862,1.0,0.0,1606
1607,0.872022227888556,0.008680034075955063,0.0002455711364746094,0.8642878192601985,1.0673932166066091,1.0,0.0,1607
1608,0.8716832165693789,0.00867868843851041,0.0002334117889404297,0.8642848203465223,1.0673984460465522,1.0,0.0,1608
1609,0.8723684091529795,0.008677343843468358,0.0002334117889404297,0.8642814144993375,1.06740524544633,1.0,0.0,1609
1610,0.8720872829538823,0.008676000289376306,0.00023651123046875,0.8642780409633065,1.0674111643126911,1.0,0.0,1610
1611,0.8717089132509847,0.008674657774784572,0.00024247169494628906,0.8642746205607454,1.0674172402067388,1.0,0.0,1611
1612,0.8715849919409414,0.008673316298246397,0.0002315044403076172,0.8642712153887885,1.0674235576876354,1.0,0.0,1612
1613,0.87201478066044,0.008671975858317919,0.0002319812774658203,0.8642678909008982,1.0674292084887722,1.0,0.0,1613
1614,0.8714912557504018,0.00867063645355818,0.00023317337036132812,0.8642646342646164,1.0674347938347761,1.0,0.0,1614
1615,0.8711638475121649,0.008669298082529111,0.000244140625,0.864261323145456,1.0674403555884222,1.0,0.0,1615
1616,0.8713577998654216,0.008667960743795534,0.0002357959747314453,0.864258135716327,1.0674457568924813,1.0,0.0,1616
1617,0.8717611527702247,0.008666624435925136,0.00023245811462402344,0.8642551044931284,1.0674505966074852,1.0,0.0,1617
1618,0.8720351606821617,0.008665289157488482,0.00023245811462402344,0.8642519781430248,1.0674558593494001,1.0,0.0,1618
1619,0.8717490143178912,0.008663954907058994,0.0002415180206298828,0.8642486509914042,1.0674614845629178,1.0,0.0,1619
1620,0.8713069916348231,0.008662621683212947,0.00023818016052246094,0.864245412583142,1.0674664260434514,1.0,0.0,1620
1621,0.8717662533291444,0.008661289484529466,0.00023484230041503906,0.8642425791296569,1.067471830819519,1.0,0.0,1621
1622,0.8712454029701254,0.008659958309590515,0.0002353191375732422,0.8642396890418533,1.0674770269180869,1.0,0.0,1622
1623,0.8715117941709671,0.008658628156980886,0.00023698806762695312,0.8642367296766483,1.067482915891236,1.0,0.0,1623
1624,0.8715921443926767,0.008657299025288195,0.00023508071899414062,0.8642336873570403,1.0674871166334718,1.0,0.0,1624
1625,0.8717069592031939,0.008655970913102877,0.00023412704467773438,0.8642305110901006,1.0674914826526092,1.0,0.0,1625
1626,0.8721214298364429,0.008654643819018178,0.0002467632293701172,0.8642275275099957,1.0674967023021802,1.0,0.0,1626
1627,0.8727301790209403,0.008653317741630143,0.00023317337036132812,0.864224633702955,1.067502145426235,1.0,0.0,1627
1628,0.8723169557610003,0.008651992679537611,0.0002346038818359375,0.864221664213363,1.0675069335855856,1.0,0.0,1628
1629,0.8727034211472944,0.008650668631342211,0.00023221969604492188,0.864218723039894,1.0675110059116417,1.0,0.0,1629
1630,0.8729134690947496,0.008649345595648355,0.0002493858337402344,0.8642157487148613,1.0675151664917695,1.0,0.0,1630
1631,0.8730437381572305,0.008648023571063219,0.0002372264862060547,0.8642128431684977,1.06751937181278,1.0,0.0,1631
1632,0.8728072286958365,0.008646702556196751,0.0002391338348388672,0.8642098486293109,1.0675236891243332,1.0,0.0,1632
1633,0.8728542959026078,0.008645382549661662,0.00023603439331054688,0.8642066869109576,1.0675282248517917,1.0,0.0,1633
1634,0.8726895053796725,0.008644063550073406,0.000244140625,0.864203556767321,1.0675325786193204,1.0,0.0,1634
1635,0.8722575351235973,0.008642745556050185,0.00023698806762695312,0.8642004018037435,1.0675370655562662,1.0,0.0,1635
1636,0.87191386141515,0.008641428566212939,0.00023603439331054688,0.8641971547197617,1.0675418523399478,1.0,0.0,1636
1637,0.8715933806452998,0.008640112579185339,0.00023412704467773438,0.8641939042715697,1.0675468520674452,1.0,0.0,1637
1638,0.871077711481407,0.008638797593593773,0.00024962425231933594,0.8641906567375213,1.0675518475910735,1.0,0.0,1638
1639,0.871018880016704,0.008637483608067357,0.00023555755615234375,0.864187289445988,1.067556992939232,1.0,0.0,1639
1640,0.8723194002339418,0.0086361706212379,0.00023555755615234375,0.8641839000301146,1.06756184299274,1.0,0.0,1640
1641,0.8727332451199366,0.008634858631739928,0.00024509429931640625,0.8641807739031167,1.0675662711536955,1.0,0.0,1641
1642,0.8728503047955936,0.008633547638210655,0.00023818016052246094,0.8641776462086128,1.0675709143031091,1.0,0.0,1642
1643,0.8731577183250506,0.008632237639289981,0.00024056434631347656,0.8641746365996005,1.0675754298149882,1.0,0.0,1643
1644,0.872643007968935,0.008630928633620494,0.00023698806762695312,0.864171629673139,1.0675799415791076,1.0,0.0,1644
1645,0.8735741462504066,0.00862962061984745,0.0002460479736328125,0.8641686617948874,1.067584141504123,1.0,0.0,1645
1646,0.8739882240972532,0.008628313596618779,0.00023674964904785156,0.8641660193208718,1.067588119114442,1.0,0.0,1646
1647,0.8749144408656659,0.008627007562585063,0.0002377033233642578,0.8641637017300511,1.0675918707721292,1.0,0.0,1647
1648,0.8743999452200226,0.008625702516399542,0.00023651123046875,0.8641613861792873,1.06759561938781,1.0,0.0,1648
1649,0.874512781214017,0.008624398456718104,0.0002472400665283203,0.8641590465460536,1.067599270783646,1.0,0.0,1649
1650,0.8740639847256083,0.00862309538219928,0.00023937225341796875,0.8641567098262398,1.067603086205479,1.0,0.0,1650
1651,0.8742181434999161,0.008621793291504228,0.00023555755615234375,0.864154400201551,1.0676069178876102,1.0,0.0,1651
1652,0.8737477551232081,0.008620492183296734,0.0002353191375732422,0.8641520925269837,1.0676109558412972,1.0,0.0,1652
1653,0.8739229139754578,0.008619192056243204,0.0002372264862060547,0.8641495245344109,1.0676149550111622,1.0,0.0,1653
1654,0.8734108511414695,0.008617892909012664,0.00023603439331054688,0.8641469588040644,1.0676189509242149,1.0,0.0,1654
1655,0.8730371878934317,0.008616594740276734,0.00023412704467773438,0.864144388457149,1.067623067533456,1.0,0.0,1655
1656,0.8725262589137596,0.008615297548709641,0.0002484321594238281,0.8641418203716986,1.0676271807829074,1.0,0.0,1656
1657,0.8720202017594205,0.008614001332988208,0.0002334117889404297,0.8641391190606516,1.067631445877597,1.0,0.0,1657
1658,0.8725587351179975,0.00861270609179184,0.0002353191375732422,0.8641365423484966,1.0676356120383395,1.0,0.0,1658
1659,0.872141226875238,0.00861141182380252,0.00023651123046875,0.8641339506805435,1.067639906618363,1.0,0.0,1659
1660,0.8723630425561912,0.008610118527704809,0.00025200843811035156,0.8641314704310105,1.067644154109182,1.0,0.0,1660
1661,0.872642360048717,0.00860882620218583,0.0002415180206298828,0.864129017748076,1.0676485328815541,1.0,0.0,1661
1662,0.8728529847510772,0.008607534845935273,0.00024247169494628906,0.8641268726826319,1.0676527174598112,1.0,0.0,1662
1663,0.8731347369619278,0.008606244457645377,0.00023937225341796875,0.864124473255068,1.0676569074356121,1.0,0.0,1663
1664,0.8741321035472547,0.008604955036010924,0.0002493858337402344,0.8641219418411618,1.0676608436960524,1.0,0.0,1664
1665,0.8750303702742871,0.008603666579729247,0.00024700164794921875,0.8641192761631816,1.0676651777109993,1.0,0.0,1665
1666,0.874652327285788,0.008602379087500204,0.0002396106719970703,0.8641164238070189,1.067669674510939,1.0,0.0,1666
1667,0.8746638133287713,0.008601092558026185,0.0002453327178955078,0.8641138140782221,1.0676742725246462,1.0,0.0,1667
1668,0.8744936634465782,0.0085998069900121,0.00023984909057617188,0.8641110517591167,1.0676791356799795,1.0,0.0,1668
1669,0.8740969553474665,0.008598522382165377,0.00023794174194335938,0.864108184877163,1.0676843581075541,1.0,0.0,1669
1670,0.8737717447652201,0.008597238733195947,0.00023937225341796875,0.8641052765738322,1.0676897846718436,1.0,0.0,1670
1671,0.8735814576226419,0.008595956041816248,0.0002503395080566406,0.8641024351084247,1.0676952695976536,1.0,0.0,1671
1672,0.8740367269592089,0.008594674306741212,0.00024080276489257812,0.8640996380917434,1.0677005301691649,1.0,0.0,1672
1673,0.8742513822793827,0.00859339352668826,0.00023889541625976562,0.8640968433681822,1.0677056914562146,1.0,0.0,1673
1674,0.8745256664338928,0.008592113700377296,0.0002422332763671875,0.864094117354615,1.0677103655043756,1.0,0.0,1674
1675,0.8740195182034388,0.008590834826530704,0.0002543926239013672,0.8640913937192038,1.0677150357203862,1.0,0.0,1675
1676,0.8745482514980756,0.008589556903873334,0.00024199485778808594,0.8640886286229091,1.0677193091868618,1.0,0.0,1676
1677,0.8753270082968536,0.008588279931132503,0.0002422332763671875,0.8640859653780498,1.0677235510142191,1.0,0.0,1677
1678,0.874821336831635,0.00858700390703799,0.000240325927734375,0.8640833044512403,1.0677277894032793,1.0,0.0,1678
1679,0.8745014893419605,0.008585728830322015,0.00024199485778808594,0.8640805938865733,1.0677322551604498,1.0,0.0,1679
1680,0.8743563848649191,0.008584454699719255,0.00023865699768066406,0.86407796444325,1.0677365425097165,1.0,0.0,1680
1681,0.8738521852358739,0.008583181513966824,0.00024080276489257812,0.8640753372830386,1.067740826386821,1.0,0.0,1681
1682,0.8746248883778731,0.008581909271804264,0.0002529621124267578,0.8640726054487174,1.0677447100499098,1.0,0.0,1682
1683,0.8746020521090084,0.008580637971973549,0.0002429485321044922,0.8640699518087538,1.0677486952974902,1.0,0.0,1683
1684,0.8748165692640762,0.008579367613219077,0.00024247169494628906,0.864067152954729,1.067752660849921,1.0,0.0,1684
1685,0.875757707299117,0.008578098194287656,0.00023937225341796875,0.864064441735271,1.0677565715347523,1.0,0.0,1685
1686,0.8754140952115151,0.0085768297139285,0.0002510547637939453,0.8640617348808937,1.0677605767239609,1.0,0.0,1686
1687,0.8751194615885493,0.00857556217089324,0.000244140625,0.8640589738058898,1.0677637821607977,1.0,0.0,1687
1688,0.8747731056770067,0.008574295563935888,0.00023937225341796875,0.8640562784369726,1.0677681509804289,1.0,0.0,1688
1689,0.8745154939976887,0.008573029891812854,0.00024080276489257812,0.8640534665749635,1.0677718292534788,1.0,0.0,1689
1690,0.8749403759684766,0.008571765153282934,0.0002448558807373047,0.8640504915207993,1.0677765044921532,1.0,0.0,1690
1691,0.8746067094623023,0.008570501347107302,0.00023794174194335938,0.8640471753336052,1.0677804292083255,1.0,0.0,1691
1692,0.8744819084224835,0.008569238472049507,0.0002410411834716797,0.8640439341748797,1.0677855052586973,1.0,0.0,1692
1693,0.8739876904143417,0.00856797652687546,0.0002543926239013672,0.8640405984050338,1.06778997433071,1.0,0.0,1693
1694,0.873487496601487,0.008566715510353437,0.00024390220642089844,0.8640372655344387,1.067794439792407,1.0,0.0,1694
1695,0.8739563302009293,0.00856545542125407,0.0002486705780029297,0.8640339543512724,1.067799347668796,1.0,0.0,1695
1696,0.875583976519888,0.008564196258350336,0.0002543926239013672,0.8640307803900998,1.067801888612494,1.0,0.0,1696
1697,0.8755416541278792,0.008562938020417559,0.00024271011352539062,0.8640276567284495,1.0678053226602469,1.0,0.0,1697
1698,0.8753483590954028,0.008561680706233402,0.00024056434631347656,0.8640245659616744,1.0678088976797548,1.0,0.0,1698
1699,0.8756691310026603,0.008560424314577856,0.00024509429931640625,0.8640217632290346,1.0678122091229607,1.0,0.0,1699
1700,0.8754044269404646,0.008559168844233243,0.0002529621124267578,0.8640189036545566,1.0678153701948885,1.0,0.0,1700
1701,0.8757209181461427,0.008557914293984198,0.00024271011352539062,0.8640160441782178,1.0678185601045092,1.0,0.0,1701
1702,0.8755979202915586,0.008556660662617678,0.00024509429931640625,0.8640131013072692,1.0678214391183325,1.0,0.0,1702
1703,0.8753630243747631,0.008555407948922943,0.00024390220642089844,0.8640101101356918,1.0678245292249273,1.0,0.0,1703
1704,0.8752351587228249,0.008554156151691559,0.00025391578674316406,0.8640073934060909,1.067827249791514,1.0,0.0,1704
1705,0.8748747907532887,0.00855290526971739,0.00031757354736328125,0.8640046741008007,1.067830079200926,1.0,0.0,1705
1706,0.87448658752085,0.00855165530179659,0.00025153160095214844,0.8640019849543933,1.0678330589938283,1.0,0.0,1706
1707,0.8754008106288118,0.008550406246727597,0.0002582073211669922,0.8639992359227823,1.067835711486301,1.0,0.0,1707
1708,0.8751366363620837,0.008549158103311132,0.00024771690368652344,0.8639965181016521,1.0678384657569264,1.0,0.0,1708
1709,0.874853104976449,0.00854791087035019,0.0002453327178955078,0.8639941352163109,1.0678411024373058,1.0,0.0,1709
1710,0.8745333341781519,0.008546664546650037,0.0002505779266357422,0.8639915586652052,1.0678439370178499,1.0,0.0,1710
1711,0.8740860757497351,0.008545419131018193,0.00024819374084472656,0.8639890256895785,1.0678469724105435,1.0,0.0,1711
1712,0.8737408565835181,0.008544174622264448,0.0002460479736328125,0.8639864903962423,1.0678500875422432,1.0,0.0,1712
1713,0.8740797087931429,0.008542931019200836,0.00024771690368652344,0.8639840881408531,1.0678529581260152,1.0,0.0,1713
1714,0.8735850372448885,0.008541688320641642,0.0002570152282714844,0.8639816879235204,1.0678558265591118,1.0,0.0,1714
1715,0.8730909445669186,0.00854044652540339,0.00024962425231933594,0.8639792260476455,1.067857827445575,1.0,0.0,1715
1716,0.873871998025443,0.008539205632304838,0.000247955322265625,0.8639765057503133,1.0678609980761515,1.0,0.0,1716
1717,0.8735592720524605,0.008537965640166973,0.0002474784851074219,0.8639737773903657,1.0678632706547793,1.0,0.0,1717
1718,0.8736050354999478,0.008536726547813013,0.0002586841583251953,0.8639709159607333,1.0678653946547487,1.0,0.0,1718
1719,0.8737042863195537,0.008535488354068387,0.00025153160095214844,0.8639679253431656,1.067868320425922,1.0,0.0,1719
1720,0.8739284072817357,0.008534251057760744,0.00024700164794921875,0.8639649122728984,1.0678713694435742,1.0,0.0,1720
1721,0.8740677848943866,0.008533014657719936,0.0002613067626953125,0.863962042468213,1.0678737546288335,1.0,0.0,1721
1722,0.8739360988837949,0.008531779152778017,0.0002486705780029297,0.8639591745654736,1.0678761274103679,1.0,0.0,1722
1723,0.8737519648702914,0.008530544541769247,0.0002467632293701172,0.8639563242412407,1.0678787128811515,1.0,0.0,1723
1724,0.8734078155968881,0.008529310823530065,0.0002474784851074219,0.8639534801288026,1.0678814650432569,1.0,0.0,1724
1725,0.873101851980775,0.008528077996899107,0.00025534629821777344,0.8639506448063804,1.0678843787886507,1.0,0.0,1725
1726,0.8727011011381455,0.008526846060717182,0.00024437904357910156,0.8639477981440173,1.067887395552266,1.0,0.0,1726
1727,0.8731166212390997,0.008525615013827282,0.0002503395080566406,0.8639449426841205,1.0678901201864306,1.0,0.0,1727
1728,0.8730536389460201,0.008524384855074564,0.0002589225769042969,0.8639419989128609,1.0678929687012635,1.0,0.0,1728
1729,0.8727317159208287,0.00852315558330635,0.00024962425231933594,0.8639390555604181,1.0678959473368022,1.0,0.0,1729
1730,0.8730050054944494,0.008521927197372126,0.000247955322265625,0.8639362207889099,1.0678988746617513,1.0,0.0,1730
1731,0.8731632653304616,0.008520699696123527,0.0002503395080566406,0.8639333722133586,1.0679016869345759,1.0,0.0,1731
1732,0.8729172387575909,0.008519473078414339,0.0002605915069580078,0.863930519190119,1.0679045650996917,1.0,0.0,1732
1733,0.8727957819235358,0.008518247343100496,0.00025081634521484375,0.8639275697938515,1.0679075029183909,1.0,0.0,1733
1734,0.8724754066794167,0.008517022489040064,0.00024771690368652344,0.8639246280313703,1.0679105344602906,1.0,0.0,1734
1735,0.8723188073813697,0.008515798515093247,0.00024890899658203125,0.8639216974143616,1.0679136486266072,1.0,0.0,1735
1736,0.8739451859021143,0.008514575420122374,0.0002560615539550781,0.8639190533808513,1.0679150223305778,1.0,0.0,1736
1737,0.8734567674398903,0.008513353202991902,0.00025081634521484375,0.8639164115706726,1.0679163952176474,1.0,0.0,1737
1738,0.8731609414642839,0.008512131862568398,0.0002493858337402344,0.8639137855939225,1.0679178857563623,1.0,0.0,1738
1739,0.872901474978307,0.00851091139772055,0.0002593994140625,0.8639111687933795,1.0679195170825637,1.0,0.0,1739
1740,0.8731167432893482,0.008509691807319147,0.0002505779266357422,0.863908400633309,1.0679210674954147,1.0,0.0,1740
1741,0.872718225331879,0.008508473090237084,0.0002484321594238281,0.8639056407898726,1.0679228030297188,1.0,0.0,1741
1742,0.872509057416376,0.008507255245349352,0.0002498626708984375,0.8639028550902919,1.0679246228675945,1.0,0.0,1742
1743,0.8720230058167758,0.008506038271533031,0.00026035308837890625,0.8639000717292359,1.0679264415052407,1.0,0.0,1743
1744,0.8721760088258503,0.008504822167667297,0.00025010108947753906,0.8638972577505518,1.067928177160426,1.0,0.0,1744
1745,0.8718526553910352,0.0085036069326334,0.00024700164794921875,0.863894464287016,1.067930039779821,1.0,0.0,1745
1746,0.8715529460414875,0.00850239256531467,0.0002574920654296875,0.8638916621946215,1.06793190740626,1.0,0.0,1746
1747,0.8721908928305626,0.008501179064596503,0.00026226043701171875,0.8638889558210279,1.0679336801223305,1.0,0.0,1747
1748,0.8725714080161721,0.008499966429366372,0.00025010108947753906,0.8638863836815824,1.0679350426508387,1.0,0.0,1748
1749,0.8735445635083676,0.008498754658513807,0.00025200843811035156,0.8638838985583186,1.0679363145354706,1.0,0.0,1749
1750,0.8730597674293964,0.008497543750930392,0.00026345252990722656,0.8638814155043238,1.0679375856960136,1.0,0.0,1750
1751,0.8745766061782635,0.008496333705509767,0.0002510547637939453,0.8638788822519308,1.0679390055745228,1.0,0.0,1751
1752,0.8741063364175431,0.008495124521147618,0.0002498626708984375,0.8638763198649255,1.0679405898783643,1.0,0.0,1752
1753,0.8744185460086351,0.008493916196741674,0.00026035308837890625,0.8638740442196213,1.0679419589779482,1.0,0.0,1753
1754,0.8743443419929751,0.008492708731191696,0.0002579689025878906,0.8638718111889756,1.0679432675220033,1.0,0.0,1754
1755,0.8743640494313297,0.008491502123399483,0.0002551078796386719,0.8638698330166846,1.0679441747904108,1.0,0.0,1755
1756,0.874567651799044,0.008490296372268858,0.0002522468566894531,0.8638677472634871,1.0679447582220585,1.0,0.0,1756
1757,0.8743083049220302,0.008489091476705665,0.0002582073211669922,0.8638656588016136,1.0679455260680626,1.0,0.0,1757
1758,0.8751709349542869,0.008487887435617774,0.0002529621124267578,0.8638636464804301,1.0679454052182231,1.0,0.0,1758
1759,0.877557309918258,0.008486684247915056,0.00025153160095214844,0.863861561394178,1.0679447979389627,1.0,0.0,1759
1760,0.8776575171595973,0.008485481912509396,0.0002598762512207031,0.8638595630135047,1.0679442461937492,1.0,0.0,1760
1761,0.8777928277536485,0.00848428042831468,0.00025534629821777344,0.8638575119079033,1.067943539595635,1.0,0.0,1761
1762,0.8775863833538519,0.008483079794246794,0.0002532005310058594,0.8638556386166877,1.067942491229962,1.0,0.0,1762
1763,0.8777423309603517,0.008481880009223617,0.00025177001953125,0.8638537410069227,1.0679413331397247,1.0,0.0,1763
1764,0.8780761856384927,0.008480681072165016,0.0002613067626953125,0.8638519054109797,1.067940088874038,1.0,0.0,1764
1765,0.8777827850301247,0.008479482981992838,0.00025153160095214844,0.8638500717485235,1.0679389832749977,1.0,0.0,1765
1766,0.8778867361728034,0.008478285737630917,0.0002512931823730469,0.8638482287217788,1.0679374916649893,1.0,0.0,1766
1767,0.8780964769103958,0.008477089338005053,0.0002620220184326172,0.8638466574989221,1.0679357008829768,1.0,0.0,1767
1768,0.8782233816803466,0.008475893782043022,0.00025272369384765625,0.8638451849701511,1.0679338405806675,1.0,0.0,1768
1769,0.8779191088072288,0.00847469906867456,0.0002589225769042969,0.8638437004419984,1.0679320447246499,1.0,0.0,1769
1770,0.8780632106842265,0.008473505196831365,0.0002524852752685547,0.8638420419509043,1.067930600546128,1.0,0.0,1770
1771,0.8779612807821312,0.00847231216544709,0.0002608299255371094,0.8638403790161644,1.0679293166035042,1.0,0.0,1771
1772,0.8776717435157785,0.008471119973457338,0.000255584716796875,0.8638387180875142,1.0679281897434156,1.0,0.0,1772
1773,0.877550625281328,0.008469928619799661,0.00025272369384765625,0.8638370622705327,1.06792717692965,1.0,0.0,1773
1774,0.8771023799317976,0.00846873810341355,0.0002627372741699219,0.8638352027296596,1.0679265627604695,1.0,0.0,1774
1775,0.876993105983783,0.008467548423240436,0.0002543926239013672,0.8638333453269524,1.0679259781817247,1.0,0.0,1775
1776,0.8772088009396078,0.00846635957822367,0.00025725364685058594,0.8638313959489565,1.0679252041949567,1.0,0.0,1776
1777,0.8768089012434571,0.008465171567308548,0.0002541542053222656,0.8638294221668258,1.0679243556629674,1.0,0.0,1777
1778,0.876606492341337,0.008463984389442278,0.0002684593200683594,0.8638275926204122,1.067923579512187,1.0,0.0,1778
1779,0.8764778543561348,0.008462798043573989,0.0002548694610595703,0.8638260532875262,1.0679226845257133,1.0,0.0,1779
1780,0.8762941392615432,0.008461612528654723,0.00025653839111328125,0.8638245337583287,1.067921914870739,1.0,0.0,1780
1781,0.8758178837056453,0.008460427843637432,0.0002696514129638672,0.8638227402357813,1.067922724374575,1.0,0.0,1781
1782,0.8760674453827213,0.008459243987476972,0.0002586841583251953,0.8638209466087637,1.0679233881090011,1.0,0.0,1782
1783,0.8761470907807126,0.008458060959130102,0.0002582073211669922,0.8638189256795712,1.067924076810243,1.0,0.0,1783
1784,0.8764523959900444,0.008456878757555472,0.00025773048400878906,0.863817188340567,1.0679245879958432,1.0,0.0,1784
1785,0.8762450310212212,0.008455697381713626,0.0002701282501220703,0.8638154601562564,1.0679250439007069,1.0,0.0,1785
1786,0.8765260417859972,0.008454516830566992,0.0002562999725341797,0.8638138204147657,1.067925455703505,1.0,0.0,1786
1787,0.8762367642956221,0.008453337103079887,0.00025391578674316406,0.8638122021554073,1.0679260530020966,1.0,0.0,1787
1788,0.8760937257093442,0.008452158198218493,0.0002665519714355469,0.8638104735662668,1.0679266886212682,1.0,0.0,1788
1789,0.8757964610022533,0.00845098011495088,0.00025534629821777344,0.863808744531091,1.0679274764627775,1.0,0.0,1789
1790,0.8770203755051281,0.008449802852246979,0.0002579689025878906,0.8638071075976501,1.0679287477276445,1.0,0.0,1790
1791,0.8773433965073029,0.008448626409078583,0.0002548694610595703,0.8638056045381635,1.0679299359805539,1.0,0.0,1791
1792,0.8773880386031864,0.00844745078441935,0.0002636909484863281,0.8638041736143465,1.0679309467803222,1.0,0.0,1792
1793,0.87712098487266,0.00844627597724479,0.00025582313537597656,0.8638024150680866,1.0679322970413632,1.0,0.0,1793
1794,0.8771325260528152,0.008445101986532269,0.0002567768096923828,0.8638005747012588,1.067933571321703,1.0,0.0,1794
1795,0.8773996390774517,0.008443928811260996,0.00026345252990722656,0.8637986083072563,1.0679347365382508,1.0,0.0,1795
1796,0.8774006769634604,0.008442756450412023,0.00025725364685058594,0.863796765086073,1.0679357970881282,1.0,0.0,1796
1797,0.8769653632963818,0.008441584902968239,0.0002574920654296875,0.8637948075595481,1.0679371401323894,1.0,0.0,1797
1798,0.8772257907707215,0.008440414167914365,0.00025582313537597656,0.8637929008649562,1.0679383937337912,1.0,0.0,1798
1799,0.8769745315468624,0.008439244244236963,0.0002689361572265625,0.8637909901538948,1.0679397073032841,1.0,0.0,1799
1800,0.8744218853171224,0.008438075130924403,2.1426150798797607,0.881665125872621,1.0313722109255474,0.0,0.0,1800
1801,0.8739511070263757,0.008436906826966892,0.0007038116455078125,0.881662830336635,1.0313710741464936,0.0,0.0,1801
1802,0.8737763553873863,0.00843573933135644,0.00031185150146484375,0.8816604149672159,1.0313723227517244,0.0,0.0,1802
1803,0.8739883325192411,0.008434572643086878,0.00027489662170410156,0.8816582065931712,1.0313712674914197,0.0,0.0,1803
1804,0.8737705668958978,0.00843340676115384,0.00027823448181152344,0.8816557308641297,1.0313722292439416,0.0,0.0,1804
1805,0.8735425030118306,0.008432241684554772,0.0002682209014892578,0.881653246821635,1.0313733247365828,0.0,0.0,1805
1806,0.8750856740878489,0.008431077412288908,0.00026702880859375,0.8816509916037782,1.0313727232158636,0.0,0.0,1806
1807,0.8754444992404287,0.008429913943357289,0.00026416778564453125,0.8816481877527409,1.0313735728801148,0.0,0.0,1807
1808,0.8753112849227973,0.008428751276762734,0.00026345252990722656,0.8816453747825566,1.03137444465189,0.0,0.0,1808
1809,0.8751389410545969,0.008427589411509858,0.0002796649932861328,0.8816427095736146,1.0313734690588694,0.0,0.0,1809
1810,0.8753446894255851,0.008426428346605062,0.000263214111328125,0.8816396174384726,1.0313743793271946,0.0,0.0,1810
1811,0.8765629909844701,0.008425268081056514,0.0002624988555908203,0.8816365537478776,1.0313732653533443,0.0,0.0,1811
1812,0.8780418389480533,0.008424108613874168,0.0002770423889160156,0.8816335794860108,1.0313737607086646,0.0,0.0,1812
1813,0.8778878357842296,0.00842294994406974,0.00026154518127441406,0.8816306152776228,1.0313743915775315,0.0,0.0,1813
1814,0.8778246464557965,0.008421792070656716,0.000263214111328125,0.8816279441030249,1.0313731679235572,0.0,0.0,1814
1815,0.8776737818551037,0.008420634992650342,0.0002627372741699219,0.8816250039832185,1.0313739215434483,0.0,0.0,1815
1816,0.8774900943873531,0.008419478709067625,0.0002741813659667969,0.8816223325961307,1.0313729766597377,0.0,0.0,1816
1817,0.8770216893943538,0.008418323218927324,0.0002675056457519531,0.8816193888514505,1.031373900229529,0.0,0.0,1817
1818,0.8768475126444928,0.008417168521249947,0.0002646446228027344,0.8816164523378227,1.031374953224292,0.0,0.0,1818
1819,0.876384138221517,0.008416014615057749,0.00027561187744140625,0.881613745993775,1.0313743699342706,0.0,0.0,1819
1820,0.8765077677452393,0.008414861499374723,0.00026488304138183594,0.8816104050207062,1.031375012524897,0.0,0.0,1820
1821,0.8781094192058082,0.008413709173226603,0.00026917457580566406,0.8816074537096512,1.0313740369910467,0.0,0.0,1821
1822,0.8776419493837948,0.008412557635640859,0.000270843505859375,0.8816045047963721,1.0313730625039452,0.0,0.0,1822
1823,0.8773059393528082,0.008411406885646682,0.00026488304138183594,0.881601547149726,1.0313721943635472,0.0,0.0,1823
1824,0.8784449580373189,0.008410256922274999,0.0002613067626953125,0.8815986074881978,1.0313713560327473,0.0,0.0,1824
1825,0.8786727593143916,0.00840910774455845,0.0002639293670654297,0.8815957872945255,1.0313705236877333,0.0,0.0,1825
1826,0.8784553754318966,0.008407959351531394,0.00027561187744140625,0.8815926265613863,1.0313697334557101,0.0,0.0,1826
1827,0.8779889734785068,0.008406811742229908,0.0002694129943847656,0.881589468393893,1.0313689441121243,0.0,0.0,1827
1828,0.8783357704403544,0.008405664915691773,0.0002655982971191406,0.8815863019278865,1.031368040739104,0.0,0.0,1828
1829,0.8783085525707898,0.008404518870956477,0.0002791881561279297,0.881582904546165,1.0313673179588496,0.0,0.0,1829
1830,0.878130751065337,0.008403373607065213,0.0002689361572265625,0.8815795123228916,1.0313666931300207,0.0,0.0,1830
1831,0.8778801863244775,0.008402229123060866,0.00026988983154296875,0.8815757849896072,1.031366093462075,0.0,0.0,1831
1832,0.878011342078095,0.008401085417988018,0.0002791881561279297,0.8815720598476744,1.0313653912951255,0.0,0.0,1832
1833,0.8779503622367295,0.008399942490892941,0.0002689361572265625,0.8815683556290875,1.0313651828248522,0.0,0.0,1833
1834,0.8777571278177213,0.008398800340823591,0.0002682209014892578,0.881564655354178,1.031364801879898,0.0,0.0,1834
1835,0.8772930454547349,0.008397658966829608,0.0002655982971191406,0.8815609580801009,1.0313644214812328,0.0,0.0,1835
1836,0.8768763111230853,0.008396518367962309,0.00027489662170410156,0.881557278153267,1.031364029266847,0.0,0.0,1836
1837,0.8768578774387528,0.008395378543274684,0.00026798248291015625,0.8815538478651774,1.031363689147386,0.0,0.0,1837
1838,0.8765544091246326,0.008394239491821396,0.0002651214599609375,0.8815504264566565,1.0313633307704138,0.0,0.0,1838
1839,0.8764708679879707,0.00839310121265877,0.00027441978454589844,0.8815470205351797,1.0313631233742984,0.0,0.0,1839
1840,0.8761710854813813,0.0083919637048448,0.00026702880859375,0.8815436023635418,1.0313631041158238,0.0,0.0,1840
1841,0.8760044402440293,0.008390826967439135,0.00026535987854003906,0.8815400890181806,1.0313632590818715,0.0,0.0,1841
1842,0.8755430494261228,0.008389690999503076,0.0002732276916503906,0.8815365785076047,1.0313634141524484,0.0,0.0,1842
1843,0.8751631438666602,0.008388555800099583,0.0002675056457519531,0.881533000449969,1.03136377705472,0.0,0.0,1843
1844,0.8751321701245476,0.008387421368293256,0.000263214111328125,0.8815294390285564,1.0313642213087781,0.0,0.0,1844
1845,0.8752949390956304,0.008386287703150344,0.00026679039001464844,0.8815255444997809,1.0313640940090247,0.0,0.0,1845
1846,0.8755772722613759,0.00838515480373873,0.00027179718017578125,0.881521733280342,1.031363660874277,0.0,0.0,1846
1847,0.8751172821971356,0.00838402266912794,0.00026488304138183594,0.8815179251329464,1.0313632283271308,0.0,0.0,1847
1848,0.8748041187466379,0.008382891298389126,0.0002617835998535156,0.8815141201034353,1.0313629201944197,0.0,0.0,1848
1849,0.8746914940625762,0.008381760690595073,0.00027441978454589844,0.8815103428483753,1.0313624344502939,0.0,0.0,1849
1850,0.8747465567173754,0.008380630844820188,0.0002644062042236328,0.8815065842684541,1.0313618568185035,0.0,0.0,1850
1851,0.874583786804779,0.0083795017601405,0.0002675056457519531,0.8815028148102266,1.031361582944118,0.0,0.0,1851
1852,0.8741771721723341,0.008378373435633657,0.0002646446228027344,0.8814989474477816,1.0313617391428007,0.0,0.0,1852
1853,0.8737193888278445,0.008377245870378918,0.00026416778564453125,0.8814950831930539,1.0313618954457022,0.0,0.0,1853
1854,0.8741681472584607,0.008376119063457156,0.00026154518127441406,0.881491129343763,1.0313610538632234,0.0,0.0,1854
1855,0.874042286664825,0.008374993013950845,0.00026416778564453125,0.8814874087037508,1.0313603617758962,0.0,0.0,1855
1856,0.8737155265708775,0.008373867720944065,0.0002777576446533203,0.8814836639916518,1.0313598584531076,0.0,0.0,1856
1857,0.8735820981669769,0.008372743183522494,0.00026416778564453125,0.8814799236889556,1.0313594615159662,0.0,0.0,1857
1858,0.873125820812492,0.008371619400773406,0.00026416778564453125,0.8814761863817324,1.0313590651349627,0.0,0.0,1858
1859,0.873313411583977,0.008370496371785668,0.0002772808074951172,0.8814725552720458,1.0313585972988364,0.0,0.0,1859
1860,0.8728828032949945,0.00836937409564973,0.0002665519714355469,0.8814689023087752,1.0313582001193067,0.0,0.0,1860
1861,0.8724276153112571,0.008368252571457633,0.0002651214599609375,0.8814652522648081,1.0313578034954463,0.0,0.0,1861
1862,0.8726761016477125,0.008367131798302995,0.0002651214599609375,0.8814615741890992,1.0313574482614645,0.0,0.0,1862
1863,0.8722214924618548,0.008366011775281013,0.00028228759765625,0.8814578990501707,1.0313570935477674,0.0,0.0,1863
1864,0.8717673690994994,0.008364892501488455,0.0002675056457519531,0.8814542268440932,1.0313567393534218,0.0,0.0,1864
1865,0.8717691319202454,0.008363773976023663,0.0002713203430175781,0.8814506230896968,1.0313562453335412,0.0,0.0,1865
1866,0.8715874654945568,0.008362656197986538,0.0002837181091308594,0.8814470034318143,1.0313558973176535,0.0,0.0,1866
1867,0.8715915141397663,0.008361539166478556,0.00026726722717285156,0.8814433907836025,1.0313556935369506,0.0,0.0,1867
1868,0.8714314300634695,0.008360422880602743,0.0002675056457519531,0.8814397220463391,1.0313557127071622,0.0,0.0,1868
1869,0.8727628636961007,0.008359307339463684,0.0002772808074951172,0.881435937574235,1.031355329990803,0.0,0.0,1869
1870,0.8730958227384219,0.008358192542167518,0.00026988983154296875,0.881432195721834,1.031354235459787,0.0,0.0,1870
1871,0.8727580651957252,0.008357078487821927,0.0002644062042236328,0.8814284563576311,1.0313533181812422,0.0,0.0,1871
1872,0.8729113368272389,0.008355965175536145,0.00026869773864746094,0.881424598528801,1.031352348000581,0.0,0.0,1872
1873,0.8726928459645129,0.008354852604420945,0.0002689361572265625,0.8814207505259769,1.0313515561676134,0.0,0.0,1873
1874,0.8723837402889405,0.008353740773588636,0.00026535987854003906,0.8814168708578152,1.0313507897849579,0.0,0.0,1874
1875,0.8721626010192798,0.008352629682153065,0.0002639293670654297,0.8814129851687593,1.0313501737710342,0.0,0.0,1875
1876,0.8736301037710213,0.008351519329229614,0.0002815723419189453,0.8814092603764431,1.0313487040645168,0.0,0.0,1876
1877,0.8734158703022654,0.008350409713935185,0.0002694129943847656,0.8814055374033916,1.0313473198990095,0.0,0.0,1877
1878,0.8730676375216282,0.008349300835388207,0.0002720355987548828,0.8814019897022076,1.0313463843551447,0.0,0.0,1878
1879,0.8726957734864969,0.008348192692708633,0.0002827644348144531,0.8813984482552394,1.0313455938790284,0.0,0.0,1879
1880,0.8729147629609535,0.008347085285017933,0.0002703666687011719,0.8813948388674678,1.0313448652516874,0.0,0.0,1880
1881,0.8728727916860747,0.008345978611439089,0.00027179718017578125,0.8813912218403912,1.0313442871104888,0.0,0.0,1881
1882,0.8726446500404368,0.008344872671096593,0.00028014183044433594,0.8813876071309739,1.0313437913791907,0.0,0.0,1882
1883,0.8723356621549126,0.00834376746311645,0.0002880096435546875,0.8813839837879262,1.0313434503272054,0.0,0.0,1883
1884,0.872495845209688,0.008342662986626162,0.00027108192443847656,0.8813805942118068,1.0313431070156414,0.0,0.0,1884
1885,0.8723169713487066,0.008341559240754736,0.0002689361572265625,0.8813770077851604,1.0313431309780727,0.0,0.0,1885
1886,0.8719964588027732,0.008340456224632677,0.00028014183044433594,0.8813733959122376,1.0313432987728057,0.0,0.0,1886
1887,0.8728809506985424,0.008339353937391976,0.0002696514129638672,0.8813698209908236,1.0313435612986357,0.0,0.0,1887
1888,0.8727525865590224,0.008338252378166128,0.0002734661102294922,0.8813662576742755,1.031343782505731,0.0,0.0,1888
1889,0.8726983333220928,0.008337151546090103,0.0002810955047607422,0.8813627554640705,1.0313437112519943,0.0,0.0,1889
1890,0.8724423970465729,0.008336051440300363,0.0002758502960205078,0.8813592762708476,1.0313437105066419,0.0,0.0,1890
1891,0.8721815148881679,0.008334952059934843,0.0002720355987548828,0.881355798250112,1.0313438619522757,0.0,0.0,1891
1892,0.871779110167042,0.008333853404132962,0.0002830028533935547,0.8813523090143275,1.031344043442853,0.0,0.0,1892
1893,0.8713319565543947,0.00833275547203561,0.0002803802490234375,0.881348822517248,1.0313442250153304,0.0,0.0,1893
1894,0.8708852734319821,0.008331658262785148,0.0002777576446533203,0.881345338755271,1.0313444066693778,0.0,0.0,1894
1895,0.8704390600564166,0.008330561775525401,0.00026869773864746094,0.8813418577248002,1.0313445884046661,0.0,0.0,1895
1896,0.8702844468805258,0.008329466009401666,0.0002741813659667969,0.8813383696017146,1.03134486856425,0.0,0.0,1896
1897,0.8698389971598534,0.008328370963560693,0.0002682209014892578,0.881334884210716,1.0313451487261844,0.0,0.0,1897
1898,0.8697914262612826,0.008327276637150691,0.0002703666687011719,0.8813313929594372,1.031345454377825,0.0,0.0,1898
1899,0.8701786684371744,0.008326183029321328,0.0002818107604980469,0.8813276544384443,1.0313449157400638,0.0,0.0,1899
1900,0.8697850322623903,0.008325090139223716,0.0002722740173339844,0.8813238645912064,1.0313443138111984,0.0,0.0,1900
1901,0.8695576351777696,0.008323997966010422,0.0002703666687011719,0.8813200890511788,1.0313438092457514,0.0,0.0,1901
1902,0.8695634574006628,0.008322906508835451,0.0002989768981933594,0.8813158734035343,1.0313433242792298,0.0,0.0,1902
1903,0.869426901376243,0.008321815766854252,0.0002713203430175781,0.881311659950338,1.0313429264578309,0.0,0.0,1903
1904,0.8696583853683042,0.008320725739223716,0.000270843505859375,0.8813074591149069,1.031342647042497,0.0,0.0,1904
1905,0.8699823500520858,0.008319636425102162,0.0002868175506591797,0.8813033900745479,1.0313423687519618,0.0,0.0,1905
1906,0.8704071098111885,0.008318547823649342,0.00027179718017578125,0.8812993256130224,1.0313424634648123,0.0,0.0,1906
1907,0.8703011446132731,0.008317459934026444,0.00027751922607421875,0.8812951018940565,1.0313419904072942,0.0,0.0,1907
1908,0.8698580614840903,0.00831637275539607,0.00027370452880859375,0.8812908814768983,1.031341517951965,0.0,0.0,1908
1909,0.8697238314377782,0.008315286286922253,0.00027298927307128906,0.8812866717567696,1.0313412448445356,0.0,0.0,1909
1910,0.8695239755711989,0.008314200527770443,0.0002772808074951172,0.8812824912568142,1.031340952164631,0.0,0.0,1910
1911,0.8696142017610116,0.0083131154771075,0.0002760887145996094,0.8812784256647569,1.0313406715189912,0.0,0.0,1911
1912,0.8695447086259666,0.008312031134101706,0.0002815723419189453,0.8812743585936471,1.031340222865483,0.0,0.0,1912
1913,0.8693351712173366,0.008310947497922747,0.00027179718017578125,0.8812701883344181,1.0313397747523456,0.0,0.0,1913
1914,0.8692020934571045,0.008309864567741718,0.0002715587615966797,0.8812660165507685,1.0313394284431736,0.0,0.0,1914
1915,0.869522569484302,0.008308782342731112,0.00028061866760253906,0.88126182908859,1.0313391271167094,0.0,0.0,1915
1916,0.8696539406118783,0.00830770082206483,0.000270843505859375,0.8812577728074633,1.0313386840092396,0.0,0.0,1916
1917,0.8697264141173966,0.008306620004918164,0.0002732276916503906,0.8812537169180746,1.0313381536509159,0.0,0.0,1917
1918,0.8698866909670112,0.008305539890467804,0.00028586387634277344,0.8812497748568253,1.0313375285576678,0.0,0.0,1918
1919,0.8696453311349868,0.008304460477891832,0.00027060508728027344,0.8812458400414789,1.0313370304036287,0.0,0.0,1919
1920,0.8701019396222307,0.00830338176636971,0.00027561187744140625,0.8812419122209186,1.0313366049615593,0.0,0.0,1920
1921,0.8701315838115815,0.008302303755082294,0.0002720355987548828,0.881238243905297,1.031336094194003,0.0,0.0,1921
1922,0.8699147384729419,0.008301226443211816,0.00028324127197265625,0.8812345902213577,1.031335727573206,0.0,0.0,1922
1923,0.870556714752335,0.008300149829941891,0.0002772808074951172,0.8812308971197512,1.0313348648046097,0.0,0.0,1923
1924,0.870428460304058,0.008299073914457505,0.0002732276916503906,0.8812271857382353,1.0313341162068794,0.0,0.0,1924
1925,0.8700385456206285,0.008297998695945023,0.0002830028533935547,0.8812234431337839,1.0313335445053378,0.0,0.0,1925
1926,0.8696622544873673,0.008296924173592173,0.0002751350402832031,0.8812196279394838,1.0313333174540658,0.0,0.0,1926
1927,0.8692235940794095,0.008295850346588054,0.00028061866760253906,0.8812158156923453,1.0313330908146485,0.0,0.0,1927
1928,0.8691151909467598,0.008294777214123127,0.0002846717834472656,0.8812118292353768,1.0313329040926538,0.0,0.0,1928
1929,0.8688815716203012,0.008293704775389212,0.00027489662170410156,0.881207829628407,1.0313328546446352,0.0,0.0,1929
1930,0.8689656108383994,0.008292633029579492,0.0002734661102294922,0.8812039589822978,1.0313327326157875,0.0,0.0,1930
1931,0.8685281829094229,0.0082915619758885,0.00028514862060546875,0.8812000913207786,1.0313326109156165,0.0,0.0,1931
1932,0.8680912066880204,0.008290491613512122,0.00027871131896972656,0.8811962266399941,1.0313324895434683,0.0,0.0,1932
1933,0.8678254842761067,0.008289421941647591,0.00028061866760253906,0.881192361395655,1.0313323839875195,0.0,0.0,1933
1934,0.867389377056544,0.008288352959493489,0.00027298927307128906,0.8811884991269926,1.0313322787468073,0.0,0.0,1934
1935,0.8674849538824965,0.008287284666249742,0.00028967857360839844,0.8811845724997067,1.0313321620771743,0.0,0.0,1935
1936,0.8673813287747679,0.00828621706111761,0.00027561187744140625,0.8811806283036738,1.031332183793624,0.0,0.0,1936
1937,0.867253647891458,0.008285150143299693,0.00027680397033691406,0.8811766855015278,1.0313322758089922,0.0,0.0,1937
1938,0.8669184424070435,0.008284083911999928,0.0002872943878173828,0.8811727509496086,1.0313321671736302,0.0,0.0,1938
1939,0.8666899096643002,0.008283018366423579,0.0002772808074951172,0.8811688127228847,1.0313321895826872,0.0,0.0,1939
1940,0.8667333526294156,0.008281953505777238,0.000274658203125,0.8811652564917277,1.0313322058838914,0.0,0.0,1940
1941,0.8665739696512645,0.008280889329268827,0.0002894401550292969,0.8811617927866743,1.0313323191134924,0.0,0.0,1941
1942,0.8663527783124886,0.008279825836107584,0.00027751922607421875,0.8811582684716949,1.0313321835383746,0.0,0.0,1942
1943,0.8665643709083258,0.008278763025504074,0.000274658203125,0.8811548700608742,1.0313316188472694,0.0,0.0,1943
1944,0.8663606166458641,0.008277700896670173,0.00028967857360839844,0.8811514315442522,1.031331207670464,0.0,0.0,1944
1945,0.8660939064874031,0.00827663944881907,0.000278472900390625,0.8811479068635097,1.0313306439890528,0.0,0.0,1945
1946,0.8660770484640149,0.008275578681165272,0.00028324127197265625,0.8811443997204753,1.0313301598743194,0.0,0.0,1946
1947,0.865785498329569,0.008274518592924584,0.00029087066650390625,0.8811408422545379,1.031329973599096,0.0,0.0,1947
1948,0.8662529522833223,0.008273459183314126,0.00027751922607421875,0.8811373565952093,1.0313286252491647,0.0,0.0,1948
1949,0.8664573441905091,0.008272400451552314,0.0002739429473876953,0.8811339821871067,1.0313270521831157,0.0,0.0,1949
1950,0.8668013825069516,0.008271342396858866,0.00027823448181152344,0.8811305510870764,1.0313254008017443,0.0,0.0,1950
1951,0.8666960533580281,0.008270285018454797,0.00029850006103515625,0.8811271369870625,1.0313238733741679,0.0,0.0,1951
1952,0.8663999286826922,0.008269228315562413,0.0002887248992919922,0.8811237193522081,1.031322552309226,0.0,0.0,1952
1953,0.8665255218964671,0.008268172287405317,0.0002758502960205078,0.8811202577512492,1.0313213133531998,0.0,0.0,1953
1954,0.8665173528852776,0.008267116933208394,0.00029778480529785156,0.8811167865442995,1.0313202770558214,0.0,0.0,1954
1955,0.8662780372166903,0.008266062252197818,0.00027751922607421875,0.8811133219603527,1.0313193888191496,0.0,0.0,1955
1956,0.8659433420833046,0.00826500824360104,0.0002753734588623047,0.8811098533829872,1.0313186414797184,0.0,0.0,1956
1957,0.8668486725071175,0.008263954906646805,0.0002892017364501953,0.8811062524989441,1.0313175071485257,0.0,0.0,1957
1958,0.8666095041448018,0.008262902240565119,0.0002758502960205078,0.8811025141040504,1.0313164733851787,0.0,0.0,1958
1959,0.8663875137164729,0.008261850244587273,0.0002770423889160156,0.8810987829540798,1.0313155273890942,0.0,0.0,1959
1960,0.8670802736125353,0.008260798917945825,0.0002918243408203125,0.8810949419092147,1.0313145190161763,0.0,0.0,1960
1961,0.8667490067563459,0.008259748259874602,0.000278472900390625,0.8810910913526108,1.0313136879187335,0.0,0.0,1961
1962,0.8664604260796079,0.008258698269608698,0.0002772808074951172,0.8810871387477381,1.03131299292814,0.0,0.0,1962
1963,0.8666946684410897,0.00825764894638447,0.00029349327087402344,0.8810832851714361,1.031312399188974,0.0,0.0,1963
1964,0.8667472938691833,0.008256600289439541,0.000278472900390625,0.8810797109271149,1.0313117190353618,0.0,0.0,1964
1965,0.8678186967119101,0.008255552298012782,0.000274658203125,0.8810760708423413,1.0313109740740423,0.0,0.0,1965
1966,0.8676349568267347,0.008254504971344325,0.00027823448181152344,0.8810723240161338,1.0313102366533946,0.0,0.0,1966
1967,0.8680416475567997,0.008253458308675554,0.0002942085266113281,0.8810685779015851,1.0313094673717251,0.0,0.0,1967
1968,0.8689191515790728,0.008252412309249106,0.0002789497375488281,0.8810647948261703,1.0313088918077242,0.0,0.0,1968
1969,0.8687999554167657,0.00825136697230886,0.0002779960632324219,0.8810610068632482,1.0313084344872392,0.0,0.0,1969
1970,0.8685777250464665,0.008250322297099941,0.0002903938293457031,0.8810572223366503,1.0313082013257877,0.0,0.0,1970
1971,0.8687080850612057,0.008249278282868717,0.00027942657470703125,0.8810536778132863,1.031307934491466,0.0,0.0,1971
1972,0.8682792969448181,0.008248234928862792,0.0002789497375488281,0.881050135970284,1.0313076680892914,0.0,0.0,1972
1973,0.8687834561779595,0.008247192234331015,0.0002956390380859375,0.8810463817176288,1.0313078305857777,0.0,0.0,1973
1974,0.8683551573483108,0.008246150198523457,0.00027942657470703125,0.8810426303042058,1.0313079931826303,0.0,0.0,1974
1975,0.8683131919051892,0.008245108820691427,0.0002796649932861328,0.8810391049435892,1.0313084491142401,0.0,0.0,1975
1976,0.8691040957910627,0.008244068100087463,0.0002949237823486328,0.8810355860433785,1.0313090097985425,0.0,0.0,1976
1977,0.8691237838849927,0.008243028035965327,0.00028204917907714844,0.8810320586917524,1.0313095062106477,0.0,0.0,1977
1978,0.8690339007479156,0.008241988627580002,0.000278472900390625,0.8810284902393951,1.0313101154910564,0.0,0.0,1978
1979,0.8689145225482613,0.0082409498741877,0.0002884864807128906,0.8810249201401598,1.0313108580251755,0.0,0.0,1979
1980,0.8691026217787721,0.008239911775045839,0.0002789497375488281,0.8810212523563284,1.031311294312066,0.0,0.0,1980
1981,0.8688787874269991,0.008238874329413061,0.000278472900390625,0.8810175627963386,1.0313123674788534,0.0,0.0,1981
1982,0.8691091756563603,0.008237837536549221,0.00027751922607421875,0.8810136999013785,1.0313133502703642,0.0,0.0,1982
1983,0.8707824039669393,0.008236801395715379,0.0002815723419189453,0.8810100660286228,1.0313150348946332,0.0,0.0,1983
1984,0.8703553156870774,0.008235765906173805,0.00027871131896972656,0.8810064348896242,1.0313167184487708,0.0,0.0,1984
1985,0.871315925399357,0.008234731067187976,0.00028061866760253906,0.8810030077908456,1.0313184358806051,0.0,0.0,1985
1986,0.8716485576405251,0.00823369687802257,0.0002944469451904297,0.8809996343753447,1.031320043053208,0.0,0.0,1986
1987,0.8717664471848183,0.008232663337943463,0.00028204917907714844,0.8809964526097878,1.0313221709387073,0.0,0.0,1987
1988,0.8713399742833579,0.008231630446217731,0.00028014183044433594,0.8809932732275253,1.0313242974152503,0.0,0.0,1988
1989,0.8721876928292477,0.008230598202113646,0.00029158592224121094,0.8809901991138929,1.0313264300894138,0.0,0.0,1989
1990,0.8720675619555543,0.008229566604900668,0.00028133392333984375,0.8809871275944186,1.0313286980486345,0.0,0.0,1990
1991,0.8719749672905835,0.00822853565384945,0.00027942657470703125,0.8809840685338804,1.0313310298884177,0.0,0.0,1991
1992,0.8738548313689837,0.00822750534823183,0.00029397010803222656,0.880981037106244,1.0313326380327614,0.0,0.0,1992
1993,0.8736629042162277,0.008226475687320834,0.0002808570861816406,0.8809780413925268,1.0313343694997945,0.0,0.0,1993
1994,0.8741776582255708,0.008225446670390666,0.00028395652770996094,0.8809750550203412,1.0313358999042115,0.0,0.0,1994
1995,0.8738946119008641,0.008224418296716713,0.0002913475036621094,0.8809718106044093,1.031337215646307,0.0,0.0,1995
1996,0.8745121713903972,0.008223390565575537,0.0002837181091308594,0.8809686586477019,1.0313385516716953,0.0,0.0,1996
1997,0.8750608336071831,0.008222363476244875,0.00028228759765625,0.8809654776172013,1.0313398010502128,0.0,0.0,1997
1998,0.8756582189517844,0.008221337028003638,0.0002887248992919922,0.8809621956083936,1.0313409360817252,0.0,0.0,1998
1999,0.8752322073572109,0.008220311220131907,0.0002911090850830078,0.8809589160473942,1.0313420704600287,0.0,0.0,1999
2000,0.8738146831746105,0.008219286051910923,2.4774060249328613,0.8792608316816191,1.046329295559678,0.0,0.0,2000
2001,0.5904927166977946,0.02674961219905688,0.00017189979553222656,0.9803838951961741,1.0122448436231204,0.0,0.0,0
2002,0.6019776711220174,0.025557724169850898,7.081031799316406e-05,0.9738758452626712,1.0060307981171324,0.0,0.0,1
2003,0.6513447463163105,0.02459152611805058,4.696846008300781e-05,0.971499820364742,1.0068947561010464,0.0,0.0,2
2004,0.6720294352358849,0.02378414230005442,3.814697265625e-05,0.9697789774195349,1.0048053541602544,0.0,0.0,3
2005,0.6281513102222162,0.023094010767585035,3.814697265625e-05,0.9702391211249878,1.0015971497903482,0.0,0.0,4
2006,0.07064298924283308,0.022493653007613964,0.02561187744140625,1.1033352134667742,0.9950975619522933,0.0,0.0,5
2007,0.07393608810366858,0.0219640194710445,8.7738037109375e-05,1.1068327632070334,0.9992679633463439,0.0,0.0,6
2008,0.1466282239615927,0.02149139863647084,5.340576171875e-05,1.1059158236872941,1.0004273056350408,0.0,0.0,7
2009,0.2730989552174655,0.02106561551391706,3.933906555175781e-05,1.1069766406578425,1.0016233179526484,0.0,0.0,8
2010,0.43822537388367216,0.020678926158286825,3.5762786865234375e-05,1.1043006631097927,1.0017545710971312,0.0,0.0,9
2011,0.43518469105583746,0.02032530992618459,3.218650817871094e-05,1.1012852252356593,1.0023308761525618,0.0,0.0,10
2012,0.5342715707380162,0.02,3.409385681152344e-05,1.0991742818189627,1.0022514083091787,0.0,0.0,11
2013,0.6198733926061248,0.019699162420218096,3.5762786865234375e-05,1.0971736884781094,1.0017025932763786,0.0,0.0,12
2014,0.6071563023494473,0.019419670868292938,3.457069396972656e-05,1.096774170030407,1.0026095633095577,0.0,0.0,13
2015,0.6045174729497853,0.019158945017742988,3.0994415283203125e-05,1.0946811170318715,1.0036697938684482,0.0,0.0,14
2016,0.6614636796810761,0.018914832180063516,3.337860107421875e-05,1.093219034618962,1.004607940926271,0.0,0.0,15
2017,0.6911451192434868,0.018685519109128003,3.337860107421875e-05,1.091855645111663,1.0056354663220437,0.0,0.0,16
2018,0.7701104664478626,0.018469465237764104,3.1948089599609375e-05,1.0903903333378524,1.0064275894780383,0.0,0.0,17
2019,0.830253466614299,0.018265351419869253,3.0994415283203125e-05,1.0881208958535153,1.0068932755039268,0.0,0.0,18
2020,0.8696196193558697,0.0180720400721969,3.2901763916015625e-05,1.0859159947712198,1.0074970435004074,0.0,0.0,19
2021,0.8836138380714398,0.01788854381999832,3.2901763916015625e-05,1.0839000611217962,1.0081388720091866,0.0,0.0,20
2022,0.8832223756087412,0.017714000570765897,3.218650817871094e-05,1.0819934897654324,1.0088363532304137,0.0,0.0,21
2023,0.8478990502858302,0.017547653506033236,3.24249267578125e-05,1.0801986631075697,1.0095065816145343,0.0,0.0,22
2024,0.9005349811629835,0.017388834877799658,3.3855438232421875e-05,1.0786240806996126,1.0103301588993225,0.0,0.0,23
2025,0.9175493959417033,0.01723695277835624,3.266334533691406e-05,1.0769313623491654,1.0105259328846958,0.0,0.0,24
2026,0.3470295989589492,0.01709148025584936,0.3867025375366211,1.4046082371116073,1.669888060600553,0.0,0.0,25
2027,0.4111140429832679,0.016951946296600868,0.00010037422180175781,1.404736609892076,1.6695242117856974,0.0,0.0,26
2028,0.40135356808300826,0.01681792830507429,6.127357482910156e-05,1.4044412371526278,1.669339368837065,0.0,0.0,27
2029,0.46115303910520505,0.016689045794446026,4.363059997558594e-05,1.4044513311794369,1.6696170407973283,0.0,0.0,28
2030,0.5073479039808464,0.016564955062662083,3.7670135498046875e-05,1.404386278229345,1.6699759326776344,0.0,0.0,29
2031,0.5153754457100472,0.01644534467602079,3.719329833984375e-05,1.4044178124760025,1.6705452434261434,0.0,0.0,30
2032,0.5980783937809493,0.016329931618554522,3.600120544433594e-05,1.404090572164495,1.6705614394071524,0.0,0.0,31
2033,0.9664196680126322,0.016218457993550792,3.600120544433594e-05,1.4034074915081678,1.6693143428369246,0.0,0.0,32
2034,0.9455948366662688,0.016110688185463094,3.600120544433594e-05,1.4030765146035349,1.6687356853627768,0.0,0.0,33
2035,0.9233298803719993,0.016006406407689997,3.695487976074219e-05,1.402701085583474,1.6679561132374214,0.0,0.0,34
2036,0.9022159684238936,0.015905414575341014,3.409385681152344e-05,1.4022330423350247,1.6671811782359485,0.0,0.0,35
2037,0.9475950330130969,0.01580753045297619,3.647804260253906e-05,1.4017436622196464,1.6661839661998947,0.0,0.0,36
2038,0.9353336575317741,0.01571258603602052,3.4809112548828125e-05,1.4014000121737475,1.6653582727675058,0.0,0.0,37
2039,0.9153126182667626,0.015620426131580645,3.4332275390625e-05,1.4009308962295433,1.6643468268720563,0.0,0.0,38
2040,0.896997567077986,0.01553090711008893,3.361701965332031e-05,1.400753527203263,1.66379070574573,0.0,0.0,39
2041,0.8788311509611135,0.015443895803843588,3.62396240234375e-05,1.4003630799694446,1.6631358796499072,0.0,0.0,40
2042,0.888361415611054,0.015359268532317399,3.838539123535156e-05,1.4000249464132073,1.6625442963097348,0.0,0.0,41
2043,0.8711157054964269,0.015276910237238135,3.600120544433594e-05,1.3996590805329379,1.6619153276490248,0.0,0.0,42
2044,0.8830929042219579,0.015196713713031851,3.743171691894531e-05,1.3992754412249446,1.6614117407973972,0.0,0.0,43
2045,0.8808295311561635,0.015118578920369089,3.719329833984375e-05,1.3987604503655962,1.6610124102860047,0.0,0.0,44
2046,0.8646540969937403,0.015042412372345576,3.719329833984375e-05,1.398374088421218,1.6606067141805494,0.0,0.0,45
2047,0.8491625396954061,0.0149681265843285,4.4345855712890625e-05,1.3980022224042552,1.6602133827675323,0.0,0.0,46
2048,0.9645585039661384,0.014895639579759297,3.4332275390625e-05,1.3973200345676333,1.6596845057486456,0.0,0.0,47
2049,1.1363360884248732,0.014824874445266055,3.528594970703125e-05,1.3964446937019233,1.6591140604748684,0.0,0.0,48
2050,1.1319481176507515,0.014755758929337622,3.695487976074219e-05,1.3955741680594753,1.6584811846362513,0.0,0.0,49
2051,0.5532596573821895,0.014688225079574369,0.12435603141784668,1.0582148301749563,1.3069947378128182,0.0,0.0,50
2052,0.576507739452505,0.014622208914180495,9.942054748535156e-05,1.058352734340834,1.3066371535664152,0.0,0.0,51
2053,0.6588981432944339,0.014557650123917907,5.435943603515625e-05,1.0584846448221137,1.3069777949903203,0.0,0.0,52
2054,0.6484683895528426,0.01449449180121732,4.649162292480469e-05,1.0586128683492664,1.3069981286029744,0.0,0.0,53
2055,0.6567615099389486,0.01443268019355096,4.1484832763671875e-05,1.0586805669477641,1.3070289764735792,0.0,0.0,54
2056,0.6468011180295088,0.01437216447852337,3.981590270996094e-05,1.0587466080883734,1.307059492747941,0.0,0.0,55
2057,0.6467068382004187,0.014312896558441049,4.935264587402344e-05,1.058799157627726,1.3068792151277548,0.0,0.0,56
2058,0.6872246452181828,0.014254830872385152,4.220008850097656e-05,1.0588012886504392,1.3067501057946485,0.0,0.0,57
2059,0.7115420681716258,0.014197924224040212,4.2438507080078125e-05,1.058802844625213,1.3065054511564405,0.0,0.0,58
2060,0.7011774272497133,0.014142135623730949,3.886222839355469e-05,1.0588044252887143,1.3062667528724847,0.0,0.0,59
2061,0.7252038660916543,0.014087426143292945,3.838539123535156e-05,1.058809709197492,1.305941682552796,0.0,0.0,60
2062,0.7147986593769493,0.014033758782554742,3.647804260253906e-05,1.0588149304282455,1.305625366855547,0.0,0.0,61
2063,0.7077771956000098,0.01398109834634205,3.7670135498046875e-05,1.058821049113396,1.3053382575428032,0.0,0.0,62
2064,0.7052268618721984,0.013929411331031417,3.695487976074219e-05,1.0587942489858897,1.3049267224458032,0.0,0.0,63
2065,0.7619598137323198,0.01387866581978364,3.743171691894531e-05,1.0587141996543252,1.3044844064240297,0.0,0.0,64
2066,0.7515810990780419,0.01382883138567764,3.719329833984375e-05,1.058681882471958,1.3040411127618063,0.0,0.0,65
2067,0.7414906332711768,0.013779879002045574,3.910064697265625e-05,1.0586053671606444,1.3036179377547752,0.0,0.0,66
2068,0.7524588656015244,0.013731780959380786,3.790855407714844e-05,1.0585284431852822,1.303104673558777,0.0,0.0,67
2069,0.7652463148126333,0.01368451078825286,3.814697265625e-05,1.0585269255258278,1.302658482127452,0.0,0.0,68
2070,0.7751548772129082,0.013638043187719814,3.7670135498046875e-05,1.0584969299058697,1.3019772425969907,0.0,0.0,69
2071,0.7647953830626129,0.01359235395877698,3.743171691894531e-05,1.0584626614962414,1.301326098237355,0.0,0.0,70
2072,0.765149245948354,0.013547419942426286,3.814697265625e-05,1.0583893406445697,1.300811424033979,0.0,0.0,71
2073,0.7642194290699678,0.013503218961989055,3.790855407714844e-05,1.0583272519217048,1.30016373180256,0.0,0.0,72
2074,0.7707464904827676,0.013459729769320606,3.743171691894531e-05,1.0582518961965437,1.2995278264409882,0.0,0.0,73
2075,0.8283263087734488,0.013416931994616497,3.790855407714844e-05,1.058190204025407,1.298822822882177,0.0,0.0,74
2076,0.8179994338674419,0.01337480609952844,5.0067901611328125e-05,1.0581140598478875,1.298282799286706,0.0,0.0,75
2077,0.8609359482735843,0.013333333333333332,4.220008850097656e-05,1.057928138167219,1.2975222188454612,0.0,0.0,76
2078,0.8749022801956863,0.013292495691921606,3.981590270996094e-05,1.0576511493213032,1.2967820344269594,0.0,0.0,77
2079,0.8645426705060666,0.013252275879391607,3.981590270996094e-05,1.0574189097626545,1.2960333919281752,0.0,0.0,78
2080,0.8584214840368177,0.013212657272055228,3.933906555175781e-05,1.0571436779260328,1.2954363305642747,0.0,0.0,79
2081,0.853351903848233,0.01317362388467672,3.814697265625e-05,1.0569767371369787,1.2949143273464503,0.0,0.0,80
2082,0.8860135871804239,0.01313516033878161,3.886222839355469e-05,1.0566844688256218,1.294346224831711,0.0,0.0,81
2083,0.8833700680874057,0.01309725183288644,3.886222839355469e-05,1.0564029791775673,1.293826388865265,0.0,0.0,82
2084,0.8735634552523267,0.013059884114512211,3.886222839355469e-05,1.0561263956584677,1.2933156076430736,0.0,0.0,83
2085,0.8751704406948608,0.013023043453855847,3.910064697265625e-05,1.05578399517294,1.2927030608854202,0.0,0.0,84
2086,0.8688916946646927,0.012986716619003955,3.910064697265625e-05,1.0554463744937068,1.2921076047642481,0.0,0.0,85
2087,0.8595777947305889,0.012950890852582574,4.00543212890625e-05,1.0551210076650166,1.2915221654230742,0.0,0.0,86
2088,0.8597825579700882,0.012915553849744882,4.076957702636719e-05,1.054788404514284,1.2909305437346248,0.0,0.0,87
2089,0.8522280115387937,0.012880693737406695,4.172325134277344e-05,1.0544746179204034,1.290362472384291,0.0,0.0,88
2090,0.8621843959464568,0.01284629905464632,4.0531158447265625e-05,1.0542109305581746,1.2897558222045313,0.0,0.0,89
2091,0.9121147702460648,0.012812358734191946,4.00543212890625e-05,1.0539575633860305,1.289220786563868,0.0,0.0,90
2092,0.9071378268782968,0.012778862084925449,3.9577484130859375e-05,1.0536885873388588,1.2886247589653166,0.0,0.0,91
2093,0.9090825223096359,0.012745798775336877,4.1484832763671875e-05,1.0534297133256665,1.2880798531322035,0.0,0.0,92
2094,0.9037501157522014,0.012713158817868742,4.172325134277344e-05,1.0531379220321957,1.2875397431379707,0.0,0.0,93
2095,0.9026553390738957,0.012680932554093723,4.220008850097656e-05,1.0529235964251848,1.2871026762087772,0.0,0.0,94
2096,0.8937998574967352,0.012649110640673518,4.172325134277344e-05,1.0526542801219512,1.286568236349209,0.0,0.0,95
2097,0.8852045462416561,0.012617684036050288,4.076957702636719e-05,1.0524685093432153,1.2860763773735784,0.0,0.0,96
2098,0.8779595820134548,0.012586643987825663,4.00543212890625e-05,1.0522361336232209,1.2855980109043292,0.0,0.0,97
2099,0.8867535915023499,0.012555982020785427,4.1961669921875e-05,1.0519908331955055,1.2850612732511997,0.0,0.0,98
2100,0.9368868945295773,0.012525689925530938,4.1961669921875e-05,1.0515787014389395,1.2844485552192686,0.0,0.0,99
2101,0.6079026811677309,0.012495759747681023,0.7134149074554443,1.0719920024030578,1.0122988739384342,0.0,0.0,100
2102,0.6033938732477151,0.012466183777610622,0.00011157989501953125,1.072007204947611,1.0123229235983147,0.0,0.0,101
2103,0.6002905982827534,0.012436954540694687,5.6743621826171875e-05,1.0720762775086397,1.0124635992397477,0.0,0.0,102
2104,0.5951432359431194,0.012408064788027995,4.9114227294921875e-05,1.0720483638116218,1.0125191413945307,0.0,0.0,103
2105,0.590042385473326,0.01237950748759353,4.506111145019531e-05,1.0721379392791306,1.0125017512827625,0.0,0.0,104
2106,0.5857278634910706,0.012351275815853793,4.315376281738281e-05,1.07210603391864,1.0125361290631383,0.0,0.0,105
2107,0.5808245102282624,0.01232336314974122,4.172325134277344e-05,1.0721444070139727,1.0125482693836416,0.0,0.0,106
2108,0.5759971661926886,0.01229576305902529,4.220008850097656e-05,1.0721439515025377,1.0125548105617548,0.0,0.0,107
2109,0.5726043223381482,0.012268469299035458,4.100799560546875e-05,1.0721891086180197,1.0125911917589128,0.0,0.0,108
2110,0.567942494300724,0.012241475803720361,4.1961669921875e-05,1.0721864439976911,1.01261837746768,0.0,0.0,109
2111,0.5659886400872413,0.012214776679024887,4.029273986816406e-05,1.0721916557225124,1.0126711282620682,0.0,0.0,110
2112,0.5614581780330992,0.012188366196567999,4.029273986816406e-05,1.072191142603956,1.0126814798239705,0.0,0.0,111
2113,0.5581369116039424,0.012162238787605173,4.0531158447265625e-05,1.0722350986715516,1.0127387291782144,0.0,0.0,112
2114,0.5544568667575036,0.012136389037260291,4.172325134277344e-05,1.0722423472190425,1.0127961623907555,0.0,0.0,113
2115,0.550135639760923,0.012110811679012842,4.0531158447265625e-05,1.0722421447895192,1.0128312097381964,0.0,0.0,114
2116,0.6155014283714567,0.012085501589427073,4.00543212890625e-05,1.0722296852411837,1.012875582258451,0.0,0.0,115
2117,0.6151021938942931,0.012060453783110546,4.076957702636719e-05,1.0722494852828808,1.013009323107547,0.0,0.0,116
2118,0.6148972448351565,0.012035663407890305,4.076957702636719e-05,1.0722501764010974,1.0131037969462235,0.0,0.0,117
2119,0.610226893721823,0.012011125740195595,4.076957702636719e-05,1.0722526986793053,1.013179553104178,0.0,0.0,118
2120,0.6056151758173752,0.011986836180636656,4.0531158447265625e-05,1.072272639722867,1.013228297115748,0.0,0.0,119
2121,0.6010816595793388,0.011962790249769763,5.3882598876953125e-05,1.072280208472128,1.013339505780885,0.0,0.0,120
2122,0.59749195911421,0.011938983584039291,4.315376281738281e-05,1.0722763731268545,1.0133955033708388,0.0,0.0,121
2123,0.5931027325651662,0.01191541193188797,4.0531158447265625e-05,1.072277553131861,1.0134872178054826,0.0,0.0,122
2124,0.5887754506924221,0.01189207115002721,4.029273986816406e-05,1.0722970599411044,1.0135364461994374,0.0,0.0,123
2125,0.5850500898276094,0.011868957199859633,3.933906555175781e-05,1.0723064618043328,1.0136484310891973,0.0,0.0,124
2126,0.593380917992875,0.0118460661440465,4.172325134277344e-05,1.0723056382919365,1.01371142145807,0.0,0.0,125
2127,0.5896666510780697,0.01182339414321311,4.172325134277344e-05,1.0723225362700117,1.0137763059025873,0.0,0.0,126
2128,0.5981940245254496,0.011800937452785615,4.124641418457031e-05,1.0723306187590902,1.013890355799011,0.0,0.0,127
2129,0.5939894273111641,0.011778692419953041,3.981590270996094e-05,1.0723399827009787,1.0139493862175777,0.0,0.0,128
2130,0.5898467487187921,0.011756655480748664,4.220008850097656e-05,1.0723538237284993,1.0140412935548804,0.0,0.0,129
2131,0.5876539005300114,0.011734823157245245,4.100799560546875e-05,1.0723563076979326,1.0141399488890075,0.0,0.0,130
2132,0.5918895469172148,0.01171319205485879,4.0531158447265625e-05,1.0723964469218372,1.01418240115208,0.0,0.0,131
2133,0.5878363628950973,0.01169175885975595,4.5299530029296875e-05,1.0724119400437195,1.014301713602795,0.0,0.0,132
2134,0.5838456068854136,0.01167052033636032,4.1484832763671875e-05,1.0724512306102119,1.014343259077484,0.0,0.0,133
2135,0.5886488208795447,0.011649473324953166,4.291534423828125e-05,1.0724782754491906,1.01443641628441,0.0,0.0,134
2136,0.5984232085028923,0.011628614739364386,4.3392181396484375e-05,1.0724881449494383,1.0144025544125235,0.0,0.0,135
2137,0.5944474898085752,0.01160794156474967,4.3392181396484375e-05,1.0724778745330381,1.0143737976083245,0.0,0.0,136
2138,0.5950711603830267,0.011587450855450057,4.220008850097656e-05,1.0724774177108878,1.0143888171677684,0.0,0.0,137
2139,0.5914067384280008,0.011567139732930285,5.507469177246094e-05,1.0724864340083469,1.0143697820438216,0.0,0.0,138
2140,0.6487547021796696,0.011547005383792518,4.267692565917969e-05,1.0724763355496956,1.0143627275453162,0.0,0.0,139
2141,0.6445302378084429,0.011527045057862138,4.267692565917969e-05,1.0724623022898347,1.0143260026632064,0.0,0.0,140
2142,0.7000342147902751,0.011507256066342612,4.4345855712890625e-05,1.072433225856367,1.0143036501512128,0.0,0.0,141
2143,0.6962893694612817,0.011487635780036361,4.4345855712890625e-05,1.0724056620914304,1.0142843287565524,0.0,0.0,142
2144,0.6961512506814974,0.011468181627628936,4.57763671875e-05,1.0723827127481023,1.0142649773836383,0.0,0.0,143
2145,0.6917135880007308,0.011448891094033799,4.458427429199219e-05,1.0723605717926405,1.0142458332635287,0.0,0.0,144
2146,0.6873353112202001,0.011429761718795197,4.458427429199219e-05,1.0723386670787172,1.0142268927893263,0.0,0.0,145
2147,0.6832203810227663,0.011410791094546666,4.363059997558594e-05,1.0722853873799527,1.014247316742361,0.0,0.0,146
2148,0.7381193676243459,0.011391976865522947,4.410743713378906e-05,1.0722455517701264,1.0142112319935568,0.0,0.0,147
2149,0.7376477252491372,0.011373316726123074,4.2438507080078125e-05,1.072209315958114,1.0141762330046717,0.0,0.0,148
2150,0.7916508161155714,0.011354808419522579,4.38690185546875e-05,1.072149738940098,1.014123946907751,0.0,0.0,149
2151,0.7869706950631118,0.011336449736332792,4.649162292480469e-05,1.0720674492025812,1.0140895266538104,0.0,0.0,150
2152,0.7944575052977148,0.011318238513305403,4.267692565917969e-05,1.072010464942188,1.0140609145171375,0.0,0.0,151
2153,0.7900092120125508,0.01130017263208043,4.482269287109375e-05,1.0719572105051927,1.0140318742558665,0.0,0.0,152
2154,0.7877441980309983,0.011282250017975884,4.363059997558594e-05,1.071915522523627,1.0139916657534274,0.0,0.0,153
2155,0.7846817768902998,0.011264468638817504,4.3392181396484375e-05,1.0718775084502565,1.0139525368103466,0.0,0.0,154
2156,0.8359420478217419,0.011246826503806982,5.125999450683594e-05,1.0718188326794158,1.0138964684441982,0.0,0.0,155
2157,0.8325101249276066,0.011229321662427169,4.553794860839844e-05,1.0717423546371618,1.013912394517525,0.0,0.0,156
2158,0.8276742022991768,0.01121195220338286,4.38690185546875e-05,1.071685069409525,1.0138840916298444,0.0,0.0,157
2159,0.8235299093007908,0.011194716253575755,4.363059997558594e-05,1.0716294172575092,1.0139010236541102,0.0,0.0,158
2160,0.8733564027348593,0.011177611977112324,4.4345855712890625e-05,1.0715542741917543,1.013861877037668,0.0,0.0,159
2161,0.8682365229448916,0.011160637574343307,4.4345855712890625e-05,1.0714621468462837,1.013868848082255,0.0,0.0,160
2162,0.8631648630130575,0.011143791280933669,4.363059997558594e-05,1.0714131692603852,1.0138391833203213,0.0,0.0,161
2163,0.8586071395802305,0.011127071366961835,4.458427429199219e-05,1.0713529035596812,1.0138549138601372,0.0,0.0,162
2164,0.9091635486220999,0.011110476136047162,4.410743713378906e-05,1.0712298114026801,1.0138540150815067,0.0,0.0,163
2165,0.9550096516279585,0.011094003924504584,4.506111145019531e-05,1.0711289271080724,1.0137778607140233,0.0,0.0,164
2166,0.9495123285856275,0.011077653100525367,4.458427429199219e-05,1.0710137199264511,1.0137283232884462,0.0,0.0,165
2167,0.9505607133084756,0.011061422063383152,4.38690185546875e-05,1.070925932062638,1.0136601868305732,0.0,0.0,166
2168,0.9454381442431928,0.011045309242664223,4.506111145019531e-05,1.0708023929096084,1.013626903838515,0.0,0.0,167
2169,0.9411722562973097,0.01102931309752121,4.4345855712890625e-05,1.0707190075136634,1.0135965504857674,0.0,0.0,168
2170,0.9364249241328226,0.01101343211594935,4.4345855712890625e-05,1.0706359880467615,1.0135656138347988,0.0,0.0,169
2171,0.9311945550778793,0.010997664814084521,4.458427429199219e-05,1.070553695341585,1.013534951991862,0.0,0.0,170
2172,0.9301946928521821,0.01098200973552225,4.5299530029296875e-05,1.070440296589477,1.0135337324280693,0.0,0.0,171
2173,0.9261022979303192,0.010966465450656953,5.269050598144531e-05,1.0703646280683128,1.0135377902586413,0.0,0.0,172
2174,0.9210216393219682,0.010951030556040733,4.7206878662109375e-05,1.0702643119731192,1.0135707917836023,0.0,0.0,173
2175,0.9228575288456565,0.010935703673760996,4.744529724121094e-05,1.0701745570423766,1.0135582249724064,0.0,0.0,174
2176,0.9192358245054361,0.010920483450836268,4.673004150390625e-05,1.070094658442367,1.0135358608174148,0.0,0.0,175
2177,0.9147895007998919,0.01090536855862958,4.76837158203125e-05,1.0700170633630546,1.013507827319609,0.0,0.0,176
2178,0.958037910814454,0.010890357692278807,4.696846008300781e-05,1.0699028918330071,1.0135025632299157,0.0,0.0,177
2179,0.9586614142802281,0.010875449570143372,4.7206878662109375e-05,1.0697911851413489,1.0134640413285427,0.0,0.0,178
2180,0.9557217208854951,0.010860642933266782,4.696846008300781e-05,1.069677437398722,1.013388990067023,0.0,0.0,179
2181,0.9507410158439918,0.010845936544854447,4.673004150390625e-05,1.0695664701439798,1.013315257869994,0.0,0.0,180
2182,0.9512705201058312,0.01083132918976626,4.696846008300781e-05,1.069449308523392,1.0132398430924519,0.0,0.0,181
2183,0.9474394979620426,0.010816819674023455,4.696846008300781e-05,1.0693346622066473,1.013177631892114,0.0,0.0,182
2184,0.9425017619392133,0.010802406824329272,4.76837158203125e-05,1.0692289161067965,1.0130912616297798,0.0,0.0,183
2185,0.9376171941889676,0.01078808948760295,4.744529724121094e-05,1.0691240240184685,1.0130055889022342,0.0,0.0,184
2186,0.9791983758489582,0.010773866530526628,4.839897155761719e-05,1.0689952236684173,1.0129334148985598,0.0,0.0,185
2187,0.977388131625144,0.01075973683910473,4.839897155761719e-05,1.0688809837982958,1.0128311705301838,0.0,0.0,186
2188,0.9723772088904552,0.01074569931823542,4.76837158203125e-05,1.0687676510660793,1.0127297374773483,0.0,0.0,187
2189,0.9692114377861719,0.01073175289129372,5.6743621826171875e-05,1.06866750480373,1.0126655729080853,0.0,0.0,188
2190,0.9643063293886536,0.010717896499725965,4.863739013671875e-05,1.0685681465994268,1.0126019145640006,0.0,0.0,189
2191,0.9603228754466038,0.010704129102655165,4.839897155761719e-05,1.0684750121402276,1.0125199162984293,0.0,0.0,190
2192,0.9631703697532898,0.010690449676496976,4.935264587402344e-05,1.0683745854902502,1.012474145770343,0.0,0.0,191
2193,0.9631661012280777,0.010676857214585922,5.030632019042969e-05,1.0682721617054503,1.012427473131995,0.0,0.0,192
2194,0.9583925150653904,0.010663350726811542,4.982948303222656e-05,1.068176596638202,1.012408608850309,0.0,0.0,193
2195,0.9536661193346987,0.010649929239264163,4.935264587402344e-05,1.0680757417287448,1.0123626558984382,0.0,0.0,194
2196,0.9914567373990062,0.010636591793889979,5.14984130859375e-05,1.0679652899225756,1.0123066238814917,0.0,0.0,195
2197,0.9891503295035202,0.010623337448155157,5.173683166503906e-05,1.0678635317021394,1.0122417308772234,0.0,0.0,196
2198,0.9843214777001523,0.010610165274718706,5.078315734863281e-05,1.0677551720854277,1.012205762133241,0.0,0.0,197
2199,0.9798069080543377,0.010597074361113798,4.982948303222656e-05,1.06765678907137,1.012143114569761,0.0,0.0,198
2200,0.9750789495832489,0.010584063809437319,4.9591064453125e-05,1.067564801946162,1.0121071731551285,0.0,0.0,199
2201,0.7750065508096017,0.010571132736047378,0.3331723213195801,0.9084851316558027,1.0145169779125478,0.0,0.0,200
2202,0.771536734736811,0.010558280271268556,0.0001347064971923828,0.9084936982297074,1.014548070894645,0.0,0.0,201
2203,0.770063981919128,0.010545505559104624,7.128715515136719e-05,0.9084921208636371,1.014584411535329,0.0,0.0,202
2204,0.7665126131779181,0.01053280775695853,6.151199340820312e-05,0.9085018508080425,1.0146147068711295,0.0,0.0,203
2205,0.7635204334790864,0.010520186035359449,5.888938903808594e-05,0.9085109416691346,1.014657036832296,0.0,0.0,204
2206,0.7612223943209334,0.010507639577696633,5.555152893066406e-05,0.9085160264392552,1.0146839099674045,0.0,0.0,205
2207,0.7618375189607814,0.010495167579959946,5.602836608886719e-05,0.9085319090858891,1.0147166375139178,0.0,0.0,206
2208,0.7598240775672666,0.010482769250486784,5.459785461425781e-05,0.908537938748885,1.0147557505163929,0.0,0.0,207
2209,0.7679170974302939,0.010470443809715282,5.2928924560546875e-05,0.9085569369356362,1.0147697189448852,0.0,0.0,208
2210,0.7704971074190471,0.010458190489943571,5.316734313964844e-05,0.9085637262703264,1.0147903410008339,0.0,0.0,209
2211,0.7704908136774503,0.010446008535094913,5.3882598876953125e-05,0.9085744297344266,1.0147767962197896,0.0,0.0,210
2212,0.7686368215843624,0.010433897200488582,5.2928924560546875e-05,0.9085858186397888,1.014787353732665,0.0,0.0,211
2213,0.7663055293952932,0.010421855752616274,5.412101745605469e-05,0.9086000583017528,1.0147964347991216,0.0,0.0,212
2214,0.7724007196209245,0.010409883468923915,6.818771362304688e-05,0.9086105819255519,1.0147864536754185,0.0,0.0,213
2215,0.7736867981610018,0.010397979637598727,0.00028634071350097656,0.9086265524487022,1.0147896016275229,0.0,0.0,214
2216,0.777676551533816,0.010386143557361354,5.650520324707031e-05,0.9086318002365453,1.0147798428661112,0.0,0.0,215
2217,0.7748532808756868,0.010374374537262959,5.507469177246094e-05,0.9086407654882619,1.0147849863104286,0.0,0.0,216
2218,0.7767236028856538,0.010362671896487118,5.435943603515625e-05,0.9086560046385128,1.0147651968716476,0.0,0.0,217
2219,0.7740632602398291,0.010351034964156387,5.364418029785156e-05,0.9086622650737749,1.0147707250868925,0.0,0.0,218
2220,0.7717527959709156,0.010339463079143412,5.412101745605469e-05,0.908671877044633,1.0147609323583617,0.0,0.0,219
2221,0.7729149774060095,0.010327955589886443,5.364418029785156e-05,0.9086861391575912,1.0147570191230202,0.0,0.0,220
2222,0.7762369915414928,0.010316511854209167,5.340576171875e-05,0.9087001873933971,1.0147360016681863,0.0,0.0,221
2223,0.7731647483445339,0.010305131239144678,5.364418029785156e-05,0.9087180431510885,1.0147269860344026,0.0,0.0,222
2224,0.7736317774435295,0.010293813120763535,5.507469177246094e-05,0.9087220575644389,1.0147216594518174,0.0,0.0,223
2225,0.7731710704958343,0.010282556884005768,6.389617919921875e-05,0.9087375694073083,1.0147297489521587,0.0,0.0,224
2226,0.7702760948160906,0.010271361922516698,5.53131103515625e-05,0.9087482851057299,1.0147334200845055,0.0,0.0,225
2227,0.7671471516254419,0.010260227638486538,5.53131103515625e-05,0.908755670397654,1.0147425280391287,0.0,0.0,226
2228,0.7684604550542796,0.010249153442493584,5.507469177246094e-05,0.9087676093632326,1.014749656316435,0.0,0.0,227
2229,0.7652782659721826,0.01023813875335097,5.459785461425781e-05,0.9087794727249516,1.0147567457737738,0.0,0.0,228
2230,0.7633769065640187,0.010227182997956875,5.507469177246094e-05,0.9087895706707075,1.0147811406115685,0.0,0.0,229
2231,0.7683431425031264,0.010216285611148053,5.53131103515625e-05,0.9088006234024277,1.0147876212041862,0.0,0.0,230
2232,0.7687944330894505,0.010205446035556658,5.53131103515625e-05,0.9088176245562924,1.0147930486896533,0.0,0.0,231
2233,0.7660734941055731,0.010194663721470217,5.555152893066406e-05,0.9088350633805234,1.014801572745073,0.0,0.0,232
2234,0.7649606193460613,0.010183938126694716,5.626678466796875e-05,0.9088450970958379,1.0148287781435217,0.0,0.0,233
2235,0.7631808590209853,0.010173268716420703,5.53131103515625e-05,0.9088613894248831,1.0148408492177086,0.0,0.0,234
2236,0.7670671856159024,0.010162654963092295,5.555152893066406e-05,0.90887752540567,1.0148561398335891,0.0,0.0,235
2237,0.7712722051970989,0.010152096346279074,5.602836608886719e-05,0.9088899138662034,1.0148755761990629,0.0,0.0,236
2238,0.77145797352873,0.010141592352550757,5.602836608886719e-05,0.9089000091631511,1.0148903850781326,0.0,0.0,237
2239,0.7745022832457453,0.010131142475354567,6.437301635742188e-05,0.9089118708710215,1.0149025729525043,0.0,0.0,238
2240,0.7747299933328192,0.010120746214895263,5.5789947509765625e-05,0.9089246410693016,1.014916437587986,0.0,0.0,239
2241,0.7719246697864975,0.010110403078017732,5.602836608886719e-05,0.9089355956260928,1.0149329512993632,0.0,0.0,240
2242,0.7766161028353182,0.010100112578092095,5.555152893066406e-05,0.908945776721618,1.0149490147020832,0.0,0.0,241
2243,0.7868337598289157,0.010089874234901269,5.459785461425781e-05,0.9089591863473129,1.0149599201017432,0.0,0.0,242
2244,0.7868044496808165,0.010079687574530889,5.602836608886719e-05,0.9089698620614785,1.0149598603237522,0.0,0.0,243
2245,0.7883140575296951,0.010069552129261581,5.745887756347656e-05,0.9089813059784839,1.0149570748239822,0.0,0.0,244
2246,0.7944742417107555,0.010059467437463483,5.6743621826171875e-05,0.908992335933435,1.0149472600329563,0.0,0.0,245
2247,0.7930193537781913,0.010049433043492977,5.650520324707031e-05,0.9090009719210675,1.0149568357159344,0.0,0.0,246
2248,0.7956226220658076,0.010039448497591585,6.008148193359375e-05,0.9090168377716427,1.0149482710934392,0.0,0.0,247
2249,0.7950258187642719,0.010029513355786961,5.888938903808594e-05,0.909029495081271,1.0149496782476632,0.0,0.0,248
2250,0.7933932232701904,0.010019627179795931,5.793571472167969e-05,0.9090433499720335,1.014954697176359,0.0,0.0,249
2251,0.791538286736711,0.010009789536929532,5.841255187988281e-05,0.9090583457651695,1.0149625951720815,0.0,0.0,250
2252,0.7966476304399208,0.01,5.7697296142578125e-05,0.9090689629713539,1.0149691709537874,0.0,0.0,251
2253,0.7957612254521335,0.009990258147229673,7.009506225585938e-05,0.9090815462625986,1.0149751983009156,0.0,0.0,252
2254,0.8013440785185414,0.009980563562161732,5.9604644775390625e-05,0.9090819806902738,1.0149828359257322,0.0,0.0,253
2255,0.7983387747938422,0.009970915833572761,5.7220458984375e-05,0.9090824145470677,1.0149904354817363,0.0,0.0,254
2256,0.7970734133882169,0.009961314555387093,5.745887756347656e-05,0.9090834040802741,1.0150000173156368,0.0,0.0,255
2257,0.798770145080413,0.009951759326592844,5.8650970458984375e-05,0.9090807148724818,1.0150176072964154,0.0,0.0,256
2258,0.7958117154987718,0.00994224975115967,5.793571472167969e-05,0.9090780431529707,1.0150351020197685,0.0,0.0,257
2259,0.796542123115116,0.009932785437958136,5.7697296142578125e-05,0.9090730133191102,1.015053196984525,0.0,0.0,258
2260,0.8006756194507018,0.009923366000680726,5.793571472167969e-05,0.9090717190256552,1.0150676418346876,0.0,0.0,259
2261,0.797752979501503,0.009913991057764386,5.793571472167969e-05,0.9090720449580257,1.0150820103670082,0.0,0.0,260
2262,0.7995545489876574,0.009904660232314611,5.841255187988281e-05,0.9090747764956941,1.0150792771686301,0.0,0.0,261
2263,0.7983217849651725,0.009895373152031041,5.8650970458984375e-05,0.9090809843353483,1.015076574725844,0.0,0.0,262
2264,0.7954342042394986,0.009886129449134487,5.888938903808594e-05,0.9090851149350264,1.0150813034698378,0.0,0.0,263
2265,0.7928201183904381,0.009876928760295419,5.7220458984375e-05,0.9090911259127695,1.0150880985067026,0.0,0.0,264
2266,0.7910162953397584,0.009867770726563805,5.841255187988281e-05,0.9090914347638375,1.0150991284144708,0.0,0.0,265
2267,0.793905697263739,0.00985865499330035,6.0558319091796875e-05,0.9090889834144181,1.0151107938098851,0.0,0.0,266
2268,0.7917111688781638,0.009849581210109048,5.888938903808594e-05,0.9090870151616605,1.0151240455424264,0.0,0.0,267
2269,0.7913823642671394,0.009840549030771015,5.8650970458984375e-05,0.9090865800859496,1.0151333596136447,0.0,0.0,268
2270,0.7893584282489542,0.009831558113179635,5.91278076171875e-05,0.9090876055064236,1.0151450904136121,0.0,0.0,269
2271,0.7957593538766694,0.009822608119276894,5.8650970458984375e-05,0.9090892358262687,1.0151391648504973,0.0,0.0,270
2272,0.792956623291351,0.009813698714990967,5.91278076171875e-05,0.9090908590855193,1.0151332777644517,0.0,0.0,271
2273,0.7913760850389417,0.009804829570174974,5.8650970458984375e-05,0.9090933174062868,1.0151296577764723,0.0,0.0,272
2274,0.7886091713517968,0.009796000358546888,5.8650970458984375e-05,0.9090957642009343,1.0151260634088173,0.0,0.0,273
2275,0.790749484201404,0.009787210757630591,5.91278076171875e-05,0.909094058069366,1.0151284303127108,0.0,0.0,274
2276,0.791925171012809,0.00977846044869802,5.9604644775390625e-05,0.9090892137141191,1.015119816660289,0.0,0.0,275
2277,0.7897266133531798,0.009769749116712413,6.0558319091796875e-05,0.9090842412036295,1.015116683222462,0.0,0.0,276
2278,0.7876778035242705,0.00976107645027259,5.9604644775390625e-05,0.9090801897637573,1.0151164244989734,0.0,0.0,277
2279,0.7851835356328227,0.009752442141558302,5.9604644775390625e-05,0.9090767402041386,1.0151189816055501,0.0,0.0,278
2280,0.7879691425301828,0.00974384588627654,7.152557373046875e-05,0.909075019557464,1.0151046750798336,0.0,0.0,279
2281,0.7857634605831231,0.009735287383608907,6.008148193359375e-05,0.9090736113518093,1.0150944878215098,0.0,0.0,280
2282,0.7830866066922594,0.009726766336159888,5.9604644775390625e-05,0.9090722124038134,1.0150843600186792,0.0,0.0,281
2283,0.7820536786340052,0.009718282449906097,6.008148193359375e-05,0.9090742385237499,1.0150743889614302,0.0,0.0,282
2284,0.7811543331064605,0.009709835434146469,6.127357482910156e-05,0.9090782304337336,1.0150642868870614,0.0,0.0,283
2285,0.7860978580376248,0.00970142500145332,6.079673767089844e-05,0.9090826771833469,1.0150498960833731,0.0,0.0,284
2286,0.7837868467116206,0.00969305086762432,6.127357482910156e-05,0.9090844782605569,1.0150317932756767,0.0,0.0,285
2287,0.7864364084272055,0.009684712751635325,6.079673767089844e-05,0.9090827681066788,1.0150115267729334,0.0,0.0,286
2288,0.7883648732136805,0.009676410375594064,6.103515625e-05,0.9090833796618373,1.0149852121680754,0.0,0.0,287
2289,0.7867477997289011,0.009668143464694644,6.198883056640625e-05,0.9090849584450428,1.0149614496398156,0.0,0.0,288
2290,0.785720705555657,0.009659911747172886,6.198883056640625e-05,0.909087407915231,1.0149399825592555,0.0,0.0,289
2291,0.7842906565043566,0.009651714954262435,6.079673767089844e-05,0.9090901820436136,1.014921817570191,0.0,0.0,290
2292,0.7834807274819335,0.00964355282015168,6.127357482910156e-05,0.909095094238233,1.014911673611415,0.0,0.0,291
2293,0.7842447028223196,0.009635425081941405,7.295608520507812e-05,0.9091008539310235,1.0148995358803823,0.0,0.0,292
2294,0.7832951800150413,0.0096273314796032,6.222724914550781e-05,0.9091069759540545,1.0148895595785437,0.0,0.0,293
2295,0.780712351814981,0.00961927175593862,6.198883056640625e-05,0.9091130686681241,1.0148797582716151,0.0,0.0,294
2296,0.7839009407829596,0.009611245656539018,6.127357482910156e-05,0.9091194944418679,1.0148697615802256,0.0,0.0,295
2297,0.7862819254339852,0.009603252929746129,6.222724914550781e-05,0.9091269217810539,1.0148569412827835,0.0,0.0,296
2298,0.7920560277895404,0.009595293326613302,6.413459777832031e-05,0.909134083665365,1.014843435894774,0.0,0.0,297
2299,0.8022309210777271,0.009587366600867423,6.318092346191406e-05,0.909139425674824,1.0148166035470958,0.0,0.0,298
2300,0.8022397122031283,0.009579472508871494,6.341934204101562e-05,0.9091437337576095,1.0147869335945487,0.0,0.0,299
2301,0.7998256484251259,0.009571610809587846,6.318092346191406e-05,0.9091461393124394,1.0147609137190727,0.0,0.0,300
2302,0.7972351897313091,0.009563781264542007,6.270408630371094e-05,0.9091485345307061,1.0147350275888856,0.0,0.0,301
2303,0.7986055506574686,0.00955598363778716,6.4849853515625e-05,0.9091497880646371,1.0147072810413709,0.0,0.0,302
2304,0.79605461727375,0.009548217695869233,6.29425048828125e-05,0.9091508874798714,1.0146874359435964,0.0,0.0,303
2305,0.7975978176356091,0.009540483207792563,6.365776062011719e-05,0.9091521591641086,1.0146690334978825,0.0,0.0,304
2306,0.7965734067148574,0.009532779944986162,7.367134094238281e-05,0.9091523915890337,1.0146525043948111,0.0,0.0,305
2307,0.795593911491258,0.00952510768127053,6.389617919921875e-05,0.9091536936004405,1.0146386967426855,0.0,0.0,306
2308,0.79551041305756,0.009517466192825045,6.413459777832031e-05,0.9091555417705273,1.014627588415612,0.0,0.0,307
2309,0.7971441735954818,0.0095098552581559,6.365776062011719e-05,0.9091548623432462,1.014614751772919,0.0,0.0,308
2310,0.7955339439445657,0.009502274658064566,6.532669067382812e-05,0.9091549740815938,1.014602983538553,0.0,0.0,309
2311,0.7981544774168549,0.009494724175616781,7.343292236328125e-05,0.9091578135317795,1.0145904432931423,0.0,0.0,310
2312,0.7990769291534657,0.009487203596112078,6.651878356933594e-05,0.9091589087916612,1.0145781668118656,0.0,0.0,311
2313,0.8010150462933053,0.009479712707053778,6.747245788574219e-05,0.9091609281741241,1.0145631903993877,0.0,0.0,312
2314,0.8069516622803115,0.00947225129811953,6.699562072753906e-05,0.9091690170357499,1.0145355256146533,0.0,0.0,313
2315,0.805747566869659,0.009464819161132277,6.556510925292969e-05,0.9091780495567626,1.0145099651553713,0.0,0.0,314
2316,0.8053181098135189,0.009457416090031758,6.532669067382812e-05,0.9091883962258902,1.0144863172305956,0.0,0.0,315
2317,0.8051657377042847,0.009450041880846433,6.67572021484375e-05,0.9091997484151251,1.0144645298958777,0.0,0.0,316
2318,0.8028001538182816,0.00944269633166589,7.700920104980469e-05,0.9092123632552593,1.0144449049806208,0.0,0.0,317
2319,0.8009815462164492,0.009435379242613683,6.651878356933594e-05,0.9092254454994447,1.0144276766154503,0.0,0.0,318
2320,0.8041990973785256,0.009428090415820635,6.580352783203125e-05,0.9092390312931522,1.0144077749713278,0.0,0.0,319
2321,0.8023266493780082,0.009420829655398545,6.4849853515625e-05,0.9092508150517898,1.0143962899860448,0.0,0.0,320
2322,0.8049465317087904,0.009413596767414345,6.532669067382812e-05,0.9092639017521083,1.0143763565469766,0.0,0.0,321
2323,0.8085852548853343,0.009406391559864653,6.651878356933594e-05,0.9092782489634849,1.0143533737938848,0.0,0.0,322
2324,0.8066908270739638,0.009399213842650737,6.556510925292969e-05,0.9092933623499695,1.0143327509413809,0.0,0.0,323
2325,0.8062436327981369,0.009392063427553894,6.604194641113281e-05,0.9093073604335831,1.0143229131565454,0.0,0.0,324
2326,0.8047972986170767,0.0093849401282112,6.437301635742188e-05,0.9093219967411033,1.014317111231023,0.0,0.0,325
2327,0.8083933171167178,0.009377843760091658,6.437301635742188e-05,0.9093331221102235,1.0143122954857215,0.0,0.0,326
2328,0.8159523048543748,0.009370774140472724,6.508827209472656e-05,0.9093423217687819,1.014301788088929,0.0,0.0,327
2329,0.8135102244837566,0.009363731088417189,6.604194641113281e-05,0.9093514808017098,1.0142913328018657,0.0,0.0,328
2330,0.8156363589952129,0.009356714424750457,7.295608520507812e-05,0.9093624077065692,1.014280113327416,0.0,0.0,329
2331,0.8154535793133125,0.009349723972038133,6.651878356933594e-05,0.9093742114594058,1.014267849130861,0.0,0.0,330
2332,0.8312952903808665,0.009342759554564001,6.604194641113281e-05,0.9093789555537009,1.0142529558155424,0.0,0.0,331
2333,0.828841609347368,0.00933582099830834,6.723403930664062e-05,0.909383679459213,1.0142381334423607,0.0,0.0,332
2334,0.8269303102899186,0.009328908130926544,6.67572021484375e-05,0.9093890066186263,1.0142255435280045,0.0,0.0,333
2335,0.8263217288814286,0.00932202078172812,6.651878356933594e-05,0.9093962118215834,1.014212928354145,0.0,0.0,334
2336,0.8256903771115887,0.009315158781655977,6.771087646484375e-05,0.9094040947361485,1.0142019311364188,0.0,0.0,335
2337,0.8306096066907697,0.009308321963266052,6.699562072753906e-05,0.9094117427582746,1.0141846083006931,0.0,0.0,336
2338,0.8284893076567302,0.00930151016070724,6.651878356933594e-05,0.9094176554403154,1.0141749097819206,0.0,0.0,337
2339,0.8267678749223126,0.009294723209701634,6.651878356933594e-05,0.9094244118854218,1.0141674524596067,0.0,0.0,338
2340,0.8243742398863133,0.009287960947525067,6.771087646484375e-05,0.9094311396966832,1.014160031901283,0.0,0.0,339
2341,0.8219947444950368,0.009281223212987955,6.628036499023438e-05,0.9094378390781066,1.0141526478184524,0.0,0.0,340
2342,0.8208639382832588,0.009274509846416427,7.462501525878906e-05,0.9094451562638463,1.0141473171859632,0.0,0.0,341
2343,0.8261001032961164,0.00926782068963373,6.818771362304688e-05,0.9094529604673718,1.014138655227062,0.0,0.0,342
2344,0.8237365419595702,0.009261155585941941,6.723403930664062e-05,0.9094607317826829,1.0141300347603146,0.0,0.0,343
2345,0.8253124308515973,0.009254514380103922,6.818771362304688e-05,0.9094649310493175,1.0141177724396535,0.0,0.0,344
2346,0.8229758323000522,0.009247896918325582,6.747245788574219e-05,0.9094660167129135,1.0141124243322401,0.0,0.0,345
2347,0.8248727655705793,0.009241303048238371,6.723403930664062e-05,0.9094685572111123,1.014097649507109,0.0,0.0,346
2348,0.824570779794277,0.009234732618882052,6.890296936035156e-05,0.9094701359251488,1.0140922429911823,0.0,0.0,347
2349,0.8222549602135741,0.009228185480687736,7.05718994140625e-05,0.9094732806014332,1.0140788290410994,0.0,0.0,348
2350,0.819951591945231,0.009221661485461144,6.866455078125e-05,0.9094748478013207,1.0140734761026198,0.0,0.0,349
2351,0.8192735703111168,0.009215160486366152,6.985664367675781e-05,0.909478582038922,1.0140627183104256,0.0,0.0,350
2352,0.8261568550076207,0.009208682337908546,6.818771362304688e-05,0.9094840721337476,1.0140497402884825,0.0,0.0,351
2353,0.8338825310419786,0.009202226895920037,7.390975952148438e-05,0.9094912609012884,1.014020161789217,0.0,0.0,352
2354,0.8333724295739029,0.009195794017542499,8.58306884765625e-05,0.9094967267728711,1.0139995171726937,0.0,0.0,353
2355,0.8312964434863207,0.009189383561212445,6.818771362304688e-05,0.9095029146111293,1.013981097189529,0.0,0.0,354
2356,0.8322110209634355,0.009182995386645732,6.866455078125e-05,0.9095130056392315,1.0139535937592004,0.0,0.0,355
2357,0.830267161430352,0.00917662935482247,6.890296936035156e-05,0.9095222644179775,1.0139358759105261,0.0,0.0,356
2358,0.8359135274021848,0.009170285327972183,6.937980651855469e-05,0.9095300222992799,1.0139112955203573,0.0,0.0,357
2359,0.833636183030631,0.009163963169559145,6.890296936035156e-05,0.90953624174266,1.0138945241312323,0.0,0.0,358
2360,0.8356267444650429,0.009157662744267964,6.842613220214844e-05,0.9095390929492763,1.013866829692048,0.0,0.0,359
2361,0.8333545906176918,0.009151383917989354,7.152557373046875e-05,0.9095404386473818,1.0138468930671831,0.0,0.0,360
2362,0.8310955616971869,0.009145126557806112,6.914138793945312e-05,0.9095432681446454,1.0138194338504238,0.0,0.0,361
2363,0.8305258618525738,0.009138890531979301,6.890296936035156e-05,0.9095437663759389,1.013805303751944,0.0,0.0,362
2364,0.8292860527664283,0.009132675709934627,6.890296936035156e-05,0.9095408571709954,1.0137970114660584,0.0,0.0,363
2365,0.8331063230639641,0.009126481962249012,9.1552734375e-05,0.9095407055557132,1.0137807951807634,0.0,0.0,364
2366,0.8342247403938444,0.009120309160637363,7.05718994140625e-05,0.909539978878419,1.013773101009443,0.0,0.0,365
2367,0.8339050350504771,0.009114157177939517,6.985664367675781e-05,0.9095416044039379,1.013759063604738,0.0,0.0,366
2368,0.831693646519943,0.00910802588810737,6.937980651855469e-05,0.9095432242149337,1.013745086509096,0.0,0.0,367
2369,0.8294934173682154,0.009101915166192204,6.914138793945312e-05,0.909543391716403,1.013738563538779,0.0,0.0,368
2370,0.8294019346907723,0.009095824888332178,7.05718994140625e-05,0.9095442647217772,1.0137230010874618,0.0,0.0,369
2371,0.8308299499678001,0.009089754931739994,7.009506225585938e-05,0.9095451832642233,1.013712389457106,0.0,0.0,370
2372,0.8300795884697884,0.009083705174690749,6.985664367675781e-05,0.9095464821287693,1.0137033668085267,0.0,0.0,371
2373,0.8279083129508303,0.009077675496509929,7.033348083496094e-05,0.9095492002438149,1.0136871070432485,0.0,0.0,372
2374,0.8282527678600535,0.009071665777561602,7.009506225585938e-05,0.9095508158584988,1.0136797755927451,0.0,0.0,373
2375,0.8263312415466033,0.009065675899236762,7.009506225585938e-05,0.9095501628083263,1.013674659683709,0.0,0.0,374
2376,0.8243385680542353,0.009059705743941816,7.009506225585938e-05,0.9095505413269653,1.0136713621103484,0.0,0.0,375
2377,0.8326815556006985,0.009053755195087262,8.20159912109375e-05,0.9095508883992107,1.0136600466749588,0.0,0.0,376
2378,0.8337324081173275,0.0090478241370765,7.033348083496094e-05,0.90955130349883,1.0136517609050812,0.0,0.0,377
2379,0.8348702117381224,0.009041912455294808,7.224082946777344e-05,0.9095528620374302,1.0136370053025265,0.0,0.0,378
2380,0.8382297820038209,0.00903602003609845,7.104873657226562e-05,0.909553598066194,1.0136277880195015,0.0,0.0,379
2381,0.8398487300878935,0.009030146766803965,7.224082946777344e-05,0.909556512772443,1.0136094287678055,0.0,0.0,380
2382,0.8412781058766887,0.009024292535677577,7.081031799316406e-05,0.909558195272746,1.013595793777987,0.0,0.0,381
2383,0.8475711222862746,0.00901845723192475,7.033348083496094e-05,0.9095576457469577,1.0135743859972353,0.0,0.0,382
2384,0.8558960388921362,0.009012640745679899,6.937980651855469e-05,0.9095544763391136,1.0135513273744168,0.0,0.0,383
2385,0.857939137168762,0.009006842967996222,7.009506225585938e-05,0.9095511046478498,1.0135258309352346,0.0,0.0,384
2386,0.8585722352994535,0.009001063790835687,7.081031799316406e-05,0.9095494981800701,1.0134965369879105,0.0,0.0,385
2387,0.8581850107209068,0.008995303107059139,7.152557373046875e-05,0.9095471793815599,1.0134669443585098,0.0,0.0,386
2388,0.8578913055460025,0.008989560810416538,8.511543273925781e-05,0.9095453326350015,1.0134364569682808,0.0,0.0,387
2389,0.8587268375436808,0.008983836795537357,7.176399230957031e-05,0.9095439538484286,1.0134024854048074,0.0,0.0,388
2390,0.8574597422088481,0.008978130957921061,7.2479248046875e-05,0.9095433087609376,1.0133700816496123,0.0,0.0,389
2391,0.8579228296482915,0.00897244319392775,7.200241088867188e-05,0.9095433422443372,1.0133386680199252,0.0,0.0,390
2392,0.861656882605112,0.008966773400768915,7.2479248046875e-05,0.9095443641274134,1.013300989660674,0.0,0.0,391
2393,0.8599599623273255,0.008961121476498314,7.200241088867188e-05,0.9095460959543687,1.013264301860935,0.0,0.0,392
2394,0.8589163762598138,0.008955487320002955,7.176399230957031e-05,0.9095483873214818,1.0132291697486098,0.0,0.0,393
2395,0.8621716131734465,0.008949870830994234,7.867813110351562e-05,0.9095499141213252,1.0131901617706625,0.0,0.0,394
2396,0.8609562982801253,0.00894427190999916,7.295608520507812e-05,0.9095530291079563,1.0131508078519302,0.0,0.0,395
2397,0.8588402734439866,0.008938690458351693,7.605552673339844e-05,0.909556133055219,1.0131116050679372,0.0,0.0,396
2398,0.8567349494226195,0.008933126378184216,7.295608520507812e-05,0.909558113548891,1.0130747352857983,0.0,0.0,397
2399,0.8548880764884538,0.008927579572419105,8.296966552734375e-05,0.909562621911224,1.0130391719614924,0.0,0.0,398
2400,0.8584721365569132,0.008922049944760405,7.43865966796875e-05,0.9095670835388132,1.0130032118886185,0.0,0.0,399
2401,0.8298722966155455,0.008916537399685627,0.6248922348022461,0.8853985121836172,1.0442279874074225,0.0,0.0,400
2402,0.8319299069573296,0.00891104184243764,0.00024819374084472656,0.8853954388764833,1.0442346591957414,0.0,0.0,401
2403,0.8303342081419001,0.008905563179016673,0.00011086463928222656,0.8853983003192843,1.0442456513652778,0.0,0.0,402
2404,0.8329269085432164,0.008900101316172415,8.845329284667969e-05,0.8854000419271992,1.0442483255079216,0.0,0.0,403
2405,0.8347670433545689,0.008894656161396224,8.463859558105469e-05,0.8853933963479722,1.044256220167186,0.0,0.0,404
2406,0.8338185375697836,0.00888922762291343,8.726119995117188e-05,0.8853980816343203,1.044261755029683,0.0,0.0,405
2407,0.8356218437249792,0.008883815609675745,8.916854858398438e-05,0.8854018195663452,1.0442664241286237,0.0,0.0,406
2408,0.8339909406571712,0.008878420031353747,9.1552734375e-05,0.8854009805725088,1.044276304118175,0.0,0.0,407
2409,0.8323381874350732,0.008873040798329491,8.463859558105469e-05,0.885405800214786,1.0442846977408669,0.0,0.0,408
2410,0.8307885354669108,0.008867677821689198,8.320808410644531e-05,0.8854059611811357,1.0442982591948218,0.0,0.0,409
2411,0.8298635544833447,0.008862331013216025,8.034706115722656e-05,0.8854103703562635,1.0443086083563804,0.0,0.0,410
2412,0.8279325523304655,0.008857000285382948,8.153915405273438e-05,0.8854080863103511,1.044318487239308,0.0,0.0,411
2413,0.8289216219307222,0.008851685551345726,9.608268737792969e-05,0.885412568627587,1.0443266458424778,0.0,0.0,412
2414,0.8351559684892484,0.008846386724935948,8.535385131835938e-05,0.8854102891514253,1.044340846752678,0.0,0.0,413
2415,0.8362353390539271,0.008841103720654171,8.296966552734375e-05,0.8854151027053496,1.0443494856327775,0.0,0.0,414
2416,0.8440148572384076,0.008835836453663154,8.535385131835938e-05,0.8854096169566031,1.0443550883423045,0.0,0.0,415
2417,0.8476471656591194,0.008830584839781152,8.20159912109375e-05,0.8854112869565083,1.0443636209585199,0.0,0.0,416
2418,0.8463174444416016,0.008825348795475321,9.179115295410156e-05,0.8854085830878412,1.044374439426867,0.0,0.0,417
2419,0.8469127537895663,0.008820128237855185,8.535385131835938e-05,0.885409796437125,1.0443795591292466,0.0,0.0,418
2420,0.8460932337713498,0.008814923084666203,8.130073547363281e-05,0.8854041594208857,1.0443863003317544,0.0,0.0,419
2421,0.8443045493060813,0.008809733254283386,8.320808410644531e-05,0.8854039952586368,1.0443908981802954,0.0,0.0,420
2422,0.842384251024929,0.008804558665705026,8.916854858398438e-05,0.8853988816828826,1.044398733312082,0.0,0.0,421
2423,0.8408092315852882,0.008799399238546479,8.606910705566406e-05,0.885399150858129,1.0444054570633121,0.0,0.0,422
2424,0.8437575107146186,0.008794254893034035,8.797645568847656e-05,0.8853951513423275,1.0444143981248362,0.0,0.0,423
2425,0.8492264464821248,0.008789125549998862,8.58306884765625e-05,0.8853925506740253,1.0444243213219095,0.0,0.0,424
2426,0.8482817072674118,0.008784011130871018,8.416175842285156e-05,0.8853906407184098,1.0444357280314176,0.0,0.0,425
2427,0.8472188133010473,0.008778911557673541,8.249282836914062e-05,0.8853848870537736,1.0444496742558338,0.0,0.0,426
2428,0.8454867752692733,0.008773826753016618,8.535385131835938e-05,0.8853845840903745,1.0444649851808097,0.0,0.0,427
2429,0.8476362978927668,0.0087687566400918,9.250640869140625e-05,0.8853776978753655,1.0444792685873965,0.0,0.0,428
2430,0.8461690490606321,0.008763701142666327,8.440017700195312e-05,0.8853763087214697,1.0444921435835666,0.0,0.0,429
2431,0.8542613722474035,0.008758660185077479,8.344650268554688e-05,0.8853657789600876,1.0445064343175257,0.0,0.0,430
2432,0.8533033271795736,0.008753633692227024,8.416175842285156e-05,0.8853594997752058,1.0445192621549095,0.0,0.0,431
2433,0.8519240842121518,0.00874862158957572,8.511543273925781e-05,0.8853504848336539,1.0445407019777948,0.0,0.0,432
2434,0.8504179239954534,0.008743623803137889,8.702278137207031e-05,0.8853454391425061,1.0445576182259704,0.0,0.0,433
2435,0.8491861649457374,0.008738640259476049,8.368492126464844e-05,0.8853379594709648,1.0445826997229908,0.0,0.0,434
2436,0.8486974762182861,0.008733670885695625,8.463859558105469e-05,0.8853340989738606,1.0446029978710178,0.0,0.0,435
2437,0.8474954610142397,0.008728715609439696,0.00010561943054199219,0.8853266311658876,1.0446245153853737,0.0,0.0,436
2438,0.8456350069455798,0.008723774358883834,8.606910705566406e-05,0.8853224603999267,1.0446393942164522,0.0,0.0,437
2439,0.8441451478375598,0.008718847062730987,8.487701416015625e-05,0.8853141552543309,1.044656681962642,0.0,0.0,438
2440,0.8464090491218978,0.008713933650206429,8.702278137207031e-05,0.8853047343539728,1.0446784289519655,0.0,0.0,439
2441,0.8485296314677175,0.008709034051052755,8.249282836914062e-05,0.8852956047559689,1.044696281335174,0.0,0.0,440
2442,0.8474815957056228,0.008704148195524966,8.225440979003906e-05,0.8852868847476995,1.044716005714929,0.0,0.0,441
2443,0.8459401376963845,0.008699276014385585,8.845329284667969e-05,0.8852788556830373,1.0447378164310122,0.0,0.0,442
2444,0.8452340013584803,0.008694417438899829,8.893013000488281e-05,0.8852716050044768,1.0447650628584282,0.0,0.0,443
2445,0.8453521861934359,0.00868957240083086,8.654594421386719e-05,0.8852650407484706,1.044791641735406,0.0,0.0,444
2446,0.8496989748213958,0.008684740832435074,9.5367431640625e-05,0.8852578770727355,1.0448133580196457,0.0,0.0,445
2447,0.8490842364383414,0.008679922666457448,0.00010180473327636719,0.8852514967388327,1.0448393548691641,0.0,0.0,446
2448,0.8545620136244768,0.008675117836126942,8.654594421386719e-05,0.8852440996111123,1.0448644278810018,0.0,0.0,447
2449,0.8548321065578526,0.008670326275151952,8.726119995117188e-05,0.8852439995198,1.0448845992452092,0.0,0.0,448
2450,0.8569067989422419,0.00866554791771583,8.702278137207031e-05,0.8852393928603847,1.0449070991415426,0.0,0.0,449
2451,0.8571021610646666,0.008660782698472423,8.7738037109375e-05,0.8852331582356419,1.0449268711006936,0.0,0.0,450
2452,0.855811939175094,0.008656030552541709,8.7738037109375e-05,0.8852316612697163,1.0449479048408992,0.0,0.0,451
2453,0.8544085334497132,0.008651291415505438,8.845329284667969e-05,0.8852251582587587,1.0449755870160287,0.0,0.0,452
2454,0.8525959301036371,0.008646565223402854,8.630752563476562e-05,0.8852198463780409,1.0449984155850964,0.0,0.0,453
2455,0.8515125927171033,0.008641851912726454,8.678436279296875e-05,0.8852150597093805,1.0450228597054134,0.0,0.0,454
2456,0.8499905334377904,0.008637151420417793,8.654594421386719e-05,0.8852112071895494,1.0450478361252364,0.0,0.0,455
2457,0.848199480572998,0.008632463683863348,8.440017700195312e-05,0.885207367669041,1.0450727325998432,0.0,0.0,456
2458,0.8476300735046863,0.008627788640890414,9.012222290039062e-05,0.8852046965207901,1.0451068119977314,0.0,0.0,457
2459,0.8478861580540948,0.008623126229763061,8.940696716308594e-05,0.8852032662856917,1.0451312262381216,0.0,0.0,458
2460,0.8498896577748583,0.00861847638917812,8.893013000488281e-05,0.8852019449765794,1.045156724555377,0.0,0.0,459
2461,0.8485552022721905,0.008613839058261243,9.703636169433594e-05,0.8851998573547049,1.0451886035202582,0.0,0.0,460
2462,0.8469546501172522,0.008609214176562964,8.7738037109375e-05,0.8851978311623236,1.0452079361202962,0.0,0.0,461
2463,0.8458621282728769,0.008604601684054853,8.487701416015625e-05,0.8851968241098389,1.045232494054937,0.0,0.0,462
2464,0.8454901309155716,0.008600001521125672,8.96453857421875e-05,0.8851951369732798,1.0452497779812138,0.0,0.0,463
2465,0.8449555608970951,0.008595413628577605,9.489059448242188e-05,0.8851927349161538,1.0452711858244752,0.0,0.0,464
2466,0.8440761704016283,0.008590837947622504,8.7738037109375e-05,0.8851902427320886,1.0452894025755826,0.0,0.0,465
2467,0.8444470461398011,0.008586274419878194,8.749961853027344e-05,0.885188128328404,1.0453165247422382,0.0,0.0,466
2468,0.847945152385709,0.008581722987364825,8.821487426757812e-05,0.885184456346622,1.0453393908293807,0.0,0.0,467
2469,0.8471853299180788,0.00857718359250124,8.797645568847656e-05,0.8851797901975632,1.0453606157674877,0.0,0.0,468
2470,0.8454510657694397,0.008572656178101396,9.083747863769531e-05,0.8851782446315477,1.0453835303926513,0.0,0.0,469
2471,0.8437230489375617,0.008568140687370848,9.1552734375e-05,0.8851736088108817,1.0454046240985293,0.0,0.0,470
2472,0.8466743540196631,0.008563637063903215,9.083747863769531e-05,0.8851749491389376,1.0454286868007883,0.0,0.0,471
2473,0.8468146852081422,0.008559145251676758,8.535385131835938e-05,0.8851698190516828,1.0454539388591888,0.0,0.0,472
2474,0.8450951596240812,0.008554665195050928,9.608268737792969e-05,0.8851699823322957,1.0454742291337475,0.0,0.0,473
2475,0.8466617619254924,0.00855019683876299,0.00010061264038085938,0.8851663734610321,1.0454979144985785,0.0,0.0,474
2476,0.8464069923722188,0.00854574012792468,8.96453857421875e-05,0.885168187552458,1.0455237279124239,0.0,0.0,475
2477,0.8456090236260196,0.008541295008018897,8.678436279296875e-05,0.8851677116444062,1.0455493582078865,0.0,0.0,476
2478,0.8445179878385547,0.008536861424896408,8.893013000488281e-05,0.8851701467851462,1.0455757429773227,0.0,0.0,477
2479,0.8428197210024534,0.00853243932477263,8.869171142578125e-05,0.885171495144657,1.0456065207822633,0.0,0.0,478
2480,0.8418190189105912,0.008528028654224416,8.96453857421875e-05,0.8851728431134396,1.04563426396847,0.0,0.0,479
2481,0.8429614088935735,0.00852362936018689,8.726119995117188e-05,0.8851736034917154,1.04566297424624,0.0,0.0,480
2482,0.8456082989239293,0.008519241389950302,9.274482727050781e-05,0.8851709439893094,1.04569737388655,0.0,0.0,481
2483,0.8439210254267646,0.008514864691156929,9.965896606445312e-05,0.8851699077549452,1.045729296423915,0.0,0.0,482
2484,0.8445081124340125,0.008510499211798027,9.274482727050781e-05,0.8851669115517217,1.0457605835632255,0.0,0.0,483
2485,0.8453742300362826,0.00850614490021076,9.036064147949219e-05,0.8851661182600112,1.0457875454447647,0.0,0.0,484
2486,0.8453356822631373,0.00850180170507523,9.226799011230469e-05,0.8851652354884131,1.0458150668961883,0.0,0.0,485
2487,0.8474476206566968,0.008497469575411488,8.726119995117188e-05,0.8851643001820443,1.0458453517889548,0.0,0.0,486
2488,0.8457719277929031,0.008493148460576595,9.274482727050781e-05,0.8851656198021561,1.0458742560590353,0.0,0.0,487
2489,0.8478885005562001,0.008488838310261728,9.179115295410156e-05,0.8851660963521116,1.045899805510948,0.0,0.0,488
2490,0.8536455670401938,0.008484539074489292,9.34600830078125e-05,0.8851639025071737,1.0459261316963504,0.0,0.0,489
2491,0.8527287977475103,0.008480250703610075,8.893013000488281e-05,0.8851575550263232,1.0459538557343648,0.0,0.0,490
2492,0.8512453791915494,0.008475973148300434,0.0001010894775390625,0.8851540322522453,1.0459822102335314,0.0,0.0,491
2493,0.8505019324709064,0.008471706359559511,0.0001049041748046875,0.8851448989113763,1.0460061289693559,0.0,0.0,492
2494,0.8533382837459088,0.008467450288706475,9.369850158691406e-05,0.8851432137707366,1.0460362797853908,0.0,0.0,493
2495,0.853840393181758,0.008463204887377786,8.988380432128906e-05,0.8851357746030072,1.0460573517757839,0.0,0.0,494
2496,0.8526069475950335,0.008458970107524513,9.179115295410156e-05,0.8851301873514285,1.0460825143030312,0.0,0.0,495
2497,0.8565928497119883,0.008454745901409648,9.298324584960938e-05,0.8851216925551677,1.0461030957935793,0.0,0.0,496
2498,0.855724996298918,0.00845053222160547,9.34600830078125e-05,0.8851167951568665,1.0461322297553393,0.0,0.0,497
2499,0.854068237002463,0.00844632902099093,9.012222290039062e-05,0.8851127005101421,1.046154323199598,0.0,0.0,498
2500,0.8578931111488275,0.008442136252749054,9.369850158691406e-05,0.8851051086674566,1.0461766116221298,0.0,0.0,499
2501,0.85757115393923,0.0084379538703644,0.00010132789611816406,0.885099580955074,1.0462049837868408,0.0,0.0,500
2502,0.8608154327893262,0.00843378182762051,9.441375732421875e-05,0.8850972134809275,1.0462347242589496,0.0,0.0,501
2503,0.8592522500667548,0.008429620078597398,9.298324584960938e-05,0.8850898341450357,1.0462638342732156,0.0,0.0,502
2504,0.8598064055566024,0.008425468577669085,9.679794311523438e-05,0.8850851561447232,1.0462963568295178,0.0,0.0,503
2505,0.864483309341492,0.008421327279501125,9.107589721679688e-05,0.8850779703663426,1.0463223555318963,0.0,0.0,504
2506,0.8628316957146253,0.008417196139048183,9.465217590332031e-05,0.8850708061966176,1.0463482787718952,0.0,0.0,505
2507,0.8643201397263911,0.008413075111551626,8.893013000488281e-05,0.8850638924248603,1.0463760506841229,0.0,0.0,506
2508,0.8628359684827372,0.008408964152537146,9.298324584960938e-05,0.8850571635671851,1.0464049394388737,0.0,0.0,507
2509,0.862239977776162,0.00840486321781239,9.226799011230469e-05,0.8850511568049448,1.0464358117917627,0.0,0.0,508
2510,0.86060519685885,0.008400772263464648,0.0001010894775390625,0.8850451680089193,1.0464665949118142,0.0,0.0,509
2511,0.8589767608263664,0.008396691245858519,9.083747863769531e-05,0.8850391970901625,1.0464972892305844,0.0,0.0,510
2512,0.8577331001144258,0.008392620121633642,9.417533874511719e-05,0.8850328585135009,1.0465295858903667,0.0,0.0,511
2513,0.8573022782710946,0.008388558847702435,9.107589721679688e-05,0.8850279522606581,1.0465599400147072,0.0,0.0,512
2514,0.856011762532863,0.008384507381247838,9.322166442871094e-05,0.8850231620762727,1.046591927759681,0.0,0.0,513
2515,0.8584924518557573,0.008380465679721118,9.1552734375e-05,0.8850189675587959,1.046623145001607,0.0,0.0,514
2516,0.8611849269657713,0.008376433700839658,9.632110595703125e-05,0.8850143073235835,1.0466525947087992,0.0,0.0,515
2517,0.8625898175021282,0.008372411402584788,9.1552734375e-05,0.8850081081541102,1.0466868864668215,0.0,0.0,516
2518,0.8630291081803785,0.008368398743199643,9.584426879882812e-05,0.8850017563552846,1.0467230354717842,0.0,0.0,517
2519,0.8634726756491111,0.008364395681187025,0.0001010894775390625,0.8849966267618271,1.0467594818255437,0.0,0.0,518
2520,0.8621518785535055,0.0083604021753073,9.226799011230469e-05,0.8849919371077681,1.0467977965763533,0.0,0.0,519
2521,0.8607631034101847,0.008356418184576305,9.179115295410156e-05,0.8849877911550027,1.0468377520761192,0.0,0.0,520
2522,0.8604115994277863,0.008352443668263293,9.918212890625e-05,0.8849812096256992,1.0468703625231086,0.0,0.0,521
2523,0.8588195941585018,0.008348478585888877,9.250640869140625e-05,0.88497464726759,1.0469028808796577,0.0,0.0,522
2524,0.8585501823169405,0.008344522897223013,9.584426879882812e-05,0.884969161200778,1.0469316905281898,0.0,0.0,523
2525,0.8615065191858459,0.008340576562282992,9.179115295410156e-05,0.8849622446733781,1.0469573728355486,0.0,0.0,524
2526,0.8650406598110237,0.008336639541331452,9.584426879882812e-05,0.8849544285730502,1.0469808713376028,0.0,0.0,525
2527,0.8683668853875904,0.008332711794874426,9.274482727050781e-05,0.8849470075752075,1.0470038094526997,0.0,0.0,526
2528,0.8699178921688953,0.00832879328365938,0.00010585784912109375,0.8849385246675965,1.0470305202133074,0.0,0.0,527
2529,0.868726782721202,0.008324883968673294,9.250640869140625e-05,0.8849304767086924,1.0470587643918088,0.0,0.0,528
2530,0.8690152158272161,0.008320983811140752,9.655952453613281e-05,0.884921241679661,1.0470861641478766,0.0,0.0,529
2531,0.8674279366597203,0.008317092772522062,9.417533874511719e-05,0.8849120330308796,1.0471134878522972,0.0,0.0,530
2532,0.8658531986439064,0.008313210814511371,0.00010228157043457031,0.8849031383541373,1.047142414955141,0.0,0.0,531
2533,0.8649565178353315,0.008309337899034827,9.512901306152344e-05,0.8848946960632662,1.047172968362307,0.0,0.0,532
2534,0.8684594957761197,0.008305473988248734,0.00010132789611816406,0.884886348239397,1.0472041613415484,0.0,0.0,533
2535,0.8685206431915381,0.00830161904453774,9.822845458984375e-05,0.8848783284020167,1.0472364466237858,0.0,0.0,534
2536,0.8686803290744033,0.008297773030513045,0.00010848045349121094,0.884870086654303,1.0472706049348048,0.0,0.0,535
2537,0.8677636284753971,0.00829393590901061,9.751319885253906e-05,0.8848622680707507,1.0473062446962689,0.0,0.0,536
2538,0.8708178049909248,0.008290107643089397,9.894371032714844e-05,0.8848528181807173,1.0473411078761723,0.0,0.0,537
2539,0.8697788766238338,0.008286288196029628,9.775161743164062e-05,0.884843782311518,1.0473773121455283,0.0,0.0,538
2540,0.8781990797054605,0.008282477531331042,0.000102996826171875,0.8848326910392457,1.047411982325115,0.0,0.0,539
2541,0.8766586899607199,0.008278675612711195,9.632110595703125e-05,0.8848219557843803,1.047448030148143,0.0,0.0,540
2542,0.8755881308032025,0.008274882404103763,9.775161743164062e-05,0.884811764836435,1.0474849158352626,0.0,0.0,541
2543,0.8763026190579505,0.008271097869656848,9.799003601074219e-05,0.8848015100051869,1.0475163909577112,0.0,0.0,542
2544,0.875478071590938,0.00826732197373133,9.799003601074219e-05,0.8847916478229394,1.0475453455989274,0.0,0.0,543
2545,0.8739161446460837,0.008263554680899206,0.00010585784912109375,0.8847818130717765,1.0475742218011563,0.0,0.0,544
2546,0.8804178896178898,0.008259795955941972,9.584426879882812e-05,0.8847703876256225,1.047603186092022,0.0,0.0,545
2547,0.8801046419432214,0.008256045763848986,9.72747802734375e-05,0.8847595307399219,1.0476337815310637,0.0,0.0,546
2548,0.8785417865460143,0.00825230406981589,9.655952453613281e-05,0.8847487038545866,1.0476642943973045,0.0,0.0,547
2549,0.8793078048930114,0.008248570839243,9.942054748535156e-05,0.8847366407960111,1.0476966129581242,0.0,0.0,548
2550,0.8778695693994548,0.008244846037733754,9.608268737792969e-05,0.8847250174302694,1.047729979299022,0.0,0.0,549
2551,0.8815966671973577,0.008241129631093145,0.00010085105895996094,0.884713591641479,1.0477632886713604,0.0,0.0,550
2552,0.880751319554069,0.00823742158532618,9.799003601074219e-05,0.8847017862124897,1.0477973698712566,0.0,0.0,551
2553,0.8791995571124538,0.00823372186663636,0.00019311904907226562,0.8846900130931088,1.0478313597601385,0.0,0.0,552
2554,0.8778929983125092,0.008230030441424155,9.965896606445312e-05,0.8846786342052839,1.0478666404205281,0.0,0.0,553
2555,0.8775964379414886,0.008226347276285519,9.870529174804688e-05,0.8846685517246226,1.047900438115351,0.0,0.0,554
2556,0.8783236562926239,0.008222672338010394,0.00010061264038085938,0.8846564549454312,1.0479339896665625,0.0,0.0,555
2557,0.8789270035252396,0.00821900559358125,9.799003601074219e-05,0.8846441951994061,1.0479668584092747,0.0,0.0,556
2558,0.8773921717194054,0.008215347010171611,0.00010061264038085938,0.8846319686991504,1.0479996399218607,0.0,0.0,557
2559,0.8758628137207525,0.00821169655514464,9.655952453613281e-05,0.8846197752950293,1.0480323345914444,0.0,0.0,558
2560,0.8818118521562884,0.008208054196051676,9.870529174804688e-05,0.8846060760351265,1.0480642909382891,0.0,0.0,559
2561,0.8810453431767936,0.008204419900630842,0.000110626220703125,0.8845914696767074,1.0480949459578668,0.0,0.0,560
2562,0.8807669144595092,0.008200793636805634,9.894371032714844e-05,0.8845781417807929,1.0481239347881635,0.0,0.0,561
2563,0.880672455972132,0.008197175372683526,0.00010085105895996094,0.8845648763797109,1.0481530063127606,0.0,0.0,562
2564,0.8819528818986128,0.008193565076554596,0.00010585784912109375,0.8845503015753314,1.0481827067239926,0.0,0.0,563
2565,0.880999157808379,0.008189962716890167,0.00010085105895996094,0.8845364024706813,1.0482132572273843,0.0,0.0,564
2566,0.8836944956135833,0.008186368262341445,0.00010156631469726562,0.884522801056344,1.0482437885458618,0.0,0.0,565
2567,0.8828964917972739,0.008182781681738183,9.751319885253906e-05,0.8845074610338384,1.0482751265551458,0.0,0.0,566
2568,0.8836191650852896,0.008179202944087355,9.799003601074219e-05,0.884491637021567,1.0483047238936687,0.0,0.0,567
2569,0.8839851229103026,0.00817563201857184,0.00011444091796875,0.8844753100967391,1.048332232660213,0.0,0.0,568
2570,0.8826442282632967,0.008172068874549123,9.870529174804688e-05,0.8844588212776765,1.0483611820863366,0.0,0.0,569
2571,0.8829965988466966,0.00816851348154999,9.846687316894531e-05,0.8844415257865541,1.0483892698767292,0.0,0.0,570
2572,0.8865932859824929,0.008164965809277261,9.918212890625e-05,0.8844242264783918,1.0484136687841954,1.0,0.0,571
2573,0.8854551693463866,0.00816142582760452,9.870529174804688e-05,0.8844075488360313,1.0484390294639874,1.0,0.0,572
2574,0.8857546171559774,0.008157893506574858,0.00010156631469726562,0.8843920668650693,1.0484625279486457,1.0,0.0,573
2575,0.8847272629992564,0.008154368816399624,0.00010061264038085938,0.8843768399735897,1.048487224256457,1.0,0.0,574
2576,0.885033419309328,0.008150851727457198,0.00010061264038085938,0.884361239236982,1.048510377883134,1.0,0.0,575
2577,0.8835411501372141,0.008147342210291758,0.00010085105895996094,0.8843456793595459,1.048533472411482,0.0,0.0,576
2578,0.8820540196020589,0.008143840235612081,0.00010132789611816406,0.8843301601635628,1.0485565080942494,0.0,0.0,577
2579,0.881053556274831,0.008140345774290339,9.703636169433594e-05,0.8843148470650122,1.0485813810462894,0.0,0.0,578
2580,0.8805621158908722,0.008136858797360898,0.00010395050048828125,0.8842985434792116,1.0486075520956237,0.0,0.0,579
2581,0.8790870052211566,0.008133379276019153,0.00010156631469726562,0.8842822822919579,1.0486336566445826,0.0,0.0,580
2582,0.8776169417929004,0.008129907181620355,9.942054748535156e-05,0.8842660633201195,1.048659694976067,0.0,0.0,581
2583,0.8761518997180078,0.008126442485678446,9.870529174804688e-05,0.8842498863816673,1.0486856673712903,0.0,0.0,582
2584,0.8746918532851302,0.008122985159864924,0.00010180473327636719,0.8842337512956696,1.0487115741097917,0.0,0.0,583
2585,0.8746930174198332,0.008119535176007697,9.942054748535156e-05,0.8842174916451326,1.0487382918741666,0.0,0.0,584
2586,0.8735116427039079,0.008116092506089951,0.00011539459228515625,0.884201722710242,1.0487661080775588,0.0,0.0,585
2587,0.8720633260986459,0.008112657122249047,0.00010204315185546875,0.8841859943699822,1.0487938542389996,0.0,0.0,586
2588,0.8718775628093532,0.008109228996775396,9.894371032714844e-05,0.8841714514123156,1.0488203425841016,0.0,0.0,587
2589,0.8714393131617654,0.008105808102111383,0.0001010894775390625,0.8841580483841297,1.048847083092701,0.0,0.0,588
2590,0.8706077978209725,0.008102394410850254,0.00010061264038085938,0.8841449780579343,1.048875208574152,0.0,0.0,589
2591,0.8693838633942339,0.008098987895735061,9.918212890625e-05,0.8841322864746485,1.0489047739539452,0.0,0.0,590
2592,0.8691272019082914,0.008095588529657572,0.00010561943054199219,0.8841206973604144,1.048932706681441,0.0,0.0,591
2593,0.8677011600352569,0.008092196285657228,0.00010204315185546875,0.8841076527894759,1.0489580261536404,0.0,0.0,592
2594,0.8667050700340522,0.00808881113692009,0.00011968612670898438,0.8840961342522384,1.0489872704337706,0.0,0.0,593
2595,0.8725550018411871,0.008085433056777785,0.00010347366333007812,0.8840833550611383,1.0490175986175658,0.0,0.0,594
2596,0.8749016069841744,0.008082062018706494,0.00010514259338378906,0.8840704877878701,1.0490482502085559,0.0,0.0,595
2597,0.8734723982745293,0.008078697996325915,9.965896606445312e-05,0.8840561829114457,1.0490763075246883,0.0,0.0,596
2598,0.8740015698917925,0.00807534096339825,0.00010013580322265625,0.8840449687531285,1.0491038319119905,0.0,0.0,597
2599,0.8748438941623051,0.008071990893827213,0.0001049041748046875,0.8840324774565376,1.049130471282107,0.0,0.0,598
2600,0.8738388787180956,0.008068647761657015,0.00010633468627929688,0.8840212079801768,1.0491560248400955,0.0,0.0,599
2601,0.8523088122507104,0.008065311541071388,1.1718018054962158,0.8606078575468743,1.1476879584450363,0.0,0.0,600
2602,0.8537354554071269,0.008061982206392607,0.000213623046875,0.8606101916836549,1.147697798481324,0.0,0.0,601
2603,0.8536750817975849,0.00805865973208051,0.0001468658447265625,0.8606061877657956,1.1477079516237774,0.0,0.0,602
2604,0.8527263573717879,0.008055344092731547,0.00012350082397460938,0.860605362096571,1.1477167690024226,0.0,0.0,603
2605,0.8555610996056887,0.008052035263077816,0.00011396408081054688,0.8606058134823661,1.1477239911163364,0.0,0.0,604
2606,0.8599963133387836,0.008048733217986125,0.00011014938354492188,0.8606057221051617,1.1477312207051056,0.0,0.0,605
2607,0.8605270595814644,0.008045437932457052,0.0001087188720703125,0.8606042952265862,1.1477363086581995,0.0,0.0,606
2608,0.865801499544426,0.00804214938162401,0.00010991096496582031,0.8606037500899174,1.1477419842356265,1.0,0.0,607
2609,0.8659556309407915,0.008038867540752339,0.00010967254638671875,0.8606017684016272,1.1477454805458316,1.0,0.0,608
2610,0.8645810653656433,0.008035592385238374,0.00011968612670898438,0.860599791406256,1.1477489701737613,1.0,0.0,609
2611,0.8652403382596852,0.008032323890608555,0.0001087188720703125,0.8605959897755138,1.1477473337332684,1.0,0.0,610
2612,0.8653925743565587,0.008029062032518519,0.00011086463928222656,0.8605935714756167,1.147746011788685,1.0,0.0,611
2613,0.8692322895167849,0.008025806786752217,0.00010728836059570312,0.8605903809494844,1.1477484475779294,1.0,0.0,612
2614,0.8694674095057394,0.008022558129221025,0.00010704994201660156,0.8605898648607826,1.1477476550460017,1.0,0.0,613
2615,0.8680984324505617,0.008019316035962872,0.0001068115234375,0.860589349847813,1.1477468663123904,1.0,0.0,614
2616,0.8677765647796101,0.008016080483141366,0.00010800361633300781,0.8605871119121818,1.1477492000099885,1.0,0.0,615
2617,0.8686587890673558,0.008012851447044944,0.00010633468627929688,0.8605865986667327,1.1477487934441684,1.0,0.0,616
2618,0.8677092992574895,0.008009628904086009,0.00010848045349121094,0.8605844872756634,1.1477497187823271,1.0,0.0,617
2619,0.8708740173052445,0.008006412830800091,0.00010776519775390625,0.8605856239478646,1.1477486369746457,1.0,0.0,618
2620,0.8697655822287526,0.008003203203844999,0.00011086463928222656,0.8605848932752466,1.147748651767202,1.0,0.0,619
2621,0.8697510151355311,0.008,0.00010752677917480469,0.8605839645845538,1.147745027844286,1.0,0.0,620
2622,0.8687302910891712,0.007996803196164986,0.00010800361633300781,0.8605813991643617,1.1477427228062869,1.0,0.0,621
2623,0.8684760364092357,0.007993612769359656,0.00011038780212402344,0.8605802214203794,1.1477391968278114,1.0,0.0,622
2624,0.8687987212154766,0.00799042869672271,0.00010728836059570312,0.8605775872807115,1.1477365723892117,1.0,0.0,623
2625,0.8680808045178428,0.007987250955511038,0.00011587142944335938,0.860577031021962,1.1477336029907819,1.0,0.0,624
2626,0.8668015758257231,0.007984079523098932,0.00011086463928222656,0.860574850411663,1.1477322429336383,1.0,0.0,625
2627,0.8654625681377295,0.00798091437697728,0.00010752677917480469,0.8605746178664313,1.147730348661866,1.0,0.0,626
2628,0.8650922202400311,0.007977755494752794,0.0001125335693359375,0.8605722734155629,1.147728872914121,1.0,0.0,627
2629,0.863760212535117,0.007974602854147231,0.00010848045349121094,0.8605718681856674,1.1477268657633752,1.0,0.0,628
2630,0.8676281239539678,0.007971456432996609,0.00011014938354492188,0.8605690196333876,1.1477235675591422,1.0,0.0,629
2631,0.8664523587888767,0.007968316209250459,0.00010991096496582031,0.8605677679192926,1.147719149984334,1.0,0.0,630
2632,0.8662962806747718,0.007965182160971055,0.00011181831359863281,0.860566949450237,1.1477160001926578,1.0,0.0,631
2633,0.8689961522824491,0.007962054266332664,0.00011849403381347656,0.8605660435585318,1.1477141407073552,1.0,0.0,632
2634,0.8701982508965964,0.0079589325036208,0.00010895729064941406,0.8605652041493461,1.1477118727792135,1.0,0.0,633
2635,0.8727788879994255,0.007955816851231484,0.00011229515075683594,0.8605648716598444,1.147710334162937,1.0,0.0,634
2636,0.8714882231636871,0.007952707287670507,0.00011157989501953125,0.8605667151404504,1.1477091371608081,1.0,0.0,635
2637,0.871639161582601,0.007949603791552705,0.00011229515075683594,0.8605675618788172,1.1477081224101204,1.0,0.0,636
2638,0.8722723013306168,0.007946506341601238,0.00011014938354492188,0.8605672011494435,1.1477071104105532,1.0,0.0,637
2639,0.8713183595434454,0.007943414916646865,0.0001087188720703125,0.8605669612048119,1.147706573753036,1.0,0.0,638
2640,0.8742541829013513,0.007940329495627247,0.00010967254638671875,0.860566965248375,1.147705206676619,1.0,0.0,639
2641,0.8732043612465449,0.00793725005758623,0.00011014938354492188,0.860567188947639,1.1477044088642407,1.0,0.0,640
2642,0.8739851712667851,0.007934176581673153,0.00011539459228515625,0.8605683892013838,1.147703137133539,1.0,0.0,641
2643,0.8769246875008679,0.007931109047142153,0.00010967254638671875,0.8605701782567019,1.147701592225044,1.0,0.0,642
2644,0.8765492350446693,0.007928047433351473,0.00010991096496582031,0.8605721197884492,1.147697904729204,1.0,0.0,643
2645,0.8775666287594612,0.007924991719762789,0.00010895729064941406,0.8605755797664486,1.1476963520868524,1.0,0.0,644
2646,0.8770888904417236,0.007921941885940522,0.00011086463928222656,0.8605781972681465,1.1476940509943458,1.0,0.0,645
2647,0.8770403720685491,0.00791889791155118,0.00011086463928222656,0.8605803720456986,1.1476909485831934,1.0,0.0,646
2648,0.8767502317812295,0.007915859776362676,0.00012183189392089844,0.860582323042618,1.147690197433922,1.0,0.0,647
2649,0.8755585136285384,0.00791282746024369,0.00011324882507324219,0.8605842577558572,1.1476900176909637,1.0,0.0,648
2650,0.8780907724674709,0.007909800943162982,0.00011181831359863281,0.86058732033812,1.1476891179652378,1.0,0.0,649
2651,0.8767822232254986,0.007906780205188778,0.00011610984802246094,0.8605903756697236,1.1476882219984088,1.0,0.0,650
2652,0.8760281473457883,0.007903765226488096,0.00011658668518066406,0.8605932431500374,1.1476884803418974,1.0,0.0,651
2653,0.8752895496464068,0.007900755987326128,0.00011491775512695312,0.8605962507922671,1.147689195548332,1.0,0.0,652
2654,0.8769053615898249,0.007897752468065585,0.00011324882507324219,0.8605973134718871,1.1476877104093859,1.0,0.0,653
2655,0.8776283670361981,0.00789475464916609,0.00012350082397460938,0.8605978558904451,1.1476882066587926,1.0,0.0,654
2656,0.8801398254504018,0.007891762511183535,0.00011348724365234375,0.8605980720347586,1.1476864951564543,1.0,0.0,655
2657,0.8797211466121831,0.007888776034769469,0.00011491775512695312,0.8605989720339102,1.1476846749530336,1.0,0.0,656
2658,0.8784328628879665,0.007885795200670492,0.00011372566223144531,0.8605992959238569,1.1476842750541425,1.0,0.0,657
2659,0.8771401650366936,0.007882819989727624,0.00011467933654785156,0.8605996189072088,1.1476838777264207,1.0,0.0,658
2660,0.8760503025706035,0.007879850382875721,0.0001125335693359375,0.8606001137014914,1.1476842191384973,1.0,0.0,659
2661,0.8819349499053375,0.007876886361142867,0.00011348724365234375,0.8606019107246203,1.1476845497207917,1.0,0.0,660
2662,0.8806420955178952,0.007873927905649777,0.00011157989501953125,0.8606037034994722,1.147684881157352,1.0,0.0,661
2663,0.884438095974196,0.00787097499760921,0.00012087821960449219,0.8606069067253412,1.1476850644366365,1.0,0.0,662
2664,0.8844075085561702,0.00786802761832538,0.00011563301086425781,0.8606095797463701,1.1476842306032615,1.0,0.0,663
2665,0.8832440027777746,0.007865085749193375,0.00011348724365234375,0.8606125049395486,1.1476841683330996,1.0,0.0,664
2666,0.88290977072645,0.007862149371698586,0.00011301040649414062,0.8606161151925152,1.147685718790586,1.0,0.0,665
2667,0.884265082277948,0.007859218467416123,0.00011467933654785156,0.860619822678529,1.147685492432389,1.0,0.0,666
2668,0.8829797853241,0.00785629301801026,0.00011563301086425781,0.8606235216515645,1.147685268143544,1.0,0.0,667
2669,0.8839123444851896,0.007853373005233864,0.00011348724365234375,0.860628126353623,1.147685175966135,1.0,0.0,668
2670,0.883280403199919,0.007850458410927838,0.00012564659118652344,0.8606318960116576,1.1476857018997413,1.0,0.0,669
2671,0.8844137365353714,0.007847549217020565,0.00011491775512695312,0.8606364095595583,1.1476845992181992,1.0,0.0,670
2672,0.8836634467762395,0.007844645405527362,0.00011587142944335938,0.8606410697581088,1.1476848668893636,1.0,0.0,671
2673,0.8849877796881472,0.007841746958549927,0.00011467933654785156,0.8606460763534407,1.147684511513954,1.0,0.0,672
2674,0.8839296362366331,0.007838853858275806,0.00011682510375976562,0.8606509100359914,1.1476833488327765,1.0,0.0,673
2675,0.8864850807114263,0.007835966086977847,0.00011587142944335938,0.8606568589661415,1.1476808980100452,1.0,0.0,674
2676,0.8859014923147861,0.007833083627013671,0.00011897087097167969,0.8606630310476739,1.147678916146611,1.0,0.0,675
2677,0.8847253933550279,0.007830206460825143,0.00012612342834472656,0.860669272415453,1.1476772813848004,1.0,0.0,676
2678,0.8840985384316188,0.007827334570937842,0.00011587142944335938,0.8606746063639216,1.1476758376824958,1.0,0.0,677
2679,0.8836659348940263,0.007824467939960549,0.00011563301086425781,0.8606801097260548,1.1476751725056156,1.0,0.0,678
2680,0.8863058098419873,0.007821606550584722,0.00011444091796875,0.8606866975310844,1.1476730616480437,1.0,0.0,679
2681,0.8866306711393925,0.007818750385583979,0.00011587142944335938,0.8606940687698884,1.1476705328889345,1.0,0.0,680
2682,0.887103930497195,0.007815899427813602,0.00011777877807617188,0.860701926414026,1.1476678301392196,1.0,0.0,681
2683,0.8868564250459322,0.007813053660210024,0.00011682510375976562,0.8607108706010084,1.1476655912622211,1.0,0.0,682
2684,0.8860330807555208,0.007810213065790323,0.000118255615234375,0.8607199649964751,1.1476638137599593,1.0,0.0,683
2685,0.8850995732601293,0.007807377627651729,0.0001251697540283203,0.8607275730412454,1.1476634589071946,1.0,0.0,684
2686,0.8840290219602044,0.007804547328971134,0.00011777877807617188,0.860735352549712,1.147663728201917,1.0,0.0,685
2687,0.8862908564537565,0.0078017221530045965,0.00012040138244628906,0.8607439986235635,1.1476626707227893,1.0,0.0,686
2688,0.8852709250871902,0.007798902083086853,0.00011873245239257812,0.860752770434591,1.1476619990359773,1.0,0.0,687
2689,0.8862657370701844,0.007796087102630838,0.0001163482666015625,0.8607620268320931,1.1476622867514792,1.0,0.0,688
2690,0.88501633548717,0.007793277195127213,0.00011658668518066406,0.8607712628768545,1.1476625753387641,1.0,0.0,689
2691,0.8852883615958593,0.007790472344143873,0.0001246929168701172,0.8607794032271856,1.1476626363791538,1.0,0.0,690
2692,0.8840445327896694,0.00778767253332549,0.00012683868408203125,0.8607875257129456,1.1476626987765828,1.0,0.0,691
2693,0.8840927499547231,0.007784877746393042,0.00011730194091796875,0.8607955823228992,1.1476647723024893,1.0,0.0,692
2694,0.885331380652568,0.007782087967143341,0.00011777877807617188,0.8608033600760691,1.1476672881586638,1.0,0.0,693
2695,0.8846362484311346,0.0077793031794485745,0.00011682510375976562,0.8608094712809692,1.1476667503406577,1.0,0.0,694
2696,0.8834007561628421,0.0077765233672558555,0.00011682510375976562,0.8608155691135997,1.147666215174068,1.0,0.0,695
2697,0.8823083522842312,0.007773748514586759,0.00011706352233886719,0.8608219475455791,1.1476667308431607,1.0,0.0,696
2698,0.8845866501823016,0.00777097860553687,0.00011706352233886719,0.8608285484653595,1.1476668296553063,1.0,0.0,697
2699,0.8833564053524443,0.007768213624275349,0.0001232624053955078,0.8608351350162041,1.1476669297233864,1.0,0.0,698
2700,0.8824705809653229,0.007765453555044465,0.00011682510375976562,0.860841693529402,1.1476671643688068,1.0,0.0,699
2701,0.8812972860942028,0.00776269838215918,0.00011682510375976562,0.8608486545437845,1.1476696098275192,1.0,0.0,700
2702,0.8821558783003877,0.007759948090006693,0.00011658668518066406,0.860855423018223,1.1476716543132273,1.0,0.0,701
2703,0.8819555070156738,0.00775720266304601,0.00011754035949707031,0.860861173245118,1.1476738649535463,1.0,0.0,702
2704,0.8833556208682856,0.007754462085807518,0.00011777877807617188,0.8608672163011739,1.1476747369185256,1.0,0.0,703
2705,0.8825856720347702,0.007751726342892556,0.00011777877807617188,0.8608735257422399,1.1476762323617842,1.0,0.0,704
2706,0.8813804155259418,0.0077489954189729725,0.00013017654418945312,0.8608791934052971,1.147679228862555,1.0,0.0,705
2707,0.8814732386755622,0.007746269298790738,0.00011777877807617188,0.860884487859266,1.1476817014957745,1.0,0.0,706
2708,0.882401330572104,0.007743547967157491,0.00011992454528808594,0.8608893133669067,1.1476833131809956,1.0,0.0,707
2709,0.8831707658361416,0.0077408314089541476,0.00012373924255371094,0.8608929368219188,1.147683917359508,1.0,0.0,708
2710,0.8820371542736151,0.007738119609130476,0.00011992454528808594,0.8608967607380908,1.147685153134866,1.0,0.0,709
2711,0.8820426643813536,0.007735412552704688,0.00012063980102539062,0.8609014291103182,1.1476864787516512,1.0,0.0,710
2712,0.8823888774350642,0.007732710224763041,0.00011801719665527344,0.8609059486811635,1.147688401181806,1.0,0.0,711
2713,0.88141256495331,0.007730012610459422,0.00012731552124023438,0.8609105915003578,1.1476905270997335,1.0,0.0,712
2714,0.8816094280176708,0.0077273196950149595,0.00012159347534179688,0.8609138488543556,1.1476916417622656,1.0,0.0,713
2715,0.881534585411818,0.007724631463717614,0.00011897087097167969,0.860916470733645,1.14769175268135,1.0,0.0,714
2716,0.8832170866655433,0.007721947901921794,0.00011920928955078125,0.8609187517016192,1.1476900782235393,1.0,0.0,715
2717,0.8833711027005489,0.007719268995047958,0.00011920928955078125,0.860920167104979,1.1476884191246761,1.0,0.0,716
2718,0.8841514684063019,0.0077165947285822226,0.00012040138244628906,0.8609190668382363,1.1476819124479554,1.0,0.0,717
2719,0.8829545218638365,0.007713925088075989,0.000118255615234375,0.8609179687354385,1.1476754208270186,1.0,0.0,718
2720,0.883521149002753,0.007711260059145543,0.00013017654418945312,0.8609166317841206,1.1476686142486587,1.0,0.0,719
2721,0.8841766497209247,0.007708599627471685,0.00012087821960449219,0.8609159730025049,1.1476614077170542,1.0,0.0,720
2722,0.8829842083384662,0.007705943778799352,0.0001227855682373047,0.8609153154559317,1.147654217626863,1.0,0.0,721
2723,0.8849944134122847,0.007703292498937239,0.00011992454528808594,0.8609143785016099,1.147645763465091,1.0,0.0,722
2724,0.88403685953252,0.007700645773757426,0.00012087821960449219,0.8609130834162394,1.1476386996171164,1.0,0.0,723
2725,0.8833802490983411,0.007698003589195011,0.00012183189392089844,0.8609124175284939,1.147630770808622,1.0,0.0,724
2726,0.8824515517062744,0.007695365931247742,0.00012350082397460938,0.8609119734059746,1.1476239378465427,1.0,0.0,725
2727,0.8818426418848413,0.0076927327859756525,0.00013184547424316406,0.8609108295626388,1.1476176988477664,1.0,0.0,726
2728,0.8809392008670927,0.007690104139500702,0.00012540817260742188,0.8609099879545354,1.147613025293425,1.0,0.0,727
2729,0.8819717138550875,0.00768747997800641,0.0001201629638671875,0.8609089300693945,1.1476076306059133,1.0,0.0,728
2730,0.8826171290554328,0.0076848602877375065,0.00012421607971191406,0.8609071696263068,1.147602918676651,1.0,0.0,729
2731,0.884962953042217,0.007682245054999573,0.00012302398681640625,0.8609066332600145,1.1475976193503235,1.0,0.0,730
2732,0.8853755949547536,0.0076796342661586995,0.00012421607971191406,0.8609053050510895,1.1475922126777909,1.0,0.0,731
2733,0.8845494865735007,0.00767702790764112,0.00012564659118652344,0.8609042460497176,1.1475873696650416,1.0,0.0,732
2734,0.8839754476587944,0.007674425965932881,0.00013065338134765625,0.8609033796011494,1.147582822818615,1.0,0.0,733
2735,0.8831835437794826,0.0076718284275794895,0.00012063980102539062,0.8609025738296633,1.147578586796208,1.0,0.0,734
2736,0.8820139522120682,0.007669235279185574,0.0001227855682373047,0.8609017695720492,1.147574360809451,1.0,0.0,735
2737,0.8812361369382623,0.007666646507414543,0.00012564659118652344,0.8609005124713605,1.1475690447130984,1.0,0.0,736
2738,0.8807507085323992,0.00766406209898825,0.0001227855682373047,0.8608994363262468,1.1475641649924597,1.0,0.0,737
2739,0.8810722828167926,0.007661482040686661,0.00012230873107910156,0.8608989484128383,1.14756075153847,1.0,0.0,738
2740,0.8801363315126783,0.007658906319347516,0.00012111663818359375,0.8608986052021325,1.147557935189617,1.0,0.0,739
2741,0.8812885745865802,0.007656334921866006,0.00013446807861328125,0.8608988023036042,1.1475547372862445,1.0,0.0,740
2742,0.8803452048400899,0.007653767835194441,0.00012373924255371094,0.8608992408088773,1.1475521184649202,1.0,0.0,741
2743,0.879610027442544,0.007651205046341928,0.00012421607971191406,0.8608998667556466,1.1475500049632825,1.0,0.0,742
2744,0.8785279154597527,0.007648646542374047,0.00012373924255371094,0.8609005253738874,1.1475484509873988,1.0,0.0,743
2745,0.8773789078538756,0.007646092310412527,0.0001251697540283203,0.8609011825237721,1.1475469015265787,1.0,0.0,744
2746,0.8800379341235325,0.0076435423376349345,0.0001232624053955078,0.8609028682711295,1.1475441104223538,1.0,0.0,745
2747,0.8800607004960065,0.007640996611274352,0.00012564659118652344,0.860903632758211,1.1475411659798374,1.0,0.0,746
2748,0.880311215341922,0.007638455118619067,0.00013184547424316406,0.8609032006409123,1.1475375634369809,1.0,0.0,747
2749,0.8823968327956904,0.007635917847012257,0.00012803077697753906,0.8609029513813096,1.1475346472557963,1.0,0.0,748
2750,0.8821332970661117,0.0076333847838516815,0.00012540817260742188,0.8609014532186362,1.1475303119573916,1.0,0.0,749
2751,0.8814481569180712,0.007630855916589379,0.0001270771026611328,0.8609001811237863,1.147526468328329,1.0,0.0,750
2752,0.8808407776587265,0.007628331232731353,0.0001239776611328125,0.8608989046863119,1.1475227831068902,1.0,0.0,751
2753,0.8796996054403021,0.007625810719837276,0.0001285076141357422,0.8608976306708053,1.147519106590929,1.0,0.0,752
2754,0.8787066669507969,0.007623294365520188,0.0001227855682373047,0.8608964910688783,1.147515990587297,1.0,0.0,753
2755,0.878537167956878,0.00762078215744619,0.00013589859008789062,0.8608944752648634,1.1475130531755253,1.0,0.0,754
2756,0.8779997087785302,0.00761827408333416,0.00012540817260742188,0.8608927656481042,1.1475109794311664,1.0,0.0,755
2757,0.876867999200194,0.0076157701309554435,0.00012540817260742188,0.8608910593018255,1.147508911148611,1.0,0.0,756
2758,0.875739261310471,0.007613270288133574,0.00012373924255371094,0.8608893562154895,1.147506848306768,1.0,0.0,757
2759,0.8783896719860345,0.007610774542743972,0.0001251697540283203,0.8608887409589409,1.1475037200324634,1.0,0.0,758
2760,0.8795744680168153,0.007608282882713664,0.0001246929168701172,0.8608885203538545,1.147501522302501,1.0,0.0,759
2761,0.8784462967245354,0.0076057952960209875,0.000125885009765625,0.8608883000569191,1.1474993302184164,1.0,0.0,760
2762,0.8780042144459376,0.0076033117706953155,0.00012826919555664062,0.8608880401109928,1.1474977532635393,1.0,0.0,761
2763,0.8782053444346243,0.0076008322948167666,0.000125885009765625,0.8608878917231376,1.1474967945989056,1.0,0.0,762
2764,0.8771436089542999,0.007598356856515926,0.00012350082397460938,0.8608879376623416,1.1474963060981225,1.0,0.0,763
2765,0.8791633972225992,0.0075958854439735655,0.00013065338134765625,0.8608883072967286,1.1474944679972878,1.0,0.0,764
2766,0.8789039855591726,0.007593418045420374,0.0001285076141357422,0.8608876985388068,1.1474919933617218,1.0,0.0,765
2767,0.8800733298986114,0.007590954649136668,0.000133514404296875,0.8608873305518778,1.1474908120107188,1.0,0.0,766
2768,0.8803954317809222,0.007588495243452128,0.0001354217529296875,0.8608870470199421,1.1474895261290512,1.0,0.0,767
2769,0.8802168400938601,0.007586039816745527,0.00013065338134765625,0.8608858277281531,1.147487714321681,1.0,0.0,768
2770,0.8807996772984218,0.00758358835744446,0.0001308917999267578,0.8608847935291203,1.14748631121936,1.0,0.0,769
2771,0.8825814635560426,0.00758114085402507,0.00012946128845214844,0.8608829420220213,1.1474832235457304,1.0,0.0,770
2772,0.8818359972555568,0.007578697295011792,0.00012636184692382812,0.8608812676900649,1.1474805848404437,1.0,0.0,771
2773,0.8827530570854869,0.0075762576689770815,0.00012922286987304688,0.8608799615464181,1.1474774920185333,1.0,0.0,772
2774,0.881804278287601,0.007573821964541151,0.0001289844512939453,0.8608792516301566,1.1474769521147588,1.0,0.0,773
2775,0.8821678949950966,0.00757139017037172,0.00013685226440429688,0.8608776304976962,1.147476175144734,1.0,0.0,774
2776,0.8814489073601977,0.007568962275183741,0.00013303756713867188,0.8608762209646406,1.1474758561316352,1.0,0.0,775
2777,0.8803574442016336,0.007566538267739156,0.0001308917999267578,0.8608749270222724,1.1474759457320765,1.0,0.0,776
2778,0.8798567026258123,0.007564118136846629,0.00012755393981933594,0.8608727131239917,1.14747585400181,1.0,0.0,777
2779,0.8822060345605964,0.007561701871361305,0.00012612342834472656,0.8608714656471824,1.1474747471090472,1.0,0.0,778
2780,0.8846677725282399,0.007559289460184544,0.00012564659118652344,0.8608706104269653,1.1474716648001866,1.0,0.0,779
2781,0.8838063834522292,0.007556880892263684,0.00013589859008789062,0.8608699446336919,1.1474691135811441,1.0,0.0,780
2782,0.8862318011070089,0.007554476156591782,0.0001277923583984375,0.8608702138615868,1.1474655841527972,1.0,0.0,781
2783,0.8854709587297247,0.0075520752422073715,0.0001251697540283203,0.8608706742767567,1.147462566241921,1.0,0.0,782
2784,0.884837592286572,0.007549678138194218,0.00012540817260742188,0.860871376874752,1.1474600071276209,1.0,0.0,783
2785,0.885708322159685,0.0075472848336810726,0.0001266002655029297,0.8608736569453115,1.14745606145361,1.0,0.0,784
2786,0.8846065761450503,0.007544895317841435,0.00012731552124023438,0.8608759325215236,1.1474521245979414,1.0,0.0,785
2787,0.8835625348130771,0.007542509579893302,0.0001266002655029297,0.8608783745954426,1.147448888359146,1.0,0.0,786
2788,0.8825714450403311,0.007540127609098941,0.00013566017150878906,0.8608810899532411,1.1474463883925525,1.0,0.0,787
2789,0.8816786879607211,0.007537749394764647,0.00012969970703125,0.8608839352039204,1.1474442782717538,1.0,0.0,788
2790,0.8809310164626856,0.0075353749262405045,0.00012803077697753906,0.8608870413921454,1.1474426992139677,1.0,0.0,789
2791,0.8815200418375776,0.007533004192920158,0.00013065338134765625,0.8608889846333599,1.147440157918672,1.0,0.0,790
2792,0.8821014781419106,0.00753063718424058,0.00012683868408203125,0.8608909626813471,1.1474376606550034,1.0,0.0,791
2793,0.8824314679928441,0.0075282738896818285,0.00012874603271484375,0.8608929207439182,1.1474358028102665,1.0,0.0,792
2794,0.8813449418083176,0.007525914298766834,0.00012803077697753906,0.8608948749672112,1.1474339497457107,1.0,0.0,793
2795,0.880559894035035,0.007523558401061162,0.00013399124145507812,0.8608969830994186,1.14743246743262,1.0,0.0,794
2796,0.880924372781319,0.007521206186172788,0.00012636184692382812,0.8608978078979997,1.147430765086013,1.0,0.0,795
2797,0.8821040303377136,0.007518857643751866,0.00012874603271484375,0.8608985483969218,1.1474286478386102,1.0,0.0,796
2798,0.881023043065556,0.0075165127634905194,0.00013065338134765625,0.8608992873763452,1.1474265358301927,1.0,0.0,797
2799,0.8808540615122515,0.007514171535122607,0.0001285076141357422,0.8608990435870882,1.147423678336472,1.0,0.0,798
2800,0.8803561072108579,0.0075118339484235045,0.00012731552124023438,0.8608989801395134,1.147421255179073,1.0,0.0,799
2801,0.8593808356704565,0.007509499993209889,1.117527961730957,0.9153557593221544,1.0595218760464618,0.0,0.0,800
2802,0.8616560618571567,0.007507169659339515,0.0003752708435058594,0.9153499562246682,1.0595159194644501,0.0,0.0,801
2803,0.8609389797550915,0.0075048429367110025,0.0001964569091796875,0.9153492120667971,1.059515476237591,0.0,0.0,802
2804,0.859900701126946,0.007502519815263626,0.00015783309936523438,0.9153465171061833,1.0595159071089002,0.0,0.0,803
2805,0.8591678138826935,0.007500200284977089,0.000148773193359375,0.915343684773095,1.05951854009046,0.0,0.0,804
2806,0.8592360656858595,0.007497884335871321,0.00014257431030273438,0.9153388394564922,1.0595232986283596,0.0,0.0,805
2807,0.861559895337203,0.007495571958006267,0.00013971328735351562,0.915333495047289,1.0595212890286285,0.0,0.0,806
2808,0.860633435872169,0.007493263141481668,0.00013518333435058594,0.9153281862050616,1.0595216242609558,0.0,0.0,807
2809,0.8622090038676946,0.007490957876436868,0.00014710426330566406,0.9153219963572429,1.0595226940428244,0.0,0.0,808
2810,0.8613913452311875,0.0074886561530505946,0.00013494491577148438,0.9153172711475509,1.059522908854386,0.0,0.0,809
2811,0.8629044172244624,0.007486357961540758,0.0001385211944580078,0.9153121722046219,1.0595239469706952,0.0,0.0,810
2812,0.8624551803706849,0.00748406329216425,0.00013637542724609375,0.915307774478013,1.0595261426652705,0.0,0.0,811
2813,0.8625999017792959,0.007481772135216733,0.00013399124145507812,0.9153026399448191,1.0595277521405115,0.0,0.0,812
2814,0.8655567582336443,0.007479484481032449,0.00013256072998046875,0.9152943796907081,1.0595244011362188,0.0,0.0,813
2815,0.8657362363791159,0.00747720031998401,0.00014281272888183594,0.9152858390058504,1.0595206303605103,0.0,0.0,814
2816,0.8672945764444139,0.007474919642482203,0.0001327991485595703,0.9152776977026573,1.059516719036114,0.0,0.0,815
2817,0.8664382747476238,0.007472642438975792,0.00013256072998046875,0.9152698813129626,1.059513273376336,0.0,0.0,816
2818,0.8658207011494282,0.007470368699951327,0.00013828277587890625,0.915262298365259,1.0595103849969394,0.0,0.0,817
2819,0.8647943164083501,0.0074680984159329325,0.00013637542724609375,0.9152547294786665,1.0595075026995016,0.0,0.0,818
2820,0.8640957222348095,0.007465831577482138,0.00014162063598632812,0.9152458450815001,1.0595074227400387,0.0,0.0,819
2821,0.8636227882759298,0.007463568175197658,0.00014257431030273438,0.9152369823578849,1.0595069069060827,0.0,0.0,820
2822,0.8651372776677438,0.007461308199715227,0.00013899803161621094,0.9152286130423826,1.0595062247058473,0.0,0.0,821
2823,0.8644910038452622,0.007459051641707388,0.0001354217529296875,0.9152204158236532,1.0595058666388093,0.0,0.0,822
2824,0.8637866327787139,0.007456798491883314,0.00013399124145507812,0.9152126730905051,1.0595078819543287,0.0,0.0,823
2825,0.8628166057826334,0.007454548740988621,0.00013780593872070312,0.9152052093935608,1.059510400459274,0.0,0.0,824
2826,0.8627415926927798,0.007452302379805174,0.0001342296600341797,0.9151961742472946,1.059514470133603,0.0,0.0,825
2827,0.8619043355002113,0.0074500593991509104,0.00013518333435058594,0.915187579927358,1.0595196057212224,0.0,0.0,826
2828,0.8608932691947658,0.007447819789879648,0.00013971328735351562,0.915179001358086,1.059524732720522,0.0,0.0,827
2829,0.8601688080713481,0.007445583542880905,0.0001342296600341797,0.9151706020678683,1.059529648670151,0.0,0.0,828
2830,0.8603337638554713,0.00744335064907972,0.00013566017150878906,0.9151622399784677,1.0595337007032635,0.0,0.0,829
2831,0.8612405474714753,0.00744112109943647,0.0001354217529296875,0.9151550875951509,1.0595379255463597,0.0,0.0,830
2832,0.8613199168496923,0.007438894884946687,0.00013303756713867188,0.915146698500067,1.0595440808167367,0.0,0.0,831
2833,0.8608710917507487,0.007436671996640882,0.0001347064971923828,0.9151384894880333,1.0595492256481611,0.0,0.0,832
2834,0.859868590712398,0.00743445242558437,0.00014638900756835938,0.9151302954170345,1.059554361935177,0.0,0.0,833
2835,0.8588684759810312,0.007432236162877094,0.00013446807861328125,0.9151221162418861,1.059559489701882,0.0,0.0,834
2836,0.8581645653833487,0.00743002319965344,0.0001354217529296875,0.9151129222857379,1.059567860395913,0.0,0.0,835
2837,0.8584482459373722,0.007427813527082074,0.00013566017150878906,0.9151037070122989,1.0595755719676039,0.0,0.0,836
2838,0.8583501263556536,0.0074256071363657675,0.00013637542724609375,0.9150947080704284,1.059579424944584,0.0,0.0,837
2839,0.8573561450573184,0.0074234040187412175,0.00013637542724609375,0.915085725399915,1.05958327174857,0.0,0.0,838
2840,0.8585174432013772,0.007421204165478884,0.00014543533325195312,0.9150771792370114,1.0595869299902219,0.0,0.0,839
2841,0.8575255375618822,0.007419007567882817,0.00013780593872070312,0.915068648494276,1.0595905824167646,0.0,0.0,840
2842,0.8567395339058368,0.007416814217290488,0.0001404285430908203,0.9150604588561009,1.0595947808976804,0.0,0.0,841
2843,0.8572755699554969,0.007414624105072621,0.00013899803161621094,0.9150520987966069,1.0595971363599292,0.0,0.0,842
2844,0.858236067508172,0.0074124372226330275,0.00013685226440429688,0.915043279578669,1.0595995776064868,0.0,0.0,843
2845,0.8573650863952106,0.0074102535614084366,0.00013375282287597656,0.9150333380907771,1.0596060634827953,0.0,0.0,844
2846,0.8595150366968105,0.007408073112868341,0.00014448165893554688,0.9150249298353647,1.0596137895984008,0.0,0.0,845
2847,0.8610424263875769,0.007405895868514819,0.00013589859008789062,0.9150155736816259,1.0596235707157846,0.0,0.0,846
2848,0.8621846526519812,0.007403721819882385,0.00013494491577148438,0.915007211516913,1.0596327334118394,0.0,0.0,847
2849,0.8659259789181432,0.007401550958537816,0.00013828277587890625,0.9149968505864314,1.0596414009571262,0.0,0.0,848
2850,0.8659570918379795,0.007399383276080001,0.00013589859008789062,0.9149857841780757,1.0596482120532975,0.0,0.0,849
2851,0.8659404997153904,0.007397218764139774,0.00017595291137695312,0.9149747818633058,1.0596552715232246,0.0,0.0,850
2852,0.8659273970264463,0.00739505741437976,0.0001468658447265625,0.9149625780967113,1.059664701793825,0.0,0.0,851
2853,0.8652799748372997,0.007392899218494217,0.0001423358917236328,0.9149505539259036,1.0596744420740325,0.0,0.0,852
2854,0.8659098149257737,0.007390744168208876,0.00013971328735351562,0.9149384583844096,1.0596839731132865,0.0,0.0,853
2855,0.8649232224281265,0.007388592255280787,0.0001392364501953125,0.9149263842665676,1.0596934880446154,0.0,0.0,854
2856,0.8660337355549425,0.0073864434714981655,0.0001380443572998047,0.9149146230365934,1.0597027443425489,0.0,0.0,855
2857,0.8661646177431819,0.007384297808680238,0.00013589859008789062,0.9149016824817662,1.0597139943490002,0.0,0.0,856
2858,0.8653093509419634,0.007382155258677085,0.00013947486877441406,0.9148892232012082,1.059726298802012,0.0,0.0,857
2859,0.8661474985708313,0.007380015813369495,0.00014257431030273438,0.9148754368196941,1.0597400445180745,0.0,0.0,858
2860,0.8652036326356265,0.007377879464668811,0.0001380443572998047,0.9148619809038988,1.0597542236061923,0.0,0.0,859
2861,0.8645970829459744,0.007375746204516779,0.00013971328735351562,0.9148488832999173,1.0597692118942166,0.0,0.0,860
2862,0.8659692643137599,0.007373616024885401,0.0001385211944580078,0.9148355281164824,1.0597831454184679,0.0,0.0,861
2863,0.8655091092224916,0.007371488917776785,0.0001430511474609375,0.9148219287913966,1.0597977165874113,0.0,0.0,862
2864,0.8665694825724625,0.007369364875222997,0.00013899803161621094,0.9148082571925903,1.0598106479069827,0.0,0.0,863
2865,0.8665228569798729,0.0073672438892859165,0.0001437664031982422,0.9147945080231615,1.0598220426422555,0.0,0.0,864
2866,0.8657220230611568,0.007365125952057088,0.0001399517059326172,0.9147786703935412,1.0598306229309862,0.0,0.0,865
2867,0.8658112471367743,0.007363011055657581,0.00014162063598632812,0.9147621848197754,1.0598366586906411,0.0,0.0,866
2868,0.8659164063527438,0.007360899192237842,0.0001392364501953125,0.9147447280607033,1.0598411328694104,0.0,0.0,867
2869,0.8650505975500924,0.007358790353977548,0.00014638900756835938,0.9147275528693356,1.0598460842009876,0.0,0.0,868
2870,0.8640806547802959,0.007356684533085477,0.0001556873321533203,0.9147104075388981,1.0598510276440591,0.0,0.0,869
2871,0.8638046319478218,0.007354581721799348,0.0001418590545654297,0.9146936443225658,1.0598565696149789,0.0,0.0,870
2872,0.863335539519108,0.007352481912385699,0.00014019012451171875,0.9146771111342477,1.0598626612902868,0.0,0.0,871
2873,0.865472056657495,0.0073503850971397364,0.00013947486877441406,0.9146607336978404,1.0598685735344413,0.0,0.0,872
2874,0.8645065071161991,0.0073482912683852,0.00013780593872070312,0.9146443846087163,1.0598744762620562,0.0,0.0,873
2875,0.8650507368681591,0.007346200418474218,0.00014495849609375,0.9146276353522564,1.0598783991818734,0.0,0.0,874
2876,0.8654871373148454,0.007344112539787184,0.00015234947204589844,0.9146109929418219,1.0598821151629134,0.0,0.0,875
2877,0.8664408195513534,0.007342027624732607,0.0001423358917236328,0.9145948586529739,1.0598853038256368,0.0,0.0,876
2878,0.8657522868134032,0.007339945665746982,0.00014019012451171875,0.9145790374404164,1.059888906970684,0.0,0.0,877
2879,0.8652515621386909,0.007337866655294655,0.0001392364501953125,0.9145633534502227,1.0598911840476177,0.0,0.0,878
2880,0.8643535778551619,0.007335790585867688,0.00014066696166992188,0.9145479748237699,1.0598939748786436,0.0,0.0,879
2881,0.8642212549838648,0.0073337174499857275,0.0001418590545654297,0.9145322337416036,1.0598966675371315,0.0,0.0,880
2882,0.8657772200902135,0.007331647240195867,0.00015020370483398438,0.9145165910186346,1.0598983055000466,0.0,0.0,881
2883,0.865378821261074,0.007329579949072524,0.00014162063598632812,0.9145006781238577,1.0598985129981058,0.0,0.0,882
2884,0.8654441904306763,0.0073275155692173015,0.0001404285430908203,0.9144839982258,1.0599044694848905,0.0,0.0,883
2885,0.8660742743600478,0.007325454093258862,0.00014448165893554688,0.9144682702973099,1.0599098807141378,0.0,0.0,884
2886,0.8670634818661656,0.007323395513852796,0.00014328956604003906,0.9144520011276595,1.0599160317424603,0.0,0.0,885
2887,0.8666381213107016,0.0073213398236815,0.0001494884490966797,0.9144356193744423,1.0599221030294117,0.0,0.0,886
2888,0.866100978186855,0.007319287015454033,0.00015115737915039062,0.9144194109417865,1.0599277133701892,0.0,0.0,887
2889,0.8657555571713714,0.00731723708190601,0.0001442432403564453,0.9144035395574371,1.0599338568607306,0.0,0.0,888
2890,0.8663674607023013,0.007315190015799459,0.00014281272888183594,0.914387693171227,1.0599398428397615,0.0,0.0,889
2891,0.8669631428010954,0.007313145809922706,0.00014472007751464844,0.9143721742983243,1.0599458009264442,0.0,0.0,890
2892,0.8717124889695587,0.007311104457090247,0.00014543533325195312,0.9143556802282495,1.0599492623223137,0.0,0.0,891
2893,0.8710200763573297,0.007309065950142619,0.0001480579376220703,0.9143394377411721,1.0599529637368916,0.0,0.0,892
2894,0.8703051596927243,0.007307030281946284,0.0001533031463623047,0.9143234618614801,1.0599570703065102,0.0,0.0,893
2895,0.8697376728129771,0.007304997445393503,0.00014519691467285156,0.914307609042638,1.0599614106724269,0.0,0.0,894
2896,0.8700385996416338,0.007302967433402215,0.00014257431030273438,0.9142906754960342,1.0599677142399206,0.0,0.0,895
2897,0.8710963083697207,0.007300940238915915,0.0001475811004638672,0.9142743903394185,1.0599728818959195,0.0,0.0,896
2898,0.8713458927137314,0.007298915854903532,0.0001468658447265625,0.9142589960317065,1.0599777589057326,0.0,0.0,897
2899,0.8752272806800023,0.007296894274359315,0.00014710426330566406,0.9142428926623972,1.0599802485917267,0.0,0.0,898
2900,0.8763148557616813,0.007294875490302706,0.0001556873321533203,0.9142269090691889,1.059982466386331,0.0,0.0,899
2901,0.8785061355929973,0.007292859495778229,0.0001461505889892578,0.9142112089551534,1.0599839967605535,0.0,0.0,900
2902,0.8778979125666992,0.007290846283855369,0.00014853477478027344,0.9141958283811878,1.0599860304365436,0.0,0.0,901
2903,0.8773861598703776,0.00728883584762845,0.00014710426330566406,0.9141807205003252,1.0599885840740193,0.0,0.0,902
2904,0.8778584727291573,0.007286828180216531,0.00014591217041015625,0.9141649858534509,1.059995474804937,0.0,0.0,903
2905,0.8769124655545859,0.007284823274763277,0.00014400482177734375,0.9141492775105045,1.0600023546724795,0.0,0.0,904
2906,0.8773552662696124,0.007282821124436853,0.0001544952392578125,0.91413343859242,1.0600088588553285,0.0,0.0,905
2907,0.8786488231471314,0.007280821722429806,0.00014638900756835938,0.9141178444206176,1.0600146757479818,0.0,0.0,906
2908,0.8789683225672777,0.007278825061958954,0.00014972686767578125,0.914102790622978,1.060019055465206,0.0,0.0,907
2909,0.878116991936329,0.007276831136265265,0.00015020370483398438,0.9140879023965557,1.0600230153024446,0.0,0.0,908
2910,0.8796127957925537,0.007274839938613756,0.00015616416931152344,0.914072223509581,1.0600215989376591,0.0,0.0,909
2911,0.8798520538894576,0.007272851462293376,0.00020384788513183594,0.9140565370212466,1.0600190944338916,0.0,0.0,910
2912,0.8808151496277334,0.007270865700616893,0.00014972686767578125,0.9140398532869913,1.060019304074238,0.0,0.0,911
2913,0.880087039355736,0.007268882646920786,0.00014710426330566406,0.9140230678676553,1.0600189305300405,0.0,0.0,912
2914,0.8794217965312492,0.0072669022945651305,0.0001468658447265625,0.9140066523557147,1.0600190717442204,0.0,0.0,913
2915,0.8787167314414145,0.007264924636933502,0.00014829635620117188,0.9139903747236994,1.0600192526957037,0.0,0.0,914
2916,0.8838229540973196,0.007262949667432851,0.0001506805419921875,0.9139723097954152,1.0600164288670821,0.0,0.0,915
2917,0.8831261007497456,0.007260977379493406,0.00015473365783691406,0.913954502665309,1.0600141123817426,0.0,0.0,916
2918,0.8827462050459229,0.007259007766568565,0.0001461505889892578,0.913935269402121,1.0600116760015907,0.0,0.0,917
2919,0.882357459794848,0.0072570408221347815,0.00014519691467285156,0.913916257906665,1.0600092781415866,0.0,0.0,918
2920,0.8835487939488534,0.007255076539691468,0.00014734268188476562,0.9138974326787342,1.0600058515416269,0.0,0.0,919
2921,0.8827461733544156,0.007253114912760886,0.00014853477478027344,0.9138787984021586,1.0600026416342483,0.0,0.0,920
2922,0.8834923341634806,0.007251155934888036,0.00025463104248046875,0.9138606783271562,1.0599960632567222,0.0,0.0,921
2923,0.8828702565203501,0.007249199599640568,0.00014734268188476562,0.9138437549996062,1.0599870970028618,0.0,0.0,922
2924,0.8831727243987555,0.00724724590060866,0.00015211105346679688,0.9138261611192477,1.0599748198855714,0.0,0.0,923
2925,0.8822399798276833,0.007245294831404926,0.0001475811004638672,0.9138085960065788,1.0599625633821974,0.0,0.0,924
2926,0.8815887370854504,0.007243346385664311,0.0001461505889892578,0.9137912498690879,1.059950520726264,0.0,0.0,925
2927,0.8809478204415772,0.007241400557043988,0.00014781951904296875,0.9137740967790217,1.0599388787193995,0.0,0.0,926
2928,0.8803854995731842,0.007239457339223257,0.00016164779663085938,0.9137572936048898,1.0599265741674777,0.0,0.0,927
2929,0.8798173639345043,0.0072375167259034435,0.00014662742614746094,0.9137407948734966,1.0599147791756816,0.0,0.0,928
2930,0.8798287891784913,0.007235578710807801,0.00014734268188476562,0.913723089862675,1.0599049932788853,0.0,0.0,929
2931,0.879114299306116,0.007233643287681409,0.0001475811004638672,0.9137056169772354,1.059895534996907,0.0,0.0,930
2932,0.8790218831066222,0.007231710450291071,0.00015091896057128906,0.9136891669247464,1.0598844615674912,0.0,0.0,931
2933,0.8803975543664264,0.007229780192425222,0.00014662742614746094,0.9136729976988839,1.0598731931807719,0.0,0.0,932
2934,0.8795577974334039,0.007227852507893831,0.00015926361083984375,0.9136570302830174,1.0598624827359688,0.0,0.0,933
2935,0.880626059225276,0.007225927390528292,0.0001468658447265625,0.9136412104422079,1.059851099166965,0.0,0.0,934
2936,0.8808075408342738,0.00722400483418134,0.0001461505889892578,0.9136243027190261,1.059843898668023,0.0,0.0,935
2937,0.8816070338446559,0.007222084832726952,0.00014734268188476562,0.9136073392909466,1.059836167027281,0.0,0.0,936
2938,0.8816105047993751,0.007220167380060241,0.00014638900756835938,0.9135908374257846,1.0598270122422262,0.0,0.0,937
2939,0.8823087129105306,0.007218252470097377,0.00014638900756835938,0.9135752833544848,1.0598175885026535,0.0,0.0,938
2940,0.8813920385831735,0.00721634009677548,0.00016021728515625,0.9135597543196043,1.0598081804695365,0.0,0.0,939
2941,0.8820172091952259,0.00721443025405253,0.00014662742614746094,0.9135431867111745,1.0598012859105632,0.0,0.0,940
2942,0.8817437654169972,0.00721252293590727,0.00014543533325195312,0.913527644242599,1.05979431793805,0.0,0.0,941
2943,0.8812332620501878,0.007210618136339119,0.0001475811004638672,0.913512443965418,1.0597877226610182,0.0,0.0,942
2944,0.8803218912199267,0.007208715849368075,0.00014448165893554688,0.9134972680532718,1.059781138503221,0.0,0.0,943
2945,0.8795097724074471,0.007206816069034622,0.00015997886657714844,0.9134823435095644,1.059775096614353,0.0,0.0,944
2946,0.8800101952683012,0.007204918789399642,0.00014781951904296875,0.9134682480780723,1.059768731042155,0.0,0.0,945
2947,0.8792258087787497,0.007203024004544322,0.00014591217041015625,0.9134533369442275,1.0597651420124192,0.0,0.0,946
2948,0.8783902246955156,0.0072011317085700615,0.00014925003051757812,0.9134384625485804,1.059761675406902,0.0,0.0,947
2949,0.8805518263028322,0.0071992418955983805,0.00014543533325195312,0.9134217965951119,1.059760372196794,0.0,0.0,948
2950,0.8799793639463122,0.007197354559770839,0.00014543533325195312,0.9134052941327595,1.059759435942649,0.0,0.0,949
2951,0.8792187998258164,0.007195469695248942,0.00015497207641601562,0.9133889283803316,1.0597583200690621,0.0,0.0,950
2952,0.8785767481414728,0.007193587296214042,0.00014638900756835938,0.9133728274873575,1.0597576452565374,0.0,0.0,951
2953,0.8776766558964607,0.007191707356867274,0.00014925003051757812,0.9133567521565399,1.0597569720906281,0.0,0.0,952
2954,0.8767784440888179,0.00718982987142944,0.00014901161193847656,0.9133407023203662,1.059756300565941,0.0,0.0,953
2955,0.8759190394470594,0.00718795483414094,0.00014710426330566406,0.9133248899812831,1.0597560415866127,0.0,0.0,954
2956,0.8751409729039705,0.007186082239261685,0.00014781951904296875,0.9133092343074651,1.0597562198385455,0.0,0.0,955
2957,0.8742628027696008,0.007184212081070997,0.0001575946807861328,0.913293749208802,1.0597569084912737,0.0,0.0,956
2958,0.8775191120986033,0.007182344353867536,0.0001468658447265625,0.91327722492562,1.059759982858421,0.0,0.0,957
2959,0.8767246139420783,0.007180479051969216,0.00014853477478027344,0.9132609712516715,1.0597634124186603,0.0,0.0,958
2960,0.8765269451652373,0.007178616169713107,0.00014734268188476562,0.9132438110470664,1.0597690924800467,0.0,0.0,959
2961,0.8759649339372686,0.007176755701455361,0.00014901161193847656,0.9132268608628316,1.0597751156722077,0.0,0.0,960
2962,0.877465995889734,0.007174897641571129,0.00014662742614746094,0.9132095027158914,1.0597811088348514,0.0,0.0,961
2963,0.8767361766059388,0.007173041984454469,0.00016117095947265625,0.9131920082903657,1.0597868025870136,0.0,0.0,962
2964,0.8783173526085353,0.007171188724518273,0.0001475811004638672,0.9131743234915436,1.0597912195124055,0.0,0.0,963
2965,0.8776881944989676,0.0071693378561941724,0.0001494884490966797,0.9131569203315428,1.059796086939677,0.0,0.0,964
2966,0.8768004052475048,0.007167489373932468,0.00014901161193847656,0.913139544424195,1.0598009473304342,0.0,0.0,965
2967,0.8759144468434799,0.007165643272202042,0.00014853477478027344,0.9131221956984978,1.0598058007019617,0.0,0.0,966
2968,0.8755804335767725,0.007163799545490279,0.0001480579376220703,0.9131051611610758,1.0598110950881006,0.0,0.0,967
2969,0.8756449668597165,0.00716195818830298,0.00015878677368164062,0.9130871604999012,1.0598181125899069,0.0,0.0,968
2970,0.8754172950227188,0.00716011919516429,0.00014853477478027344,0.9130680903468154,1.0598270677743096,0.0,0.0,969
2971,0.8747840611113202,0.007158282560616609,0.000148773193359375,0.9130492514750419,1.059836427976017,0.0,0.0,970
2972,0.8745041854249601,0.0071564482792205245,0.00015091896057128906,0.9130314635615554,1.0598461212399324,0.0,0.0,971
2973,0.8736253874442093,0.007154616345554717,0.00014710426330566406,0.9130137033019036,1.0598558000368647,0.0,0.0,972
2974,0.8737616941028652,0.007152786754215895,0.00014829635620117188,0.9129958076556133,1.0598651543968487,0.0,0.0,973
2975,0.8740181373071868,0.00715095949981871,0.00014972686767578125,0.9129786619445817,1.0598742960912368,0.0,0.0,974
2976,0.8734255957572596,0.007149134576995681,0.00015211105346679688,0.9129615570634101,1.059883180445714,0.0,0.0,975
2977,0.8735377161145104,0.007147311980397111,0.0001475811004638672,0.9129444578770024,1.0598905627630102,0.0,0.0,976
2978,0.8729384903270053,0.007145491704691023,0.00014734268188476562,0.9129276144075267,1.0598980774013345,0.0,0.0,977
2979,0.8728263862529525,0.007143673744563068,0.00014710426330566406,0.9129096335243259,1.0599074729755085,0.0,0.0,978
2980,0.8738827274246883,0.007141858094716464,0.00015926361083984375,0.912891159549504,1.0599149113206983,0.0,0.0,979
2981,0.8749092698265902,0.0071400447498719015,0.0001499652862548828,0.9128730105405509,1.059922223797755,0.0,0.0,980
2982,0.8740376881579803,0.007138233704767487,0.0001494884490966797,0.9128548894870744,1.0599295255940624,0.0,0.0,981
2983,0.873167876214383,0.007136424954158659,0.000148773193359375,0.9128367963174264,1.0599368167359655,0.0,0.0,982
2984,0.8727060453471136,0.007134618492818115,0.00014925003051757812,0.9128168718428712,1.0599457012621691,0.0,0.0,983
2985,0.8718383441278322,0.0071328143155357316,0.000148773193359375,0.9127969779583566,1.059954572731451,0.0,0.0,984
2986,0.8714578797891346,0.007131012417118502,0.00015687942504882812,0.912776712672048,1.0599615287671427,0.0,0.0,985
2987,0.8720645017558034,0.007129212792390453,0.00015282630920410156,0.9127570476314137,1.0599680365539037,0.0,0.0,986
2988,0.8715209890506412,0.007127415436192576,0.0001590251922607422,0.9127376018090257,1.0599747702868627,0.0,0.0,987
2989,0.8712239624932234,0.007125620343382754,0.00015163421630859375,0.9127185622384313,1.0599815502187078,0.0,0.0,988
2990,0.8707811266647726,0.00712382750883569,0.00015234947204589844,0.9126993157379727,1.059989023160191,0.0,0.0,989
2991,0.871295280980814,0.00712203692744283,0.00015354156494140625,0.9126799609566244,1.0599962333518766,0.0,0.0,990
2992,0.8704351817125441,0.007120248594112304,0.00016498565673828125,0.9126606356835154,1.0600034331267818,0.0,0.0,991
2993,0.8710658400841375,0.007118462503768838,0.00019311904907226562,0.9126401772436119,1.060011805617713,0.0,0.0,992
2994,0.870341596824624,0.007116678651353697,0.0001571178436279297,0.9126197801763952,1.0600203770543386,0.0,0.0,993
2995,0.8696901622119446,0.007114897031824607,0.00015234947204589844,0.9125995389378104,1.0600290419062848,0.0,0.0,994
2996,0.8702308900114782,0.007113117640155691,0.00015926361083984375,0.9125792367235677,1.0600375849992105,0.0,0.0,995
2997,0.8707080956022148,0.007111340471337392,0.0001666545867919922,0.9125587562388003,1.0600458049723473,0.0,0.0,996
2998,0.870260328745908,0.007109565520376409,0.0001571178436279297,0.912538562464,1.0600544286541598,0.0,0.0,997
2999,0.869486015313457,0.007107792782295627,0.00015544891357421875,0.9125185991758837,1.0600635373167786,0.0,0.0,998
3000,0.8714169985922924,0.007106022252134048,0.00015664100646972656,0.9124990626209992,1.0600725550478978,0.0,0.0,999
3001,0.8610259427260779,0.007104253924946726,1.7602488994598389,0.8878049587974738,1.0593607111085663,0.0,0.0,1000
3002,0.8610155790849697,0.007102487795804687,0.0002884864807128906,0.8878019923474662,1.0593622492984294,0.0,0.0,1001
3003,0.8605267339436646,0.007100723859794884,0.00018525123596191406,0.8878010523739109,1.0593628669224133,0.0,0.0,1002
3004,0.8623835623545344,0.007098962112020106,0.0001685619354248047,0.8877999755326627,1.0593638373964713,0.0,0.0,1003
3005,0.8618440801772732,0.007097202547598927,0.0001609325408935547,0.8877983071184465,1.0593653429896763,0.0,0.0,1004
3006,0.862264062089205,0.007095445161665631,0.0001690387725830078,0.8877976130825254,1.0593669662955572,0.0,0.0,1005
3007,0.8620364735018551,0.007093689949370152,0.00015854835510253906,0.8877955600097507,1.0593678786819034,0.0,0.0,1006
3008,0.8619337311322667,0.007091936905878007,0.00015807151794433594,0.8877931838066323,1.0593689532598958,0.0,0.0,1007
3009,0.862029248376014,0.007090186026370225,0.00015473365783691406,0.88779023089114,1.059367963041311,0.0,0.0,1008
3010,0.8615278227928644,0.0070884373060432875,0.00015592575073242188,0.8877874494777873,1.0593675439387509,0.0,0.0,1009
3011,0.8616885728877226,0.007086690740109064,0.00015425682067871094,0.8877845288640933,1.0593669002301778,0.0,0.0,1010
3012,0.862875622803579,0.007084946323794746,0.00015878677368164062,0.8877817632577403,1.05936598258977,0.0,0.0,1011
3013,0.8622325184719104,0.007083204052342781,0.0001575946807861328,0.8877787177298105,1.059365635348522,0.0,0.0,1012
3014,0.8620397330188336,0.007081463921010812,0.0001614093780517578,0.887775546793213,1.0593652213951912,0.0,0.0,1013
3015,0.8612142968751875,0.007079725925071611,0.0001583099365234375,0.8877723805449185,1.0593648085553198,0.0,0.0,1014
3016,0.8606352897357005,0.007077990059813023,0.00015664100646972656,0.8877693285309798,1.0593649398982452,0.0,0.0,1015
3017,0.860015914574034,0.007076256320537893,0.00016546249389648438,0.8877663514028636,1.0593652559766835,0.0,0.0,1016
3018,0.8608191066052117,0.007074524702564008,0.00015544891357421875,0.887764033161115,1.059367078885703,0.0,0.0,1017
3019,0.8609813737897378,0.007072795201224039,0.0001595020294189453,0.8877613913437841,1.0593696376459456,0.0,0.0,1018
3020,0.8606680811677332,0.0070710678118654745,0.00016450881958007812,0.8877589786008707,1.059372742657336,0.0,0.0,1019
3021,0.8611538344174781,0.007069342529850561,0.00015974044799804688,0.8877566904372801,1.0593759348147807,0.0,0.0,1020
3022,0.8619259982218361,0.00706761935055624,0.00016951560974121094,0.887755381723099,1.0593789068787867,0.0,0.0,1021
3023,0.8619239001182165,0.007065898269374088,0.0001614093780517578,0.8877536235964039,1.0593822751994448,0.0,0.0,1022
3024,0.8642326858723958,0.007064179281710256,0.00015473365783691406,0.8877519306653013,1.059385723421495,0.0,0.0,1023
3025,0.8637407726308223,0.007062462382985412,0.00015354156494140625,0.8877505974080124,1.0593893193419979,0.0,0.0,1024
3026,0.8637091102579829,0.007060747568634674,0.00015425682067871094,0.8877490901851806,1.0593929206602413,0.0,0.0,1025
3027,0.8634847378952292,0.007059034834107561,0.0001544952392578125,0.8877478472901774,1.059395783030866,0.0,0.0,1026
3028,0.8632228988701662,0.007057324174867924,0.0001647472381591797,0.887746899722708,1.0593991740734303,0.0,0.0,1027
3029,0.8640075667828293,0.007055615586393891,0.00015664100646972656,0.8877465675988339,1.0594021872066781,0.0,0.0,1028
3030,0.8632377213842177,0.007053909064177807,0.0001590251922607422,0.8877464515698693,1.0594066089076823,0.0,0.0,1029
3031,0.8624239279593966,0.00705220460372618,0.00015544891357421875,0.8877463356864693,1.0594110246203348,0.0,0.0,1030
3032,0.8635171085084691,0.007050502200559618,0.0001537799835205078,0.8877464706533382,1.0594152604351357,0.0,0.0,1031
3033,0.8627045592721796,0.0070488018502127695,0.00015473365783691406,0.8877466053990634,1.059419490541156,0.0,0.0,1032
3034,0.8627471598683607,0.007047103548234271,0.00015592575073242188,0.887746946644713,1.0594234341133895,0.0,0.0,1033
3035,0.8623685705416023,0.007045407290186694,0.0001552104949951172,0.887747548177301,1.0594266417676266,0.0,0.0,1034
3036,0.8615594699018432,0.007043713071646473,0.00015497207641601562,0.8877481488100374,1.059429845224265,0.0,0.0,1035
3037,0.8611259061247442,0.0070420208882038616,0.00015616416931152344,0.8877480906338903,1.0594331834379371,0.0,0.0,1036
3038,0.8622086066277697,0.007040330735462872,0.0001552104949951172,0.8877488689028101,1.0594358843739038,0.0,0.0,1037
3039,0.8616690089149421,0.007038642609041221,0.0001666545867919922,0.8877496712765324,1.0594388742755836,0.0,0.0,1038
3040,0.861178443945903,0.00703695650457027,0.0001571178436279297,0.8877505873656167,1.059442253874969,0.0,0.0,1039
3041,0.8612037296991838,0.007035272417694974,0.0001556873321533203,0.8877518297174614,1.059446106932096,0.0,0.0,1040
3042,0.8604004090451788,0.0070335903440738225,0.00015664100646972656,0.8877530702466863,1.05944995488161,0.0,0.0,1041
3043,0.8595986192564762,0.007031910279378787,0.00016069412231445312,0.8877543089577267,1.0594537977350194,0.0,0.0,1042
3044,0.8590359403305567,0.007030232219295266,0.00015616416931152344,0.8877556026863315,1.0594580721708637,0.0,0.0,1043
3045,0.8588768919546982,0.00702855615952203,0.00016117095947265625,0.8877567271918738,1.0594624651857192,0.0,0.0,1044
3046,0.8590707900796248,0.007026882095771169,0.00015783309936523438,0.8877560033158298,1.0594660019048927,0.0,0.0,1045
3047,0.8601240846839566,0.007025210023768034,0.0001571178436279297,0.887755323141916,1.0594689593820048,0.0,0.0,1046
3048,0.8612648167909245,0.007023539939251189,0.00015735626220703125,0.8877554184939609,1.0594716662626196,0.0,0.0,1047
3049,0.8609967998111935,0.0070218718379723545,0.0001556873321533203,0.8877552261095321,1.0594739551738261,0.0,0.0,1048
3050,0.8621247640675004,0.007020205715696357,0.00016427040100097656,0.8877546508849279,1.059476451610844,0.0,0.0,1049
3051,0.8613272779327832,0.00701854156820107,0.0001571178436279297,0.8877540764630669,1.0594789449242148,0.0,0.0,1050
3052,0.860531298763211,0.007016879391277371,0.00015616416931152344,0.8877535028420683,1.0594814351206283,0.0,0.0,1051
3053,0.8606717002422106,0.007015219180729081,0.00015497207641601562,0.8877536070338299,1.0594838913607232,0.0,0.0,1052
3054,0.8598777751227689,0.007013560932372918,0.00015783309936523438,0.8877537110534973,1.0594863445418095,0.0,0.0,1053
3055,0.8591080968770428,0.007011904642038436,0.00015687942504882812,0.8877539455271269,1.0594890347171,0.0,0.0,1054
3056,0.8598298464380312,0.00701025030556799,0.0001583099365234375,0.8877547467979671,1.0594915497338626,0.0,0.0,1055
3057,0.859346682170413,0.0070085979188166695,0.00015544891357421875,0.8877554860393557,1.0594942474187843,0.0,0.0,1056
3058,0.8597420911749722,0.0070069474776522514,0.00015783309936523438,0.8877561347166545,1.0594967709739072,0.0,0.0,1057
3059,0.8601514048824332,0.007005298977955155,0.00015687942504882812,0.887756760392643,1.0594986410307226,0.0,0.0,1058
3060,0.8604409312194291,0.007003652415618387,0.0001556873321533203,0.8877573218011087,1.0595004819376654,0.0,0.0,1059
3061,0.8596661435484164,0.007002007786547487,0.0001678466796875,0.8877579669641503,1.0595026718246823,0.0,0.0,1060
3062,0.8595874429339047,0.007000365086660488,0.000156402587890625,0.8877583896593894,1.0595050624346427,0.0,0.0,1061
3063,0.861193707503673,0.006998724311887857,0.00015735626220703125,0.8877567371610123,1.0595054273915974,0.0,0.0,1062
3064,0.8622261327987314,0.00699708545817245,0.00015735626220703125,0.8877562630213076,1.0595051219374492,0.0,0.0,1063
3065,0.8616540605615525,0.006995448521469462,0.00016546249389648438,0.8877558952589214,1.0595051991249236,0.0,0.0,1064
3066,0.8617970460946232,0.0069938134977463795,0.00015807151794433594,0.8877552504950879,1.05950527119252,0.0,0.0,1065
3067,0.8613286033357587,0.006992180382982926,0.0001628398895263672,0.8877546717988656,1.059505794921682,0.0,0.0,1066
3068,0.861107697128876,0.006990549173171025,0.00015997886657714844,0.8877541187004659,1.0595066365916967,0.0,0.0,1067
3069,0.8624158489206857,0.006988919864314734,0.0001575946807861328,0.8877536952283583,1.0595091583801604,0.0,0.0,1068
3070,0.8616319912102227,0.0069872924524302165,0.00016307830810546875,0.8877532723312964,1.0595116770542732,0.0,0.0,1069
3071,0.8626590664989996,0.00698566693354568,0.00015926361083984375,0.8877536324238814,1.0595142679002982,0.0,0.0,1070
3072,0.8628026712472809,0.006984043303701329,0.00017189979553222656,0.8877537794302784,1.0595165475533563,0.0,0.0,1071
3073,0.8622549653801092,0.006982421558949332,0.0001583099365234375,0.8877541068982039,1.0595194235248457,0.0,0.0,1072
3074,0.8620979983219856,0.006980801695353752,0.00016045570373535156,0.8877543491346198,1.059522220884178,0.0,0.0,1073
3075,0.8613177220223143,0.006979183708990517,0.00015926361083984375,0.8877545910090123,1.0595250147552475,0.0,0.0,1074
3076,0.8611947626756981,0.006977567595947371,0.00015878677368164062,0.8877550986005232,1.0595279558827213,0.0,0.0,1075
3077,0.8610641555931211,0.006975953352323816,0.00016880035400390625,0.8877558517871554,1.0595315254130102,0.0,0.0,1076
3078,0.860561519877925,0.006974340974231079,0.00016045570373535156,0.8877565673773151,1.0595355853643411,0.0,0.0,1077
3079,0.860518221136526,0.006972730457792064,0.0001595020294189453,0.8877575509320998,1.0595391935478429,0.0,0.0,1078
3080,0.859858374357005,0.006971121799141294,0.00016307830810546875,0.887758714663303,1.0595435321334714,0.0,0.0,1079
3081,0.8595254376384277,0.006969514994424886,0.0001590251922607422,0.8877600413899642,1.0595483997441764,0.0,0.0,1080
3082,0.859766029908021,0.006967910039800482,0.0001614093780517578,0.887761219377652,1.0595527927207946,0.0,0.0,1081
3083,0.8613878659799009,0.006966306931437227,0.00017213821411132812,0.8877627636081787,1.0595579132706852,0.0,0.0,1082
3084,0.8608448804874429,0.006964705665515708,0.00016355514526367188,0.8877633989569176,1.0595606806353652,0.0,0.0,1083
3085,0.8603513028770076,0.006963106238227914,0.00015926361083984375,0.8877640557572813,1.0595637031835101,0.0,0.0,1084
3086,0.860524564252699,0.006961508645777194,0.00016355514526367188,0.8877646808307935,1.059566357736602,0.0,0.0,1085
3087,0.85985303127434,0.00695991288437821,0.000164031982421875,0.8877654417761107,1.0595693604460827,0.0,0.0,1086
3088,0.8594450819253977,0.006958318950256893,0.00017404556274414062,0.8877663507325392,1.0595728645575644,0.0,0.0,1087
3089,0.8595973288855561,0.006956726839650402,0.00016045570373535156,0.8877670915902982,1.0595764572590027,0.0,0.0,1088
3090,0.8591814668800155,0.0069551365488070786,0.00016260147094726562,0.8877676465928644,1.059580105864486,0.0,0.0,1089
3091,0.8594704429749944,0.006953548073986399,0.00016307830810546875,0.8877678269013122,1.0595834646327278,0.0,0.0,1090
3092,0.8596446520220646,0.006951961411458939,0.00016450881958007812,0.8877687981776498,1.0595868369228993,0.0,0.0,1091
3093,0.8588790761281756,0.006950376557506325,0.00016951560974121094,0.8877697680910908,1.0595902049927055,0.0,0.0,1092
3094,0.8597756952114862,0.006948793508421196,0.0001659393310546875,0.8877706790550474,1.0595933771159987,0.0,0.0,1093
3095,0.8604210969433131,0.006947212260507154,0.00016260147094726562,0.8877709376487399,1.059596233812538,0.0,0.0,1094
3096,0.8596711700848224,0.006945632810078732,0.00016570091247558594,0.8877696466575687,1.0595968775415854,0.0,0.0,1095
3097,0.8590209539820913,0.0069440551534613384,0.0001628398895263672,0.8877684538686181,1.0595976601278263,0.0,0.0,1096
3098,0.8585074409225033,0.006942479286991228,0.00016546249389648438,0.887767326909914,1.0595989341714167,0.0,0.0,1097
3099,0.858279967161152,0.006940905207015452,0.0001728534698486328,0.8877663601265575,1.0596006490986538,0.0,0.0,1098
3100,0.8578743331581554,0.00693933290989182,0.00016641616821289062,0.887765572686346,1.0596028060832066,0.0,0.0,1099
3101,0.8581811674294451,0.006937762391988856,0.0001690387725830078,0.8877646756221766,1.0596047967005362,0.0,0.0,1100
3102,0.8574233624670995,0.006936193649685763,0.0001709461212158203,0.8877637797648569,1.059606785025533,0.0,0.0,1101
3103,0.8578141061076192,0.00693462667937237,0.0001647472381591797,0.887762646284076,1.0596087562634509,0.0,0.0,1102
3104,0.8571953458564358,0.006933061477449105,0.00017309188842773438,0.8877614967487818,1.059611318279283,0.0,0.0,1103
3105,0.8568340126624561,0.006931498040326949,0.00016355514526367188,0.8877604476214919,1.0596142691402408,0.0,0.0,1104
3106,0.8564954445548013,0.006929936364427391,0.00016260147094726562,0.8877592866589811,1.059616766496678,0.0,0.0,1105
3107,0.8563835694359206,0.006928376446182395,0.00016260147094726562,0.8877579756179788,1.0596193372378677,0.0,0.0,1106
3108,0.8558924677049192,0.0069268182820343555,0.00017070770263671875,0.8877567256773221,1.059622311324302,0.0,0.0,1107
3109,0.8558924814160135,0.006925261868436056,0.00017571449279785156,0.8877557199917865,1.0596251594018693,0.0,0.0,1108
3110,0.855141883567533,0.006923707201850636,0.00016570091247558594,0.8877547156519472,1.0596280040409665,0.0,0.0,1109
3111,0.8553723492166347,0.006922154278751549,0.00016427040100097656,0.8877538122908024,1.0596309996637312,0.0,0.0,1110
3112,0.855807036704243,0.006920603095622518,0.00016760826110839844,0.8877528166613103,1.0596342878181966,0.0,0.0,1111
3113,0.8576870083670902,0.006919053648957499,0.0001652240753173828,0.8877507960156151,1.0596371013343093,0.0,0.0,1112
3114,0.8569375394299641,0.006917505935260651,0.0001842975616455078,0.8877487780862167,1.0596399114647665,0.0,0.0,1113
3115,0.8574934498951087,0.006915959951046281,0.0001678466796875,0.8877466186048001,1.0596420671624578,0.0,0.0,1114
3116,0.8567454718336502,0.00691441569283882,0.00016832351684570312,0.8877444620226632,1.059644220368323,0.0,0.0,1115
3117,0.8567790475063771,0.0069128731571727765,0.0001647472381591797,0.8877421470551079,1.0596464842717703,0.0,0.0,1116
3118,0.8562390765246789,0.0069113323405927,0.0001652240753173828,0.8877384411428806,1.0596477228495849,0.0,0.0,1117
3119,0.8604617367388419,0.0069097932396531446,0.00016546249389648438,0.8877345114524613,1.059649235259698,0.0,0.0,1118
3120,0.8600783194746762,0.00690825585091863,0.0001761913299560547,0.8877301903324539,1.0596498267345313,0.0,0.0,1119
3121,0.8606200100719792,0.006906720170963604,0.0001659393310546875,0.8877271952215159,1.05964989571201,0.0,0.0,1120
3122,0.8604538600399841,0.006905186196372404,0.0001678466796875,0.8877234064807399,1.0596505638884874,0.0,0.0,1121
3123,0.8601120974362503,0.0069036539237392214,0.0001647472381591797,0.8877196441409235,1.0596517237103171,0.0,0.0,1122
3124,0.8609371063251849,0.006902123349668065,0.00016760826110839844,0.8877159936215867,1.0596525798032745,0.0,0.0,1123
3125,0.8601921159112415,0.006900594470772717,0.00017786026000976562,0.8877123479793729,1.0596534351558757,0.0,0.0,1124
3126,0.8609986096046952,0.006899067283676712,0.0001685619354248047,0.8877092729135964,1.0596539747146334,0.0,0.0,1125
3127,0.8603192012505888,0.006897541785013282,0.0001671314239501953,0.8877063260508019,1.0596545727741882,0.0,0.0,1126
3128,0.8595766972215606,0.00689601797142533,0.0001678466796875,0.8877033831106576,1.0596551704398376,0.0,0.0,1127
3129,0.8594965350420968,0.006894495839565394,0.0001671314239501953,0.8877001349552803,1.0596555401709984,0.0,0.0,1128
3130,0.8593069579491718,0.006892975386095608,0.0001804828643798828,0.887696612741178,1.059655932320287,0.0,0.0,1129
3131,0.8585672720407178,0.006891456607687665,0.0001704692840576172,0.8876930952071446,1.0596563243516193,0.0,0.0,1130
3132,0.8598527895935376,0.006889939501022787,0.00016999244689941406,0.8876895316111121,1.059655925236907,0.0,0.0,1131
3133,0.8605329422952971,0.006888424062791681,0.0001685619354248047,0.8876865994207066,1.0596550977509827,0.0,0.0,1132
3134,0.8600313622585342,0.0068869102896945145,0.0001671314239501953,0.8876837412135851,1.059654569687605,0.0,0.0,1133
3135,0.8607404966893183,0.0068853981784408646,0.0001780986785888672,0.887680881377122,1.0596544525209322,0.0,0.0,1134
3136,0.8612738418250625,0.006883887725749702,0.00016736984252929688,0.8876777972420439,1.0596536465990738,0.0,0.0,1135
3137,0.8609432093565937,0.006882378928349336,0.0001728534698486328,0.8876747768990063,1.0596533475267238,0.0,0.0,1136
3138,0.8615915705525353,0.006880871782977399,0.0001685619354248047,0.8876714542946291,1.0596531728356695,0.0,0.0,1137
3139,0.8620209908083821,0.006879366286380799,0.00017213821411132812,0.8876679376866636,1.05965315766024,0.0,0.0,1138
3140,0.8613116896103902,0.006877862435315685,0.0001773834228515625,0.887663763766469,1.0596515582960413,0.0,0.0,1139
3141,0.8606229890490964,0.006876360226547424,0.00017309188842773438,0.8876590416082314,1.0596482569358414,0.0,0.0,1140
3142,0.8604144599423845,0.006874859656850553,0.00016951560974121094,0.8876541541883537,1.059643856943907,0.0,0.0,1141
3143,0.8610449175360416,0.006873360723008754,0.00017261505126953125,0.8876490687748739,1.0596396448377414,0.0,0.0,1142
3144,0.8614233181071339,0.0068718634218148155,0.0001671314239501953,0.8876436414673663,1.0596352047985156,0.0,0.0,1143
3145,0.860690531891944,0.006870367750070604,0.0001800060272216797,0.8876382212946663,1.0596307710070143,0.0,0.0,1144
3146,0.8605423934146658,0.006868873704587025,0.0001709461212158203,0.8876330231584336,1.0596268006137333,0.0,0.0,1145
3147,0.8615015455097906,0.006867381282183992,0.0001704692840576172,0.8876273352973334,1.059622241819379,0.0,0.0,1146
3148,0.8624636797931703,0.006865890479690393,0.00016880035400390625,0.887621850036057,1.0596175760110744,0.0,0.0,1147
3149,0.8617323906478067,0.006864401293944057,0.00017023086547851562,0.8876163719611307,1.0596129167210844,0.0,0.0,1148
3150,0.8626547153768752,0.006862913721791722,0.00016832351684570312,0.8876109012742984,1.059608158534169,0.0,0.0,1149
3151,0.8627867028926461,0.006861427760089002,0.00017261505126953125,0.8876062300685476,1.0596035110102602,0.0,0.0,1150
3152,0.8658302239644389,0.006859943405700353,0.00016832351684570312,0.8875997350703788,1.0595976250218797,0.0,0.0,1151
3153,0.8656659574683914,0.006858460655499043,0.00016999244689941406,0.8875932707107467,1.0595921101111685,0.0,0.0,1152
3154,0.8649349072253221,0.00685697950636712,0.00017213821411132812,0.8875868147875556,1.059586602792373,0.0,0.0,1153
3155,0.8648095390141592,0.006855499955195371,0.000171661376953125,0.8875800555763098,1.0595780286500847,0.0,0.0,1154
3156,0.8653226348511391,0.006854021998883304,0.00017952919006347656,0.8875731914794466,1.0595689036553428,0.0,0.0,1155
3157,0.8651844227256543,0.006852545634339105,0.00017333030700683594,0.887565753581551,1.0595590779361002,0.0,0.0,1156
3158,0.8649936166009958,0.0068510708584796146,0.0001704692840576172,0.8875576051056039,1.0595493932982467,0.0,0.0,1157
3159,0.8643994608603356,0.006849597668230288,0.00017404556274414062,0.8875484996226964,1.0595392887102204,0.0,0.0,1158
3160,0.8641794296458589,0.006848126060525167,0.0001761913299560547,0.8875395726574348,1.0595292094978719,0.0,0.0,1159
3161,0.8640116395714535,0.006846656032306853,0.0001862049102783203,0.8875309185371583,1.0595186841718347,0.0,0.0,1160
3162,0.8634649334436005,0.00684518758052647,0.0001728534698486328,0.8875223585429501,1.0595085809438682,0.0,0.0,1161
3163,0.8627406233547162,0.006843720702143635,0.00017499923706054688,0.8875138096399859,1.0594984912079306,0.0,0.0,1162
3164,0.8633991051058949,0.00684225539412643,0.00017189979553222656,0.8875054631858771,1.0594880704904883,0.0,0.0,1163
3165,0.8627727792571978,0.006840791653451367,0.00017499923706054688,0.8874972214980968,1.0594777666429422,0.0,0.0,1164
3166,0.8635356519164772,0.006839329477103358,0.00018072128295898438,0.8874888003980987,1.0594675295301414,0.0,0.0,1165
3167,0.8644260916297217,0.006837868862075689,0.00017142295837402344,0.8874801512129342,1.0594572875717458,0.0,0.0,1166
3168,0.8645015357781237,0.006836409805369985,0.0001723766326904297,0.8874715065027194,1.0594469066892227,0.0,0.0,1167
3169,0.8649452557424551,0.006834952303996181,0.000171661376953125,0.8874631341512417,1.0594363254124222,0.0,0.0,1168
3170,0.8652530970358462,0.00683349635497249,0.00017189979553222656,0.8874547135424532,1.059423994179352,0.0,0.0,1169
3171,0.8647361282765853,0.006832041955325382,0.00018143653869628906,0.8874464035262609,1.0594120463217482,0.0,0.0,1170
3172,0.8652207979140194,0.006830589102089536,0.000171661376953125,0.887440047275843,1.059401851536946,0.0,0.0,1171
3173,0.8645012839540691,0.006829137792307835,0.00016999244689941406,0.8874336991865074,1.0593916702397836,0.0,0.0,1172
3174,0.865042899751179,0.00682768802303131,0.00017070770263671875,0.8874272995760438,1.0593811138336084,0.0,0.0,1173
3175,0.8669958771228913,0.006826239791319134,0.00017595291137695312,0.8874210465040656,1.059370303342856,0.0,0.0,1174
3176,0.8662766270915286,0.006824793094238576,0.000186920166015625,0.8874148014402057,1.0593595070900301,0.0,0.0,1175
3177,0.865783220152459,0.006823347928864981,0.00017523765563964844,0.8874086844979879,1.059348762240654,0.0,0.0,1176
3178,0.8653881416128231,0.006821904292281737,0.0001728534698486328,0.8874033614255658,1.0593377285240648,0.0,0.0,1177
3179,0.8652555537198224,0.00682046218158025,0.00017499923706054688,0.8873980007290592,1.0593263475282404,0.0,0.0,1178
3180,0.8647221061168743,0.006819021593859907,0.00017452239990234375,0.88739266338828,1.0593158896840593,0.0,0.0,1179
3181,0.864606871938365,0.006817582526228058,0.00018453598022460938,0.8873875345556407,1.0593057917644104,0.0,0.0,1180
3182,0.8643187087213421,0.006816144975799977,0.0001735687255859375,0.8873825580756538,1.0592960054601925,0.0,0.0,1181
3183,0.8636061761507521,0.006814708939698846,0.00017499923706054688,0.887377587927204,1.0592862320068916,0.0,0.0,1182
3184,0.8632069047450865,0.006813274415055712,0.00017380714416503906,0.8873727013678692,1.059276759443432,0.0,0.0,1183
3185,0.8624965911768264,0.006811841399009472,0.0001766681671142578,0.8873678080029493,1.0592672981034037,0.0,0.0,1184
3186,0.8626868962651922,0.006810409888706836,0.00018477439880371094,0.8873623689339365,1.059257752834532,0.0,0.0,1185
3187,0.8622693681691049,0.006808979881302306,0.00017642974853515625,0.8873570017882085,1.0592486375023622,0.0,0.0,1186
3188,0.8615614727469696,0.006807551373958142,0.0001735687255859375,0.8873516414438309,1.0592395341126257,0.0,0.0,1187
3189,0.8617623125021519,0.006806124363844335,0.0001766681671142578,0.887346127024712,1.0592304254540066,0.0,0.0,1188
3190,0.8621034538868401,0.006804698848138588,0.00017452239990234375,0.8873409280589462,1.0592213403170039,0.0,0.0,1189
3191,0.8617645452135255,0.006803274824026274,0.0001857280731201172,0.8873357924637191,1.059212390116694,0.0,0.0,1190
3192,0.8610707079050088,0.006801852288700426,0.00017404556274414062,0.8873306743384322,1.0592039322128017,0.0,0.0,1191
3193,0.861077638627357,0.006800431239361693,0.00017523765563964844,0.8873260553747779,1.0591966204967003,0.0,0.0,1192
3194,0.8606286950241202,0.006799011673218323,0.00017333030700683594,0.8873215628624339,1.05918981765797,0.0,0.0,1193
3195,0.8603162417201509,0.006797593587486135,0.0001766681671142578,0.8873167285383653,1.0591811153964676,0.0,0.0,1194
3196,0.8597525030847436,0.00679617697938849,0.00018405914306640625,0.887311999415133,1.0591728144439352,0.0,0.0,1195
3197,0.8604855017356386,0.006794761846156266,0.00017547607421875,0.887306846159043,1.0591640341373076,0.0,0.0,1196
3198,0.860965604372913,0.0067933481850278275,0.00017571449279785156,0.8873028250823616,1.0591570660101501,0.0,0.0,1197
3199,0.8604907526285765,0.006791935993249005,0.0001780986785888672,0.8872988516860961,1.059150374070977,0.0,0.0,1198
3200,0.8598317998140588,0.006790525268073067,0.00017452239990234375,0.8872942801504196,1.0591440505520635,0.0,0.0,1199
3201,0.8575285712279211,0.006789116006760688,2.402862071990967,0.8789359205830709,1.053452745844535,0.0,0.0,1200
3202,0.8573795229327914,0.006787708206579931,0.000652313232421875,0.8789323812015511,1.0534522188634818,0.0,0.0,1201
3203,0.859691280168283,0.006786301864806214,0.00023865699768066406,0.878930225320212,1.0534520172741304,0.0,0.0,1202
3204,0.8592795003097337,0.006784896978722291,0.00022649765014648438,0.8789282499544667,1.0534521336693388,0.0,0.0,1203
3205,0.85959170987424,0.006783493545618221,0.00019812583923339844,0.878926211045453,1.0534520175519722,0.0,0.0,1204
3206,0.8592633662373345,0.006782091562791343,0.00019121170043945312,0.8789241221878632,1.0534524951407025,0.0,0.0,1205
3207,0.8592475700176623,0.006780691027546252,0.00019502639770507812,0.8789215929550336,1.0534531139225871,0.0,0.0,1206
3208,0.8585543790367717,0.006779291937194775,0.00020170211791992188,0.8789190668415751,1.0534537323494215,0.0,0.0,1207
3209,0.8589552389600177,0.006777894289055941,0.0001862049102783203,0.8789164338759806,1.0534544676316155,0.0,0.0,1208
3210,0.8585834195309446,0.00677649808045596,0.0001895427703857422,0.8789137996179054,1.053455365180941,0.0,0.0,1209
3211,0.859479157601124,0.006775103308728197,0.0001857280731201172,0.8789117618511268,1.0534560312444343,0.0,0.0,1210
3212,0.8587880874801969,0.006773709971213143,0.00018072128295898438,0.8789097265810785,1.0534566968923427,0.0,0.0,1211
3213,0.8580981506170857,0.006772318065258396,0.00019478797912597656,0.8789076938026403,1.0534573621249148,0.0,0.0,1212
3214,0.8578624588126438,0.006770927588218635,0.00018286705017089844,0.8789057397614861,1.0534584087527625,0.0,0.0,1213
3215,0.85748807919414,0.006769538537455592,0.0001850128173828125,0.8789038297319871,1.053459721302732,0.0,0.0,1214
3216,0.856906531561987,0.006768150910338027,0.00018310546875,0.87890194694943,1.0534611652405372,0.0,0.0,1215
3217,0.856220367268772,0.00676676470424171,0.00018143653869628906,0.8789001917766719,1.0534623207856963,0.0,0.0,1216
3218,0.8555353236369646,0.006765379916549391,0.00017952919006347656,0.8788984387378551,1.0534634753093004,0.0,0.0,1217
3219,0.8559409891319192,0.006763996544650777,0.000186920166015625,0.8788965720769536,1.0534646076337082,0.0,0.0,1218
3220,0.8566958494501344,0.006762614585942508,0.00018262863159179688,0.8788943006669742,1.0534663328042304,0.0,0.0,1219
3221,0.856532201856804,0.006761234037828133,0.00019431114196777344,0.8788917548536284,1.053468467317768,0.0,0.0,1220
3222,0.8558490486729379,0.006759854897718085,0.00019884109497070312,0.8788892121450672,1.0534705995998397,0.0,0.0,1221
3223,0.8555682403923565,0.0067584771630296615,0.00018453598022460938,0.8788865504647358,1.053471179674308,0.0,0.0,1222
3224,0.8550354531989353,0.0067571008311869945,0.00018358230590820312,0.8788840091433326,1.0534719197505666,0.0,0.0,1223
3225,0.8546457088488963,0.006755725899621029,0.00018286705017089844,0.8788815326559752,1.0534730412609885,0.0,0.0,1224
3226,0.854546990236096,0.006754352365769503,0.00018334388732910156,0.8788785725169919,1.0534728054877993,0.0,0.0,1225
3227,0.8540739674516433,0.00675298022707692,0.00019431114196777344,0.8788755191034261,1.0534730352610424,0.0,0.0,1226
3228,0.8565299472828399,0.006751609480994528,0.0001850128173828125,0.878871824193974,1.053471740705987,0.0,0.0,1227
3229,0.856411619386587,0.00675024012498029,0.0001862049102783203,0.878868300382392,1.053470568953803,0.0,0.0,1228
3230,0.8561693826014577,0.006748872156498874,0.00018286705017089844,0.8788647559932511,1.0534691070206128,0.0,0.0,1229
3231,0.8558892614608252,0.006747505573021617,0.00018262863159179688,0.8788614580494304,1.0534679555450503,0.0,0.0,1230
3232,0.8558359759987367,0.006746140372026507,0.00020074844360351562,0.8788583598700083,1.0534671855575968,0.0,0.0,1231
3233,0.855640470578387,0.006744776550998163,0.00018215179443359375,0.8788554245873589,1.0534662914562285,0.0,0.0,1232
3234,0.8572614993238663,0.006743414107427807,0.0001881122589111328,0.8788523034662492,1.0534660006207235,0.0,0.0,1233
3235,0.8565847485459525,0.006742053038813243,0.00018453598022460938,0.8788491861342151,1.0534657105463723,0.0,0.0,1234
3236,0.8559621307044086,0.006740693342658838,0.00019693374633789062,0.8788461535208597,1.0534655962025814,0.0,0.0,1235
3237,0.857138221894067,0.006739335016475495,0.00019407272338867188,0.8788432863870778,1.0534658069347733,0.0,0.0,1236
3238,0.8580119230862393,0.006737978057780631,0.0001862049102783203,0.8788404438253086,1.05346569181971,0.0,0.0,1237
3239,0.8579350492461723,0.006736622464098161,0.000186920166015625,0.8788376696846001,1.053465538707063,0.0,0.0,1238
3240,0.8580433283118001,0.006735268232958463,0.0001850128173828125,0.8788348164632752,1.0534658702358173,0.0,0.0,1239
3241,0.8581097595707142,0.006733915361898371,0.0001990795135498047,0.878832049229472,1.0534658651327908,0.0,0.0,1240
3242,0.8575563797991438,0.00673256384846114,0.00018715858459472656,0.8788292350635752,1.0534662002536739,0.0,0.0,1241
3243,0.8575200623730993,0.006731213690196436,0.00019097328186035156,0.8788265476226508,1.0534666895040568,0.0,0.0,1242
3244,0.8577485598866312,0.006729864884660303,0.0001857280731201172,0.8788239635078102,1.053467401622092,0.0,0.0,1243
3245,0.8577428497625669,0.006728517429415147,0.00019168853759765625,0.8788212490400293,1.0534688432943282,0.0,0.0,1244
3246,0.857071609750295,0.006727171322029717,0.00022125244140625,0.8788186664184024,1.0534699290936484,0.0,0.0,1245
3247,0.856674198601049,0.006725826560079075,0.00018906593322753906,0.8788159211660848,1.0534713441522225,0.0,0.0,1246
3248,0.8563009380353116,0.006724483141144583,0.00018596649169921875,0.8788132609467441,1.053472696024896,0.0,0.0,1247
3249,0.856301581288482,0.0067231410628138775,0.00019097328186035156,0.8788105245802618,1.0534738656178688,0.0,0.0,1248
3250,0.857083491449665,0.0067218003226808525,0.0001971721649169922,0.8788070162666642,1.0534748125254105,0.0,0.0,1249
3251,0.8566900472425415,0.006720460918345626,0.00018787384033203125,0.8788034604864627,1.0534762658501833,0.0,0.0,1250
3252,0.8560228811351073,0.006719122847414537,0.00018668174743652344,0.8788000366308333,1.053477365833268,0.0,0.0,1251
3253,0.8556739798599299,0.006717786107500109,0.00019168853759765625,0.87879669471817,1.053478771438512,0.0,0.0,1252
3254,0.8552678579609384,0.006716450696221039,0.00018835067749023438,0.8787932922959698,1.0534807760546645,0.0,0.0,1253
3255,0.854603382195025,0.0067151166112021715,0.0001952648162841797,0.8787900211468479,1.0534824279277883,0.0,0.0,1254
3256,0.8554389298610129,0.006713783850074479,0.0001926422119140625,0.8787867479994981,1.053484309422833,0.0,0.0,1255
3257,0.8547753610174392,0.006712452410475041,0.0001895427703857422,0.8787837341006796,1.053485839157728,0.0,0.0,1256
3258,0.8542198686839184,0.006711122290047027,0.0001876354217529297,0.8787804232375487,1.0534874757739434,0.0,0.0,1257
3259,0.8545560367394802,0.00670979348643967,0.0002048015594482422,0.8787774412806882,1.0534893375288064,0.0,0.0,1258
3260,0.8547731939098058,0.006708465997308248,0.00019216537475585938,0.8787741626589519,1.0534904322272172,0.0,0.0,1259
3261,0.8556416935469482,0.006707139820314071,0.0001895427703857422,0.8787710225377701,1.05349138010656,0.0,0.0,1260
3262,0.8556725375183126,0.006705814953124446,0.00019097328186035156,0.8787677992001461,1.0534926325263796,0.0,0.0,1261
3263,0.8553030411871998,0.006704491393412671,0.00019168853759765625,0.8787645273295445,1.0534935976342432,0.0,0.0,1262
3264,0.8597757280572073,0.006703169138858009,0.0001995563507080078,0.878758659857658,1.0534932816001297,0.0,0.0,1263
3265,0.8593159126113905,0.006701848187145669,0.0001957416534423828,0.8787527792724454,1.053493734736019,0.0,0.0,1264
3266,0.859056970608677,0.006700528535966779,0.0001919269561767578,0.8787469706590124,1.0534944852980188,0.0,0.0,1265
3267,0.8583955010204501,0.0066992101830183805,0.00019097328186035156,0.8787411689578027,1.0534952353470297,0.0,0.0,1266
3268,0.8584372325626423,0.006697893126003396,0.0001900196075439453,0.8787353902365131,1.053495181485108,0.0,0.0,1267
3269,0.8591421533347832,0.006696577362630617,0.00018906593322753906,0.8787296166901133,1.0534952365004182,0.0,0.0,1268
3270,0.8588762424901867,0.006695262890614681,0.0001857280731201172,0.8787239150990739,1.0534957645365477,0.0,0.0,1269
3271,0.8610125046730366,0.0066939497076760526,0.0001895427703857422,0.8787181539393175,1.0534953739422128,0.0,0.0,1270
3272,0.8616667790073902,0.006692637811541002,0.00018978118896484375,0.8787124596897969,1.0534949068140538,0.0,0.0,1271
3273,0.8636527817551777,0.0066913271999415914,0.00020074844360351562,0.8787066221515206,1.0534933728945182,0.0,0.0,1272
3274,0.8638279612301161,0.00669001787061565,0.00019502639770507812,0.8787005867825826,1.0534925695676727,0.0,0.0,1273
3275,0.8632726905012329,0.006688709821306755,0.00018858909606933594,0.8786946949901189,1.0534918160796598,0.0,0.0,1274
3276,0.8626121572466071,0.00668740304976422,0.00018668174743652344,0.8786888101602606,1.0534910638493296,0.0,0.0,1275
3277,0.8636769871429845,0.0066860975537430655,0.00018787384033203125,0.8786827593280465,1.0534904898451682,0.0,0.0,1276
3278,0.864399862308428,0.006684793331004007,0.00020170211791992188,0.8786765728677843,1.053489356507558,0.0,0.0,1277
3279,0.8652490103281081,0.0066834903793134325,0.00019311904907226562,0.8786705240187365,1.0534876677304348,0.0,0.0,1278
3280,0.865248471162388,0.006682188696443389,0.0001888275146484375,0.8786643958713181,1.053485603020852,0.0,0.0,1279
3281,0.8645889463472983,0.006680888280171556,0.0001881122589111328,0.8786583835456718,1.0534832009709278,0.0,0.0,1280
3282,0.8643034383909273,0.0066795891282812325,0.00020003318786621094,0.8786523129930255,1.0534813758406993,0.0,0.0,1281
3283,0.8645085257040042,0.006678291238561316,0.00019311904907226562,0.8786467972571833,1.0534787807630601,0.0,0.0,1282
3284,0.8669106785527083,0.006676994608806287,0.00018906593322753906,0.8786409581792731,1.053475039340767,0.0,0.0,1283
3285,0.866576481351387,0.0066756992368161875,0.0001938343048095703,0.8786351659887895,1.0534715551144682,0.0,0.0,1284
3286,0.8661998736026569,0.0066744051203966,0.00021338462829589844,0.8786294879136827,1.053468424959637,0.0,0.0,1285
3287,0.8664446852381587,0.00667311225735864,0.00019598007202148438,0.8786242355057817,1.053464827776329,0.0,0.0,1286
3288,0.8657879204585996,0.006671820645518926,0.00019311904907226562,0.8786189892459135,1.0534612351690251,0.0,0.0,1287
3289,0.8654046421722347,0.006670530282699566,0.00019788742065429688,0.878613840794319,1.0534579445260197,0.0,0.0,1288
3290,0.8649326760331436,0.00666924116672814,0.00019550323486328125,0.8786087644353147,1.0534549823354695,0.0,0.0,1289
3291,0.8657224896398931,0.006667953295437685,0.00019502639770507812,0.8786039175234364,1.053451929403825,0.0,0.0,1290
3292,0.8651054565904279,0.006666666666666666,0.00019478797912597656,0.8785990438195678,1.053449152383537,0.0,0.0,1291
3293,0.8646676503373206,0.006665381278258976,0.00019502639770507812,0.8785942513751237,1.0534467282370807,0.0,0.0,1292
3294,0.864219462516567,0.0066640971280639,0.00019240379333496094,0.8785894944687652,1.053444749181191,0.0,0.0,1293
3295,0.8641711499980718,0.006662814213936108,0.0002028942108154297,0.878584704483637,1.0534423767323549,0.0,0.0,1294
3296,0.8635199402200431,0.006661532533735637,0.0001919269561767578,0.8785799200692617,1.0534400074074048,0.0,0.0,1295
3297,0.8639702887779024,0.006660252085327868,0.0001933574676513672,0.8785750789919294,1.0534370276995026,0.0,0.0,1296
3298,0.8636216882908453,0.006658972866583515,0.00019288063049316406,0.8785702790960408,1.0534343300228537,0.0,0.0,1297
3299,0.8639267304032582,0.006657694875378601,0.00019478797912597656,0.8785654699407286,1.0534315981736662,0.0,0.0,1298
3300,0.863883664142163,0.006656418109594446,0.00020360946655273438,0.8785608155665962,1.0534293173575582,0.0,0.0,1299
3301,0.8639059705570914,0.00665514256711765,0.00019502639770507812,0.8785563234667323,1.0534280839099326,0.0,0.0,1300
3302,0.8642153835585927,0.0066538682458400725,0.00019168853759765625,0.8785517934408841,1.0534266014876577,0.0,0.0,1301
3303,0.8635984816160323,0.006652595143658813,0.00019240379333496094,0.8785472591344768,1.053425567316458,0.0,0.0,1302
3304,0.8635142029098996,0.006651323258476202,0.0002048015594482422,0.878542943169475,1.0534243213270098,0.0,0.0,1303
3305,0.863510861949215,0.006650052588199779,0.00019240379333496094,0.8785384427413508,1.0534229048969583,0.0,0.0,1304
3306,0.8649510395638019,0.006648783130742272,0.0001919269561767578,0.8785339222293922,1.0534213452471741,0.0,0.0,1305
3307,0.8644847057657257,0.006647514884021591,0.0001900196075439453,0.8785295088539322,1.053419774350281,0.0,0.0,1306
3308,0.8638393519663178,0.006646247845960803,0.0001895427703857422,0.8785249952956236,1.0534185353074508,0.0,0.0,1307
3309,0.8633992806056981,0.006644982014488115,0.0002033710479736328,0.8785207007666362,1.0534175661802505,0.0,0.0,1308
3310,0.8644026352405559,0.0066437173875368615,0.00019884109497070312,0.8785161609853483,1.0534173674293645,0.0,0.0,1309
3311,0.864627899279074,0.0066424539630454875,0.00019407272338867188,0.8785114605316383,1.0534158189883724,0.0,0.0,1310
3312,0.8641128034169464,0.006641191738957527,0.0001957416534423828,0.8785069639594191,1.053414285406472,0.0,0.0,1311
3313,0.8637926659687793,0.006639930713221595,0.0002086162567138672,0.8785022358214792,1.0534122058337843,0.0,0.0,1312
3314,0.8634274114294122,0.0066386708837913614,0.00019407272338867188,0.8784976049010791,1.0534096692549264,0.0,0.0,1313
3315,0.8633028022237001,0.006637412248625544,0.0001933574676513672,0.8784924417698741,1.0534079880414413,0.0,0.0,1314
3316,0.8636825848660169,0.006636154805687886,0.0001995563507080078,0.8784882884974844,1.053405849687812,0.0,0.0,1315
3317,0.8631827789428964,0.006634898552947141,0.00019621849060058594,0.8784836500007988,1.0534042646700967,0.0,0.0,1316
3318,0.863639090007414,0.00663364348837706,0.00020551681518554688,0.8784799564536228,1.0534021617769218,0.0,0.0,1317
3319,0.863862875089827,0.00663238960995637,0.0001976490020751953,0.8784762267929911,1.0534000152241154,0.0,0.0,1318
3320,0.8635294096273892,0.0066311369156687614,0.00019240379333496094,0.8784731041936502,1.0533979537810612,0.0,0.0,1319
3321,0.8634440447612027,0.006629885403502876,0.00019550323486328125,0.8784695534914608,1.0533955577912173,0.0,0.0,1320
3322,0.8630372809842072,0.006628635071452281,0.00020956993103027344,0.8784660024884752,1.053393732343133,0.0,0.0,1321
3323,0.8633110116832073,0.006627385917515461,0.0001964569091796875,0.8784620693699963,1.053391515072706,0.0,0.0,1322
3324,0.8638076165767764,0.006626137939695804,0.00019884109497070312,0.8784587452313855,1.0533887349199662,0.0,0.0,1323
3325,0.8640164543407465,0.006624891136001574,0.0002028942108154297,0.8784552225433048,1.0533859752422874,0.0,0.0,1324
3326,0.8635047427282297,0.006623645504445912,0.00020074844360351562,0.8784524522451548,1.053382906612412,0.0,0.0,1325
3327,0.8628694955896347,0.006622401043046807,0.0002117156982421875,0.8784490847402968,1.0533803939136959,0.0,0.0,1326
3328,0.8632265601852309,0.006621157749827086,0.0001990795135498047,0.8784462320907642,1.053377376243365,0.0,0.0,1327
3329,0.8639949235167109,0.006619915622814398,0.00019884109497070312,0.8784437940590689,1.0533744220242858,0.0,0.0,1328
3330,0.8641170088381551,0.006618674660041199,0.00020360946655273438,0.8784418307924723,1.0533703470767,0.0,0.0,1329
3331,0.863631110381192,0.006617434859544737,0.0002129077911376953,0.8784404811390424,1.0533660054177845,0.0,0.0,1330
3332,0.8633831666542977,0.006616196219367034,0.00020384788513183594,0.8784386753770683,1.0533620493753428,0.0,0.0,1331
3333,0.863261048475568,0.006614958737554873,0.0002009868621826172,0.8784368839402978,1.0533587144497907,0.0,0.0,1332
3334,0.8629563023225492,0.006613722412159786,0.00019669532775878906,0.8784352081186122,1.0533557887393763,0.0,0.0,1333
3335,0.864540158459946,0.006612487241238031,0.00020813941955566406,0.8784332482494012,1.053352475142935,0.0,0.0,1334
3336,0.8646801245640735,0.006611253222850585,0.0002613067626953125,0.8784313419919562,1.053349212776867,0.0,0.0,1335
3337,0.8667425098062658,0.006610020355063124,0.0002040863037109375,0.8784295943823129,1.0533456725363077,0.0,0.0,1336
3338,0.8672101356859214,0.00660878863594601,0.00020313262939453125,0.8784280845946891,1.0533406676727202,0.0,0.0,1337
3339,0.8669483130151006,0.006607558063574278,0.00021028518676757812,0.8784266909786652,1.0533355624877012,0.0,0.0,1338
3340,0.866435064504754,0.006606328636027614,0.00019788742065429688,0.8784252827235918,1.0533310366166344,0.0,0.0,1339
3341,0.8665253207594272,0.006605100351390352,0.00019693374633789062,0.8784241340477388,1.0533268152069037,0.0,0.0,1340
3342,0.8672940361467245,0.006603873207751448,0.00019598007202148438,0.8784227698941433,1.0533219980748039,0.0,0.0,1341
3343,0.8670207508169077,0.006602647203204473,0.00020074844360351562,0.8784215297279391,1.0533174558357208,0.0,0.0,1342
3344,0.8665469218774061,0.006601422335847591,0.0002086162567138672,0.8784203751382216,1.0533131172916952,0.0,0.0,1343
3345,0.8660167527623968,0.006600198603783557,0.00020122528076171875,0.8784193989679394,1.0533087948862234,0.0,0.0,1344
3346,0.8660457118342514,0.006598976005119688,0.00019812583923339844,0.8784182123625394,1.0533045738859337,0.0,0.0,1345
3347,0.865681065636958,0.006597754537967857,0.00019478797912597656,0.8784173236193064,1.0533003533432217,0.0,0.0,1346
3348,0.8650539405046848,0.00659653420044448,0.0002117156982421875,0.8784164358582274,1.053296137869807,0.0,0.0,1347
3349,0.8645082614408898,0.006595314990670495,0.00019621849060058594,0.8784153433382953,1.0532922750794993,0.0,0.0,1348
3350,0.8664592067938038,0.006594096906771352,0.00019621849060058594,0.8784135551059441,1.053287655490077,0.0,0.0,1349
3351,0.8661054194981327,0.0065928799468770016,0.00020194053649902344,0.8784120242576151,1.0532832814899655,0.0,0.0,1350
3352,0.8658274743429598,0.006591664109121874,0.00019884109497070312,0.8784104991737901,1.0532795865668525,0.0,0.0,1351
3353,0.866351817666972,0.006590449391644872,0.00021219253540039062,0.8784090339737165,1.053277381540473,0.0,0.0,1352
3354,0.8660179142333003,0.006589235792589347,0.0002048015594482422,0.8784076370681109,1.0532753987067063,0.0,0.0,1353
3355,0.8657886165635534,0.006588023310103103,0.00019788742065429688,0.878406388817655,1.053273701034461,0.0,0.0,1354
3356,0.865968183978129,0.00658681194233836,0.0001964569091796875,0.8784052201080348,1.0532714130084293,0.0,0.0,1355
3357,0.8656748898489789,0.006585601687451759,0.00020837783813476562,0.8784041129552316,1.053270413487434,0.0,0.0,1356
3358,0.8651336050955566,0.0065843925436043374,0.0001976490020751953,0.8784030016460532,1.0532698645251473,0.0,0.0,1357
3359,0.8656965594946839,0.006583184508961519,0.00019788742065429688,0.8784023324045822,1.0532687149610584,0.0,0.0,1358
3360,0.8650750429236643,0.0065819775816931035,0.00019884109497070312,0.8784015645934641,1.0532678780201001,0.0,0.0,1359
3361,0.8645017805447472,0.006580771759973243,0.00020003318786621094,0.8784008163647355,1.0532672791812967,0.0,0.0,1360
3362,0.8638820123037763,0.006579567041980443,0.00019741058349609375,0.8784001680331958,1.0532663710083434,0.0,0.0,1361
3363,0.8635286159396569,0.006578363425897531,0.0001983642578125,0.8783994707449791,1.0532660716236115,0.0,0.0,1362
3364,0.864009879398234,0.006577160909911664,0.00019788742065429688,0.878399196125057,1.0532654230465328,0.0,0.0,1363
3365,0.8650068161239328,0.006575959492214292,0.00019931793212890625,0.878399064336381,1.0532639583089178,0.0,0.0,1364
3366,0.8643884870299867,0.006574759171001166,0.000213623046875,0.8783988340323721,1.0532628044932197,0.0,0.0,1365
3367,0.8639626452657369,0.006573559944472311,0.00020170211791992188,0.8783986988408314,1.053261942498475,0.0,0.0,1366
3368,0.8637614894848886,0.0065723618108320175,0.00019860267639160156,0.8783984759913576,1.053261583451768,0.0,0.0,1367
3369,0.8631453684885033,0.0065711647682888275,0.00019979476928710938,0.8783982533737538,1.0532612251313431,0.0,0.0,1368
3370,0.8627173094479708,0.006569968815055523,0.00021600723266601562,0.8783980435985979,1.0532609702835993,0.0,0.0,1369
3371,0.8625117331657101,0.00656877394934911,0.00019979476928710938,0.8783977352601576,1.0532608283572402,0.0,0.0,1370
3372,0.8618978866328598,0.006567580169390805,0.0002009868621826172,0.878397427247222,1.0532606869175485,0.0,0.0,1371
3373,0.8629605539513592,0.006566387473406031,0.00019884109497070312,0.8783975586513171,1.0532603788134027,0.0,0.0,1372
3374,0.862863797409518,0.00656519585962439,0.0001983642578125,0.8783978459034905,1.053260201176248,0.0,0.0,1373
3375,0.8624424598382608,0.00656400532627966,0.0002143383026123047,0.8783981984117863,1.053260225286803,0.0,0.0,1374
3376,0.8623105698071467,0.0065628158716097805,0.00020241737365722656,0.8783986137782513,1.053260559782328,0.0,0.0,1375
3377,0.8628252997462567,0.006561627493856839,0.00020051002502441406,0.8783990887499491,1.0532608685795761,0.0,0.0,1376
3378,0.8638669639077021,0.006560440191267058,0.0001976490020751953,0.8784000967738259,1.053261688316935,0.0,0.0,1377
3379,0.863255147829242,0.00655925396209078,0.00021028518676757812,0.878401103678693,1.0532625074799322,0.0,0.0,1378
3380,0.862774062352448,0.006558068804582461,0.00019860267639160156,0.8784021825010068,1.053263460452264,0.0,0.0,1379
3381,0.8632295680323493,0.006556884717000652,0.00020074844360351562,0.8784033484736858,1.0532634730853865,0.0,0.0,1380
3382,0.8632210402693347,0.006555701697607991,0.00020051002502441406,0.8784045008600317,1.0532633731611816,0.0,0.0,1381
3383,0.8626115612319171,0.006554519744671182,0.00020933151245117188,0.8784056519728053,1.053263273669478,0.0,0.0,1382
3384,0.863690447272362,0.0065533388564609964,0.00020122528076171875,0.8784059254391421,1.0532618837427135,0.0,0.0,1383
3385,0.8649601534060006,0.006552159031252247,0.00020432472229003906,0.8784061220528963,1.0532607502882534,0.0,0.0,1384
3386,0.8646064887382596,0.006550980267323785,0.00020074844360351562,0.8784063778141504,1.053259891621922,0.0,0.0,1385
3387,0.864989339617411,0.0065498025629584814,0.0002002716064453125,0.8784070886343857,1.0532588571299055,0.0,0.0,1386
3388,0.8653400606907258,0.00654862591644322,0.00021457672119140625,0.8784083278607653,1.053257641818654,0.0,0.0,1387
3389,0.8647999694794627,0.006547450326068879,0.0002028942108154297,0.8784095720469461,1.0532566069374985,0.0,0.0,1388
3390,0.8651519741601402,0.006546275790130325,0.00020742416381835938,0.8784103927638844,1.0532549458699973,0.0,0.0,1389
3391,0.8647434461775757,0.006545102306926399,0.00020360946655273438,0.8784112462452762,1.0532536662464187,0.0,0.0,1390
3392,0.864136832542708,0.006543929874759902,0.00021409988403320312,0.878412098786124,1.0532523883292948,0.0,0.0,1391
3393,0.8639912249959394,0.006542758491937583,0.00020551681518554688,0.8784129662280489,1.0532513041329452,0.0,0.0,1392
3394,0.8640700369125246,0.006541588156770131,0.00020194053649902344,0.8784141877407785,1.0532501929988738,0.0,0.0,1393
3395,0.8658386927122167,0.006540418867572159,0.00020432472229003906,0.878414895979541,1.0532482630754259,0.0,0.0,1394
3396,0.8652559403622351,0.006539250622662195,0.00021529197692871094,0.8784156049841976,1.0532467148646283,0.0,0.0,1395
3397,0.8659046040902529,0.0065380834203626675,0.00020241737365722656,0.878416480237716,1.0532449465946565,0.0,0.0,1396
3398,0.8659773530224221,0.006536917258999894,0.00020360946655273438,0.8784172830737212,1.053243444952687,0.0,0.0,1397
3399,0.865482666996888,0.006535752136904072,0.00020623207092285156,0.8784181584894646,1.0532421242474188,0.0,0.0,1398
3400,0.8655485261433437,0.006534588052409264,0.0002052783966064453,0.8784187941825304,1.053240428303013,0.0,0.0,1399
3401,0.8650582078863549,0.00653342500385339,2.523013114929199,0.8863865388162818,1.0346616556477217,0.0,0.0,1400
3402,0.8647124906026984,0.006532262989578206,0.00034546852111816406,0.88638422945353,1.0346630546157807,0.0,0.0,1401
3403,0.864959637491894,0.006531102007929307,0.0002465248107910156,0.8863818174255685,1.0346639634247985,0.0,0.0,1402
3404,0.8645554923778259,0.006529942057256106,0.00022363662719726562,0.8863798250228884,1.0346645919211495,0.0,0.0,1403
3405,0.8652865523634236,0.006528783135911819,0.00022912025451660156,0.8863778517876433,1.034663944303598,0.0,0.0,1404
3406,0.8649255876239509,0.006527625242253464,0.00021457672119140625,0.8863753876620134,1.0346648896962278,0.0,0.0,1405
3407,0.8653033573337885,0.006526468374641845,0.00021266937255859375,0.886373686816055,1.0346645913578383,0.0,0.0,1406
3408,0.864703757359749,0.006525312531441538,0.00021409988403320312,0.8863719877682289,1.0346642936060688,0.0,0.0,1407
3409,0.8646821835657889,0.0065241577110208785,0.00022077560424804688,0.886369677000607,1.034664940341948,0.0,0.0,1408
3410,0.8650040746689414,0.006523003911751959,0.00020956993103027344,0.8863681015688045,1.0346648760254227,0.0,0.0,1409
3411,0.8650275246364207,0.0065218511320106086,0.00020694732666015625,0.8863665576255144,1.0346653306485905,0.0,0.0,1410
3412,0.8646692743853706,0.006520699370176385,0.00020813941955566406,0.8863645081559133,1.0346671928269011,0.0,0.0,1411
3413,0.8640722189186844,0.006519548624632568,0.0002224445343017578,0.8863630289514458,1.0346678670610445,0.0,0.0,1412
3414,0.8636047518217611,0.006518398893766136,0.00020885467529296875,0.886361023875489,1.0346700280803498,0.0,0.0,1413
3415,0.8647451429673503,0.0065172501759677695,0.00020647048950195312,0.8863593852554513,1.034671020325035,0.0,0.0,1414
3416,0.864611516284816,0.006516102469631829,0.00020503997802734375,0.8863572604495841,1.0346735393929267,0.0,0.0,1415
3417,0.8640161621863343,0.0065149557731563525,0.0002167224884033203,0.8863557035839636,1.03467487482862,0.0,0.0,1416
3418,0.8638303844750628,0.006513810084943037,0.00020551681518554688,0.886353762732967,1.0346775378760251,0.0,0.0,1417
3419,0.8637331867733449,0.00651266540339723,0.0002040863037109375,0.8863524843723883,1.034678965737991,0.0,0.0,1418
3420,0.8632093012961396,0.006511521726927923,0.0002040863037109375,0.8863507465454427,1.034681890735679,0.0,0.0,1419
3421,0.8632304460783476,0.0065103790539477345,0.0002219676971435547,0.8863486929985537,1.034684769787362,0.0,0.0,1420
3422,0.8630004873427525,0.006509237382872904,0.00020503997802734375,0.8863472705494858,1.034686697121542,0.0,0.0,1421
3423,0.862576444957538,0.006508096712123275,0.00020623207092285156,0.8863451920483842,1.0346895523263635,0.0,0.0,1422
3424,0.862411133596913,0.006506957040122291,0.00020766258239746094,0.8863431134504092,1.0346923814499045,0.0,0.0,1423
3425,0.8642485947242508,0.006505818365296984,0.00020647048950195312,0.8863410770099853,1.0346951617977016,0.0,0.0,1424
3426,0.8638212100736528,0.006504680686077957,0.00021839141845703125,0.8863396994036521,1.034697016547035,0.0,0.0,1425
3427,0.8637691014793318,0.006503544000899384,0.00020837783813476562,0.8863376929029663,1.0347003137859399,0.0,0.0,1426
3428,0.8643653446469258,0.006502408308198986,0.0002067089080810547,0.8863360186071276,1.0347019959343278,0.0,0.0,1427
3429,0.8640209517546804,0.006501273606418036,0.0002079010009765625,0.8863339040055598,1.0347052250360895,0.0,0.0,1428
3430,0.863589901410394,0.006500139894001336,0.00021839141845703125,0.8863324105473452,1.0347074934284257,0.0,0.0,1429
3431,0.8631318984428965,0.006499007169397213,0.0002079010009765625,0.8863303681359419,1.0347112552149969,0.0,0.0,1430
3432,0.8626377213453997,0.006497875431057505,0.00020456314086914062,0.8863289719789051,1.0347140507357024,0.0,0.0,1431
3433,0.8621018831309846,0.006496744677437556,0.00020456314086914062,0.8863267517278013,1.0347176751166094,0.0,0.0,1432
3434,0.8616823189879974,0.006495614906996195,0.00022029876708984375,0.8863251685757015,1.0347202817490273,0.0,0.0,1433
3435,0.8613002460472776,0.006494486118195741,0.0002067089080810547,0.8863231327045795,1.034724198721342,0.0,0.0,1434
3436,0.8614645826324663,0.006493358309501977,0.00020575523376464844,0.8863217079516547,1.0347269377605128,0.0,0.0,1435
3437,0.8633956890809854,0.006492231479384155,0.00020766258239746094,0.8863194999555708,1.0347325887517282,0.0,0.0,1436
3438,0.8634676754903401,0.00649110562631497,0.00021529197692871094,0.886317972995451,1.0347371278880282,0.0,0.0,1437
3439,0.8648313732060826,0.006489980748770563,0.0002090930938720703,0.8863150176312934,1.0347414716076317,0.0,0.0,1438
3440,0.8642450112106238,0.006488856845230502,0.00021028518676757812,0.8863120653426755,1.0347458110256693,0.0,0.0,1439
3441,0.8638424908206247,0.006487733914177778,0.00020837783813476562,0.8863091860851994,1.03475046898856,0.0,0.0,1440
3442,0.8648933397729686,0.006486611954098794,0.0002079010009765625,0.8863064009566369,1.0347553269120644,0.0,0.0,1441
3443,0.8655438251948214,0.006485490963483347,0.0002257823944091797,0.8863031215635081,1.034760857754368,0.0,0.0,1442
3444,0.8656183290489428,0.006484370940824633,0.00020766258239746094,0.8863000156985105,1.0347648095098985,0.0,0.0,1443
3445,0.865751903512632,0.006483251884619222,0.00020599365234375,0.8862971713641384,1.0347684941374191,0.0,0.0,1444
3446,0.8658298585028389,0.006482133793367059,0.00020766258239746094,0.886294694489185,1.0347720193268146,0.0,0.0,1445
3447,0.8656762963193715,0.006481016665571446,0.0002224445343017578,0.8862922901231762,1.0347756195070692,0.0,0.0,1446
3448,0.8658553499475856,0.006479900499739039,0.00020956993103027344,0.8862898216132331,1.0347789626760429,0.0,0.0,1447
3449,0.8652720262364297,0.006478785294379831,0.0002079010009765625,0.8862873556520532,1.0347823026114529,0.0,0.0,1448
3450,0.865326035795025,0.006477671048007152,0.0002129077911376953,0.886285252218097,1.0347855981190504,0.0,0.0,1449
3451,0.8650816031135771,0.00647655775913765,0.00022459030151367188,0.8862832539706917,1.0347892059391117,0.0,0.0,1450
3452,0.864812441232496,0.006475445426291287,0.00021266937255859375,0.8862813197270656,1.0347930954147344,0.0,0.0,1451
3453,0.8645521815309326,0.006474334047991322,0.0002143383026123047,0.8862794504237229,1.0347972197748063,0.0,0.0,1452
3454,0.8645312129187901,0.0064732236227643125,0.00020885467529296875,0.886277585066986,1.0348016206477617,0.0,0.0,1453
3455,0.8667772347521494,0.006472114149140098,0.00022292137145996094,0.8862748572609871,1.034805097248936,0.0,0.0,1454
3456,0.8664235326406405,0.006471005625651789,0.00020766258239746094,0.8862720654711339,1.0348089150513815,0.0,0.0,1455
3457,0.8660477083746723,0.006469898050835762,0.0002052783966064453,0.8862692470989754,1.0348129299473938,0.0,0.0,1456
3458,0.8656439768004712,0.0064687914232316466,0.000209808349609375,0.8862665330354765,1.0348170099716645,0.0,0.0,1457
3459,0.8650646199259869,0.006467685741382321,0.00021958351135253906,0.8862638217578213,1.0348210860204465,0.0,0.0,1458
3460,0.8647134009863453,0.006466581003833891,0.0002105236053466797,0.8862611968171192,1.0348254178140202,0.0,0.0,1459
3461,0.8644107868186082,0.006465477209135698,0.00021028518676757812,0.886258611245514,1.0348299856842795,0.0,0.0,1460
3462,0.8650130976185687,0.006464374355840295,0.00021457672119140625,0.8862561905687317,1.0348344339981708,0.0,0.0,1461
3463,0.8653867022027005,0.006463272442503442,0.00020885467529296875,0.8862538227330284,1.0348386316411138,0.0,0.0,1462
3464,0.8654281933223036,0.006462171467684098,0.00021076202392578125,0.8862515272975738,1.0348429025314165,0.0,0.0,1463
3465,0.8653074003574699,0.006461071429944414,0.00020956993103027344,0.886249155779133,1.0348466406596497,0.0,0.0,1464
3466,0.866965114816415,0.006459972327849716,0.00021910667419433594,0.8862470696125242,1.0348503223958514,0.0,0.0,1465
3467,0.8666348784439828,0.006458874159968506,0.0002129077911376953,0.8862450431765819,1.0348542892546706,0.0,0.0,1466
3468,0.8660583653615855,0.006457776924872441,0.00022125244140625,0.8862430188014727,1.0348582522763496,0.0,0.0,1467
3469,0.8674729263584955,0.006456680621136335,0.00020956993103027344,0.8862402775146913,1.0348610056824241,0.0,0.0,1468
3470,0.8668968725740115,0.006455585247338142,0.00021266937255859375,0.8862375787162418,1.0348641409246135,0.0,0.0,1469
3471,0.8665569558965449,0.006454490802058954,0.0002143383026123047,0.8862349242451683,1.0348670225964747,0.0,0.0,1470
3472,0.8667632810890067,0.0064533972838829844,0.00022482872009277344,0.8862324971391881,1.0348697395682547,0.0,0.0,1471
3473,0.8681929616192705,0.006452304691397566,0.000213623046875,0.8862302254261084,1.0348723646593272,0.0,0.0,1472
3474,0.8679996927304564,0.006451213023193133,0.0002181529998779297,0.8862277586167349,1.0348751705294665,0.0,0.0,1473
3475,0.8678684566874024,0.006450122277863226,0.0002162456512451172,0.886224995518639,1.0348768478673884,0.0,0.0,1474
3476,0.8674958958947909,0.006449032454004469,0.0002200603485107422,0.8862223262757313,1.0348786209313408,0.0,0.0,1475
3477,0.8677688683301876,0.006447943550216567,0.00021505355834960938,0.8862200109282325,1.0348802510964008,0.0,0.0,1476
3478,0.8671954881844783,0.0064468555651023,0.00022339820861816406,0.8862176979234916,1.0348818798380293,0.0,0.0,1477
3479,0.8672446046458757,0.006445768497267506,0.00021076202392578125,0.8862154295907646,1.034883679198869,0.0,0.0,1478
3480,0.8667850209377925,0.006444682345321079,0.00022339820861816406,0.8862133610021624,1.0348858477650449,0.0,0.0,1479
3481,0.8664792827752987,0.006443597107874961,0.00021409988403320312,0.8862114341919409,1.0348883038669516,0.0,0.0,1480
3482,0.8659083317154992,0.006442512783544126,0.0002090930938720703,0.8862095093216269,1.034890757707651,0.0,0.0,1481
3483,0.865790264408051,0.006441429370946581,0.00021195411682128906,0.8862070634898302,1.0348946794276963,0.0,0.0,1482
3484,0.8653451709350582,0.0064403468687033475,0.00022983551025390625,0.8862051951402441,1.0348977117194509,0.0,0.0,1483
3485,0.8654178469200831,0.00643926527543846,0.0002124309539794922,0.8862033466289847,1.034900832865687,0.0,0.0,1484
3486,0.8650549028396417,0.006438184589778953,0.00021529197692871094,0.8862015131518965,1.0349041557965504,0.0,0.0,1485
3487,0.8649204235257325,0.006437104810354858,0.0002181529998779297,0.8861992028584489,1.0349089010153452,0.0,0.0,1486
3488,0.8671118124214205,0.006436025935799189,0.0002300739288330078,0.8861971346410781,1.034912255343389,0.0,0.0,1487
3489,0.8672562537624029,0.006434947964747936,0.0002143383026123047,0.8861946787378012,1.034915817440393,0.0,0.0,1488
3490,0.8668764994630024,0.006433870895840058,0.00021982192993164062,0.8861921893581317,1.0349198073085466,0.0,0.0,1489
3491,0.8666308304743212,0.006432794727717475,0.00021219253540039062,0.8861897307785696,1.034923730203584,0.0,0.0,1490
3492,0.8660634496741673,0.006431719459025054,0.00022482872009277344,0.8861872746650912,1.0349276493637325,0.0,0.0,1491
3493,0.8657283260133344,0.006430645088410609,0.0002162456512451172,0.8861846302629123,1.034931431096665,0.0,0.0,1492
3494,0.865322329188572,0.006429571614524886,0.00021529197692871094,0.8861820304856604,1.03493569516187,0.0,0.0,1493
3495,0.8666211749662195,0.006428499036021558,0.00021719932556152344,0.8861784812088587,1.0349392262172012,0.0,0.0,1494
3496,0.8662928536773278,0.006427427351557213,0.000232696533203125,0.8861745190985786,1.0349431873205155,0.0,0.0,1495
3497,0.8675971788109285,0.006426356559791355,0.00021266937255859375,0.8861712268280201,1.0349481465911021,0.0,0.0,1496
3498,0.8686633480701422,0.006425286659386384,0.0002155303955078125,0.8861679167005948,1.0349532220090774,0.0,0.0,1497
3499,0.868306227140744,0.006424217649007592,0.00021576881408691406,0.8861645057172689,1.0349588357236177,0.0,0.0,1498
3500,0.8691723858937164,0.00642314952732316,0.0002262592315673828,0.8861603209805997,1.0349626311518265,0.0,0.0,1499
3501,0.8687268911561989,0.006422082293004144,0.00021648406982421875,0.8861561734057171,1.0349666304611431,0.0,0.0,1500
3502,0.868861698789499,0.0064210159447244675,0.00022172927856445312,0.8861510527991717,1.0349696478487482,0.0,0.0,1501
3503,0.8684105058410196,0.006419950481160917,0.0002162456512451172,0.8861459025276842,1.034973009130856,0.0,0.0,1502
3504,0.8698493526547294,0.00641888590099313,0.00022482872009277344,0.8861409234234305,1.0349762134697134,0.0,0.0,1503
3505,0.8701172469744822,0.006417822202903586,0.0002155303955078125,0.8861359175872353,1.0349792759448093,0.0,0.0,1504
3506,0.8720549115095951,0.0064167593855776065,0.00021505355834960938,0.8861302046116336,1.0349810168656304,0.0,0.0,1505
3507,0.8716885202342288,0.006415697447703336,0.00021529197692871094,0.8861245091156563,1.0349830326724103,0.0,0.0,1506
3508,0.8713491583614688,0.006414636387971744,0.00021886825561523438,0.8861188312994566,1.0349850618744856,0.0,0.0,1507
3509,0.8714403878509654,0.006413576205076607,0.00021529197692871094,0.8861133499252597,1.034987350385258,0.0,0.0,1508
3510,0.8711074500950917,0.006412516897714514,0.0002231597900390625,0.8861079174629686,1.0349898705714422,0.0,0.0,1509
3511,0.8712658241414727,0.006411458464584843,0.0002186298370361328,0.8861028733764491,1.0349922633254358,0.0,0.0,1510
3512,0.8709880421451063,0.006410400904389766,0.0002162456512451172,0.8860979091197546,1.0349946056807462,0.0,0.0,1511
3513,0.8707696153279297,0.006409344215834233,0.00021648406982421875,0.8860929521255642,1.0349956203593549,0.0,0.0,1512
3514,0.8704425099944859,0.006408288397625971,0.00022029876708984375,0.8860880714018421,1.0349966709387206,0.0,0.0,1513
3515,0.8698808546454063,0.006407233448475468,0.00021982192993164062,0.8860831955251294,1.034997720700485,0.0,0.0,1514
3516,0.8701705066801674,0.006406179367095973,0.0002200603485107422,0.8860785070472212,1.0349987355941532,0.0,0.0,1515
3517,0.8697099127326477,0.006405126152203486,0.00022983551025390625,0.8860738928547812,1.0350000152433416,0.0,0.0,1516
3518,0.8703281574869303,0.0064040738025167455,0.00021767616271972656,0.8860694545230602,1.035001344581533,0.0,0.0,1517
3519,0.8699565037125855,0.0064030223167572285,0.0002200603485107422,0.8860650701163553,1.035002908890927,0.0,0.0,1518
3520,0.8702925137595343,0.0064019716936491375,0.00022220611572265625,0.8860609304767928,1.0350042074296142,0.0,0.0,1519
3521,0.8705189431130934,0.0064009219319193945,0.0002281665802001953,0.886056849302565,1.0350052749119099,0.0,0.0,1520
3522,0.8700407699960896,0.0063998730302976346,0.0002186298370361328,0.8860526877573495,1.035006406604701,0.0,0.0,1521
3523,0.8697979706536787,0.006398824987516197,0.00022554397583007812,0.8860485831625151,1.0350077334701546,0.0,0.0,1522
3524,0.8701260836031776,0.006397777802310117,0.00021719932556152344,0.8860446349185515,1.0350089959061335,0.0,0.0,1523
3525,0.872699024139588,0.00639673147341712,0.00023055076599121094,0.886040372380064,1.0350084369314567,0.0,0.0,1524
3526,0.8722340195230378,0.006395685999577613,0.00022149085998535156,0.8860359261271502,1.035008002809125,0.0,0.0,1525
3527,0.8721741313723017,0.006394641379534678,0.00021648406982421875,0.8860318304290865,1.0350070803027287,0.0,0.0,1526
3528,0.8727303872929995,0.006393597612034063,0.00021719932556152344,0.8860276820384746,1.0350063050780103,0.0,0.0,1527
3529,0.8721809198218532,0.006392554695824179,0.0002262592315673828,0.8860234709278423,1.0350047982200692,0.0,0.0,1528
3530,0.8717945285873971,0.006391512629656084,0.00021409988403320312,0.8860192965936322,1.0350031767402685,0.0,0.0,1529
3531,0.8712377877112552,0.006390471412283485,0.00022029876708984375,0.8860151263584309,1.0350015570881979,0.0,0.0,1530
3532,0.8709287573074335,0.006389431042462724,0.00022530555725097656,0.8860109992648414,1.0350000655387874,0.0,0.0,1531
3533,0.8711395570538356,0.0063883915189527785,0.00022745132446289062,0.8860068235990315,1.0349984078299173,0.0,0.0,1532
3534,0.8709652355271215,0.006387352840515242,0.00021696090698242188,0.886002837370684,1.0349982425530644,0.0,0.0,1533
3535,0.8705850498422679,0.006386315005914329,0.00022125244140625,0.8859989498845914,1.0349982970665987,0.0,0.0,1534
3536,0.8704052834762702,0.00638527801391686,0.00021600723266601562,0.8859954162154257,1.034999425469451,0.0,0.0,1535
3537,0.8698517248261485,0.0063842418632922586,0.0002269744873046875,0.8859918859988728,1.0350005529873376,0.0,0.0,1536
3538,0.8696618100242662,0.006383206552812541,0.00021958351135253906,0.8859884365790383,1.0350019539916564,0.0,0.0,1537
3539,0.8694001153551687,0.006382172081252313,0.0002181529998779297,0.8859849152700775,1.0350041122007059,0.0,0.0,1538
3540,0.8697529252116702,0.006381138447388758,0.0002238750457763672,0.8859810993458239,1.0350061321208208,0.0,0.0,1539
3541,0.8697221570232418,0.006380105650001632,0.00023603439331054688,0.8859774883247451,1.035008361044098,0.0,0.0,1540
3542,0.8695047678484864,0.006379073687873259,0.000217437744140625,0.8859738095531293,1.0350107633607535,0.0,0.0,1541
3543,0.8689540220590285,0.0063780425597885215,0.0002200603485107422,0.8859701343627719,1.0350131635490192,0.0,0.0,1542
3544,0.8685975090875054,0.006377012264534852,0.00022149085998535156,0.8859665125241619,1.0350157988663162,0.0,0.0,1543
3545,0.8685140409943075,0.006375982800902227,0.0002262592315673828,0.8859626526556188,1.0350184155553597,0.0,0.0,1544
3546,0.868850833050426,0.0063749541676831655,0.0002219676971435547,0.885959061762814,1.035020900891824,0.0,0.0,1545
3547,0.8702990632268315,0.006373926363672713,0.0002243518829345703,0.8859553074366715,1.0350225194565639,0.0,0.0,1546
3548,0.8711644042997773,0.006372899387668439,0.00022149085998535156,0.885951398661957,1.035023678897057,0.0,0.0,1547
3549,0.8707592139011809,0.006371873238470431,0.00023126602172851562,0.8859475688779103,1.0350249511453709,0.0,0.0,1548
3550,0.8706986773186681,0.00637084791488129,0.00022363662719726562,0.8859433354759721,1.0350260550599684,0.0,0.0,1549
3551,0.8704223272478042,0.006369823415706114,0.00021982192993164062,0.8859390590497158,1.0350273960635277,0.0,0.0,1550
3552,0.8704942343805475,0.0063687997397525,0.0002219676971435547,0.8859351381434319,1.0350285892796665,0.0,0.0,1551
3553,0.8705929640744665,0.006367776885830535,0.0002346038818359375,0.8859314322745331,1.0350294625705423,0.0,0.0,1552
3554,0.870045168049151,0.00636675485275279,0.0002193450927734375,0.8859277299882143,1.0350303352337735,0.0,0.0,1553
3555,0.8694980741718176,0.006365733639334309,0.0002276897430419922,0.8859240312786951,1.0350312072701242,0.0,0.0,1554
3556,0.8692569660136842,0.006364713244392607,0.0002224445343017578,0.8859204304484986,1.0350323424600996,0.0,0.0,1555
3557,0.8687110716457879,0.0063636936667476615,0.0002334117889404297,0.8859168330919266,1.0350334767691747,0.0,0.0,1556
3558,0.8683318821451139,0.006362674905221907,0.00022268295288085938,0.8859133747957756,1.0350348618094056,0.0,0.0,1557
3559,0.8677872954753316,0.006361656958640223,0.000225067138671875,0.8859099198304667,1.0350362457278843,0.0,0.0,1558
3560,0.86897806604537,0.006360639825829937,0.00021886825561523438,0.8859058116567098,1.0350371239773497,0.0,0.0,1559
3561,0.8687373737275127,0.006359623505620808,0.00023436546325683594,0.8859018110242122,1.0350382426316518,0.0,0.0,1560
3562,0.8688777372831505,0.006358607996845026,0.0002269744873046875,0.885897914673385,1.035039362390702,0.0,0.0,1561
3563,0.8689359437474423,0.006357593298337204,0.00021982192993164062,0.8858942478157026,1.035040286697732,0.0,0.0,1562
3564,0.8686047542113211,0.006356579408934371,0.0002219676971435547,0.885890617537307,1.0350414131571883,0.0,0.0,1563
3565,0.8681020736465513,0.006355566327475963,0.00023508071899414062,0.8858869491872793,1.0350428793330988,0.0,0.0,1564
3566,0.8683226369712487,0.006354554052803824,0.00022029876708984375,0.8858836315547421,1.0350440590978953,0.0,0.0,1565
3567,0.8682606616074804,0.00635354258376219,0.0002205371856689453,0.8858804440977923,1.0350455362486874,0.0,0.0,1566
3568,0.8678514241484641,0.006352531919197688,0.00022673606872558594,0.8858773055009127,1.0350472615495332,0.0,0.0,1567
3569,0.8684291709846209,0.00635152205795933,0.0002300739288330078,0.8858737947213968,1.0350495240218645,0.0,0.0,1568
3570,0.8685177939372255,0.0063505129988985064,0.0002238750457763672,0.885870277969748,1.0350518129701698,0.0,0.0,1569
3571,0.868530982479218,0.0063495047408689735,0.000225067138671875,0.8858668142164859,1.0350541063571408,0.0,0.0,1570
3572,0.8685792363194881,0.0063484972827268565,0.00022077560424804688,0.8858631983056062,1.0350562647009516,0.0,0.0,1571
3573,0.8682040277773068,0.006347490623330634,0.00022459030151367188,0.8858596675699585,1.0350585045595002,0.0,0.0,1572
3574,0.8677532557324412,0.006346484761541141,0.00022292137145996094,0.8858562552060505,1.0350610437246672,0.0,0.0,1573
3575,0.8686227654041421,0.006345479696221558,0.000225067138671875,0.8858522753164706,1.0350633473181552,0.0,0.0,1574
3576,0.8681962213851693,0.006344475426237398,0.0002243518829345703,0.8858483447615739,1.0350655335378567,0.0,0.0,1575
3577,0.8680786094747684,0.006343471950456512,0.00022649765014648438,0.8858443822387536,1.0350679373562708,0.0,0.0,1576
3578,0.8678124924939726,0.006342469267749078,0.0002243518829345703,0.8858404989340721,1.035070684725475,0.0,0.0,1577
3579,0.8678976096586783,0.00634146737698759,0.00022220611572265625,0.8858366307985855,1.0350732595385659,0.0,0.0,1578
3580,0.8675901964219195,0.0063404662770468615,0.00022220611572265625,0.8858328121580996,1.0350760714372074,0.0,0.0,1579
3581,0.8678215327577031,0.006339465966804007,0.0002200603485107422,0.8858293272723538,1.0350787510335595,0.0,0.0,1580
3582,0.8683066734132786,0.006338466445138448,0.00022363662719726562,0.8858256979090661,1.0350814107865196,0.0,0.0,1581
3583,0.8680309758192637,0.006337467710931899,0.00022673606872558594,0.8858221118321407,1.035084311979087,0.0,0.0,1582
3584,0.8675993397351495,0.0063364697630683645,0.000232696533203125,0.8858185956066904,1.035087454544251,0.0,0.0,1583
3585,0.8672247550680626,0.006335472600434131,0.00022983551025390625,0.8858151256667088,1.0350906240641953,0.0,0.0,1584
3586,0.8671113197328635,0.006334476221917763,0.00022745132446289062,0.8858117364535968,1.035094101072672,0.0,0.0,1585
3587,0.8665769922828557,0.006333480626410096,0.00022292137145996094,0.8858083504466301,1.0350975749874527,0.0,0.0,1586
3588,0.8660433356186393,0.00633248581280423,0.00023627281188964844,0.885804967640745,1.0351010458131997,0.0,0.0,1587
3589,0.8656632352582592,0.006331491779995523,0.000225067138671875,0.8858016564801062,1.0351047001426361,0.0,0.0,1588
3590,0.8661325026526329,0.006330498526881587,0.000225067138671875,0.8857987073033449,1.0351082854945473,0.0,0.0,1589
3591,0.8656330341702463,0.0063295060523622815,0.0002276897430419922,0.8857957314692776,1.0351111387517458,0.0,0.0,1590
3592,0.8651753096850865,0.006328514355339704,0.00023603439331054688,0.8857928064754336,1.035114006528215,0.0,0.0,1591
3593,0.8650135509451081,0.00632752343471819,0.00022411346435546875,0.8857899097305171,1.035117181258606,0.0,0.0,1592
3594,0.866300335572764,0.0063265332894043005,0.00022912025451660156,0.8857871416663877,1.0351202274277196,0.0,0.0,1593
3595,0.8665503468832381,0.006325543918306822,0.00022363662719726562,0.8857847509591567,1.035123032556915,0.0,0.0,1594
3596,0.8660195219006077,0.006324555320336759,0.0002391338348388672,0.8857823624937058,1.035125835246731,0.0,0.0,1595
3597,0.8670142893074677,0.006323567494407323,0.00022172927856445312,0.8857799601534111,1.0351285823079315,0.0,0.0,1596
3598,0.8666457095506745,0.006322580439433935,0.0002262592315673828,0.8857776068496735,1.0351315188490868,0.0,0.0,1597
3599,0.867026600710977,0.006321594154334214,0.00022912025451660156,0.885775032886118,1.035134251648164,0.0,0.0,1598
3600,0.866839592271776,0.00632060863802797,0.00023746490478515625,0.8857722831796425,1.0351360421694071,0.0,0.0,1599
3601,0.8657180990963774,0.006319623889437206,2.7792418003082275,0.8632744545995686,1.0698437302513595,1.0,0.0,1600
3602,0.8653376375211436,0.006318639907486101,0.0007166862487792969,0.8632717560867643,1.0698483426376142,1.0,0.0,1601
3603,0.8650412678158269,0.006317656691101017,0.00027489662170410156,0.8632690497754973,1.069852642833736,1.0,0.0,1602
3604,0.8645147530366891,0.006316674239210482,0.00024127960205078125,0.8632671117609259,1.0698568449089052,1.0,0.0,1603
3605,0.8640304534634601,0.006315692550745188,0.00024628639221191406,0.8632647832872178,1.0698614661677655,1.0,0.0,1604
3606,0.8635052301101402,0.006314711624637989,0.00024080276489257812,0.8632624569446095,1.069866083386409,1.0,0.0,1605
3607,0.863480485930592,0.00631373145982389,0.0002353191375732422,0.8632601507660784,1.0698708447628196,1.0,0.0,1606
3608,0.8629562509374102,0.0063127520552400465,0.0002353191375732422,0.8632578466950599,1.0698756019720108,0.0,0.0,1607
3609,0.8625998773881864,0.006311773409825753,0.00024318695068359375,0.8632555413264916,1.0698805360951689,0.0,0.0,1608
3610,0.86335953597257,0.006310795522522442,0.00023484230041503906,0.8632527994820981,1.069885935205513,1.0,0.0,1609
3611,0.8630698027099003,0.006309818392273676,0.00023484230041503906,0.8632504218395519,1.0698914078759199,0.0,0.0,1610
3612,0.862678383416972,0.006308842018025144,0.00023245811462402344,0.8632476852263963,1.0698971466742797,0.0,0.0,1611
3613,0.8625481187432549,0.006307866398724652,0.00024175643920898438,0.8632452793710246,1.0699030413735355,0.0,0.0,1612
3614,0.8629724952574103,0.006306891533322122,0.0002315044403076172,0.8632426896432446,1.0699082683048047,0.0,0.0,1613
3615,0.8624507677088048,0.006305917420769584,0.0002307891845703125,0.863240102279439,1.0699134906508576,0.0,0.0,1614
3616,0.8621123446994813,0.006304944060021172,0.00023865699768066406,0.8632378447024166,1.0699188326643105,0.0,0.0,1615
3617,0.8623044004785823,0.006303971450033116,0.0002377033233642578,0.8632353323508438,1.069923902339078,0.0,0.0,1616
3618,0.8627216722695411,0.0063029995897637345,0.000232696533203125,0.8632330257023243,1.0699285940602585,0.0,0.0,1617
3619,0.8630349469987929,0.006302028478173441,0.00022912025451660156,0.8632305966027686,1.06993293527239,0.0,0.0,1618
3620,0.8627462239896796,0.006301058114224723,0.0002491474151611328,0.8632279618925915,1.0699376123932012,0.0,0.0,1619
3621,0.862292311925669,0.006300088496882144,0.0002377033233642578,0.8632253240098122,1.069942500727373,0.0,0.0,1620
3622,0.8627623641839454,0.006299119625112339,0.00023818016052246094,0.8632230146785247,1.0699472175881264,0.0,0.0,1621
3623,0.8622432366877613,0.006298151497884012,0.00023627281188964844,0.8632207074383317,1.0699519303611118,0.0,0.0,1622
3624,0.8625098532261174,0.006297184114167917,0.0002522468566894531,0.8632183184541492,1.0699563051075651,0.0,0.0,1623
3625,0.8625992144858885,0.006296217472936869,0.000232696533203125,0.8632157920621634,1.069959771335621,0.0,0.0,1624
3626,0.862729518326806,0.006295251573165729,0.00023412704467773438,0.8632131376977284,1.0699634225432755,0.0,0.0,1625
3627,0.8631593633658553,0.006294286413831403,0.00023317337036132812,0.8632106058507104,1.0699670045931926,0.0,0.0,1626
3628,0.8638525031649047,0.0062933219939128315,0.0002465248107910156,0.8632081471412547,1.0699707596611205,1.0,0.0,1627
3629,0.8634216521243682,0.00629235831239099,0.00023221969604492188,0.8632056886165764,1.0699748180502144,1.0,0.0,1628
3630,0.8637536379632138,0.006291395368248881,0.00023484230041503906,0.8632031858435364,1.0699772111483747,1.0,0.0,1629
3631,0.8639551003646555,0.00629043316047153,0.0002319812774658203,0.8632006556612035,1.0699797147399546,1.0,0.0,1630
3632,0.8640950050332045,0.006289471688045977,0.0002453327178955078,0.8631981903618581,1.0699822658258982,1.0,0.0,1631
3633,0.8638329849146512,0.0062885109499612735,0.0002346038818359375,0.8631956360790615,1.0699849255048823,1.0,0.0,1632
3634,0.8638640312420682,0.006287550945208481,0.0002357959747314453,0.8631929137057253,1.069987809465666,1.0,0.0,1633
3635,0.8637021195081307,0.006286591672780659,0.0002472400665283203,0.8631902194649759,1.0699904893788028,1.0,0.0,1634
3636,0.863250074158332,0.006285633131672862,0.00023818016052246094,0.8631875068608289,1.0699933236806194,1.0,0.0,1635
3637,0.8628813281296697,0.006284675320882137,0.00023627281188964844,0.86318471294909,1.0699964916898097,0.0,0.0,1636
3638,0.8625525146672851,0.006283718239407519,0.00023651123046875,0.8631819218021358,1.0699998924672383,0.0,0.0,1637
3639,0.8620385582584628,0.0062827618862500165,0.0002510547637939453,0.8631791331706253,1.0700032904114636,0.0,0.0,1638
3640,0.861976898027336,0.006281806260412623,0.00023508071899414062,0.8631762216678104,1.0700068242076035,0.0,0.0,1639
3641,0.8633258873295616,0.006280851360900292,0.00023102760314941406,0.8631732614594391,1.070009982890525,1.0,0.0,1640
3642,0.8637489214345164,0.006279897186719947,0.00023484230041503906,0.8631705743282552,1.0700127609787793,1.0,0.0,1641
3643,0.8638669285574754,0.006278943736880475,0.0002453327178955078,0.863167882212968,1.070015890154351,1.0,0.0,1642
3644,0.8641867817748455,0.006277991010392714,0.00023865699768066406,0.8631653049214475,1.0700190830338467,1.0,0.0,1643
3645,0.8636737448767369,0.00627703900626945,0.0002315044403076172,0.863162729940443,1.0700222732851592,1.0,0.0,1644
3646,0.8646333601490661,0.006276087723525419,0.00023317337036132812,0.863160190517201,1.070025129112938,1.0,0.0,1645
3647,0.8650532707809263,0.006275137161177294,0.00024580955505371094,0.8631579741620721,1.070027758761248,1.0,0.0,1646
3648,0.866003482817763,0.006274187318243682,0.00023555755615234375,0.8631560692858145,1.0700301379383803,1.0,0.0,1647
3649,0.8654905917904732,0.006273238193745121,0.00023126602172851562,0.8631541660985795,1.0700325152349919,1.0,0.0,1648
3650,0.8656116037923702,0.006272289786704076,0.0002493858337402344,0.8631522340035025,1.070034783996037,1.0,0.0,1649
3651,0.8651473534900025,0.006271342096144931,0.0002384185791015625,0.8631503110653154,1.0700372326885579,1.0,0.0,1650
3652,0.8652898644017901,0.006270395121093984,0.0002396106719970703,0.8631484225061351,1.07003970496479,1.0,0.0,1651
3653,0.8648073566492559,0.006269448860579443,0.0002346038818359375,0.8631465429442104,1.0700423987179706,1.0,0.0,1652
3654,0.865004817297404,0.006268503313631422,0.0002455711364746094,0.8631444085079523,1.0700450568689401,1.0,0.0,1653
3655,0.8644943701078884,0.006267558479281937,0.0002346038818359375,0.8631422759642373,1.0700477128922585,1.0,0.0,1654
3656,0.8641063512796017,0.006266614356564897,0.00023794174194335938,0.8631401455616559,1.070050504475895,1.0,0.0,1655
3657,0.8635970554552426,0.0062656709445161034,0.0002334117889404297,0.8631380170455303,1.0700532938132126,1.0,0.0,1656
3658,0.863088371481631,0.006264728242173242,0.00024771690368652344,0.8631358904130547,1.0700560809072979,0.0,0.0,1657
3659,0.8636409310848318,0.006263786248575883,0.0002346038818359375,0.8631338865730703,1.0700587658715697,1.0,0.0,1658
3660,0.8632044976050413,0.006262844962765469,0.00024390220642089844,0.8631318732715354,1.070061596419241,1.0,0.0,1659
3661,0.8634308786037397,0.006261904383785315,0.0002334117889404297,0.8631299688639706,1.0700643788793245,1.0,0.0,1660
3662,0.8637210715435377,0.0062609645106806045,0.00025081634521484375,0.8631280902874247,1.07006727946528,1.0,0.0,1661
3663,0.8639414980957187,0.006260025342498381,0.00023794174194335938,0.8631265177892155,1.0700699849448727,1.0,0.0,1662
3664,0.8642213780200471,0.0062590868782875465,0.00024271011352539062,0.8631246744494626,1.0700727070587133,1.0,0.0,1663
3665,0.8652456277000057,0.006258149117098855,0.0002567768096923828,0.8631227421652509,1.0700751208348078,1.0,0.0,1664
3666,0.8661435122044611,0.006257212057984907,0.0002429485321044922,0.8631206043995167,1.0700779932269417,1.0,0.0,1665
3667,0.8657603281625942,0.006256275700000148,0.00024080276489257812,0.8631183443277234,1.0700809763407617,1.0,0.0,1666
3668,0.8658237632077201,0.0062553400422008625,0.00024247169494628906,0.8631162653434987,1.0700841056677748,1.0,0.0,1667
3669,0.8656289408902649,0.006254405083645164,0.00024700164794921875,0.8631140965678421,1.0700874234862174,1.0,0.0,1668
3670,0.8652260470535977,0.006253470823393002,0.0002391338348388672,0.8631117638939465,1.0700911762750287,1.0,0.0,1669
3671,0.8648886942037349,0.006252537260506143,0.00023937225341796875,0.863109456907722,1.0700950899738229,1.0,0.0,1670
3672,0.8646947147568966,0.00625160439404818,0.0002410411834716797,0.8631071623128657,1.0700991328102492,1.0,0.0,1671
3673,0.8651613860096152,0.006250672223084518,0.00024771690368652344,0.8631049116355795,1.0701029643132585,1.0,0.0,1672
3674,0.8653826051812843,0.006249740746682371,0.00023937225341796875,0.8631026573629274,1.070106685809475,1.0,0.0,1673
3675,0.865657651351473,0.006248809963910761,0.00023865699768066406,0.863100467873467,1.070109924478668,1.0,0.0,1674
3676,0.8651531022748281,0.006247879873840512,0.00025153160095214844,0.8630982803034192,1.070113160518381,1.0,0.0,1675
3677,0.8656909918078179,0.006246950475544243,0.0002498626708984375,0.863096044506971,1.0701159853261446,1.0,0.0,1676
3678,0.8664913717871056,0.006246021768096366,0.00024366378784179688,0.8630938951522914,1.0701187616015586,1.0,0.0,1677
3679,0.8659872531993429,0.006245093750573083,0.00023865699768066406,0.8630917476780157,1.0701215356658216,1.0,0.0,1678
3680,0.8656582395227882,0.006244166422052375,0.00025391578674316406,0.8630896175238173,1.0701244951175266,1.0,0.0,1679
3681,0.8655101829026868,0.006243239781614004,0.00024080276489257812,0.8630875046377406,1.0701273254590316,1.0,0.0,1680
3682,0.8650075387798877,0.006242313828339508,0.00024127960205078125,0.8630853935957419,1.0701301535455467,1.0,0.0,1681
3683,0.8658226723435515,0.0062413885613121925,0.00024008750915527344,0.8630832388477052,1.0701325087199693,1.0,0.0,1682
3684,0.8657981275231357,0.006240463979617127,0.00024962425231933594,0.86308110652642,1.0701350345007827,1.0,0.0,1683
3685,0.8660245070998204,0.006239540082341148,0.0002384185791015625,0.8630788269970014,1.0701375339710877,1.0,0.0,1684
3686,0.8669941508175902,0.006238616868572841,0.0002467632293701172,0.8630766135717803,1.0701399828676779,1.0,0.0,1685
3687,0.8666360349007676,0.006237694337402546,0.00025010108947753906,0.8630744116624766,1.0701425419227852,1.0,0.0,1686
3688,0.8663250658134928,0.006236772487922357,0.0002453327178955078,0.863072227028768,1.070145203711013,1.0,0.0,1687
3689,0.8659631070376534,0.0062358513192261,0.000240325927734375,0.8630700492907067,1.0701481558156813,1.0,0.0,1688
3690,0.8657016510049291,0.006234930830409348,0.00023984909057617188,0.8630678262550694,1.07015131948883,1.0,0.0,1689
3691,0.8661382682983519,0.006234011020569407,0.00025463104248046875,0.8630653778093378,1.070154594562903,1.0,0.0,1690
3692,0.8658232648152234,0.006233091888805311,0.00024199485778808594,0.8630626544239804,1.0701579886739758,1.0,0.0,1691
3693,0.8656880686562,0.006232173434217824,0.00024199485778808594,0.8630599437167439,1.0701616661238111,1.0,0.0,1692
3694,0.8651888347370803,0.0062312556559094255,0.00024127960205078125,0.8630572353746903,1.0701653405769942,1.0,0.0,1693
3695,0.8646901875922416,0.006230338552984318,0.000247955322265625,0.8630545293943593,1.0701690120376786,1.0,0.0,1694
3696,0.8651466491793117,0.006229422124548414,0.0002524852752685547,0.8630517810952089,1.0701722399526095,1.0,0.0,1695
3697,0.8668108632516265,0.006228506369709334,0.0002429485321044922,0.863049216256228,1.0701739584427903,1.0,0.0,1696
3698,0.8667665277635639,0.0062275912875764065,0.0002570152282714844,0.8630466374872057,1.0701756984846964,1.0,0.0,1697
3699,0.8665661463742946,0.006226676877260656,0.0002455711364746094,0.8630440982326357,1.0701775929014234,1.0,0.0,1698
3700,0.8668946709904857,0.006225763137874805,0.00024318695068359375,0.8630418445596607,1.0701792203338658,1.0,0.0,1699
3701,0.8666100421323948,0.006224850068533267,0.0002434253692626953,0.8630395380346602,1.0701807078862593,1.0,0.0,1700
3702,0.8669073654646074,0.006223937668352144,0.00025534629821777344,0.8630372360653186,1.070182230961837,1.0,0.0,1701
3703,0.8667656514603199,0.00622302593644922,0.00024080276489257812,0.8630348492466632,1.0701834340335594,1.0,0.0,1702
3704,0.8665069781371015,0.006222114871943958,0.0002429485321044922,0.8630324165219417,1.0701848351693521,1.0,0.0,1703
3705,0.8664040301690299,0.006221204473957498,0.0002574920654296875,0.8630302468139122,1.0701858447510857,1.0,0.0,1704
3706,0.866031346291398,0.0062202947416126475,0.00025081634521484375,0.8630280798011816,1.0701869764258738,1.0,0.0,1705
3707,0.8656376438052255,0.006219385674033884,0.00024080276489257812,0.863025951692336,1.070188272840677,1.0,0.0,1706
3708,0.8665446607189624,0.0062184772703473435,0.00024628639221191406,0.8630237594154351,1.0701892336230987,1.0,0.0,1707
3709,0.8662707498521244,0.0062175695296808236,0.0002503395080566406,0.8630216047437201,1.0701903097066197,1.0,0.0,1708
3710,0.866023107996372,0.006216662451163775,0.00024271011352539062,0.8630197991197874,1.0701912595327194,1.0,0.0,1709
3711,0.865715247979327,0.006215756033927299,0.00024366378784179688,0.8630177917643306,1.0701924143596768,1.0,0.0,1710
3712,0.8652521535037548,0.00621485027710414,0.00024247169494628906,0.863015833537029,1.0701937853901407,1.0,0.0,1711
3713,0.8649017965650659,0.0062139451798286895,0.0002474784851074219,0.8630138754208526,1.0701952438110744,1.0,0.0,1712
3714,0.8652354353176709,0.0062130407412369715,0.0002472400665283203,0.8630120336995413,1.070196466103249,1.0,0.0,1713
3715,0.8647423641800701,0.006212136960466649,0.00024271011352539062,0.8630101935479157,1.0701976876009995,1.0,0.0,1714
3716,0.8642498656346427,0.006211233836657011,0.0002510547637939453,0.8630083549637269,1.070198908305195,1.0,0.0,1715
3717,0.86501860157131,0.006210331368948972,0.0002455711364746094,0.8630061693595469,1.0702004119854074,1.0,0.0,1716
3718,0.8646857582277137,0.006209429556485071,0.0002460479736328125,0.863004041806881,1.0702018926152694,1.0,0.0,1717
3719,0.8647248454877633,0.006208528398409464,0.0002434253692626953,0.8630017791401607,1.070203214308798,1.0,0.0,1718
3720,0.8648651921350912,0.0062076278938679175,0.00025200843811035156,0.8629993742380643,1.0702053177827087,1.0,0.0,1719
3721,0.8651079684065439,0.006206728042007813,0.00024390220642089844,0.8629969493772716,1.0702075480291358,1.0,0.0,1720
3722,0.865242818780784,0.006205828841978135,0.00031757354736328125,0.8629946586240556,1.0702090978606495,1.0,0.0,1721
3723,0.8650980229436995,0.006204930292929467,0.0002694129943847656,0.8629923744163811,1.0702106467382593,1.0,0.0,1722
3724,0.8649140441129772,0.006204032394013998,0.00025343894958496094,0.8629901129100248,1.0702124213677005,1.0,0.0,1723
3725,0.8645572416994179,0.006203135144385502,0.00024962425231933594,0.8629878634849313,1.0702143764607617,1.0,0.0,1724
3726,0.8642428834656471,0.00620223854319935,0.00025177001953125,0.8629856272247233,1.0702165051977492,1.0,0.0,1725
3727,0.8638342514678088,0.006201342589612496,0.00025916099548339844,0.8629833875040867,1.0702187489711812,1.0,0.0,1726
3728,0.8642419241896222,0.006200447282783478,0.00025010108947753906,0.8629811339497168,1.0702207053810944,1.0,0.0,1727
3729,0.8641896681257941,0.006199552621872411,0.0002467632293701172,0.8629787848638861,1.0702227816912762,1.0,0.0,1728
3730,0.863852447262408,0.006198658606040982,0.0002601146697998047,0.8629764416484644,1.0702250020067756,1.0,0.0,1729
3731,0.8641284756303672,0.006197765234452455,0.0002484321594238281,0.8629742047453047,1.070227168599392,1.0,0.0,1730
3732,0.864292281913436,0.006196872506271656,0.000247955322265625,0.862971947996417,1.0702292090801446,1.0,0.0,1731
3733,0.8640329390179149,0.006195980420664974,0.0002510547637939453,0.8629696914299384,1.0702313281575604,1.0,0.0,1732
3734,0.8639051501363304,0.006195088976800361,0.0002586841583251953,0.862967331636894,1.0702334966510596,1.0,0.0,1733
3735,0.8635716242133439,0.00619419817384732,0.0002493858337402344,0.8629649799729374,1.070235772636935,1.0,0.0,1734
3736,0.8634159098407703,0.006193308010976907,0.0002548694610595703,0.8629626461622792,1.070238141609895,1.0,0.0,1735
3737,0.865092005715668,0.006192418487361727,0.0002598762512207031,0.86296057785304,1.0702387442116663,1.0,0.0,1736
3738,0.8646051492091158,0.006191529602175929,0.0002574920654296875,0.8629585112902061,1.0702393465680793,1.0,0.0,1737
3739,0.86429676665316,0.006190641354595199,0.00024962425231933594,0.8629564621925304,1.0702400787316266,1.0,0.0,1738
3740,0.8640307720360697,0.006189753743796765,0.0003077983856201172,0.8629544271979995,1.0702409631508845,1.0,0.0,1739
3741,0.864242093102133,0.00618886676895938,0.0002636909484863281,0.8629522271652725,1.0702417716020265,1.0,0.0,1740
3742,0.8638345070366923,0.006187980429263333,0.0002543926239013672,0.8629500416140045,1.0702427785779247,1.0,0.0,1741
3743,0.8636203893762511,0.006187094723890438,0.00025153160095214844,0.8629478374011731,1.0702438814707318,1.0,0.0,1742
3744,0.8631359820471183,0.006186209652024023,0.0002617835998535156,0.862945635046267,1.0702449836869636,1.0,0.0,1743
3745,0.8632959710594595,0.0061853252128489435,0.0002522468566894531,0.8629433976283459,1.070246000602832,1.0,0.0,1744
3746,0.8629591014340259,0.006184441405551563,0.00024962425231933594,0.8629411862534311,1.0702471581544648,1.0,0.0,1745
3747,0.8626439104662726,0.006183558229319759,0.00025200843811035156,0.8629389708770111,1.070248333579367,0.0,0.0,1746
3748,0.8633184355846318,0.006182675683342911,0.00026988983154296875,0.8629368533472865,1.0702494079450362,1.0,0.0,1747
3749,0.8637037503701246,0.006181793766811906,0.0002498626708984375,0.8629348738905446,1.0702500771179637,1.0,0.0,1748
3750,0.8646935673625109,0.006180912478919132,0.00025463104248046875,0.8629329768910994,1.0702506458120589,1.0,0.0,1749
3751,0.8642104256801098,0.006180031818858467,0.0002608299255371094,0.8629310814772608,1.0702512142908602,1.0,0.0,1750
3752,0.8657947962194255,0.006179151785825286,0.0002524852752685547,0.8629291233608711,1.0702518925761746,1.0,0.0,1751
3753,0.8653117624196646,0.00617827237901645,0.0002541542053222656,0.8629271668816989,1.0702525705484127,1.0,0.0,1752
3754,0.8656272597378719,0.006177393597630309,0.00024890899658203125,0.8629254948353869,1.0702530300269124,1.0,0.0,1753
3755,0.8655371198816183,0.006176515440866688,0.0002655982971191406,0.8629238690768585,1.0702534339721765,1.0,0.0,1754
3756,0.8655759681842115,0.006175637907926896,0.0002536773681640625,0.8629224862681517,1.0702534121899845,1.0,0.0,1755
3757,0.865775185819732,0.0061747609980137156,0.00025153160095214844,0.8629209885179417,1.070253060050872,1.0,0.0,1756
3758,0.8655094051535662,0.006173884710331394,0.00026297569274902344,0.8629194935639376,1.0702529054738616,1.0,0.0,1757
3759,0.8663823060429577,0.006173009044085654,0.0002522468566894531,0.8629180611238335,1.070251839732188,1.0,0.0,1758
3760,0.8688160796059933,0.006172133998483677,0.00025010108947753906,0.8629164122235009,1.0702504238722788,1.0,0.0,1759
3761,0.8689252109287572,0.006171259572734106,0.0002532005310058594,0.8629148471782193,1.0702490661567003,1.0,0.0,1760
3762,0.8690677272106796,0.00617038576604704,0.0002663135528564453,0.8629132245040787,1.0702475477879227,1.0,0.0,1761
3763,0.8687908538505198,0.006169512577634032,0.00025653839111328125,0.8629117888424895,1.0702456723093385,1.0,0.0,1762
3764,0.868956849441658,0.006168640006708085,0.00025153160095214844,0.8629103240248769,1.0702436777651079,1.0,0.0,1763
3765,0.86928798248908,0.006167768052483647,0.00026988983154296875,0.8629089237652141,1.070241609613372,1.0,0.0,1764
3766,0.868989072975795,0.00616689671417661,0.0002551078796386719,0.8629075318811116,1.0702396925677915,1.0,0.0,1765
3767,0.869098947912242,0.006166025991004304,0.0002532005310058594,0.8629060947902835,1.0702376761074361,1.0,0.0,1766
3768,0.8693138865696195,0.006165155882185493,0.00025463104248046875,0.8629049285092796,1.0702353587742173,1.0,0.0,1767
3769,0.8694464121838104,0.00616428638694038,0.0002675056457519531,0.8629038588362014,1.0702329695770578,1.0,0.0,1768
3770,0.8691310281123015,0.006163417504490588,0.0002543926239013672,0.8629027811709079,1.0702306528077217,1.0,0.0,1769
3771,0.8693015001049271,0.006162549234059174,0.0002541542053222656,0.8629015197323412,1.0702286725056458,1.0,0.0,1770
3772,0.8691953447629615,0.00616168157487061,0.0002608299255371094,0.8629002587077281,1.0702268644912625,1.0,0.0,1771
3773,0.8688938194162895,0.006160814526150792,0.0002567768096923828,0.8628990056718728,1.0702252254519653,1.0,0.0,1772
3774,0.8687711732169247,0.006159948087127026,0.00025272369384765625,0.8628977641374774,1.070223711933148,1.0,0.0,1773
3775,0.8683282908906264,0.006159082257028037,0.0002548694610595703,0.8628963083311874,1.0702225853107903,1.0,0.0,1774
3776,0.8682146539712368,0.006158217035083953,0.0002639293670654297,0.8628948612134637,1.0702214990539054,1.0,0.0,1775
3777,0.8684181379752572,0.006157352420526305,0.00026297569274902344,0.8628933223306199,1.070220224041238,1.0,0.0,1776
3778,0.868022506723762,0.006156488412588035,0.0002639293670654297,0.8628917504475762,1.0702188633515657,1.0,0.0,1777
3779,0.8677999488094896,0.006155625010503475,0.0002658367156982422,0.8628903320577282,1.0702175698062275,1.0,0.0,1778
3780,0.8676729414462767,0.006154762213508356,0.0002543926239013672,0.8628892076489681,1.0702161476357415,1.0,0.0,1779
3781,0.8674811505149124,0.006153900020839799,0.0002522468566894531,0.8628881078650231,1.0702148629531543,1.0,0.0,1780
3782,0.8670409130887454,0.006153038431736314,0.0002529621124267578,0.8628867137421027,1.0702151514338742,1.0,0.0,1781
3783,0.8672993033845031,0.006152177445437798,0.0002677440643310547,0.8628853144852829,1.070215282820383,1.0,0.0,1782
3784,0.8673870695919846,0.006151317061185529,0.0002532005310058594,0.8628836657545434,1.0702154409507603,1.0,0.0,1783
3785,0.8676958821904792,0.006150457278222161,0.0002593994140625,0.8628822988476746,1.0702154178898835,1.0,0.0,1784
3786,0.8674758846945757,0.006149598095791728,0.0002627372741699219,0.862880946894683,1.0702153499612148,1.0,0.0,1785
3787,0.8677628835195259,0.006148739513139631,0.00025725364685058594,0.862879681350121,1.070215235758032,1.0,0.0,1786
3788,0.8674643654487986,0.006147881529512645,0.0002541542053222656,0.8628784425373809,1.0702153191186305,1.0,0.0,1787
3789,0.8673203821070713,0.0061470241441589045,0.0002560615539550781,0.8628770874442874,1.0702154374207138,1.0,0.0,1788
3790,0.8670136785731063,0.006146167356327913,0.0002579689025878906,0.8628757374969944,1.0702157201736844,1.0,0.0,1789
3791,0.868262132446249,0.0061453111652705296,0.00026297569274902344,0.8628744716291366,1.0702164535405083,1.0,0.0,1790
3792,0.8686168360005826,0.006144455570238969,0.0002639293670654297,0.8628733302518208,1.07021708565045,1.0,0.0,1791
3793,0.8686529897630099,0.006143600570486799,0.0002703666687011719,0.8628722618776183,1.0702175510441607,1.0,0.0,1792
3794,0.868420478940137,0.0061427461652689384,0.000255584716796875,0.8628708654571764,1.070218358352762,1.0,0.0,1793
3795,0.8684383874116184,0.006141892353841651,0.0002605915069580078,0.862869382339131,1.0702190871998642,1.0,0.0,1794
3796,0.8686873569070508,0.006141039135462543,0.0002644062042236328,0.8628677626274872,1.07021971007453,1.0,0.0,1795
3797,0.8686912584845939,0.006140186509390562,0.0002574920654296875,0.8628662630875774,1.0702202235279978,1.0,0.0,1796
3798,0.8682592139177261,0.006139334474885991,0.0002613067626953125,0.8628646471074128,1.0702210291808463,1.0,0.0,1797
3799,0.8685179860086832,0.0061384830312104476,0.0002570152282714844,0.8628630768144069,1.070221734765939,1.0,0.0,1798
3800,0.8682548029860547,0.006137632177626882,0.0002701282501220703,0.8628615078602462,1.0702225133183836,1.0,0.0,1799
3801,0.8654954921907404,0.006136781913399566,2.232090473175049,0.8817419680977983,1.0382843823809516,0.0,0.0,1800
3802,0.8650264871569642,0.006135932237794103,0.00047278404235839844,0.8817405102314103,1.0382841775033471,0.0,0.0,1801
3803,0.8648233173160231,0.006135083150077411,0.00033164024353027344,0.8817396659100382,1.0382844405124496,0.0,0.0,1802
3804,0.8650328599515718,0.006134234649517729,0.0002906322479248047,0.8817385998268854,1.0382847752758355,0.0,0.0,1803
3805,0.8648009941561069,0.006133386735384612,0.00027370452880859375,0.881737257741247,1.0382855202019474,0.0,0.0,1804
3806,0.8645565498417268,0.006132539406948925,0.0002887248992919922,0.881735924988342,1.0382864267175,0.0,0.0,1805
3807,0.8662201726720821,0.006131692663482843,0.00026988983154296875,0.8817344664550129,1.0382874007161362,0.0,0.0,1806
3808,0.8666537766281892,0.006130846504259846,0.0002682209014892578,0.8817329998013114,1.0382877987330084,0.0,0.0,1807
3809,0.8665158170162763,0.006130000928554716,0.0002727508544921875,0.881731666195202,1.038287736323385,0.0,0.0,1808
3810,0.8663443508401916,0.006129155935643533,0.00026226043701171875,0.8817300923982878,1.0382882026493443,0.0,0.0,1809
3811,0.8665577655717448,0.006128311524803681,0.0002589225769042969,0.8817283833944173,1.038288669429093,0.0,0.0,1810
3812,0.8678282441006439,0.006127467695313828,0.00028014183044433594,0.8817266074222786,1.0382883500186464,0.0,0.0,1811
3813,0.8693851126772039,0.006126624446453941,0.0002613067626953125,0.8817249130908149,1.0382883125867837,0.0,0.0,1812
3814,0.8692267775508926,0.006125781777505266,0.00026226043701171875,0.8817233762578909,1.0382879474498283,0.0,0.0,1813
3815,0.8691548900965275,0.006124939687750339,0.0002617835998535156,0.8817218563307582,1.038287613152943,0.0,0.0,1814
3816,0.8689928039587863,0.0061240981764729766,0.0002727508544921875,0.8817203510785839,1.0382874034221192,0.0,0.0,1815
3817,0.8687940518498882,0.006123257242958273,0.0002574920654296875,0.8817187196330357,1.0382878756680538,0.0,0.0,1816
3818,0.8683272608492711,0.0061224168864926,0.00026154518127441406,0.8817172265799254,1.0382878636044774,0.0,0.0,1817
3819,0.8681396706924464,0.006121577106363597,0.000270843505859375,0.8817157531059184,1.0382880058513448,0.0,0.0,1818
3820,0.8676737409550233,0.0061207379018601805,0.0002589225769042969,0.8817142808523264,1.0382881481743393,0.0,0.0,1819
3821,0.8678011488207025,0.0061198992722725255,0.0002593994140625,0.8817124943061998,1.0382876952645208,0.0,0.0,1820
3822,0.8694881676620603,0.006119061216892076,0.00027561187744140625,0.8817109268800181,1.0382855117197132,0.0,0.0,1821
3823,0.8690222062148812,0.006118223735011533,0.00026345252990722656,0.8817092242735456,1.038283812300221,0.0,0.0,1822
3824,0.8686646071746102,0.00611738682592486,0.0002593994140625,0.8817075277391271,1.0382822424201066,0.0,0.0,1823
3825,0.8698586325156122,0.006116550488927273,0.0002574920654296875,0.8817058054069616,1.0382806529224708,0.0,0.0,1824
3826,0.870081139784263,0.006115714723315236,0.0002675056457519531,0.8817041780524949,1.0382790623456915,0.0,0.0,1825
3827,0.8699096767388602,0.006114879528386469,0.0002617835998535156,0.881702264442541,1.0382775365627928,0.0,0.0,1826
3828,0.86944473047558,0.006114044903439933,0.0002567768096923828,0.8817003524118949,1.0382760122312482,0.0,0.0,1827
3829,0.8698228535766649,0.006113210847775836,0.0002732276916503906,0.8816984250984937,1.038274358411652,0.0,0.0,1828
3830,0.8698323174548692,0.0061123773606956205,0.0002617835998535156,0.8816964353968827,1.038272414969718,0.0,0.0,1829
3831,0.8696445867605453,0.006111544441501973,0.0002617835998535156,0.881694321068155,1.0382710559537767,0.0,0.0,1830
3832,0.8693742001787857,0.006110712089498811,0.0002579689025878906,0.8816920629594001,1.038269258114647,0.0,0.0,1831
3833,0.8695175117866851,0.006109880303991287,0.0002779960632324219,0.8816896596070394,1.038267813389063,0.0,0.0,1832
3834,0.869438748720511,0.006109049084285776,0.0002601146697998047,0.8816874353755907,1.038266405511481,0.0,0.0,1833
3835,0.8692153196469038,0.006108218429689885,0.0002627372741699219,0.8816852173528236,1.0382648454684722,0.0,0.0,1834
3836,0.8687527347605685,0.006107388339512443,0.0002741813659667969,0.8816828661212984,1.038263763916368,0.0,0.0,1835
3837,0.8683148038074836,0.006106558813063497,0.00026106834411621094,0.8816806766415892,1.038262215004511,0.0,0.0,1836
3838,0.8682845564321415,0.0061057298496543155,0.000270843505859375,0.8816787229382826,1.0382607171223943,0.0,0.0,1837
3839,0.8679716073389143,0.006104901448597378,0.00028228759765625,0.8816767056672536,1.03825961332112,0.0,0.0,1838
3840,0.8678721806282209,0.006104073609206379,0.0002636909484863281,0.8816747820197568,1.0382582651482368,0.0,0.0,1839
3841,0.8675483450083633,0.006103246330796218,0.00026488304138183594,0.8816729318519251,1.038257073891228,0.0,0.0,1840
3842,0.8673737876332009,0.006102419612683006,0.00026154518127441406,0.8816709518605602,1.0382561387203637,0.0,0.0,1841
3843,0.8669139524162306,0.006101593454184056,0.0002696514129638672,0.8816690374861267,1.0382551434282206,0.0,0.0,1842
3844,0.866509790498976,0.006100767854617878,0.0002624988555908203,0.8816670244175303,1.0382544516002268,0.0,0.0,1843
3845,0.8664793500897715,0.006099942813304187,0.00026226043701171875,0.8816651019793262,1.0382537882876264,0.0,0.0,1844
3846,0.8666531119832769,0.006099118329563886,0.0002760887145996094,0.8816627548590946,1.0382525422747786,0.0,0.0,1845
3847,0.8669991388357791,0.006098294402719077,0.000263214111328125,0.8816605148151947,1.0382508993104451,0.0,0.0,1846
3848,0.8665406664899604,0.006097471032093047,0.0002613067626953125,0.8816582766006492,1.0382492578796076,0.0,0.0,1847
3849,0.8662085414376444,0.006096648217010273,0.00026154518127441406,0.8816560556926976,1.0382477663974563,0.0,0.0,1848
3850,0.8660673428342494,0.006095825956796417,0.000263214111328125,0.8816538593180393,1.0382461143037955,0.0,0.0,1849
3851,0.8661014646846352,0.0060950042507783185,0.0002617835998535156,0.8816516731632053,1.0382443830935022,0.0,0.0,1850
3852,0.8659244262097201,0.006094183098283999,0.0002624988555908203,0.8816494930181186,1.0382429789728236,0.0,0.0,1851
3853,0.8654843167603242,0.00609336249864266,0.0002722740173339844,0.8816472513682041,1.0382420301293311,0.0,0.0,1852
3854,0.8650280950124521,0.006092542451184668,0.00026226043701171875,0.8816450115430107,1.03824108224942,0.0,0.0,1853
3855,0.8654984809379827,0.006091722955241567,0.0002613067626953125,0.8816426217430555,1.0382390875823069,0.0,0.0,1854
3856,0.8653683708451656,0.006090904010146069,0.0002722740173339844,0.8816404597595267,1.0382372357765923,0.0,0.0,1855
3857,0.8650171621872359,0.006090085615232047,0.0002627372741699219,0.8816382987141544,1.0382356061964282,0.0,0.0,1856
3858,0.8648763966245946,0.006089267769834541,0.00026226043701171875,0.881636084950966,1.0382341616483657,0.0,0.0,1857
3859,0.8644216800538478,0.006088450473289751,0.0002620220184326172,0.8816339361575593,1.0382326581702024,0.0,0.0,1858
3860,0.8645955066568518,0.006087633724935031,0.0002703666687011719,0.8816318058287496,1.0382311362637353,0.0,0.0,1859
3861,0.86414142747063,0.006086817524108894,0.00026416778564453125,0.8816296772273168,1.0382296157835185,0.0,0.0,1860
3862,0.8636878343667581,0.006086001870151006,0.00026035308837890625,0.881627550350926,1.0382280967274375,0.0,0.0,1861
3863,0.8639478506064046,0.006085186762402178,0.0002732276916503906,0.8816253913155049,1.0382266222493701,0.0,0.0,1862
3864,0.86349483147112,0.006084372200204373,0.0002601146697998047,0.8816232340279739,1.0382251491561005,0.0,0.0,1863
3865,0.8630422965130259,0.006083558182900695,0.0002658367156982422,0.8816210784859743,1.0382236774455746,0.0,0.0,1864
3866,0.8630612728781384,0.00608274470983539,0.0002703666687011719,0.8816189736118326,1.038222066479786,0.0,0.0,1865
3867,0.8628610880426449,0.006081931780353846,0.00026416778564453125,0.88161686865294,1.0382206258242739,0.0,0.0,1866
3868,0.8628578822553024,0.006081119393802586,0.0002636909484863281,0.8816147709824186,1.0382193354191134,0.0,0.0,1867
3869,0.8627098753512124,0.0060803075495292685,0.0002646446228027344,0.8816126318321013,1.038218273280264,0.0,0.0,1868
3870,0.8641027780564894,0.0060794962468826794,0.00027060508728027344,0.8816103670640534,1.0382168063838797,0.0,0.0,1869
3871,0.8644927770043493,0.00607868548521274,0.00026416778564453125,0.8816080861994804,1.0382145842653288,0.0,0.0,1870
3872,0.8641327404306348,0.006077875263870492,0.0002627372741699219,0.8816058234686003,1.0382125630695873,0.0,0.0,1871
3873,0.8642906796332518,0.006077065582208106,0.0002751350402832031,0.8816034518556108,1.0382104872490499,0.0,0.0,1872
3874,0.8640581400761099,0.0060762564395788685,0.00026702880859375,0.8816011027437305,1.0382086113970843,0.0,0.0,1873
3875,0.8637311748310329,0.00607544783533719,0.00026297569274902344,0.8815987341464085,1.0382067756550155,0.0,0.0,1874
3876,0.8634933975096405,0.006074639768838593,0.0002624988555908203,0.8815963741660042,1.0382051150462916,0.0,0.0,1875
3877,0.8650290191300094,0.006073832239439719,0.00027489662170410156,0.8815940630886367,1.0382025227220684,0.0,0.0,1876
3878,0.8648017480570538,0.006073025246498316,0.0002617835998535156,0.8815917661312372,1.0382000416292374,0.0,0.0,1877
3879,0.8644651154614773,0.006072218789373242,0.0002655982971191406,0.8815896383261677,1.0381979735108977,0.0,0.0,1878
3880,0.8640695377117826,0.00607141286742446,0.0002770423889160156,0.8815875299997572,1.0381960734421232,0.0,0.0,1879
3881,0.8642928200511277,0.006070607480013043,0.0002651214599609375,0.8815854162314829,1.038194168446153,0.0,0.0,1880
3882,0.8642430022168859,0.006069802626501156,0.0002651214599609375,0.8815833074761177,1.0381924388778163,0.0,0.0,1881
3883,0.8640012801493941,0.006068998306252068,0.00027632713317871094,0.8815811501282971,1.038190873606299,0.0,0.0,1882
3884,0.8636723117768386,0.006068194518630146,0.0002658367156982422,0.8815790655471415,1.0381894312476267,0.0,0.0,1883
3885,0.8638445773914007,0.006067391263000844,0.0002684593200683594,0.8815771302015349,1.03818803560176,0.0,0.0,1884
3886,0.8636517291105238,0.0060665885387307175,0.00026726722717285156,0.8815750563276998,1.0381870370765762,0.0,0.0,1885
3887,0.863310320246995,0.0060657863451874005,0.00027823448181152344,0.8815729778591529,1.0381862101986823,0.0,0.0,1886
3888,0.8642374064762329,0.0060649846817396194,0.0002644062042236328,0.8815709042833803,1.0381854413013636,0.0,0.0,1887
3889,0.8641117138093218,0.006064183547757184,0.000270843505859375,0.8815688974862698,1.038184555231941,0.0,0.0,1888
3890,0.86406154565759,0.006063382942610984,0.00027942657470703125,0.8815668822610263,1.0381834524226787,0.0,0.0,1889
3891,0.863793685410295,0.006062582865672991,0.00026798248291015625,0.8815649569729425,1.038182378286738,0.0,0.0,1890
3892,0.8635163817347549,0.0060617833163162495,0.0002646446228027344,0.8815630469527614,1.0381814805959018,0.0,0.0,1891
3893,0.863085847554295,0.006060984293914882,0.0002815723419189453,0.881561079474009,1.0381806994983123,0.0,0.0,1892
3894,0.8626401291188516,0.00606018579784408,0.00026345252990722656,0.8815591135625164,1.0381799192102863,0.0,0.0,1893
3895,0.8621948870359027,0.006059387827480107,0.0002701282501220703,0.8815572105994943,1.0381790811385172,0.0,0.0,1894
3896,0.8617501058212704,0.006058590382200292,0.00026488304138183594,0.8815552478158122,1.0381783024656794,0.0,0.0,1895
3897,0.8615800071038906,0.0060577934613830296,0.00027632713317871094,0.881553288441896,1.038177643677665,0.0,0.0,1896
3898,0.8611360265813022,0.006056997064407777,0.0002677440643310547,0.8815515572338327,1.0381768508965714,0.0,0.0,1897
3899,0.8610840347608739,0.006056201190655049,0.0002684593200683594,0.8815498243793417,1.0381760995167915,0.0,0.0,1898
3900,0.8614561168191117,0.006055405839506421,0.00027441978454589844,0.8815478076923817,1.0381744469651595,0.0,0.0,1899
3901,0.8610284443362727,0.006054611010344521,0.0002682209014892578,0.881545781577658,1.0381728535092174,0.0,0.0,1900
3902,0.8607894453927333,0.006053816702553034,0.00026535987854003906,0.8815437750972859,1.0381713759636018,0.0,0.0,1901
3903,0.860794057110116,0.006053022915516692,0.0002791881561279297,0.8815413743994569,1.0381699042489594,0.0,0.0,1902
3904,0.8606458813898559,0.006052229648621275,0.0002677440643310547,0.8815389855465867,1.0381685427317797,0.0,0.0,1903
3905,0.8608835895054677,0.006051436901253612,0.00026917457580566406,0.8815366658165044,1.0381672380600162,0.0,0.0,1904
3906,0.8611999144028386,0.006050644672801573,0.00026726722717285156,0.8815344493172365,1.0381659237028267,0.0,0.0,1905
3907,0.8616379114128477,0.006049852962654068,0.0002818107604980469,0.8815321729404232,1.038165011467421,0.0,0.0,1906
3908,0.8615101510374666,0.00604906177020105,0.00026726722717285156,0.8815297940480064,1.0381634649273568,0.0,0.0,1907
3909,0.8610684335046576,0.006048271094833505,0.0002684593200683594,0.8815274170365422,1.038161919794879,0.0,0.0,1908
3910,0.8609272131165498,0.0060474809359434565,0.0002810955047607422,0.8815250604025522,1.0381605718762748,0.0,0.0,1909
3911,0.8607143568693415,0.006046691292923958,0.0002741813659667969,0.8815227313603153,1.0381590768493805,0.0,0.0,1910
3912,0.8607864482032263,0.006045902165169092,0.00026917457580566406,0.8815204985593517,1.0381575931239804,0.0,0.0,1911
3913,0.8607077307576663,0.0060451135520739685,0.0002827644348144531,0.8815182694762824,1.0381559659897257,0.0,0.0,1912
3914,0.8604752173446405,0.006044325453034726,0.00027108192443847656,0.8815159058948027,1.038154429930523,0.0,0.0,1913
3915,0.860331781521483,0.006043537867448522,0.0002696514129638672,0.8815135521492514,1.0381530163992265,0.0,0.0,1914
3916,0.8606565498643277,0.006042750794713537,0.0002689361572265625,0.8815111833136019,1.0381516692749964,0.0,0.0,1915
3917,0.8607728994713663,0.006041964234228968,0.00027632713317871094,0.8815089183410584,1.0381501786512992,0.0,0.0,1916
3918,0.860854782113751,0.006041178185395029,0.0002689361572265625,0.8815066446109211,1.038148584100123,0.0,0.0,1917
3919,0.8609959252894693,0.006040392647612949,0.00027108192443847656,0.8815044572235172,1.0381468899334525,0.0,0.0,1918
3920,0.8607348791918021,0.006039607620284968,0.00027823448181152344,0.8815022889466911,1.0381453430374115,0.0,0.0,1919
3921,0.8611997919103889,0.006038823102814334,0.0002715587615966797,0.8815001190173112,1.0381438692207945,0.0,0.0,1920
3922,0.8612233247758586,0.006038039094605305,0.00027060508728027344,0.8814981848455636,1.0381423077433864,0.0,0.0,1921
3923,0.8609931007950113,0.0060372555950631394,0.00028395652770996094,0.8814962767561039,1.0381409112744213,0.0,0.0,1922
3924,0.8616748182781464,0.006036472603594102,0.00026988983154296875,0.8814943145609978,1.03813902923511,0.0,0.0,1923
3925,0.861540115057459,0.006035690119605458,0.00026917457580566406,0.881492346299429,1.0381372818138381,0.0,0.0,1924
3926,0.8611327104632626,0.006034908142505471,0.0002796649932861328,0.8814903701928742,1.0381357331461387,0.0,0.0,1925
3927,0.8607447337434186,0.0060341266717033985,0.0002713203430175781,0.8814883441798906,1.038134535581363,0.0,0.0,1926
3928,0.8603074552406269,0.006033345706609493,0.0002703666687011719,0.8814863197524718,1.0381333391379903,0.0,0.0,1927
3929,0.860179785863107,0.006032565246635001,0.0002727508544921875,0.8814841569337275,1.0381321984276404,0.0,0.0,1928
3930,0.8599323977819036,0.006031785291192154,0.0002846717834472656,0.8814819956807214,1.0381312113632604,0.0,0.0,1929
3931,0.8599981898024998,0.006031005839694176,0.0002732276916503906,0.8814799409455603,1.0381301524586581,0.0,0.0,1930
3932,0.8595622046165625,0.006030226891555273,0.00027370452880859375,0.8814778878151617,1.038129094564851,0.0,0.0,1931
3933,0.8591266698081873,0.006029448446190634,0.0002868175506591797,0.8814758362874359,1.03812803768035,0.0,0.0,1932
3934,0.858863402138393,0.0060286705030164305,0.00027489662170410156,0.8814737955163932,1.038126978281584,0.0,0.0,1933
3935,0.8584287919904477,0.006027893061449811,0.00027251243591308594,0.8814717563366956,1.0381259198924255,0.0,0.0,1934
3936,0.8585355072924379,0.0060271161209089034,0.00028228759765625,0.8814696496584413,1.0381248268656162,0.0,0.0,1935
3937,0.8584344395096473,0.006026339680812807,0.00027251243591308594,0.8814675351022813,1.0381238863154996,0.0,0.0,1936
3938,0.8582823512077111,0.0060255637405815955,0.00027251243591308594,0.8814654252375601,1.0381230338140361,0.0,0.0,1937
3939,0.8579315916412427,0.006024788299636311,0.00028514862060546875,0.8814633175637837,1.0381219788360398,0.0,0.0,1938
3940,0.8576900001660202,0.006024013357398966,0.000274658203125,0.881461220901999,1.0381210770692704,0.0,0.0,1939
3941,0.8577266336879055,0.006023238913292537,0.0002722740173339844,0.8814593636999791,1.0381201659286807,0.0,0.0,1940
3942,0.8575533613818085,0.006022464966740965,0.00027370452880859375,0.8814575145049335,1.038119372437812,0.0,0.0,1941
3943,0.8573087550768792,0.006021691517169152,0.00028395652770996094,0.8814556231045171,1.0381183662201428,0.0,0.0,1942
3944,0.8575558536715457,0.0060209185640029625,0.0002720355987548828,0.8814537780696043,1.0381168686303353,0.0,0.0,1943
3945,0.8573394671304488,0.0060201461066692165,0.00027370452880859375,0.8814519082008329,1.0381155367216546,0.0,0.0,1944
3946,0.8570486975671068,0.006019374144595687,0.0002837181091308594,0.8814499750035,1.0381140809193818,0.0,0.0,1945
3947,0.8570240910784721,0.006018602677211107,0.00027632713317871094,0.8814480585071769,1.0381127210578966,0.0,0.0,1946
3948,0.8567137264593317,0.0060178317039451526,0.0002739429473876953,0.8814461077764285,1.038111670161481,0.0,0.0,1947
3949,0.8572527858716569,0.006017061224228455,0.000286102294921875,0.8814441708042463,1.0381094560552802,0.0,0.0,1948
3950,0.8574454245634733,0.0060162912374925916,0.0002753734588623047,0.8814423181898766,1.0381070246984663,0.0,0.0,1949
3951,0.8578110563610688,0.006015521743170085,0.0002727508544921875,0.8814404059855605,1.0381045066630548,0.0,0.0,1950
3952,0.8577022147426498,0.006014752740694398,0.0002727508544921875,0.8814385310174454,1.038102014386916,0.0,0.0,1951
3953,0.8573796626789871,0.006013984229499937,0.00027823448181152344,0.88143665595693,1.03809973585869,0.0,0.0,1952
3954,0.8575371662322131,0.006013216209022049,0.0002760887145996094,0.8814347335220303,1.0380975337050604,0.0,0.0,1953
3955,0.8575291114625532,0.006012448678697014,0.0002841949462890625,0.881432808185868,1.038095549884799,0.0,0.0,1954
3956,0.8572754612081334,0.006011681637962049,0.0002868175506591797,0.88143089864493,1.0380937344374308,0.0,0.0,1955
3957,0.856923059788984,0.006010915086255302,0.0002815723419189453,0.8814289954916813,1.0380920829489282,0.0,0.0,1956
3958,0.8578788626056756,0.0060101490230158585,0.0002772808074951172,0.8814269327058348,1.0380900241722861,0.0,0.0,1957
3959,0.857624846897152,0.006009383447683723,0.0002884864807128906,0.8814247703219997,1.0380880935928092,0.0,0.0,1958
3960,0.8573833269314206,0.006008618359699835,0.0002772808074951172,0.8814226213597779,1.0380862715023431,0.0,0.0,1959
3961,0.8581476263105079,0.0060078537585060545,0.00027561187744140625,0.8814203432763144,1.0380843550709835,0.0,0.0,1960
3962,0.8577969047319455,0.006007089643545165,0.00028252601623535156,0.881417865568214,1.0380827621504234,0.0,0.0,1961
3963,0.8575042029987252,0.006006326014260871,0.00027370452880859375,0.8814153120193731,1.0380813121025698,0.0,0.0,1962
3964,0.8577241173290743,0.0060055628700977975,0.0002701282501220703,0.8814128450016401,1.0380799613027936,0.0,0.0,1963
3965,0.8577776246705152,0.0060048002105014845,0.00028896331787109375,0.8814106294224295,1.0380785215599233,0.0,0.0,1964
3966,0.8589058901464454,0.0060040380349183865,0.0002741813659667969,0.8814083316327371,1.0380769881903975,0.0,0.0,1965
3967,0.858736032629417,0.0060032763427958725,0.0002751350402832031,0.8814059663832697,1.0380754964719228,0.0,0.0,1966
3968,0.8591533444830572,0.006002515133582222,0.00027108192443847656,0.8814034730017363,1.038073803955689,0.0,0.0,1967
3969,0.8600649380393105,0.006001754406726623,0.0002892017364501953,0.8814009379340345,1.0380722932929478,0.0,0.0,1968
3970,0.8599362205593032,0.006000994161679171,0.0002734661102294922,0.8813984052701427,1.038070916489199,0.0,0.0,1969
3971,0.8596894669795679,0.006000234397890867,0.0002760887145996094,0.8813958898108498,1.038069784626604,0.0,0.0,1970
3972,0.859811456704379,0.0059994751148136115,0.00028824806213378906,0.8813935694109193,1.0380685494647697,0.0,0.0,1971
3973,0.8593841005290487,0.005998716311900213,0.0002760887145996094,0.8813912507861815,1.0380673154257027,0.0,0.0,1972
3974,0.8598821102403469,0.0059979579886043745,0.00027441978454589844,0.8813887738301807,1.0380665021005102,0.0,0.0,1973
3975,0.8594552665035545,0.005997200144380696,0.00029540061950683594,0.8813862987675052,1.0380656895731126,0.0,0.0,1974
3976,0.859402962921004,0.005996442778684674,0.0002734661102294922,0.881383845765201,1.0380650364059527,0.0,0.0,1975
3977,0.8602309674767097,0.005995685890972701,0.0002753734588623047,0.8813813808031463,1.0380644578883245,0.0,0.0,1976
3978,0.8602532668797109,0.005994929480702056,0.00029206275939941406,0.8813788972470984,1.038063538709739,0.0,0.0,1977
3979,0.8601540096455428,0.005994173547330911,0.0002799034118652344,0.8813765164439852,1.0380629511452906,0.0,0.0,1978
3980,0.8600214730693172,0.005993418090318328,0.0002739429473876953,0.8813740168614492,1.0380623248235106,0.0,0.0,1979
3981,0.860215882762679,0.005992663109124247,0.00027561187744140625,0.8813715413772977,1.0380615651350424,0.0,0.0,1980
3982,0.8599840447870669,0.0059919086032094995,0.0002753734588623047,0.8813689672548932,1.038061132038822,0.0,0.0,1981
3983,0.8602247121845802,0.0059911545720357975,0.0002758502960205078,0.8813663547539045,1.0380607966392292,0.0,0.0,1982
3984,0.8620129065455008,0.005990401015065731,0.00027251243591308594,0.8813639135410577,1.0380610674238029,0.0,0.0,1983
3985,0.8615871793369226,0.0059896479317627675,0.0002911090850830078,0.8813614741848377,1.038061338172381,0.0,0.0,1984
3986,0.862595420398689,0.0059888953215912555,0.00027680397033691406,0.8813590768979196,1.0380614067159117,0.0,0.0,1985
3987,0.8629496246788987,0.0059881431840164145,0.0002799034118652344,0.8813567260252233,1.0380613633069458,0.0,0.0,1986
3988,0.8630870597484082,0.0059873915185043374,0.00028586387634277344,0.8813545707709471,1.0380618128107322,0.0,0.0,1987
3989,0.8626618942770358,0.005986640324521987,0.00027942657470703125,0.8813525410758484,1.0380624522182094,0.0,0.0,1988
3990,0.863537069450122,0.005985889601537196,0.0002739429473876953,0.8813504597077181,1.0380628870268356,0.0,0.0,1989
3991,0.8634184895464108,0.005985139349018668,0.000286102294921875,0.8813485079824518,1.0380636626868442,0.0,0.0,1990
3992,0.8633258074562393,0.005984389566435964,0.0002779960632324219,0.8813464408650611,1.038064307061147,0.0,0.0,1991
3993,0.8652893179258528,0.0059836402532595125,0.00027561187744140625,0.8813443614968078,1.0380642062120713,0.0,0.0,1992
3994,0.8650825752746181,0.005982891408960606,0.0002868175506591797,0.8813423189764048,1.0380642475086148,0.0,0.0,1993
3995,0.8656140955287435,0.005982143033011394,0.00027823448181152344,0.8813402699816448,1.0380640604106661,0.0,0.0,1994
3996,0.8653156683516204,0.0059813951248848815,0.00027441978454589844,0.8813381056800003,1.0380638604047352,0.0,0.0,1995
3997,0.8659389045454097,0.005980647684054936,0.00027751922607421875,0.8813358843909913,1.0380634714101067,0.0,0.0,1996
3998,0.8665072511206418,0.005979900709996273,0.00028777122497558594,0.8813337473587524,1.0380631801822948,0.0,0.0,1997
3999,0.867136918085623,0.005979154202184465,0.00027823448181152344,0.881331486023185,1.0380627389145238,0.0,0.0,1998
4000,0.8667121319582799,0.0059784081600959315,0.00028014183044433594,0.881329103490214,1.0380621096277705,0.0,0.0,1999
4001,0.8651735567691373,0.005977662583207944,2.917832612991333,0.8794544999521906,1.0489388625105487,0.0,0.0,2000
4002,0.5856210755146457,0.02006220914929266,0.00017595291137695312,0.9803838951961741,1.0122448436231204,0.0,0.0,0
4003,0.5963046335517848,0.019168293127388172,7.462501525878906e-05,0.9738588658849306,1.006056470843336,0.0,0.0,1
4004,0.6451568708612945,0.018443644588537932,4.863739013671875e-05,0.9714676755307206,1.0069401992546012,0.0,0.0,2
4005,0.6657675611836429,0.017838106725040815,3.9577484130859375e-05,0.9697258676523481,1.0048676233527818,0.0,0.0,3
4006,0.6214873850784436,0.017320508075688773,3.6716461181640625e-05,0.9701754788170445,1.0016697190210655,0.0,0.0,4
4007,0.052982241932127264,0.016870239755710472,0.02574634552001953,1.1033352134667718,0.9950975619522913,0.0,0.0,5
4008,0.05571969576948278,0.016473014603283372,8.606910705566406e-05,1.1065895611619336,1.0002553960703038,0.0,0.0,6
4009,0.1277926087162774,0.01611854897735313,4.506111145019531e-05,1.106564242156572,1.001165153027251,0.0,0.0,7
4010,0.255597827464089,0.015799211635437797,3.838539123535156e-05,1.1075022405583583,1.0019842133299515,0.0,0.0,8
4011,0.4226449350702558,0.015509194618715118,4.458427429199219e-05,1.1049441974074867,1.0022497905518872,0.0,0.0,9
4012,0.4230159021146896,0.015243982444638442,3.361701965332031e-05,1.1027280709959575,1.0030334654345523,0.0,0.0,10
4013,0.5243584032588529,0.015,3.743171691894531e-05,1.101386124544896,1.0027482204749634,0.0,0.0,11
4014,0.6094133802310118,0.01477437181516357,3.600120544433594e-05,1.0991486969088455,1.001559960097511,0.0,0.0,12
4015,0.5963202377451459,0.014564753151219703,3.5762786865234375e-05,1.0996193163467964,1.0029446556500292,0.0,0.0,13
4016,0.6004558373898095,0.01436920876330724,3.314018249511719e-05,1.0982274275039723,1.0035002978933654,0.0,0.0,14
4017,0.6544963795999601,0.014186124135047638,3.1948089599609375e-05,1.0968366492985782,1.003489206895391,0.0,0.0,15
4018,0.6861706927005757,0.014014139331846002,3.457069396972656e-05,1.0955556855341368,1.0034983861376185,0.0,0.0,16
4019,0.7648201918431216,0.013852098928323078,3.218650817871094e-05,1.0941699510208398,1.0031990442187806,0.0,0.0,17
4020,0.8255385605320952,0.013699013564901937,3.3855438232421875e-05,1.0924796371182415,1.0025099376158833,0.0,0.0,18
4021,0.8682997887426194,0.013554030054147672,3.552436828613281e-05,1.0912588295973324,1.0027731270417304,0.0,0.0,19
4022,0.8857400166705263,0.013416407864998738,3.62396240234375e-05,1.0900252812609434,1.0030110724423629,0.0,0.0,20
4023,0.8836869191604121,0.013285500428074422,4.673004150390625e-05,1.0888659681725261,1.003081469784059,0.0,0.0,21
4024,0.8496115834809208,0.013160740129524924,3.552436828613281e-05,1.0877747152761195,1.0032683754473937,0.0,0.0,22
4025,0.905653183387298,0.013041626158349742,3.4332275390625e-05,1.0867439024335517,1.0031703064511681,0.0,0.0,23
4026,0.9251406499900486,0.01292771458376718,3.314018249511719e-05,1.0854196257632047,1.002415141296754,0.0,0.0,24
4027,0.2983711120833583,0.012818610191887021,0.46396708488464355,2.0230915016101956,2.437351045612525,0.0,0.0,25
4028,0.6752359882394408,0.012713959722450648,9.751319885253906e-05,2.022646990698244,2.4368723526003624,0.0,0.0,26
4029,0.6640867157691913,0.01261344622880572,5.078315734863281e-05,2.0228207695388716,2.4376181191032473,0.0,0.0,27
4030,0.7576367953989902,0.012516784345834519,4.172325134277344e-05,2.022039586914737,2.4372480158440455,0.0,0.0,28
4031,0.7396061460490209,0.01242371629699656,3.743171691894531e-05,2.0220226859630865,2.437487438730459,0.0,0.0,29
4032,0.7529287478581086,0.01233400850701559,3.600120544433594e-05,2.0215463431167717,2.437150254303916,0.0,0.0,30
4033,1.014813347913331,0.012247448713915891,3.647804260253906e-05,2.021156397144567,2.4370991032071476,0.0,0.0,31
4034,1.631669039313199,0.012163843495163093,3.4809112548828125e-05,2.020204615952049,2.4359206033124705,0.0,0.0,32
4035,1.5911187574244783,0.012083016139097319,3.4809112548828125e-05,2.019124071113899,2.434462365368144,0.0,0.0,33
4036,1.5529639787114382,0.012004804805767497,3.4809112548828125e-05,2.0183108507845957,2.433929406507453,0.0,0.0,34
4037,1.5167094419340212,0.01192906093150576,3.266334533691406e-05,2.017401291236134,2.4327208320075426,0.0,0.0,35
4038,1.5892201929927101,0.011855647839732142,3.337860107421875e-05,2.01654491092102,2.4320988709878795,0.0,0.0,36
4039,1.5536580561762672,0.011784439527015389,3.266334533691406e-05,2.0156580137766498,2.431346667646011,0.0,0.0,37
4040,1.5198511706632227,0.011715319598685483,3.266334533691406e-05,2.014845753138738,2.430346676892101,0.0,0.0,38
4041,1.4874519668983484,0.011648180332566697,3.1948089599609375e-05,2.0140207998462767,2.429656810988754,0.0,0.0,39
4042,1.4565682561559867,0.011582921852882691,3.409385681152344e-05,2.013314730933784,2.4291960839845372,0.0,0.0,40
4043,1.476877123735603,0.011519451399238049,3.4332275390625e-05,2.0125322565321624,2.428547708092199,0.0,0.0,41
4044,1.447560250123894,0.0114576826779286,3.457069396972656e-05,2.0118126817764423,2.427643281248543,0.0,0.0,42
4045,1.4681246853328613,0.011397535284773887,3.600120544433594e-05,2.010970944210302,2.427041555342038,0.0,0.0,43
4046,1.5041233501800262,0.011338934190276815,3.719329833984375e-05,2.0101105507586126,2.426781469294811,0.0,0.0,44
4047,1.475530276121707,0.01128180927925918,3.719329833984375e-05,2.009156633559723,2.426255476906074,0.0,0.0,45
4048,1.4480494221092772,0.011226094938246375,3.409385681152344e-05,2.0082642826018486,2.4255008855568,0.0,0.0,46
4049,1.6812833791856452,0.011171729684819472,3.552436828613281e-05,2.0071229271542905,2.4250293825451985,0.0,0.0,47
4050,1.9606723930529735,0.01111865583394954,3.3855438232421875e-05,2.005647000442744,2.4241389108658353,0.0,0.0,48
4051,1.9262151424066898,0.011066819197003216,3.600120544433594e-05,2.004303989187544,2.4231750697981225,0.0,0.0,49
4052,0.5320602094841838,0.011016168809680775,0.12678813934326172,1.0761072687670774,1.3437444186594,0.0,0.0,50
4053,0.5578300388044029,0.01096665668563537,0.00010371208190917969,1.076367221468981,1.3434929463159913,0.0,0.0,51
4054,0.6455466207625099,0.01091823759293843,5.125999450683594e-05,1.0763098868271335,1.343602084170997,0.0,0.0,52
4055,0.635221938198755,0.01087086885091299,4.482269287109375e-05,1.0763720740401843,1.3436351655971757,0.0,0.0,53
4056,0.6443081626777996,0.010824510145163219,4.1484832763671875e-05,1.0764609175719733,1.34363340573801,0.0,0.0,54
4057,0.634352613527607,0.010779123358892527,3.933906555175781e-05,1.076501023038702,1.34365946244086,0.0,0.0,55
4058,0.631394138315687,0.010734672418830787,3.7670135498046875e-05,1.0765482631209837,1.343671001925757,0.0,0.0,56
4059,0.6739819941539196,0.010691123154288863,4.0531158447265625e-05,1.0765433085063745,1.343722214591991,0.0,0.0,57
4060,0.6998354885559557,0.01064844316803016,4.076957702636719e-05,1.076564173023162,1.3433963605451549,0.0,0.0,58
4061,0.6894428681561583,0.010606601717798212,3.8623809814453125e-05,1.0764593831130147,1.342981556160961,0.0,0.0,59
4062,0.7156953984034917,0.010565569607469709,3.790855407714844e-05,1.0764050075399907,1.3425944574563635,0.0,0.0,60
4063,0.705320300188522,0.010525319086916056,4.887580871582031e-05,1.0763741694907478,1.3424166985663308,0.0,0.0,61
4064,0.6963596174040928,0.010485823759756537,3.719329833984375e-05,1.0763249640725112,1.342037743133611,0.0,0.0,62
4065,0.695445191510377,0.010447058498273562,3.790855407714844e-05,1.0762053814711858,1.3415686028194,0.0,0.0,63
4066,0.756935880443401,0.01040899936483773,3.743171691894531e-05,1.0760856738394065,1.3412200233671525,0.0,0.0,64
4067,0.7465166309582251,0.01037162353925823,3.647804260253906e-05,1.0759629686195307,1.3406869048657688,0.0,0.0,65
4068,0.7363866081516354,0.01033490925153418,3.9577484130859375e-05,1.075848467617143,1.3403533957019838,0.0,0.0,66
4069,0.7486086326428494,0.010298835719535588,3.7670135498046875e-05,1.075767448020379,1.3398748053253484,0.0,0.0,67
4070,0.7622105635884323,0.010263383091189644,4.029273986816406e-05,1.0756493435681707,1.3393397468673687,0.0,0.0,68
4071,0.7729512967030554,0.01022853239078986,3.9577484130859375e-05,1.0755184057706095,1.3385983353819901,0.0,0.0,69
4072,0.7625236350711139,0.010194265469082734,3.8623809814453125e-05,1.0753984734899464,1.3380215445325019,0.0,0.0,70
4073,0.7629411813069609,0.010160564956819714,3.886222839355469e-05,1.0752916801461359,1.3373873969633334,0.0,0.0,71
4074,0.7631325457320562,0.01012741422149179,3.790855407714844e-05,1.0752206040245462,1.336759488178176,0.0,0.0,72
4075,0.769759041886249,0.010094797326990453,3.886222839355469e-05,1.0751441442352778,1.3360214993051789,0.0,0.0,73
4076,0.8305445872998005,0.010062698995962372,3.9577484130859375e-05,1.0749884784005155,1.3354389386856007,0.0,0.0,74
4077,0.8201048144231515,0.01003110457464633,3.8623809814453125e-05,1.0748702861468507,1.334828901695971,0.0,0.0,75
4078,0.8596932773322001,0.009999999999999998,3.933906555175781e-05,1.0746233870238477,1.334187818878583,0.0,0.0,76
4079,0.8707716210615848,0.009969371768941205,3.9577484130859375e-05,1.0743338885793816,1.333419282924661,0.0,0.0,77
4080,0.8602286744680596,0.009939206909543705,3.910064697265625e-05,1.0740272490545408,1.3328085350791559,0.0,0.0,78
4081,0.8525218670839575,0.009909492954041421,3.8623809814453125e-05,1.0737449480710646,1.3320651343909282,0.0,0.0,79
4082,0.8474800923571901,0.009880217913507539,4.9114227294921875e-05,1.073442175642317,1.3314759544266088,0.0,0.0,80
4083,0.8769848490843299,0.009851370254086207,4.100799560546875e-05,1.0730767262857268,1.3308571459077083,0.0,0.0,81
4084,0.8747649179420819,0.009822938874664828,3.8623809814453125e-05,1.0727253828661683,1.3302651222445954,0.0,0.0,82
4085,0.8648108880662035,0.009794913085884158,3.9577484130859375e-05,1.072350332144808,1.32971584831315,0.0,0.0,83
4086,0.8665312285598737,0.009767282590391885,3.886222839355469e-05,1.071969073121479,1.329049302803997,0.0,0.0,84
4087,0.8594058893598547,0.009740037464252966,3.910064697265625e-05,1.0715774028589444,1.328546444822095,0.0,0.0,85
4088,0.8500012615625008,0.009713168139436928,3.933906555175781e-05,1.071220627733576,1.3280211793209153,0.0,0.0,86
4089,0.8503633131891222,0.00968666538730866,3.9577484130859375e-05,1.0708457863005731,1.3273765056585276,0.0,0.0,87
4090,0.8434936213071824,0.009660520303055021,4.00543212890625e-05,1.070458462765853,1.3268853271036283,0.0,0.0,88
4091,0.854694172350905,0.009634724290984739,3.910064697265625e-05,1.0700975228404572,1.3263037390780625,0.0,0.0,89
4092,0.9083615381978862,0.00960926905064396,5.316734313964844e-05,1.0697224419826779,1.3256886171827102,0.0,0.0,90
4093,0.9035312199883953,0.009584146563694086,3.933906555175781e-05,1.069385519871159,1.3251209016681589,0.0,0.0,91
4094,0.9053643634066483,0.009559349081502657,4.00543212890625e-05,1.0690271803267684,1.3245917478343316,0.0,0.0,92
4095,0.8980645076152074,0.009534869113401555,4.220008850097656e-05,1.0686503535275111,1.3239969331418706,0.0,0.0,93
4096,0.8973001412574393,0.009510699415570291,4.00543212890625e-05,1.0682991185963433,1.3234921186267627,0.0,0.0,94
4097,0.888321523558935,0.009486832980505138,3.933906555175781e-05,1.067959590131741,1.3229950100254029,0.0,0.0,95
4098,0.8795214171474502,0.009463263027037715,4.076957702636719e-05,1.0676750746031005,1.3225180939258268,0.0,0.0,96
4099,0.8729839014767365,0.009439982990869247,4.076957702636719e-05,1.0673907004326175,1.3219596050816016,0.0,0.0,97
4100,0.8826751601056946,0.00941698651558907,4.0531158447265625e-05,1.0669981899161474,1.321436023460064,0.0,0.0,98
4101,0.9336551733600715,0.009394267444148204,4.172325134277344e-05,1.066518397741521,1.3207713479460537,0.0,0.0,99
4102,0.5938388692145689,0.009371819810760768,0.37753820419311523,1.07281658061382,1.013313354249134,0.0,0.0,100
4103,0.5893574108361114,0.009349637833207967,9.72747802734375e-05,1.0728948836344805,1.01338575378829,0.0,0.0,101
4104,0.5862402850880678,0.009327715905521014,5.888938903808594e-05,1.0728314764406692,1.0134237739720315,0.0,0.0,102
4105,0.5811202661842172,0.009306048591020995,5.1021575927734375e-05,1.0729206357438374,1.0134072043689375,0.0,0.0,103
4106,0.5760669164307953,0.009284630615695146,4.601478576660156e-05,1.0728966202738155,1.013542551668356,0.0,0.0,104
4107,0.5717362915973376,0.009263456861890344,5.6743621826171875e-05,1.0729446174392396,1.0135001532407082,0.0,0.0,105
4108,0.5668817768962109,0.009242522362305914,4.38690185546875e-05,1.0729198094400385,1.0135592256925663,0.0,0.0,106
4109,0.5620788574595126,0.009221822294268966,4.315376281738281e-05,1.0730077007650476,1.01354824912207,0.0,0.0,107
4110,0.5586912193158335,0.009201351974276593,4.458427429199219e-05,1.0729754620179546,1.013583473127392,0.0,0.0,108
4111,0.5540564767175894,0.00918110685279027,4.482269287109375e-05,1.0730106782640574,1.0135972885787674,0.0,0.0,109
4112,0.5521012927885589,0.009161082509268665,4.2438507080078125e-05,1.0730086296001304,1.0136087442931743,0.0,0.0,110
4113,0.5476079567287578,0.009141274647426,4.220008850097656e-05,1.073050676463505,1.0136477929173713,0.0,0.0,111
4114,0.5442844579798044,0.009121679090703879,4.267692565917969e-05,1.0730498105029114,1.0136787368313034,0.0,0.0,112
4115,0.540609490879146,0.009102291777945219,4.1484832763671875e-05,1.0730556980222303,1.0137371896820826,0.0,0.0,113
4116,0.5363178360137743,0.00908310875925963,4.3392181396484375e-05,1.0730541807924834,1.0137732677136173,0.0,0.0,114
4117,0.6019293885737462,0.009064126192070305,4.315376281738281e-05,1.0731109465778852,1.0138165757589304,0.0,0.0,115
4118,0.6015494844206203,0.009045340337332909,4.38690185546875e-05,1.0731078236628,1.0139582170293524,0.0,0.0,116
4119,0.6013581912739422,0.009026747555917728,4.2438507080078125e-05,1.0731305538424534,1.0140100646311387,0.0,0.0,117
4120,0.5966989455235793,0.009008344305146696,4.220008850097656e-05,1.0731406006254942,1.0141259134325908,0.0,0.0,118
4121,0.5921199990698764,0.008990127135477491,4.267692565917969e-05,1.0731436391935596,1.0142200258259804,0.0,0.0,119
4122,0.5876142044083847,0.008972092687327323,4.553794860839844e-05,1.0731415515717413,1.0142757264069369,0.0,0.0,120
4123,0.5840403479880333,0.008954237688029469,4.482269287109375e-05,1.0731637255559554,1.0143279538832166,0.0,0.0,121
4124,0.5796557984818358,0.008936558948915976,5.364418029785156e-05,1.0731738197255725,1.0144411363705823,0.0,0.0,122
4125,0.5753527227786852,0.008919053362520407,4.315376281738281e-05,1.0731772330572813,1.0145336140992385,0.0,0.0,123
4126,0.5716407655629709,0.008901717899894725,4.124641418457031e-05,1.0731839685413045,1.0146118645740778,0.0,0.0,124
4127,0.580013801071784,0.008884549608034874,4.315376281738281e-05,1.0732162913571752,1.0146280137141022,0.0,0.0,125
4128,0.5762774299729532,0.008867545607409833,4.291534423828125e-05,1.0732335305389886,1.0147561966549652,0.0,0.0,126
4129,0.5848443383662896,0.00885070308958921,4.3392181396484375e-05,1.0732438387134058,1.0148720795045931,0.0,0.0,127
4130,0.5806569267157115,0.00883401931496478,4.267692565917969e-05,1.0732540421382022,1.0149866529238551,0.0,0.0,128
4131,0.5765344299500992,0.008817491610561497,4.220008850097656e-05,1.073264142621418,1.0150999414477275,0.0,0.0,129
4132,0.5743538952231746,0.008801117367933932,4.315376281738281e-05,1.0732629237995366,1.0152197350766563,0.0,0.0,130
4133,0.5785694831203613,0.008784894041144091,4.3392181396484375e-05,1.0732782589442627,1.015288081517797,0.0,0.0,131
4134,0.5745527899892762,0.008768819144816961,4.38690185546875e-05,1.0733358622715639,1.0153507208159829,0.0,0.0,132
4135,0.5705691388633496,0.008752890252270239,4.2438507080078125e-05,1.0733624595020392,1.0154704975297333,0.0,0.0,133
4136,0.5753988786564721,0.008737104993714873,4.3392181396484375e-05,1.0734221382004072,1.0155288177516573,0.0,0.0,134
4137,0.5852354481237955,0.00872146105452329,4.3392181396484375e-05,1.0734109006543293,1.0154932555294978,0.0,0.0,135
4138,0.5812884857137269,0.008705956173562252,4.315376281738281e-05,1.0734372136124524,1.0154150645372666,0.0,0.0,136
4139,0.5819233564851776,0.008690588141587543,4.363059997558594e-05,1.0734167061591844,1.0154591677385911,0.0,0.0,137
4140,0.5782604890946262,0.008675354799697714,4.38690185546875e-05,1.0734320370826742,1.015433847646132,0.0,0.0,138
4141,0.6357969694683085,0.008660254037844387,5.316734313964844e-05,1.0734237092601793,1.0153905225401316,0.0,0.0,139
4142,0.6315962694840657,0.008645283793396602,4.482269287109375e-05,1.0734154785028762,1.0153476579995908,0.0,0.0,140
4143,0.6872869867718692,0.00863044204975696,4.6253204345703125e-05,1.0733921366525083,1.0153192658172185,0.0,0.0,141
4144,0.6835434510129492,0.00861572683502727,4.506111145019531e-05,1.073370506660328,1.015293983505847,0.0,0.0,142
4145,0.6834064591044238,0.0086011362207217,4.57763671875e-05,1.0733478831438772,1.0152687485368341,0.0,0.0,143
4146,0.6789931607295442,0.00858666832052535,4.5299530029296875e-05,1.0733254990293835,1.01524377773426,0.0,0.0,144
4147,0.674639458835849,0.008572321289096397,4.363059997558594e-05,1.0732913878094017,1.0152539146975956,0.0,0.0,145
4148,0.6705172437188671,0.00855809332091,4.410743713378906e-05,1.0732716604758803,1.0152298958600254,0.0,0.0,146
4149,0.7255969149556847,0.008543982649142209,4.38690185546875e-05,1.073231623424397,1.015188186596444,0.0,0.0,147
4150,0.7251284613007172,0.008529987544592306,4.482269287109375e-05,1.0731952071198183,1.0151476341477024,0.0,0.0,148
4151,0.7793137207556334,0.008516106314641935,4.6253204345703125e-05,1.0731027313787989,1.0151275096082326,0.0,0.0,149
4152,0.7746513295322369,0.008502337302249594,4.553794860839844e-05,1.0730413608087406,1.0150835744615956,0.0,0.0,150
4153,0.7821829874626388,0.008488678884979051,4.506111145019531e-05,1.0729863774506554,1.0150565924796864,0.0,0.0,151
4154,0.7777330894313093,0.008475129474060322,4.649162292480469e-05,1.0729351228522708,1.015029181597031,0.0,0.0,152
4155,0.775469557037002,0.008461687513481912,4.601478576660156e-05,1.0728954335666767,1.014990601615083,0.0,0.0,153
4156,0.7724120537940383,0.008448351479113127,4.5299530029296875e-05,1.0728566166923388,1.0149525078092188,0.0,0.0,154
4157,0.8238434757895223,0.008435119877855236,4.673004150390625e-05,1.0727771135629913,1.0149014033369108,0.0,0.0,155
4158,0.8204271764693524,0.008421991246820377,5.3882598876953125e-05,1.072718236141755,1.014870501828898,0.0,0.0,156
4159,0.8155885711680739,0.008408964152537144,4.553794860839844e-05,1.0726617560552163,1.0148868544366818,0.0,0.0,157
4160,0.8114443997743183,0.008396037190181815,4.506111145019531e-05,1.0726021161354007,1.0148799106719977,0.0,0.0,158
4161,0.8614344867846582,0.008383208982834242,4.553794860839844e-05,1.0725069764676272,1.0148444873339921,0.0,0.0,159
4162,0.8563161744216371,0.008370478180757479,4.5299530029296875e-05,1.0724301046586453,1.0148235733579103,0.0,0.0,160
4163,0.8512675436679509,0.00835784346070025,4.458427429199219e-05,1.072355105334622,1.0147613999591152,0.0,0.0,161
4164,0.8466973396772932,0.008345303525221375,4.649162292480469e-05,1.0722780528019553,1.0147799944914622,0.0,0.0,162
4165,0.8974048621212216,0.008332857102035372,4.553794860839844e-05,1.07219578134292,1.014741356300702,0.0,0.0,163
4166,0.9434215343690824,0.008320502943378437,4.673004150390625e-05,1.072054717226481,1.014684065370792,0.0,0.0,164
4167,0.9379313161393056,0.008308239825394024,4.649162292480469e-05,1.0719540273801578,1.014608527693378,0.0,0.0,165
4168,0.9389643841341565,0.008296066547537364,4.744529724121094e-05,1.0718668695972642,1.0145801452526655,0.0,0.0,166
4169,0.9338401987955248,0.008283981931998167,4.649162292480469e-05,1.0717640646840154,1.0145539222509907,0.0,0.0,167
4170,0.9295880040494487,0.008271984823140907,4.673004150390625e-05,1.0716707552770175,1.0144898996912075,0.0,0.0,168
4171,0.9248515856265421,0.008260074086962011,4.649162292480469e-05,1.0715779965432575,1.0144255985884982,0.0,0.0,169
4172,0.9196409208004732,0.00824824861056339,4.57763671875e-05,1.0714860459608628,1.0143618584521397,0.0,0.0,170
4173,0.9186694999811036,0.008236507301641686,4.649162292480469e-05,1.0714025796851154,1.0143324556984148,0.0,0.0,171
4174,0.9145900355566234,0.008224849087992715,4.601478576660156e-05,1.0713000831154822,1.0143062373549838,0.0,0.0,172
4175,0.9095258243801734,0.00821327291703055,4.9591064453125e-05,1.0712155269425219,1.014278051664189,0.0,0.0,173
4176,0.9113999419328365,0.008201777755320747,4.935264587402344e-05,1.0711260227115516,1.0142670384364607,0.0,0.0,174
4177,0.907776033072198,0.0081903625881272,4.76837158203125e-05,1.0710294911893765,1.014248385260699,0.0,0.0,175
4178,0.9033223414415489,0.008179026418972184,4.792213439941406e-05,1.0709524862355868,1.0141922422581195,0.0,0.0,176
4179,0.9467118575529646,0.008167768269209105,4.839897155761719e-05,1.0708658276772538,1.0141673147418033,0.0,0.0,177
4180,0.9473524882978048,0.00815658717760753,4.76837158203125e-05,1.0707412149189484,1.014139192339846,0.0,0.0,178
4181,0.9444122274124407,0.008145482199950087,4.8160552978515625e-05,1.0706304773827928,1.0140723649257257,0.0,0.0,179
4182,0.9394307013782397,0.008134452408640835,4.863739013671875e-05,1.0705225088634172,1.01400680020229,0.0,0.0,180
4183,0.9399732658043806,0.008123496892324696,4.839897155761719e-05,1.0704083346007063,1.0139394972324465,0.0,0.0,181
4184,0.9361268150293263,0.00811261475551759,4.9114227294921875e-05,1.070304698723603,1.0138604772318105,0.0,0.0,182
4185,0.9312047682129704,0.008101805118246954,4.863739013671875e-05,1.0701865950241605,1.013784119176345,0.0,0.0,183
4186,0.9263342988832188,0.008091067115702212,4.839897155761719e-05,1.0700846264262127,1.013706370883072,0.0,0.0,184
4187,0.9680510285535932,0.00808039989789497,4.863739013671875e-05,1.0699665821134943,1.0136177934841624,0.0,0.0,185
4188,0.9662360226084075,0.008069802629328547,4.9591064453125e-05,1.069846421013774,1.01354115425637,0.0,0.0,186
4189,0.9612363724440098,0.008059274488676564,4.935264587402344e-05,1.0697349166732677,1.0134412166526863,0.0,0.0,187
4190,0.9580659021752639,0.00804881466847029,5.817413330078125e-05,1.0696221673499167,1.0133410234306017,0.0,0.0,188
4191,0.9531753605265156,0.008038422374794473,5.0067901611328125e-05,1.069524648127507,1.013278869603875,0.0,0.0,189
4192,0.9491929698322923,0.008028096826991373,4.982948303222656e-05,1.0694258093790703,1.0132217154215302,0.0,0.0,190
4193,0.9520645794757502,0.008017837257372732,4.935264587402344e-05,1.0693346862668012,1.013154272295952,0.0,0.0,191
4194,0.9520773365478825,0.00800764291093944,5.125999450683594e-05,1.0692371827462668,1.0131142218813418,0.0,0.0,192
4195,0.9473137347002428,0.007997513045108656,5.054473876953125e-05,1.0691404288146413,1.0130744815749053,0.0,0.0,193
4196,0.9426001682279583,0.007987446929448121,5.054473876953125e-05,1.069044414943023,1.0130350474172796,0.0,0.0,194
4197,0.980528294026629,0.007977443845417483,5.1021575927734375e-05,1.068945287495095,1.0129630174026234,0.0,0.0,195
4198,0.9782037724914034,0.007967503086116367,5.054473876953125e-05,1.0688329623517436,1.0129063926176969,0.0,0.0,196
4199,0.9733819282546174,0.00795762395603903,5.054473876953125e-05,1.0687423509867,1.0128262391589293,0.0,0.0,197
4200,0.9688726953500871,0.00794780577083535,5.125999450683594e-05,1.068635265085072,1.0127886557576091,0.0,0.0,198
4201,0.9641510433453077,0.007938047857077989,5.1975250244140625e-05,1.0685450093031694,1.0127061180829604,0.0,0.0,199
4202,0.7640727514844421,0.007928349552035533,0.36208629608154297,0.9127752174600476,1.0150664226906219,0.0,0.0,200
4203,0.7604912751022741,0.007918710203451418,0.00014138221740722656,0.9127673073813231,1.0150915203647635,0.0,0.0,201
4204,0.757973182896328,0.007909129169328469,7.319450378417969e-05,0.9127810955198774,1.015091764145091,0.0,0.0,202
4205,0.754449569227659,0.007899605817718898,6.270408630371094e-05,0.9127884164744597,1.0151119718429271,0.0,0.0,203
4206,0.7514463104043647,0.007890139526519586,5.984306335449219e-05,0.9127877663200249,1.0151165314537274,0.0,0.0,204
4207,0.7491638427043715,0.007880729683272475,5.841255187988281e-05,0.9127851664433285,1.0151326241138747,0.0,0.0,205
4208,0.7489252226880511,0.007871375684969959,5.555152893066406e-05,0.9128008466849343,1.0151499703354256,0.0,0.0,206
4209,0.7458795661132537,0.007862076937865087,5.602836608886719e-05,0.9128018606616617,1.0151648523503163,0.0,0.0,207
4210,0.7541271621019165,0.007852832857286461,5.650520324707031e-05,0.9128185333342355,1.0151604205039668,0.0,0.0,208
4211,0.7565933175380402,0.007843642867457678,5.555152893066406e-05,0.912822619788799,1.0151636422621564,0.0,0.0,209
4212,0.7563597431678898,0.007834506401321184,5.507469177246094e-05,0.9128322354352235,1.0151476740459815,0.0,0.0,210
4213,0.7545647376747607,0.007825422900366436,5.459785461425781e-05,0.912838342321962,1.01515138040053,0.0,0.0,211
4214,0.7522576161332688,0.007816391814462205,5.507469177246094e-05,0.9128528518747113,1.0151537764720104,0.0,0.0,212
4215,0.7587433379482902,0.007807412601692936,5.698204040527344e-05,0.9128660777224639,1.0151460605893805,0.0,0.0,213
4216,0.7602707958844744,0.007798484728199045,0.00026535987854003906,0.9128633205921733,1.0151448920282717,0.0,0.0,214
4217,0.7641793924642295,0.007789607668021015,5.936622619628906e-05,0.9128732467516243,1.0151323511153716,0.0,0.0,215
4218,0.7608234199283643,0.007780780902947218,5.555152893066406e-05,0.9128825877834589,1.0151327292164114,0.0,0.0,216
4219,0.7629616609031271,0.007772003922365337,5.6743621826171875e-05,0.9128794658443263,1.0151180708306535,0.0,0.0,217
4220,0.7603197334120927,0.00776327622311729,5.6743621826171875e-05,0.9128861929119482,1.0151188703716092,0.0,0.0,218
4221,0.7580871506366403,0.007754597309357559,5.602836608886719e-05,0.9128934909386294,1.0151078091984183,0.0,0.0,219
4222,0.7590493075896547,0.007745966692414833,5.602836608886719e-05,0.9128990718649707,1.015100921732611,0.0,0.0,220
4223,0.7617145212513348,0.007737383890656875,5.5789947509765625e-05,0.9129059576457825,1.0150924702612298,0.0,0.0,221
4224,0.7585959846045239,0.007728848429358508,5.53131103515625e-05,0.9129130708630382,1.0150837558440144,0.0,0.0,222
4225,0.7592596520936595,0.007720359840572651,5.555152893066406e-05,0.9129102551330713,1.0150769413434748,0.0,0.0,223
4226,0.7589279390405219,0.007711917663004325,5.650520324707031e-05,0.9129215961289517,1.015082968141084,0.0,0.0,224
4227,0.7561049031283203,0.007703521441887523,6.67572021484375e-05,0.9129280191533335,1.0150825395412943,0.0,0.0,225
4228,0.7529638002340806,0.007695170728864904,5.745887756347656e-05,0.9129381168309763,1.0150903829211837,0.0,0.0,226
4229,0.7545353207284058,0.007686865081870188,5.6743621826171875e-05,0.9129396246103204,1.0150871021564125,0.0,0.0,227
4230,0.7513911938268151,0.007678604065013227,5.7220458984375e-05,0.9129449729472563,1.015106242381396,0.0,0.0,228
4231,0.7495307418580495,0.007670387248467655,5.745887756347656e-05,0.9129473851614385,1.0151067417654327,0.0,0.0,229
4232,0.7545173421612028,0.007662214208361039,5.7220458984375e-05,0.9129560833528819,1.01512501494801,0.0,0.0,230
4233,0.7541977190254613,0.007654084526667493,5.5789947509765625e-05,0.9129630669685426,1.0151218070972094,0.0,0.0,231
4234,0.7514942780165483,0.0076459977911026615,5.650520324707031e-05,0.9129704404773424,1.0151443281766586,0.0,0.0,232
4235,0.750494074244115,0.007637953595021037,5.841255187988281e-05,0.9129786313596092,1.0151671652282146,0.0,0.0,233
4236,0.7487585219541907,0.0076299515373155265,5.5789947509765625e-05,0.9129934525777,1.0151816596157353,0.0,0.0,234
4237,0.752976461069048,0.007621991222319221,5.6743621826171875e-05,0.9130018639853276,1.0152067947067014,0.0,0.0,235
4238,0.7575388442282823,0.007614072259709305,5.745887756347656e-05,0.9130065268956054,1.0152357299693773,0.0,0.0,236
4239,0.7578382545169412,0.007606194264413067,5.698204040527344e-05,0.9130153722309661,1.0152524371440637,0.0,0.0,237
4240,0.7608690950491438,0.007598356856515925,5.7220458984375e-05,0.9130178035432039,1.0152778262145168,0.0,0.0,238
4241,0.7612351204577715,0.007590559661171446,6.794929504394531e-05,0.9130213586786807,1.0153050368654093,0.0,0.0,239
4242,0.7584228182015262,0.007582802308513298,5.745887756347656e-05,0.9130292409010293,1.0153193605578965,0.0,0.0,240
4243,0.7635057283691467,0.007575084433569071,5.817413330078125e-05,0.9130341571757483,1.0153485863537102,0.0,0.0,241
4244,0.7739869842779403,0.007567405676175951,5.7220458984375e-05,0.9130433143467962,1.0153539032933097,0.0,0.0,242
4245,0.7740645454392623,0.007559765680898166,5.745887756347656e-05,0.9130488724190943,1.0153663556462817,0.0,0.0,243
4246,0.774978685792563,0.0075521640969461856,5.6743621826171875e-05,0.9130550193242104,1.015376778595961,0.0,0.0,244
4247,0.7812589004137895,0.007544600578097612,5.7697296142578125e-05,0.9130605151628682,1.015379273692794,0.0,0.0,245
4248,0.7798650674053175,0.007537074782619732,5.8650970458984375e-05,0.9130674304108743,1.015384745912526,0.0,0.0,246
4249,0.7818895672733319,0.007529586373193689,6.008148193359375e-05,0.9130791223554289,1.0153846597473044,0.0,0.0,247
4250,0.7814020870499561,0.00752213501684022,6.008148193359375e-05,0.9130877918896746,1.0153910649631508,0.0,0.0,248
4251,0.7798171785460841,0.0075147203848469485,5.91278076171875e-05,0.9130976841796482,1.0154005889164923,0.0,0.0,249
4252,0.7779997074758643,0.0075073421526971485,5.91278076171875e-05,0.913108742303816,1.0154132318850062,0.0,0.0,250
4253,0.7835204494863608,0.0075,5.9604644775390625e-05,0.9131177285187281,1.015418861458536,0.0,0.0,251
4254,0.7827529705492188,0.007492693610422255,5.9604644775390625e-05,0.9131228973729105,1.0154294950747746,0.0,0.0,252
4255,0.7887202278946063,0.007485422671621299,6.127357482910156e-05,0.9131194674477534,1.015440160277898,0.0,0.0,253
4256,0.7857403960141552,0.007478186875179571,6.127357482910156e-05,0.9131183012057127,1.0154457286665088,0.0,0.0,254
4257,0.7845264069924568,0.007470985916540319,5.936622619628906e-05,0.9131186349873863,1.015453455869941,0.0,0.0,255
4258,0.7864349877738878,0.007463819494944633,5.9604644775390625e-05,0.9131152950214662,1.015468541681006,0.0,0.0,256
4259,0.7835005907401734,0.007456687313369751,5.984306335449219e-05,0.9131118388760942,1.0154884976303236,0.0,0.0,257
4260,0.784891274977241,0.007449589078468602,5.91278076171875e-05,0.9131101873799768,1.0155029234446586,0.0,0.0,258
4261,0.7890260685069185,0.007442524500510544,5.9604644775390625e-05,0.9131098496283283,1.0155136126218496,0.0,0.0,259
4262,0.7861223025107149,0.00743549329332329,6.031990051269531e-05,0.9131095152344559,1.0155242452228306,0.0,0.0,260
4263,0.7878881935567974,0.0074284951742359575,5.936622619628906e-05,0.9131095241474735,1.0155254727085445,0.0,0.0,261
4264,0.7859657429223553,0.007421529864023281,6.079673767089844e-05,0.9131130261423935,1.01552794334438,0.0,0.0,262
4265,0.783102158671415,0.007414597086850865,5.9604644775390625e-05,0.9131145869602696,1.0155351909609192,0.0,0.0,263
4266,0.7804388041918984,0.007407696570221564,5.984306335449219e-05,0.9131179233221247,1.0155469563418706,0.0,0.0,264
4267,0.7786771983169778,0.0074008280449228536,6.0558319091796875e-05,0.9131155738997423,1.0155620561747787,0.0,0.0,265
4268,0.7818708441821633,0.007393991244975262,6.222724914550781e-05,0.9131104804014053,1.015576019178046,0.0,0.0,266
4269,0.7796952770401431,0.007387185907581785,6.0558319091796875e-05,0.9131058859455768,1.0155916376054939,0.0,0.0,267
4270,0.7795457021462417,0.007380411773078261,6.4849853515625e-05,0.9131028404619331,1.0156032626860076,0.0,0.0,268
4271,0.7775315822249497,0.007373668584884726,6.389617919921875e-05,0.9131012711339578,1.015617428603882,0.0,0.0,269
4272,0.7840067759645273,0.0073669560894576705,6.175041198730469e-05,0.9130984709462379,1.0156185814667258,0.0,0.0,270
4273,0.7812213762169828,0.007360274036243225,6.151199340820312e-05,0.913095687460391,1.0156197322282012,0.0,0.0,271
4274,0.7796597011948896,0.00735362217763123,6.151199340820312e-05,0.9130937643779136,1.0156232309196145,0.0,0.0,272
4275,0.7769092084709005,0.007347000268910165,6.175041198730469e-05,0.9130918531023039,1.0156267147553706,0.0,0.0,273
4276,0.7792564251745813,0.0073404080682229434,6.270408630371094e-05,0.9130874964199245,1.0156324162434514,0.0,0.0,274
4277,0.7805859764127903,0.007333845336523515,6.175041198730469e-05,0.913078343497885,1.0156296563883345,0.0,0.0,275
4278,0.7783804921720613,0.0073273118375343105,6.151199340820312e-05,0.9130707514186294,1.0156290533592673,0.0,0.0,276
4279,0.7763268722410082,0.007320807337704443,6.318092346191406e-05,0.9130640956574946,1.0156314940090052,0.0,0.0,277
4280,0.7738078943788178,0.007314331606168725,7.128715515136719e-05,0.9130580568895517,1.0156368987184006,0.0,0.0,278
4281,0.7765886422777576,0.0073078844147074044,6.270408630371094e-05,0.9130521237934812,1.0156294833519515,0.0,0.0,279
4282,0.7743940921770118,0.0073014655377066804,6.198883056640625e-05,0.9130481562363726,1.0156230270906943,0.0,0.0,280
4283,0.7717349172973943,0.0072950747521199144,6.198883056640625e-05,0.9130442109696986,1.0156166090461696,0.0,0.0,281
4284,0.7700857881416248,0.007288711837429572,6.270408630371094e-05,0.9130437053739092,1.015611431746109,0.0,0.0,282
4285,0.7685675318365721,0.007282376575609852,6.270408630371094e-05,0.9130461377983451,1.0156057262146252,0.0,0.0,283
4286,0.7731646335019209,0.007276068751089989,6.175041198730469e-05,0.9130490344255765,1.0155972473976629,0.0,0.0,284
4287,0.7708642570322604,0.007269788150718239,6.246566772460938e-05,0.9130492946709146,1.0155853639180723,0.0,0.0,285
4288,0.7737945542635573,0.007263534563726494,6.246566772460938e-05,0.9130453705855345,1.0155705868495934,0.0,0.0,286
4289,0.7756003144044237,0.007257307781695548,6.341934204101562e-05,0.9130437808314682,1.0155496536022335,0.0,0.0,287
4290,0.7740083481507558,0.0072511075985209825,6.198883056640625e-05,0.9130431708397788,1.0155314242017828,0.0,0.0,288
4291,0.7730308675258799,0.007244933810379664,6.365776062011719e-05,0.9130434439646075,1.0155157433654047,0.0,0.0,289
4292,0.7716383408114468,0.0072387862156968255,6.341934204101562e-05,0.9130440540735458,1.0155035369637364,0.0,0.0,290
4293,0.7702285951229337,0.007232664615113759,7.152557373046875e-05,0.9130451637283398,1.0154902904694663,0.0,0.0,291
4294,0.7705215247656545,0.0072265688114560534,6.461143493652344e-05,0.9130454249307113,1.0154819546612373,0.0,0.0,292
4295,0.7696253169166878,0.0072204986097024,6.389617919921875e-05,0.9130460775210958,1.015475509460724,0.0,0.0,293
4296,0.7670734734922522,0.007214453816953964,6.246566772460938e-05,0.9130467280510993,1.0154691008196897,0.0,0.0,294
4297,0.7704990239556853,0.007208434242404263,6.341934204101562e-05,0.9130477402172251,1.0154625468996477,0.0,0.0,295
4298,0.7724849011309702,0.007202439697309595,6.532669067382812e-05,0.913049782289809,1.015453856528776,0.0,0.0,296
4299,0.7786148098781779,0.007196469994959976,6.389617919921875e-05,0.9130515870230537,1.0154442517913937,0.0,0.0,297
4300,0.7891382298904829,0.007190524950650568,6.365776062011719e-05,0.9130515997647123,1.0154208415282484,0.0,0.0,298
4301,0.7892849261339734,0.00718460438165362,6.341934204101562e-05,0.9130506062252632,1.015394442289043,0.0,0.0,299
4302,0.7868690390676311,0.007178708107190884,6.437301635742188e-05,0.9130477375624132,1.015371432956311,0.0,0.0,300
4303,0.7843046026499246,0.007172835948406505,6.318092346191406e-05,0.9130448842158434,1.0153485409683563,0.0,0.0,301
4304,0.7856326279296463,0.00716698772834037,6.341934204101562e-05,0.9130409161239079,1.0153235903160178,0.0,0.0,302
4305,0.7830886666580534,0.007161163271901924,6.341934204101562e-05,0.913036968635304,1.0152987657396457,0.0,0.0,303
4306,0.7847883410237336,0.0071553624058444225,7.152557373046875e-05,0.9130317748754205,1.0152785587634157,0.0,0.0,304
4307,0.7838021034351721,0.007149584958739622,6.461143493652344e-05,0.9130255744186866,1.0152601085099813,0.0,0.0,305
4308,0.7828718905567633,0.007143830760952896,6.341934204101562e-05,0.9130204758335748,1.0152445609363714,0.0,0.0,306
4309,0.7828769776388796,0.007138099644618783,6.389617919921875e-05,0.9130159554372957,1.0152318009357553,0.0,0.0,307
4310,0.7846766680388654,0.007132391443616925,6.413459777832031e-05,0.9130089392180559,1.0152170167585997,0.0,0.0,308
4311,0.7830988756352357,0.007126705993548424,6.508827209472656e-05,0.91300274566018,1.0152034325527848,0.0,0.0,309
4312,0.7853125245299539,0.007121043131712586,7.62939453125e-05,0.912999311060372,1.0151900058403809,0.0,0.0,310
4313,0.7863940619747515,0.007115402697084058,6.842613220214844e-05,0.912994163294318,1.015176603546005,0.0,0.0,311
4314,0.7882789796420517,0.007109784530290333,6.747245788574219e-05,0.9129899704109806,1.015160426429186,0.0,0.0,312
4315,0.7943492310006864,0.007104188473589647,6.771087646484375e-05,0.9129857499017393,1.0151312450146477,0.0,0.0,313
4316,0.7931794415310237,0.007098614370849207,6.747245788574219e-05,0.9129822098064452,1.0151043212208088,0.0,0.0,314
4317,0.7928188505494177,0.007093062067523819,6.699562072753906e-05,0.9129800336133661,1.0150794662519609,0.0,0.0,315
4318,0.7927478369524413,0.007087531410634825,8.153915405273438e-05,0.91298036435034,1.0150506913806772,0.0,0.0,316
4319,0.7903686647407309,0.007082022248749417,6.604194641113281e-05,0.9129819810274421,1.0150243420834608,0.0,0.0,317
4320,0.788557141370656,0.007076534431960262,6.604194641113281e-05,0.9129840725334436,1.015000563581086,0.0,0.0,318
4321,0.7917831047662297,0.007071067811865475,6.699562072753906e-05,0.9129865747214752,1.0149739842798922,0.0,0.0,319
4322,0.7899025949477385,0.007065622241548908,6.628036499023438e-05,0.9129882470477534,1.014955657578855,0.0,0.0,320
4323,0.7926028748449112,0.007060197575560759,6.556510925292969e-05,0.9129903809556508,1.0149289439974425,0.0,0.0,321
4324,0.796267373475204,0.007054793669898489,6.628036499023438e-05,0.9129935876596358,1.0148991005638106,0.0,0.0,322
4325,0.7943835569888092,0.007049410381988052,6.67572021484375e-05,0.912996555869276,1.0148691949800062,0.0,0.0,323
4326,0.7939985157419239,0.00704404757066542,6.628036499023438e-05,0.9130001718153054,1.0148411797566528,0.0,0.0,324
4327,0.7925741209628301,0.0070387050961584,6.67572021484375e-05,0.913004467079751,1.014815424331779,0.0,0.0,325
4328,0.7964135130856657,0.007033382820068743,6.628036499023438e-05,0.913005033672031,1.0147901350422324,0.0,0.0,326
4329,0.8043786719615588,0.007028080605354542,6.794929504394531e-05,0.9130091519095531,1.0147589669933936,0.0,0.0,327
4330,0.8019538663830937,0.007022798316312891,6.771087646484375e-05,0.913015263843802,1.0147279433922052,0.0,0.0,328
4331,0.8043198260636799,0.007017535818562842,6.794929504394531e-05,0.9130237413899303,1.0146991953716036,0.0,0.0,329
4332,0.8036921423780136,0.0070122929790285985,6.866455078125e-05,0.9130331077229945,1.0146702320437493,0.0,0.0,330
4333,0.8202674004466366,0.007007069665923001,6.937980651855469e-05,0.9130344523435138,1.0146446102607931,0.0,0.0,331
4334,0.817835283592114,0.007001865748731255,7.009506225585938e-05,0.9130357917373777,1.0146191062233338,0.0,0.0,332
4335,0.8159343114270545,0.006996681098194908,6.771087646484375e-05,0.9130377503692074,1.0145959590207325,0.0,0.0,333
4336,0.814862814697552,0.006991515586296089,6.842613220214844e-05,0.9130406462723012,1.0145802447139558,0.0,0.0,334
4337,0.8142995927473525,0.006986369086241982,7.033348083496094e-05,0.9130442399147691,1.0145662240435316,0.0,0.0,335
4338,0.819334091324563,0.006981241472449539,6.914138793945312e-05,0.9130476185477625,1.0145458046939198,0.0,0.0,336
4339,0.817203039472696,0.00697613262053043,6.794929504394531e-05,0.9130492815784517,1.0145328274854726,0.0,0.0,337
4340,0.8154957925538977,0.006971042407276224,6.794929504394531e-05,0.9130518079466676,1.0145220435616036,0.0,0.0,338
4341,0.8131291424281434,0.0069659707106438,7.748603820800781e-05,0.9130534136862138,1.0145091559515225,0.0,0.0,339
4342,0.8107764257393676,0.0069609174097409665,6.937980651855469e-05,0.9130550131772744,1.0144963275514585,0.0,0.0,340
4343,0.8096892085753824,0.00695588238481232,6.985664367675781e-05,0.913057253582362,1.0144856130681057,0.0,0.0,341
4344,0.8150244427793988,0.006950865517225297,6.866455078125e-05,0.9130600039495177,1.0144714534462473,0.0,0.0,342
4345,0.8126860378663389,0.006945866689456455,6.866455078125e-05,0.9130627431360646,1.0144573579986471,0.0,0.0,343
4346,0.8144124540811283,0.006940885785077941,6.866455078125e-05,0.9130610750902752,1.0144492776127094,0.0,0.0,344
4347,0.8120988272232761,0.006935922688744186,6.937980651855469e-05,0.9130594150035225,1.0144412347496188,0.0,0.0,345
4348,0.8141812558737893,0.006930977286178777,6.914138793945312e-05,0.9130576371533639,1.0144318084841317,0.0,0.0,346
4349,0.8139461037454508,0.006926049464161539,6.818771362304688e-05,0.9130564952997753,1.0144236567661618,0.0,0.0,347
4350,0.8116507463720161,0.006921139110515801,7.05718994140625e-05,0.913055359076615,1.0144155425304648,0.0,0.0,348
4351,0.8093685299993405,0.006916246114095857,6.914138793945312e-05,0.9130542284403106,1.014407465498116,0.0,0.0,349
4352,0.8087425086372337,0.006911370364774613,7.104873657226562e-05,0.9130537187005612,1.0144019708817866,0.0,0.0,350
4353,0.8157771624024194,0.006906511753431409,7.700920104980469e-05,0.9130565354523642,1.0143865855663645,0.0,0.0,351
4354,0.8236739476013208,0.006901670171940027,7.343292236328125e-05,0.9130595177163152,1.014362317155068,0.0,0.0,352
4355,0.8232359916770428,0.006896845513156873,7.05718994140625e-05,0.9130623344630163,1.0143390810611495,0.0,0.0,353
4356,0.8211581296540235,0.0068920376709093335,7.05718994140625e-05,0.913065885141296,1.0143181751250174,0.0,0.0,354
4357,0.8217502541092039,0.006887246539984298,7.033348083496094e-05,0.9130718249397031,1.0142967560198157,0.0,0.0,355
4358,0.8198073635613123,0.006882472016116852,7.009506225585938e-05,0.9130784702925314,1.0142773888326428,0.0,0.0,356
4359,0.8258008611533479,0.0068777139959791365,7.009506225585938e-05,0.913082113204309,1.0142584119576226,0.0,0.0,357
4360,0.8235412726454207,0.006872972377169359,6.961822509765625e-05,0.9130857416239112,1.0142395164527322,0.0,0.0,358
4361,0.8257099963869163,0.006868247058200973,7.033348083496094e-05,0.9130845125797715,1.0142170276080398,0.0,0.0,359
4362,0.8234752769213658,0.006863537938492015,7.128715515136719e-05,0.9130831838285944,1.0141962470598413,0.0,0.0,360
4363,0.8212339442212019,0.006858844918354584,7.081031799316406e-05,0.9130818612342918,1.0141755545909588,0.0,0.0,361
4364,0.8206944507967125,0.006854167898984475,9.441375732421875e-05,0.9130791308797724,1.0141617080371501,0.0,0.0,362
4365,0.8195530699910625,0.006849506782450969,7.224082946777344e-05,0.9130744833830939,1.0141460754197764,0.0,0.0,363
4366,0.8234035739892958,0.006844861471686759,7.224082946777344e-05,0.913071791133565,1.0141306443935674,0.0,0.0,364
4367,0.8244782185151465,0.0068402318704780226,7.081031799316406e-05,0.9130686620617803,1.0141136528570973,0.0,0.0,365
4368,0.824219079151348,0.006835617883454636,7.033348083496094e-05,0.9130664373128843,1.0140977945295666,0.0,0.0,366
4369,0.8220201082845358,0.006831019416080527,7.081031799316406e-05,0.9130642222450791,1.014082002801175,0.0,0.0,367
4370,0.8198330510111214,0.0068264363746441525,7.05718994140625e-05,0.9130620167901574,1.0140662772126197,0.0,0.0,368
4371,0.8196602516506223,0.006821868666249133,7.104873657226562e-05,0.9130590863252999,1.0140489713314063,0.0,0.0,369
4372,0.8210239350746893,0.006817316198804996,7.05718994140625e-05,0.913057652463708,1.0140292315845085,0.0,0.0,370
4373,0.8203159263067299,0.006812778881018062,7.152557373046875e-05,0.9130566090900355,1.01401109240813,0.0,0.0,371
4374,0.8181568444938336,0.006808256622382446,7.104873657226562e-05,0.9130555705271017,1.0139930280699139,0.0,0.0,372
4375,0.818584295428467,0.006803749333171201,7.200241088867188e-05,0.9130548631235759,1.0139766036608775,0.0,0.0,373
4376,0.8166804562894309,0.006799256924427571,7.319450378417969e-05,0.9130518970234642,1.0139622155714962,0.0,0.0,374
4377,0.8146834797757332,0.006794779307956362,7.152557373046875e-05,0.9130499723739476,1.0139496944897173,0.0,0.0,375
4378,0.8234439447517499,0.006790316396315447,7.176399230957031e-05,0.9130466249296899,1.013936088540768,0.0,0.0,376
4379,0.8243627029111816,0.006785868102807376,7.367134094238281e-05,0.9130447564602457,1.0139183167645411,0.0,0.0,377
4380,0.8256067819582684,0.006781434341471105,7.200241088867188e-05,0.9130426509512318,1.0139011019178792,0.0,0.0,378
4381,0.8289793476263666,0.006777015027073836,7.2479248046875e-05,0.9130411227657181,1.0138822537412915,0.0,0.0,379
4382,0.8305481996568318,0.006772610075102973,7.367134094238281e-05,0.9130428950488125,1.0138566435324317,0.0,0.0,380
4383,0.831723784230015,0.006768219401758183,7.462501525878906e-05,0.9130448142383859,1.013829387461023,0.0,0.0,381
4384,0.8381977374382701,0.006763842923943562,7.367134094238281e-05,0.9130443056263283,1.0137965423602187,0.0,0.0,382
4385,0.8469478066142798,0.006759480559259924,7.581710815429688e-05,0.91304117764853,1.0137617790823787,0.0,0.0,383
4386,0.8489692313110697,0.006755132225997167,8.273124694824219e-05,0.913039017653453,1.0137222776719252,0.0,0.0,384
4387,0.8494547689186995,0.006750797843126765,7.43865966796875e-05,0.9130374535915962,1.0136812031531228,0.0,0.0,385
4388,0.8491472177044993,0.006746477330294353,7.534027099609375e-05,0.9130346028721674,1.0136407075400249,0.0,0.0,386
4389,0.8485275729311068,0.006742170607812403,7.390975952148438e-05,0.9130322269200135,1.0135999884895803,0.0,0.0,387
4390,0.8493192742860095,0.0067378775966530175,7.343292236328125e-05,0.9130291706018347,1.0135581076701183,0.0,0.0,388
4391,0.8480574269075107,0.0067335982184407945,7.414817810058594e-05,0.913026855073217,1.0135177357584189,0.0,0.0,389
4392,0.8486036899493041,0.006729332395445813,7.390975952148438e-05,0.9130252251635135,1.0134783458243888,0.0,0.0,390
4393,0.852370983067351,0.0067250800505766865,7.319450378417969e-05,0.9130246847449929,1.013432003732695,0.0,0.0,391
4394,0.8506708619012032,0.006720841107373734,7.390975952148438e-05,0.9130247671476621,1.0133875428258787,0.0,0.0,392
4395,0.8496476610584127,0.0067166154900022155,7.367134094238281e-05,0.9130254160199905,1.0133446288409993,0.0,0.0,393
4396,0.8528863380564452,0.006712403123245675,7.867813110351562e-05,0.9130264322999346,1.0132955630631946,0.0,0.0,394
4397,0.8516867807915522,0.006708203932499369,8.630752563476562e-05,0.9130279185063954,1.0132483706251931,0.0,0.0,395
4398,0.8495779110515235,0.006704017843763769,7.653236389160156e-05,0.9130300888043336,1.013203125710781,0.0,0.0,396
4399,0.8474802144586268,0.006699844783638161,7.414817810058594e-05,0.9130323425953984,1.013157203223147,0.0,0.0,397
4400,0.8456256424512991,0.006695684679314328,7.462501525878906e-05,0.9130350591277803,1.0131131357836636,0.0,0.0,398
4401,0.8490588441946767,0.006691537458570302,7.581710815429688e-05,0.9130377362870806,1.0130692334494082,0.0,0.0,399
4402,0.8209979424925113,0.006687403049764219,0.6871604919433594,0.8848053728128394,1.043682361861633,0.0,0.0,400
4403,0.8230610492338407,0.00668328138182823,0.00024247169494628906,0.8848108004326278,1.0436847773497737,0.0,0.0,401
4404,0.8214626528230152,0.006679172384262505,0.00012493133544921875,0.8848122614042881,1.0436910894362728,0.0,0.0,402
4405,0.8241475207954652,0.006675075987129311,8.797645568847656e-05,0.8848166330471345,1.0436956716222499,0.0,0.0,403
4406,0.8259721970365524,0.006670992121047167,8.845329284667969e-05,0.8848154919086952,1.0437030351649996,0.0,0.0,404
4407,0.8250263308534963,0.006666920717185072,7.939338684082031e-05,0.8848175226855163,1.0437107036519275,0.0,0.0,405
4408,0.8268495728618728,0.006662861707256809,8.320808410644531e-05,0.8848199029268592,1.043713510218935,0.0,0.0,406
4409,0.82521774529455,0.00665881502351531,7.915496826171875e-05,0.8848229396130637,1.043720111330573,0.0,0.0,407
4410,0.8235587376161096,0.006654780598747118,7.867813110351562e-05,0.8848264122084086,1.043727238881069,0.0,0.0,408
4411,0.8220032605265213,0.006650758366266898,8.082389831542969e-05,0.8848303993511596,1.0437365437484103,0.0,0.0,409
4412,0.8210659718050273,0.006646748259912018,9.036064147949219e-05,0.8848291606383728,1.043744055814908,0.0,0.0,410
4413,0.8191393868186914,0.006642750214037211,8.487701416015625e-05,0.8848322225108756,1.043753434251742,0.0,0.0,411
4414,0.8201419807934195,0.006638764163509294,9.036064147949219e-05,0.8848353782209557,1.0437602293834427,0.0,0.0,412
4415,0.8264391957183072,0.00663479004370196,7.987022399902344e-05,0.8848368928014014,1.0437697981330718,0.0,0.0,413
4416,0.8275593066398671,0.0066308277904906275,7.939338684082031e-05,0.8848403900011661,1.0437755076526025,0.0,0.0,414
4417,0.8353927774241967,0.006626877340247366,8.106231689453125e-05,0.8848386718929037,1.0437750077987566,0.0,0.0,415
4418,0.8390889074539769,0.006622938629835863,7.867813110351562e-05,0.88483903565406,1.0437801114648657,0.0,0.0,416
4419,0.8377598745150441,0.00661901159660649,7.605552673339844e-05,0.8848400727914445,1.0437872767254717,0.0,0.0,417
4420,0.838322272252199,0.0066150961783913885,7.581710815429688e-05,0.8848399898984292,1.043789168088506,0.0,0.0,418
4421,0.837490861646745,0.006611192313499652,8.082389831542969e-05,0.8848380680756236,1.0437924671100294,0.0,0.0,419
4422,0.8356711529932154,0.00660729994071254,8.082389831542969e-05,0.884836617523562,1.0437949437743355,0.0,0.0,420
4423,0.8337553741800544,0.00660341899927877,7.843971252441406e-05,0.8848351723949043,1.043798201456768,0.0,0.0,421
4424,0.8321806564320061,0.00659954942890986,9.226799011230469e-05,0.8848341855492443,1.043806160460268,0.0,0.0,422
4425,0.8351859316808562,0.006595691169775527,7.843971252441406e-05,0.8848338293853967,1.0438107897860813,0.0,0.0,423
4426,0.8406549786219781,0.006591844162499147,8.20159912109375e-05,0.8848299616678247,1.0438191946762658,0.0,0.0,424
4427,0.8397148238203515,0.006588008348153263,8.20159912109375e-05,0.8848267894695132,1.043829227757193,0.0,0.0,425
4428,0.8386675313991839,0.006584183668255156,8.130073547363281e-05,0.8848246629324547,1.0438413213304483,0.0,0.0,426
4429,0.8369351336954779,0.006580370064762462,7.867813110351562e-05,0.8848230863815071,1.043853032624128,0.0,0.0,427
4430,0.8390769898417382,0.006576567480068849,9.512901306152344e-05,0.8848198027619852,1.0438651422730618,0.0,0.0,428
4431,0.8376110472200611,0.006572775856999745,8.225440979003906e-05,0.8848171696294898,1.0438767849832054,0.0,0.0,429
4432,0.845738303747819,0.006568995138808109,8.249282836914062e-05,0.884810217731366,1.0438897047721747,0.0,0.0,430
4433,0.8447938000249938,0.006565225269170268,8.487701416015625e-05,0.8848041657265335,1.0439075664949735,0.0,0.0,431
4434,0.8434192997717629,0.00656146619218179,9.846687316894531e-05,0.8847972485699737,1.043920757281719,0.0,0.0,432
4435,0.841914012841126,0.0065577178523534155,8.511543273925781e-05,0.88479242907586,1.043942846204073,0.0,0.0,433
4436,0.8406880201339062,0.006553980194607037,8.177757263183594e-05,0.8847870334085599,1.0439599261865096,0.0,0.0,434
4437,0.8402018596861839,0.006550253164271718,8.344650268554688e-05,0.884783398148221,1.043985661264101,0.0,0.0,435
4438,0.8389683978232283,0.006546536707079772,9.107589721679688e-05,0.8847780007318872,1.0439988166896401,0.0,0.0,436
4439,0.8371123013462658,0.006542830769162876,8.392333984375e-05,0.8847726220385664,1.044011928757405,0.0,0.0,437
4440,0.8356236834364542,0.006539135297048241,8.392333984375e-05,0.8847678002965996,1.0440270986892015,0.0,0.0,438
4441,0.8379104600351046,0.006535450237654821,8.296966552734375e-05,0.8847618317448555,1.04404363254886,0.0,0.0,439
4442,0.8400770270266488,0.006531775538289567,8.511543273925781e-05,0.8847574617246056,1.0440589477687887,0.0,0.0,440
4443,0.8390310178443263,0.006528111146643725,8.916854858398438e-05,0.8847534656422426,1.044074075614162,0.0,0.0,441
4444,0.8374931331274518,0.006524457010789189,8.58306884765625e-05,0.8847501448138808,1.0440913622350931,0.0,0.0,442
4445,0.8368106687514543,0.006520813079174871,8.7738037109375e-05,0.8847475675368978,1.0441114614368883,0.0,0.0,443
4446,0.8369361981299663,0.006517179300623144,8.893013000488281e-05,0.8847457000192398,1.0441356635348624,0.0,0.0,444
4447,0.8412824732430105,0.006513555624326305,8.535385131835938e-05,0.8847431980532255,1.044152178109813,0.0,0.0,445
4448,0.8406788466541347,0.006509941999843086,9.417533874511719e-05,0.8847414645287495,1.0441728497305405,0.0,0.0,446
4449,0.846218270710625,0.006506338377095206,8.416175842285156e-05,0.8847398912369602,1.0441882067602473,0.0,0.0,447
4450,0.8465112294740685,0.006502744706363964,8.153915405273438e-05,0.8847398754048476,1.044203809684104,0.0,0.0,448
4451,0.8486155163413797,0.006499160938286871,8.463859558105469e-05,0.8847398504321915,1.0442200486043482,0.0,0.0,449
4452,0.8488225200131614,0.0064955870238543175,8.392333984375e-05,0.8847369649301181,1.044236655562215,0.0,0.0,450
4453,0.8475280382015323,0.006492022914406282,9.274482727050781e-05,0.8847343189424509,1.0442551171536547,0.0,0.0,451
4454,0.8461224720064315,0.006488468561629078,8.487701416015625e-05,0.8847311431726204,1.0442809120940029,0.0,0.0,452
4455,0.8443134167490931,0.006484923917552139,8.511543273925781e-05,0.8847291478386322,1.044300921939267,0.0,0.0,453
4456,0.8432314311948227,0.00648138893454484,8.7738037109375e-05,0.8847276670865085,1.0443227353092377,0.0,0.0,454
4457,0.8417081604417723,0.006477863565313345,9.1552734375e-05,0.884727109912955,1.0443450911668055,0.0,0.0,455
4458,0.8399203141867331,0.00647434776289751,8.654594421386719e-05,0.8847278798701336,1.0443714427813893,0.0,0.0,456
4459,0.8393626802264689,0.006470841480667811,8.797645568847656e-05,0.8847271610948292,1.0444002774671406,0.0,0.0,457
4460,0.8396068483094898,0.006467344672322295,8.702278137207031e-05,0.8847289944450375,1.0444218948949244,0.0,0.0,458
4461,0.8416556842345677,0.00646385729188359,8.630752563476562e-05,0.8847309263968708,1.0444439030885655,0.0,0.0,459
4462,0.84032123441522,0.006460379293695932,9.942054748535156e-05,0.884732081358428,1.0444733164679767,0.0,0.0,460
4463,0.8386528198635443,0.006456910632422224,8.749961853027344e-05,0.8847333060904851,1.044491413469981,0.0,0.0,461
4464,0.837555933055951,0.006453451263041139,8.296966552734375e-05,0.8847355204328021,1.0445143432935426,0.0,0.0,462
4465,0.8371445197663288,0.006450001140844254,8.440017700195312e-05,0.8847358950480151,1.0445318492718711,0.0,0.0,463
4466,0.8366178951186236,0.006446560221433203,8.487701416015625e-05,0.8847378417259226,1.0445480517490437,0.0,0.0,464
4467,0.835744692356914,0.006443128460716877,8.702278137207031e-05,0.8847373985875694,1.0445663441000939,0.0,0.0,465
4468,0.8361420848512319,0.006439705814908646,8.630752563476562e-05,0.8847396052472548,1.0445887219160281,0.0,0.0,466
4469,0.8395784376397352,0.006436292240523618,8.845329284667969e-05,0.884739087253894,1.0446078940341004,0.0,0.0,467
4470,0.8388242778207502,0.006432887694375929,8.702278137207031e-05,0.8847364694743518,1.0446323135676265,0.0,0.0,468
4471,0.8370932979633761,0.006429492133576047,8.797645568847656e-05,0.8847349711125791,1.0446512423193461,0.0,0.0,469
4472,0.8353710455887028,0.0064261055155281355,9.679794311523438e-05,0.8847323524075504,1.0446734678085285,0.0,0.0,470
4473,0.8383764125191687,0.006422727797927411,8.654594421386719e-05,0.8847326183713016,1.0446965399698303,0.0,0.0,471
4474,0.8385161618522069,0.006419358938757569,8.893013000488281e-05,0.884731711459901,1.04471506219478,0.0,0.0,472
4475,0.8368012046019249,0.006415998896288196,9.250640869140625e-05,0.8847296929031438,1.044736851144537,0.0,0.0,473
4476,0.8383961146689154,0.006412647629072243,8.916854858398438e-05,0.8847315491351221,1.0447599911195415,0.0,0.0,474
4477,0.8381412217385352,0.006409305095943511,8.916854858398438e-05,0.8847299659934421,1.0447862243485933,0.0,0.0,475
4478,0.8373315240874758,0.006405971256014172,9.775161743164062e-05,0.884730763126113,1.0448084720778192,0.0,0.0,476
4479,0.8362531989332422,0.006402646068672306,8.845329284667969e-05,0.8847298228422821,1.0448342537422872,0.0,0.0,477
4480,0.8345589550908482,0.006399329493579472,8.7738037109375e-05,0.8847312008826684,1.0448584848180824,0.0,0.0,478
4481,0.8335399770227426,0.006396021490668312,0.00010204315185546875,0.884731484706725,1.0448828529241942,0.0,0.0,479
4482,0.8346974722104774,0.006392722020140167,8.726119995117188e-05,0.8847312024143672,1.0449095719262997,0.0,0.0,480
4483,0.8373688004671035,0.006389431042462725,9.036064147949219e-05,0.8847287101943985,1.04494420942151,0.0,0.0,481
4484,0.8356854850442255,0.006386148518367696,9.1552734375e-05,0.8847260897721755,1.0449717637356888,0.0,0.0,482
4485,0.8362708919011136,0.0063828744088485195,8.845329284667969e-05,0.8847250274026339,1.045003524163151,0.0,0.0,483
4486,0.8371576370311011,0.00637960867515807,8.869171142578125e-05,0.8847227959000438,1.0450328190697606,0.0,0.0,484
4487,0.837119833776815,0.006376351278806422,9.34600830078125e-05,0.8847215535834269,1.0450595107547926,0.0,0.0,485
4488,0.8392898126600735,0.006373102181558615,9.083747863769531e-05,0.8847202597485628,1.0450897684051603,0.0,0.0,486
4489,0.8376180872330979,0.006369861345432446,9.036064147949219e-05,0.8847200203854577,1.0451148153058694,0.0,0.0,487
4490,0.8397781010543158,0.006366628732696296,9.822845458984375e-05,0.8847201241318481,1.0451376238241394,0.0,0.0,488
4491,0.8456603484456843,0.006363404305866969,9.012222290039062e-05,0.8847207445023482,1.0451699967613854,0.0,0.0,489
4492,0.8446685115213182,0.006360188027707555,9.131431579589844e-05,0.8847160120138525,1.0452011338573715,0.0,0.0,490
4493,0.843188717598451,0.006356979861225324,9.059906005859375e-05,0.8847129126323643,1.0452291467518922,0.0,0.0,491
4494,0.8424226299096412,0.006353779769669633,0.00010180473327636719,0.8847105109508329,1.045258957714783,0.0,0.0,492
4495,0.8453084453865221,0.006350587716529855,8.845329284667969e-05,0.8847072963984303,1.0452851187685333,0.0,0.0,493
4496,0.8458174626884004,0.006347403665533339,9.059906005859375e-05,0.8847053557950647,1.045306873246541,0.0,0.0,494
4497,0.8445849869284792,0.006344227580643384,8.726119995117188e-05,0.8847052670716314,1.0453352567964072,0.0,0.0,495
4498,0.8485640938649714,0.006341059426057236,9.107589721679688e-05,0.8847022548150051,1.045358737294646,0.0,0.0,496
4499,0.8477025459655178,0.006337899166204103,9.608268737792969e-05,0.8846987114191934,1.04538912337513,0.0,0.0,497
4500,0.8460483882466322,0.006334746765743197,9.131431579589844e-05,0.8846961948060144,1.0454144677393518,0.0,0.0,498
4501,0.8499350232720659,0.00633160218956179,9.036064147949219e-05,0.8846940367267851,1.0454395471848081,0.0,0.0,499
4502,0.849623242102963,0.006328465402773299,8.96453857421875e-05,0.8846931719040287,1.0454706641759088,0.0,0.0,500
4503,0.8529141509030119,0.006325336370715381,9.107589721679688e-05,0.8846908950727499,1.0454980161745084,0.0,0.0,501
4504,0.8513459275368148,0.006322215058948049,9.417533874511719e-05,0.8846885810257851,1.0455274278490123,0.0,0.0,502
4505,0.8519114107520767,0.006319101433251813,9.584426879882812e-05,0.884686807193696,1.0455621755731812,0.0,0.0,503
4506,0.8564998323102078,0.006315995459625843,9.250640869140625e-05,0.884681995421094,1.04559327394655,0.0,0.0,504
4507,0.8548509137603189,0.006312897104286137,8.96453857421875e-05,0.8846760598488302,1.0456207872946301,0.0,0.0,505
4508,0.8563667280583656,0.00630980633366372,0.00010395050048828125,0.8846693791539709,1.045654835743968,0.0,0.0,506
4509,0.8548779041562979,0.00630672311440286,9.274482727050781e-05,0.8846638721029514,1.0456851833641054,0.0,0.0,507
4510,0.8542926416561318,0.006303647413359293,9.393692016601562e-05,0.8846590837702689,1.0457174757240446,0.0,0.0,508
4511,0.8526607171245552,0.006300579197598486,9.131431579589844e-05,0.8846533262934431,1.0457544674840862,0.0,0.0,509
4512,0.8510344437296736,0.006297518434393888,9.298324584960938e-05,0.8846485664466024,1.0457865726935378,0.0,0.0,510
4513,0.8497830556139718,0.006294465091225232,9.059906005859375e-05,0.8846434356188598,1.045820365014828,0.0,0.0,511
4514,0.8493639291326577,0.006291419135776826,9.179115295410156e-05,0.8846397338049659,1.045852293704764,0.0,0.0,512
4515,0.848070564227255,0.006288380535935879,9.369850158691406e-05,0.8846361447729493,1.045885897541369,0.0,0.0,513
4516,0.8505953247229687,0.006285349259790838,9.083747863769531e-05,0.8846321789320974,1.045923532026282,0.0,0.0,514
4517,0.8533165967905654,0.006282325275629743,0.00010609626770019531,0.8846287133404189,1.045954649189495,0.0,0.0,515
4518,0.8547266257308166,0.00627930855193859,9.131431579589844e-05,0.8846237055760884,1.0459908642428641,0.0,0.0,516
4519,0.855176184257652,0.0062762990573997325,9.679794311523438e-05,0.8846185419507804,1.0460290063887256,0.0,0.0,517
4520,0.8556104049765265,0.0062732967608902694,9.1552734375e-05,0.8846145973134033,1.0460662705668862,0.0,0.0,518
4521,0.8542921638558866,0.0062703016314804745,9.417533874511719e-05,0.8846110894198362,1.0461054025136456,0.0,0.0,519
4522,0.8529055298694703,0.006267313638432229,9.417533874511719e-05,0.8846081220487195,1.046146174589377,0.0,0.0,520
4523,0.8524452350103746,0.00626433275119747,0.00010251998901367188,0.884602715939426,1.0461796009993811,0.0,0.0,521
4524,0.8508557459932022,0.006261358939416657,9.322166442871094e-05,0.8845973255186473,1.0462129327051448,0.0,0.0,522
4525,0.850597677408981,0.006258392172917259,9.250640869140625e-05,0.884593309693652,1.046244507900873,0.0,0.0,523
4526,0.8535434393894913,0.006255432421712243,0.000102996826171875,0.884587859425018,1.046272949523975,0.0,0.0,524
4527,0.8571106810018261,0.006252479655998589,9.560585021972656e-05,0.8845815893651444,1.0462991244784583,0.0,0.0,525
4528,0.8604853566573346,0.00624953384615582,9.560585021972656e-05,0.8845757102140979,1.0463247330810503,0.0,0.0,526
4529,0.862047955809367,0.006246594962744535,9.512901306152344e-05,0.8845687649819785,1.046354108392889,0.0,0.0,527
4530,0.860858676857743,0.006243662976504969,9.584426879882812e-05,0.8845622505409706,1.0463850112353614,0.0,0.0,528
4531,0.8611258496897471,0.006240737858355563,9.441375732421875e-05,0.8845545448931822,1.0464150637994574,0.0,0.0,529
4532,0.8595412441145864,0.0062378195793915455,9.5367431640625e-05,0.8845468611891084,1.0464450325662866,0.0,0.0,530
4533,0.8579642695885981,0.006234908110883528,9.584426879882812e-05,0.8845394873529608,1.0464765989276643,0.0,0.0,531
4534,0.8570722543233422,0.006232003424276119,9.5367431640625e-05,0.8845325618183679,1.0465097858199441,0.0,0.0,532
4535,0.8606259422432425,0.006229105491186549,0.00010538101196289062,0.8845257266870925,1.0465436065425386,0.0,0.0,533
4536,0.8606963024309119,0.006226214283403304,9.72747802734375e-05,0.8845192154985045,1.046578513860591,0.0,0.0,534
4537,0.8608628390115114,0.006223329772884784,9.369850158691406e-05,0.8845124783757811,1.0466152885300823,0.0,0.0,535
4538,0.8599499336919701,0.006220451931757957,9.679794311523438e-05,0.8845061604103474,1.0466535390071323,0.0,0.0,536
4539,0.8629952529731374,0.006217580732317048,9.894371032714844e-05,0.8844982071515443,1.046691007289878,0.0,0.0,537
4540,0.8619579048934325,0.00621471614702222,9.679794311523438e-05,0.8844906639366651,1.0467298110746321,0.0,0.0,538
4541,0.8703512501040547,0.00621185814849828,0.00010085105895996094,0.8844810613614815,1.0467670752110168,0.0,0.0,539
4542,0.868808576626073,0.006209006709533396,9.655952453613281e-05,0.8844718108556069,1.0468057114632778,0.0,0.0,540
4543,0.867734801435765,0.006206161803077822,0.00010609626770019531,0.8844631007275549,1.04684518007986,0.0,0.0,541
4544,0.8684385178470396,0.006203323402242636,9.775161743164062e-05,0.8844539710703756,1.0468809912030843,0.0,0.0,542
4545,0.8675994287910536,0.006200491480298496,9.608268737792969e-05,0.8844452311375719,1.0469142715015132,0.0,0.0,543
4546,0.866037215627707,0.006197666010674404,9.5367431640625e-05,0.8844365154295736,1.0469474612170622,0.0,0.0,544
4547,0.872577938539576,0.006194846966956478,9.846687316894531e-05,0.8844265568793584,1.0469818864167466,0.0,0.0,545
4548,0.8722750343108363,0.006192034322886739,9.632110595703125e-05,0.8844171630404315,1.047017929396772,0.0,0.0,546
4549,0.8707144886803571,0.0061892280523619175,9.775161743164062e-05,0.8844081423342716,1.0470521418627297,0.0,0.0,547
4550,0.8714838109503785,0.006186428129432249,9.512901306152344e-05,0.8843985886386716,1.0470877888794508,0.0,0.0,548
4551,0.8700432240244226,0.0061836345283003144,9.703636169433594e-05,0.8843891938749837,1.047122876639373,0.0,0.0,549
4552,0.8738188067712611,0.006180847223319857,0.00010204315185546875,0.8843799907861299,1.0471579043432824,0.0,0.0,550
4553,0.8729634553380723,0.0061780661889946345,9.465217590332031e-05,0.8843704021831326,1.047193700805488,0.0,0.0,551
4554,0.871413097329086,0.006175291399977269,9.894371032714844e-05,0.8843608397519358,1.0472294011151961,0.0,0.0,552
4555,0.8701034452553749,0.006172522831068115,9.489059448242188e-05,0.8843516657290182,1.0472663891584475,0.0,0.0,553
4556,0.8698181715507648,0.00616976045721414,9.72747802734375e-05,0.884343086060833,1.0473022498143532,0.0,0.0,554
4557,0.8705336840929695,0.006167004253507795,0.00010180473327636719,0.8843324882115007,1.047337860349711,0.0,0.0,555
4558,0.871138090985282,0.006164254195185936,9.560585021972656e-05,0.8843217235191153,1.0473727841154825,0.0,0.0,556
4559,0.8696063802859151,0.0061615102576287085,9.72747802734375e-05,0.8843109879302302,1.0474076149426275,0.0,0.0,557
4560,0.8680801357587989,0.006158772416358479,9.632110595703125e-05,0.8843002813141942,1.0474423532440824,0.0,0.0,558
4561,0.8740864442866593,0.006156040647038756,0.00010037422180175781,0.8842880650179523,1.0474763493160737,0.0,0.0,559
4562,0.8733030620808451,0.006153314925473131,9.894371032714844e-05,0.8842749378089582,1.0475090401759442,0.0,0.0,560
4563,0.8730326741792408,0.006150595227604225,0.00010228157043457031,0.884263085259607,1.0475400609688246,0.0,0.0,561
4564,0.8729483475107659,0.006147881529512644,9.608268737792969e-05,0.8842524170306452,1.0475694774547977,0.0,0.0,562
4565,0.8742269515709257,0.006145173807415947,0.00010633468627929688,0.8842404326367452,1.0475995234366595,0.0,0.0,563
4566,0.8732753252714671,0.0061424720376676255,0.00010061264038085938,0.884229117203645,1.0476304201209066,0.0,0.0,564
4567,0.8760127914285885,0.006139776196756083,0.00010251998901367188,0.8842180927542767,1.0476612982285918,0.0,0.0,565
4568,0.8751932399757283,0.006137086261303637,0.00010132789611816406,0.884205323021344,1.0476929836353621,0.0,0.0,566
4569,0.8758958147763554,0.006134402208065516,0.00011086463928222656,0.8841920626426228,1.0477229289779924,0.0,0.0,567
4570,0.8762501902812929,0.0061317240139288805,9.72747802734375e-05,0.8841782927215549,1.047750786342984,0.0,0.0,568
4571,0.8749062539476078,0.006129051655911842,0.00010037422180175781,0.8841643543023227,1.0477800849471726,0.0,0.0,569
4572,0.8752342003285956,0.006126385111162491,9.870529174804688e-05,0.8841496026340966,1.047808522495975,0.0,0.0,570
4573,0.8788290944373081,0.0061237243569579455,9.775161743164062e-05,0.8841348405958465,1.0478332717340195,0.0,0.0,571
4574,0.8776921296377918,0.006121069370703389,0.00010395050048828125,0.8841206936992887,1.0478589832993028,0.0,0.0,572
4575,0.8780018570901477,0.006118420129931143,9.846687316894531e-05,0.8841077359806616,1.0478828332230432,0.0,0.0,573
4576,0.8769744710008821,0.006115776612299718,0.00010061264038085938,0.8840950268819006,1.0479078815100096,0.0,0.0,574
4577,0.8772893619116813,0.006113138795592898,0.00010585784912109375,0.8840819375068065,1.0479313876560956,0.0,0.0,575
4578,0.8757991443985991,0.006110506657718819,0.00010395050048828125,0.8840688823230402,1.047954833565599,0.0,0.0,576
4579,0.8743140640592885,0.006107880176709061,0.00010013580322265625,0.8840558611822383,1.0479782194966583,0.0,0.0,577
4580,0.873314935212128,0.0061052593307177536,0.00010371208190917969,0.8840430397894974,1.0480034432267544,0.0,0.0,578
4581,0.8728190645207516,0.006102644098020674,0.0001049041748046875,0.8840292215876363,1.0480299655874785,0.0,0.0,579
4582,0.8713461303137808,0.0061000344570143646,9.918212890625e-05,0.8840154392258461,1.0480564203349672,0.0,0.0,580
4583,0.8698782409326973,0.0060974303862152655,9.965896606445312e-05,0.8840016925496929,1.0480828077573008,0.0,0.0,581
4584,0.8684153704900494,0.006094831864258834,0.00010371208190917969,0.8839879814056708,1.048109128140841,0.0,0.0,582
4585,0.866957493275179,0.006092238869898694,0.00010895729064941406,0.8839743056411963,1.0481353817702432,0.0,0.0,583
4586,0.8669668847833915,0.006089651382005772,0.00010347366333007812,0.8839604991213702,1.0481624469626332,0.0,0.0,584
4587,0.8657856409245013,0.006087069379567463,0.00010251998901367188,0.8839471771515011,1.048190611131135,0.0,0.0,585
4588,0.8643396275036019,0.006084492841686785,9.965896606445312e-05,0.8839338893864184,1.0482187041738917,0.0,0.0,586
4589,0.864157763265623,0.006081921747581547,0.00010156631469726562,0.8839217808927319,1.0482455399373338,0.0,0.0,587
4590,0.8637045392260532,0.0060793560765835366,0.00010013580322265625,0.8839093061197033,1.0482700589182559,0.0,0.0,588
4591,0.8628752036435641,0.006076795808137691,0.00010132789611816406,0.8838971618189986,1.0482959699446033,0.0,0.0,589
4592,0.8616544155081827,0.006074240921801295,0.0001049041748046875,0.8838853940418925,1.0483233279158413,0.0,0.0,590
4593,0.8614020868746932,0.006071691397243178,0.000102996826171875,0.8838747265249575,1.0483490602550918,0.0,0.0,591
4594,0.859977788746501,0.006069147214242921,0.0001010894775390625,0.8838640861504234,1.048374728353992,0.0,0.0,592
4595,0.8589966883487427,0.006066608352690067,0.00010466575622558594,0.8838534845540928,1.048401784526395,0.0,0.0,593
4596,0.8648718909605662,0.006064074792583338,0.00010156631469726562,0.8838416201277233,1.0484299315306442,0.0,0.0,594
4597,0.8672559726155207,0.00606154651402987,0.00010418891906738281,0.8838296654468445,1.0484584088546478,0.0,0.0,595
4598,0.8658283326556427,0.006059023497244435,0.00010275840759277344,0.8838177409590273,1.048486815429453,0.0,0.0,596
4599,0.8663473057847249,0.006056505722548688,0.000102996826171875,0.8838067099723032,1.0485141663660908,0.0,0.0,597
4600,0.8671673641780304,0.00605399317037041,0.00010275840759277344,0.8837951245490762,1.04853865036027,0.0,0.0,598
4601,0.8661638399546487,0.006051485821242761,0.00010442733764648438,0.8837840375844251,1.048564034135816,0.0,0.0,599
4602,0.8446541214684831,0.006048983655803541,1.1411378383636475,0.8638677096321657,1.1461504991059346,0.0,0.0,600
4603,0.8459546753897075,0.006046486654794454,0.0002243518829345703,0.8638715312948824,1.1461574101627947,0.0,0.0,601
4604,0.8460321845456684,0.0060439947990603825,0.00012922286987304688,0.8638731706891868,1.1461627867325794,0.0,0.0,602
4605,0.844981992734593,0.0060415080695486595,0.00011944770812988281,0.8638768252372973,1.1461658004634947,0.0,0.0,603
4606,0.8477977708971545,0.006039026447308362,0.00011277198791503906,0.8638760767240435,1.1461721091904524,0.0,0.0,604
4607,0.8521609538922286,0.0060365499134895926,0.00011944770812988281,0.863880137125127,1.1461717659150168,0.0,0.0,605
4608,0.8529251107324541,0.006034078449342789,0.00010848045349121094,0.8638813899889256,1.1461724020371529,0.0,0.0,606
4609,0.8580555141013901,0.006031612036218008,0.00010704994201660156,0.8638854349362936,1.146170629954479,0.0,0.0,607
4610,0.8580229877504462,0.006029150655564254,0.00010466575622558594,0.8638865307147515,1.1461701705415626,0.0,0.0,608
4611,0.8566535357070907,0.00602669428892878,0.00010728836059570312,0.8638900894133567,1.1461668877601563,0.0,0.0,609
4612,0.8576181839636703,0.006024242917956416,0.00010657310485839844,0.8638924120192712,1.1461587897748973,0.0,0.0,610
4613,0.8580044775746561,0.006021796524388889,0.00010776519775390625,0.8638929258883663,1.1461513906390899,0.0,0.0,611
4614,0.8621276891854324,0.006019355090064163,0.00010800361633300781,0.8638959356610754,1.1461503239808613,0.0,0.0,612
4615,0.8626233573289495,0.006016918596915769,0.00011610984802246094,0.8638967475017105,1.1461461241750883,0.0,0.0,613
4616,0.8612577213939439,0.0060144870269721535,0.0001049041748046875,0.8638968119988618,1.1461411123238363,0.0,0.0,614
4617,0.8608282887409852,0.006012060362356024,0.00010395050048828125,0.8639011472043692,1.1461401568949823,0.0,0.0,615
4618,0.8615672626941419,0.006009638585283708,0.00010347366333007812,0.8639025178016182,1.146135504981344,0.0,0.0,616
4619,0.8605088123926156,0.0060072216780645065,0.00010657310485839844,0.863905184388191,1.1461364788616932,0.0,0.0,617
4620,0.8636295464191608,0.006004809623100068,0.00010633468627929688,0.8639116008786946,1.146133089292735,0.0,0.0,618
4621,0.8624013666841912,0.0060024024028837485,0.00011205673217773438,0.8639144504969906,1.14612720542014,0.0,0.0,619
4622,0.8624461337283028,0.006,0.00010848045349121094,0.8639171162564542,1.1461234880119688,0.0,0.0,620
4623,0.8613287755742126,0.005997602397123739,0.0001163482666015625,0.863920303801624,1.1461204509613931,0.0,0.0,621
4624,0.8610589675040918,0.0059952095770197415,0.00010776519775390625,0.8639231190005395,1.1461155054906065,0.0,0.0,622
4625,0.8612941937300272,0.005992821522542031,0.00010776519775390625,0.8639261247277957,1.146111573886543,0.0,0.0,623
4626,0.8605004191463826,0.005990438216633279,0.0001087188720703125,0.8639300855879947,1.1461004001147181,0.0,0.0,624
4627,0.8591618325726669,0.005988059642324199,0.00010824203491210938,0.8639333402937183,1.146096505381837,0.0,0.0,625
4628,0.8578528767882959,0.005985685782732959,0.00010704994201660156,0.8639370394645292,1.146093370923392,0.0,0.0,626
4629,0.857398981174431,0.005983316621064595,0.00010848045349121094,0.8639406309401552,1.146090009086853,0.0,0.0,627
4630,0.8560713909928924,0.005980952140610422,0.00010919570922851562,0.863944651988434,1.1460805681061041,0.0,0.0,628
4631,0.8601808879678099,0.005978592324747456,0.00010919570922851562,0.8639474841881358,1.1460734477417343,0.0,0.0,629
4632,0.8591366860481647,0.005976237156937844,0.000110626220703125,0.8639519822107089,1.1460640403450844,0.0,0.0,630
4633,0.8589128635848469,0.005973886620728292,0.00010848045349121094,0.8639528159136279,1.1460607463003931,0.0,0.0,631
4634,0.8615869255288876,0.005971540699749498,0.00010752677917480469,0.8639549981799931,1.1460558923612347,0.0,0.0,632
4635,0.8626295131580679,0.0059691993777156,0.00010824203491210938,0.8639580523788988,1.1460533036737188,0.0,0.0,633
4636,0.8649197939892433,0.005966862638423613,0.00010752677917480469,0.8639611892917526,1.1460496470397876,1.0,0.0,634
4637,0.8635944909035285,0.00596453046575288,0.00011014938354492188,0.8639640694380014,1.1460470928540827,0.0,0.0,635
4638,0.8639705848670897,0.005962202843664529,0.00011658668518066406,0.8639665494190771,1.1460385147488845,1.0,0.0,636
4639,0.8643722723482171,0.005959879756200928,0.00010848045349121094,0.863969881177792,1.146034364270784,1.0,0.0,637
4640,0.8633283290522429,0.005957561187485149,0.000110626220703125,0.8639718578633915,1.1460262155877339,0.0,0.0,638
4641,0.8662556855455784,0.005955247121720435,0.00010728836059570312,0.8639754465185405,1.1460225579933214,1.0,0.0,639
4642,0.8655624964885136,0.005952937543189673,0.00010943412780761719,0.8639761895282768,1.1460160702732898,1.0,0.0,640
4643,0.8665690883864449,0.005950632436254865,0.0001125335693359375,0.8639793544760983,1.146014379968697,1.0,0.0,641
4644,0.8698363564699286,0.005948331785356615,0.00011086463928222656,0.8639798836694885,1.1460089392386226,1.0,0.0,642
4645,0.8692952621566129,0.005946035575013605,0.00010824203491210938,0.8639801328401403,1.1460036623361403,1.0,0.0,643
4646,0.8701636199957999,0.005943743789822091,0.00011682510375976562,0.8639827533862996,1.1460043913428917,1.0,0.0,644
4647,0.8695553535071052,0.005941456414455391,0.00010895729064941406,0.8639841546450439,1.1460007275204374,1.0,0.0,645
4648,0.8694564307976205,0.0059391734336633846,0.00011086463928222656,0.8639844300141578,1.1459953060934729,1.0,0.0,646
4649,0.8690854200338225,0.005936894832272007,0.00011014938354492188,0.8639850406824352,1.1459912752694057,1.0,0.0,647
4650,0.8678135320953542,0.005934620595182767,0.00011181831359863281,0.8639871090538073,1.1459883374299085,1.0,0.0,648
4651,0.8702518216305349,0.005932350707372236,0.00011134147644042969,0.863990719376784,1.1459921022063864,1.0,0.0,649
4652,0.8689481367760581,0.0059300851538915825,0.00011420249938964844,0.8639941653524897,1.1459888073933235,1.0,0.0,650
4653,0.8680072945993165,0.005927823919866071,0.00012373924255371094,0.8639971132966743,1.1459867031707405,1.0,0.0,651
4654,0.8671765954583445,0.0059255669904945945,0.00011372566223144531,0.8640001274490597,1.1459860368194357,1.0,0.0,652
4655,0.8686446972614413,0.005923314351049189,0.00011134147644042969,0.8640019751394991,1.1459820749407499,1.0,0.0,653
4656,0.8696136421458833,0.005921065986874567,0.00011229515075683594,0.8640032220537782,1.1459857341416466,1.0,0.0,654
4657,0.8725642095929552,0.005918821883387651,0.00011014938354492188,0.8640033319716559,1.145980454032611,1.0,0.0,655
4658,0.8723347566340182,0.0059165820260771015,0.00011086463928222656,0.8640057751837875,1.1459792614879363,1.0,0.0,656
4659,0.8711880177367854,0.005914346400502868,0.00010991096496582031,0.8640069719671017,1.1459739213881583,1.0,0.0,657
4660,0.8698988860260383,0.005912114992295717,0.00011038780212402344,0.8640097177342969,1.1459727918054927,1.0,0.0,658
4661,0.8686780779440747,0.00590988778715679,0.00011944770812988281,0.8640112870913822,1.1459682335878574,1.0,0.0,659
4662,0.8744286851257014,0.00590766477085715,0.00011372566223144531,0.8640150506698561,1.1459669187711778,1.0,0.0,660
4663,0.8731394627308955,0.0059054459292373325,0.00011277198791503906,0.8640179321122448,1.145962177479898,1.0,0.0,661
4664,0.8768377562396934,0.005903231248206907,0.00011372566223144531,0.8640223133287087,1.1459576449868945,1.0,0.0,662
4665,0.8768654604579919,0.005901020713744034,0.00011372566223144531,0.8640255182036577,1.1459512877969227,1.0,0.0,663
4666,0.8756058797972257,0.005898814311895031,0.00011467933654785156,0.8640293254084617,1.1459454674789098,1.0,0.0,664
4667,0.8752147923001049,0.005896612028773939,0.00011229515075683594,0.8640337055224231,1.1459417182139577,1.0,0.0,665
4668,0.8764616845376616,0.0058944138505620915,0.00012135505676269531,0.8640381451050902,1.1459363349529708,1.0,0.0,666
4669,0.8751805330425669,0.005892219763507694,0.00011491775512695312,0.8640434651161822,1.145930677846209,1.0,0.0,667
4670,0.8762065193922582,0.0058900297539253976,0.00011277198791503906,0.8640488900344345,1.1459255597046203,1.0,0.0,668
4671,0.8753591225401313,0.005887843808195878,0.00011920928955078125,0.8640536601878517,1.145920238682843,1.0,0.0,669
4672,0.8764301041480178,0.0058856619127654235,0.00011444091796875,0.8640593392218414,1.1459131589879477,1.0,0.0,670
4673,0.8759408060362827,0.005883484054145521,0.00011372566223144531,0.864063084140066,1.145908610761663,1.0,0.0,671
4674,0.8772452734751784,0.005881310218912444,0.00011610984802246094,0.8640672049331865,1.1459030677909647,1.0,0.0,672
4675,0.8761621808897361,0.005879140393706854,0.00011420249938964844,0.8640727015449154,1.1459002698697505,1.0,0.0,673
4676,0.8787126596686616,0.0058769745652333845,0.00012230873107910156,0.8640779459604628,1.145892044140501,1.0,0.0,674
4677,0.8780343652854312,0.005874812720260253,0.00011968612670898438,0.8640835964516075,1.145884236290639,1.0,0.0,675
4678,0.8767830844955985,0.005872654845618856,0.00011444091796875,0.8640920854458668,1.1458771093750943,1.0,0.0,676
4679,0.8764606290671572,0.005870500928203381,0.00011706352233886719,0.8640985657341175,1.145865587524386,1.0,0.0,677
4680,0.8759109230284874,0.005868350954970411,0.00011348724365234375,0.8641070858908173,1.1458580109151157,1.0,0.0,678
4681,0.878528722476762,0.005866204912938541,0.00011897087097167969,0.8641150507120531,1.1458457716025026,1.0,0.0,679
4682,0.8790715403772154,0.005864062789187984,0.00011372566223144531,0.864125345490943,1.145836976441982,1.0,0.0,680
4683,0.8797311276150774,0.005861924570860201,0.0001227855682373047,0.8641350658395283,1.1458234233437419,1.0,0.0,681
4684,0.8796208598432692,0.005859790245157518,0.0001163482666015625,0.8641469218159673,1.1458144636922905,1.0,0.0,682
4685,0.8787032764134705,0.005857659799342742,0.00011968612670898438,0.8641576436063738,1.1458019631609293,1.0,0.0,683
4686,0.8775359949488026,0.005855533220738797,0.00011324882507324219,0.8641684343639736,1.1457952282280468,1.0,0.0,684
4687,0.8763762207224411,0.00585341049672835,0.00011372566223144531,0.8641780837321087,1.1457851157745538,1.0,0.0,685
4688,0.8785910604671573,0.005851291614753448,0.00011897087097167969,0.8641901448283188,1.1457775685544427,1.0,0.0,686
4689,0.8775010188842277,0.005849176562315139,0.00011372566223144531,0.8642010129621237,1.1457663424066764,1.0,0.0,687
4690,0.8782576223180932,0.005847065326973128,0.0001251697540283203,0.8642122990421154,1.1457559502659853,1.0,0.0,688
4691,0.8770129493634147,0.00584495789634541,0.00011706352233886719,0.8642235605191548,1.1457455818710254,1.0,0.0,689
4692,0.877121344732812,0.005842854258107905,0.0001251697540283203,0.8642355389463583,1.1457387663063603,1.0,0.0,690
4693,0.8758822443813062,0.005840754399994118,0.00011730194091796875,0.8642460488408724,1.1457280651065929,1.0,0.0,691
4694,0.8762325153337562,0.005838658309794781,0.00011372566223144531,0.8642554772537379,1.1457198386973706,1.0,0.0,692
4695,0.8777070141804414,0.005836565975357505,0.00011467933654785156,0.8642654899772169,1.1457107925250472,1.0,0.0,693
4696,0.8770032574406748,0.005834477384586431,0.00011467933654785156,0.8642744556016863,1.1456980672363424,1.0,0.0,694
4697,0.8757716076506011,0.005832392525441891,0.00011491775512695312,0.8642846140537251,1.145690193541208,1.0,0.0,695
4698,0.8745743293937926,0.005830311385940069,0.00012302398681640625,0.8642953864889696,1.1456824326049735,1.0,0.0,696
4699,0.8767551878394504,0.005828233954152652,0.00011587142944335938,0.8643060204567067,1.1456749210813428,1.0,0.0,697
4700,0.8755291671365267,0.005826160218206511,0.00011420249938964844,0.8643166315395888,1.1456674267870413,1.0,0.0,698
4701,0.8745586598480841,0.005824090166283349,0.00011777877807617188,0.8643261158107848,1.1456551482352322,1.0,0.0,699
4702,0.8734812613592811,0.005822023786619385,0.00011706352233886719,0.8643355809709073,1.1456520314025607,1.0,0.0,700
4703,0.8744254073933497,0.005819961067505019,0.00011706352233886719,0.8643432952961101,1.1456447900386544,1.0,0.0,701
4704,0.8740522347531077,0.005817901997284507,0.00011491775512695312,0.864351950029534,1.1456404851265813,1.0,0.0,702
4705,0.875675704362553,0.005815846564355639,0.00012612342834472656,0.8643591863977733,1.1456318047414242,1.0,0.0,703
4706,0.8748421376865048,0.005813794757169416,0.00011610984802246094,0.8643684808110923,1.1456265946185924,1.0,0.0,704
4707,0.8737072020285721,0.005811746564229729,0.00011920928955078125,0.8643779308774239,1.1456218364020976,1.0,0.0,705
4708,0.8737396157546884,0.005809701974093053,0.00011801719665527344,0.8643856069675033,1.145612705530545,1.0,0.0,706
4709,0.874614348677009,0.005807660975368118,0.000118255615234375,0.8643939370609866,1.1456073479230864,1.0,0.0,707
4710,0.8752330996468373,0.0058056235567156105,0.00011944770812988281,0.8644017500160153,1.1455999477508154,1.0,0.0,708
4711,0.8740283619069206,0.005803589706847857,0.00011730194091796875,0.8644095464105138,1.1455925642988152,1.0,0.0,709
4712,0.8742142447079352,0.005801559414528516,0.0001270771026611328,0.8644179626570093,1.1455860618132534,1.0,0.0,710
4713,0.8747661038596707,0.0057995326685722805,0.00011682510375976562,0.8644256752025182,1.1455738527994481,1.0,0.0,711
4714,0.8737717334978032,0.005797509457844566,0.00011706352233886719,0.8644350810556318,1.145565520496304,1.0,0.0,712
4715,0.8738459277830806,0.005795489771261219,0.00011587142944335938,0.8644433326955547,1.1455558951680798,1.0,0.0,713
4716,0.8739153184464129,0.00579347359778821,0.00011563301086425781,0.8644509451518411,1.14554548128352,1.0,0.0,714
4717,0.875999227322337,0.0057914609264413455,0.0001163482666015625,0.8644587499496709,1.1455309840774652,1.0,0.0,715
4718,0.875971070635651,0.005789451746285968,0.0001163482666015625,0.8644660545026233,1.1455163833340967,1.0,0.0,716
4719,0.8769560602657593,0.005787446046436667,0.00012946128845214844,0.864471059989502,1.145497244633425,1.0,0.0,717
4720,0.8757624252791997,0.0057854438160569914,0.000118255615234375,0.8644760549907753,1.145478146975166,1.0,0.0,718
4721,0.8764010775119003,0.005783445044359157,0.00011849403381347656,0.8644806625390526,1.1454588662092127,1.0,0.0,719
4722,0.8770030810977756,0.005781449720603763,0.00011610984802246094,0.8644860735019639,1.145438353217235,1.0,0.0,720
4723,0.8758138065866204,0.005779457834099514,0.00011801719665527344,0.8644912668763297,1.1454187880187146,1.0,0.0,721
4724,0.8781632175637542,0.0057774693742029285,0.00011730194091796875,0.8644969569271206,1.1453950477948396,1.0,0.0,722
4725,0.8773521744961238,0.00577548433031807,0.000118255615234375,0.8645028543099029,1.1453724772226297,1.0,0.0,723
4726,0.8766002534230343,0.005773502691896258,0.00011658668518066406,0.8645090621995962,1.1453503347090743,1.0,0.0,724
4727,0.8755631987573714,0.005771524448435806,0.00011968612670898438,0.8645156807208341,1.1453296684590595,1.0,0.0,725
4728,0.8747484796156304,0.005769549589481739,0.00011968612670898438,0.864521538323618,1.1453097657875957,1.0,0.0,726
4729,0.8741133409899338,0.005767578104625526,0.00011873245239257812,0.8645261823498116,1.1452923237840078,1.0,0.0,727
4730,0.8752446721664286,0.005765609983504807,0.00011897087097167969,0.8645304959801579,1.1452742253980963,1.0,0.0,728
4731,0.8760062005082005,0.005763645215803129,0.00011658668518066406,0.8645347531370472,1.1452557784698825,1.0,0.0,729
4732,0.8783331691118604,0.00576168379124968,0.00011992454528808594,0.8645400516771793,1.145235903490223,1.0,0.0,730
4733,0.8785872951243898,0.005759725699619024,0.00011849403381347656,0.8645449220854218,1.1452157868736583,1.0,0.0,731
4734,0.8776723581719208,0.005757770930730839,0.00013136863708496094,0.8645501792234188,1.1451961355896438,1.0,0.0,732
4735,0.8770350812649101,0.005755819474449661,0.000118255615234375,0.8645557640368208,1.1451766962592804,1.0,0.0,733
4736,0.8762057022299847,0.005753871320684617,0.00011754035949707031,0.8645615759787785,1.1451576319610546,1.0,0.0,734
4737,0.875038979017234,0.0057519264593891796,0.00012230873107910156,0.8645673760294398,1.1451386075999845,1.0,0.0,735
4738,0.8742134048255737,0.005749984880560907,0.00012040138244628906,0.8645727347601173,1.1451181782642401,1.0,0.0,736
4739,0.8736335877897431,0.005748046574241187,0.00011968612670898438,0.8645783907142578,1.1450981602229542,1.0,0.0,737
4740,0.873866910741308,0.005746111530514996,0.00012159347534179688,0.8645845957821402,1.1450797631508691,1.0,0.0,738
4741,0.8728437180603543,0.005744179739510637,0.00013184547424316406,0.8645910673791793,1.1450619579124088,1.0,0.0,739
4742,0.8738699486401249,0.005742251191399504,0.00012254714965820312,0.8645979146357163,1.145043864642544,1.0,0.0,740
4743,0.8728363165465245,0.00574032587639583,0.00012111663818359375,0.8646051393294145,1.1450262964441438,1.0,0.0,741
4744,0.8720082509033078,0.005738403784756446,0.00012540817260742188,0.8646126648261548,1.1450091806853926,1.0,0.0,742
4745,0.8708628707557241,0.005736484906780535,0.00012087821960449219,0.8646203507462539,1.144992686312875,1.0,0.0,743
4746,0.8697171900623987,0.005734569232809395,0.00012159347534179688,0.8646280211363201,1.1449762262337797,1.0,0.0,744
4747,0.8723598567836324,0.0057326567532262,0.00012159347534179688,0.8646367645792913,1.1449583560684136,1.0,0.0,745
4748,0.8722320438819537,0.005730747458455764,0.00013136863708496094,0.8646449299506549,1.1449402147885206,1.0,0.0,746
4749,0.8723312088668056,0.0057288413389643,0.00012087821960449219,0.8646522043687987,1.1449213048045324,1.0,0.0,747
4750,0.8745976822757344,0.005726938385259193,0.0001220703125,0.8646581840047464,1.1449051245241737,1.0,0.0,748
4751,0.8744345957548392,0.00572503858788876,0.00012111663818359375,0.8646633528689414,1.144887303643714,1.0,0.0,749
4752,0.8736609261405072,0.005723141937442034,0.00012230873107910156,0.8646688705785626,1.1448699095077317,1.0,0.0,750
4753,0.8729755403761237,0.005721248424548514,0.00012135505676269531,0.8646744690446689,1.1448526384864801,1.0,0.0,751
4754,0.8718383258399212,0.005719358039877957,0.0001266002655029297,0.8646800563129776,1.1448354029286265,1.0,0.0,752
4755,0.870737618643975,0.0057174707741401406,0.0001285076141357422,0.8646859430551729,1.1448187616756957,1.0,0.0,753
4756,0.8704019442524203,0.005715586618084642,0.0001232624053955078,0.8646912533522488,1.144802223460337,1.0,0.0,754
4757,0.8701726165964975,0.00571370556250062,0.00012135505676269531,0.8646954790277264,1.1447882664432014,1.0,0.0,755
4758,0.8690451817833157,0.005711827598216582,0.00012230873107910156,0.8646996962905746,1.1447743381284508,1.0,0.0,756
4759,0.8679207093763349,0.005709952716100181,0.00012183189392089844,0.8647039051686464,1.144760438419026,1.0,0.0,757
4760,0.8705419313915795,0.005708080907057979,0.00012159347534179688,0.8647092829219695,1.1447453580868447,1.0,0.0,758
4761,0.8715269186508251,0.005706212162035248,0.00012040138244628906,0.8647149870791008,1.14473124504081,1.0,0.0,759
4762,0.8704033464859057,0.005704346472015741,0.0001308917999267578,0.864720679947379,1.1447171608321653,1.0,0.0,760
4763,0.8702095975226881,0.005702483828021487,0.00012636184692382812,0.864724439887098,1.144707357164602,1.0,0.0,761
4764,0.8702394138935232,0.005700624221112574,0.00012135505676269531,0.8647283633277056,1.1446982361337192,1.0,0.0,762
4765,0.8691228541997006,0.0056987676423869435,0.00012135505676269531,0.8647322790276216,1.144689134011402,1.0,0.0,763
4766,0.8709944028161699,0.005696914082980174,0.0001232624053955078,0.8647367116421654,1.1446789750307138,1.0,0.0,764
4767,0.870658507949325,0.00569506353406528,0.00012135505676269531,0.8647405085138622,1.1446679229492684,1.0,0.0,765
4768,0.8717821571305089,0.0056932159868525005,0.0001232624053955078,0.8647441503216424,1.1446556063147397,1.0,0.0,766
4769,0.8720356098124905,0.005691371432589095,0.0001232624053955078,0.8647477245286436,1.1446428296449371,1.0,0.0,767
4770,0.8720586509548732,0.005689529862559145,0.00012254714965820312,0.8647508690309605,1.1446281104981966,1.0,0.0,768
4771,0.8725855301653784,0.0056876912680833445,0.00012540817260742188,0.8647543851414926,1.144614047648574,1.0,0.0,769
4772,0.874448202936084,0.005685855640518802,0.0001239776611328125,0.8647566872690322,1.1445978564184247,1.0,0.0,770
4773,0.8736220063306067,0.005684022971258844,0.00012087821960449219,0.8647592995527629,1.144582074778295,1.0,0.0,771
4774,0.8747076673736014,0.00568219325173281,0.00012564659118652344,0.8647622062874334,1.1445655474824592,1.0,0.0,772
4775,0.8736799482578504,0.005680366473405863,0.00012302398681640625,0.8647654038639574,1.1445495667460832,1.0,0.0,773
4776,0.873891493033479,0.00567854262777879,0.0001251697540283203,0.8647679959565537,1.144533238207209,1.0,0.0,774
4777,0.8731154628756352,0.005676721706387805,0.00013184547424316406,0.8647709637734466,1.1445175985392415,1.0,0.0,775
4778,0.8720132528963839,0.005674903700804366,0.000125885009765625,0.864773925828223,1.1445019906515792,1.0,0.0,776
4779,0.8713865912833776,0.005673088602634972,0.00012373924255371094,0.8647763276345166,1.1444860366104601,1.0,0.0,777
4780,0.8737038642596471,0.005671276403520978,0.000125885009765625,0.8647797542812812,1.1444689314735823,1.0,0.0,778
4781,0.8761513093231837,0.005669467095138408,0.0001232624053955078,0.8647834922928049,1.1444495765787024,1.0,0.0,779
4782,0.8751983919899645,0.005667660669197763,0.00013589859008789062,0.8647875442189392,1.1444307094168567,1.0,0.0,780
4783,0.8775907179829472,0.005665857117443836,0.0001246929168701172,0.8647925717613504,1.1444107596444038,1.0,0.0,781
4784,0.8767396000486328,0.005664056431655528,0.00012493133544921875,0.8647979125959062,1.1443912894028445,1.0,0.0,782
4785,0.8760598953088884,0.005662258603645663,0.0001239776611328125,0.8648037135458267,1.1443724232645938,1.0,0.0,783
4786,0.8768465831261819,0.005660463625260804,0.000125885009765625,0.8648102876903413,1.1443524435689822,1.0,0.0,784
4787,0.8757486600767687,0.005658671488381076,0.00012302398681640625,0.8648168492397023,1.1443325029674682,1.0,0.0,785
4788,0.8746535225866272,0.005656882184919976,0.00012564659118652344,0.8648233982340529,1.1443131852428445,1.0,0.0,786
4789,0.8735839912651447,0.005655095706824206,0.00013303756713867188,0.86483031406285,1.144296436375078,1.0,0.0,787
4790,0.8726224074318167,0.005653312046073485,0.00012922286987304688,0.8648374912471433,1.1442800292145383,1.0,0.0,788
4791,0.8717968121105729,0.005651531194680378,0.00012350082397460938,0.8648450372531551,1.1442640919552431,1.0,0.0,789
4792,0.8722512286006706,0.005649753144690119,0.0001266002655029297,0.8648517037904861,1.144247117061115,1.0,0.0,790
4793,0.8727279994026818,0.005647977888180435,0.00012445449829101562,0.8648585552656488,1.1442303088742372,1.0,0.0,791
4794,0.8733107208650455,0.005646205417261371,0.00012540817260742188,0.8648659975551871,1.1442130986972645,1.0,0.0,792
4795,0.8722278790471018,0.005644435724075125,0.00012612342834472656,0.8648734257318074,1.144195921963585,1.0,0.0,793
4796,0.8713729943656995,0.0056426688007958714,0.00014019012451171875,0.8648811305651776,1.1441790572344996,1.0,0.0,794
4797,0.8714907408591422,0.00564090463962959,0.00012636184692382812,0.8648878645456199,1.1441621088641376,1.0,0.0,795
4798,0.8725903876266272,0.005639143232813899,0.0001277923583984375,0.8648944359651094,1.1441446133197468,1.0,0.0,796
4799,0.8715134266830641,0.005637384572617889,0.0001270771026611328,0.8649009949833842,1.1441271515865605,1.0,0.0,797
4800,0.8713049116694289,0.0056356286513419545,0.00012826919555664062,0.864906885550834,1.1441087418245137,1.0,0.0,798
4801,0.8707278979165307,0.005633875461317628,0.00012612342834472656,0.8649130645767243,1.1440907578416541,1.0,0.0,799
4802,0.851926700366239,0.005632124994907416,1.2187445163726807,0.9127676988878628,1.0561461303668915,0.0,0.0,800
4803,0.8541339239874479,0.005630377244504636,0.0004184246063232422,0.9127653792758411,1.0561468144989932,0.0,0.0,801
4804,0.8534328542475662,0.005628632202533252,0.00017213821411132812,0.9127667944977546,1.0561490735785197,0.0,0.0,802
4805,0.8523977023695615,0.005626889861447719,0.00014209747314453125,0.9127681524341952,1.0561523919107756,0.0,0.0,803
4806,0.851710555504495,0.005625150213732817,0.00013899803161621094,0.9127690121486609,1.0561579346755972,0.0,0.0,804
4807,0.851809167567647,0.00562341325190349,0.0001399517059326172,0.912767461412846,1.056165260234238,0.0,0.0,805
4808,0.8541504312234257,0.0056216789685047,0.00013518333435058594,0.9127660557384395,1.0561664253410787,0.0,0.0,806
4809,0.853405593163977,0.005619947356111251,0.00014591217041015625,0.9127624625479719,1.0561714686957269,0.0,0.0,807
4810,0.8548405387735114,0.00561821840732765,0.00013327598571777344,0.9127592444125378,1.0561769187251284,0.0,0.0,808
4811,0.8540531450442637,0.0056164921147879455,0.00013685226440429688,0.9127562623198441,1.056182703742724,0.0,0.0,809
4812,0.8556249890118257,0.005614768471155569,0.00013375282287597656,0.912753854011312,1.0561881072744057,0.0,0.0,810
4813,0.8552882865394893,0.005613047469123188,0.00013780593872070312,0.912751686677193,1.0561946610131945,0.0,0.0,811
4814,0.8555380063640311,0.005611329101412549,0.0001327991485595703,0.9127472064836788,1.0562015841363406,0.0,0.0,812
4815,0.8584952447536668,0.005609613360774337,0.00014591217041015625,0.9127412602200553,1.0562003282506254,0.0,0.0,813
4816,0.8586069315441833,0.005607900239988007,0.00013303756713867188,0.9127349370885329,1.0561986494230924,0.0,0.0,814
4817,0.8600306872176589,0.005606189731861652,0.00013566017150878906,0.9127290745785757,1.0561968268837643,0.0,0.0,815
4818,0.8591951152879885,0.0056044818292318435,0.00013446807861328125,0.9127235726777012,1.0561954668564522,0.0,0.0,816
4819,0.8585857570956462,0.005602776524963495,0.00013685226440429688,0.9127183833333972,1.0561946609664064,0.0,0.0,817
4820,0.8575627094275248,0.005601073811949699,0.00013709068298339844,0.9127132035986111,1.0561938570747074,0.0,0.0,818
4821,0.8569222561818343,0.005599373683111602,0.000148773193359375,0.9127062035586044,1.0561958523990236,0.0,0.0,819
4822,0.8562386198841668,0.005597676131398243,0.00014209747314453125,0.9126988778285039,1.0561974087465698,0.0,0.0,820
4823,0.8576230051226758,0.005595981149786419,0.00013589859008789062,0.9126921224547146,1.0561987956320606,0.0,0.0,821
4824,0.8569846433564846,0.005594288731280541,0.0001392364501953125,0.9126855831306665,1.0562005035650393,0.0,0.0,822
4825,0.8562930086622135,0.005592598868912485,0.00013566017150878906,0.9126794708472393,1.0562027594846242,0.0,0.0,823
4826,0.8553202517935589,0.0055909115557414655,0.00013780593872070312,0.912673703924292,1.056205518862359,0.0,0.0,824
4827,0.8552024517540978,0.005589226784853881,0.0001475811004638672,0.9126662879222116,1.0562098296773963,0.0,0.0,825
4828,0.8543390471981026,0.005587544549363182,0.0001373291015625,0.9126594128390414,1.0562152066786539,0.0,0.0,826
4829,0.8533314430712667,0.005585864842409736,0.0001316070556640625,0.9126525503244955,1.0562205744342108,0.0,0.0,827
4830,0.8526497190805583,0.005584187657160678,0.00013327598571777344,0.9126458437330999,1.056225731415363,0.0,0.0,828
4831,0.8528198689999583,0.00558251298680979,0.0001323223114013672,0.9126394468857834,1.0562300247515986,0.0,0.0,829
4832,0.8537362009898488,0.005580840824577352,0.00013375282287597656,0.9126339955476109,1.0562344911642096,0.0,0.0,830
4833,0.8538409962767602,0.005579171163710014,0.00013327598571777344,0.9126271430532887,1.0562408882707137,0.0,0.0,831
4834,0.8534000508308186,0.005577503997480662,0.0001461505889892578,0.9126205029260848,1.0562462752115354,0.0,0.0,832
4835,0.8524007515563075,0.005575839319188277,0.0001399517059326172,0.912613874853537,1.0562516529542436,0.0,0.0,833
4836,0.851403831232948,0.00557417712215782,0.00013518333435058594,0.9126072587992847,1.0562570215253575,0.0,0.0,834
4837,0.8507414728908477,0.0055725173997400795,0.0001373291015625,0.9125992566254802,1.0562656332914002,0.0,0.0,835
4838,0.8510853145329622,0.005570860145311556,0.0001342296600341797,0.9125904897124616,1.0562747253587899,0.0,0.0,836
4839,0.8509660487709718,0.005569205352274325,0.00013589859008789062,0.9125826638174692,1.0562788199455009,0.0,0.0,837
4840,0.8499751497695334,0.005567553014055913,0.00014543533325195312,0.912574177041837,1.056284042790617,0.0,0.0,838
4841,0.8509960083246664,0.005565903124109163,0.00013685226440429688,0.9125668389559973,1.056287942229015,0.0,0.0,839
4842,0.8500072434206948,0.0055642556759121125,0.0001373291015625,0.912558841481356,1.0562929662523268,0.0,0.0,840
4843,0.8492416677609907,0.005562610662967866,0.00013828277587890625,0.9125512114004234,1.0562985345627793,0.0,0.0,841
4844,0.8498110388470428,0.005560968078804465,0.0001373291015625,0.912544052551261,1.05630113105368,0.0,0.0,842
4845,0.8508034101542756,0.00555932791697477,0.00013589859008789062,0.9125359128836247,1.056304938618996,0.0,0.0,843
4846,0.8499971213317448,0.005557690171056327,0.00015044212341308594,0.9125265576848265,1.0563116660038414,0.0,0.0,844
4847,0.8521136560403783,0.005556054834651256,0.00013518333435058594,0.9125178835732382,1.056320754956385,0.0,0.0,845
4848,0.8537428283364663,0.005554421901386114,0.0001380443572998047,0.912508159522782,1.0563318971846538,0.0,0.0,846
4849,0.8549096701468689,0.005552791364911789,0.00013709068298339844,0.9124995090087673,1.056342419280186,0.0,0.0,847
4850,0.8589132995098208,0.005551163218903362,0.00013756752014160156,0.9124886673340776,1.0563524445165329,0.0,0.0,848
4851,0.8590157609807764,0.00554953745706,0.0003268718719482422,0.9124769956157454,1.0563606116015298,0.0,0.0,849
4852,0.8590581223525746,0.00554791407310483,0.00014257431030273438,0.9124653366268508,1.0563690253542513,0.0,0.0,850
4853,0.8590600128164443,0.00554629306078482,0.00013566017150878906,0.9124522656032519,1.0563798082066838,0.0,0.0,851
4854,0.8584205123261645,0.005544674413870662,0.00013947486877441406,0.9124394131859591,1.0563908993818867,0.0,0.0,852
4855,0.8590373245505932,0.005543058126156656,0.00013828277587890625,0.9124263749743414,1.0564017796339151,0.0,0.0,853
4856,0.8580531313921884,0.00554144419146059,0.00013828277587890625,0.91241335977333,1.0564126412191304,0.0,0.0,854
4857,0.8590073558866588,0.005539832603623624,0.0001366138458251953,0.9124007318564799,1.056423242498842,0.0,0.0,855
4858,0.8591648784093545,0.005538223356510178,0.0001361370086669922,0.9123867425104958,1.0564358358197357,0.0,0.0,856
4859,0.8582856747041013,0.0055366164440078134,0.00013780593872070312,0.9123733131726545,1.0564494819323944,0.0,0.0,857
4860,0.8592049069157546,0.005535011860027121,0.00014281272888183594,0.9123581608973298,1.056464567660769,0.0,0.0,858
4861,0.8582620985835401,0.005533409598501608,0.00013780593872070312,0.9123434096203724,1.0564800851247724,0.0,0.0,859
4862,0.8576740607165453,0.005531809653387584,0.00013566017150878906,0.9123289664621393,1.0564962186344342,0.0,0.0,860
4863,0.8589482317827846,0.005530212018664051,0.00013947486877441406,0.9123145422131224,1.0565112960844565,0.0,0.0,861
4864,0.8584536453517709,0.005528616688332589,0.0001461505889892578,0.9122999156581146,1.0565270098838304,0.0,0.0,862
4865,0.8592686127405924,0.005527023656417248,0.00014138221740722656,0.9122860921503512,1.0565399962292457,0.0,0.0,863
4866,0.8592271821954894,0.005525432916964437,0.0001423358917236328,0.9122715066667202,1.056552531027197,0.0,0.0,864
4867,0.8582710844396709,0.0055238444640428154,0.00014019012451171875,0.9122555178412111,1.0565611675189235,0.0,0.0,865
4868,0.8582811517424402,0.0055222582917431855,0.00013756752014160156,0.9122388315587429,1.0565685714281086,0.0,0.0,866
4869,0.8585548076351631,0.0055206743941783815,0.00013971328735351562,0.9122207757222779,1.056574412047508,0.0,0.0,867
4870,0.8576899389578889,0.005519092765483161,0.0001423358917236328,0.9122037070126734,1.0565796511296965,0.0,0.0,868
4871,0.8567232981727606,0.005517513399814107,0.00014328956604003906,0.9121860285372279,1.056585956755276,0.0,0.0,869
4872,0.8564907858278928,0.005515936291349511,0.0001342296600341797,0.9121687861650137,1.0565928592082234,0.0,0.0,870
4873,0.8560394840251726,0.0055143614342892736,0.0001423358917236328,0.9121524604307482,1.0565992382305176,0.0,0.0,871
4874,0.8582612580711324,0.005512788822854802,0.0001380443572998047,0.9121359295530005,1.0566071237379355,0.0,0.0,872
4875,0.8572987788098535,0.0055112184512888995,0.00014972686767578125,0.9121200621826244,1.0566139283659393,0.0,0.0,873
4876,0.8579284582194963,0.005509650313855663,0.00014090538024902344,0.9121037507739109,1.0566187522939858,0.0,0.0,874
4877,0.8584195271883869,0.005508084404840388,0.000141143798828125,0.9120867871632791,1.0566244325156928,0.0,0.0,875
4878,0.8592862608517237,0.005506520718549455,0.0001404285430908203,0.9120704640892063,1.0566279092658883,0.0,0.0,876
4879,0.858616402869959,0.005504959249310236,0.0001385211944580078,0.9120538776772155,1.0566328611513653,0.0,0.0,877
4880,0.8581304115716292,0.005503399991470991,0.00014019012451171875,0.912037453914494,1.05663648529653,0.0,0.0,878
4881,0.8572412450343515,0.005501842939400765,0.00014853477478027344,0.9120213275412674,1.0566406215214552,0.0,0.0,879
4882,0.8570736680541203,0.005500288087489295,0.00014019012451171875,0.9120049561505447,1.0566446579045072,0.0,0.0,880
4883,0.8585348638440796,0.0054987354301469,0.00013685226440429688,0.911989108704864,1.0566465846063813,0.0,0.0,881
4884,0.8580235087343575,0.005497184961804393,0.0001380443572998047,0.9119727831635341,1.056648132512914,0.0,0.0,882
4885,0.8583801132183286,0.005495636676912975,0.0001399517059326172,0.911954530769362,1.056655427741864,0.0,0.0,883
4886,0.8589964665368021,0.005494090569944146,0.00013875961303710938,0.9119373334309759,1.0566621760739414,0.0,0.0,884
4887,0.8598425994596477,0.005492546635389597,0.00014638900756835938,0.9119200279743125,1.056669662568193,0.0,0.0,885
4888,0.8594566734009799,0.005491004867761125,0.00014328956604003906,0.9119025837763134,1.056677067692613,0.0,0.0,886
4889,0.8589218949575431,0.005489465261590524,0.00013780593872070312,0.9118854900384941,1.0566840102453237,0.0,0.0,887
4890,0.8586016881080935,0.005487927811429507,0.00014257431030273438,0.9118694466028479,1.0566904433867415,0.0,0.0,888
4891,0.8592448570021776,0.005486392511849594,0.00013899803161621094,0.911852917271815,1.0566977583484618,0.0,0.0,889
4892,0.8596817371205058,0.00548485935744203,0.0001399517059326172,0.9118373577373987,1.0567040063595912,0.0,0.0,890
4893,0.864450372065953,0.005483328342817685,0.0001404285430908203,0.9118210761392375,1.056707757822836,0.0,0.0,891
4894,0.863772082854926,0.005481799462606964,0.0001437664031982422,0.9118051041961419,1.056711749442015,0.0,0.0,892
4895,0.8630683842751808,0.005480272711459713,0.00013899803161621094,0.9117894409634815,1.0567161463524863,0.0,0.0,893
4896,0.8625101566894843,0.005478748084045127,0.0001404285430908203,0.9117739140416586,1.056720777195194,0.0,0.0,894
4897,0.8628398893731736,0.00547722557505166,0.00013971328735351562,0.911757134699079,1.0567273713745882,0.0,0.0,895
4898,0.8638720353175122,0.005475705179186936,0.000141143798828125,0.9117410663296258,1.0567328297847822,0.0,0.0,896
4899,0.8641148415433505,0.005474186891177649,0.00014138221740722656,0.9117259072285439,1.056737997686688,0.0,0.0,897
4900,0.8678723738426593,0.005472670705769486,0.00015282630920410156,0.9117104997455437,1.0567407784007237,0.0,0.0,898
4901,0.8687867516582048,0.005471156617727029,0.00014209747314453125,0.9116953210802307,1.056743287353414,0.0,0.0,899
4902,0.8708576871405115,0.005469644621833671,0.00014543533325195312,0.9116803892766734,1.0567451090152835,0.0,0.0,900
4903,0.8702753953543757,0.0054681347128915266,0.00014781951904296875,0.9116658196425061,1.0567474341074894,0.0,0.0,901
4904,0.8697816443063959,0.005466626885721337,0.0001430511474609375,0.9116515993814908,1.0567502792899592,0.0,0.0,902
4905,0.8703660596594521,0.0054651211351623985,0.0001437664031982422,0.9116361673940969,1.0567574616950628,0.0,0.0,903
4906,0.8694232546388184,0.005463617456072457,0.00015425682067871094,0.9116207611275589,1.0567646325859916,0.0,0.0,904
4907,0.8698379188372765,0.0054621158433276395,0.00013947486877441406,0.9116051479619349,1.0567714279387626,0.0,0.0,905
4908,0.8710356639721111,0.005460616291822354,0.00013899803161621094,0.9115896625046455,1.0567775361458722,0.0,0.0,906
4909,0.8712792439989174,0.005459118796469215,0.0001442432403564453,0.9115748678791279,1.0567822073199826,0.0,0.0,907
4910,0.8704006903526479,0.005457623352198949,0.00014472007751464844,0.9115604094085282,1.0567864587502467,0.0,0.0,908
4911,0.8718590472877156,0.005456129953960317,0.00014066696166992188,0.9115455654871631,1.056785334110972,0.0,0.0,909
4912,0.8721490154625089,0.005454638596720031,0.0001537799835205078,0.9115306489782451,1.0567831214443806,0.0,0.0,910
4913,0.8731661534936027,0.005453149275462669,0.00014257431030273438,0.9115144654225523,1.056783623028356,0.0,0.0,911
4914,0.8724000108574564,0.005451661985190589,0.0001456737518310547,0.9114974467568482,1.056784541814134,0.0,0.0,912
4915,0.8717467119544687,0.005450176720923848,0.0001442432403564453,0.9114808621043399,1.056785973821725,0.0,0.0,913
4916,0.8710115297589823,0.005448693477700126,0.00014257431030273438,0.9114651441360573,1.0567864470351243,0.0,0.0,914
4917,0.8763004281538149,0.005447212250574638,0.00014209747314453125,0.9114470676245092,1.0567849109521164,0.0,0.0,915
4918,0.8756086702044455,0.0054457330346200546,0.00015664100646972656,0.9114299190515667,1.05678288693223,0.0,0.0,916
4919,0.8749395705684024,0.0054442558249264235,0.00014257431030273438,0.9114114724093884,1.0567807431221965,0.0,0.0,917
4920,0.874544404847076,0.005442780616601086,0.00014591217041015625,0.9113933930701669,1.0567786379357607,0.0,0.0,918
4921,0.8757818232664967,0.0054413074047686,0.00015735626220703125,0.9113755459548929,1.0567755041115814,0.0,0.0,919
4922,0.8749935475537841,0.005439836184570663,0.00014519691467285156,0.9113579156931948,1.0567725870783888,0.0,0.0,920
4923,0.8758115844145861,0.005438366951166027,0.00014352798461914062,0.9113410616623453,1.0567663016724227,0.0,0.0,921
4924,0.8749578230998907,0.005436899699730426,0.0001475811004638672,0.9113243724177331,1.0567580957160954,0.0,0.0,922
4925,0.8751763633027062,0.005435434425456495,0.0001442432403564453,0.9113066341699959,1.056747560709272,0.0,0.0,923
4926,0.8742473856340112,0.005433971123553694,0.00014495849609375,0.9112895081985566,1.0567360623280695,0.0,0.0,924
4927,0.8736003213236048,0.005432509789248233,0.00014543533325195312,0.9112720950566914,1.056725756425128,0.0,0.0,925
4928,0.8729727855811784,0.00543105041778299,0.00014019012451171875,0.9112549064924668,1.0567158488786077,0.0,0.0,926
4929,0.8723877899322917,0.005429593004417442,0.0001418590545654297,0.9112387879992242,1.0567043003252925,0.0,0.0,927
4930,0.8718417186987871,0.005428137544427582,0.00014519691467285156,0.9112224301637849,1.0566942352357982,0.0,0.0,928
4931,0.8718635847503515,0.005426684033105851,0.000141143798828125,0.9112052829048352,1.0566852039280814,0.0,0.0,929
4932,0.8711503437955462,0.005425232465761056,0.0001468658447265625,0.9111884452575313,1.0566764995470457,0.0,0.0,930
4933,0.8710092071310238,0.005423782837718302,0.00014734268188476562,0.9111727674921997,1.0566661793320762,0.0,0.0,931
4934,0.8722721810023488,0.0054223351443189165,0.00014162063598632812,0.9111566323919935,1.0566584650458193,0.0,0.0,932
4935,0.8714274630257726,0.005420889380920372,0.00015211105346679688,0.9111413168719276,1.0566503366847768,0.0,0.0,933
4936,0.8723172040220181,0.005419445542896219,0.00014638900756835938,0.9111263111910104,1.0566415315634243,0.0,0.0,934
4937,0.8727487747628192,0.005418003625636005,0.00014090538024902344,0.9111093117954029,1.0566369058839475,0.0,0.0,935
4938,0.8735349366180323,0.005416563624545213,0.00014448165893554688,0.9110922176899223,1.056631745459707,0.0,0.0,936
4939,0.8734673880811645,0.00541512553504518,0.0001442432403564453,0.911075868836045,1.0566251582959179,0.0,0.0,937
4940,0.8741753949171452,0.005413689352573033,0.00014281272888183594,0.911061783079989,1.056621733531486,0.0,0.0,938
4941,0.8732627405886682,0.0054122550725816095,0.0001556873321533203,0.9110482894273969,1.0566173570535309,0.0,0.0,939
4942,0.8739906631490296,0.005410822690539397,0.0001480579376220703,0.9110328202617759,1.0566164425861475,0.0,0.0,940
4943,0.8736386426784588,0.005409392201930452,0.0001442432403564453,0.911019127374326,1.0566144911282818,0.0,0.0,941
4944,0.8731469941416622,0.005407963602254338,0.00014400482177734375,0.9110052560962383,1.0566138579183904,0.0,0.0,942
4945,0.8722394795771193,0.005406536887026056,0.00014734268188476562,0.9109914069883626,1.0566132261072556,0.0,0.0,943
4946,0.8714285346496107,0.0054051120517759664,0.0001537799835205078,0.9109778229313877,1.056613127606937,0.0,0.0,944
4947,0.8719274395571861,0.005403689092049731,0.00015354156494140625,0.9109656708597684,1.0566117479748953,0.0,0.0,945
4948,0.8711610412836837,0.005402268003408241,0.0001461505889892578,0.9109518397622673,1.056614084499981,0.0,0.0,946
4949,0.870298804400121,0.005400848781427546,0.0001430511474609375,0.910938159580526,1.0566165345704042,0.0,0.0,947
4950,0.8725198805108867,0.005399431421698785,0.0001480579376220703,0.910922386298382,1.0566211391796754,0.0,0.0,948
4951,0.8719551315623603,0.0053980159198281285,0.0001461505889892578,0.9109068224396053,1.0566261019217718,0.0,0.0,949
4952,0.8711829306762082,0.005396602271436706,0.00014257431030273438,0.9108920819925919,1.0566299351820652,0.0,0.0,950
4953,0.8705491659267136,0.005395190472160531,0.00015735626220703125,0.9108771092365648,1.0566351417988669,0.0,0.0,951
4954,0.8696526398697408,0.005393780517650455,0.00014495849609375,0.9108627181002266,1.0566394024731887,0.0,0.0,952
4955,0.8687580248660008,0.00539237240357208,0.00014591217041015625,0.910848349723437,1.056643656816679,0.0,0.0,953
4956,0.8679180657698429,0.005390966125605705,0.0001423358917236328,0.9108336418765345,1.0566492516474506,0.0,0.0,954
4957,0.8671305773871909,0.005389561679446263,0.0001468658447265625,0.9108196272222446,1.0566543413165552,0.0,0.0,955
4958,0.8662514854662268,0.005388159060803247,0.00014209747314453125,0.9108052725657739,1.056660866443607,0.0,0.0,956
4959,0.8697328633777508,0.005386758265400651,0.00015687942504882812,0.9107900159650753,1.0566688378531697,0.0,0.0,957
4960,0.8688786413532253,0.005385359288976912,0.00014543533325195312,0.9107734333991107,1.0566747583244698,0.0,0.0,958
4961,0.8687456420504381,0.00538396212728483,0.00014662742614746094,0.9107574292377886,1.056685321190126,0.0,0.0,959
4962,0.86820584336222,0.00538256677609152,0.0001468658447265625,0.9107398773737256,1.056693828565348,0.0,0.0,960
4963,0.8696679297160064,0.005381173231178346,0.00014781951904296875,0.9107232963020827,1.0567046903837574,0.0,0.0,961
4964,0.8689260075260598,0.005379781488340851,0.00014495849609375,0.91070491563827,1.0567128616348693,0.0,0.0,962
4965,0.8703475346502756,0.005378391543388704,0.0001595020294189453,0.9106875980441018,1.0567230552782676,0.0,0.0,963
4966,0.8697271753749736,0.005377003392145629,0.0001468658447265625,0.9106711640997728,1.0567327702459044,0.0,0.0,964
4967,0.8688427983625301,0.0053756170304493514,0.0001437664031982422,0.910654755815867,1.0567424704607442,0.0,0.0,965
4968,0.8679602453187893,0.005374232454151532,0.000148773193359375,0.9106383731257199,1.0567521559603776,0.0,0.0,966
4969,0.8676529967907812,0.005372849659117709,0.00014710426330566406,0.910622382347018,1.0567622755028327,0.0,0.0,967
4970,0.8677400472704355,0.005371468641227235,0.0001456737518310547,0.9106052766349276,1.05677411120784,0.0,0.0,968
4971,0.8675168344851226,0.005370089396373217,0.00015497207641601562,0.9105869354947049,1.0567878776663298,0.0,0.0,969
4972,0.8669020851217094,0.005368711920462456,0.00014781951904296875,0.9105688539256558,1.056802042237493,0.0,0.0,970
4973,0.8665734684625751,0.005367336209415393,0.00015020370483398438,0.9105519373611176,1.0568170298676913,0.0,0.0,971
4974,0.8656979198744572,0.005365962259166037,0.0001468658447265625,0.9105350470201707,1.0568319946989053,0.0,0.0,972
4975,0.8657827181848177,0.005364590065661921,0.0001499652862548828,0.9105182323273148,1.0568466274789627,0.0,0.0,973
4976,0.866011696251439,0.005363219624864032,0.0001468658447265625,0.9105004828046759,1.0568586996621923,0.0,0.0,974
4977,0.8654159042837298,0.0053618509327467605,0.00016880035400390625,0.9104845160796823,1.05687284728803,0.0,0.0,975
4978,0.8655872545462026,0.005360483985297833,0.000148773193359375,0.9104685933537059,1.056885485316023,0.0,0.0,976
4979,0.865001717380824,0.005359118778518267,0.00014972686767578125,0.9104512504518633,1.0568959185142648,0.0,0.0,977
4980,0.8648953972948016,0.005357755308422301,0.00015044212341308594,0.9104343343690314,1.0569105547475726,0.0,0.0,978
4981,0.8659542717251492,0.005356393571037348,0.0001533031463623047,0.9104168431626234,1.056923226248439,0.0,0.0,979
4982,0.8668569885037144,0.005355033562403926,0.00015783309936523438,0.9103979974666194,1.056933445436905,0.0,0.0,980
4983,0.8659887995611882,0.005353675278575615,0.00015354156494140625,0.9103808979744019,1.056946583985961,0.0,0.0,981
4984,0.8651225458450217,0.005352318715618994,0.00015115737915039062,0.9103621100697882,1.0569573500112868,0.0,0.0,982
4985,0.8645956253634552,0.005350963869613585,0.00014734268188476562,0.9103429225410125,1.056972087341378,0.0,0.0,983
4986,0.8637314600395332,0.005349610736651798,0.00014972686767578125,0.9103264376237328,1.0569868025423315,0.0,0.0,984
4987,0.8632738533718568,0.0053482593128388765,0.0001506805419921875,0.9103101665227138,1.056999567552945,0.0,0.0,985
4988,0.8639256998518735,0.005346909594292839,0.0001575946807861328,0.9102944195196505,1.0570119336625732,0.0,0.0,986
4989,0.863400162678447,0.005345561577144432,0.00016379356384277344,0.9102788906570549,1.0570245210415044,0.0,0.0,987
4990,0.8631433574969314,0.005344215257537065,0.000152587890625,0.9102637911296716,1.0570371317385059,0.0,0.0,988
4991,0.8626487042059675,0.005342870631626767,0.0001513957977294922,0.910247719640081,1.0570512126421594,0.0,0.0,989
4992,0.8631416896293976,0.005341527695582122,0.00015401840209960938,0.9102322626227287,1.057064247712628,0.0,0.0,990
4993,0.8622853056056665,0.005340186445584228,0.000152587890625,0.9102168291256764,1.0570772633938106,0.0,0.0,991
4994,0.8629612793157948,0.005338846877826628,0.0001609325408935547,0.9101995476894577,1.0570922671632033,0.0,0.0,992
4995,0.8622127754729069,0.005337508988515273,0.00015497207641601562,0.9101830848706933,1.0571066902063018,0.0,0.0,993
4996,0.8615497172831693,0.0053361727738684556,0.0001518726348876953,0.9101641988270817,1.057119639254723,0.0,0.0,994
4997,0.8620870703683774,0.005334838230116767,0.00015425682067871094,0.9101486359015099,1.0571343481588789,0.0,0.0,995
4998,0.8625358739397407,0.005333505353503043,0.00015616416931152344,0.9101321474026153,1.057149523179622,0.0,0.0,996
4999,0.8621081117113951,0.005332174140282306,0.0002765655517578125,0.9101159417998178,1.057165088804353,0.0,0.0,997
5000,0.8613340943202393,0.005330844586721719,0.00015091896057128906,0.910098117539761,1.0571787985264411,0.0,0.0,998
5001,0.8634561438755156,0.005329516689100536,0.00015735626220703125,0.9100822526841121,1.0571946665415302,0.0,0.0,999
5002,0.8539144276518779,0.0053281904437100435,1.3832366466522217,0.8883479906109225,1.0587721069672968,0.0,0.0,1000
5003,0.8538909511407614,0.005326865846853515,0.0003108978271484375,0.8883453421725704,1.0587731258157254,0.0,0.0,1001
5004,0.8533989534099271,0.005325542894846163,0.00018477439880371094,0.8883452703121355,1.0587748943973876,0.0,0.0,1002
5005,0.8553679651910219,0.00532422158401508,0.00017333030700683594,0.8883458792333024,1.0587767489016693,0.0,0.0,1003
5006,0.8548161460574722,0.0053229019106991945,0.0001633167266845703,0.8883469425272896,1.0587785657542323,0.0,0.0,1004
5007,0.8552454798634725,0.005321583871249223,0.0001590251922607422,0.8883457094349839,1.0587811197280461,0.0,0.0,1005
5008,0.8549874141514198,0.005320267462027614,0.00016045570373535156,0.8883462798275933,1.0587826278562262,0.0,0.0,1006
5009,0.8548963364574447,0.005318952679408505,0.00015854835510253906,0.8883474794323731,1.0587860157773972,0.0,0.0,1007
5010,0.8549763063888753,0.005317639519777668,0.0001571178436279297,0.8883465247641628,1.058785674046901,0.0,0.0,1008
5011,0.8544767853749422,0.005316327979532465,0.00015425682067871094,0.888346691899678,1.0587876140404453,0.0,0.0,1009
5012,0.8546378267625936,0.005315018055081798,0.0001537799835205078,0.8883469366915261,1.0587888376760421,0.0,0.0,1010
5013,0.8558509301808637,0.00531370974284606,0.0001628398895263672,0.8883466309937927,1.0587902464536272,0.0,0.0,1011
5014,0.8551994140623443,0.005312403039257086,0.00015783309936523438,0.8883454569962881,1.0587904397579202,0.0,0.0,1012
5015,0.8549499652021544,0.005311097940758109,0.00016260147094726562,0.8883450680570442,1.0587922487715442,0.0,0.0,1013
5016,0.8541266179823387,0.005309794443803708,0.00015807151794433594,0.8883449620885756,1.0587936827009092,0.0,0.0,1014
5017,0.8535451030300133,0.005308492544859767,0.0001544952392578125,0.8883449796762589,1.0587956659589581,0.0,0.0,1015
5018,0.8529148147336841,0.005307192240403419,0.00015878677368164062,0.8883441162465466,1.0587961482435846,0.0,0.0,1016
5019,0.8537381303627093,0.005305893526923006,0.0001571178436279297,0.8883446501286791,1.0587999441829812,0.0,0.0,1017
5020,0.8539219948292652,0.005304596400918029,0.00015592575073242188,0.8883453070304903,1.0588043918663632,0.0,0.0,1018
5021,0.8536106740110415,0.005303300858899106,0.000156402587890625,0.8883452548915953,1.0588077068754536,0.0,0.0,1019
5022,0.8540976474075364,0.005302006897387921,0.0001552104949951172,0.8883462410024277,1.0588127903692663,0.0,0.0,1020
5023,0.8548578246056914,0.00530071451291718,0.0001518726348876953,0.8883469170962067,1.0588160666695239,0.0,0.0,1021
5024,0.8548846347270252,0.005299423702030566,0.00016641616821289062,0.8883484620674387,1.0588213242921711,0.0,0.0,1022
5025,0.8572796482407778,0.005298134461282691,0.00015473365783691406,0.8883490752379114,1.0588249652872057,0.0,0.0,1023
5026,0.8567816363887808,0.005296846787239059,0.00015354156494140625,0.8883503681424183,1.0588308908386501,0.0,0.0,1024
5027,0.856699207540441,0.005295560676476006,0.00015234947204589844,0.8883505235786049,1.0588351412808101,0.0,0.0,1025
5028,0.8564588046385009,0.0052942761255806705,0.00015401840209960938,0.8883522303096401,1.0588399463116955,0.0,0.0,1026
5029,0.8562096965566289,0.005292993131150943,0.0001537799835205078,0.8883512252722852,1.0588439723475442,0.0,0.0,1027
5030,0.8569777440209211,0.005291711689795418,0.00016379356384277344,0.8883538234261931,1.0588489149697875,0.0,0.0,1028
5031,0.8562104396390828,0.0052904317981333545,0.0001609325408935547,0.8883567682475737,1.058855290859265,0.0,0.0,1029
5032,0.8553983938367737,0.005289153452794635,0.00015783309936523438,0.8883567095676895,1.058860359750652,0.0,0.0,1030
5033,0.856509255673027,0.005287876650419713,0.00015282630920410156,0.8883577916252208,1.0588668916577213,0.0,0.0,1031
5034,0.855698482963861,0.0052866013876595765,0.0001614093780517578,0.8883600312117536,1.0588714114389999,0.0,0.0,1032
5035,0.8557208686866195,0.005285327661175703,0.0001633167266845703,0.8883603627590881,1.058875990873261,0.0,0.0,1033
5036,0.8553851276407167,0.00528405546764002,0.00015783309936523438,0.8883639259313243,1.0588818594363227,0.0,0.0,1034
5037,0.8545777024857337,0.005282784803734854,0.0001556873321533203,0.8883642324900017,1.0588867926705994,0.0,0.0,1035
5038,0.8541610309336893,0.0052815156661528955,0.00015735626220703125,0.8883651130094121,1.058893406962152,0.0,0.0,1036
5039,0.8552537933269292,0.005280248051597154,0.00015664100646972656,0.8883685610908776,1.058899106623182,0.0,0.0,1037
5040,0.8547042408953611,0.005278981956780915,0.000156402587890625,0.8883690587386011,1.0589038152039774,0.0,0.0,1038
5041,0.8542098653949803,0.005277717378427702,0.00016427040100097656,0.8883729699505222,1.0589100981803918,0.0,0.0,1039
5042,0.8542169916576323,0.00527645431327123,0.00015783309936523438,0.8883743603753106,1.0589155869380542,0.0,0.0,1040
5043,0.8534153324942487,0.0052751927580553665,0.0001595020294189453,0.8883766527053382,1.0589226954873232,0.0,0.0,1041
5044,0.8526152020724461,0.00527393270953409,0.00016355514526367188,0.8883789417348257,1.0589297941293676,0.0,0.0,1042
5045,0.8520451501979361,0.005272674164471449,0.00015497207641601562,0.8883812956913101,1.0589373298597407,0.0,0.0,1043
5046,0.8518327597012952,0.005271417119641523,0.0001652240753173828,0.8883825817886428,1.0589433529127832,0.0,0.0,1044
5047,0.8520190711082917,0.005270161571828376,0.0001590251922607422,0.8883849942070112,1.0589498442966354,0.0,0.0,1045
5048,0.8530775809863457,0.005268907517826025,0.0001575946807861328,0.8883845395753415,1.0589544773851016,0.0,0.0,1046
5049,0.8542072936817915,0.005267654954438391,0.00015735626220703125,0.8883848306805372,1.0589588467830129,0.0,0.0,1047
5050,0.8538937385698937,0.005266403878479265,0.00015616416931152344,0.8883856615686238,1.0589643882503017,0.0,0.0,1048
5051,0.8550677180533605,0.005265154286772268,0.00015544891357421875,0.8883850526611874,1.0589685180175337,0.0,0.0,1049
5052,0.8542720753031896,0.005263906176150802,0.0001685619354248047,0.8883873588561993,1.0589739034767778,0.0,0.0,1050
5053,0.8534779090369387,0.005262659543458028,0.00015687942504882812,0.8883867516801576,1.0589780221012899,0.0,0.0,1051
5054,0.8536058421485992,0.0052614143855468105,0.00015687942504882812,0.8883896941443141,1.0589833527044632,0.0,0.0,1052
5055,0.8528137643728417,0.005260170699279688,0.000156402587890625,0.8883908860422356,1.0589886675319118,0.0,0.0,1053
5056,0.8520266401742026,0.005258928481528827,0.00015807151794433594,0.8883910813648502,1.0589929782097005,0.0,0.0,1054
5057,0.8527341559350157,0.005257687729175993,0.00016427040100097656,0.888394999782976,1.0589980096849687,0.0,0.0,1055
5058,0.8522420121108284,0.005256448439112502,0.00015878677368164062,0.8883968290613159,1.0590035703182303,0.0,0.0,1056
5059,0.8526762090403428,0.005255210608239188,0.00015687942504882812,0.8883982949995428,1.0590092950059784,0.0,0.0,1057
5060,0.8530994554940793,0.005253974233466367,0.00015926361083984375,0.8883999268568005,1.0590139947716848,0.0,0.0,1058
5061,0.8533463386006421,0.0052527393117137895,0.00015878677368164062,0.8884012259408557,1.0590193136331145,0.0,0.0,1059
5062,0.8525596184735058,0.005251505839910615,0.00015926361083984375,0.8884027874563526,1.0590242764201054,0.0,0.0,1060
5063,0.8525028501781735,0.005250273814995366,0.0001742839813232422,0.8884061463970317,1.0590291020898988,0.0,0.0,1061
5064,0.8541240651128239,0.005249043233915893,0.0001609325408935547,0.8884053909324688,1.0590322638808178,0.0,0.0,1062
5065,0.8551719289938465,0.005247814093629337,0.00015807151794433594,0.8884058889711943,1.0590347299736222,0.0,0.0,1063
5066,0.8545918222140997,0.005246586391102096,0.00016379356384277344,0.8884084880842026,1.0590372440644567,0.0,0.0,1064
5067,0.8546925097974674,0.005245360123309784,0.0001590251922607422,0.8884085395441838,1.0590404264751527,0.0,0.0,1065
5068,0.8542181445858322,0.0052441352872371946,0.00016760826110839844,0.8884089266327222,1.0590437198917737,0.0,0.0,1066
5069,0.8540150589487763,0.005242911879878269,0.00015974044799804688,0.8884093175632473,1.0590473282527375,0.0,0.0,1067
5070,0.8553448893636956,0.0052416898982360505,0.0001595020294189453,0.8884093459330853,1.0590531784212218,0.0,0.0,1068
5071,0.8545630518833962,0.005240469339322662,0.00016188621520996094,0.8884088837102078,1.059057463259537,0.0,0.0,1069
5072,0.8555877740997588,0.00523925020015926,0.00015878677368164062,0.8884128248710894,1.0590625176261397,0.0,0.0,1070
5073,0.8556830169356858,0.005238032477775997,0.00015854835510253906,0.8884125210933069,1.0590665328429651,0.0,0.0,1071
5074,0.8551273998598268,0.005236816169211999,0.00016117095947265625,0.8884128099170394,1.0590711592572726,0.0,0.0,1072
5075,0.8549560106899634,0.005235601271515314,0.00016117095947265625,0.888414314483669,1.0590767485233268,0.0,0.0,1073
5076,0.8541779420769627,0.0052343877817428875,0.00015878677368164062,0.8884141729026283,1.0590812936734746,0.0,0.0,1074
5077,0.8540294055506464,0.005233175696960528,0.00016236305236816406,0.8884163663458347,1.0590870333922207,0.0,0.0,1075
5078,0.8539102010970142,0.005231965014242862,0.00016021728515625,0.8884171701940585,1.0590923675566397,0.0,0.0,1076
5079,0.8534069689342924,0.005230755730673309,0.00017380714416503906,0.8884191882952822,1.0590992253011515,0.0,0.0,1077
5080,0.8533338664748517,0.0052295478433440476,0.00016355514526367188,0.8884201872007363,1.059104595918079,0.0,0.0,1078
5081,0.8526997657216779,0.00522834134935597,0.0001609325408935547,0.8884221055595638,1.0591101770164122,0.0,0.0,1079
5082,0.8523682168497648,0.005227136245818664,0.00015997886657714844,0.8884246832676749,1.0591178253911693,0.0,0.0,1080
5083,0.8526067825408652,0.0052259325298503615,0.00015974044799804688,0.8884262347501038,1.0591234516638994,0.0,0.0,1081
5084,0.8542815808638573,0.00522473019857792,0.00017380714416503906,0.888428598121954,1.0591298084440401,0.0,0.0,1082
5085,0.8537542205208706,0.005223529249136781,0.0001647472381591797,0.8884303764306989,1.0591353117098792,0.0,0.0,1083
5086,0.8532662818654713,0.005222329678670935,0.0001614093780517578,0.888430533362527,1.059140046433491,0.0,0.0,1084
5087,0.8534680574976408,0.005221131484332895,0.00016260147094726562,0.8884325112611191,1.059145384632108,0.0,0.0,1085
5088,0.8527832361185161,0.005219934663283657,0.0001697540283203125,0.8884335048290485,1.0591515770237054,0.0,0.0,1086
5089,0.8523742169354627,0.00521873921269267,0.00016355514526367188,0.8884346669290223,1.0591582737955332,0.0,0.0,1087
5090,0.8524943188287647,0.005217545129737802,0.00016760826110839844,0.8884356204564916,1.059165041787883,0.0,0.0,1088
5091,0.8520833160517447,0.0052163524116053085,0.0001621246337890625,0.8884371473418975,1.059171358980754,0.0,0.0,1089
5092,0.8523674664395946,0.005215161055489799,0.00016760826110839844,0.8884374921464852,1.0591778636574352,0.0,0.0,1090
5093,0.8525348865319203,0.005213971058594204,0.00016260147094726562,0.8884386005121587,1.0591843629487092,0.0,0.0,1091
5094,0.8517714654823206,0.0052127824181297435,0.0001633167266845703,0.8884397073584822,1.0591908536107875,0.0,0.0,1092
5095,0.8527319453946147,0.005211595131315897,0.0001742839813232422,0.8884426082357857,1.059196801368885,0.0,0.0,1093
5096,0.8534182336721583,0.005210409195380366,0.0001652240753173828,0.8884429185049559,1.0592027544819993,0.0,0.0,1094
5097,0.8526562035188606,0.005209224607559048,0.00016307830810546875,0.8884451272888089,1.0592083754164923,0.0,0.0,1095
5098,0.8519907170611302,0.005208041365096004,0.00016736984252929688,0.8884455459194948,1.0592144585393932,0.0,0.0,1096
5099,0.8514712596031782,0.0052068594652434205,0.00016570091247558594,0.8884479448822113,1.0592207129493774,0.0,0.0,1097
5100,0.8512493893890224,0.005205678905261589,0.00017952919006347656,0.8884504948123118,1.059227405007382,0.0,0.0,1098
5101,0.8508408083084575,0.005204499682418865,0.00016689300537109375,0.8884513554572361,1.0592348611429105,0.0,0.0,1099
5102,0.8511533235154138,0.005203321793991642,0.0001709461212158203,0.888453987619092,1.0592418186955892,0.0,0.0,1100
5103,0.850397374539367,0.005202145237264322,0.0001666545867919922,0.8884566161919548,1.0592487670606103,0.0,0.0,1101
5104,0.8508377648578684,0.005200970009529278,0.0001652240753173828,0.8884570576028439,1.059256005839238,0.0,0.0,1102
5105,0.850211056161956,0.005199796108086829,0.0001735687255859375,0.8884593719021672,1.0592635222870816,0.0,0.0,1103
5106,0.8498475427436131,0.005198623530245212,0.00016546249389648438,0.8884617449266727,1.0592712150007733,0.0,0.0,1104
5107,0.8494990711720051,0.005197452273320543,0.00016355514526367188,0.8884639793136685,1.0592784417474954,0.0,0.0,1105
5108,0.8493418162642514,0.005196282334636796,0.00016736984252929688,0.888464164355629,1.059286045895698,0.0,0.0,1106
5109,0.8488472947366849,0.005195113711525766,0.00016236305236816406,0.8884662856401222,1.0592937347035443,0.0,0.0,1107
5110,0.8488273012174611,0.0051939464013270415,0.0001666545867919922,0.8884686468700161,1.059301288754587,0.0,0.0,1108
5111,0.8480786158305454,0.005192780401387977,0.00016379356384277344,0.8884710049042651,1.0593088328756535,0.0,0.0,1109
5112,0.8483460468126417,0.005191615709063661,0.00016689300537109375,0.8884715634701683,1.0593168321828126,0.0,0.0,1110
5113,0.8487982104668758,0.005190452321716887,0.00016307830810546875,0.8884739698475846,1.0593248119318701,0.0,0.0,1111
5114,0.8507371530434871,0.005189290236718124,0.00016546249389648438,0.8884752405575344,1.0593323151042617,0.0,0.0,1112
5115,0.8499895289938771,0.005188129451445487,0.0001804828643798828,0.8884765095571768,1.0593398084462828,0.0,0.0,1113
5116,0.8505492023828799,0.00518696996328471,0.00017642974853515625,0.888477614348149,1.0593466333320882,0.0,0.0,1114
5117,0.8498031062448754,0.005185811769629115,0.00016379356384277344,0.88847871765571,1.0593534493189427,0.0,0.0,1115
5118,0.8498739580072137,0.005184654867879582,0.00016236305236816406,0.8884796463947829,1.0593603633461603,0.0,0.0,1116
5119,0.8493110482229734,0.005183499255444524,0.000164031982421875,0.8884791395795678,1.0593662813107456,0.0,0.0,1117
5120,0.8536238488246344,0.005182344929739858,0.00016736984252929688,0.8884791200450767,1.0593719736584648,0.0,0.0,1118
5121,0.8532271578145065,0.005181191888188972,0.0001766681671142578,0.8884786447590675,1.059376737559203,0.0,0.0,1119
5122,0.8537606879138415,0.005180040128222703,0.00016617774963378906,0.8884788318616097,1.0593814397136283,0.0,0.0,1120
5123,0.8535520761604768,0.005178889647279303,0.00016617774963378906,0.8884788471099898,1.0593862516756176,0.0,0.0,1121
5124,0.8532082199446726,0.005177740442804416,0.00016808509826660156,0.8884789131902565,1.0593915614601075,0.0,0.0,1122
5125,0.8540135563152181,0.005176592512251048,0.0001652240753173828,0.8884793330457004,1.059396588294954,0.0,0.0,1123
5126,0.853270489938431,0.0051754458530795374,0.00017571449279785156,0.8884797523461644,1.0594016087015683,0.0,0.0,1124
5127,0.8540652299498289,0.005174300462757533,0.00016736984252929688,0.8884807217993393,1.0594063004422873,0.0,0.0,1125
5128,0.8533723738563915,0.005173156338759961,0.00016832351684570312,0.8884799952534574,1.059411358998364,0.0,0.0,1126
5129,0.8526318166115241,0.005172013478568997,0.0001685619354248047,0.8884810885758913,1.059416100444051,0.0,0.0,1127
5130,0.8525430366538227,0.005170871879674046,0.00016951560974121094,0.8884800405602948,1.0594209220084385,0.0,0.0,1128
5131,0.8523582451339107,0.005169731539571705,0.0001780986785888672,0.8884805342680682,1.0594254611110956,0.0,0.0,1129
5132,0.851620553819581,0.0051685924557657486,0.00016927719116210938,0.888479215649248,1.059430303895132,0.0,0.0,1130
5133,0.8529883218608137,0.00516745462576709,0.00016689300537109375,0.8884794813006346,1.0594340013593233,0.0,0.0,1131
5134,0.8536483822904478,0.005166318047093761,0.00016951560974121094,0.8884803600016994,1.0594372572518547,0.0,0.0,1132
5135,0.8531390183358317,0.005165182717270886,0.00016808509826660156,0.8884813149921129,1.0594408141957063,0.0,0.0,1133
5136,0.8538347260142212,0.005164048633830649,0.0001659393310546875,0.8884807286012572,1.059445124845167,0.0,0.0,1134
5137,0.8544130438436717,0.005162915794312275,0.0001671314239501953,0.8884816083231931,1.0594484129534687,0.0,0.0,1135
5138,0.8540942707288266,0.005161784196262002,0.00016498565673828125,0.8884807269753765,1.0594525117177265,0.0,0.0,1136
5139,0.8547677891891006,0.005160653837233049,0.0001659393310546875,0.8884795774538097,1.059456740732924,0.0,0.0,1137
5140,0.8552267020127874,0.005159524714785599,0.00016951560974121094,0.8884800727601043,1.0594608206965135,0.0,0.0,1138
5141,0.8544921861352842,0.0051583968264867636,0.00016570091247558594,0.8884805674188866,1.0594648955608406,0.0,0.0,1139
5142,0.8537897867986882,0.005157270169910568,0.00018072128295898438,0.8884787642046104,1.0594675675692153,0.0,0.0,1140
5143,0.8535733834987842,0.005156144742637914,0.00016880035400390625,0.8884785703925463,1.0594688216265558,0.0,0.0,1141
5144,0.8542260503082287,0.005155020542256565,0.00017070770263671875,0.8884763380073316,1.0594705606612058,0.0,0.0,1142
5145,0.8546237564221836,0.005153897566361112,0.00016736984252929688,0.8884755473552646,1.059471765572799,0.0,0.0,1143
5146,0.8538930494546326,0.005152775812552953,0.0001709461212158203,0.8884747577497611,1.0594729691881717,0.0,0.0,1144
5147,0.8537464625272845,0.005151655278440269,0.0001747608184814453,0.8884724231882423,1.059474935912394,0.0,0.0,1145
5148,0.8546881859186612,0.0051505359616379935,0.00016927719116210938,0.8884714847952389,1.0594760329036774,0.0,0.0,1146
5149,0.8556750515421468,0.005149417859767794,0.0001652240753173828,0.8884699737308418,1.059475606279589,0.0,0.0,1147
5150,0.8549459233394813,0.005148300970458043,0.00016880035400390625,0.8884684646534323,1.05947518049734,0.0,0.0,1148
5151,0.855911246419861,0.0051471852913437905,0.00016641616821289062,0.8884668943623505,1.0594746294508854,0.0,0.0,1149
5152,0.8560350109345369,0.0051460708200667515,0.00018095970153808594,0.8884661134855512,1.0594741712426679,0.0,0.0,1150
5153,0.8591729512363298,0.005144957554275264,0.00016570091247558594,0.8884633439361523,1.0594724690209854,0.0,0.0,1151
5154,0.8590125268243571,0.005143845491624282,0.00016927719116210938,0.8884606178577883,1.0594711401232948,0.0,0.0,1152
5155,0.8582835165727543,0.00514273462977534,0.0001704692840576172,0.8884578953432061,1.0594698132346034,0.0,0.0,1153
5156,0.8581574174153522,0.005141624966396528,0.00017023086547851562,0.8884547776734982,1.0594653697782364,0.0,0.0,1154
5157,0.8587066748930767,0.005140516499162478,0.00017690658569335938,0.8884515135805406,1.0594603518734118,0.0,0.0,1155
5158,0.8585541173021637,0.005139409225754329,0.00017261505126953125,0.888447580142392,1.0594546040347386,0.0,0.0,1156
5159,0.8583506735081922,0.005138303143859711,0.00016999244689941406,0.8884430741210942,1.059449035740392,0.0,0.0,1157
5160,0.8577837181283359,0.005137198251172715,0.00017070770263671875,0.8884375050875767,1.0594430466360258,0.0,0.0,1158
5161,0.8576005534463923,0.005136094545393875,0.00016927719116210938,0.8884321356783861,1.0594370879683455,0.0,0.0,1159
5162,0.857400005235763,0.005134992024230139,0.00017833709716796875,0.8884278422139422,1.0594320612160144,0.0,0.0,1160
5163,0.8568478368731197,0.005133890685394852,0.00017070770263671875,0.8884228851372765,1.0594260748944309,0.0,0.0,1161
5164,0.8561258883495071,0.005132790526607726,0.0001671314239501953,0.8884179344858495,1.0594200965996021,0.0,0.0,1162
5165,0.8567863875827559,0.005131691545594822,0.00016880035400390625,0.8884131789893192,1.0594137800158074,0.0,0.0,1163
5166,0.856149938988192,0.005130593740088525,0.00017571449279785156,0.8884085301965792,1.0594075793666005,0.0,0.0,1164
5167,0.8569546937880944,0.005129497107827518,0.0001857280731201172,0.8884036930719768,1.059401437986243,0.0,0.0,1165
5168,0.8578758124868278,0.005128401646556767,0.00017261505126953125,0.8883986404685257,1.0593952909207458,0.0,0.0,1166
5169,0.8579501492103069,0.005127307354027489,0.0001678466796875,0.8883943445432384,1.0593903678624792,0.0,0.0,1167
5170,0.8583816700981166,0.005126214227997135,0.00017070770263671875,0.8883895511615256,1.0593838612759041,0.0,0.0,1168
5171,0.8587081548031487,0.005125122266229368,0.00016880035400390625,0.8883844693251076,1.0593755233998186,0.0,0.0,1169
5172,0.8581840594507791,0.005124031466494036,0.00017118453979492188,0.8883795154135008,1.0593675720535891,0.0,0.0,1170
5173,0.8586503508665665,0.005122941826567152,0.00016880035400390625,0.8883758513353093,1.0593607290195275,0.0,0.0,1171
5174,0.8579326241068445,0.005121853344230876,0.00017213821411132812,0.8883721919676205,1.0593538950418167,0.0,0.0,1172
5175,0.8584862734049123,0.005120766017273482,0.0001685619354248047,0.8883676982013478,1.0593453092938294,0.0,0.0,1173
5176,0.8604769067745851,0.005119679843489351,0.00017261505126953125,0.8883641146905038,1.059337812530659,0.0,0.0,1174
5177,0.8597593563563837,0.005118594820678932,0.0001742839813232422,0.8883605357748832,1.0593303256337336,0.0,0.0,1175
5178,0.8592548501605659,0.0051175109466487356,0.0001728534698486328,0.888357082251876,1.059322887988733,0.0,0.0,1176
5179,0.8588328780154815,0.005116428219211303,0.00017189979553222656,0.8883536928439552,1.0593137913178237,0.0,0.0,1177
5180,0.8586964104526528,0.005115346636185188,0.0001728534698486328,0.88835102232316,1.0593056966203098,0.0,0.0,1178
5181,0.8581427903534569,0.00511426619539493,0.00016927719116210938,0.888348466306637,1.0592985494454774,0.0,0.0,1179
5182,0.8580279526986105,0.0051131868946710434,0.0001709461212158203,0.8883453767412128,1.0592904113500672,0.0,0.0,1180
5183,0.8577417835093575,0.005112108731849982,0.00018095970153808594,0.8883431840244884,1.0592839322577652,0.0,0.0,1181
5184,0.8570308764705707,0.005111031704774134,0.00017142295837402344,0.8883402465446844,1.0592761157551775,0.0,0.0,1182
5185,0.8566263227300484,0.005109955811291784,0.00016951560974121094,0.8883381491507566,1.0592699484246821,0.0,0.0,1183
5186,0.8559175993010215,0.005108881049257104,0.0001723766326904297,0.8883353087553454,1.0592624466712726,0.0,0.0,1184
5187,0.8561568504341349,0.005107807416530127,0.00017189979553222656,0.888332611587877,1.0592561966701364,0.0,0.0,1185
5188,0.8557465430804518,0.00510673491097673,0.00018334388732910156,0.8883292265344739,1.0592490370393535,0.0,0.0,1186
5189,0.8550401939780379,0.005105663530468606,0.000171661376953125,0.8883265886352092,1.0592432242080376,0.0,0.0,1187
5190,0.8552048742086672,0.005104593272883251,0.00017404556274414062,0.8883237709210141,1.059237393446932,0.0,0.0,1188
5191,0.855534559960959,0.0051035241361039405,0.00017404556274414062,0.88832130463239,1.059231767085278,0.0,0.0,1189
5192,0.8551933754555511,0.005102456118019705,0.00017571449279785156,0.8883188830322176,1.0592262714386191,0.0,0.0,1190
5193,0.8544901409886844,0.00510138921652532,0.00017952919006347656,0.8883164644977292,1.0592207830020872,0.0,0.0,1191
5194,0.8545273259157151,0.00510032342952127,0.0001704692840576172,0.8883145149518981,1.0592164354415696,0.0,0.0,1192
5195,0.8540705876853877,0.0050992587549137415,0.00017070770263671875,0.8883127141685883,1.0592126033390696,0.0,0.0,1193
5196,0.8537193354282625,0.005098195190614601,0.00017261505126953125,0.8883105391131957,1.059206860329768,0.0,0.0,1194
5197,0.8531492125646801,0.005097132734541367,0.0001709461212158203,0.8883077423674706,1.0592001979064725,0.0,0.0,1195
5198,0.8539109250173962,0.005096071384617199,0.0001811981201171875,0.8883051222449546,1.0591943430584378,0.0,0.0,1196
5199,0.8544536902589603,0.005095011138770871,0.0001742839813232422,0.8883019372799815,1.059188455957555,0.0,0.0,1197
5200,0.8539753386623984,0.005093951994936754,0.0001780986785888672,0.8882988062231894,1.0591828483511874,0.0,0.0,1198
5201,0.8532845160024208,0.005092893951054799,0.00017261505126953125,0.8882950877334096,1.0591776179069665,0.0,0.0,1199
5202,0.8510751961215354,0.005091837005070516,2.9024815559387207,0.8792131890222282,1.0552660413066557,0.0,0.0,1200
5203,0.8509365380292815,0.0050907811549349485,0.0004763603210449219,0.8792114798133573,1.0552660385034087,0.0,0.0,1201
5204,0.8532714867393588,0.005089726398604661,0.00022411346435546875,0.879210910472888,1.0552653658350792,0.0,0.0,1202
5205,0.852841557265622,0.005088672734041718,0.00019502639770507812,0.8792099005745152,1.0552646199356466,0.0,0.0,1203
5206,0.8531478862413235,0.005087620159213666,0.00018715858459472656,0.8792095333253357,1.0552651517961442,0.0,0.0,1204
5207,0.8528025403886957,0.005086568672093506,0.00018024444580078125,0.8792084505755233,1.0552647374480844,0.0,0.0,1205
5208,0.8527843841364083,0.005085518270659689,0.0001766681671142578,0.8792075703370931,1.0552648343567932,0.0,0.0,1206
5209,0.8520929318560543,0.005084468952896081,0.00017833709716796875,0.8792066912045777,1.0552649314488958,0.0,0.0,1207
5210,0.8524942434766776,0.005083420716791956,0.00017642974853515625,0.8792056559516439,1.0552651538447337,0.0,0.0,1208
5211,0.8521191150611422,0.00508237356034197,0.00017976760864257812,0.879204637908351,1.0552655225158514,0.0,0.0,1209
5212,0.853013176213509,0.005081327481546147,0.00018215179443359375,0.8792041832918585,1.0552657724591097,0.0,0.0,1210
5213,0.8523238352870989,0.005080282478409857,0.00018858909606933594,0.8792037292484514,1.0552660223929928,0.0,0.0,1211
5214,0.8516356251299949,0.0050792385489437965,0.00018310546875,0.8792032757769319,1.0552662723170787,0.0,0.0,1212
5215,0.8513796308108191,0.005078195691163976,0.00017714500427246094,0.8792029188473456,1.0552669108741304,0.0,0.0,1213
5216,0.8509986409978385,0.0050771539030916935,0.00017523765563964844,0.8792026291576767,1.0552678100235777,0.0,0.0,1214
5217,0.8504074435397583,0.00507611318275352,0.0001780986785888672,0.879202402335719,1.0552688298157222,0.0,0.0,1215
5218,0.8497230120235617,0.005075073528181282,0.0001850128173828125,0.8792021758025038,1.0552698486470413,0.0,0.0,1216
5219,0.8490396987389651,0.005074034937412043,0.0001773834228515625,0.879201949557424,1.0552708665190738,0.0,0.0,1217
5220,0.8494611737553754,0.005072997408488082,0.0001804828643798828,0.8792015787743651,1.0552718532999312,0.0,0.0,1218
5221,0.8501982749713379,0.005071960939456881,0.00017452239990234375,0.8792008038863566,1.0552734291518213,0.0,0.0,1219
5222,0.8499652478551174,0.005070925528371099,0.0001785755157470703,0.8791996747383787,1.0552754545615177,0.0,0.0,1220
5223,0.849283945839412,0.005069891173288563,0.00018739700317382812,0.87919854699051,1.0552774777720193,0.0,0.0,1221
5224,0.8489762288943993,0.005068857872272246,0.00017571449279785156,0.8791972765036052,1.0552779036503832,0.0,0.0,1222
5225,0.8484481243705626,0.0050678256233902454,0.00017404556274414062,0.8791961611889465,1.0552784804006385,0.0,0.0,1223
5226,0.8480576132637284,0.0050667944247157716,0.00017786026000976562,0.8791951359280066,1.0552794340349358,0.0,0.0,1224
5227,0.8479230192278354,0.0050657642743271265,0.0001773834228515625,0.8791936161702557,1.055278979234832,0.0,0.0,1225
5228,0.8474385781873007,0.00506473517030769,0.00019240379333496094,0.8791921488421636,1.055278619022925,0.0,0.0,1226
5229,0.8500029589281299,0.005063707110745895,0.0001773834228515625,0.8791899989623551,1.0552780590958304,0.0,0.0,1227
5230,0.8498799188277238,0.0050626800937352175,0.0001823902130126953,0.8791881102070708,1.0552776222317248,0.0,0.0,1228
5231,0.849643552636084,0.005061654117374155,0.00017762184143066406,0.8791862852336162,1.0552765396416128,0.0,0.0,1229
5232,0.8493690210492432,0.005060629179766213,0.00017881393432617188,0.8791845332437401,1.0552761197399907,0.0,0.0,1230
5233,0.8493191200384997,0.00505960527901988,0.0001881122589111328,0.8791829866582319,1.0552757298306192,0.0,0.0,1231
5234,0.8491310609280581,0.005058582413248622,0.0001819133758544922,0.8791814355625723,1.0552759180728737,0.0,0.0,1232
5235,0.850769059326279,0.005057560580570854,0.00017595291137695312,0.8791797742916415,1.0552752220641828,0.0,0.0,1233
5236,0.8500940144863975,0.005056539779109932,0.0001773834228515625,0.8791781631198358,1.0552741738736744,0.0,0.0,1234
5237,0.8494619582287629,0.005055520006994128,0.00017786026000976562,0.8791764891620433,1.055274004835776,0.0,0.0,1235
5238,0.8506419272964744,0.005054501262356621,0.00019121170043945312,0.8791751117729089,1.0552734873279497,0.0,0.0,1236
5239,0.85153202305474,0.005053483543335473,0.00017762184143066406,0.8791736700004222,1.0552729959608318,0.0,0.0,1237
5240,0.851452237192929,0.00505246684807362,0.0001800060272216797,0.8791722353925371,1.0552724690882316,0.0,0.0,1238
5241,0.851564837328376,0.005051451174718847,0.0001804828643798828,0.8791708125252313,1.055272415753563,0.0,0.0,1239
5242,0.8516262434563799,0.005050436521423778,0.00018095970153808594,0.8791693773719996,1.055272038841483,0.0,0.0,1240
5243,0.8510637720998424,0.005049422886345855,0.0001919269561767578,0.879168037251419,1.0552716362366974,0.0,0.0,1241
5244,0.8510454570993519,0.005048410267647327,0.00018358230590820312,0.8791666571470759,1.0552720940099183,0.0,0.0,1242
5245,0.8512137125319685,0.0050473986634952265,0.00017952919006347656,0.8791654351725836,1.0552725474010671,0.0,0.0,1243
5246,0.8512154905430481,0.00504638807206136,0.00017976760864257812,0.8791642294835741,1.0552733691712815,0.0,0.0,1244
5247,0.8505460455779584,0.005045378491522288,0.00017976760864257812,0.8791629778298113,1.0552745389100693,0.0,0.0,1245
5248,0.8501406841503514,0.005044369920059306,0.00018024444580078125,0.8791617355099425,1.0552753308171736,0.0,0.0,1246
5249,0.8497699442141413,0.0050433623558584365,0.00017833709716796875,0.8791604532462395,1.0552764111146626,0.0,0.0,1247
5250,0.8497563043966528,0.005042355797110408,0.00017833709716796875,0.8791590632941199,1.0552776609300303,0.0,0.0,1248
5251,0.850544792658625,0.005041350242010639,0.00017905235290527344,0.8791569337448459,1.0552782882759473,0.0,0.0,1249
5252,0.8501533495753686,0.00504034568875922,0.00019621849060058594,0.879154893319579,1.0552790618156438,0.0,0.0,1250
5253,0.8494879920347114,0.005039342135560902,0.00018095970153808594,0.8791528553577561,1.055279834714084,0.0,0.0,1251
5254,0.8491264322543608,0.005038339580625081,0.00018858909606933594,0.8791509104519091,1.0552809146974236,0.0,0.0,1252
5255,0.8487173597013075,0.005037338022165779,0.00018405914306640625,0.8791489990048543,1.0552825817253657,0.0,0.0,1253
5256,0.8480546843230187,0.005036337458401628,0.0001823902130126953,0.8791471367826502,1.055283902105205,0.0,0.0,1254
5257,0.848899374624996,0.005035337887555859,0.00019168853759765625,0.8791453106112216,1.055285426476554,0.0,0.0,1255
5258,0.8482375996206485,0.00503433930785628,0.00018358230590820312,0.8791435334469475,1.0552866051923595,0.0,0.0,1256
5259,0.8476888675074203,0.00503334171753527,0.00017833709716796875,0.8791414704207223,1.0552878589019394,0.0,0.0,1257
5260,0.8479988469837123,0.005032345114829752,0.00018548965454101562,0.8791398382855544,1.055289095743336,0.0,0.0,1258
5261,0.8481950935357258,0.005031349497981186,0.00018477439880371094,0.8791377869864485,1.0552898929732522,0.0,0.0,1259
5262,0.8490704286463723,0.005030354865235553,0.00019741058349609375,0.8791358080535747,1.0552908697409302,0.0,0.0,1260
5263,0.8490816766947401,0.0050293612148433345,0.00018072128295898438,0.8791338986394215,1.0552914905443997,0.0,0.0,1261
5264,0.8487066794806217,0.005028368545059504,0.00018548965454101562,0.8791318556595885,1.055292160645716,0.0,0.0,1262
5265,0.8533404659240397,0.005027376854143507,0.00018215179443359375,0.8791272854991581,1.0552912905341771,0.0,0.0,1263
5266,0.8528749023915274,0.005026386140359251,0.0001881122589111328,0.8791227751526793,1.055291184866128,0.0,0.0,1264
5267,0.8526229705731044,0.005025396401975084,0.0001838207244873047,0.8791183443591666,1.0552913667302557,0.0,0.0,1265
5268,0.8519632624494433,0.005024407637263785,0.0001838207244873047,0.8791139188430265,1.055291548657969,0.0,0.0,1266
5269,0.851996666004774,0.005023419844502546,0.0001780986785888672,0.8791094476273749,1.0552909013894924,0.0,0.0,1267
5270,0.8527038051730575,0.005022433021972962,0.00018286705017089844,0.8791050290565954,1.055290338654367,0.0,0.0,1268
5271,0.8524278686321306,0.005021447167961011,0.00019121170043945312,0.8791006898244632,1.0552902514480142,0.0,0.0,1269
5272,0.8546055302690441,0.005020462280757039,0.0001850128173828125,0.8790962493187285,1.0552892113383805,0.0,0.0,1270
5273,0.8552598404104464,0.005019478358655752,0.00018072128295898438,0.8790919086489865,1.055287739025058,0.0,0.0,1271
5274,0.8572821110449202,0.005018495399956194,0.00018668174743652344,0.8790872456996436,1.0552858437324328,0.0,0.0,1272
5275,0.8574864630351484,0.005017513402961737,0.00018262863159179688,0.87908255609995,1.0552839627280826,0.0,0.0,1273
5276,0.8569261811036583,0.005016532365980066,0.00019812583923339844,0.8790778683278236,1.0552828058432475,0.0,0.0,1274
5277,0.8562672769116574,0.005015552287323165,0.00018286705017089844,0.8790732318694628,1.055281314113185,0.0,0.0,1275
5278,0.8573401347122704,0.005014573165307299,0.00018596649169921875,0.879068520036356,1.0552796659546941,0.0,0.0,1276
5279,0.8580869093836707,0.005013594998253004,0.0001838207244873047,0.879063513049606,1.0552781200315866,0.0,0.0,1277
5280,0.8589649541875631,0.005012617784485075,0.00018453598022460938,0.8790587235359493,1.055275342550236,0.0,0.0,1278
5281,0.8589568396635221,0.005011641522332542,0.00019311904907226562,0.8790538016807652,1.055272505477082,0.0,0.0,1279
5282,0.858298965086992,0.0050106662101286675,0.00018596649169921875,0.8790489311256531,1.0552693374870643,0.0,0.0,1280
5283,0.8580177390987802,0.005009691846210924,0.00018477439880371094,0.8790440698231425,1.0552667288078694,0.0,0.0,1281
5284,0.8582092081667059,0.005008718428920987,0.0001850128173828125,0.8790391295419175,1.0552639450146848,0.0,0.0,1282
5285,0.8606747468394519,0.005007745956604715,0.0001838207244873047,0.8790338581001143,1.055259964955812,0.0,0.0,1283
5286,0.8603408321591295,0.0050067744276121404,0.0001881122589111328,0.8790286856725935,1.0552558997299732,0.0,0.0,1284
5287,0.8599751059107104,0.00500580384029745,0.0001888275146484375,0.8790235864728254,1.0552525145844434,0.0,0.0,1285
5288,0.8601773566088112,0.00500483419301898,0.0001933574676513672,0.8790188965525384,1.0552487640326733,0.0,0.0,1286
5289,0.8595220988320664,0.005003865484139194,0.0001842975616455078,0.8790142121265546,1.0552450181286313,0.0,0.0,1287
5290,0.8591388575912909,0.0050028977120246745,0.0001842975616455078,0.8790096324059483,1.0552415712881855,0.0,0.0,1288
5291,0.8586621690156201,0.005001930875046105,0.00018739700317382812,0.8790051345430223,1.0552384479335013,0.0,0.0,1289
5292,0.8594638891628406,0.005000964971578263,0.00018525123596191406,0.8790008924855931,1.0552348951597812,0.0,0.0,1290
5293,0.8588260348098412,0.004999999999999999,0.00018596649169921875,0.878996594321903,1.055231941992319,0.0,0.0,1291
5294,0.8583846740174068,0.004999035958694232,0.00020456314086914062,0.878992384556868,1.0552293383981282,0.0,0.0,1292
5295,0.8579320285648053,0.0049980728460479245,0.0001838207244873047,0.8789882268520526,1.0552271746150126,0.0,0.0,1293
5296,0.8579010756801845,0.004997110660452081,0.0001862049102783203,0.8789840788568395,1.0552242538988736,0.0,0.0,1294
5297,0.8572513709208495,0.004996149400301728,0.0001838207244873047,0.8789798909757007,1.0552216655815314,0.0,0.0,1295
5298,0.8577177201031041,0.004995189063995901,0.0001876354217529297,0.878975622989303,1.0552184501707986,0.0,0.0,1296
5299,0.8573517209874674,0.004994229649937636,0.0001964569091796875,0.8789714028633532,1.0552155447063905,0.0,0.0,1297
5300,0.8576430490929584,0.00499327115653395,0.0001919269561767578,0.8789671693476357,1.055212629088872,0.0,0.0,1298
5301,0.8576096726532607,0.004992313582195835,0.0001850128173828125,0.8789630900665741,1.055210169065419,0.0,0.0,1299
5302,0.8576810155857919,0.004991356925338237,0.00018835067749023438,0.8789592569922036,1.0552084226508596,0.0,0.0,1300
5303,0.8579734961975002,0.004990401184380054,0.0001876354217529297,0.878955333749143,1.0552067719391618,0.0,0.0,1301
5304,0.8573386749051279,0.004989446357744109,0.00019121170043945312,0.8789514710161584,1.0552052414090827,0.0,0.0,1302
5305,0.8572651876013154,0.004988492443857151,0.00018453598022460938,0.8789476646884335,1.05520416310474,0.0,0.0,1303
5306,0.8572450638274499,0.004987539441149834,0.00018906593322753906,0.8789438143050968,1.055202240615664,0.0,0.0,1304
5307,0.8587153010576497,0.004986587348056704,0.00018525123596191406,0.8789398822127574,1.0552004948646205,0.0,0.0,1305
5308,0.8582457999231148,0.004985636163016193,0.00019812583923339844,0.8789360092930381,1.0551987344660838,0.0,0.0,1306
5309,0.8576019088678152,0.004984685884470603,0.0001914501190185547,0.8789320967393168,1.055197300593218,0.0,0.0,1307
5310,0.8571408375231274,0.004983736510866086,0.0001900196075439453,0.8789283974396469,1.055196155624318,0.0,0.0,1308
5311,0.85818910546068,0.004982788040652646,0.0001957416534423828,0.8789245274756121,1.055195440565272,0.0,0.0,1309
5312,0.8584235387921225,0.004981840472284115,0.000186920166015625,0.8789204349278996,1.055193646778613,0.0,0.0,1310
5313,0.8579023788751665,0.004980893804218145,0.00019073486328125,0.8789164925177692,1.0551918729012986,0.0,0.0,1311
5314,0.8575893775277516,0.0049799480349161955,0.00018978118896484375,0.8789124141789222,1.0551891928270263,0.0,0.0,1312
5315,0.8572309881627052,0.004979003162843521,0.00019097328186035156,0.8789082751884117,1.055186682392655,0.0,0.0,1313
5316,0.8571134784825063,0.004978059186469158,0.00018715858459472656,0.8789042599613869,1.055184137574518,0.0,0.0,1314
5317,0.8574646340602927,0.004977116104265915,0.0001995563507080078,0.8789007337271157,1.0551814769462955,0.0,0.0,1315
5318,0.8569563982274522,0.004976173914710356,0.0002002716064453125,0.8788972369762226,1.055179131622559,0.0,0.0,1316
5319,0.8573813807460868,0.004975232616282795,0.0001881122589111328,0.878894169412823,1.0551766037561077,0.0,0.0,1317
5320,0.8575674210966503,0.004974292207467277,0.0001900196075439453,0.8788914814073928,1.0551745760023643,0.0,0.0,1318
5321,0.8572374423681334,0.004973352686751571,0.00019121170043945312,0.8788889481512001,1.05517253844302,0.0,0.0,1319
5322,0.8571506062500462,0.0049724140526271575,0.00019931793212890625,0.8788864175330463,1.0551702360218607,0.0,0.0,1320
5323,0.8567477624642453,0.00497147630358921,0.00018787384033203125,0.8788840344727942,1.0551678526334833,0.0,0.0,1321
5324,0.8570352582046293,0.004970539438136595,0.00018858909606933594,0.8788812320288804,1.0551653579776994,0.0,0.0,1322
5325,0.857509960205277,0.0049696034547718525,0.00019025802612304688,0.8788789149736216,1.05516273156296,0.0,0.0,1323
5326,0.8577064241308436,0.00496866835200118,0.00019550323486328125,0.8788765011792558,1.055159807919453,0.0,0.0,1324
5327,0.8571899407293514,0.004967734128334434,0.00019598007202148438,0.8788742809427416,1.0551568132196687,0.0,0.0,1325
5328,0.8565562250080874,0.004966800782285105,0.00019669532775878906,0.8788720200737343,1.0551541394978012,0.0,0.0,1326
5329,0.8568778904068575,0.0049658683123703145,0.0001919269561767578,0.8788701609972486,1.055151384904333,0.0,0.0,1327
5330,0.8576341492053002,0.0049649367171107975,0.00019431114196777344,0.8788688406184728,1.0551481570382228,0.0,0.0,1328
5331,0.857701394269469,0.004964005995030899,0.00020265579223632812,0.878867924889266,1.0551442411037828,0.0,0.0,1329
5332,0.8572138897775728,0.004963076144658552,0.00019121170043945312,0.8788670355117517,1.0551405964404752,0.0,0.0,1330
5333,0.8569661963435155,0.0049621471645252746,0.00020170211791992188,0.8788661875028542,1.0551370968929759,0.0,0.0,1331
5334,0.8568456635782188,0.004961219053166154,0.0001926422119140625,0.8788655011281685,1.0551335821429133,0.0,0.0,1332
5335,0.8565421360946268,0.004960291809119839,0.00019216537475585938,0.8788648921493717,1.05513079463368,0.0,0.0,1333
5336,0.8581854833355647,0.004959365430928523,0.00019407272338867188,0.8788639861674331,1.0551275671305982,0.0,0.0,1334
5337,0.85833819646911,0.004958439917137939,0.00018906593322753906,0.8788631393085765,1.0551243705711437,0.0,0.0,1335
5338,0.8604723561395055,0.004957515266297343,0.00019049644470214844,0.8788623682392158,1.0551208846802906,0.0,0.0,1336
5339,0.8609655174782141,0.004956591476959507,0.00019359588623046875,0.8788618127430139,1.0551159003268402,0.0,0.0,1337
5340,0.8607065626486728,0.004955668547680709,0.00019860267639160156,0.8788613184498082,1.055110809471807,0.0,0.0,1338
5341,0.8601875226739206,0.004954746477020711,0.00019121170043945312,0.8788608731673313,1.0551062888942202,0.0,0.0,1339
5342,0.8602734820701549,0.004953825263542763,0.0001933574676513672,0.8788606238061621,1.0551021012257527,0.0,0.0,1340
5343,0.8610812340436885,0.004952904905813585,0.00019168853759765625,0.8788601964872985,1.0550972831642504,0.0,0.0,1341
5344,0.8608154987068982,0.0049519854024033545,0.00019311904907226562,0.8788598950210463,1.055092739560166,0.0,0.0,1342
5345,0.8603402578821336,0.004951066751885693,0.00020694732666015625,0.8788596813835636,1.055088391969555,0.0,0.0,1343
5346,0.8598026605952129,0.004950148952837668,0.00019097328186035156,0.8788595936850544,1.0550840638265078,0.0,0.0,1344
5347,0.8598060422821401,0.004949232003839766,0.00019288063049316406,0.8788593548182138,1.0550798411434423,0.0,0.0,1345
5348,0.859423954755685,0.004948315903475892,0.00019216537475585938,0.8788593851957635,1.055075648000455,0.0,0.0,1346
5349,0.8587982348520646,0.0049474006503333594,0.00020051002502441406,0.8788594155453336,1.0550714597950828,0.0,0.0,1347
5350,0.8582499117656991,0.00494648624300287,0.0001971721649169922,0.8788592600022197,1.0550676102383212,0.0,0.0,1348
5351,0.8603092340974449,0.004945572680078514,0.00019359588623046875,0.8788584782575536,1.0550625751362492,0.0,0.0,1349
5352,0.8599598886398586,0.004944659960157751,0.000194549560546875,0.8788578098225857,1.0550584192473567,0.0,0.0,1350
5353,0.8596732419677617,0.004943748081841406,0.0001919269561767578,0.87885725102652,1.0550546324770174,0.0,0.0,1351
5354,0.8602272559223708,0.004942837043733653,0.000202178955078125,0.8788567882756744,1.0550523576164341,0.0,0.0,1352
5355,0.8598946819890579,0.00494192684444201,0.00019502639770507812,0.8788563964398258,1.0550502971759508,0.0,0.0,1353
5356,0.8596680404235763,0.004941017482577327,0.0001938343048095703,0.8788561939816484,1.0550482194081723,0.0,0.0,1354
5357,0.859836841702463,0.0049401089567537694,0.00019240379333496094,0.8788559204637195,1.0550461849665629,0.0,0.0,1355
5358,0.859559968078504,0.004939201265588819,0.00020623207092285156,0.8788558354842134,1.0550451439023334,0.0,0.0,1356
5359,0.8590093361906936,0.004938294407703252,0.00019621849060058594,0.8788557644691098,1.0550445480045156,0.0,0.0,1357
5360,0.8595368200122607,0.004937388381721139,0.00019359588623046875,0.8788560618037744,1.055043468099197,0.0,0.0,1358
5361,0.8589166469863073,0.004936483186269828,0.00019311904907226562,0.8788563172127469,1.0550426955073042,0.0,0.0,1359
5362,0.8583324582584984,0.004935578819979932,0.00019407272338867188,0.878856640276725,1.0550418483190867,0.0,0.0,1360
5363,0.8577140285108902,0.004934675281485332,0.0002040863037109375,0.8788569214784541,1.0550413075135578,0.0,0.0,1361
5364,0.8573622672881454,0.004933772569423148,0.00019550323486328125,0.8788573008908125,1.0550407544940579,0.0,0.0,1362
5365,0.8578180133118274,0.004932870682433747,0.00019502639770507812,0.8788580447555294,1.055040249748656,0.0,0.0,1363
5366,0.8588188078587936,0.004931969619160719,0.00019240379333496094,0.8788587853416385,1.0550392404366007,0.0,0.0,1364
5367,0.8582018094861517,0.004931069378250874,0.00020551681518554688,0.8788595251162999,1.055038232481593,0.0,0.0,1365
5368,0.8577778703486086,0.004930169958354233,0.00019407272338867188,0.8788603657921081,1.0550375113446655,0.0,0.0,1366
5369,0.8575693351607075,0.004929271358124013,0.00019502639770507812,0.8788611352667488,1.0550372895712028,0.0,0.0,1367
5370,0.8569545461826025,0.00492837357621662,0.0001964569091796875,0.878861903899928,1.05503706828542,0.0,0.0,1368
5371,0.8565200250609831,0.0049274766112916415,0.00019311904907226562,0.8788626874243467,1.0550369388232625,0.0,0.0,1369
5372,0.8563295723136329,0.004926580462011831,0.00020599365234375,0.8788633760478021,1.0550369093878464,0.0,0.0,1370
5373,0.8557170414489422,0.004925685127043103,0.00020051002502441406,0.8788640639204931,1.0550368802285217,0.0,0.0,1371
5374,0.8567643511229986,0.004924790605054523,0.00019550323486328125,0.8788651723425752,1.0550367873893551,0.0,0.0,1372
5375,0.8566706032956626,0.004923896894718292,0.0001952648162841797,0.8788664316048823,1.055036836333904,0.0,0.0,1373
5376,0.8562481648870984,0.004923003994709745,0.0002110004425048828,0.878867762027248,1.05503707990924,0.0,0.0,1374
5377,0.8561153578241487,0.004922111903707335,0.00019621849060058594,0.8788691591827811,1.0550376300307518,0.0,0.0,1375
5378,0.8566537568368994,0.004921220620392629,0.00019884109497070312,0.8788706150538226,1.0550381301440261,0.0,0.0,1376
5379,0.8576848042112052,0.004920330143450293,0.0001952648162841797,0.8788725904391909,1.055039278449014,0.0,0.0,1377
5380,0.8570742669569336,0.004919440471568085,0.0001957416534423828,0.8788745636708072,1.0550404257381147,0.0,0.0,1378
5381,0.8565888537721056,0.004918551603436846,0.00020623207092285156,0.8788766110299059,1.0550417001294525,0.0,0.0,1379
5382,0.8570057884128055,0.004917663537750488,0.00019741058349609375,0.8788786675516181,1.0550420700737522,0.0,0.0,1380
5383,0.8569730291383095,0.004916776273205993,0.0002014636993408203,0.8788807081341458,1.055042349297553,0.0,0.0,1381
5384,0.8563648932278358,0.004915889808503386,0.0001938343048095703,0.8788827464980762,1.0550426284558134,0.0,0.0,1382
5385,0.8574771521297387,0.004915004142345747,0.00020623207092285156,0.8788839224964837,1.0550414959399876,0.0,0.0,1383
5386,0.8588453785208995,0.004914119273439185,0.00019860267639160156,0.8788850153472382,1.0550406072896072,0.0,0.0,1384
5387,0.8584912757584005,0.004913235200492839,0.00019621849060058594,0.8788861724318867,1.0550399878210373,0.0,0.0,1385
5388,0.8588456823437545,0.004912351922218861,0.00019311904907226562,0.8788877708599864,1.0550392901637426,0.0,0.0,1386
5389,0.8591663331844247,0.004911469437332414,0.00019550323486328125,0.8788898793997197,1.0550385185852351,0.0,0.0,1387
5390,0.8586149332333785,0.004910587744551659,0.0001957416534423828,0.8788920015185667,1.0550379186773287,0.0,0.0,1388
5391,0.8589565387978884,0.004909706842597743,0.00019431114196777344,0.8788936900018877,1.055036657431059,0.0,0.0,1389
5392,0.8585476603559792,0.004908826730194799,0.00019741058349609375,0.8788954214185949,1.0550357694563013,0.0,0.0,1390
5393,0.8579423439171325,0.004907947406069926,0.00019884109497070312,0.8788970817938968,1.0550347607208994,0.0,0.0,1391
5394,0.8577990282206497,0.004907068868953187,0.00020623207092285156,0.8788987631533614,1.0550339372133026,0.0,0.0,1392
5395,0.857843558334172,0.004906191117577598,0.0001990795135498047,0.8789007987689925,1.0550331811950822,0.0,0.0,1393
5396,0.8596179980501513,0.0049053141506791185,0.00019693374633789062,0.87890228139857,1.0550315649051802,0.0,0.0,1394
5397,0.8590231593353097,0.004904437966996646,0.00019979476928710938,0.8789037811114795,1.0550303266566416,0.0,0.0,1395
5398,0.8597043141798227,0.004903562565272,0.00019741058349609375,0.8789054304939963,1.0550288458615813,0.0,0.0,1396
5399,0.8597828904612764,0.00490268794424992,0.0001971721649169922,0.8789070212889675,1.0550276063950965,0.0,0.0,1397
5400,0.8592853135120984,0.0049018141026780536,0.00020051002502441406,0.8789086884469147,1.0550265415773685,0.0,0.0,1398
5401,0.8593363174765387,0.004900941039306947,0.00019741058349609375,0.8789101049830305,1.0550250895421163,0.0,0.0,1399
5402,0.8587944265332653,0.004900068752890042,3.110976219177246,0.8850266778092378,1.0387750062184076,0.0,0.0,1400
5403,0.8584407511544543,0.004899197242183654,0.0003924369812011719,0.8850246190640624,1.0387705919218146,0.0,0.0,1401
5404,0.8586942441226579,0.00489832650594698,0.000247955322265625,0.8850238193531226,1.0387718089147482,0.0,0.0,1402
5405,0.858275787960509,0.004897456542942079,0.00022935867309570312,0.8850227885489974,1.0387731968047753,0.0,0.0,1403
5406,0.8590107203396883,0.004896587351933864,0.0002181529998779297,0.8850221114089316,1.0387732786596133,0.0,0.0,1404
5407,0.8586455126592099,0.004895718931690098,0.00021791458129882812,0.885020952724005,1.03877344614758,0.0,0.0,1405
5408,0.8590613529197018,0.0048948512809813835,0.00021028518676757812,0.8850199841648256,1.03877355839317,0.0,0.0,1406
5409,0.8584630789462683,0.004893984398581153,0.00020694732666015625,0.885019016620671,1.0387736707309536,0.0,0.0,1407
5410,0.8584440626735944,0.0048931182832656584,0.00020623207092285156,0.8850180070691409,1.0387735259902673,0.0,0.0,1408
5411,0.8587679497574731,0.0048922529338139694,0.00021457672119140625,0.885017161527725,1.0387738639479829,0.0,0.0,1409
5412,0.8587916595771826,0.004891388349007956,0.00020241737365722656,0.8850163466736533,1.0387747283949966,0.0,0.0,1410
5413,0.8584256644184122,0.004890524527632289,0.0002048015594482422,0.8850155941965996,1.038775822380889,0.0,0.0,1411
5414,0.857829942226842,0.004889661468474425,0.00019979476928710938,0.8850145097893838,1.0387768843236558,0.0,0.0,1412
5415,0.8573546802626181,0.004888799170324601,0.00021076202392578125,0.8850137989266298,1.038778291941129,0.0,0.0,1413
5416,0.858531705947551,0.004887937631975827,0.0002009868621826172,0.8850128862197906,1.0387796902638604,0.0,0.0,1414
5417,0.8583959568673668,0.004887076852223872,0.0002002716064453125,0.8850117211760467,1.0387814112240619,0.0,0.0,1415
5418,0.8578018948892439,0.004886216829867264,0.0002002716064453125,0.8850108886558589,1.038783161519819,0.0,0.0,1416
5419,0.8576105170547236,0.004885357563707278,0.00021076202392578125,0.8850099055069189,1.0387850277008233,0.0,0.0,1417
5420,0.8575150743626142,0.004884499052547922,0.00020432472229003906,0.8850095838311799,1.0387855833094681,0.0,0.0,1418
5421,0.8569821005510433,0.0048836412951959425,0.0002028942108154297,0.885008801630581,1.038787712240933,0.0,0.0,1419
5422,0.8569994824376007,0.004882784290460801,0.0002071857452392578,0.8850077026746113,1.0387897922291323,0.0,0.0,1420
5423,0.8567659177406013,0.0048819280371546776,0.00020074844360351562,0.8850070006195443,1.0387921369627517,0.0,0.0,1421
5424,0.8563291932142345,0.004881072534092456,0.0002129077911376953,0.8850058746457392,1.038794206667688,0.0,0.0,1422
5425,0.8561654752904279,0.004880217780091718,0.0002040863037109375,0.8850047475441687,1.0387962421974322,0.0,0.0,1423
5426,0.8580182580727549,0.004879363773972738,0.00020503997802734375,0.88500366157108,1.0387982110816882,0.0,0.0,1424
5427,0.857584154292698,0.004878510514558468,0.00020241737365722656,0.8850032334272112,1.0387992015469982,0.0,0.0,1425
5428,0.8575187924337747,0.004877658000674538,0.00021123886108398438,0.8850021753430676,1.0388016929582955,0.0,0.0,1426
5429,0.8581199408229174,0.0048768062311492395,0.00020456314086914062,0.8850008892506742,1.0388037365226623,0.0,0.0,1427
5430,0.8577936688167555,0.004875955204813527,0.00020170211791992188,0.885000279651563,1.038804928855882,0.0,0.0,1428
5431,0.8573492270840636,0.004875104920501002,0.00020575523376464844,0.8849991735262546,1.0388075683151725,0.0,0.0,1429
5432,0.8568718807945067,0.0048742553770479095,0.0002117156982421875,0.8849980754542491,1.0388105552227276,0.0,0.0,1430
5433,0.8563704339248019,0.0048734065732931285,0.0002040863037109375,0.88499762264242,1.038812524667023,0.0,0.0,1431
5434,0.8558367059049381,0.004872558508078167,0.00020503997802734375,0.8849963447014423,1.03881539344408,0.0,0.0,1432
5435,0.855403828666821,0.004871711180247146,0.00020360946655273438,0.8849951471559039,1.038818415890468,0.0,0.0,1433
5436,0.8550178955384586,0.004870864588646806,0.00020551681518554688,0.8849946067086571,1.0388203733462682,0.0,0.0,1434
5437,0.8551958390125384,0.004870018732126483,0.0002129077911376953,0.8849935667016168,1.0388235087130235,0.0,0.0,1435
5438,0.8571603693907006,0.004869173609538116,0.0002052783966064453,0.8849922969816112,1.0388284349170538,0.0,0.0,1436
5439,0.857245729426363,0.004868329219736228,0.00020241737365722656,0.8849917258535791,1.038830522339485,0.0,0.0,1437
5440,0.8586517543405955,0.004867485561577922,0.0002028942108154297,0.884989725299512,1.0388324451565003,0.0,0.0,1438
5441,0.8580667211641263,0.004866642633922876,0.00021505355834960938,0.8849871560678477,1.038837234176742,0.0,0.0,1439
5442,0.857653932451928,0.004865800435633333,0.00020194053649902344,0.8849852295999275,1.038839487701179,0.0,0.0,1440
5443,0.8587498868679835,0.004864958965574095,0.0002040863037109375,0.8849828451375097,1.0388431277101666,0.0,0.0,1441
5444,0.8594225144731455,0.00486411822261251,0.00021266937255859375,0.8849805164769771,1.038846295006235,0.0,0.0,1442
5445,0.85950192102268,0.004863278205618475,0.00021386146545410156,0.8849778103880326,1.0388490591909552,0.0,0.0,1443
5446,0.8596669905014203,0.004862438913464416,0.0002048015594482422,0.8849759147783588,1.038850335021153,0.0,0.0,1444
5447,0.8597401145450687,0.004861600345025294,0.00020503997802734375,0.8849743856147054,1.0388514458866234,0.0,0.0,1445
5448,0.8595784972641063,0.004860762499178584,0.0002040863037109375,0.8849729279493715,1.0388526371174254,0.0,0.0,1446
5449,0.8597636073688881,0.004859925374804279,0.0002048015594482422,0.8849714051314347,1.0388535648845214,0.0,0.0,1447
5450,0.8591815514802428,0.004859088970784873,0.00020599365234375,0.8849693367554968,1.038855697752209,0.0,0.0,1448
5451,0.8592249745285907,0.004858253286005364,0.00020599365234375,0.8849681770270146,1.0388565780291907,0.0,0.0,1449
5452,0.8589659847009956,0.004857418319353237,0.00020265579223632812,0.8849671214824416,1.0388577820764602,0.0,0.0,1450
5453,0.8586936784750643,0.004856584069718464,0.00020456314086914062,0.8849661289410379,1.0388592810314867,0.0,0.0,1451
5454,0.8584272771314396,0.004855750535993491,0.00021314620971679688,0.8849646554731843,1.038862228317364,0.0,0.0,1452
5455,0.8583941972440001,0.004854917717073234,0.00020575523376464844,0.8849637298271881,1.0388642660883172,0.0,0.0,1453
5456,0.8607149323119178,0.004854085611855074,0.00020503997802734375,0.8849613969898192,1.0388665547976272,0.0,0.0,1454
5457,0.8603350491040006,0.004853254219238842,0.0002033710479736328,0.8849595429238265,1.0388680119956195,0.0,0.0,1455
5458,0.8599673613957612,0.0048524235381268216,0.0002143383026123047,0.8849571186513624,1.0388708735186534,0.0,0.0,1456
5459,0.859557994892748,0.004851593567423735,0.0002071857452392578,0.8849547982560625,1.03887380720726,0.0,0.0,1457
5460,0.8589799528682835,0.004850764306036741,0.0002086162567138672,0.8849524802379197,1.0388767380651804,0.0,0.0,1458
5461,0.858616828981042,0.004849935752875418,0.0002048015594482422,0.8849507890883372,1.0388787404102002,0.0,0.0,1459
5462,0.8583028806056191,0.004849107906851773,0.0002143383026123047,0.8849485959138477,1.0388821835978508,0.0,0.0,1460
5463,0.8589282977045117,0.004848280766880221,0.0002067089080810547,0.8849465672063153,1.0388854993356782,0.0,0.0,1461
5464,0.8593402469142443,0.004847454331877581,0.00020599365234375,0.884944590913164,1.0388885586262349,0.0,0.0,1462
5465,0.8593701432777505,0.004846628600763073,0.0002071857452392578,0.8849426865944345,1.0388916931346945,0.0,0.0,1463
5466,0.859239163220536,0.00484580357245831,0.00020432472229003906,0.88494070576782,1.0388942961327432,0.0,0.0,1464
5467,0.860935353688395,0.004844979245887286,0.0002262592315673828,0.8849390098686654,1.0388968096083608,0.0,0.0,1465
5468,0.8605950147851826,0.004844155619976379,0.0002067089080810547,0.8849373732772541,1.038899621336277,0.0,0.0,1466
5469,0.8600197976711911,0.00484333269365433,0.00020647048950195312,0.884935738346248,1.0389024303740952,0.0,0.0,1467
5470,0.8614661088269854,0.004842510465852251,0.00020837783813476562,0.8849333860822577,1.0389040419912452,0.0,0.0,1468
5471,0.860890956744665,0.004841688935503606,0.00021600723266601562,0.8849310362107867,1.0389056521509734,0.0,0.0,1469
5472,0.8605402942017104,0.004840868101544216,0.0002071857452392578,0.8849287302857153,1.0389070117641817,0.0,0.0,1470
5473,0.8607783566641932,0.004840047962912238,0.00020647048950195312,0.8849266513455473,1.0389082016559967,0.0,0.0,1471
5474,0.8622140461461365,0.004839228518548174,0.00021123886108398438,0.8849247274193608,1.0389092597777743,0.0,0.0,1472
5475,0.8620177450527149,0.00483840976739485,0.00021886825561523438,0.8849226080189772,1.038910513005589,0.0,0.0,1473
5476,0.8618736272585511,0.004837591708397419,0.00020694732666015625,0.8849201919520892,1.0389106260932701,0.0,0.0,1474
5477,0.8614876433474952,0.0048367743405033515,0.00020885467529296875,0.884917869362445,1.038910844001598,0.0,0.0,1475
5478,0.8617480955690144,0.004835957662662425,0.00021004676818847656,0.8849159002911817,1.0389109128447558,0.0,0.0,1476
5479,0.8611759790217974,0.004835141673826725,0.0002238750457763672,0.8849139332086507,1.038910981811414,0.0,0.0,1477
5480,0.8612180371521968,0.004834326372950629,0.00021076202392578125,0.884912010423329,1.038911220724812,0.0,0.0,1478
5481,0.8607452932910158,0.004833511758990809,0.0002067089080810547,0.8849102870080866,1.0389118343424097,0.0,0.0,1479
5482,0.8604349609376762,0.004832697830906221,0.00020766258239746094,0.8849087049983795,1.0389127395989084,0.0,0.0,1480
5483,0.8598652846533253,0.004831884587658095,0.0002090930938720703,0.884907124578096,1.0389136441283504,0.0,0.0,1481
5484,0.8597402387676615,0.004831072028209936,0.00021028518676757812,0.884905551251838,1.038914939005383,0.0,0.0,1482
5485,0.8592811269038811,0.0048302601515275104,0.0002105236053466797,0.8849040266053282,1.038916457585276,0.0,0.0,1483
5486,0.8593368643905904,0.004829448956578844,0.00021195411682128906,0.8849025214273917,1.038918072222258,0.0,0.0,1484
5487,0.8589610953491084,0.004828638442334214,0.0002124309539794922,0.8849010309145515,1.0389199025979874,0.0,0.0,1485
5488,0.8588331729721903,0.004827828607766143,0.00022530555725097656,0.8848995895167363,1.0389220647272948,0.0,0.0,1486
5489,0.8610359906558608,0.004827019451849391,0.00021529197692871094,0.8848978635224021,1.0389239620988548,0.0,0.0,1487
5490,0.8612174742254444,0.0048262109735609515,0.0002110004425048828,0.8848957494743023,1.0389260830639635,0.0,0.0,1488
5491,0.8608235344652955,0.004825403171880043,0.000209808349609375,0.884894641166867,1.0389277943605038,0.0,0.0,1489
5492,0.8605656558036496,0.0048245960457881055,0.00022220611572265625,0.8848936011008592,1.0389298273037766,0.0,0.0,1490
5493,0.8599995891083874,0.00482378959426879,0.0002117156982421875,0.8848925620659468,1.0389318583843161,0.0,0.0,1491
5494,0.8596644139467023,0.004822983816307956,0.0002124309539794922,0.884890810131474,1.0389349110279513,0.0,0.0,1492
5495,0.8592528580681629,0.004822178710893664,0.0002124309539794922,0.8848896245310683,1.0389373076900035,0.0,0.0,1493
5496,0.8605369633026063,0.0048213742770161685,0.00022292137145996094,0.8848874879819122,1.0389390120428246,0.0,0.0,1494
5497,0.8601676200632985,0.00482057051366791,0.00021386146545410156,0.8848849371498829,1.0389411871563863,0.0,0.0,1495
5498,0.8615152027654064,0.004819767419843516,0.0002148151397705078,0.8848830547094958,1.0389443111406684,0.0,0.0,1496
5499,0.8626302259444109,0.0048189649945397876,0.0002148151397705078,0.8848811529683402,1.0389475535472061,0.0,0.0,1497
5500,0.8622487706526858,0.0048181632367556935,0.0002224445343017578,0.8848791489297065,1.0389513677937836,0.0,0.0,1498
5501,0.8631491582795822,0.004817362145492369,0.00022029876708984375,0.8848767349357451,1.038954930667721,0.0,0.0,1499
5502,0.86269629702523,0.004816561719753108,0.00021457672119140625,0.8848743562975594,1.0389587095560986,0.0,0.0,1500
5503,0.8627971063972859,0.004815761958543351,0.0002148151397705078,0.884871002824823,1.0389615349734576,0.0,0.0,1501
5504,0.8623365393620153,0.004814962860870688,0.0002238750457763672,0.8848676178846172,1.0389647201325372,0.0,0.0,1502
5505,0.8637732890916365,0.0048141644257448475,0.0002124309539794922,0.8848644023120491,1.0389677273901616,0.0,0.0,1503
5506,0.8640457581132908,0.004813366652177689,0.000213623046875,0.8848611582113319,1.0389705841681822,0.0,0.0,1504
5507,0.8660515984996412,0.004812569539183204,0.00021767616271972656,0.8848572051778981,1.0389720709914674,0.0,0.0,1505
5508,0.865678579112195,0.0048117730857775015,0.00022363662719726562,0.8848532678317735,1.0389738466186145,0.0,0.0,1506
5509,0.8653253180216497,0.004810977290978808,0.00021338462829589844,0.8848493463761409,1.0389756442820348,0.0,0.0,1507
5510,0.8654160095589762,0.004810182153807455,0.00021457672119140625,0.8848451143811121,1.038977384321542,0.0,0.0,1508
5511,0.8650707761786731,0.004809387673285885,0.00021576881408691406,0.8848409300198651,1.038979368832137,0.0,0.0,1509
5512,0.8652193400558761,0.004808593848438632,0.00022554397583007812,0.8848371327585219,1.0389812190272747,0.0,0.0,1510
5513,0.8649327403418267,0.004807800678292324,0.00021600723266601562,0.8848333931734967,1.0389833798652446,0.0,0.0,1511
5514,0.864706830204599,0.004807008161875674,0.00021457672119140625,0.8848296424408253,1.0389857065862147,0.0,0.0,1512
5515,0.8643655023469557,0.004806216298219478,0.00021457672119140625,0.8848259667480359,1.0389880750879108,0.0,0.0,1513
5516,0.8638050839138629,0.004805425086356601,0.00021696090698242188,0.8848222946948908,1.0389904414162598,0.0,0.0,1514
5517,0.8641276158338667,0.00480463452532198,0.0002117156982421875,0.8848188088142354,1.0389927674071364,0.0,0.0,1515
5518,0.8636590749535558,0.004803844614152614,0.0002124309539794922,0.8848153959952468,1.0389953688990001,0.0,0.0,1516
5519,0.8643192278620245,0.004803055351887559,0.00021386146545410156,0.8848121578154077,1.0389980118934423,0.0,0.0,1517
5520,0.8639417492160872,0.004802266737567921,0.00021457672119140625,0.8848089723414748,1.0390009008253769,0.0,0.0,1518
5521,0.8643134093020706,0.004801478770236853,0.00022149085998535156,0.8848060304177384,1.0390035147699619,0.0,0.0,1519
5522,0.864543968568792,0.004800691448939545,0.0002143383026123047,0.8848034437163306,1.0390059238464178,0.0,0.0,1520
5523,0.864041491559711,0.0047999047727232255,0.00021314620971679688,0.8848007751365964,1.0390084018959025,0.0,0.0,1521
5524,0.8637925856621785,0.004799118740637148,0.0002124309539794922,0.8847981620021814,1.0390110829834032,0.0,0.0,1522
5525,0.8641535495005878,0.004798333351732588,0.00022840499877929688,0.8847957037162051,1.0390136934671197,0.0,0.0,1523
5526,0.8667562251787267,0.00479754860506284,0.0002186298370361328,0.8847929296361449,1.0390144564928065,0.0,0.0,1524
5527,0.866292017740762,0.004796764499683209,0.00021791458129882812,0.8847899703436147,1.039015369533407,0.0,0.0,1525
5528,0.8662810070436143,0.004795981034651008,0.0002162456512451172,0.8847873601098722,1.0390157148581496,0.0,0.0,1526
5529,0.8668895950845437,0.004795198209025547,0.00022554397583007812,0.8847846956909103,1.0390161883551412,0.0,0.0,1527
5530,0.8663326863209951,0.004794416021868134,0.00021505355834960938,0.8847820338812871,1.0390166615634064,0.0,0.0,1528
5531,0.866016735157858,0.004793634472242062,0.00022077560424804688,0.8847794072942062,1.0390170098488936,0.0,0.0,1529
5532,0.8654610684113384,0.004792853559212613,0.0002155303955078125,0.8847767832757575,1.0390173579696134,0.0,0.0,1530
5533,0.8651409900331367,0.004792073281847043,0.00023412704467773438,0.884774200850232,1.039017838944075,0.0,0.0,1531
5534,0.8653554863124036,0.0047912936392145835,0.00022101402282714844,0.8847715683064493,1.039018142706887,0.0,0.0,1532
5535,0.865185194827424,0.0047905146303864315,0.00021576881408691406,0.884768770474054,1.0390184387108465,0.0,0.0,1533
5536,0.8647912854529732,0.004789736254435747,0.00021457672119140625,0.884766070190206,1.039018962505322,0.0,0.0,1534
5537,0.8646221430029855,0.004788958510437645,0.00022792816162109375,0.8847637225317976,1.0390205373188846,0.0,0.0,1535
5538,0.8640696250817129,0.004788181397469194,0.00021767616271972656,0.8847613771581908,1.0390221107658126,0.0,0.0,1536
5539,0.8638745682480853,0.004787404914609406,0.0002167224884033203,0.8847591113946309,1.0390239668559023,0.0,0.0,1537
5540,0.8636050017200879,0.004786629060939234,0.00021505355834960938,0.8847568058017989,1.0390262283012879,0.0,0.0,1538
5541,0.8639720345668941,0.004785853835541568,0.00022840499877929688,0.8847542043784418,1.0390283403781466,0.0,0.0,1539
5542,0.8639265894157655,0.004785079237501224,0.000217437744140625,0.8847518066442065,1.0390306617599603,0.0,0.0,1540
5543,0.8637186180685296,0.004784305265904944,0.00021576881408691406,0.8847493399478938,1.0390331563215067,0.0,0.0,1541
5544,0.8631688581973113,0.004783531919841391,0.00021648406982421875,0.8847468756438199,1.0390356486231416,0.0,0.0,1542
5545,0.8628008269025472,0.0047827591984011385,0.00022935867309570312,0.8847444634837046,1.0390383867558315,0.0,0.0,1543
5546,0.862712444552529,0.00478198710067667,0.00022363662719726562,0.8847418120879779,1.0390411160677138,0.0,0.0,1544
5547,0.8630776240336084,0.004781215625762374,0.0002186298370361328,0.8847394284636354,1.039043702566895,0.0,0.0,1545
5548,0.8644651738618067,0.004780444772754535,0.000217437744140625,0.8847368802042505,1.039045394604643,0.0,0.0,1546
5549,0.8653740352723677,0.0047796745407513285,0.00022864341735839844,0.8847341762960326,1.0390466135615624,0.0,0.0,1547
5550,0.8649614334844824,0.004778904928852823,0.0002193450927734375,0.8847315501797217,1.0390479522195941,0.0,0.0,1548
5551,0.8648753544951477,0.0047781359361609675,0.00022029876708984375,0.8847285192489184,1.039049146271962,0.0,0.0,1549
5552,0.8645857328551874,0.004777367561779585,0.00021648406982421875,0.8847254440980585,1.0390505879387393,0.0,0.0,1550
5553,0.8646480798303738,0.004776599804814374,0.000225067138671875,0.8847227232732555,1.0390518740576524,0.0,0.0,1551
5554,0.8647706541521949,0.004775832664372901,0.0002181529998779297,0.8847202162947789,1.0390528280001845,0.0,0.0,1552
5555,0.8642239445941764,0.004775066139564592,0.00021839141845703125,0.8847172190215096,1.0390548671441509,0.0,0.0,1553
5556,0.8636779307300072,0.004774300229500731,0.00022459030151367188,0.8847147168718206,1.0390558195799282,0.0,0.0,1554
5557,0.8634288964190463,0.004773534933294455,0.0002307891845703125,0.8847118196553047,1.0390581268387862,0.0,0.0,1555
5558,0.8628840796213406,0.004772770250060746,0.00022077560424804688,0.8847094165152052,1.0390593492180853,0.0,0.0,1556
5559,0.8624984419683004,0.00477200617891643,0.00022339820861816406,0.8847066604384304,1.0390619083284216,0.0,0.0,1557
5560,0.8619549308724744,0.004771242718980167,0.00021982192993164062,0.8847043973544331,1.039063384397716,0.0,0.0,1558
5561,0.8631870005117177,0.004770479869372453,0.0002238750457763672,0.8847009900110163,1.0390654334589673,0.0,0.0,1559
5562,0.8629384379746904,0.004769717629215606,0.00021767616271972656,0.8846976895057043,1.0390677274329416,0.0,0.0,1560
5563,0.8631018949717448,0.004768955997633769,0.0002200603485107422,0.8846949815157903,1.0390689460130869,0.0,0.0,1561
5564,0.8631590561752366,0.004768194973752903,0.00022029876708984375,0.884692013379823,1.0390709823322015,0.0,0.0,1562
5565,0.8628196054811628,0.004767434556700778,0.0002307891845703125,0.8846890811245202,1.0390732288715687,0.0,0.0,1563
5566,0.8622931146048842,0.004766674745606972,0.00022339820861816406,0.8846861101001897,1.0390758291749735,0.0,0.0,1564
5567,0.8625319384226688,0.0047659155396028675,0.00022554397583007812,0.8846834890969889,1.039078131986315,0.0,0.0,1565
5568,0.862465075394777,0.004765156937821642,0.00021791458129882812,0.8846809975750367,1.0390807332160366,0.0,0.0,1566
5569,0.8620455165874991,0.004764398939398266,0.0002276897430419922,0.8846785542202684,1.0390835916257202,0.0,0.0,1567
5570,0.8626162416232768,0.004763641543469498,0.0002205371856689453,0.8846757379912279,1.039087009699169,0.0,0.0,1568
5571,0.8626930010341909,0.004762884749173879,0.00021886825561523438,0.884672915098529,1.0390904437437813,0.0,0.0,1569
5572,0.8626985602695711,0.0047621285556517295,0.00022149085998535156,0.8846701445137742,1.0390938784089323,0.0,0.0,1570
5573,0.8627414640798268,0.004761372962045142,0.0002307891845703125,0.8846672210821971,1.0390971952622672,0.0,0.0,1571
5574,0.8623572841393713,0.004760617967497975,0.00022268295288085938,0.8846643821373467,1.0391005996324907,0.0,0.0,1572
5575,0.8618978102497674,0.004759863571155856,0.00022077560424804688,0.8846616608770629,1.039104305609182,0.0,0.0,1573
5576,0.8628135196355191,0.004759109772166168,0.00022101402282714844,0.8846583714053531,1.039107805313385,0.0,0.0,1574
5577,0.8624006560754847,0.004758356569678049,0.0002319812774658203,0.8846551305821581,1.0391111663117163,0.0,0.0,1575
5578,0.862277133049707,0.004757603962842384,0.0002257823944091797,0.8846518571061085,1.0391147526554436,0.0,0.0,1576
5579,0.8620064511733635,0.004756851950811808,0.00022029876708984375,0.8846486621642745,1.0391186896048623,0.0,0.0,1577
5580,0.8620934790147107,0.004756100532740693,0.00022101402282714844,0.8846454817090138,1.039122451149008,0.0,0.0,1578
5581,0.8617756475741959,0.0047553497077851455,0.00023508071899414062,0.8846428306852906,1.0391254011123696,0.0,0.0,1579
5582,0.8620023547216378,0.0047545994751030055,0.00022220611572265625,0.884640032114674,1.0391292684744267,0.0,0.0,1580
5583,0.8624653416599734,0.004753849833853836,0.00022172927856445312,0.8846375680966132,1.0391320552653454,0.0,0.0,1581
5584,0.8621815190411091,0.004753100783198924,0.00022101402282714844,0.8846346669754963,1.0391361514443287,0.0,0.0,1582
5585,0.8617452080991067,0.004752352322301273,0.00022840499877929688,0.8846323138310984,1.0391394428867928,0.0,0.0,1583
5586,0.8613594461135822,0.004751604450325598,0.00022149085998535156,0.8846295274919507,1.039143821643247,0.0,0.0,1584
5587,0.8612408025798645,0.004750857166438322,0.00022339820861816406,0.8846272991035126,1.039147459918546,0.0,0.0,1585
5588,0.8607075511445187,0.004750110469807572,0.00021910667419433594,0.8846245953675757,1.0391521472262826,0.0,0.0,1586
5589,0.8601749781238012,0.004749364359603172,0.00022983551025390625,0.8846218941812473,1.0391568302561713,0.0,0.0,1587
5590,0.8597867567701497,0.004748618834996642,0.0002219676971435547,0.8846197405169025,1.0391606528147341,0.0,0.0,1588
5591,0.8602542136051896,0.0047478738951611905,0.00022339820861816406,0.8846174716164507,1.0391654444622704,0.0,0.0,1589
5592,0.8597463707190478,0.004747129539271711,0.00021958351135253906,0.884615209038562,1.0391703055113368,0.0,0.0,1590
5593,0.8592875052361254,0.004746385766504778,0.0002300739288330078,0.8846129966027289,1.0391751703661918,0.0,0.0,1591
5594,0.8591096204286062,0.004745642576038642,0.00022101402282714844,0.8846108117189047,1.0391803556215153,0.0,0.0,1592
5595,0.8604458440862367,0.004744899967053225,0.00022172927856445312,0.8846092291307633,1.0391843456289798,0.0,0.0,1593
5596,0.8606842432115895,0.004744157938730116,0.0002219676971435547,0.8846075488912755,1.0391891262332842,0.0,0.0,1594
5597,0.860154426291853,0.004743416490252569,0.00023412704467773438,0.8846058702213558,1.0391939024924397,0.0,0.0,1595
5598,0.8611548862188984,0.004742675620805492,0.00022482872009277344,0.8846041769853643,1.0391986134729516,0.0,0.0,1596
5599,0.8607782469759513,0.004741935329575451,0.00022363662719726562,0.8846025320957136,1.03920352075123,0.0,0.0,1597
5600,0.861161700127439,0.00474119561575066,0.00023126602172851562,0.8846011379486305,1.0392071831210123,0.0,0.0,1598
5601,0.8609666957457237,0.004740456478520978,0.00023555755615234375,0.8845990952755362,1.0392109291093368,0.0,0.0,1599
5602,0.8593676137196848,0.004739717917077904,2.568077564239502,0.8719258303110493,1.0767837291815436,0.0,0.0,1600
5603,0.859313644693599,0.004738979930614576,0.0005016326904296875,0.8719258907078781,1.076784947633283,0.0,0.0,1601
5604,0.8592981801923929,0.004738242518325763,0.00029778480529785156,0.871925820657997,1.0767889672382298,0.0,0.0,1602
5605,0.8587730119387472,0.004737505679407861,0.0002493858337402344,0.8719252573803076,1.0767915151880474,0.0,0.0,1603
5606,0.8583543431061026,0.004736769413058891,0.0002396106719970703,0.8719247474561107,1.076795108165221,0.0,0.0,1604
5607,0.8578304188426932,0.004736033718478492,0.00024771690368652344,0.8719242379962711,1.0767986979911635,0.0,0.0,1605
5608,0.8578506138737862,0.004735298594867918,0.00023412704467773438,0.8719237793678868,1.0768024853008842,0.0,0.0,1606
5609,0.857327650505384,0.004734564041430035,0.00022935867309570312,0.8719233229968786,1.0768058278624872,0.0,0.0,1607
5610,0.8569820266931834,0.004733830057369315,0.00022721290588378906,0.8719230146941293,1.0768097138112502,0.0,0.0,1608
5611,0.8577419417886443,0.004733096641891831,0.00023984909057617188,0.8719224606224343,1.0768127887712429,0.0,0.0,1609
5612,0.8574575388983336,0.004732363794205257,0.0002276897430419922,0.8719218445083267,1.0768156960184323,0.0,0.0,1610
5613,0.8571092775099378,0.004731631513518858,0.00022602081298828125,0.8719213352864728,1.0768193648027116,0.0,0.0,1611
5614,0.8568725762534909,0.004730899799043489,0.000225067138671875,0.8719207189939724,1.0768228785937513,0.0,0.0,1612
5615,0.8572521381954984,0.004730168649991592,0.00023508071899414062,0.8719203574324663,1.0768259649850294,0.0,0.0,1613
5616,0.8567902268347058,0.0047294380655771885,0.0002300739288330078,0.8719195970887169,1.0768285622492553,0.0,0.0,1614
5617,0.8564562224915121,0.004728708045015878,0.000225067138671875,0.8719188639307986,1.076831811420215,0.0,0.0,1615
5618,0.8566049349129488,0.004727978587524837,0.000225067138671875,0.8719182462022904,1.0768344837533044,0.0,0.0,1616
5619,0.856922327473911,0.004727249692322801,0.00023603439331054688,0.8719179193279933,1.0768365753689684,0.0,0.0,1617
5620,0.8572663067372537,0.0047265213586300805,0.00022530555725097656,0.8719174339028481,1.0768378003375034,0.0,0.0,1618
5621,0.8568845111526852,0.004725793585668541,0.0002269744873046875,0.8719167249305707,1.0768397219900365,0.0,0.0,1619
5622,0.8564048026689328,0.004725066372661607,0.0002315044403076172,0.8719160404068242,1.076841872620582,0.0,0.0,1620
5623,0.8569900087150972,0.004724339718834254,0.00023698806762695312,0.8719156595667124,1.0768435530280904,0.0,0.0,1621
5624,0.8564723238127503,0.0047236136234130085,0.00022482872009277344,0.8719152772498981,1.076845667417971,0.0,0.0,1622
5625,0.8569131772681743,0.0047228880856259375,0.0002269744873046875,0.8719146738589061,1.0768471258574015,0.0,0.0,1623
5626,0.8572973432471995,0.004722163104702652,0.0002295970916748047,0.8719138831900739,1.0768486331403269,0.0,0.0,1624
5627,0.8576267264607669,0.004721438679874296,0.000225067138671875,0.8719130551295302,1.0768505576445884,0.0,0.0,1625
5628,0.8580398867553947,0.004720714810373552,0.00022411346435546875,0.8719123840154027,1.0768524008095446,0.0,0.0,1626
5629,0.8587740406107386,0.004719991495434624,0.00022363662719726562,0.8719117376936657,1.0768549811741146,0.0,0.0,1627
5630,0.8583431865050243,0.004719268734293242,0.00023436546325683594,0.8719111099757576,1.0768578577416688,0.0,0.0,1628
5631,0.858663582373007,0.004718546526186661,0.00023221969604492188,0.8719105049368895,1.0768584734199669,0.0,0.0,1629
5632,0.8587298385781252,0.0047178248703536475,0.00022554397583007812,0.8719098982868112,1.0768591127426062,0.0,0.0,1630
5633,0.8588393678925773,0.004717103766034483,0.00022864341735839844,0.8719093700643638,1.0768598045633997,0.0,0.0,1631
5634,0.8586136826543479,0.004716383212470955,0.0002391338348388672,0.8719087118060027,1.0768606507467862,0.0,0.0,1632
5635,0.8588850776651376,0.00471566320890636,0.00023031234741210938,0.8719079335724632,1.0768616804499203,0.0,0.0,1633
5636,0.8587442190286815,0.004714943754585493,0.00023031234741210938,0.8719070688025832,1.076862626453832,0.0,0.0,1634
5637,0.858238495047981,0.004714224848754646,0.00023031234741210938,0.871906243127942,1.0768647323819145,0.0,0.0,1635
5638,0.8577244600841352,0.004713506490661603,0.00024080276489257812,0.8719054139633008,1.076865751930899,0.0,0.0,1636
5639,0.857393334899921,0.004712788679555639,0.00023317337036132812,0.8719046045277002,1.0768670278506847,0.0,0.0,1637
5640,0.8568804423404789,0.004712071414687513,0.00022935867309570312,0.871903800051598,1.0768693854863676,0.0,0.0,1638
5641,0.8567868530082354,0.004711354695309466,0.00023055076599121094,0.8719028316406326,1.0768707934880741,0.0,0.0,1639
5642,0.8586337167002499,0.004710638520675219,0.00024056434631347656,0.8719015095711523,1.076871884508985,0.0,0.0,1640
5643,0.8589701582128006,0.00470992289003996,0.00022935867309570312,0.8719004674261219,1.0768736423245058,0.0,0.0,1641
5644,0.8591246534253486,0.0047092078026603566,0.0002281665802001953,0.8718994734272278,1.076874414774286,0.0,0.0,1642
5645,0.8594184254804876,0.004708493257794535,0.00023508071899414062,0.8718986351146134,1.0768750906304172,0.0,0.0,1643
5646,0.8589061434289056,0.004707779254702087,0.00024080276489257812,0.8718977975567495,1.0768757660781827,0.0,0.0,1644
5647,0.8598206523122041,0.004707065792644064,0.00023317337036132812,0.871897033809949,1.0768760242831161,0.0,0.0,1645
5648,0.8603464144872169,0.0047063528708829695,0.00022935867309570312,0.8718965673174839,1.0768761831022367,0.0,0.0,1646
5649,0.8614029048859558,0.004705640488682761,0.00023031234741210938,0.8718961913842987,1.0768773855841167,0.0,0.0,1647
5650,0.8608906128733732,0.004704928645308841,0.0002377033233642578,0.8718958115910024,1.0768775143164018,0.0,0.0,1648
5651,0.8609935971141198,0.004704217340028057,0.0002319812774658203,0.8718953774120256,1.076877575746539,0.0,0.0,1649
5652,0.8604821559615426,0.004703506572108698,0.00023031234741210938,0.8718949436161886,1.0768776373272244,0.0,0.0,1650
5653,0.8607741048036739,0.004702796340820488,0.00022864341735839844,0.871894443851921,1.0768779076143986,0.0,0.0,1651
5654,0.8602770236151746,0.004702086645434582,0.0002338886260986328,0.8718939872030482,1.0768795021642763,0.0,0.0,1652
5655,0.8604906115093033,0.004701377485223566,0.00023555755615234375,0.8718935468293101,1.0768799329659453,0.0,0.0,1653
5656,0.8599807523611148,0.004700668859461452,0.0002319812774658203,0.8718931068434379,1.0768803635811428,0.0,0.0,1654
5657,0.8595153486005602,0.004699960767423673,0.0002429485321044922,0.8718927360062895,1.076881894230806,0.0,0.0,1655
5658,0.8590694117817549,0.004699253208387077,0.00023436546325683594,0.8718921691646163,1.076882815222012,0.0,0.0,1656
5659,0.8585613029867577,0.004698546181629931,0.0002334117889404297,0.8718916069813474,1.076884799732028,0.0,0.0,1657
5660,0.8591077978927889,0.004697839686431913,0.00023126602172851562,0.871891202909141,1.076886664488571,0.0,0.0,1658
5661,0.8586552019936434,0.004697133722074102,0.00024127960205078125,0.8718908193124685,1.0768886694587907,0.0,0.0,1659
5662,0.8588732517383831,0.004696428287838986,0.00023508071899414062,0.8718905627536858,1.076889518488063,0.0,0.0,1660
5663,0.8590560807542263,0.004695723383010453,0.0002300739288330078,0.8718902557209356,1.0768916548598668,0.0,0.0,1661
5664,0.859412345788359,0.004695019006873785,0.00023317337036132812,0.8718902568624857,1.0768937676617043,0.0,0.0,1662
5665,0.8597904604941226,0.00469431515871566,0.0002455711364746094,0.8718899952721583,1.0768944127831899,0.0,0.0,1663
5666,0.8608272230231411,0.004693611837824141,0.00023555755615234375,0.8718897601875413,1.0768953556301022,0.0,0.0,1664
5667,0.8613678771548332,0.00469290904348868,0.00023746490478515625,0.8718894161446545,1.0768952793354212,0.0,0.0,1665
5668,0.860955998277924,0.004692206775000111,0.00023603439331054688,0.8718889403814873,1.0768953639569592,0.0,0.0,1666
5669,0.861084954328436,0.004691505031650646,0.000247955322265625,0.8718886469555512,1.0768960113320525,0.0,0.0,1667
5670,0.8606694334642062,0.004690803812733873,0.0002357959747314453,0.8718881744602895,1.0768968275172701,0.0,0.0,1668
5671,0.860164012167785,0.004690103117544751,0.0002334117889404297,0.8718877041191899,1.0768972260551404,0.0,0.0,1669
5672,0.8597985255877821,0.0046894029453796076,0.0002429485321044922,0.8718871294159629,1.0769003492133047,0.0,0.0,1670
5673,0.85958281702027,0.004688703295536135,0.00023412704467773438,0.8718867626654605,1.0769010570285287,0.0,0.0,1671
5674,0.8600322147773131,0.004688004167313388,0.00023818016052246094,0.8718864858898405,1.0769028972811459,0.0,0.0,1672
5675,0.8602082673482807,0.0046873055600117775,0.00023293495178222656,0.8718861752868474,1.0769031608933135,0.0,0.0,1673
5676,0.8604311521142473,0.00468660747293307,0.00024271011352539062,0.871885994251656,1.0769041047401096,0.0,0.0,1674
5677,0.8599276532365989,0.004685909905380384,0.0002357959747314453,0.8718858110081115,1.0769035859785432,0.0,0.0,1675
5678,0.8604661688730166,0.004685212856658182,0.0002334117889404297,0.8718855574701447,1.0769029338132636,0.0,0.0,1676
5679,0.8611488995447721,0.004684516326072274,0.00023818016052246094,0.8718849477415165,1.0769042907911799,0.0,0.0,1677
5680,0.8606458524947803,0.004683820312929812,0.0002484321594238281,0.8718844897549096,1.0769030928015304,0.0,0.0,1678
5681,0.8602833025333367,0.00468312481653928,0.0002377033233642578,0.8718839136099419,1.0769035964963902,0.0,0.0,1679
5682,0.8600980666881982,0.004682429836210503,0.0002334117889404297,0.8718833551859467,1.0769035904530386,0.0,0.0,1680
5683,0.8595965706228023,0.0046817353712546314,0.00023293495178222656,0.8718827955274372,1.0769039972808965,0.0,0.0,1681
5684,0.8603463283509338,0.004681041420984144,0.0002422332763671875,0.871882261944915,1.0769034334528882,0.0,0.0,1682
5685,0.8603096025545827,0.004680347984712845,0.0002353191375732422,0.8718817732429928,1.076903514129837,0.0,0.0,1683
5686,0.8605767035305981,0.00467965506175586,0.00023889541625976562,0.8718811900600997,1.0769036052461716,0.0,0.0,1684
5687,0.8615402358668518,0.00467896265142963,0.0002448558807373047,0.8718806593275439,1.0769030222260971,0.0,0.0,1685
5688,0.8611493809144135,0.00467827075305191,0.00023627281188964844,0.8718801752754493,1.0769029467693843,0.0,0.0,1686
5689,0.860857872111403,0.004677579365941767,0.0002384185791015625,0.8718797129002702,1.0769025841139028,0.0,0.0,1687
5690,0.8604852103161162,0.004676888489419575,0.00023555755615234375,0.871879263730267,1.076902937411877,0.0,0.0,1688
5691,0.8602094670967927,0.0046761981228070106,0.0002472400665283203,0.8718787984654707,1.0769035478392956,0.0,0.0,1689
5692,0.8605558539941308,0.0046755082654270546,0.00023651123046875,0.8718780888946179,1.076904118117429,0.0,0.0,1690
5693,0.8602691804070175,0.0046748189166039835,0.0002346038818359375,0.8718773196634948,1.0769054178808193,0.0,0.0,1691
5694,0.8601448846669681,0.004674130075663367,0.0002377033233642578,0.8718765213481241,1.0769070229933089,0.0,0.0,1692
5695,0.8596469414505048,0.004673441741932069,0.0002472400665283203,0.8718757254345545,1.0769082185783274,0.0,0.0,1693
5696,0.8591495917134424,0.004672753914738238,0.00023889541625976562,0.8718749285137369,1.0769098212340191,0.0,0.0,1694
5697,0.859813123158421,0.0046720665934113104,0.0002529621124267578,0.871874085566017,1.0769097733288564,0.0,0.0,1695
5698,0.8613335258231224,0.004671379777282001,0.00024962425231933594,0.8718733650127112,1.076908892053695,0.0,0.0,1696
5699,0.8612525302018632,0.004670693465682304,0.00023627281188964844,0.8718726533794492,1.0769079603446436,0.0,0.0,1697
5700,0.8610196759701744,0.004670007657945492,0.00023484230041503906,0.871872004182428,1.0769072429933195,0.0,0.0,1698
5701,0.8614892936658055,0.004669322353406103,0.00023627281188964844,0.871871664396198,1.0769064014761256,0.0,0.0,1699
5702,0.8611328120142105,0.004668637551399951,0.0002434253692626953,0.8718713320934153,1.0769052867369129,0.0,0.0,1700
5703,0.8614975097223914,0.004667953251264108,0.00023603439331054688,0.8718708373007744,1.0769046124884423,0.0,0.0,1701
5704,0.8611774841452075,0.004667269452336915,0.00023937225341796875,0.8718703501840183,1.0769031168484842,0.0,0.0,1702
5705,0.8607413607271284,0.004666586153957968,0.0002453327178955078,0.8718697422619011,1.0769018241398638,0.0,0.0,1703
5706,0.8609946966893076,0.004665903355468124,0.00023746490478515625,0.8718693147872449,1.0769005172780894,0.0,0.0,1704
5707,0.8606583453530957,0.004665221056209486,0.00024437904357910156,0.8718689008805116,1.076899376449222,0.0,0.0,1705
5708,0.8602379018896389,0.004664539255525413,0.0002357959747314453,0.8718685507239025,1.0768984578563043,0.0,0.0,1706
5709,0.8610936339615259,0.004663857952760507,0.0002503395080566406,0.8718680774620949,1.0768970630642158,0.0,0.0,1707
5710,0.8608324403985333,0.004663177147260617,0.00023484230041503906,0.8718676732026137,1.0768957833195065,0.0,0.0,1708
5711,0.8613127385333604,0.004662496838372831,0.00024127960205078125,0.8718677399832202,1.0768953739257123,0.0,0.0,1709
5712,0.8609339312180201,0.004661817025445474,0.0002467632293701172,0.8718675751065906,1.0768951124320139,0.0,0.0,1710
5713,0.8604428790139199,0.004661137707828105,0.00025177001953125,0.8718674061795846,1.0768951495355257,0.0,0.0,1711
5714,0.8601327167386235,0.0046604588848715165,0.0002357959747314453,0.8718672362421716,1.0768953283175875,0.0,0.0,1712
5715,0.8604455696023947,0.004659780555927729,0.0002377033233642578,0.8718671439313438,1.0768951094690842,0.0,0.0,1713
5716,0.8599533154149895,0.004659102720349986,0.0002651214599609375,0.8718670516890596,1.07689489100723,0.0,0.0,1714
5717,0.8594616327088294,0.004658425377492758,0.0002429485321044922,0.8718669595152315,1.0768946729312574,0.0,0.0,1715
5718,0.8603248449396035,0.0046577485267117295,0.0002396106719970703,0.8718665835612366,1.0768946078464026,0.0,0.0,1716
5719,0.8600681243394397,0.004657072167363803,0.00024080276489257812,0.871866145786005,1.076894660951236,0.0,0.0,1717
5720,0.8598649861673795,0.004656396298807098,0.0002484321594238281,0.8718656742597876,1.0768942004300812,0.0,0.0,1718
5721,0.8599590694096781,0.004655720920400938,0.00023674964904785156,0.8718649400157372,1.0768949409800601,0.0,0.0,1719
5722,0.8602012447846555,0.00465504603150586,0.0002334117889404297,0.8718642411518034,1.0768959331056254,0.0,0.0,1720
5723,0.8603439659842392,0.004654371631483601,0.00023937225341796875,0.8718636740212518,1.0768962541084313,0.0,0.0,1721
5724,0.8601812168714797,0.0046536977196971,0.0002498626708984375,0.8718631426733912,1.0768965939037722,0.0,0.0,1722
5725,0.8599751754877142,0.0046530242955104975,0.0002384185791015625,0.8718626527500035,1.0768972035791555,0.0,0.0,1723
5726,0.8595975999007576,0.0046523513582891265,0.0002410411834716797,0.8718621908169547,1.0768979256729136,0.0,0.0,1724
5727,0.8593078114204492,0.0046516789073995125,0.00024175643920898438,0.8718617551274396,1.0768988632409147,0.0,0.0,1725
5728,0.8588726868058453,0.004651006942209372,0.00023818016052246094,0.8718613746246966,1.0768998944917099,0.0,0.0,1726
5729,0.8594732884759431,0.004650335462087608,0.00024175643920898438,0.8718607778005745,1.0769005037090247,0.0,0.0,1727
5730,0.8593076251252153,0.004649664466404308,0.0002415180206298828,0.8718601878242294,1.076901068207999,0.0,0.0,1728
5731,0.8589015603830461,0.004648993954530736,0.0002505779266357422,0.8718596407408179,1.0769016890387528,0.0,0.0,1729
5732,0.8591644734631942,0.004648323925839341,0.00024056434631347656,0.8718592165536517,1.0769022216590651,0.0,0.0,1730
5733,0.8592981375668809,0.004647654379703742,0.0002429485321044922,0.8718587539528301,1.0769026056997388,0.0,0.0,1731
5734,0.8590540669065533,0.00464698531549873,0.0002455711364746094,0.8718582998740482,1.0769030756535807,0.0,0.0,1732
5735,0.8587223934452258,0.00464631673260027,0.0002505779266357422,0.8718578375704972,1.0769032596229493,0.0,0.0,1733
5736,0.8584253987518925,0.004645648630385489,0.0003237724304199219,0.871857361796701,1.0769034136785525,0.0,0.0,1734
5737,0.8582311558144633,0.00464498100823268,0.00024962425231933594,0.8718570918272264,1.076902627605527,0.0,0.0,1735
5738,0.8604703881506351,0.004644313865521295,0.0002593994140625,0.8718570812564685,1.0768997017763002,0.0,0.0,1736
5739,0.8599843139446552,0.004643647201631947,0.0002467632293701172,0.8718569248637599,1.076897819338131,0.0,0.0,1737
5740,0.8597190110815048,0.004642981015946399,0.000244140625,0.8718567557325939,1.076895961625549,0.0,0.0,1738
5741,0.8594617015070615,0.004642315307847573,0.0002460479736328125,0.8718566201546729,1.0768942632452112,0.0,0.0,1739
5742,0.8597795474217983,0.004641650076719535,0.0002562999725341797,0.8718562060919782,1.0768920565344609,0.0,0.0,1740
5743,0.8593725137554195,0.0046409853219475,0.00024509429931640625,0.8718558125658099,1.0768901047660544,0.0,0.0,1741
5744,0.8590960443475127,0.0046403210429178275,0.0002510547637939453,0.8718554400111106,1.076888259203863,0.0,0.0,1742
5745,0.8586123677718333,0.004639657239018017,0.0002529621124267578,0.8718550677661494,1.0768864154289246,0.0,0.0,1743
5746,0.8587883165180052,0.004638993909636707,0.000247955322265625,0.8718546549537757,1.0768844344212782,0.0,0.0,1744
5747,0.8584752674463253,0.004638331054163672,0.00024175643920898438,0.8718542650094108,1.0768826294704945,0.0,0.0,1745
5748,0.8581224000606352,0.004637668671989819,0.0002467632293701172,0.8718539152971576,1.076880768111181,0.0,0.0,1746
5749,0.8588336963640879,0.004637006762507183,0.0002703666687011719,0.8718535390417417,1.0768789808703658,0.0,0.0,1747
5750,0.8592710038209946,0.004636345325108929,0.0002503395080566406,0.8718533109313565,1.0768767131823738,0.0,0.0,1748
5751,0.8601830568932577,0.0046356843591893486,0.0002465248107910156,0.8718529906244964,1.0768743435380868,0.0,0.0,1749
5752,0.8597005636930378,0.00463502386414385,0.00024390220642089844,0.8718526705812585,1.0768719761234247,0.0,0.0,1750
5753,0.8610472477360671,0.004634363839368964,0.0002505779266357422,0.8718522670325403,1.0768696608713686,0.0,0.0,1751
5754,0.8605649541070266,0.004633704284262337,0.0002455711364746094,0.8718518638188806,1.0768673477977802,0.0,0.0,1752
5755,0.8609510646084121,0.004633045198222731,0.0002422332763671875,0.8718517237427017,1.076864948832689,0.0,0.0,1753
5756,0.8608130731335054,0.0046323865806500155,0.00025653839111328125,0.8718514767151707,1.076862960787764,0.0,0.0,1754
5757,0.861132453871163,0.004631728430945172,0.0002453327178955078,0.8718513859585607,1.0768608381319194,0.0,0.0,1755
5758,0.8611688411226169,0.004631070748510286,0.00024509429931640625,0.871851253605387,1.0768581717850099,0.0,0.0,1756
5759,0.8608772170762908,0.004630413532748545,0.00024580955505371094,0.8718511535032394,1.0768557078439245,0.0,0.0,1757
5760,0.8616949748324516,0.00462975678306424,0.0002548694610595703,0.871851155716712,1.0768524579559502,0.0,0.0,1758
5761,0.864737310186034,0.004629100498862757,0.0002498626708984375,0.8718510013538184,1.0768488317577982,0.0,0.0,1759
5762,0.8647164125323178,0.004628444679550579,0.00024962425231933594,0.8718509851567237,1.0768451363538039,0.0,0.0,1760
5763,0.8650205830221733,0.00462778932453528,0.00025916099548339844,0.8718508094712596,1.0768415177180346,0.0,0.0,1761
5764,0.8645386570308212,0.004627134433225524,0.00024890899658203125,0.8718506339243643,1.0768379023581554,0.0,0.0,1762
5765,0.864678847308284,0.004626480005031064,0.00024771690368652344,0.8718504317618324,1.076834176902043,0.0,0.0,1763
5766,0.8649666505716428,0.004625826039362736,0.0002505779266357422,0.8718503140969918,1.076830267067561,0.0,0.0,1764
5767,0.8646855497529732,0.004625172535632457,0.00025343894958496094,0.8718502338659805,1.0768265524309062,0.0,0.0,1765
5768,0.8647399178847207,0.004624519493253228,0.00025081634521484375,0.8718500986139422,1.0768227266367012,0.0,0.0,1766
5769,0.8650567961589728,0.00462386691163912,0.00024819374084472656,0.8718502528533,1.0768187150258868,0.0,0.0,1767
5770,0.8651813160701742,0.0046232147902052845,0.0002586841583251953,0.8718505567352159,1.0768145589172184,0.0,0.0,1768
5771,0.8648497925670772,0.004622563128367941,0.00024890899658203125,0.8718508542679453,1.0768104938867213,0.0,0.0,1769
5772,0.8649983851287316,0.00462191192554438,0.0002484321594238281,0.8718511589569501,1.0768067281746914,0.0,0.0,1770
5773,0.8648747775441784,0.004621261181152957,0.0002491474151611328,0.8718514840765912,1.0768031798791193,0.0,0.0,1771
5774,0.864570185580093,0.0046206108946130935,0.00026154518127441406,0.8718518247929161,1.0767998452305099,0.0,0.0,1772
5775,0.8644530960007033,0.00461996106534527,0.0002503395080566406,0.8718522075273796,1.076796668099117,0.0,0.0,1773
5776,0.8639748303027976,0.004619311692771027,0.0002465248107910156,0.8718525899249393,1.0767934938466763,0.0,0.0,1774
5777,0.8638428575248662,0.004618662776312964,0.000247955322265625,0.8718530190949326,1.0767903563602437,0.0,0.0,1775
5778,0.8639155547419032,0.004618014315394729,0.0002532005310058594,0.8718533869465133,1.0767868598414805,0.0,0.0,1776
5779,0.8637412992653228,0.004617366309441026,0.00024580955505371094,0.8718536232960306,1.0767834428000407,0.0,0.0,1777
5780,0.8633525805402814,0.004616718757877606,0.00024580955505371094,0.8718540043768229,1.0767800976860527,0.0,0.0,1778
5781,0.8633009635948302,0.004616071660131267,0.00025391578674316406,0.8718546926041164,1.076778057659829,0.0,0.0,1779
5782,0.8630908409029939,0.004615425015629849,0.0002503395080566406,0.8718554223977978,1.0767761505382694,0.0,0.0,1780
5783,0.8626152745441629,0.0046147788238022356,0.0002474784851074219,0.8718561515621198,1.0767742452097162,0.0,0.0,1781
5784,0.8628417722928221,0.004614133084078348,0.0002551078796386719,0.8718568718061027,1.0767721612456824,0.0,0.0,1782
5785,0.863156643773755,0.004613487795889146,0.0002570152282714844,0.8718571727029311,1.0767697330136754,0.0,0.0,1783
5786,0.8635423155305123,0.004612842958666621,0.00024819374084472656,0.8718577372894596,1.0767672287714203,0.0,0.0,1784
5787,0.8633754381172738,0.004612198571843795,0.00025081634521484375,0.8718583449987918,1.0767647104610205,0.0,0.0,1785
5788,0.8636292908594624,0.004611554634854723,0.00026106834411621094,0.8718590876531042,1.0767620737867423,0.0,0.0,1786
5789,0.8633509868088801,0.004610911147134483,0.00024962425231933594,0.8718598715248527,1.0767596786388034,0.0,0.0,1787
5790,0.8632589032111709,0.004610268108119178,0.0002491474151611328,0.8718604693618149,1.0767571943881062,0.0,0.0,1788
5791,0.8628681378288898,0.0046096255172459345,0.0002543926239013672,0.8718611210008125,1.0767547922989422,0.0,0.0,1789
5792,0.8632733119052395,0.004608983373952897,0.0002646446228027344,0.8718618315038998,1.0767525645352674,0.0,0.0,1790
5793,0.8636876769210347,0.004608341677679226,0.00025200843811035156,0.8718626081760701,1.0767504397586665,0.0,0.0,1791
5794,0.8637034254111491,0.004607700427865099,0.0002536773681640625,0.8718634822340564,1.0767479992763798,0.0,0.0,1792
5795,0.8632306204879189,0.004607059623951704,0.00026345252990722656,0.8718643555456598,1.0767455610224872,0.0,0.0,1793
5796,0.8633607119251232,0.0046064192653812374,0.00025200843811035156,0.8718651074820188,1.0767430259883743,0.0,0.0,1794
5797,0.8636468912240312,0.004605779351596907,0.0002524852752685547,0.8718658426515142,1.0767400884445018,0.0,0.0,1795
5798,0.8637156365693913,0.004605139882042921,0.00025153160095214844,0.8718666922186344,1.0767370937095666,0.0,0.0,1796
5799,0.863267262580058,0.0046045008561644936,0.0002636909484863281,0.8718674050373866,1.0767344554906115,0.0,0.0,1797
5800,0.8634230251488925,0.004603862273407836,0.00025200843811035156,0.8718682251570516,1.0767315189131044,0.0,0.0,1798
5801,0.8631470915374546,0.004603224133220161,0.0002562999725341797,0.8718690702125634,1.0767286610456221,0.0,0.0,1799
5802,0.8593084271939795,0.004602586435049675,3.000438928604126,0.8815738545232676,1.0402048816961835,0.0,0.0,1800
5803,0.858840527238471,0.004601949178345577,0.00038909912109375,0.881572857634778,1.0402043796664768,0.0,0.0,1801
5804,0.8586407746546414,0.004601312362558058,0.0002956390380859375,0.8815722062351949,1.040204118749636,0.0,0.0,1802
5805,0.8588447963103597,0.004600675987138297,0.00027108192443847656,0.8815716210386122,1.0402037877311283,0.0,0.0,1803
5806,0.8585993236630534,0.004600040051538459,0.00026535987854003906,0.8815707649591752,1.0402037996336304,0.0,0.0,1804
5807,0.8583390528860545,0.004599404555211693,0.0002617835998535156,0.8815699879034594,1.0402038874218114,0.0,0.0,1805
5808,0.8600812705779689,0.004598769497612132,0.0002601146697998047,0.8815689919341608,1.0402041094773826,0.0,0.0,1806
5809,0.8605219095072393,0.004598134878194884,0.00025653839111328125,0.8815677565664889,1.0402038563812672,0.0,0.0,1807
5810,0.860377150899852,0.004597500696416036,0.00025725364685058594,0.8815668169969197,1.040203446677708,0.0,0.0,1808
5811,0.8602005709447877,0.00459686695173265,0.0002703666687011719,0.8815657747662032,1.0402030764441768,0.0,0.0,1809
5812,0.860421090763151,0.00459623364360276,0.0002601146697998047,0.8815645902993091,1.0402027159091485,0.0,0.0,1810
5813,0.8617315209391884,0.004595600771485371,0.0002684593200683594,0.8815630495601076,1.0402022654610124,0.0,0.0,1811
5814,0.8633191709400903,0.004594968334840455,0.00027823448181152344,0.8815619992425286,1.0402008813552979,0.0,0.0,1812
5815,0.8631485995413392,0.004594336333128949,0.00026535987854003906,0.8815607641361396,1.0402002505987529,0.0,0.0,1813
5816,0.8630694923229654,0.004593704765812753,0.00026154518127441406,0.8815596944515997,1.040199159448059,0.0,0.0,1814
5817,0.8628961714927696,0.004593073632354732,0.00026154518127441406,0.8815586436201016,1.0401981982185298,0.0,0.0,1815
5818,0.8626843615220637,0.0045924429322187045,0.00027179718017578125,0.881557527632016,1.0401978440041406,0.0,0.0,1816
5819,0.8622186552761302,0.00459181266486945,0.0002608299255371094,0.8815564929340098,1.0401970889454575,0.0,0.0,1817
5820,0.8620181705298527,0.004591182829772698,0.0002636909484863281,0.8815554825664387,1.0401964955032668,0.0,0.0,1818
5821,0.861553334713974,0.004590553426395135,0.00027298927307128906,0.8815543287389608,1.0401963972182808,0.0,0.0,1819
5822,0.8616492727365572,0.004589924454204394,0.0002617835998535156,0.8815529969870631,1.040195275233521,0.0,0.0,1820
5823,0.8633597394508253,0.004589295912669057,0.0002694129943847656,0.8815518967717892,1.0401923993175484,0.0,0.0,1821
5824,0.862894868015049,0.00458866780125865,0.0002675056457519531,0.881550653525066,1.0401900192258,0.0,0.0,1822
5825,0.8625211511264702,0.004588040119443645,0.0002663135528564453,0.8815494208584604,1.0401877766690841,0.0,0.0,1823
5826,0.8637596723294029,0.004587412866695454,0.00026345252990722656,0.881548149210659,1.0401855171151928,0.0,0.0,1824
5827,0.8640039137415672,0.004586786042486427,0.00026345252990722656,0.8815469701870867,1.0401832550568957,0.0,0.0,1825
5828,0.8638158520461919,0.004586159646289852,0.00026679039001464844,0.8815455013558607,1.040181042168865,0.0,0.0,1826
5829,0.8633519682108961,0.004585533677579949,0.00026345252990722656,0.8815440337379608,1.0401788312462241,0.0,0.0,1827
5830,0.8637367810367292,0.0045849081358318765,0.00026106834411621094,0.8815425498108792,1.040176473406263,0.0,0.0,1828
5831,0.8637476939788971,0.004584283020521715,0.0002701282501220703,0.8815408623990291,1.0401742891713972,0.0,0.0,1829
5832,0.8635531454227248,0.0045836583311264795,0.0002593994140625,0.8815393318773608,1.0401717213848638,0.0,0.0,1830
5833,0.8632834333985809,0.004583034067124108,0.0002562999725341797,0.8815373681536661,1.0401696998754968,0.0,0.0,1831
5834,0.8634380394635731,0.004582410227993465,0.0002589225769042969,0.8815355327456708,1.0401670555026785,0.0,0.0,1832
5835,0.8633652898377423,0.004581786813214332,0.00027060508728027344,0.881533599339503,1.0401654164262024,0.0,0.0,1833
5836,0.8631248920187445,0.004581163822267413,0.00025844573974609375,0.8815318220789243,1.0401631444985875,0.0,0.0,1834
5837,0.8626633732503057,0.004580541254634332,0.0002586841583251953,0.881529903860491,1.0401613626567878,0.0,0.0,1835
5838,0.8622066528394122,0.004579919109797623,0.0002758502960205078,0.8815281620236661,1.0401591062895832,0.0,0.0,1836
5839,0.8621660199950819,0.004579297387240736,0.0002567768096923828,0.8815265108580378,1.0401573898572156,0.0,0.0,1837
5840,0.8618466464500275,0.004578676086448034,0.00025963783264160156,0.8815250112014226,1.0401551651426173,0.0,0.0,1838
5841,0.8617394939504859,0.004578055206904783,0.00026345252990722656,0.881523537734444,1.0401531194284768,0.0,0.0,1839
5842,0.8613997410566346,0.004577434748097163,0.0002605915069580078,0.8815219373207825,1.0401517832197213,0.0,0.0,1840
5843,0.8612171284583346,0.004576814709512255,0.0002617835998535156,0.8815204125216164,1.0401501651403333,0.0,0.0,1841
5844,0.8607583976424158,0.004576195090638041,0.0002582073211669922,0.881518747361841,1.0401490338306425,0.0,0.0,1842
5845,0.8603385347014635,0.004575575890963408,0.0002741813659667969,0.8815171924212533,1.0401476680097554,0.0,0.0,1843
5846,0.8603185776969344,0.00457495710997814,0.0002601146697998047,0.8815156651520158,1.040146376250084,0.0,0.0,1844
5847,0.8605213855889591,0.0045743387471729145,0.00025773048400878906,0.8815137511738653,1.0401444563063282,0.0,0.0,1845
5848,0.8608782304213511,0.004573720802039307,0.0002663135528564453,0.8815118837814498,1.0401421775762485,0.0,0.0,1846
5849,0.8604208271440452,0.004573103274069785,0.00026416778564453125,0.8815100179145969,1.040139900846141,0.0,0.0,1847
5850,0.8600735821494168,0.004572486162757705,0.00026226043701171875,0.8815080334763191,1.0401382637848826,0.0,0.0,1848
5851,0.859917666427836,0.0045718694675973125,0.0002617835998535156,0.8815065054238603,1.0401357366891717,0.0,0.0,1849
5852,0.8599484410679498,0.004571253188083739,0.00026917457580566406,0.8815050812326777,1.040133480079833,0.0,0.0,1850
5853,0.8597659295397186,0.004570637323713,0.0002613067626953125,0.881503664392143,1.0401315552262345,0.0,0.0,1851
5854,0.8593213910757482,0.004570021873981994,0.00026106834411621094,0.8815023241145937,1.0401296099896173,0.0,0.0,1852
5855,0.858866322182699,0.004569406838388501,0.00026702880859375,0.8815009849287901,1.0401276664750005,0.0,0.0,1853
5856,0.8593708197821074,0.004568792216431175,0.0002613067626953125,0.8814994845774607,1.040124669023989,0.0,0.0,1854
5857,0.8592289198811967,0.004568178007609551,0.0002586841583251953,0.8814980680675584,1.0401222924166358,0.0,0.0,1855
5858,0.8588621449908687,0.004567564211424035,0.00025773048400878906,0.8814967970600537,1.0401196664631018,0.0,0.0,1856
5859,0.8587114404306131,0.004566950827375906,0.0002601146697998047,0.8814955394410573,1.0401171711265236,0.0,0.0,1857
5860,0.8582578545560584,0.004566337854967312,0.0002579689025878906,0.8814942828438014,1.0401146779538009,0.0,0.0,1858
5861,0.8584515300004841,0.004565725293701273,0.00025844573974609375,0.8814931053314525,1.0401121070641843,0.0,0.0,1859
5862,0.8579985593780717,0.004565113143081671,0.00027179718017578125,0.8814919287748099,1.040109538397051,0.0,0.0,1860
5863,0.8575460736754322,0.004564501402613254,0.0002579689025878906,0.8814907531725814,1.0401069719492662,0.0,0.0,1861
5864,0.8578109040172763,0.004563890071801633,0.0002613067626953125,0.881489545748351,1.0401044425912618,0.0,0.0,1862
5865,0.8573589892275588,0.0045632791501532795,0.0002701282501220703,0.881488339302486,1.0401019154180633,0.0,0.0,1863
5866,0.8569075574587564,0.0045626686371755204,0.0002624988555908203,0.8814871338336658,1.0400993904265932,0.0,0.0,1864
5867,0.8569185269207888,0.004562058532376543,0.00026345252990722656,0.8814859836755516,1.040096727175579,0.0,0.0,1865
5868,0.856706445928272,0.004561448835265385,0.00026035308837890625,0.8814848368710636,1.0400942411336214,0.0,0.0,1866
5869,0.8567012274527287,0.0045608395453519395,0.00026679039001464844,0.8814836979243352,1.0400919084413132,0.0,0.0,1867
5870,0.8565465864561512,0.004560230662146951,0.0002582073211669922,0.881482514969419,1.040089808988772,0.0,0.0,1868
5871,0.8579509344166149,0.004559622185162009,0.0002598762512207031,0.8814812010748486,1.040087326387842,0.0,0.0,1869
5872,0.8583464561966438,0.004559014113909555,0.00026726722717285156,0.8814798628043025,1.0400838188703765,0.0,0.0,1870
5873,0.8579729313970447,0.004558406447902869,0.00026154518127441406,0.8814785463540895,1.0400805198591114,0.0,0.0,1871
5874,0.8581359317989206,0.004557799186656079,0.0002608299255371094,0.8814771161451336,1.040077173264812,0.0,0.0,1872
5875,0.857891696162277,0.004557192329684151,0.00025844573974609375,0.881475712221988,1.0400740320654376,0.0,0.0,1873
5876,0.8575530598194638,0.004556585876502892,0.0002727508544921875,0.8814742914721869,1.0400709360200657,0.0,0.0,1874
5877,0.8573025800500815,0.004555979826628945,0.0002617835998535156,0.8814728830576946,1.0400680220625733,0.0,0.0,1875
5878,0.8588761464447726,0.0045553741795797895,0.00026035308837890625,0.8814715171834723,1.0400641820595244,0.0,0.0,1876
5879,0.858634270390974,0.004554768934873736,0.0002722740173339844,0.8814698930698981,1.0400607093159857,0.0,0.0,1877
5880,0.8583108918954299,0.004554164092029931,0.0002636909484863281,0.8814684208754116,1.0400576447240149,0.0,0.0,1878
5881,0.8579010491293173,0.004553559650568345,0.00025916099548339844,0.8814669724019041,1.040054755106118,0.0,0.0,1879
5882,0.8581346898764587,0.004552955610009782,0.0002758502960205078,0.8814655931052845,1.0400521334111215,0.0,0.0,1880
5883,0.8580753666595689,0.004552351969875866,0.0002617835998535156,0.8814640837079475,1.0400494687007333,0.0,0.0,1881
5884,0.857819091784053,0.004551748729689051,0.00025844573974609375,0.8814624553772178,1.0400473854197192,0.0,0.0,1882
5885,0.8574736102315428,0.004551145888972609,0.00026535987854003906,0.88146097968584,1.0400450229636362,0.0,0.0,1883
5886,0.8576400540719579,0.004550543447250633,0.0002677440643310547,0.8814595800725386,1.0400444095113384,0.0,0.0,1884
5887,0.8574464685783991,0.004549941404048038,0.0002620220184326172,0.881458314355294,1.0400439464152655,0.0,0.0,1885
5888,0.8570894347781002,0.0045493397588905506,0.0002624988555908203,0.8814570492699478,1.0400436559497612,0.0,0.0,1886
5889,0.8580514413323799,0.004548738511304714,0.00027298927307128906,0.881455780616391,1.0400434194284833,0.0,0.0,1887
5890,0.8579338110967021,0.004548137660817887,0.00026535987854003906,0.881454512507018,1.0400431184366548,0.0,0.0,1888
5891,0.8578609377114503,0.004547537206958238,0.0002639293670654297,0.8814533047308493,1.0400425628247314,0.0,0.0,1889
5892,0.8575830155531458,0.004546937149254743,0.0002651214599609375,0.8814521297697866,1.040042096223935,0.0,0.0,1890
5893,0.8572934514080514,0.0045463374872371865,0.0002741813659667969,0.881450974182865,1.0400418105892242,0.0,0.0,1891
5894,0.8568486893708165,0.004545738220436161,0.00026345252990722656,0.8814498195180369,1.0400415253179662,0.0,0.0,1892
5895,0.8564043954602915,0.0045451393483830595,0.0002646446228027344,0.881448665774077,1.04004124040955,0.0,0.0,1893
5896,0.8559605715553076,0.00454454087061008,0.0002715587615966797,0.8814475129497622,1.040040955863366,0.0,0.0,1894
5897,0.8555172091622218,0.0045439427866502185,0.0002644062042236328,0.8814462253215184,1.0400411368008826,0.0,0.0,1895
5898,0.855337022475457,0.004543345096037272,0.00026679039001464844,0.8814450804949719,1.0400409764762808,0.0,0.0,1896
5899,0.8548944439498743,0.004542747798305832,0.000274658203125,0.8814439365795238,1.0400408164142485,0.0,0.0,1897
5900,0.8548344400740523,0.004542150892991286,0.0002658367156982422,0.8814426587412514,1.0400411656657729,0.0,0.0,1898
5901,0.8552265505488423,0.004541554379629815,0.0002665519714355469,0.8814412120286244,1.0400401893513014,0.0,0.0,1899
5902,0.8547846253721052,0.0045409582577583905,0.0002646446228027344,0.8814397664652169,1.0400392139461456,0.0,0.0,1900
5903,0.8545353436586981,0.004540362526914776,0.00027871131896972656,0.8814383442319266,1.0400383583666217,0.0,0.0,1901
5904,0.8545614638132591,0.004539767186637518,0.0002651214599609375,0.8814365034512983,1.0400375306335294,0.0,0.0,1902
5905,0.8544016943879582,0.0045391722364659555,0.0002639293670654297,0.8814346786686209,1.0400368195043528,0.0,0.0,1903
5906,0.8546480312725071,0.0045385776759402086,0.0002779960632324219,0.8814328598831014,1.0400362293561458,0.0,0.0,1904
5907,0.8549886319814136,0.004537983504601179,0.0002677440643310547,0.8814311417085015,1.0400356279388923,0.0,0.0,1905
5908,0.8554563869793239,0.004537389721990551,0.0002639293670654297,0.8814294164214834,1.0400353648709029,0.0,0.0,1906
5909,0.8553260612338154,0.004536796327650787,0.0002772808074951172,0.8814275243642119,1.040034539017069,0.0,0.0,1907
5910,0.8548858054138759,0.004536203321125128,0.0002682209014892578,0.881425633803274,1.040033713949424,0.0,0.0,1908
5911,0.8547351695711028,0.0045356107019575926,0.0002677440643310547,0.8814237672074319,1.0400330894972831,0.0,0.0,1909
5912,0.8545047190670569,0.004535018469692969,0.0002677440643310547,0.8814219333638821,1.040032336044673,0.0,0.0,1910
5913,0.8545941600854697,0.0045344266238768185,0.00028014183044433594,0.8814201946568707,1.0400315926685286,0.0,0.0,1911
5914,0.8544953639085497,0.004533835164055477,0.0002646446228027344,0.881418467518044,1.040030714018963,0.0,0.0,1912
5915,0.8542490009451135,0.004533244089776044,0.0002644062042236328,0.8814166687721487,1.0400298838971263,0.0,0.0,1913
5916,0.8540931874903966,0.0045326534005863915,0.00027871131896972656,0.8814148840622619,1.0400291823519832,0.0,0.0,1914
5917,0.8544183986626362,0.004532063096035152,0.00026702880859375,0.8814130862583659,1.0400285510042722,0.0,0.0,1915
5918,0.8545516526774576,0.004531473175671726,0.00026679039001464844,0.8814113924633574,1.0400277750006917,0.0,0.0,1916
5919,0.8546438898782142,0.004530883639046271,0.0002799034118652344,0.8814096853837458,1.0400268878414058,0.0,0.0,1917
5920,0.8548053491261567,0.004530294485709712,0.0002682209014892578,0.8814080623909374,1.0400259015793847,0.0,0.0,1918
5921,0.8545325044859933,0.004529705715213726,0.00026869773864746094,0.8814064629692691,1.0400250675158906,0.0,0.0,1919
5922,0.8550083525431037,0.00452911732711075,0.00026798248291015625,0.8814048592994087,1.0400243147719899,0.0,0.0,1920
5923,0.8550202563560787,0.004528529320953978,0.0002894401550292969,0.8814034897242078,1.0400234750733046,0.0,0.0,1921
5924,0.8547778498104741,0.004527941696297354,0.00026988983154296875,0.8814021513367432,1.0400228026960048,0.0,0.0,1922
5925,0.8554461611502314,0.004527354452695576,0.0002720355987548828,0.8814007585303786,1.04002167902436,0.0,0.0,1923
5926,0.8553004038983115,0.004526767589704093,0.0002796649932861328,0.8813993626058467,1.0400206959276252,0.0,0.0,1924
5927,0.8548765135148075,0.004526181106879103,0.0002689361572265625,0.8813979628726062,1.040019916227794,0.0,0.0,1925
5928,0.8544856962503667,0.004525595003777548,0.0002677440643310547,0.8813965125390407,1.0400194771473839,0.0,0.0,1926
5929,0.8540499915313342,0.00452500927995712,0.0002777576446533203,0.8813950633414607,1.0400190385434602,0.0,0.0,1927
5930,0.8539185132514789,0.004524423934976251,0.00027251243591308594,0.8813934744162742,1.0400186611943292,0.0,0.0,1928
5931,0.853660234393051,0.004523838968394115,0.0002694129943847656,0.8813918905623038,1.0400184404980193,0.0,0.0,1929
5932,0.8537409065422573,0.004523254379770632,0.0002675056457519531,0.8813904137877556,1.0400181465209548,0.0,0.0,1930
5933,0.8533064787993241,0.004522670168666454,0.0002739429473876953,0.8813889381674894,1.0400178529063027,0.0,0.0,1931
5934,0.8528724994814594,0.0045220863346429755,0.0002815723419189453,0.8813874637000026,1.0400175596534682,0.0,0.0,1932
5935,0.8526225542571408,0.004521502877262322,0.00026917457580566406,0.8813859991134302,1.0400172427254966,0.0,0.0,1933
5936,0.8521894459698549,0.0045209197960873575,0.00027751922607421875,0.8813845356698417,1.0400169261772625,0.0,0.0,1934
5937,0.8523087535374819,0.004520337090681677,0.0002751350402832031,0.881382998018263,1.0400165766460125,0.0,0.0,1935
5938,0.8522000817001084,0.004519754760609605,0.0002722740173339844,0.8813814545634403,1.040016380261112,0.0,0.0,1936
5939,0.8520431426616025,0.004519172805436196,0.0002815723419189453,0.8813799183940577,1.040016277161765,0.0,0.0,1937
5940,0.8516828162243907,0.004518591224727233,0.00027298927307128906,0.8813783883124613,1.0400159715750092,0.0,0.0,1938
5941,0.8514268233803746,0.004518010018049225,0.0002696514129638672,0.8813768742860586,1.0400158224405136,0.0,0.0,1939
5942,0.8514542284769262,0.0045174291849694025,0.0002758502960205078,0.8813755977620403,1.040015662314942,0.0,0.0,1940
5943,0.8512685736903555,0.004516848725055723,0.0002727508544921875,0.8813743337354916,1.040015624840497,0.0,0.0,1941
5944,0.8510043548192573,0.004516268637876864,0.00026917457580566406,0.8813730344377751,1.040015389602125,0.0,0.0,1942
5945,0.8512853307369533,0.004515688923002222,0.000270843505859375,0.8813717679244791,1.0400146725264912,0.0,0.0,1943
5946,0.8510613756662971,0.004515109580001912,0.0002846717834472656,0.8813704783567843,1.0400141230138784,0.0,0.0,1944
5947,0.8507467737935046,0.004514530608446765,0.0002734661102294922,0.881369131686765,1.040013461843274,0.0,0.0,1945
5948,0.8507148156621492,0.00451395200790833,0.0002696514129638672,0.8813678059637864,1.0400128973104463,0.0,0.0,1946
5949,0.8504007603865593,0.004513373777958864,0.00028705596923828125,0.8813664447116122,1.0400126449588907,0.0,0.0,1947
5950,0.8509151685920133,0.004512795918171341,0.0002753734588623047,0.8813651093830233,1.040011230503495,0.0,0.0,1948
5951,0.85110041366348,0.004512218428119444,0.0002720355987548828,0.8813638661667892,1.0400096041408884,0.0,0.0,1949
5952,0.8514755581122025,0.004511641307377564,0.0002837181091308594,0.8813625615434921,1.040007884715096,0.0,0.0,1950
5953,0.8513588461950606,0.004511064555520798,0.0002734661102294922,0.8813612773979744,1.040006306920358,0.0,0.0,1951
5954,0.8510342160531243,0.004510488172124952,0.0002701282501220703,0.8813599919452951,1.0400049510431897,0.0,0.0,1952
5955,0.8511980387330287,0.004509912156766536,0.0002872943878173828,0.8813586557278136,1.0400036655062357,0.0,0.0,1953
5956,0.85118492027077,0.00450933650902276,0.00027561187744140625,0.8813573185872875,1.0400025985695178,0.0,0.0,1954
5957,0.8509186800430011,0.004508761228471536,0.0002732276916503906,0.881356001725908,1.0400017036900466,0.0,0.0,1955
5958,0.8505531742096426,0.004508186314691476,0.00027251243591308594,0.8813546949996085,1.0400009787311322,0.0,0.0,1956
5959,0.8515283067684462,0.004507611767261894,0.0002827644348144531,0.8813532147645546,1.0399998699069228,0.0,0.0,1957
5960,0.8512637440380881,0.004507037585762792,0.0002715587615966797,0.8813516361268232,1.0399988959616993,0.0,0.0,1958
5961,0.8510100724317855,0.004506463769774876,0.0002741813659667969,0.8813500753852844,1.0399980363227506,0.0,0.0,1959
5962,0.8518040686605904,0.00450589031887954,0.00028252601623535156,0.8813483740512515,1.0399970663940892,0.0,0.0,1960
5963,0.8514406039271601,0.004505317232658873,0.00027298927307128906,0.8813466796886837,1.0399963029147197,0.0,0.0,1961
5964,0.8511410856885071,0.004504744510695653,0.00027251243591308594,0.881344908369467,1.0399956843219562,0.0,0.0,1962
5965,0.851385023151777,0.004504172152573348,0.0002779960632324219,0.8813432196566842,1.0399951669256593,0.0,0.0,1963
5966,0.8514281122029705,0.004503600157876113,0.000274658203125,0.8813417816832871,1.039994557149371,0.0,0.0,1964
5967,0.8525866202135152,0.00450302852618879,0.00027251243591308594,0.8813402569362532,1.0399938277350476,0.0,0.0,1965
5968,0.852396437585665,0.004502457257096904,0.00026917457580566406,0.8813386678322435,1.039993156432602,0.0,0.0,1966
5969,0.8528131191655861,0.004501886350186666,0.0002753734588623047,0.8813370788958866,1.039992486345748,0.0,0.0,1967
5970,0.8537523732971641,0.004501315805044967,0.00027370452880859375,0.8813354401419642,1.0399919995271099,0.0,0.0,1968
5971,0.8536148580407168,0.004500745621259378,0.0002734661102294922,0.8813338067686765,1.0399916493696004,0.0,0.0,1969
5972,0.8533600230714308,0.00450017579841815,0.00028014183044433594,0.881332194446015,1.0399915459196043,0.0,0.0,1970
5973,0.8534779585446227,0.004499606336110209,0.0002751350402832031,0.8813307952630458,1.0399913930221951,0.0,0.0,1971
5974,0.8530521329112837,0.00449903723392516,0.0002732276916503906,0.8813293971510752,1.0399912403714224,0.0,0.0,1972
5975,0.8535733880272729,0.00449846849145328,0.0002887248992919922,0.881327830276901,1.0399915129690933,0.0,0.0,1973
5976,0.853148042111387,0.004497900108285521,0.0002734661102294922,0.8813262646007373,1.0399917854875698,0.0,0.0,1974
5977,0.8530903409547274,0.004497332084013505,0.0002703666687011719,0.8813247229128487,1.0399922248547961,0.0,0.0,1975
5978,0.8539523461866539,0.004496764418229525,0.00028395652770996094,0.8813231603071173,1.0399927339590405,0.0,0.0,1976
5979,0.8539850229808942,0.004496197110526541,0.0002803802490234375,0.8813215815723305,1.039993156204642,0.0,0.0,1977
5980,0.8538761438975687,0.004495630160498183,0.0002751350402832031,0.8813199829932062,1.0399937286074248,0.0,0.0,1978
5981,0.8537348305836385,0.0044950635677387454,0.00027441978454589844,0.8813183936478418,1.039994457522616,0.0,0.0,1979
5982,0.8539374688623017,0.004494497331843185,0.00027561187744140625,0.8813164978565511,1.0399949327472873,0.0,0.0,1980
5983,0.8536968062373756,0.004493931452407124,0.00027489662170410156,0.8813146268756822,1.0399960600625986,0.0,0.0,1981
5984,0.8539450210694878,0.004493365929026848,0.00027489662170410156,0.8813125821630269,1.0399971153176097,0.0,0.0,1982
5985,0.8558170943817809,0.004492800761299298,0.000286102294921875,0.8813106779866007,1.0399987310944467,0.0,0.0,1983
5986,0.8553928098785063,0.004492235948822075,0.00027680397033691406,0.8813087752585296,1.0400003457698919,0.0,0.0,1984
5987,0.8564315535029129,0.004491671491193442,0.00027751922607421875,0.881307027880994,1.040001917727368,0.0,0.0,1985
5988,0.8567987979291222,0.004491107388012311,0.0002818107604980469,0.8813053281392158,1.0400033632595473,0.0,0.0,1986
5989,0.8569525660256367,0.004490543638878253,0.0002751350402832031,0.8813038119475481,1.0400052859227484,0.0,0.0,1987
5990,0.8565287482787148,0.00448998024339149,0.00027632713317871094,0.881302296907001,1.0400072072526267,0.0,0.0,1988
5991,0.8574334742775734,0.004489417201152897,0.00028705596923828125,0.8813008494796697,1.0400091177356574,0.0,0.0,1989
5992,0.8573065291987365,0.0044888545117640006,0.0002770423889160156,0.8812994107616708,1.0400111787098416,0.0,0.0,1990
5993,0.8572147286539801,0.004488292174826973,0.00027751922607421875,0.881297980733795,1.0400132941352378,0.0,0.0,1991
5994,0.8592325307740796,0.004487730189944634,0.0002880096435546875,0.8812965371011007,1.0400146321356802,0.0,0.0,1992
5995,0.8590163869030163,0.004487168556720455,0.00027680397033691406,0.8812951342227885,1.0400161171248885,0.0,0.0,1993
5996,0.8595805745846203,0.004486607274758545,0.0002758502960205078,0.8812937179994546,1.0400173618035697,0.0,0.0,1994
5997,0.8592764101036667,0.004486046343663661,0.0002770423889160156,0.8812920681886618,1.0400184109682025,0.0,0.0,1995
5998,0.8599374663012481,0.004485485763041202,0.00029015541076660156,0.8812904762442938,1.0400194596705055,0.0,0.0,1996
5999,0.8605187477607106,0.004484925532497205,0.00027632713317871094,0.8812888428321173,1.040020417960657,0.0,0.0,1997
6000,0.8611788395091051,0.004484365651638348,0.0002779960632324219,0.8812870740685403,1.0400212135659368,0.0,0.0,1998
6001,0.8607552484845943,0.004483806120071949,0.0002906322479248047,0.8812853066402759,1.0400220086917247,0.0,0.0,1999
6002,0.8592120957378113,0.004483246937405957,3.0969300270080566,0.8781082684124868,1.0498178752625276,0.0,0.0,2000
