,DRO_obj_values,epsilon,DRO_time,DRO_eval1,DRO_eval2,DRO_satisfy1,DRO_satisfy2,t
0,0.6042978585664303,0.03678071677370321,0.00014257431030273438,0.995658720469954,1.0351900305940724,0.0,0.0,0
1,0.6160476325082012,0.03514187073354499,5.9604644775390625e-05,0.9977911079719856,1.0402707940798257,0.0,0.0,1
2,0.6162222697189296,0.03381334841231955,4.553794860839844e-05,0.9984791891842241,1.0430828819431672,0.0,0.0,2
3,0.6476069627145818,0.032703195662574826,3.9577484130859375e-05,0.9985376799599754,1.045014229203362,0.0,0.0,3
4,0.6593769946189151,0.03175426480542942,5.2928924560546875e-05,0.9983960513212226,1.048047354417683,0.0,0.0,4
5,0.09244683562637072,0.030928772885469198,0.010490179061889648,0.9636398688237982,1.1460506844199652,0.0,0.0,5
6,0.16247814662380872,0.030200526772686184,8.630752563476562e-05,0.9687677428720244,1.1525340566098548,0.0,0.0,6
7,0.18069569908079203,0.029550673125147406,5.459785461425781e-05,0.9666528335372575,1.1567353452268,0.0,0.0,7
8,0.31612529701292835,0.02896522133163596,4.0531158447265625e-05,0.9680113705754582,1.1590488498427884,0.0,0.0,8
9,0.36119415704344693,0.028433523467644384,3.5762786865234375e-05,0.9678190255338535,1.1601996226230213,0.0,0.0,9
10,0.42815204127340756,0.02794730114850381,3.504753112792969e-05,0.9675550979974328,1.1607323592950347,0.0,0.0,10
11,0.5924517971268908,0.0275,3.457069396972656e-05,0.9674912344508455,1.1602028737796544,0.0,0.0,11
12,0.671522796640518,0.02708634832779988,5.0067901611328125e-05,0.9681891736156379,1.160744021171534,0.0,0.0,12
13,0.6924211415455221,0.02670204744390279,3.743171691894531e-05,0.9686237865836114,1.1601488020447541,0.0,0.0,13
14,0.6581426793294474,0.026343549399396607,3.528594970703125e-05,0.9693065664876922,1.1602246054410026,0.0,0.0,14
15,0.7254724636728302,0.026007894247587336,3.600120544433594e-05,0.969323939232085,1.1600269231048617,0.0,0.0,15
16,0.7085913072731516,0.025692588775051005,3.314018249511719e-05,0.9698462714887971,1.1600678811291412,0.0,0.0,16
17,0.6912816207100094,0.025395514701925644,3.314018249511719e-05,0.9694255952385578,1.1607345244641052,0.0,0.0,17
18,0.7451966338974392,0.02511485820232022,3.2901763916015625e-05,0.9693689242081973,1.1601324062696416,0.0,0.0,18
19,0.7349440643910108,0.024849055099270736,3.790855407714844e-05,0.9697113447444587,1.1604284223837744,0.0,0.0,19
20,0.7149775655711286,0.024596747752497688,3.600120544433594e-05,0.970237114053101,1.160892612430151,0.0,0.0,20
21,0.7062384588983747,0.024356750784803108,3.647804260253906e-05,0.9703205331003901,1.1618912685756866,0.0,0.0,21
22,0.6811636413568523,0.024128023570795697,3.695487976074219e-05,0.9710636085856551,1.1623666137540136,0.0,0.0,22
23,0.6576818615603046,0.02390964795697453,3.4809112548828125e-05,0.9712391249771538,1.1632620613671383,0.0,0.0,23
24,0.648080925555838,0.02370081007023983,3.5762786865234375e-05,0.9720193225084992,1.1637764683477914,0.0,0.0,24
25,0.387520202517168,0.023500785351792872,0.13298916816711426,1.7377174556008093,1.4369384299640322,0.0,0.0,25
26,0.3803017532741304,0.02330892615782619,0.00011014938354492188,1.738129226523082,1.4372791343118008,0.0,0.0,26
27,0.37310420317240606,0.02312465141947715,5.1021575927734375e-05,1.7379896428074904,1.4375359902105578,0.0,0.0,27
28,0.45348831152108304,0.022947437967363284,4.172325134277344e-05,1.7383550444232168,1.4372498256707282,0.0,0.0,28
29,0.4444595190463887,0.022776813211160363,4.935264587402344e-05,1.7384178420869631,1.4373518501064708,0.0,0.0,29
30,0.43582146083223505,0.022612348929528583,3.981590270996094e-05,1.7384882493712002,1.4372185946645697,0.0,0.0,30
31,0.42776630663663917,0.02245365597551247,3.695487976074219e-05,1.738674251381546,1.437310198807018,0.0,0.0,31
32,0.42725232499492694,0.022300379741132338,3.409385681152344e-05,1.738741115032928,1.4370260904362329,0.0,0.0,32
33,0.4460717435267405,0.022152196255011754,3.9577484130859375e-05,1.7387681190887856,1.437000578230335,0.0,0.0,33
34,0.46325055850847313,0.022008808810573745,3.314018249511719e-05,1.7390050171847549,1.43697667045748,0.0,0.0,34
35,0.7789076571396985,0.021869945041093894,3.528594970703125e-05,1.7386669588542825,1.436782986502618,0.0,0.0,35
36,0.7631122271856551,0.021735354372842262,3.504753112792969e-05,1.7384079696089616,1.4363562858494094,0.0,0.0,36
37,0.7480620169295351,0.021604805799528216,3.814697265625e-05,1.7379720015795266,1.4361109941949706,0.0,0.0,37
38,0.7337397717729737,0.021478085930923388,3.886222839355469e-05,1.7378491873029935,1.435711251892702,0.0,0.0,38
39,0.7896215839472589,0.02135499727637228,3.647804260253906e-05,1.7373182246989258,1.4354142521442919,0.0,0.0,39
40,0.8322416837132895,0.021235356730284934,3.743171691894531e-05,1.7371093371520585,1.4350134430816555,0.0,0.0,40
41,0.8169554569227084,0.021118994231936424,3.695487976074219e-05,1.7368987843887453,1.4346825765361546,0.0,0.0,41
42,0.9757168933066113,0.021005751576202436,3.910064697265625e-05,1.7361865108431125,1.434243493738192,0.0,0.0,42
43,1.0609069631719128,0.020895481355418796,3.337860107421875e-05,1.7354582825444067,1.433718906683268,0.0,0.0,43
44,1.0888694322854187,0.020788046015507496,3.9577484130859375e-05,1.7347374459190312,1.433016624383091,0.0,0.0,44
45,1.2934465655699352,0.020683317011975167,3.695487976074219e-05,1.7337261865225089,1.4322055077608482,0.0,0.0,45
46,1.320759937735254,0.020581174053451688,3.4809112548828125e-05,1.732836930385107,1.4312552265028489,0.0,0.0,46
47,1.336763510005647,0.020481504422169033,3.457069396972656e-05,1.7316749208960727,1.4304648080586866,0.0,0.0,47
48,1.4591595638895853,0.020384202362240825,3.647804260253906e-05,1.730647142018642,1.4294546545023825,0.0,1.0,48
49,1.4583431389531962,0.02028916852783923,4.3392181396484375e-05,1.7295310253019551,1.4285354275857416,0.0,1.0,49
50,0.6424111974688478,0.020196309484414757,0.015201330184936523,1.2200067047780374,1.0100059990119286,0.0,0.0,50
51,0.6341068271949823,0.02010553725699818,9.989738464355469e-05,1.2214387000919316,1.0111820531297588,0.0,0.0,51
52,0.7992526097398767,0.02001676892038712,5.3882598876953125e-05,1.2219527725765307,1.0128938180075842,0.0,0.0,52
53,0.7849880710947413,0.019929926226673816,4.887580871582031e-05,1.2214329307525704,1.0115911158331283,0.0,0.0,53
54,0.7721694377907518,0.01984493526613257,4.124641418457031e-05,1.220918203165501,1.0116776862070693,0.0,0.0,54
55,0.761149229749495,0.019761726157969634,4.00543212890625e-05,1.2215711868141519,1.0113519969589393,0.0,0.0,55
56,0.7490209943391826,0.01968023276785644,4.2438507080078125e-05,1.221282055454,1.011398446081764,0.0,0.0,56
57,0.7374363109728057,0.019600392449529585,3.814697265625e-05,1.2214363237428711,1.0118477192998168,0.0,0.0,57
58,0.7265902071629601,0.019522145808055294,4.363059997558594e-05,1.2207978852171197,1.0111913800449215,0.0,0.0,58
59,0.7165195736529699,0.019445436482630054,3.743171691894531e-05,1.2219883444827593,1.01273689922172,0.0,0.0,59
60,0.705960498786703,0.0193702109470278,4.3392181396484375e-05,1.2213560481356895,1.01113012260185,0.0,0.0,60
61,0.6958737994199515,0.01929641832601277,4.696846008300781e-05,1.2213089599633884,1.0123392393627026,0.0,0.0,61
62,0.6854994248048754,0.019224010226220316,4.00543212890625e-05,1.2207712879028543,1.0111596101842337,0.0,0.0,62
63,0.6764684375192848,0.0191529405801682,3.814697265625e-05,1.220961329817456,1.0120498842033725,0.0,0.0,63
64,0.6956236834682437,0.019083165502202504,3.886222839355469e-05,1.2208898967307222,1.0111806977238262,0.0,0.0,64
65,0.6861428255740379,0.019014643155306755,3.910064697265625e-05,1.220638325044642,1.011105068497441,0.0,0.0,65
66,0.6772548003256308,0.018947333627812663,3.8623809814453125e-05,1.2204848028854471,1.0111465232226577,0.0,0.0,66
67,0.6683445116318057,0.01888119881914858,3.7670135498046875e-05,1.2202852756961153,1.0109320386371201,0.0,0.0,67
68,0.6870841942121803,0.018816202333847683,3.6716461181640625e-05,1.22078407434832,1.0119408661241807,0.0,0.0,68
69,0.6780710991668821,0.018752309383114747,3.62396240234375e-05,1.220533300388827,1.011296575589202,0.0,0.0,69
70,0.6961347810717267,0.018689486693318345,3.695487976074219e-05,1.2202133016281516,1.011540351011966,0.0,0.0,70
71,0.687915722099088,0.018627702420836143,3.7670135498046875e-05,1.2200280050478756,1.011012609880446,0.0,0.0,71
72,0.6793295237706778,0.01856692607273495,4.00543212890625e-05,1.2205443950458081,1.011713498205151,0.0,0.0,72
73,0.6713782908825137,0.018507128432815833,4.029273986816406e-05,1.2203572377662775,1.0112973732624855,0.0,0.0,73
74,0.6883465012280021,0.018448281492597682,3.933906555175781e-05,1.2206984989659682,1.0121918053846903,0.0,0.0,74
75,0.6801313484349664,0.018390358386851605,3.9577484130859375e-05,1.220744895297279,1.0120669869300034,0.0,0.0,75
76,0.7952428410746304,0.018333333333333333,4.0531158447265625e-05,1.220611628804981,1.0121436740361756,0.0,0.0,76
77,0.786159294095818,0.018277181576392208,4.4345855712890625e-05,1.2206529229095902,1.0120402232054604,0.0,0.0,77
78,0.7772552174862963,0.018221879334163457,3.981590270996094e-05,1.220375926870704,1.0117678632581646,0.0,0.0,78
79,0.7684292054617123,0.01816740374907594,3.9577484130859375e-05,1.2207406987660219,1.0122869651368223,0.0,0.0,79
80,0.7597700408009473,0.018113732841430488,5.412101745605469e-05,1.2204700836714841,1.0121760910226352,0.0,0.0,80
81,0.7513862662149825,0.018060845465824715,4.57763671875e-05,1.2204029130050942,1.0123441648990672,0.0,0.0,81
82,0.7432488623344593,0.018008721270218853,4.220008850097656e-05,1.2203654973598643,1.0123122486919323,0.0,0.0,82
83,0.7355327185814602,0.017957340657454288,3.981590270996094e-05,1.220385366298376,1.0124045246092817,0.0,0.0,83
84,0.7277136467764725,0.01790668474905179,4.220008850097656e-05,1.2204001329439778,1.0124942118561016,0.0,0.0,84
85,0.7201514611263371,0.01785673535113044,3.9577484130859375e-05,1.2204076338649326,1.012399829615708,0.0,0.0,85
86,0.7128276200344843,0.017807474922301038,3.838539123535156e-05,1.2202973181840213,1.0124810530917296,0.0,0.0,86
87,0.7055400720550697,0.017758886543399213,3.910064697265625e-05,1.220441157466706,1.0124373010036332,0.0,0.0,87
88,0.6986290566846377,0.017710953888934206,4.220008850097656e-05,1.2202980059655966,1.0124971995114713,0.0,0.0,88
89,0.6916073725625868,0.01766366120013869,3.886222839355469e-05,1.2203269213935304,1.0124113085315443,0.0,0.0,89
90,0.6847128028610271,0.017616993259513925,3.838539123535156e-05,1.2202594730577976,1.0124569481544956,0.0,0.0,90
91,0.6779824524048215,0.017570935366772494,3.910064697265625e-05,1.2202232807905724,1.0124923103787387,0.0,0.0,91
92,0.6714008765208839,0.017525473316088204,4.1961669921875e-05,1.2202728846126565,1.0124608990140822,0.0,0.0,92
93,0.7663971706895599,0.01748059337456952,4.076957702636719e-05,1.220220721855113,1.0125258344239096,0.0,0.0,93
94,0.7592606164316047,0.017436282261878867,3.981590270996094e-05,1.2202012268854623,1.0123403419717898,0.0,0.0,94
95,0.7520547337208485,0.017392527130926087,4.124641418457031e-05,1.2201456320337862,1.0123834698495455,0.0,0.0,95
96,0.7451903105792749,0.017349315549569144,4.1961669921875e-05,1.2199969728987485,1.0122042074678845,0.0,0.0,96
97,0.7381010020212789,0.017306635483260287,4.0531158447265625e-05,1.2201582602950836,1.0123566642480908,0.0,0.0,97
98,0.7312785532037253,0.017264475278579963,5.245208740234375e-05,1.220124423499566,1.0124304117692113,0.0,0.0,98
99,0.7247607270356857,0.01722282364760504,4.076957702636719e-05,1.220155744730161,1.0125618729586683,0.0,0.0,99
100,0.7147263010282656,0.017181669653061407,0.2720968723297119,1.219710083664343,1.0623044826757282,0.0,0.0,100
101,0.7086725594468035,0.017141002694214605,0.00011897087097167969,1.219836584573382,1.0624093619423547,0.0,0.0,101
102,0.7024562470538995,0.017100812493455193,5.888938903808594e-05,1.2199408044213529,1.062532564235432,0.0,0.0,102
103,0.6979547700232677,0.017061089083538494,4.863739013671875e-05,1.2200579849518736,1.0627618541844424,0.0,0.0,103
104,0.6971224218829886,0.0170218227954411,4.935264587402344e-05,1.2202896021206273,1.0626069857727032,0.0,0.0,104
105,0.6920824765843077,0.016983004246798966,4.6253204345703125e-05,1.2203593144005929,1.0629821502157093,0.0,0.0,105
106,0.6862628746347983,0.01694462433089418,4.8160552978515625e-05,1.220451743565891,1.0632157145233316,0.0,0.0,106
107,0.697137727982955,0.016906674206159773,4.410743713378906e-05,1.2206303545626591,1.0632129408673427,0.0,0.0,107
108,0.6913593925188365,0.016869145286173757,4.6253204345703125e-05,1.220699778005347,1.0634458795420783,0.0,0.0,108
109,0.6887325367535124,0.016832029230115498,4.5299530029296875e-05,1.2208683421284638,1.0634500268869578,0.0,0.0,109
110,0.6836845100329118,0.016795317933659216,4.8160552978515625e-05,1.2209427040116934,1.0636665257253617,0.0,0.0,110
111,0.6781487462975287,0.016759003520281,5.1975250244140625e-05,1.2211079169086831,1.0636708999351472,0.0,0.0,111
112,0.6898272341928082,0.016723078332957112,4.482269287109375e-05,1.2211678985054606,1.0638788292369616,0.0,0.0,112
113,0.6845295817010771,0.0166875349262329,4.6253204345703125e-05,1.2213338074742557,1.0638735544724576,0.0,0.0,113
114,0.681166723233203,0.016652366058642655,4.553794860839844e-05,1.2214057625692538,1.063979203398407,0.0,0.0,114
115,0.6758688715352652,0.016617564685462223,4.363059997558594e-05,1.2214768553199753,1.0640835464158898,0.0,0.0,115
116,0.6710722035220636,0.016583123951777,4.291534423828125e-05,1.2216391207976742,1.0639957254181303,0.0,0.0,116
117,0.6659263445999161,0.01654903718584917,4.220008850097656e-05,1.2217144010587377,1.0641029301828089,0.0,0.0,117
118,0.6613262673785062,0.01651529789276894,4.38690185546875e-05,1.2217954037722756,1.0642216375660614,0.0,0.0,118
119,0.6563308196260653,0.0164818997483754,4.2438507080078125e-05,1.221875459548398,1.0643389204507836,0.0,0.0,119
120,0.6534191126577057,0.016448836593433425,4.38690185546875e-05,1.2220558472938645,1.0642601631487332,0.0,0.0,120
121,0.6509595449940744,0.016416102428054025,4.315376281738281e-05,1.2221526428943412,1.0643465706883897,0.0,0.0,121
122,0.7179431701912561,0.01638369140634596,4.220008850097656e-05,1.222184711258999,1.0644055592413642,0.0,0.0,122
123,0.718302323051914,0.016351597831287413,4.291534423828125e-05,1.2222082181965328,1.0644251643125617,0.0,0.0,123
124,0.7130689427078885,0.016319816149806998,4.1484832763671875e-05,1.2222314893150144,1.0644445651936794,0.0,0.0,124
125,0.7079157779616019,0.016288340948063935,4.220008850097656e-05,1.222254528658847,1.0644637655044433,0.0,0.0,125
126,0.7029383829533907,0.016257166946918027,4.482269287109375e-05,1.222282860281979,1.0644895011118907,0.0,0.0,126
127,0.6990411871070928,0.01622628899758022,4.5299530029296875e-05,1.22231091044862,1.0645165543947004,0.0,0.0,127
128,0.6956025151389937,0.016195702077435432,5.364418029785156e-05,1.222327871689322,1.0645454201263562,0.0,0.0,128
129,0.6907218337739502,0.01616540128602941,4.38690185546875e-05,1.222401308889223,1.0645334886773055,0.0,0.0,129
130,0.6861135424062268,0.01613538184121221,4.410743713378906e-05,1.2224795954205174,1.0645271833784316,0.0,0.0,130
131,0.681370535556131,0.016105639075430837,4.363059997558594e-05,1.22250167337057,1.0645605697675689,0.0,0.0,131
132,0.6767018844885028,0.01607616843216443,4.315376281738281e-05,1.2225783059555537,1.0645544518137717,0.0,0.0,132
133,0.67210275383015,0.016046965462495438,4.410743713378906e-05,1.2225855120424287,1.0645680075992416,0.0,0.0,133
134,0.6675706223356687,0.016018025821810604,4.482269287109375e-05,1.2226462481201752,1.0645435883044863,0.0,0.0,134
135,0.6646712192746849,0.015989345266626032,4.38690185546875e-05,1.2226511214027385,1.0645019870686911,0.0,0.0,135
136,0.6602321454151325,0.0159609196515308,4.38690185546875e-05,1.2227084039189224,1.0644235476092474,0.0,0.0,136
137,0.6586199602935439,0.015932744926243827,4.601478576660156e-05,1.2227124173370743,1.064321724651222,0.0,0.0,137
138,0.6553359702936886,0.015904817132779143,4.649162292480469e-05,1.2226776253797573,1.064240245724217,0.0,0.0,138
139,0.65122167734744,0.01587713240271471,4.482269287109375e-05,1.2226976711602262,1.0641283237505217,0.0,0.0,139
140,0.6469964883708135,0.01584968695456044,4.38690185546875e-05,1.222673923631515,1.0640593659250834,0.0,0.0,140
141,0.6428290331166507,0.01582247709122109,4.482269287109375e-05,1.2226998241703386,1.0639557563997069,0.0,0.0,141
142,0.6437038681767285,0.015795499197549995,4.267692565917969e-05,1.2226822469571876,1.0638754898694749,0.0,0.0,142
143,0.6477612467142313,0.015768749737989786,4.315376281738281e-05,1.2226210721116937,1.0637876796571295,0.0,0.0,143
144,0.6436598363798088,0.015742225254296475,4.4345855712890625e-05,1.2226093319151285,1.0636664678311591,0.0,0.0,144
145,0.6413056196280525,0.015715922363343397,5.1975250244140625e-05,1.222573177895977,1.0635287069153814,0.0,0.0,145
146,0.637297234369124,0.015689837755001667,4.410743713378906e-05,1.222537417324824,1.063392349099003,0.0,0.0,146
147,0.6351243911039629,0.015663968190094052,4.291534423828125e-05,1.2224945673938168,1.063236747652965,0.0,0.0,147
148,0.6326898174525727,0.01563831049841923,4.7206878662109375e-05,1.2224346459841002,1.0630687267302579,0.0,0.0,148
149,0.6842459322112759,0.015612861576843547,4.6253204345703125e-05,1.2223423863363843,1.062886430748163,0.0,0.0,149
150,0.6812652694419493,0.01558761838745759,4.5299530029296875e-05,1.2222397048525009,1.0626811564230934,0.0,0.0,150
151,0.6771073168161187,0.015562577955794929,4.553794860839844e-05,1.2221439688280717,1.0624832787718443,0.0,0.0,151
152,0.7405504028466828,0.01553773736911059,4.482269287109375e-05,1.2219736378631827,1.0622905578357271,0.0,0.0,152
153,0.7373314704321263,0.01551309377471684,5.030632019042969e-05,1.2218319208835584,1.0620936048818965,0.0,0.0,153
154,0.7335221382826564,0.015488644378374068,4.673004150390625e-05,1.2217097238417494,1.061916606852725,0.0,0.0,154
155,0.7313534509400017,0.015464386442734599,4.673004150390625e-05,1.221598755897879,1.061772612111032,0.0,0.0,155
156,0.7382072294550083,0.015440317285837358,4.7206878662109375e-05,1.2214882632077528,1.0616312275142774,0.0,0.0,156
157,0.7339679509407965,0.015416434279651432,4.649162292480469e-05,1.2213894660047062,1.0615059200034473,0.0,0.0,157
158,0.7326443825112483,0.015392734848666661,4.6253204345703125e-05,1.2212964408260643,1.061358623749375,0.0,0.0,158
159,0.7283831522323224,0.015369216468529444,4.6253204345703125e-05,1.2211936575975644,1.061198472158199,0.0,0.0,159
160,0.7244307845878633,0.015345876664722046,4.649162292480469e-05,1.2210948034183509,1.0610432813807664,0.0,0.0,160
161,0.7717910294065893,0.015322713011283793,4.673004150390625e-05,1.2209806767718892,1.0608785854990606,0.0,0.0,161
162,0.7674047981707772,0.015299723129572522,4.839897155761719e-05,1.2208533285293504,1.0607393778826222,0.0,0.0,162
163,0.7632424125814233,0.015276904687064849,4.696846008300781e-05,1.2207305997307323,1.060615031335568,0.0,0.0,163
164,0.7715010851842123,0.015254255396193801,4.792213439941406e-05,1.220591611395538,1.06045768272947,0.0,0.0,164
165,0.7671562777745737,0.015231773013222379,4.57763671875e-05,1.2204538850423803,1.0603017518567441,0.0,0.0,165
166,0.7746285348133695,0.015209455337151834,4.696846008300781e-05,1.2203117726907569,1.060145015947219,0.0,0.0,166
167,0.7712844767033473,0.015187300208663306,4.744529724121094e-05,1.220187555590374,1.0599444021794753,0.0,0.0,167
168,0.7711335488466291,0.015165305509091663,4.744529724121094e-05,1.2200661260414758,1.0597106254415403,0.0,0.0,168
169,0.767537749802464,0.015143469159430354,4.6253204345703125e-05,1.2199629350187884,1.059458034409679,0.0,0.0,169
170,0.8131734610282102,0.015121789119366215,4.744529724121094e-05,1.2198129011894352,1.0592245348012623,0.0,0.0,170
171,0.859940554355535,0.015100263386343092,4.744529724121094e-05,1.2196359608734153,1.0589980078092704,0.0,0.0,171
172,0.8552327488703944,0.01507888999465331,4.673004150390625e-05,1.2194584485183677,1.0587607482775343,0.0,0.0,172
173,0.8514293056068605,0.015057667014556008,5.0067901611328125e-05,1.2192986034052191,1.0585435457486696,0.0,0.0,173
174,0.8474406965261765,0.01503659255142137,4.792213439941406e-05,1.2191299145500403,1.058317618188647,0.0,0.0,174
175,0.8438782378287748,0.015015664744899867,4.8160552978515625e-05,1.2189727486775694,1.058105915253142,0.0,0.0,175
176,0.8393727024341799,0.014994881768115673,4.9114227294921875e-05,1.218816918528653,1.0578959976378557,0.0,0.0,176
177,0.8359428501175263,0.01497424182688336,4.76837158203125e-05,1.218652734394442,1.057675691779833,0.0,0.0,177
178,0.8317674099994272,0.014953743158947137,4.935264587402344e-05,1.2184932566887214,1.0574607255594133,0.0,0.0,178
179,0.8289235128709875,0.014933384033241825,4.887580871582031e-05,1.218344190928227,1.0572471293778236,0.0,0.0,179
180,0.8296141732984598,0.014913162749174863,5.221366882324219e-05,1.2181765387467565,1.0570211956472977,0.0,0.0,180
181,0.8265550453803234,0.01489307763592861,5.14984130859375e-05,1.218018902562706,1.056797264017035,0.0,0.0,181
182,0.8321543405074566,0.01487312705178225,5.1021575927734375e-05,1.2178539258529144,1.056559912756822,0.0,0.0,182
183,0.8294885735266287,0.014853309383452749,5.078315734863281e-05,1.2177021981317633,1.0563409172623814,0.0,0.0,183
184,0.8254050301560298,0.014833623045454056,5.173683166503906e-05,1.2175557623555533,1.056126940339296,0.0,0.0,184
185,0.8233720343106808,0.014814066479474114,5.173683166503906e-05,1.21742051107997,1.0559463030357246,0.0,0.0,185
186,0.8192146120144241,0.014794638153769003,5.030632019042969e-05,1.2172887849928953,1.0557691371428755,0.0,0.0,186
187,0.8151005336396796,0.014775336562573703,5.0067901611328125e-05,1.2171581176989534,1.0555936225138256,0.0,0.0,187
188,0.8120581837208953,0.014756160225528865,4.9591064453125e-05,1.21704941968772,1.05539455206694,0.0,0.0,188
189,0.8090767058503041,0.014737107687123201,5.054473876953125e-05,1.2169467881963019,1.0551958825667962,0.0,0.0,189
190,0.805069695707208,0.014718177516150852,5.0067901611328125e-05,1.2168449728813326,1.0549999394887188,0.0,0.0,190
191,0.8017849257560772,0.014699368305183341,5.0067901611328125e-05,1.2167496849481052,1.0547975529360798,0.0,0.0,191
192,0.8005079149766641,0.014680678670055642,5.0067901611328125e-05,1.2166656515725462,1.0545799234459274,0.0,0.0,192
193,0.7970494270296785,0.01466210724936587,6.127357482910156e-05,1.2165838356634557,1.054364408702593,0.0,0.0,193
194,0.7942852171534504,0.014643652703988224,4.9591064453125e-05,1.2164636647073583,1.0541625712769287,0.0,0.0,194
195,0.7908468109774176,0.01462531371659872,4.9591064453125e-05,1.2163423421945856,1.053975493460704,0.0,0.0,195
196,0.7896139003192464,0.014607088991213341,5.364418029785156e-05,1.2162372423745644,1.0538131782145965,0.0,0.0,196
197,0.785839625577148,0.01458897725273822,4.982948303222656e-05,1.2161329486169927,1.0536520918281784,0.0,0.0,197
198,0.7823131788370896,0.014570977246531473,5.2928924560546875e-05,1.2160286786939638,1.0534954310513471,0.0,0.0,198
199,0.7786138608923139,0.014553087737976313,5.340576171875e-05,1.2159252006154513,1.0533399449698768,0.0,0.0,199
200,0.7362931516544342,0.014535307512065145,0.029146194458007812,1.2200067047780376,1.0100059990119283,0.0,0.0,200
201,0.7436643369947001,0.014517635372994265,0.00012063980102539062,1.220554326955611,1.0112087375326655,0.0,0.0,201
202,0.7881215484951826,0.014500070143768858,6.67572021484375e-05,1.2201432729082302,1.01038365636813,0.0,0.0,202
203,0.78434102382981,0.01448261066581798,5.841255187988281e-05,1.2201667152741102,1.0106914337128097,0.0,0.0,203
204,0.7810492397306953,0.014465255798619242,6.341934204101562e-05,1.2200818691716069,1.0101386731316735,0.0,0.0,204
205,0.7770255827879498,0.01444800441933287,5.555152893066406e-05,1.219686716671171,1.0101434905428404,0.0,0.0,205
206,0.8209425766639262,0.014430855422444926,5.1021575927734375e-05,1.2198266821898867,1.0101704703665566,0.0,0.0,206
207,0.8170697242351403,0.014413807719419327,5.6743621826171875e-05,1.2196649232505452,1.0099334486537643,0.0,0.0,207
208,0.8134007803264343,0.014396860238358513,5.1021575927734375e-05,1.219694600779549,1.0100212815973308,0.0,0.0,208
209,0.8098725217874261,0.01438001192367241,5.53131103515625e-05,1.2197141893275303,1.0100010281111558,0.0,0.0,209
210,0.8063543598907453,0.014363261735755506,5.316734313964844e-05,1.219831844616054,1.0100636800474854,0.0,0.0,210
211,0.8026283642873422,0.0143466086506718,5.173683166503906e-05,1.2194287153718608,1.0099204696260462,0.0,0.0,211
212,0.7991122958794135,0.014330051659847376,5.2928924560546875e-05,1.2193390632485555,1.0100876787715296,0.0,0.0,212
213,0.7955820623188179,0.014313589769770383,5.936622619628906e-05,1.2194828855132094,1.009741481129204,0.0,0.0,213
214,0.7921031798071937,0.01429722200169825,5.53131103515625e-05,1.2192505169749117,1.010086726343364,0.0,0.0,214
215,0.7888887420148446,0.01428094739137186,5.435943603515625e-05,1.2195924068310005,1.0097891201141223,0.0,0.0,215
216,0.8302974611254853,0.014264764988736568,5.3882598876953125e-05,1.2191878979822142,1.0097659875361076,0.0,0.0,216
217,0.8266846317784067,0.014248673857669786,5.602836608886719e-05,1.2193128388166377,1.0096982626056856,0.0,0.0,217
218,0.8232816450040701,0.014232673075715033,6.67572021484375e-05,1.2191673598165982,1.0098062760881954,0.0,0.0,218
219,0.8195467878677122,0.014216761733822192,5.817413330078125e-05,1.2191812022503512,1.009620211436743,0.0,0.0,219
220,0.8605720166115384,0.01420093893609386,5.4836273193359375e-05,1.2190200329516032,1.009732454192937,0.0,0.0,220
221,0.856719585358376,0.014185203799537605,5.5789947509765625e-05,1.2190889528937041,1.0095145704077,0.0,0.0,221
222,0.853227255436364,0.014169555453823932,5.459785461425781e-05,1.2189103477823968,1.0096386416183265,0.0,0.0,222
223,0.8494703232480251,0.014153993041049862,5.698204040527344e-05,1.2189830398347719,1.0095268880823154,0.0,0.0,223
224,0.846033707262842,0.01413851571550793,5.459785461425781e-05,1.218839325616473,1.0095435442266827,0.0,0.0,224
225,0.8423615663727615,0.014123122643460459,5.698204040527344e-05,1.218932136057805,1.009461097574661,0.0,0.0,225
226,0.8388573441926506,0.01410781300291899,6.031990051269531e-05,1.218824704420468,1.0094828117731802,0.0,0.0,226
227,0.8354553916721184,0.014092585983428678,5.793571472167969e-05,1.2189399835401573,1.0095114286456386,0.0,0.0,227
228,0.8319528894790841,0.014077440785857582,5.507469177246094e-05,1.2187582972349558,1.0094819095633334,0.0,0.0,228
229,0.8285911002976697,0.014062376622190701,5.6743621826171875e-05,1.2188676762027268,1.0094988924694368,0.0,0.0,229
230,0.8336258750411057,0.014047392715328573,5.602836608886719e-05,1.2186841145785154,1.0094620730925599,0.0,0.0,230
231,0.8302614633932021,0.014032488298890405,5.841255187988281e-05,1.2187884865607415,1.0094893335650867,0.0,0.0,231
232,0.8689413860683163,0.014017662617021547,5.6743621826171875e-05,1.218607178653235,1.0094122617569252,0.0,0.0,232
233,0.8738186046867046,0.014002914924205235,6.0558319091796875e-05,1.2186742100959922,1.0093954527184932,0.0,0.0,233
234,0.870292907004756,0.013988244485078466,5.698204040527344e-05,1.2185201736576465,1.009362433910226,0.0,0.0,234
235,0.8667992620654179,0.013973650574251905,5.745887756347656e-05,1.2185718588006191,1.0093440943496992,0.0,0.0,235
236,0.8633253746680899,0.013959132476133727,5.53131103515625e-05,1.218435767095394,1.0093248904810146,0.0,0.0,236
237,0.8599214405631215,0.013944689484757291,5.7697296142578125e-05,1.2184899969731298,1.0093232957075349,0.0,0.0,237
238,0.8565070025152846,0.01393032090361253,5.5789947509765625e-05,1.2183786181646723,1.0092753782076431,0.0,0.0,238
239,0.8531385549438366,0.013916026045480985,5.6743621826171875e-05,1.2184473953401733,1.0093076790590125,0.0,0.0,239
240,0.8497993295609527,0.01390180423227438,5.53131103515625e-05,1.218312290001598,1.009294818993327,0.0,0.0,240
241,0.8464839241365174,0.01388765479487663,5.7220458984375e-05,1.2183887130597395,1.0092822787329299,0.0,0.0,241
242,0.8432856171290873,0.013873577072989245,5.626678466796875e-05,1.2182772686258765,1.009230594338259,0.0,0.0,242
243,0.8400007208553985,0.013859570414979972,5.698204040527344e-05,1.2183386467167727,1.0092450738424112,0.0,0.0,243
244,0.8367388867556818,0.013845634177734673,5.936622619628906e-05,1.2182516452213286,1.0091647928423644,0.0,0.0,244
245,0.8335036991052049,0.01383176772651229,0.00010561943054199219,1.2182549930602926,1.0091366443250158,0.0,0.0,245
246,0.8304246723241558,0.013817970434802844,6.151199340820312e-05,1.2183010690059515,1.0091179408640611,0.0,0.0,246
247,0.8272352209457277,0.01380424168418843,5.841255187988281e-05,1.218184207892562,1.0090777865725764,0.0,0.0,247
248,0.8240770844397605,0.01379058086420707,5.793571472167969e-05,1.218197026907937,1.0090848060891644,0.0,0.0,248
249,0.8209482734884406,0.013776987372219406,6.127357482910156e-05,1.2182096373180542,1.0091025832784037,0.0,0.0,249
250,0.8178496313045943,0.013763460613278107,6.222724914550781e-05,1.2182101697164789,1.009107252741939,0.0,0.0,250
251,0.8537074492323411,0.01375,5.888938903808594e-05,1.2181716410411416,1.0091398124642557,0.0,0.0,251
252,0.8505049696740449,0.013736604952440801,5.8650970458984375e-05,1.218195561601706,1.0091440687016444,0.0,0.0,252
253,0.8473377598071569,0.013723274897972381,5.7697296142578125e-05,1.2181722313927492,1.0091514915800273,0.0,0.0,253
254,0.8441827229602726,0.013710009271162546,5.793571472167969e-05,1.218203469158696,1.009144029433748,0.0,0.0,254
255,0.8410522343651105,0.013696807513657252,5.8650970458984375e-05,1.2181699006960414,1.0091691084205328,0.0,0.0,255
256,0.8379438121205436,0.013683669074065161,5.7697296142578125e-05,1.218181650862453,1.009175209472297,0.0,0.0,256
257,0.8348899272815637,0.013670593407844545,5.817413330078125e-05,1.2181598813296184,1.0091893277568922,0.0,0.0,257
258,0.83186393649235,0.013657579977192438,6.914138793945312e-05,1.2181771086267026,1.0091756651917023,0.0,0.0,258
259,0.8666050963002463,0.013644628250935998,5.841255187988281e-05,1.2181472894790248,1.0091872468430494,0.0,0.0,259
260,0.8634471986959503,0.013631737704426031,5.9604644775390625e-05,1.2181249338793774,1.0091789455623967,0.0,0.0,260
261,0.8603156600279255,0.013618907819432589,5.91278076171875e-05,1.2181115774047777,1.009195627728269,0.0,0.0,261
262,0.857240342134859,0.013606138084042683,6.222724914550781e-05,1.2181063592261483,1.0091842054694806,0.0,0.0,262
263,0.8541858505117045,0.01359342799255992,6.29425048828125e-05,1.2182273533562125,1.00916673404029,0.0,0.0,263
264,0.8511015028936226,0.0135807770454062,6.508827209472656e-05,1.2181193009422508,1.0090840612784642,0.0,0.0,264
265,0.8480866707169458,0.013568184749025231,6.246566772460938e-05,1.218174915205636,1.0091392466802058,0.0,0.0,265
266,0.8450470875305409,0.01355565061578798,6.0558319091796875e-05,1.2180631565190876,1.0090489556077713,0.0,0.0,266
267,0.8420686957583943,0.01354317416389994,6.0558319091796875e-05,1.2181091762667493,1.009082792490263,0.0,0.0,267
268,0.839086587552629,0.013530754917310145,5.888938903808594e-05,1.2180396349703024,1.0090105987344937,0.0,0.0,268
269,0.8724967715445578,0.013518392405621998,6.246566772460938e-05,1.2180269421506411,1.0090067968057321,0.0,0.0,269
270,0.8694310988096753,0.01350608616400573,6.151199340820312e-05,1.2180072175448138,1.0089932634948813,0.0,0.0,270
271,0.8663944906999885,0.01349383573311258,7.414817810058594e-05,1.217977913626371,1.0089791161863457,0.0,0.0,271
272,0.8633781425555938,0.013481640658990589,6.008148193359375e-05,1.2179654136829423,1.008974471201377,0.0,0.0,272
273,0.8603878973721875,0.01346950049300197,6.008148193359375e-05,1.2179288993283472,1.0089628038566953,0.0,0.0,273
274,0.8574190229906871,0.013457414791742063,6.222724914550781e-05,1.2179128516462416,1.0089578857919599,0.0,0.0,274
275,0.8900148484226663,0.013445383116959779,6.103515625e-05,1.2178824793007899,1.0089443484345524,0.0,0.0,275
276,0.8869559455752525,0.01343340503547957,6.437301635742188e-05,1.2178515891849238,1.0089310976597765,0.0,0.0,276
277,0.8839565690687953,0.013421480119124812,6.127357482910156e-05,1.2178282638888172,1.008931525563423,0.0,0.0,277
278,0.8809335730602305,0.013409607944642663,6.175041198730469e-05,1.2178009399478456,1.008921684975908,0.0,0.0,278
279,0.877933129959617,0.013397788093630241,6.508827209472656e-05,1.217766603986887,1.0089003188866257,0.0,0.0,279
280,0.8750003370566442,0.013386020152462248,6.413459777832031e-05,1.2177430548592856,1.0088996139980326,0.0,0.0,280
281,0.8790293882314932,0.013374303712219844,6.222724914550781e-05,1.2177043267232854,1.0088870229912426,0.0,0.0,281
282,0.8760796516307385,0.013362638368620882,6.628036499023438e-05,1.2176834991992032,1.0088893433274901,0.0,0.0,282
283,0.8731691476539792,0.013351023721951395,6.222724914550781e-05,1.217654458125225,1.0088828424310636,0.0,0.0,283
284,0.9046786532749402,0.013339459376998314,6.413459777832031e-05,1.217626235781715,1.0088745717180116,0.0,0.0,284
285,0.901676919345703,0.01332794494298344,6.222724914550781e-05,1.2175854572244376,1.0088636577142243,0.0,0.0,285
286,0.8986854924080538,0.013316480033498572,6.151199340820312e-05,1.2175604111999012,1.0088657466527726,0.0,0.0,286
287,0.8957038192228511,0.01330506426644184,6.580352783203125e-05,1.2175236988092362,1.008851436529882,0.0,0.0,287
288,0.892745517004855,0.013293697263955136,6.532669067382812e-05,1.217483787285144,1.0088231207124918,0.0,0.0,288
289,0.8898122254758042,0.013282378652362719,6.461143493652344e-05,1.2174626516391418,1.0088254286458183,0.0,0.0,289
290,0.8869200343902481,0.013271108062110848,6.413459777832031e-05,1.2174175682695756,1.0087781261155668,0.0,0.0,290
291,0.8907647008639625,0.01325988512770856,6.341934204101562e-05,1.2173846861662574,1.0087545682197963,0.0,0.0,291
292,0.8945444561287704,0.013248709487669432,6.556510925292969e-05,1.217363261792476,1.0087480223228733,0.0,0.0,292
293,0.8916346909968681,0.013237580784454401,6.270408630371094e-05,1.2173185232590251,1.0087129104700834,0.0,0.0,293
294,0.9219962127952244,0.0132264986644156,6.532669067382812e-05,1.2172801561028752,1.0086928454462245,0.0,0.0,294
295,0.9190219054864004,0.01321546277774115,6.341934204101562e-05,1.2172577219788991,1.0086703339083514,0.0,0.0,295
296,0.9160833410184489,0.013204472778400925,7.796287536621094e-05,1.2172241011142577,1.0086437051942772,0.0,0.0,296
297,0.9131389961706855,0.01319352832409329,6.699562072753906e-05,1.2171948873844225,1.0086206975839644,0.0,0.0,297
298,0.9430352317520088,0.013182629076192708,6.580352783203125e-05,1.217148656337165,1.008609598610427,0.0,0.0,298
299,0.946565834995047,0.013171774699698303,6.365776062011719e-05,1.2171021268965763,1.008588016606081,0.0,0.0,299
300,0.943557738042082,0.013160964863183288,6.604194641113281e-05,1.2170656755574385,1.0085888159367489,0.0,0.0,300
301,0.9405603473908093,0.01315019923874526,6.794929504394531e-05,1.2170237002538673,1.0085717236135512,0.0,0.0,301
302,0.9375766875100299,0.013139477501957346,6.318092346191406e-05,1.216968348633403,1.0085661389418659,0.0,0.0,302
303,0.9410496681179031,0.013128799331820195,6.270408630371094e-05,1.2168794129295528,1.008504538721144,0.0,0.0,303
304,0.938083458111478,0.013118164410714775,6.4849853515625e-05,1.2168116914159468,1.0084558874912088,0.0,0.0,304
305,0.9351430151997455,0.013107572424355974,6.341934204101562e-05,1.2167529677552833,1.0084123947764778,0.0,0.0,305
306,0.932284318349568,0.013097023061746977,6.4849853515625e-05,1.2166934060198997,1.0083459022598589,0.0,0.0,306
307,0.93576016957218,0.013086516015134437,6.341934204101562e-05,1.2166370477111903,1.0082825562878428,0.0,0.0,307
308,0.9328901424377903,0.013076050979964364,7.62939453125e-05,1.216594933956386,1.0082257869045848,0.0,0.0,308
309,0.9300098662165367,0.013065627654838778,6.890296936035156e-05,1.2165422208389636,1.008163422574776,0.0,0.0,309
310,0.9271498244099018,0.013055245741473074,6.866455078125e-05,1.2164874031066069,1.0081080987687445,0.0,0.0,310
311,0.9243106330389111,0.013044904944654106,6.437301635742188e-05,1.2164452972623332,1.0080503069887592,0.0,0.0,311
312,0.9214823656171748,0.013034604972198945,6.580352783203125e-05,1.2163988021719314,1.0080005921549682,0.0,0.0,312
313,0.918839841536509,0.013024345534914354,6.580352783203125e-05,1.2163495336613857,1.0079711505824258,0.0,0.0,313
314,0.9160403453204046,0.01301412634655688,6.723403930664062e-05,1.2163014956088494,1.0079377338902404,0.0,0.0,314
315,0.9132626865502211,0.013003947123793668,6.723403930664062e-05,1.2162491850272634,1.007920064334614,0.0,0.0,315
316,0.9105318241295233,0.012993807586163846,6.651878356933594e-05,1.2162073395730908,1.0078938638121937,0.0,0.0,316
317,0.9386298939979945,0.012983707456040598,6.580352783203125e-05,1.2161462302311643,1.0078632220088286,0.0,0.0,317
318,0.9419094838130184,0.012973646458593814,6.699562072753906e-05,1.21609449811628,1.0078435713235863,0.0,0.0,318
319,0.9391190527583038,0.012963624321753372,6.651878356933594e-05,1.216025774976278,1.0078060406064657,0.0,0.0,319
320,0.9363442735841101,0.012953640776173,7.891654968261719e-05,1.2159670316290883,1.0077829337354425,0.0,0.0,320
321,0.9335486519117671,0.012943695555194725,6.961822509765625e-05,1.2159015883231439,1.0077583719549472,0.0,0.0,321
322,0.9308200176535847,0.012933788394813898,6.818771362304688e-05,1.2158429942982445,1.0077410687158777,0.0,0.0,322
323,0.9280769996533118,0.012923919033644763,6.628036499023438e-05,1.2157788199359847,1.007718939477478,0.0,0.0,323
324,0.9253380616836439,0.012914087212886604,6.961822509765625e-05,1.2157286714610822,1.0076943149633084,0.0,0.0,324
325,0.9226124461076798,0.0129042926762904,7.009506225585938e-05,1.215667372727849,1.0076723028137813,0.0,0.0,325
326,0.9199533508969268,0.01289453517012603,6.604194641113281e-05,1.2156141959479194,1.0076398395595756,0.0,0.0,326
327,0.9172639288400981,0.012884814443149994,6.747245788574219e-05,1.2155555536408338,1.0076066261982568,0.0,0.0,327
328,0.9146462258634924,0.012875130246573635,6.723403930664062e-05,1.2155070332000057,1.0075608359832713,0.0,0.0,328
329,0.9119909217393741,0.012865482334031878,7.081031799316406e-05,1.2154604785514582,1.00751707303328,0.0,0.0,329
330,0.9389596542034346,0.012855870461552432,6.985664367675781e-05,1.2154125068522112,1.0074766879594457,0.0,0.0,330
331,0.9362544192209401,0.012846294387525502,6.723403930664062e-05,1.2153533689898937,1.0074322118538137,0.0,0.0,331
332,0.9335511390784117,0.012836753872673969,8.392333984375e-05,1.215311460664557,1.007395450922173,0.0,0.0,332
333,0.9308738056061406,0.012827248680023998,6.794929504394531e-05,1.2152682944596527,1.0073557605569194,0.0,0.0,333
334,0.9282017284745107,0.012817778574876164,7.009506225585938e-05,1.2152277836260306,1.0073177676168226,0.0,0.0,334
335,0.925563250922794,0.012808343324776967,6.771087646484375e-05,1.2151932045573852,1.0072594068010163,0.0,0.0,335
336,0.922929980533755,0.012798942699490822,7.009506225585938e-05,1.2151636535459223,1.0072054835570932,0.0,0.0,336
337,0.949266792415327,0.012789576470972456,6.961822509765625e-05,1.215126905787288,1.0071511895725485,0.0,0.0,337
338,0.9465650674935334,0.012780244413339746,7.033348083496094e-05,1.21508791085329,1.0070955719543697,0.0,0.0,338
339,0.9496734351875504,0.012770946302846966,6.842613220214844e-05,1.2150455434970613,1.0070418273420374,0.0,0.0,339
340,0.947053742036691,0.012761681917858439,7.104873657226562e-05,1.2150073665627152,1.0069817697794634,0.0,0.0,340
341,0.9443810044512875,0.012752451038822587,7.009506225585938e-05,1.2149595857974105,1.0069262755761594,0.0,0.0,341
342,0.9417432662370535,0.012743253448246379,7.152557373046875e-05,1.2149250464780825,1.0068813272444135,0.0,0.0,342
343,0.9391321978494469,0.012734088930670169,8.106231689453125e-05,1.2148826213826767,1.0068454246277962,0.0,0.0,343
344,0.9365232871637841,0.012724957272642893,7.009506225585938e-05,1.2148388410215025,1.0067979862829912,0.0,0.0,344
345,0.9339175756969317,0.012715858262697676,6.866455078125e-05,1.2147937346046507,1.0067683573983979,0.0,0.0,345
346,0.9313260225704004,0.01270679169132776,6.747245788574219e-05,1.2147461938138184,1.0067337517289205,0.0,0.0,346
347,0.9287556443283993,0.012697757350962822,6.794929504394531e-05,1.2146986423668997,1.006699209332418,0.0,0.0,347
348,0.9261932527763685,0.012688755035945637,7.081031799316406e-05,1.2146509752974992,1.0066618363136777,0.0,0.0,348
349,0.9236632860543632,0.012679784542509072,6.890296936035156e-05,1.214605677626344,1.0066260829850364,0.0,0.0,349
350,0.9211428759564319,0.012670845668753459,7.152557373046875e-05,1.2145613120706122,1.0065873396285183,0.0,0.0,350
351,0.946472901127528,0.01266193821462425,7.05718994140625e-05,1.2145055317953182,1.0065477495888149,0.0,0.0,351
352,0.9438959282186427,0.01265306198189005,7.152557373046875e-05,1.214453485404902,1.006506189123651,0.0,0.0,352
353,0.9414068990908248,0.012644216774120936,7.486343383789062e-05,1.2144022511456918,1.0064706274305537,0.0,0.0,353
354,0.9389181275798026,0.012635402396667113,7.081031799316406e-05,1.2143617358923453,1.006437609736444,0.0,0.0,354
355,0.936381609171183,0.01262661865663788,7.963180541992188e-05,1.214321712934861,1.0064084344611013,0.0,0.0,355
356,0.933875683956419,0.012617865362880896,7.033348083496094e-05,1.2142793815228894,1.0063751980395634,0.0,0.0,356
357,0.9314861647850451,0.012609142325961751,7.271766662597656e-05,1.2142327799292993,1.0063517077274389,0.0,0.0,357
358,0.9289871684937643,0.012600449358143825,7.319450378417969e-05,1.214189273425303,1.0063269529858891,0.0,0.0,358
359,0.9265026186017601,0.01259178627336845,6.937980651855469e-05,1.2141456189886293,1.0063106151020298,0.0,0.0,359
360,0.9240508488840169,0.012583152887235362,7.033348083496094e-05,1.214106747228934,1.0062849437644983,0.0,0.0,360
361,0.9216267270561612,0.012574549016983403,7.390975952148438e-05,1.2140675915153658,1.006265285510924,0.0,0.0,361
362,0.9245884879887414,0.012565974481471539,7.152557373046875e-05,1.214026389454855,1.0062444162586797,0.0,0.0,362
363,0.9221588338342909,0.01255742910116011,7.128715515136719e-05,1.213986162755552,1.0062226828161942,0.0,0.0,363
364,0.9197503336874373,0.012548912698092392,7.271766662597656e-05,1.2139484085661991,1.006200590028386,0.0,0.0,364
365,0.9440892695888614,0.012540425095876374,7.104873657226562e-05,1.2139011416195027,1.0061773313340707,0.0,0.0,365
366,0.9416184084961817,0.012531966119666834,8.702278137207031e-05,1.2138536674042104,1.006154713233949,0.0,0.0,366
367,0.9444441326857009,0.012523535596147634,7.414817810058594e-05,1.213809084472284,1.0061288488381792,0.0,0.0,367
368,0.9419836016327895,0.01251513335351428,7.343292236328125e-05,1.2137642935786694,1.0061080450674376,0.0,0.0,368
369,0.9395271127282536,0.012506759221456745,7.05718994140625e-05,1.2137233779018661,1.0060734623958076,0.0,0.0,369
370,0.9370846396017907,0.012498413031142493,7.43865966796875e-05,1.2136783692426685,1.0060464268885534,0.0,0.0,370
371,0.9347010867092972,0.01249009461519978,7.081031799316406e-05,1.213642519387483,1.0060133334306811,0.0,0.0,371
372,0.9322842667516794,0.012481803807701152,7.176399230957031e-05,1.2136039813088026,1.0059862786871874,0.0,0.0,372
373,0.9299163009952347,0.012473540444147202,7.081031799316406e-05,1.2135731538686998,1.0059655122001399,0.0,0.0,373
374,0.9275505880602315,0.012465304361450547,7.104873657226562e-05,1.2135337251249034,1.0059428803521107,0.0,0.0,374
375,0.92527380652945,0.012457095397919997,7.128715515136719e-05,1.2135062311023561,1.0059196012409592,0.0,0.0,375
376,0.9229087541893208,0.012448913393244986,7.367134094238281e-05,1.2134697441567281,1.005892630551439,0.0,0.0,376
377,0.9205653003552391,0.01244075818848019,8.273124694824219e-05,1.21344142010544,1.0058717529533707,0.0,0.0,377
378,0.9182479100069035,0.01243262962603036,7.557868957519531e-05,1.2134082461867983,1.0058397767058187,0.0,0.0,378
379,0.9159209653099043,0.012424527549635368,7.200241088867188e-05,1.2133788596775286,1.0058265773473605,0.0,0.0,379
380,0.9136055386288496,0.012416451804355452,7.510185241699219e-05,1.213342878104373,1.0057939605891928,0.0,0.0,380
381,0.9113084020339032,0.012408402236556669,7.462501525878906e-05,1.213315635350671,1.0057799893820205,0.0,0.0,381
382,0.9345230209388499,0.012400378693896532,7.534027099609375e-05,1.2132810352542902,1.0057528387644317,0.0,0.0,382
383,0.9321751232806446,0.012392381025309861,7.271766662597656e-05,1.2132270242176915,1.0057378108002668,0.0,0.0,383
384,0.9298464796784351,0.012384409080994805,7.486343383789062e-05,1.2131982675809878,1.0057068176000852,0.0,0.0,384
385,0.9528815462697955,0.01237646271239907,7.367134094238281e-05,1.213146092131817,1.005695952573954,0.0,0.0,385
386,0.9505132315559878,0.012368541772206315,7.510185241699219e-05,1.2131015878795344,1.0056549655926874,0.0,0.0,386
387,0.9481671728752088,0.01236064611432274,7.343292236328125e-05,1.2130548774613592,1.0056245275699571,0.0,0.0,387
388,0.9709599610689826,0.012352775593863866,8.559226989746094e-05,1.2130119037906908,1.0056032338995722,0.0,0.0,388
389,0.9685468820950479,0.012344930067141458,7.319450378417969e-05,1.2129683362005341,1.005574011707707,0.0,0.0,389
390,0.9662077710042782,0.012337109391650657,7.557868957519531e-05,1.2129122012931444,1.0055610288630625,0.0,0.0,390
391,0.9639010037223218,0.012329313426057259,7.581710815429688e-05,1.2128776153820453,1.0055151040070271,0.0,0.0,391
392,0.9615581709510997,0.01232154203018518,7.581710815429688e-05,1.2128367258787824,1.0054993282368365,0.0,0.0,392
393,0.9840727568298209,0.012313795065004062,7.653236389160156e-05,1.212786666277219,1.0054627678462236,0.0,0.0,393
394,1.0063679277704731,0.012306072392617072,7.319450378417969e-05,1.2127307611334621,1.0054432507656252,0.0,1.0,394
395,1.0038899053726644,0.012298373876248844,7.271766662597656e-05,1.2127437305630404,1.0053853648428832,0.0,0.0,395
396,1.0014787353386436,0.012290699380233578,7.653236389160156e-05,1.2126897073265857,1.005354236369072,0.0,0.0,396
397,0.9990813446357988,0.012283048770003297,7.653236389160156e-05,1.2126377495937246,1.0053136671043312,0.0,0.0,397
398,0.9968323432487523,0.012275421912076269,7.653236389160156e-05,1.212587309730072,1.0052819701236835,0.0,0.0,398
399,0.9944270162537259,0.012267818674045555,8.821487426757812e-05,1.2125303392861815,1.0052542938884148,0.0,0.0,399
400,0.8154626503281681,0.012260238924567736,0.496295690536499,0.8814433862100463,0.837254805801029,0.0,0.0,400
401,0.8202938738847401,0.012252682533351756,0.00016188621520996094,0.8814617096952995,0.8372583586450346,0.0,0.0,401
402,0.8205530471806515,0.012245149371147925,0.00010251998901367188,0.8814814212100912,0.8372557887992267,0.0,0.0,402
403,0.8208472858375537,0.012237639309737071,8.702278137207031e-05,0.8815067045269681,0.837252535344734,0.0,0.0,403
404,0.8195257126013468,0.012230152221919807,8.249282836914062e-05,0.8815273475150853,0.8372569182971543,0.0,0.0,404
405,0.8187318556907326,0.012222687981505966,9.560585021972656e-05,0.8815473197028675,0.8372534767973988,0.0,0.0,405
406,0.8178466577252331,0.01221524646330415,8.034706115722656e-05,0.8815640076367183,0.8372579470560223,0.0,0.0,406
407,0.8159348984788645,0.012207827543111402,8.368492126464844e-05,0.8815811559648199,0.8372560253685316,0.0,0.0,407
408,0.8230746031908633,0.01220043109770305,8.225440979003906e-05,0.88159543000172,0.8372550149960238,0.0,0.0,408
409,0.822364932670427,0.012193057004822648,8.082389831542969e-05,0.8816103872146467,0.8372621961026695,0.0,0.0,409
410,0.8213705956197482,0.012185705143172035,7.891654968261719e-05,0.8816319806511459,0.8372622904221032,0.0,0.0,410
411,0.820779802776232,0.012178375392401554,7.987022399902344e-05,0.8816490135000334,0.8372627557663523,0.0,0.0,411
412,0.8199506628091687,0.012171067633100373,8.034706115722656e-05,0.8816688965519875,0.8372574988197783,0.0,0.0,412
413,0.8194841704977263,0.012163781746786928,8.273124694824219e-05,0.8816816047894285,0.8372514641905175,0.0,0.0,413
414,0.8182635052658972,0.012156517615899485,8.320808410644531e-05,0.8817052076353957,0.837248423796965,0.0,0.0,414
415,0.8193267611173108,0.012149275123786836,9.179115295410156e-05,0.881727574099251,0.8372495961109861,0.0,0.0,415
416,0.8194823221244782,0.012142054154699083,8.0108642578125e-05,0.881737107860891,0.8372410279792927,0.0,0.0,416
417,0.821572183530187,0.012134854593778567,8.034706115722656e-05,0.8817567149262722,0.837241573221896,0.0,0.0,417
418,0.8322048130499797,0.01212767632705088,8.249282836914062e-05,0.8817723446022093,0.8372402645730478,0.0,0.0,418
419,0.8349248694115478,0.01212051924141603,8.0108642578125e-05,0.8817886783972374,0.8372399185584456,0.0,0.0,419
420,0.8330316977603287,0.012113383224639656,8.034706115722656e-05,0.8817989445633903,0.8372393413243101,0.0,0.0,420
421,0.83361524156645,0.012106268165344412,8.130073547363281e-05,0.8818199024687854,0.8372333424420283,0.0,0.0,421
422,0.8354638140594495,0.012099173953001408,8.106231689453125e-05,0.8818394898016022,0.8372312524400101,0.0,0.0,422
423,0.8342752166954726,0.012092100477921799,8.511543273925781e-05,0.8818530034429528,0.8372244153893692,0.0,0.0,423
424,0.8344210975840767,0.012085047631248437,7.987022399902344e-05,0.8818654026366644,0.8372202886303795,0.0,0.0,424
425,0.8325504225295597,0.01207801530494765,9.179115295410156e-05,0.881878247377554,0.8372101983112895,0.0,0.0,425
426,0.8313175174235709,0.01207100339180112,8.249282836914062e-05,0.8818964981472707,0.8372077015697797,0.0,0.0,426
427,0.8309957989784447,0.012064011785397849,8.177757263183594e-05,0.8819080366852242,0.837203773049654,0.0,0.0,427
428,0.8292705715166114,0.012057040380126224,7.987022399902344e-05,0.8819199326750454,0.8372013816431105,0.0,0.0,428
429,0.8294923935375206,0.0120500890711662,8.511543273925781e-05,0.8819315705332997,0.837194587232782,0.0,0.0,429
430,0.8336601951990154,0.012043157754481533,8.440017700195312e-05,0.8819428719023895,0.8371866498548661,0.0,0.0,430
431,0.8343607454988036,0.012036246326812158,8.082389831542969e-05,0.8819533875377463,0.8371735604466402,0.0,0.0,431
432,0.8334884662950295,0.012029354685666615,7.915496826171875e-05,0.8819664717555536,0.8371559139875631,0.0,0.0,432
433,0.8316527342044102,0.012022482729314596,8.082389831542969e-05,0.8819811525741639,0.8371411565143926,0.0,0.0,433
434,0.8298258077773019,0.012015630356779567,8.416175842285156e-05,0.8819950541396164,0.8371250662445141,0.0,0.0,434
435,0.8280672812980291,0.012008797467831483,9.465217590332031e-05,0.8820093780754575,0.8371126681888725,0.0,0.0,435
436,0.8262569044407932,0.012001983962979582,8.130073547363281e-05,0.8820220304890163,0.8370975153104666,0.0,0.0,436
437,0.8250526609836744,0.011995189743465272,8.344650268554688e-05,0.8820361150786628,0.8370865205453907,0.0,0.0,437
438,0.8250865260116131,0.011988414711255108,8.344650268554688e-05,0.8820474646065205,0.8370716840173571,0.0,0.0,438
439,0.82380899284616,0.01198165876903384,8.225440979003906e-05,0.8820585560801834,0.8370581724920689,0.0,0.0,439
440,0.823522482591819,0.011974921820197538,8.320808410644531e-05,0.8820681118266012,0.8370437685526889,0.0,0.0,440
441,0.8225814197295768,0.011968203768846828,8.392333984375e-05,0.8820754995918645,0.8370283132698506,0.0,0.0,441
442,0.8209340373247251,0.01196150451978018,8.296966552734375e-05,0.8820826608594251,0.8370171714620416,0.0,0.0,442
443,0.8224187563103563,0.011954823978487265,8.153915405273438e-05,0.8820857123264915,0.8370020278168713,0.0,0.0,443
444,0.8214037631605186,0.011948162051142432,8.106231689453125e-05,0.8820937939942809,0.8369895145774632,0.0,0.0,444
445,0.8302754699237597,0.011941518644598227,9.322166442871094e-05,0.8821012222134749,0.8369758544281416,0.0,0.0,445
446,0.8307759314586073,0.01193489366637899,8.487701416015625e-05,0.882105420868144,0.8369622051454522,0.0,0.0,446
447,0.8290020586761109,0.011928287024674545,8.440017700195312e-05,0.8821096068965999,0.836948602404145,0.0,0.0,447
448,0.8272356870387588,0.011921698628333935,8.511543273925781e-05,0.8821172705253197,0.8369366611695725,0.0,0.0,448
449,0.826927044875896,0.011915128386859266,8.487701416015625e-05,0.8821214187522353,0.8369229105185974,0.0,0.0,449
450,0.8251731792414914,0.011908576210399582,8.130073547363281e-05,0.8821255545969016,0.8369092064341703,0.0,0.0,450
451,0.8252264387591522,0.01190204200974485,8.273124694824219e-05,0.882132189625295,0.8368963713330128,0.0,0.0,451
452,0.8249535745239152,0.011895525696319976,8.630752563476562e-05,0.8821368982651032,0.8368862052431699,0.0,0.0,452
453,0.8291296546412409,0.011889027182178923,8.559226989746094e-05,0.8821371044358096,0.8368713466949191,0.0,0.0,453
454,0.8276895725786525,0.011882546379998873,8.320808410644531e-05,0.8821453089201061,0.8368636003280403,0.0,0.0,454
455,0.8330420013900333,0.011876083203074466,9.703636169433594e-05,0.8821549204098283,0.8368587962634305,0.0,0.0,455
456,0.8333157156556494,0.011869637565312103,8.416175842285156e-05,0.8821591079771705,0.8368515825052626,0.0,0.0,456
457,0.8399153772772054,0.01186320938122432,8.463859558105469e-05,0.8821693239445128,0.8368484968289006,0.0,1.0,457
458,0.8381619721509099,0.011856798565924209,8.344650268554688e-05,0.882175306518777,0.8368441003322488,0.0,1.0,458
459,0.8446636849428807,0.011850405035119915,8.368492126464844e-05,0.8821779844358991,0.8368376644351838,0.0,1.0,459
460,0.8447648747544478,0.011844028705109208,8.654594421386719e-05,0.8821804559112045,0.8368310901256099,0.0,1.0,460
461,0.8447372073829355,0.011837669492774077,8.702278137207031e-05,0.8821828253635653,0.836824960675795,0.0,1.0,461
462,0.8453990072054728,0.011831327315575423,8.535385131835938e-05,0.8821847685306011,0.8368192329965005,0.0,1.0,462
463,0.846133060080678,0.011825002091547798,8.916854858398438e-05,0.8821857211649194,0.8368151676039821,0.0,1.0,463
464,0.8446759641494221,0.011818693739294206,9.584426879882812e-05,0.8821857777199286,0.8368122826231433,0.0,1.0,464
465,0.8466172654937874,0.011812402177980942,8.7738037109375e-05,0.8821846206798679,0.8368080191169871,0.0,1.0,465
466,0.845167933237478,0.011806127327332518,8.940696716308594e-05,0.8821840025329334,0.8368049250795301,0.0,1.0,466
467,0.845099866902337,0.011799869107626634,8.654594421386719e-05,0.8821824158588689,0.8368031511534261,0.0,1.0,467
468,0.8471330813680478,0.011793627439689204,8.7738037109375e-05,0.8821816031274876,0.8367978296974988,0.0,1.0,468
469,0.8478205738964942,0.01178740224488942,8.702278137207031e-05,0.8821827749390968,0.8367903178298832,0.0,1.0,469
470,0.8480641532958219,0.011781193445134916,8.988380432128906e-05,0.8821791067405372,0.8367774351171675,0.0,1.0,470
471,0.8466972777651818,0.01177500096286692,9.012222290039062e-05,0.8821785089318894,0.8367677654044684,0.0,1.0,471
472,0.8482962435123514,0.011768824721055542,8.511543273925781e-05,0.8821800524912029,0.8367571301560133,0.0,1.0,472
473,0.8484560566523239,0.011762664643195026,8.535385131835938e-05,0.8821827520603018,0.8367475505881202,0.0,1.0,473
474,0.8467404753147292,0.011756520653299112,9.989738464355469e-05,0.8821854442972011,0.8367380019484152,0.0,1.0,474
475,0.8498534033493298,0.011750392675896436,8.58306884765625e-05,0.882187682171736,0.8367288647894869,0.0,1.0,475
476,0.8503316029952296,0.011744280636025983,9.083747863769531e-05,0.8821942840639188,0.8367193150079579,0.0,1.0,476
477,0.8541855364775068,0.01173818445923256,9.1552734375e-05,0.8821974927847742,0.8367002708166612,0.0,1.0,477
478,0.8545187062317424,0.011732104071562366,9.012222290039062e-05,0.8822006472174945,0.8366823152735428,0.0,1.0,478
479,0.854183917001404,0.011726039399558573,8.654594421386719e-05,0.8822027853273758,0.8366641762550765,0.0,1.0,479
480,0.8524770484604753,0.011719990370256974,8.916854858398438e-05,0.8822049179242183,0.8366460945022763,0.0,1.0,480
481,0.8545361952381083,0.011713956911181664,8.869171142578125e-05,0.8822058141142614,0.836627819397038,0.0,1.0,481
482,0.8553876295548486,0.011707938950340778,8.988380432128906e-05,0.8822069789249474,0.8366089258066726,0.0,1.0,482
483,0.8620499691417525,0.011701936416222285,9.799003601074219e-05,0.8822071464304984,0.8365892720831073,0.0,1.0,483
484,0.8657036428538954,0.011695949237789795,8.988380432128906e-05,0.8822057254774043,0.8365703726583478,0.0,1.0,484
485,0.864238970810926,0.011689977344478441,9.322166442871094e-05,0.8822039956701935,0.8365535340097054,0.0,1.0,485
486,0.862961957700155,0.011684020666190795,9.274482727050781e-05,0.8822019583634337,0.8365367090882958,0.0,1.0,486
487,0.8618561600916399,0.011678079133292819,8.940696716308594e-05,0.8821978051879447,0.8365216529894632,0.0,1.0,487
488,0.8664775662119875,0.011672152676609876,8.7738037109375e-05,0.8821937918948203,0.8365074247445173,0.0,1.0,488
489,0.8656426396864751,0.011666241227422778,9.417533874511719e-05,0.8821900373230599,0.8364970666983612,0.0,1.0,489
490,0.8646919863822845,0.011660344717463852,8.845329284667969e-05,0.8821868186286301,0.8364878464940166,0.0,1.0,490
491,0.865294044791513,0.011654463078913095,8.869171142578125e-05,0.8821829590656097,0.8364793756573219,0.0,1.0,491
492,0.8656473518811378,0.011648596244394328,0.00010228157043457031,0.8821787532492109,0.8364716634608481,0.0,1.0,492
493,0.8658567720549137,0.011642744146971402,9.393692016601562e-05,0.8821734558370755,0.8364647309400607,0.0,1.0,493
494,0.8653141988444571,0.011636906720144455,9.083747863769531e-05,0.8821692487981782,0.8364564164609948,0.0,1.0,494
495,0.8687939058054637,0.011631083897846206,9.131431579589844e-05,0.8821650839862472,0.8364488230864621,0.0,1.0,495
496,0.868085982359706,0.011625275614438267,9.202957153320312e-05,0.8821643212342424,0.8364384197997833,0.0,1.0,496
497,0.8672460726641033,0.011619481804707522,9.179115295410156e-05,0.8821628877981955,0.8364296812351739,0.0,1.0,497
498,0.8689977711363565,0.011613702403862529,9.059906005859375e-05,0.8821581211557376,0.836423642686475,0.0,1.0,498
499,0.8673258095425431,0.01160793734752995,8.893013000488281e-05,0.8821533699512636,0.836417622661319,0.0,1.0,499
500,0.8668890290738194,0.01160218657175105,8.845329284667969e-05,0.8821487925879632,0.8364112718759594,0.0,1.0,500
501,0.8668942335513617,0.0115964500129782,0.00010037422180175781,0.8821433483044795,0.8364026374532437,0.0,1.0,501
502,0.8660415121854685,0.011590727608071423,8.916854858398438e-05,0.8821379620606247,0.8363964667944549,0.0,1.0,502
503,0.8677474389888756,0.011585019294294991,8.821487426757812e-05,0.8821300060061523,0.8363871775110172,0.0,1.0,503
504,0.8666817132108331,0.011579325009314046,9.179115295410156e-05,0.8821249910249566,0.8363779157129028,0.0,1.0,504
505,0.8665956882249286,0.011573644691191251,8.940696716308594e-05,0.8821232887919663,0.8363683048918449,0.0,1.0,505
506,0.8649513002381453,0.011567978278383486,8.893013000488281e-05,0.8821264198557266,0.8363595009887999,0.0,1.0,506
507,0.8643472908545279,0.011562325709738575,9.059906005859375e-05,0.8821253886685512,0.8363508727793879,0.0,1.0,507
508,0.8627135276355795,0.011556686924492037,9.036064147949219e-05,0.8821243616308009,0.8363422703789855,0.0,1.0,508
509,0.863231004841754,0.011551061862263892,8.916854858398438e-05,0.8821269401650794,0.836333289902848,0.0,1.0,509
510,0.8631061612559018,0.011545450463055463,0.00010395050048828125,0.8821260221866487,0.8363236099590753,0.0,1.0,510
511,0.8638002283460124,0.011539852667246258,9.107589721679688e-05,0.8821280983822559,0.8363138661004601,0.0,1.0,511
512,0.8682275174857597,0.011534268415590848,8.96453857421875e-05,0.882127115543024,0.8363042095321134,0.0,1.0,512
513,0.8696476006931732,0.011528697649215778,9.059906005859375e-05,0.8821263672471678,0.836295750265206,0.0,1.0,513
514,0.8701426833863803,0.011523140309616537,8.940696716308594e-05,0.8821151016246352,0.8362786792495421,0.0,1.0,514
515,0.8690814253137495,0.01151759633865453,8.96453857421875e-05,0.882107519541697,0.8362636252886962,0.0,1.0,515
516,0.8744949260140662,0.011512065678554083,8.988380432128906e-05,0.8820957958803721,0.8362504481008652,0.0,1.0,516
517,0.8732249047762619,0.01150654827189951,9.274482727050781e-05,0.8820845307931414,0.8362383603072593,0.0,1.0,517
518,0.8723180335363011,0.01150104406163216,8.940696716308594e-05,0.8820735553463459,0.8362270934768992,0.0,1.0,518
519,0.8706997401956493,0.011495552991047537,9.107589721679688e-05,0.88206261272271,0.8362158595464412,0.0,1.0,519
520,0.871392449604817,0.01149007500379242,9.083747863769531e-05,0.8820515754644427,0.8362039671159409,0.0,1.0,520
521,0.870391256032102,0.011484610043862028,9.1552734375e-05,0.8820403547278574,0.8361912385241648,0.0,1.0,521
522,0.8687864013840849,0.011479158055597205,9.107589721679688e-05,0.8820291673342844,0.8361785468596011,0.0,1.0,522
523,0.8675591544238145,0.011473718983681642,9.1552734375e-05,0.8820215772234564,0.8361634725320546,0.0,1.0,523
524,0.8693009460291241,0.011468292773139113,9.226799011230469e-05,0.8820140375222423,0.8361496903088286,0.0,1.0,524
525,0.8677080066942434,0.011462879369330747,9.131431579589844e-05,0.8820065204285383,0.8361359478269503,0.0,1.0,525
526,0.8661210557055807,0.011457478717952337,9.036064147949219e-05,0.8819990258314647,0.8361222448962059,0.0,1.0,526
527,0.8645400592896461,0.011452090765031647,9.059906005859375e-05,0.8819915536208947,0.8361085813276529,0.0,1.0,527
528,0.8655653383088994,0.011446715456925778,9.036064147949219e-05,0.8819830164689374,0.8360944213573086,0.0,1.0,528
529,0.8645118323656918,0.011441352740318534,9.298324584960938e-05,0.8819749151145664,0.8360815015648972,0.0,1.0,529
530,0.8640453806095212,0.011436002562217834,9.059906005859375e-05,0.8819672545125553,0.8360669497461566,0.0,1.0,530
531,0.8629547107962767,0.011430664869953136,9.1552734375e-05,0.8819599100440874,0.83605334238264,0.0,1.0,531
532,0.861395918616885,0.011425339611172886,9.1552734375e-05,0.8819533007128715,0.8360405959056678,0.0,1.0,532
533,0.8626727833977448,0.011420026733842008,9.298324584960938e-05,0.8819423933381924,0.836024970873103,0.0,1.0,533
534,0.8631359649048848,0.011414726186239392,9.226799011230469e-05,0.8819304419813357,0.83601015044697,0.0,1.0,534
535,0.8615843233720892,0.011409437916955437,9.202957153320312e-05,0.8819185252311101,0.8359953719463483,0.0,1.0,535
536,0.8629575463102057,0.011404161874889589,9.250640869140625e-05,0.8819053191526429,0.8359781164739473,0.0,1.0,536
537,0.8652622760495926,0.011398898009247921,9.34600830078125e-05,0.8818914529065061,0.8359621511710452,0.0,1.0,537
538,0.8651815968324358,0.011393646269540737,9.322166442871094e-05,0.8818778485674056,0.8359460518916806,0.0,1.0,538
539,0.871784623727287,0.011388406605580182,9.1552734375e-05,0.8818626317709424,0.8359330353315266,0.0,1.0,539
540,0.8702304064716009,0.011383178967477894,9.226799011230469e-05,0.8818479412040381,0.8359211575321328,0.0,1.0,540
541,0.8737496328997602,0.011377963305642674,9.274482727050781e-05,0.8818310511311581,0.8359104781609054,0.0,1.0,541
542,0.8747949773849302,0.011372759570778166,9.322166442871094e-05,0.8818131803454079,0.8358998642415925,0.0,1.0,542
543,0.8732427636806476,0.011367567713880576,9.202957153320312e-05,0.8817953600193797,0.8358892799571765,0.0,1.0,543
544,0.8717574051116049,0.011362387686236408,9.226799011230469e-05,0.8817785480032433,0.835876593185045,0.0,1.0,544
545,0.8712529558633215,0.01135721943942021,9.298324584960938e-05,0.8817625905603823,0.8358643062323323,0.0,1.0,545
546,0.8703740272985246,0.011352062925292356,0.00010371208190917969,0.8817419899244472,0.8358455253216229,0.0,1.0,546
547,0.8689941340079114,0.011346918095996849,9.393692016601562e-05,0.8817219248845248,0.8358241837357374,0.0,1.0,547
548,0.867465642550985,0.011341784903959123,9.393692016601562e-05,0.881701915900434,0.8358029010038135,0.0,1.0,548
549,0.8671417380426283,0.01133666330188391,9.441375732421875e-05,0.8816825184005137,0.8357802660665906,0.0,1.0,549
550,0.8656215744197534,0.011331553242753072,9.489059448242188e-05,0.8816631749249382,0.8357576933115466,0.0,1.0,550
551,0.8647202476250412,0.011326454679823498,9.298324584960938e-05,0.8816416910053226,0.8357324690217124,0.0,1.0,551
552,0.8654489882775953,0.011321367566624994,9.34600830078125e-05,0.8816195652919714,0.8357068290654425,0.0,1.0,552
553,0.8646832125069699,0.011316291856958212,9.417533874511719e-05,0.8815981883371569,0.8356808867005463,0.0,1.0,553
554,0.8684152922063073,0.01131122750489259,9.417533874511719e-05,0.8815756409176901,0.8356534978311814,0.0,1.0,554
555,0.8680166905906793,0.011306174464764292,0.00010609626770019531,0.881553070284876,0.8356268640773432,0.0,1.0,555
556,0.8670953122248853,0.011301132691174217,9.393692016601562e-05,0.8815308681700926,0.8356010594641963,0.0,1.0,556
557,0.866805368673781,0.011296102138985966,9.5367431640625e-05,0.8815089184601651,0.8355750741313909,0.0,1.0,557
558,0.8654883755943268,0.011291082763323879,9.441375732421875e-05,0.8814842630310605,0.8355507704023535,0.0,1.0,558
559,0.8652598578795948,0.011286074519571053,9.465217590332031e-05,0.8814599189509393,0.8355269812729841,0.0,1.0,559
560,0.8642527817664591,0.011281077363367408,9.489059448242188e-05,0.8814361508479456,0.8355047559671425,0.0,1.0,560
561,0.865221673448931,0.011276091250607747,9.608268737792969e-05,0.8814114798127819,0.8354769208676891,0.0,1.0,561
562,0.8655538191250153,0.011271116137439847,9.441375732421875e-05,0.8813846747221126,0.8354511308530383,0.0,1.0,562
563,0.8642208263428468,0.01126615198026257,9.655952453613281e-05,0.8813612145566551,0.8354234623309243,0.0,1.0,563
564,0.8641744326095887,0.01126119873572398,0.00010704994201660156,0.8813365179033483,0.8353953048432533,0.0,1.0,564
565,0.8634529260286709,0.011256256360719486,9.72747802734375e-05,0.8813119978078467,0.8353678952224333,0.0,1.0,565
566,0.8630676512669614,0.01125132481239,9.72747802734375e-05,0.8812877726027314,0.8353415088149638,0.0,1.0,566
567,0.8631405737475938,0.011246404048120114,9.703636169433594e-05,0.881262112040349,0.8353156102313914,0.0,1.0,567
568,0.8685117682000565,0.011241494025536281,9.560585021972656e-05,0.8812364260335851,0.8352936150389948,0.0,1.0,568
569,0.867312854149718,0.011236594702505045,9.608268737792969e-05,0.8812117324562004,0.8352708030698318,0.0,1.0,569
570,0.867656913753996,0.011231706037131235,9.799003601074219e-05,0.8811860601143974,0.8352485192402477,0.0,1.0,570
571,0.8674869513381771,0.011226827987756234,9.679794311523438e-05,0.881157246464169,0.835227884244471,0.0,1.0,571
572,0.8665706663596279,0.011221960512956214,9.608268737792969e-05,0.8811287939243367,0.8352083324631225,0.0,1.0,572
573,0.8668179272408538,0.01121710357154043,9.72747802734375e-05,0.8810984163955685,0.8351897237322661,0.0,1.0,573
574,0.8712006795362031,0.011212257122549482,9.775161743164062e-05,0.8810705794831211,0.8351688926296319,0.0,1.0,574
575,0.8700261965377757,0.011207421125253646,9.72747802734375e-05,0.881043593017522,0.8351490568595419,0.0,1.0,575
576,0.8733571704085238,0.011202595539151167,9.72747802734375e-05,0.8810167528320738,0.8351324311015597,0.0,1.0,576
577,0.8735580628369604,0.011197780323966613,9.72747802734375e-05,0.8809872133458546,0.8351170387347949,0.0,1.0,577
578,0.8727711525239478,0.011192975439649215,9.751319885253906e-05,0.8809578639427884,0.8351031653687646,0.0,1.0,578
579,0.8771573543982554,0.011188180846371236,9.822845458984375e-05,0.8809258435514034,0.8350874616070031,0.0,1.0,579
580,0.8767405726749953,0.011183396504526336,9.846687316894531e-05,0.8808969211059017,0.8350697752627133,0.0,1.0,580
581,0.8764578140414329,0.011178622374727987,0.00011563301086425781,0.8808680640563429,0.8350527064058304,0.0,1.0,581
582,0.8794713344121601,0.011173858417807863,9.894371032714844e-05,0.8808399384239399,0.835040106842965,0.0,1.0,582
583,0.8805844391725993,0.011169104594814272,0.00010204315185546875,0.8808119375920542,0.8350260963363465,0.0,1.0,583
584,0.8794319813120429,0.011164360867010583,9.822845458984375e-05,0.8807844108128629,0.8350138416706671,0.0,1.0,584
585,0.8779741988170936,0.011159627195873684,9.870529174804688e-05,0.880756955742852,0.8350016187451295,0.0,1.0,585
586,0.8798842511676861,0.011154903543092438,9.870529174804688e-05,0.8807296382437153,0.8349906291605568,0.0,1.0,586
587,0.8795263513891362,0.011150189870566169,9.799003601074219e-05,0.8807024371453882,0.8349791419315139,0.0,1.0,587
588,0.8785243178569493,0.01114548614040315,9.846687316894531e-05,0.8806749385678873,0.8349667222441538,0.0,1.0,588
589,0.8771761052907208,0.0111407923149191,0.00010704994201660156,0.8806453192627102,0.8349562083871399,0.0,1.0,589
590,0.881348904694301,0.011136108356635708,0.00010442733764648438,0.8806150060305012,0.8349475467862263,1.0,1.0,590
591,0.880429075913161,0.01113143422827916,0.00010132789611816406,0.8805851412947573,0.8349391328819382,0.0,1.0,591
592,0.8797089721675476,0.01112676989277869,9.894371032714844e-05,0.8805556209077983,0.8349320795114721,0.0,1.0,592
593,0.8877067498075574,0.011122115313265122,0.0001010894775390625,0.8805243054947405,0.834925501578708,1.0,1.0,593
594,0.8889463332827572,0.011117470453069454,9.989738464355469e-05,0.8804922024255137,0.8349175493633055,1.0,1.0,594
595,0.8926267364471395,0.01111283527572143,0.00010204315185546875,0.8804589676808674,0.8349103870524823,1.0,1.0,595
596,0.9012554699829395,0.011108209744948132,0.00010061264038085938,0.8804256356977237,0.8349025408116474,1.0,1.0,596
597,0.9027968225625783,0.011103593824672594,0.00010132789611816406,0.8803920565091926,0.8348935485605221,1.0,1.0,597
598,0.9052058359332124,0.011098987479012418,0.00011301040649414062,0.8803593616388153,0.834886506246896,1.0,1.0,598
599,0.9040558804970799,0.011094390672278395,0.00010085105895996094,0.8803273437657573,0.8348800635534238,1.0,1.0,599
600,0.8716895168907687,0.011089803368973158,0.5910413265228271,0.8420912392897298,0.7764144638962227,1.0,1.0,600
601,0.8710246653946381,0.011085225533789834,0.00020265579223632812,0.8420871218649886,0.7764150914395472,1.0,1.0,601
602,0.8696706189039409,0.0110806571316107,0.00012826919555664062,0.8420859062966229,0.7764108635784038,1.0,1.0,602
603,0.8720047503854804,0.011076098127505877,0.00011301040649414062,0.8420779754272272,0.7764071506143199,1.0,1.0,603
604,0.8775182760351985,0.011071548486731997,0.00010991096496582031,0.8420685568389752,0.7764131855471084,1.0,1.0,604
605,0.8764746619248105,0.01106700817473092,0.00012040138244628906,0.8420629036068535,0.7764089641878428,1.0,1.0,605
606,0.8750766385213193,0.011062477157128445,0.00010824203491210938,0.8420565530400537,0.7764097304155491,1.0,1.0,606
607,0.8751792998106932,0.011057955399733015,0.0001049041748046875,0.8420495291174085,0.7764051887496259,1.0,1.0,607
608,0.87393056495791,0.011053442868534467,0.00010609626770019531,0.8420423173445082,0.7764128926895869,1.0,1.0,608
609,0.872680511618058,0.011048939529702763,0.0001068115234375,0.842038448783906,0.7764057876106354,1.0,1.0,609
610,0.8714000808128779,0.011044445349586762,0.00010585784912109375,0.8420336754145379,0.7764091682285215,1.0,1.0,610
611,0.8700215163817722,0.011039960294712964,0.00010609626770019531,0.8420305909056489,0.7764019157304916,1.0,1.0,611
612,0.8687606716042029,0.0110354843317843,0.00010585784912109375,0.8420264298830858,0.7764048507834679,1.0,1.0,612
613,0.8673907769572078,0.01103101742767891,0.00010704994201660156,0.8420239480184297,0.7763972054714489,1.0,1.0,613
614,0.8664656899500173,0.011026559549448948,0.00010514259338378906,0.8420205075889453,0.776400170429201,1.0,1.0,614
615,0.8651943414619424,0.011022110664319377,0.00011229515075683594,0.8420196111428325,0.7763926902310502,1.0,1.0,615
616,0.8684131170314532,0.011017670739686798,0.00010466575622558594,0.8420167533878218,0.7763983025431219,1.0,1.0,616
617,0.8685003259281584,0.011013239743118262,0.00010514259338378906,0.8420156898645272,0.7763940672751779,1.0,1.0,617
618,0.8676232993360815,0.011008817642350125,0.00010466575622558594,0.8420136052043649,0.7764008101229132,1.0,1.0,618
619,0.8664907717258088,0.011004404405286872,0.0001068115234375,0.842014122372265,0.7763977715149301,1.0,1.0,619
620,0.8655753934804825,0.011000000000000001,0.00011873245239257812,0.8420129203896978,0.7763995393408859,1.0,1.0,620
621,0.8647229007390359,0.010995604394726854,0.00010561943054199219,0.8420143144532236,0.7763961398369758,1.0,1.0,621
622,0.8643619673033831,0.010991217557869528,0.00010633468627929688,0.8420144344405497,0.7764006935646026,1.0,1.0,622
623,0.8634686378129789,0.010986839457993725,0.00010752677917480469,0.8420174360758231,0.7763985321354313,1.0,1.0,623
624,0.862680763582345,0.010982470063827677,0.00010824203491210938,0.8420208453195869,0.7763960894492874,1.0,1.0,624
625,0.8646985073094847,0.010978109344261031,0.00010800361633300781,0.8420226150620362,0.77640495682243,1.0,1.0,625
626,0.8642260152125634,0.01097375726834376,0.00010895729064941406,0.8420265845115247,0.7763999232835502,1.0,1.0,626
627,0.8628911045521059,0.010969413805285091,0.00010704994201660156,0.8420272914230439,0.7764036167284465,1.0,1.0,627
628,0.8622638838263573,0.010965078924452441,0.00012111663818359375,0.8420284361148788,0.7764068433127937,1.0,1.0,628
629,0.8682296169027848,0.010960752595370337,0.00010848045349121094,0.8420299927279951,0.7764094603872236,1.0,1.0,629
630,0.8703034677726162,0.01095643478771938,0.00010776519775390625,0.8420299682694573,0.7764127080143759,1.0,1.0,630
631,0.8689671288941605,0.010952125471335202,0.00010585784912109375,0.8420322271077358,0.7764111845740728,1.0,1.0,631
632,0.8679300327139783,0.010947824616207413,0.00010633468627929688,0.8420323079148045,0.77641758906655,1.0,1.0,632
633,0.8684705169678664,0.0109435321924786,0.00010561943054199219,0.8420335141990302,0.776421060058206,1.0,1.0,633
634,0.8678091334967645,0.01093924817044329,0.00010895729064941406,0.8420340537276577,0.7764291047227754,1.0,1.0,634
635,0.8666674733777568,0.010934972520546947,0.00010776519775390625,0.8420350897264377,0.7764242922135424,1.0,1.0,635
636,0.8675590465019064,0.01093070521338497,0.00011849403381347656,0.8420347889125247,0.7764222700870859,1.0,1.0,636
637,0.86690796664458,0.0109264462197017,0.00011229515075683594,0.8420340310062707,0.7764194681906534,1.0,1.0,637
638,0.8701093022179809,0.01092219551038944,0.00010824203491210938,0.8420272290129315,0.7764216137862988,1.0,1.0,638
639,0.8691960139461508,0.010917953056487465,0.00010776519775390625,0.8420178638073708,0.7764274617021664,1.0,1.0,639
640,0.86863547544324,0.010913718829181069,0.00011038780212402344,0.8420092423491993,0.7764339021613571,1.0,1.0,640
641,0.8673220644922818,0.010909492799800587,0.00010919570922851562,0.8420023795402714,0.7764366435512042,1.0,1.0,641
642,0.8665737398793902,0.010905274939820462,0.00010752677917480469,0.8419963887332803,0.7764404629319013,1.0,1.0,642
643,0.865448731570174,0.010901065220858276,0.00010776519775390625,0.84199029659981,0.7764446582583208,1.0,1.0,643
644,0.864144180633829,0.010896863614673834,0.00011205673217773438,0.8419842186529825,0.7764488424746484,1.0,1.0,644
645,0.8647095630784334,0.010892670093168218,0.00010919570922851562,0.8419774035383577,0.7764524451436159,1.0,1.0,645
646,0.8640962721468247,0.010888484628382872,0.00010991096496582031,0.8419706746394617,0.7764580818226922,1.0,1.0,646
647,0.863532425242539,0.010884307192498681,0.00010824203491210938,0.8419637216608773,0.7764615484338927,1.0,1.0,647
648,0.8625212537893303,0.010880137757835072,0.00011110305786132812,0.8419574184484847,0.7764647089801784,1.0,1.0,648
649,0.8628400334248257,0.0108759762968491,0.00011086463928222656,0.8419504444657312,0.7764666699392513,1.0,1.0,649
650,0.8615508495288443,0.010871822782134569,0.0001087188720703125,0.8419426820701557,0.7764685276400966,1.0,1.0,650
651,0.8610215327520837,0.010867677186421131,0.00011730194091796875,0.8419345085152308,0.7764692123486563,1.0,1.0,651
652,0.8597385974746989,0.010863539482573424,0.00011110305786132812,0.8419263538039309,0.7764698942332771,1.0,1.0,652
653,0.8608850245976145,0.01085940964359018,0.00011205673217773438,0.8419174903087707,0.7764713411697654,1.0,1.0,653
654,0.8605349887594597,0.010855287642603373,0.00010967254638671875,0.8419081026964537,0.7764733976865981,1.0,1.0,654
655,0.8596999882153701,0.01085117345287736,0.000110626220703125,0.8418981033343954,0.7764747349883439,1.0,1.0,655
656,0.860167461527101,0.01084706704780802,0.00011205673217773438,0.8418888848043927,0.7764770746455922,1.0,1.0,656
657,0.8607235185931732,0.010842968400921926,0.00011014938354492188,0.841878991356518,0.7764798584370155,1.0,1.0,657
658,0.8598653248094347,0.010838877485875482,0.00012350082397460938,0.8418694591600695,0.7764823106268508,1.0,1.0,658
659,0.8586073029669564,0.010834794276454117,0.00011301040649414062,0.8418596643653373,0.7764856574859448,1.0,1.0,659
660,0.8577271652685723,0.010830718746571441,0.00011420249938964844,0.8418506065943823,0.7764891077441745,1.0,1.0,660
661,0.8587667158584817,0.010826650870268443,0.00011229515075683594,0.841841699537468,0.7764933646463629,1.0,1.0,661
662,0.8575068307919415,0.010822590621712664,0.000110626220703125,0.8418328127175695,0.7764976106045502,1.0,1.0,662
663,0.8562507290227288,0.010818537975197396,0.000110626220703125,0.8418239460579982,0.7765018456637285,1.0,1.0,663
664,0.8581100359460256,0.01081449290514089,0.00011205673217773438,0.8418157456257036,0.7765059368037501,1.0,1.0,664
665,0.8612669114914304,0.010810455386085556,0.00011229515075683594,0.8418086756370102,0.7765114452095427,1.0,1.0,665
666,0.8617132107207138,0.010806425392697168,0.0001227855682373047,0.8418019271597089,0.7765163815544143,1.0,1.0,666
667,0.8661287378124807,0.010802402899764108,0.00011229515075683594,0.8417957572621653,0.7765199807207253,1.0,1.0,667
668,0.8648706558252462,0.010798387882196562,0.00011229515075683594,0.8417896012289592,0.7765235706355165,1.0,1.0,668
669,0.8647523262354947,0.010794380315025777,0.00011134147644042969,0.8417839598153507,0.7765275277117868,1.0,1.0,669
670,0.8655113953027781,0.010790380173403277,0.00011682510375976562,0.8417766714493191,0.7765306568509591,1.0,1.0,670
671,0.8647198015903436,0.010786387432600122,0.000110626220703125,0.8417699126843086,0.7765334728834064,1.0,1.0,671
672,0.8674299526891817,0.01078240206800615,0.00011229515075683594,0.8417625027232515,0.7765329806106088,1.0,1.0,672
673,0.8673911176672674,0.010778424055129233,0.00012350082397460938,0.8417543694178836,0.776533600856927,1.0,1.0,673
674,0.8683523127146362,0.010774453369594539,0.00011301040649414062,0.8417446452713097,0.7765324170110876,1.0,1.0,674
675,0.8672595406692614,0.010770489987143797,0.00011157989501953125,0.841735082031539,0.7765313449887811,1.0,1.0,675
676,0.8660122161213428,0.01076653388363457,0.00011348724365234375,0.8417255400926327,0.7765302743006367,1.0,1.0,676
677,0.8648624178259007,0.010762585035039532,0.00011539459228515625,0.8417161539203822,0.7765268547861791,1.0,1.0,677
678,0.8636224376335916,0.010758643417445755,0.0001125335693359375,0.84170717075683,0.7765234418349735,1.0,1.0,678
679,0.8639671750954163,0.010754709007053992,0.00011157989501953125,0.8416975743947529,0.7765200069752853,1.0,1.0,679
680,0.8627321028653759,0.010750781780177972,0.00011444091796875,0.8416879993492309,0.7765165786985488,1.0,1.0,680
681,0.8620562396942955,0.010746861713243702,0.00012493133544921875,0.841678751664947,0.7765129708035576,1.0,1.0,681
682,0.867655317476113,0.010742948782788784,0.00011324882507324219,0.8416704714425985,0.7765131926228511,1.0,1.0,682
683,0.8679223843545486,0.010739042965461694,0.00011587142944335938,0.8416620910529623,0.7765127556289994,1.0,1.0,683
684,0.8666889378304392,0.010735144238021127,0.00011515617370605469,0.8416537291664659,0.7765123185890029,1.0,1.0,684
685,0.867578638094137,0.01073125257733531,0.00011420249938964844,0.8416456611454498,0.7765128442831866,1.0,1.0,685
686,0.8664106553518853,0.010727367960381321,0.00011420249938964844,0.841638219173984,0.7765134840505027,1.0,1.0,686
687,0.8660694814828548,0.010723490364244423,0.00011587142944335938,0.8416302057132836,0.7765137837185585,1.0,1.0,687
688,0.8648509757448758,0.010719619766117402,0.00012612342834472656,0.8416233550653837,0.7765161681257604,1.0,1.0,688
689,0.8656789118184461,0.010715756143299917,0.00011658668518066406,0.8416157682515104,0.7765179583539416,1.0,1.0,689
690,0.8646744229193638,0.010711899473197825,0.00011539459228515625,0.8416092631723602,0.7765210214327368,1.0,1.0,690
691,0.8634847845964178,0.01070804973332255,0.0001163482666015625,0.8416035687472215,0.7765243949727375,1.0,1.0,691
692,0.8622713978940533,0.010704206901290432,0.00011467933654785156,0.8415978867351643,0.7765277601015932,1.0,1.0,692
693,0.8611543531861994,0.010700370954822094,0.00011491775512695312,0.8415923497353586,0.7765320015150091,1.0,1.0,693
694,0.861037933251135,0.01069654187174179,0.00011658668518066406,0.8415861236083299,0.7765362016950306,1.0,1.0,694
695,0.8603404979790842,0.010692719629976801,0.00012731552124023438,0.8415802317355761,0.7765402239817039,1.0,1.0,695
696,0.8593701177340586,0.010688904207556794,0.00011682510375976562,0.841575039799499,0.7765445246425707,1.0,1.0,696
697,0.8581703482100562,0.010685095582613196,0.0001163482666015625,0.8415698590952495,0.7765488149145598,1.0,1.0,697
698,0.8574376023601705,0.010681293733378604,0.00011539459228515625,0.8415652823743262,0.7765534002192299,1.0,1.0,698
699,0.8562438039026002,0.01067749863818614,0.00011563301086425781,0.8415607155203559,0.7765579745442566,1.0,1.0,699
700,0.8562882669640283,0.010673710275468873,0.00011587142944335938,0.8415561849233688,0.77656273388204,1.0,1.0,700
701,0.8586395551283822,0.010669928623759203,0.00011563301086425781,0.8415514121206522,0.7765658546878288,1.0,1.0,701
702,0.8607959939092085,0.010666153661688264,0.00011610984802246094,0.8415442974080087,0.7765691033530269,1.0,1.0,702
703,0.8609113882389327,0.010662385367985338,0.00012564659118652344,0.8415355381242431,0.7765729038558675,1.0,1.0,703
704,0.8601988842029393,0.010658623721477264,0.00011515617370605469,0.8415279145551036,0.7765763727377888,1.0,1.0,704
705,0.8607164377175467,0.010654868701087837,0.00011706352233886719,0.8415210077732616,0.7765797634712118,1.0,1.0,705
706,0.8599142132054917,0.010651120285837265,0.00011682510375976562,0.8415147052982083,0.7765833424823748,1.0,1.0,706
707,0.8658149598605356,0.01064737845484155,0.00011777877807617188,0.8415073952583143,0.7765853139465406,1.0,1.0,707
708,0.8671101528402121,0.010643643187311954,0.00011682510375976562,0.8414992084247233,0.7765874299654186,1.0,1.0,708
709,0.8664185877632276,0.010639914462554405,0.00011563301086425781,0.8414920148150875,0.7765879966033384,1.0,1.0,709
710,0.8680388544942015,0.010636192259968947,0.0001277923583984375,0.8414849958842109,0.7765891173487958,1.0,1.0,710
711,0.8672178158534642,0.010632476559049182,0.00011730194091796875,0.8414776053068109,0.7765909148133242,1.0,1.0,711
712,0.8677087534261172,0.010628767339381706,0.00011539459228515625,0.8414706556965095,0.7765911369187678,1.0,1.0,712
713,0.8666522801149659,0.010625064580645568,0.00011730194091796875,0.8414639936630374,0.7765917182453081,1.0,1.0,713
714,0.8670753546402374,0.01062136826261172,0.00011658668518066406,0.8414578248058052,0.7765921144229466,1.0,1.0,714
715,0.8689740492773811,0.010617678365142467,0.00011801719665527344,0.8414510058462956,0.7765937129715116,1.0,1.0,715
716,0.8684615621642867,0.010613994868190943,0.00011730194091796875,0.841444421710998,0.7765953873764769,1.0,1.0,716
717,0.8678531792965576,0.010610317751800555,0.00013017654418945312,0.8414381696958381,0.7765972003693318,1.0,1.0,717
718,0.8668699122487784,0.010606646996104484,0.00011849403381347656,0.8414317969450409,0.776599991876532,1.0,1.0,718
719,0.8672409190239122,0.010602982581325122,0.00011801719665527344,0.8414244912174607,0.7766030601879922,1.0,1.0,719
720,0.8667018941046446,0.010599324487773567,0.00011658668518066406,0.8414180115076888,0.776606458892115,1.0,1.0,720
721,0.8659071019453256,0.01059567269584911,0.00011754035949707031,0.8414118544193309,0.7766105237198414,1.0,1.0,721
722,0.8674749401357769,0.010592027186038704,0.00011658668518066406,0.8414064664746468,0.776615111066061,1.0,1.0,722
723,0.8689065965592618,0.010588387938916461,0.00011730194091796875,0.8414005914801274,0.7766206116881395,1.0,1.0,723
724,0.8690224207610937,0.01058475493514314,0.00012874603271484375,0.8413936935953589,0.7766258699194488,1.0,1.0,724
725,0.868178348235443,0.010581128155465644,0.00011777877807617188,0.8413862516906195,0.7766339713502487,1.0,1.0,725
726,0.8670131714306719,0.010577507580716522,0.00011682510375976562,0.8413796740632736,0.7766389138950206,1.0,1.0,726
727,0.8684460362137812,0.010573893191813465,0.00011682510375976562,0.8413714018777617,0.7766443117770416,1.0,1.0,727
728,0.8689522650409832,0.010570284969758812,0.00011658668518066406,0.8413616944410225,0.7766507898281492,1.0,1.0,728
729,0.8678384438033098,0.01056668289563907,0.00011777877807617188,0.8413535046181295,0.7766541985370006,1.0,1.0,729
730,0.8684614279375499,0.010563086950624414,0.00011706352233886719,0.8413449243837519,0.7766578035837338,1.0,1.0,730
731,0.8682797774158987,0.010559497115968212,0.00011706352233886719,0.8413363754247615,0.7766637586794707,1.0,1.0,731
732,0.8677374626883017,0.010555913373006539,0.00013327598571777344,0.841328617721627,0.7766660021780717,1.0,1.0,732
733,0.8671501402998432,0.01055233570315771,0.00011897087097167969,0.8413201614979167,0.7766710480499295,1.0,1.0,733
734,0.8664520002493912,0.010548764087921797,0.00011777877807617188,0.8413127829166511,0.7766734777623838,1.0,1.0,734
735,0.866020386779655,0.010545198508880164,0.00011849403381347656,0.8413052502665073,0.7766760882283492,1.0,1.0,735
736,0.8656443926937885,0.010541638947694996,0.00011897087097167969,0.8412970403189667,0.7766816735625275,1.0,1.0,736
737,0.8645003091418738,0.010538085386108844,0.00011777877807617188,0.8412897260540865,0.7766841751153533,1.0,1.0,737
738,0.8648568438009152,0.010534537805944159,0.00011968612670898438,0.841282830964895,0.7766864536503374,1.0,1.0,738
739,0.8655204073919327,0.010530996189102835,0.000125885009765625,0.8412755663256298,0.7766894432658189,1.0,1.0,739
740,0.865376622115394,0.010527460517565758,0.00011944770812988281,0.8412677729579751,0.7766903221462479,1.0,1.0,740
741,0.8642388091008467,0.010523930773392356,0.00011849403381347656,0.8412599955385736,0.7766911982864155,1.0,1.0,741
742,0.8633405386952336,0.010520406938720151,0.0001227855682373047,0.8412528054723947,0.7766922171941468,1.0,1.0,742
743,0.8661830039756064,0.010516888995764315,0.00011873245239257812,0.8412455815602924,0.7766953793712637,1.0,1.0,743
744,0.8650483963448288,0.010513376926817225,0.00012087821960449219,0.8412383723723965,0.7766985341854661,1.0,1.0,744
745,0.8643724075924698,0.010509870714248035,0.00012183189392089844,0.8412305766151081,0.7767009595413689,1.0,1.0,745
746,0.863244099800341,0.010506370340502235,0.00012636184692382812,0.8412227967038013,0.7767033790469837,1.0,1.0,746
747,0.8637743881800193,0.010502875788101218,0.00012040138244628906,0.8412144257362365,0.7767052655389395,1.0,1.0,747
748,0.8633910469254698,0.010499387039641853,0.00012087821960449219,0.8412068572661223,0.7767078781156058,1.0,1.0,748
749,0.8631766144474372,0.010495904077796062,0.00012636184692382812,0.841199891134678,0.7767069233658058,1.0,1.0,749
750,0.8621773734859738,0.010492426885310395,0.00012087821960449219,0.8411936681670389,0.7767061004552047,1.0,1.0,750
751,0.8622828452109064,0.01048895544500561,0.00012183189392089844,0.8411873444022193,0.776705943440674,1.0,1.0,751
752,0.8632106285722111,0.010485489739776255,0.00012063980102539062,0.8411815047113416,0.7767067305061272,1.0,1.0,752
753,0.8640780370714305,0.010482029752590258,0.00013327598571777344,0.8411764250431096,0.7767075368540932,1.0,1.0,753
754,0.8641059293422055,0.010478575466488511,0.0001220703125,0.8411720906426717,0.776709369891183,1.0,1.0,754
755,0.8636998227726519,0.01047512686458447,0.00012135505676269531,0.8411682774680322,0.7767113168820039,1.0,1.0,755
756,0.8639142486781175,0.010471683930063735,0.00012350082397460938,0.8411647136262103,0.7767138547758006,1.0,1.0,756
757,0.8628027954387667,0.010468246646183664,0.00012350082397460938,0.8411611569310813,0.7767163866796352,1.0,1.0,757
758,0.8627453707299021,0.010464814996272961,0.00012183189392089844,0.8411571907652791,0.7767169443848618,1.0,1.0,758
759,0.8620941598607464,0.010461388963731288,0.0001246929168701172,0.8411524990677662,0.7767162735395753,1.0,1.0,759
760,0.8620094478948404,0.010457968532028858,0.00013566017150878906,0.8411478147206524,0.7767156328714523,1.0,1.0,760
761,0.8660639298507713,0.01045455368470606,0.00012302398681640625,0.8411415085690982,0.7767153073962102,1.0,1.0,761
762,0.8672642989877681,0.010451144405373054,0.00012230873107910156,0.8411349129037866,0.7767141066692961,1.0,1.0,762
763,0.8668167218279875,0.010447740677709398,0.00012636184692382812,0.8411285629728453,0.7767121206112562,1.0,1.0,763
764,0.8663578814405308,0.010444342485463652,0.00012159347534179688,0.841123060763422,0.7767112305927968,1.0,1.0,764
765,0.865489634529072,0.010440949812453014,0.00012350082397460938,0.841118204478137,0.7767104900082106,1.0,1.0,765
766,0.8650673260795841,0.010437562642562919,0.0001227855682373047,0.8411127245017486,0.7767113253001411,1.0,1.0,766
767,0.8663389352314285,0.010434180959746676,0.0001266002655029297,0.8411065741275553,0.7767126390065705,1.0,1.0,767
768,0.8652375850541806,0.010430804748025099,0.0001239776611328125,0.8411004359011832,0.7767139492453004,1.0,1.0,768
769,0.8641390937135991,0.010427433991486133,0.0001246929168701172,0.8410943097826933,0.7767152560297172,1.0,1.0,769
770,0.8630434500858022,0.010424068674284472,0.00012135505676269531,0.8410881957323296,0.7767165593731394,1.0,1.0,770
771,0.8624677556489317,0.010420708780641214,0.00012421607971191406,0.8410819131430793,0.7767178074879643,1.0,1.0,771
772,0.8618298115490632,0.010417354294843487,0.0001246929168701172,0.8410764040025966,0.7767190867992175,1.0,1.0,772
773,0.8618891113421523,0.010414005201244083,0.0001316070556640625,0.841070415494161,0.7767200945392472,1.0,1.0,773
774,0.8639706414222086,0.010410661484261115,0.00012683868408203125,0.8410616009336901,0.7767232791999494,1.0,1.0,774
775,0.8629179007651644,0.010407323128377643,0.00012612342834472656,0.8410531472892798,0.7767261635162603,1.0,1.0,775
776,0.8618621903177822,0.010403990118141339,0.00012826919555664062,0.841045360021693,0.7767292798987119,1.0,1.0,776
777,0.861809247073715,0.010400662438164116,0.00012612342834472656,0.8410372357381743,0.7767322893161405,1.0,1.0,777
778,0.8608900750450994,0.010397340073121795,0.0001251697540283203,0.8410290833792757,0.7767361132320165,1.0,1.0,778
779,0.8598124557180107,0.010394023007753748,0.0001246929168701172,0.8410209468916808,0.7767399288319811,1.0,1.0,779
780,0.8646490287021164,0.010390711226862566,0.00013899803161621094,0.8410095397029278,0.7767445275630213,1.0,1.0,780
781,0.864877434912733,0.0103874047153137,0.0001270771026611328,0.8409970948144604,0.7767488065828857,1.0,1.0,781
782,0.8645533236930606,0.010384103458035135,0.00012421607971191406,0.840985663563046,0.7767511553730475,1.0,1.0,782
783,0.8644859253975615,0.01038080744001705,0.00012564659118652344,0.8409738842767398,0.7767530212145699,1.0,1.0,783
784,0.8643462628217995,0.010377516646311475,0.00012612342834472656,0.8409618925839155,0.7767555298424754,1.0,1.0,784
785,0.8635055027506757,0.010374231062031973,0.00012540817260742188,0.840950590178937,0.7767575143454646,1.0,1.0,785
786,0.8625182789279199,0.01037095067235329,0.00012612342834472656,0.8409397902218152,0.7767596418755379,1.0,1.0,786
787,0.8615117746110906,0.010367675462511045,0.0001392364501953125,0.8409289156615708,0.7767624966009973,1.0,1.0,787
788,0.8614251677721625,0.010364405417801389,0.00012731552124023438,0.8409186459048709,0.7767656837042028,1.0,1.0,788
789,0.8604294503192028,0.010361140523580694,0.0001266002655029297,0.8409089984828104,0.7767687105287986,1.0,1.0,789
790,0.8597435055829997,0.010357880765265217,0.00012922286987304688,0.8408997114346826,0.7767713723336436,1.0,1.0,790
791,0.8623088424998662,0.010354626128330796,0.00012564659118652344,0.840889034197061,0.7767734407517043,1.0,1.0,791
792,0.8612464669121984,0.010351376598312513,0.0001270771026611328,0.8408783774024008,0.7767755043716237,1.0,1.0,792
793,0.8605722363011011,0.010348132160804397,0.00012755393981933594,0.8408682150832201,0.7767777376007697,1.0,1.0,793
794,0.8595146659775439,0.010344892801459098,0.00014090538024902344,0.8408580721724661,0.7767799657260231,1.0,1.0,794
795,0.8589829881829887,0.010341658505987584,0.00012874603271484375,0.8408484478076026,0.7767818612482519,1.0,1.0,795
796,0.857929366769964,0.010338429260158816,0.00012826919555664062,0.8408388417774466,0.7767837523298803,1.0,1.0,796
797,0.8593716829804157,0.010335205049799465,0.0001246929168701172,0.8408292584111908,0.7767857597011931,1.0,1.0,797
798,0.8583845327901014,0.010331985860793584,0.000133514404296875,0.840819528062757,0.776788232208635,1.0,1.0,798
799,0.8609718726000901,0.010328771679082319,0.0001308917999267578,0.8408086489513751,0.7767918381797009,1.0,1.0,799
800,0.8370371411546971,0.010325562490663596,0.7468814849853516,0.9531011770509417,0.8552051884985774,0.0,0.0,800
801,0.8371067837626888,0.010322358281591832,0.00023436546325683594,0.953092880455788,0.8552052442522315,0.0,0.0,801
802,0.8361731110336985,0.01031915903797763,0.00015425682067871094,0.9530902205540538,0.8552026890696104,0.0,0.0,802
803,0.8439560374406386,0.010315964745987484,0.00013446807861328125,0.9530838470173595,0.8552067827851647,0.0,0.0,803
804,0.8438440986733228,0.010312775391843497,0.00013327598571777344,0.9530765047044337,0.855206135071439,0.0,0.0,804
805,0.8434898578120055,0.010309590961823066,0.00013065338134765625,0.9530699049390082,0.8552055466208788,0.0,0.0,805
806,0.8425260146825977,0.010306411442258617,0.0001289844512939453,0.953064285682126,0.8552056285343127,0.0,0.0,806
807,0.8419053062054271,0.010303236819537294,0.00014090538024902344,0.9530588853171245,0.8552055524052915,0.0,0.0,807
808,0.8409943187623167,0.010300067080100693,0.0001285076141357422,0.9530543435700582,0.8552055544653979,0.0,0.0,808
809,0.8475736433295148,0.010296902210444568,0.00012731552124023438,0.9530475543499007,0.8552060360258892,0.0,0.0,809
810,0.8474303369574222,0.010293742197118544,0.0001327991485595703,0.9530414204040534,0.855207415599737,0.0,0.0,810
811,0.8464246794115249,0.010290587026725844,0.00012993812561035156,0.9530352988427094,0.8552087928092661,0.0,0.0,811
812,0.8517617851245587,0.010287436685923008,0.0001285076141357422,0.9530278815548142,0.8552096527293735,0.0,0.0,812
813,0.8513503967686838,0.010284291161419618,0.00013017654418945312,0.9530197539628332,0.8552103732315305,0.0,0.0,813
814,0.8503433235353434,0.010281150439978013,0.00013875961303710938,0.9530123063350411,0.8552084433770277,0.0,0.0,814
815,0.8504447598776003,0.010278014508413029,0.00012564659118652344,0.953000600011506,0.8552058324784688,0.0,0.0,815
816,0.8496138233495155,0.010274883353591713,0.0001277923583984375,0.9529900010310837,0.8552007748574068,0.0,0.0,816
817,0.8495681851922189,0.010271756962433074,0.0001308917999267578,0.9529786414689392,0.8551948478295853,0.0,0.0,817
818,0.854806045585601,0.010268635321907782,0.00012683868408203125,0.9529650870528943,0.8551911978208977,0.0,0.0,818
819,0.8540837447315175,0.01026551841903794,0.00012803077697753906,0.9529524875114217,0.8551824022162061,0.0,0.0,819
820,0.8549387625444683,0.01026240624089678,0.00013971328735351562,0.9529397042380046,0.8551753228902848,0.0,0.0,820
821,0.8549667163666075,0.010259298774608436,0.00012826919555664062,0.9529256949178045,0.8551669622754798,0.0,0.0,821
822,0.8546113002437936,0.01025619600734766,0.00013017654418945312,0.9529123779181234,0.8551543415696955,0.0,0.0,822
823,0.8549977449208357,0.010253097926339556,0.00012969970703125,0.952898167108704,0.8551411357659365,0.0,0.0,823
824,0.8545185162755091,0.010250004518859355,0.00012803077697753906,0.9528839431921715,0.8551290091167962,0.0,0.0,824
825,0.8595353108396417,0.010246915772232116,0.00013065338134765625,0.9528686179272845,0.8551170384247669,0.0,1.0,825
826,0.8585906707256958,0.010243831673832502,0.00013065338134765625,0.9528528998101621,0.8551077717446444,0.0,1.0,826
827,0.8580648617601289,0.010240752211084517,0.0001404285430908203,0.9528375644208644,0.8550988533848576,0.0,1.0,827
828,0.8631766536280133,0.010237677371461244,0.00012993812561035156,0.9528214838784248,0.855089128738533,0.0,1.0,828
829,0.8621940619972439,0.010234607142484614,0.0001289844512939453,0.9528061462085702,0.8550783427866355,0.0,1.0,829
830,0.8611911959783454,0.010231541511725145,0.0001270771026611328,0.9527908372928927,0.8550675766091296,0.0,1.0,830
831,0.8601907251647128,0.010228480466801694,0.00013017654418945312,0.952775557042647,0.8550568301458589,0.0,1.0,831
832,0.8594200141540804,0.010225423995381214,0.00012803077697753906,0.9527606409635735,0.855046453989793,0.0,1.0,832
833,0.858424071292374,0.010222372085178509,0.00012826919555664062,0.9527457527714546,0.8550360967949985,0.0,1.0,833
834,0.8574351499801248,0.010219324723956005,0.00013184547424316406,0.9527309997792851,0.8550259649306389,0.0,1.0,834
835,0.8573225590106046,0.010216281899523479,0.00012922286987304688,0.9527161906922476,0.8550155302079954,0.0,1.0,835
836,0.8582157252514971,0.010213243599737852,0.00012803077697753906,0.9527024061055285,0.855006392408566,0.0,1.0,836
837,0.8572261027407421,0.010210209812502929,0.00012922286987304688,0.9526886472341815,0.854997271249238,0.0,1.0,837
838,0.8588541359626191,0.010207180525769174,0.00012922286987304688,0.9526744700078162,0.8549894664522335,0.0,1.0,838
839,0.8597244129779911,0.010204155727533465,0.00013065338134765625,0.9526619074276477,0.8549811052148487,0.0,1.0,839
840,0.8587367161228898,0.010201135405838873,0.00013875961303710938,0.952649368266791,0.8549727591621512,0.0,1.0,840
841,0.857946033490985,0.010198119548774422,0.00013065338134765625,0.9526325709714354,0.8549628116723824,0.0,1.0,841
842,0.8574227440249996,0.010195108144474854,0.00012803077697753906,0.9526168901564322,0.8549530015759746,0.0,1.0,842
843,0.8564404674164182,0.010192101181120412,0.00012922286987304688,0.9526012382586214,0.8549432092025954,0.0,1.0,843
844,0.8559715369853957,0.0101890986469366,0.00013566017150878906,0.9525861867223512,0.8549340182731904,0.0,1.0,844
845,0.8566648491379997,0.010186100530193969,0.00012803077697753906,0.9525708545898942,0.8549240335045569,0.0,1.0,845
846,0.8576918653986882,0.010183106819207876,0.00013017654418945312,0.9525564392828199,0.8549163240424845,0.0,1.0,846
847,0.8573472344032724,0.01018011750233828,0.00014090538024902344,0.9525426915995926,0.8549095831576682,0.0,1.0,847
848,0.856370939611357,0.010177132567989498,0.00012969970703125,0.9525289692277374,0.8549028544346061,0.0,1.0,848
849,0.8572319803411924,0.01017415200461,0.000133514404296875,0.9525144249850425,0.8548956823320423,0.0,1.0,849
850,0.8563244518088196,0.010171175800692189,0.00013065338134765625,0.9525007659125415,0.8548890993896737,0.0,1.0,850
851,0.8559136879866688,0.01016820394477217,0.0001308917999267578,0.9524870010641439,0.8548824611633035,0.0,1.0,851
852,0.8553908756005697,0.010165236425429549,0.00013303756713867188,0.952472991303443,0.8548750391413545,0.0,1.0,852
853,0.8545411437373558,0.010162273231287204,0.0001423358917236328,0.9524594271842187,0.8548678733626098,0.0,0.0,853
854,0.8537749611526547,0.010159314351011082,0.00013113021850585938,0.952446608388803,0.8548613042259984,0.0,0.0,854
855,0.8536256064383886,0.010156359773309977,0.00013256072998046875,0.9524339188553007,0.8548535607895945,0.0,0.0,855
856,0.8541931821206481,0.010153409486935328,0.00013184547424316406,0.9524233313921635,0.8548457848344734,0.0,0.0,856
857,0.8532310396189046,0.010150463480680992,0.0001304149627685547,0.9524127634225731,0.8548380227369669,0.0,0.0,857
858,0.8580107686605439,0.010147521743383056,0.000133514404296875,0.9524013174951267,0.8548301168946031,0.0,1.0,858
859,0.8570778743257876,0.010144584263919615,0.0001323223114013672,0.9523906168428851,0.8548224571675466,0.0,1.0,859
860,0.8590474328981471,0.01014165103121057,0.00013399124145507812,0.9523818324486285,0.8548163658021986,0.0,1.0,860
861,0.8641627125281762,0.010138722034217427,0.0001354217529296875,0.9523714897797795,0.8548107153430482,0.0,1.0,861
862,0.8643077205560094,0.01013579726194308,0.0001316070556640625,0.9523610137064114,0.8548054969573294,0.0,1.0,862
863,0.8641018676510289,0.010132876703431621,0.00013113021850585938,0.9523510349673835,0.8548007574462271,0.0,1.0,863
864,0.8633949045269279,0.010129960347768134,0.0001354217529296875,0.9523415839675866,0.8547963345350175,0.0,1.0,864
865,0.8637500284676003,0.010127048184078495,0.00013184547424316406,0.9523285299361214,0.8547925290386297,0.0,1.0,865
866,0.8631560347658077,0.010124140201529174,0.0001418590545654297,0.9523146496658795,0.8547870713003851,0.0,1.0,866
867,0.8633383969921906,0.010121236389327033,0.0001323223114013672,0.9523002306608653,0.8547822528838236,0.0,1.0,867
868,0.8624724275012485,0.010118336736719129,0.00013494491577148438,0.9522863594607659,0.8547778547863472,0.0,1.0,868
869,0.8615138639391193,0.01011544123299253,0.00013494491577148438,0.9522725131574268,0.8547734644881203,0.0,1.0,869
870,0.8607789166239663,0.010112549867474103,0.00013399124145507812,0.9522594939952055,0.8547696998424026,0.0,1.0,870
871,0.8598246518895495,0.010109662629530336,0.0001327991485595703,0.9522464981984364,0.8547659418813863,0.0,1.0,871
872,0.8592855182003697,0.010106779508567138,0.00014519691467285156,0.952233488254558,0.8547630532011139,0.0,1.0,872
873,0.8589785633022525,0.01010390049402965,0.00013375282287597656,0.9522225032941113,0.8547587943215348,0.0,1.0,873
874,0.8589576344431615,0.01010102557540205,0.00013375282287597656,0.9522117481835428,0.8547566620184932,0.0,1.0,874
875,0.8595395125782163,0.010098154742207379,0.00013446807861328125,0.9522002333768727,0.8547556442482193,0.0,1.0,875
876,0.8643338046172397,0.010095287984007334,0.0001361370086669922,0.9521875002960468,0.8547541146259957,0.0,1.0,876
877,0.8633820724547073,0.0100924252904021,0.00013399124145507812,0.9521747899178363,0.8547525877966577,0.0,1.0,877
878,0.862517810803774,0.010089566651030151,0.00013303756713867188,0.9521625585551443,0.8547514823797586,0.0,1.0,878
879,0.8618637877702819,0.01008671205556807,0.0001456737518310547,0.9521512843809947,0.8547487632230719,0.0,1.0,879
880,0.8619296466689309,0.010083861493730376,0.0001354217529296875,0.9521400161600695,0.8547460995711872,0.0,1.0,880
881,0.8614449668668862,0.010081014955269316,0.00013518333435058594,0.952129032393492,0.8547425971605758,0.0,1.0,881
882,0.8613460940717678,0.010078172429974719,0.0001354217529296875,0.9521177749292522,0.854739336092034,0.0,1.0,882
883,0.8623211606212771,0.010075333907673789,0.0001366138458251953,0.9521050563488868,0.854735468206634,0.0,1.0,883
884,0.8616420047066634,0.010072499378230935,0.00013446807861328125,0.9520922574390462,0.8547318054447175,0.0,1.0,884
885,0.8613836365871961,0.010069668831547595,0.00014710426330566406,0.9520797862439203,0.8547279356959097,0.0,1.0,885
886,0.8606727876731597,0.010066842257562061,0.0001354217529296875,0.9520673509907147,0.8547246325586181,0.0,1.0,886
887,0.8597356195529451,0.010064019646249294,0.00013589859008789062,0.952054937688404,0.8547213352008317,0.0,1.0,887
888,0.8589625605840181,0.010061200987620764,0.00013637542724609375,0.9520431927286055,0.8547184975448416,0.0,1.0,888
889,0.8597128864826773,0.010058386271724255,0.00013685226440429688,0.952030030164512,0.8547162231857561,0.0,1.0,889
890,0.85918383417965,0.010055575488643722,0.00013780593872070312,0.9520176428145202,0.8547137708884205,0.0,1.0,890
891,0.8583397987096951,0.01005276862849909,0.0001456737518310547,0.9520058118566109,0.8547111987273223,0.0,1.0,891
892,0.8574107653184073,0.010049965681446102,0.0001373291015625,0.9519940017037999,0.8547086310770062,0.0,1.0,892
893,0.8564837968240274,0.01004716663767614,0.00013566017150878906,0.9519822122960048,0.8547060679244689,0.0,1.0,893
894,0.8555588863361959,0.010044371487416067,0.00013637542724609375,0.9519704435733837,0.8547035092567579,0.0,1.0,894
895,0.8548754859867602,0.010041580220928045,0.00013518333435058594,0.9519586099348004,0.8547005978927344,0.0,1.0,895
896,0.854138218825504,0.010038792828509384,0.00013780593872070312,0.951947035553366,0.8546986135135818,0.0,0.0,896
897,0.8541281812773948,0.010036009300492355,0.0001366138458251953,0.9519361900059095,0.8546968262597247,0.0,0.0,897
898,0.853357406689152,0.010033229627244058,0.0001380443572998047,0.9519256382563188,0.8546961221673564,0.0,0.0,898
899,0.8582607731023062,0.010030453799166221,0.00013899803161621094,0.9519132618044867,0.8546948174977814,0.0,1.0,899
900,0.8575291282099213,0.010027681806695065,0.0001392364501953125,0.9519022079666124,0.8546909918343922,0.0,1.0,900
901,0.856610247551739,0.010024913640301133,0.00014495849609375,0.9518914743257832,0.854687501401407,0.0,1.0,901
902,0.8556933890653776,0.010022149290489118,0.00013518333435058594,0.9518807594277539,0.8546840169658106,0.0,1.0,902
903,0.8604388816864346,0.01001938874779773,0.0001354217529296875,0.9518685384316836,0.8546803314743951,0.0,1.0,903
904,0.8595195624909465,0.010016632002799506,0.00014781951904296875,0.9518563386013154,0.854676652289032,0.0,1.0,904
905,0.8589509959524906,0.010013879046100673,0.0001361370086669922,0.9518445513591067,0.8546723025799614,0.0,1.0,905
906,0.8635145273198688,0.010011129868340983,0.00013756752014160156,0.9518319243010622,0.8546679052349085,0.0,1.0,906
907,0.8633368195776274,0.01000838446019356,0.0001385211944580078,0.9518197497695239,0.8546640794330844,0.0,1.0,907
908,0.8633929650412747,0.01000564281236474,0.0001392364501953125,0.9518072259217698,0.8546599670458838,0.0,1.0,908
909,0.8624752186505474,0.010002904915593915,0.0001373291015625,0.9517947236121952,0.854655861635845,0.0,1.0,909
910,0.8617860130239876,0.010000170760653392,0.00015473365783691406,0.951782643531298,0.854651721507031,0.0,1.0,910
911,0.8609802910215675,0.009997440338348228,0.00013875961303710938,0.9517710797654598,0.8546475030466584,0.0,1.0,911
912,0.8600855906921443,0.00999471363951608,0.0001392364501953125,0.9517602630452486,0.8546436778447015,0.0,1.0,912
913,0.8596463829858954,0.009991990655027054,0.00013947486877441406,0.9517502289221247,0.8546394096545857,0.0,1.0,913
914,0.8587378104895161,0.009989271375783565,0.0001385211944580078,0.9517402121188807,0.8546351486625876,0.0,1.0,914
915,0.8579577650362028,0.00998655579272017,0.0001392364501953125,0.9517305038692936,0.8546314109515721,0.0,1.0,915
916,0.8570529638604077,0.009983843896803435,0.00014972686767578125,0.951720812366436,0.8546276795494863,0.0,1.0,916
917,0.856587222425988,0.009981135679031777,0.00013947486877441406,0.9517114523352279,0.8546239784205777,0.0,1.0,917
918,0.8557592562797476,0.009978431130435325,0.00014209747314453125,0.9517027797506208,0.8546206648108534,0.0,1.0,918
919,0.8551623429830034,0.009975730242075768,0.0001385211944580078,0.9516944236252418,0.8546165311058328,0.0,1.0,919
920,0.8598020887530267,0.009973033005046218,0.0001385211944580078,0.9516851799420166,0.8546121028635221,0.0,1.0,920
921,0.8599703582863036,0.00997033941047105,0.00014019012451171875,0.9516752439893768,0.8546065512268037,0.0,1.0,921
922,0.8645108853391923,0.00996764944950578,0.0001513957977294922,0.9516639624484478,0.8546007748127953,0.0,1.0,922
923,0.8655395743403974,0.009964963113336908,0.0001404285430908203,0.9516535072996831,0.8545957890719416,0.0,1.0,923
924,0.8646338971406485,0.009962280393181774,0.000141143798828125,0.9516430699439988,0.8545908116177712,0.0,1.0,924
925,0.8646469993767629,0.009959601280288428,0.00013947486877441406,0.9516327403639644,0.8545853999555422,0.0,1.0,925
926,0.8638458779262254,0.009956925765935484,0.00014352798461914062,0.9516224153907618,0.8545803864554989,0.0,1.0,926
927,0.8629450759900232,0.009954253841431978,0.00014638900756835938,0.9516121079429527,0.8545753812399408,0.0,1.0,927
928,0.8651951391101601,0.009951585498117236,0.00015473365783691406,0.951604171206296,0.8545735673716905,0.0,1.0,928
929,0.8645806723145648,0.009948920727360725,0.00014209747314453125,0.9515964383702472,0.8545715724199897,0.0,1.0,929
930,0.8638619303935787,0.009946259520561936,0.0001399517059326172,0.9515888693449667,0.8545693498655976,0.0,1.0,930
931,0.8630882439649684,0.009943601869150222,0.0001399517059326172,0.9515801282416884,0.8545672864370188,0.0,1.0,931
932,0.8639640727702775,0.00994094776458468,0.000141143798828125,0.9515714748671071,0.8545643337058759,0.0,1.0,932
933,0.8632065531690909,0.009938297198354018,0.00014090538024902344,0.9515631617262001,0.8545617254704736,0.0,1.0,933
934,0.8623420279428942,0.009935650161976402,0.00014710426330566406,0.951555460677104,0.8545586917901511,0.0,1.0,934
935,0.8621797571456009,0.009933006646999342,0.00013971328735351562,0.9515469507706008,0.8545545985333627,0.0,1.0,935
936,0.8615312514808564,0.009930366644999558,0.00014400482177734375,0.9515371589965708,0.8545493580861344,0.0,1.0,936
937,0.8606916492266377,0.00992773014758283,0.00014066696166992188,0.9515275089990926,0.8545444647473853,0.0,1.0,937
938,0.8598046259323485,0.009925097146383894,0.0001399517059326172,0.9515178752443583,0.8545395794045568,0.0,1.0,938
939,0.8591987043407445,0.009922467633066284,0.0001399517059326172,0.9515087892750705,0.8545349786338088,0.0,1.0,939
940,0.8590311925649722,0.009919841599322228,0.00015306472778320312,0.9514997251471651,0.854529932051762,0.0,1.0,940
941,0.8589352206074075,0.009917219036872496,0.00014209747314453125,0.9514902867897084,0.8545234886669558,0.0,1.0,941
942,0.8636624539215072,0.009914599937466288,0.00014138221740722656,0.9514796133112459,0.8545168397531162,0.0,1.0,942
943,0.8631596488396167,0.009911984292881103,0.00014138221740722656,0.9514687904323279,0.8545108193383182,0.0,1.0,943
944,0.8694299358853554,0.009909372094922604,0.00014257431030273438,0.9514558325117329,0.8545051023328735,0.0,1.0,944
945,0.868539465853123,0.009906763335424508,0.000141143798828125,0.9514428959600875,0.8544993945733483,0.0,1.0,945
946,0.8678840358131726,0.009904158006248442,0.00015282630920410156,0.9514304930160347,0.8544939136327909,0.0,1.0,946
947,0.8673832900567401,0.009901556099283833,0.00014209747314453125,0.9514181529330186,0.854488566077292,0.0,1.0,947
948,0.8674904629319414,0.009898957606447774,0.0001456737518310547,0.9514069453557298,0.8544832986240732,0.0,1.0,948
949,0.8670448674326353,0.009896362519684903,0.0001423358917236328,0.951395465394318,0.8544789008355892,0.0,1.0,949
950,0.8662699658626182,0.009893770830967295,0.00014090538024902344,0.9513843359320191,0.8544746819145324,0.0,1.0,950
951,0.8654850350162919,0.009891182532294308,0.00014281272888183594,0.9513737925710322,0.8544707431387496,0.0,1.0,951
952,0.8650586192051184,0.009888597615692501,0.0001544952392578125,0.9513621880397488,0.8544662260951159,0.0,1.0,952
953,0.8659486561138925,0.00988601607321548,0.00014281272888183594,0.9513499826142652,0.8544611212053792,0.0,1.0,953
954,0.8650703216123082,0.009883437896943794,0.00014257431030273438,0.9513377971795759,0.8544560245087284,0.0,1.0,954
955,0.8642928646855329,0.009880863078984817,0.0001437664031982422,0.9513261610485365,0.8544514093313538,0.0,1.0,955
956,0.8636569122617302,0.00987829161147262,0.00014448165893554688,0.9513150358089689,0.854446964288192,0.0,1.0,956
957,0.8627838250687505,0.009875723486567862,0.00015115737915039062,0.9513039287978339,0.8544425263725199,0.0,1.0,957
958,0.8625075310139074,0.009873158696457673,0.0001621246337890625,0.9512922482531749,0.8544370357566037,0.0,1.0,958
959,0.8635634683639988,0.009870597233355522,0.00014853477478027344,0.9512799974338777,0.8544328971393174,0.0,1.0,959
960,0.8627140581993081,0.00986803908950112,0.00014352798461914062,0.9512683578394565,0.8544292366160374,0.0,1.0,960
961,0.8619195892318932,0.009865484257160302,0.00014734268188476562,0.9512572888618424,0.8544259422571089,0.0,1.0,961
962,0.8627203631707928,0.009862932728624894,0.0001468658447265625,0.9512456180148038,0.854422159692421,0.0,1.0,962
963,0.8625325979436785,0.009860384496212625,0.0001475811004638672,0.9512323001772274,0.8544197354227094,0.0,1.0,963
964,0.8618416386888537,0.009857839552266988,0.0001590251922607422,0.9512191246210907,0.8544171885479134,0.0,1.0,964
965,0.8612767080454946,0.009855297889157144,0.0001475811004638672,0.951205941324658,0.854415072512624,0.0,1.0,965
966,0.8612534690068405,0.00985275949927781,0.00014519691467285156,0.9511934805183057,0.8544138975546878,0.0,1.0,966
967,0.8604098622032654,0.009850224375049134,0.0001475811004638672,0.9511814332270463,0.8544127707064546,0.0,1.0,967
968,0.860666144664407,0.009847692508916598,0.00014519691467285156,0.9511692697389273,0.8544128075591304,0.0,1.0,968
969,0.8609851492392073,0.009845163893350899,0.00014519691467285156,0.9511574433312213,0.8544146075585618,0.0,1.0,969
970,0.8604013749946885,0.009842638520847838,0.00015497207641601562,0.9511456370322514,0.8544166241557534,0.0,1.0,970
971,0.8597340687156942,0.00984011638392822,0.00014662742614746094,0.9511343739302183,0.8544186920605887,0.0,1.0,971
972,0.8594811252303497,0.009837597475137735,0.0001456737518310547,0.9511237612425885,0.8544208804342671,0.0,1.0,972
973,0.8587235246033359,0.009835081787046855,0.00014710426330566406,0.9511132059778957,0.8544238508720428,0.0,1.0,973
974,0.8578696613888263,0.009832569312250726,0.00014638900756835938,0.9511026677555959,0.8544268168241598,0.0,1.0,974
975,0.8634114713128053,0.00983006004336906,0.00014472007751464844,0.9510906814069364,0.8544290815095473,0.0,1.0,975
976,0.8639190473138444,0.009827553973046027,0.00015687942504882812,0.9510786543471212,0.8544319394966184,0.0,1.0,976
977,0.8645860948233649,0.009825051093950156,0.00014662742614746094,0.9510659037626809,0.8544343467181814,0.0,1.0,977
978,0.8649483963644693,0.009822551398774219,0.0001480579376220703,0.9510521961333549,0.8544325369729695,0.0,1.0,978
979,0.8652400893231028,0.009820054880235136,0.00014734268188476562,0.9510385756033614,0.8544310678441883,0.0,1.0,979
980,0.8655339412436378,0.009817561531073864,0.00014710426330566406,0.9510230081251934,0.8544296307172362,0.0,1.0,980
981,0.8648250127721,0.009815071344055295,0.00014781951904296875,0.9510079956627564,0.8544286808586604,0.0,1.0,981
982,0.8655613363995844,0.009812584311968155,0.00015664100646972656,0.9509919233237983,0.8544267686747292,0.0,1.0,982
983,0.864707835353601,0.009810100427624908,0.00014829635620117188,0.9509758763156768,0.8544248595390141,0.0,1.0,983
984,0.8644694722889474,0.00980761968386163,0.0001468658447265625,0.9509599930442573,0.8544233731096941,0.0,1.0,984
985,0.8645354848521211,0.00980514207353794,0.00014829635620117188,0.9509445260884739,0.8544222250234733,0.0,1.0,985
986,0.8637306431234696,0.009802667589536872,0.0001518726348876953,0.9509296403807661,0.854421572444704,0.0,1.0,986
987,0.86288260629204,0.009800196224764792,0.00014853477478027344,0.95091477808902,0.8544210544745922,0.0,1.0,987
988,0.8636029152986155,0.009797727972151286,0.00014734268188476562,0.9508994406205267,0.8544201983824348,0.0,1.0,988
989,0.8627565852242282,0.009795262824649074,0.0001475811004638672,0.9508841272069994,0.854419343689084,0.0,1.0,989
990,0.8619357316281485,0.00979280077523389,0.00014591217041015625,0.95086945360399,0.8544188519515248,0.0,1.0,990
991,0.8620922582932751,0.009790341816904418,0.00014638900756835938,0.950854704322715,0.8544193347846142,0.0,1.0,991
992,0.8613253865646925,0.009787885942682152,0.00014925003051757812,0.9508402328555745,0.854419912641388,0.0,1.0,992
993,0.8604848115468682,0.009785433145611333,0.0001590251922607422,0.9508257840340011,0.854420489711953,0.0,1.0,993
994,0.8596997964505907,0.009782983418758835,0.00015473365783691406,0.950811872477077,0.8544215452064402,0.0,1.0,994
995,0.8589957018484419,0.009780536755214075,0.0001494884490966797,0.9507975264570951,0.854421067972485,0.0,1.0,995
996,0.8584567083051898,0.009778093148088914,0.00014972686767578125,0.9507836701878196,0.8544209211863756,0.0,1.0,996
997,0.8579834426067372,0.009775652590517561,0.0001494884490966797,0.9507706976735147,0.8544211614442545,0.0,1.0,997
998,0.8586159448810635,0.009773215075656486,0.00014901161193847656,0.9507584089787267,0.8544243563765506,0.0,1.0,998
999,0.8585624778279108,0.009770780596684316,0.00015807151794433594,0.9507458889285124,0.8544278648485867,0.0,1.0,999
1000,0.8569670908905479,0.009768349146801747,1.335824966430664,0.8340198462196692,0.7987249315388111,1.0,1.0,1000
1001,0.8566178539538025,0.009765920719231444,0.00027561187744140625,0.8340225471804592,0.7987285019350603,1.0,1.0,1001
1002,0.8565505061582511,0.009763495307217965,0.00017380714416503906,0.8340227639787688,0.7987227933088912,1.0,1.0,1002
1003,0.8577629326866146,0.009761072904027647,0.00016260147094726562,0.8340238005551012,0.7987256419115889,1.0,1.0,1003
1004,0.85735049457496,0.009758653502948524,0.0001571178436279297,0.8340232360706294,0.7987210313216362,1.0,1.0,1004
1005,0.8586315695938185,0.009756237097290243,0.0001647472381591797,0.8340230927358538,0.7987230958538618,1.0,1.0,1005
1006,0.8579070983914383,0.00975382368038396,0.00015592575073242188,0.834022978163641,0.7987191861026165,1.0,1.0,1006
1007,0.8570859144229954,0.00975141324558226,0.00015616416931152344,0.8340235938064702,0.7987207966509573,1.0,1.0,1007
1008,0.860609438804115,0.009749005786259058,0.0001571178436279297,0.8340218667338882,0.79871408862436,1.0,1.0,1008
1009,0.8607605193378413,0.00974660129580952,0.0001583099365234375,0.8340222527433793,0.7987162275034225,1.0,1.0,1009
1010,0.8621861243215315,0.009744199767649963,0.00015425682067871094,0.8340226810594609,0.798713571087993,1.0,1.0,1010
1011,0.8622300492176564,0.009741801195217776,0.0001659393310546875,0.8340223794184257,0.7987085898707492,1.0,1.0,1011
1012,0.8627349694473104,0.009739405571971324,0.00017070770263671875,0.8340237576342113,0.7987098628800107,1.0,1.0,1012
1013,0.8619139364256767,0.009737012891389866,0.0001583099365234375,0.8340238562115967,0.7987068401315236,1.0,1.0,1013
1014,0.861338294260057,0.009734623146973464,0.00015473365783691406,0.8340240936828661,0.7987036273547945,1.0,1.0,1014
1015,0.8624307719266159,0.009732236332242907,0.0001537799835205078,0.8340248618967224,0.7987051137068013,1.0,1.0,1015
1016,0.8629451404908416,0.009729852440739602,0.0001633167266845703,0.8340233584684626,0.7986999567477401,1.0,1.0,1016
1017,0.8625708541074184,0.009727471466025511,0.00015664100646972656,0.834021868471115,0.7986969538301375,1.0,1.0,1017
1018,0.8637016803738841,0.009725093401683054,0.0001575946807861328,0.8340191969758267,0.7986981741327941,1.0,1.0,1018
1019,0.8643196782572421,0.009722718241315027,0.0001575946807861328,0.8340145754261823,0.7986951303315394,1.0,1.0,1019
1020,0.8635026303004047,0.009720345978544521,0.00015425682067871094,0.8340099607905972,0.798692090707458,1.0,1.0,1020
1021,0.8681928567395811,0.00971797660701483,0.00015473365783691406,0.8340023035454567,0.7986888884573569,1.0,1.0,1021
1022,0.8697469768778529,0.009715610120389372,0.0001659393310546875,0.8339931148248273,0.7986835321230523,1.0,1.0,1022
1023,0.8694634515127192,0.009713246512351602,0.00015616416931152344,0.8339843968705991,0.7986824304017559,1.0,1.0,1023
1024,0.8696753674423156,0.00971088577660494,0.00015473365783691406,0.8339739670071415,0.7986748352537407,1.0,1.0,1024
1025,0.8688564214922577,0.009708527906872677,0.00015497207641601562,0.8339648962934774,0.7986714696005341,1.0,1.0,1025
1026,0.8682516501967331,0.009706172896897897,0.0001537799835205078,0.8339559075568761,0.7986680794732017,1.0,1.0,1026
1027,0.8682715695101448,0.009703820740443396,0.00016427040100097656,0.8339469995130833,0.7986641922114077,1.0,1.0,1027
1028,0.8680212413820837,0.0097014714312916,0.00015616416931152344,0.8339380663952268,0.7986607503887686,1.0,1.0,1028
1029,0.8687265717055973,0.009699124963244484,0.0001552104949951172,0.8339272938195859,0.7986528195359185,1.0,1.0,1029
1030,0.868064412755505,0.009696781330123498,0.0001544952392578125,0.8339183990680532,0.7986487991581851,1.0,1.0,1030
1031,0.8672516526486631,0.009694440525769473,0.00015592575073242188,0.8339095174338823,0.7986447843604403,1.0,1.0,1031
1032,0.8664405908638872,0.009692102544042557,0.00015497207641601562,0.8339022282622041,0.7986429926517856,1.0,1.0,1032
1033,0.865631091305279,0.009689767378822123,0.0001697540283203125,0.8338949498274636,0.798641203244964,1.0,1.0,1033
1034,0.8662315194201187,0.009687435024006704,0.00015664100646972656,0.8338866021194875,0.7986346980293011,1.0,1.0,1034
1035,0.8671827138888094,0.0096851054735139,0.00015664100646972656,0.8338790076055806,0.7986308939763976,1.0,1.0,1035
1036,0.8668220256422788,0.00968277872128031,0.00015664100646972656,0.8338717770256008,0.7986270728563032,1.0,1.0,1036
1037,0.8669675583612482,0.00968045476126145,0.00015664100646972656,0.8338646516877146,0.7986232074217295,1.0,1.0,1037
1038,0.866161484868168,0.009678133587431678,0.00015497207641601562,0.833857536795594,0.7986193473075335,1.0,1.0,1038
1039,0.8659403047758125,0.009675815193784121,0.0001575946807861328,0.8338497081434781,0.7986149078309133,1.0,1.0,1039
1040,0.8653291471295673,0.009673499574330589,0.00015425682067871094,0.8338422138241876,0.7986106587473617,1.0,1.0,1040
1041,0.8691073945778246,0.009671186723101506,0.0001571178436279297,0.8338332909938525,0.798606642881426,1.0,1.0,1041
1042,0.8699884131936801,0.009668876634145831,0.0001556873321533203,0.8338204201941727,0.7986032839470307,1.0,1.0,1042
1043,0.8701164516067884,0.009666569301530991,0.000156402587890625,0.8338071385132219,0.7985989714731394,1.0,1.0,1043
1044,0.8709482330175109,0.009664264719342792,0.00016832351684570312,0.8337933765080812,0.7985946601742693,1.0,1.0,1044
1045,0.8702978687072389,0.009661962881685356,0.0001571178436279297,0.833780108561174,0.798590475205455,1.0,1.0,1045
1046,0.8694937157398145,0.009659663782681046,0.0001552104949951172,0.8337668598760024,0.7985862959881997,1.0,1.0,1046
1047,0.8687285180449931,0.009657367416470384,0.00015735626220703125,0.8337539553990334,0.7985821389101825,1.0,1.0,1047
1048,0.868082386092308,0.009655073777211988,0.00015783309936523438,0.8337403989567711,0.7985774464634181,1.0,1.0,1048
1049,0.86839330161322,0.009652782859082491,0.00015926361083984375,0.8337279916137171,0.7985732768041893,1.0,1.0,1049
1050,0.8685634845583812,0.009650494656276471,0.000156402587890625,0.8337150124400012,0.7985684365106376,1.0,1.0,1050
1051,0.8677646021155498,0.009648209163006386,0.0001575946807861328,0.8337020520206089,0.7985636028839811,1.0,1.0,1051
1052,0.8669672287739058,0.009645926373502487,0.00015687942504882812,0.833689110310443,0.7985587759087336,1.0,1.0,1052
1053,0.8661713602532293,0.009643646282012761,0.00015878677368164062,0.8336761872645585,0.7985539555694597,1.0,1.0,1053
1054,0.8658992624366627,0.009641368882802849,0.00015664100646972656,0.8336625219539995,0.7985470911419454,1.0,1.0,1054
1055,0.8666934284209137,0.009639094170155986,0.0001709461212158203,0.8336483484207743,0.7985402050684405,1.0,1.0,1055
1056,0.8665399892422267,0.00963682213837292,0.00015854835510253906,0.833630483427037,0.798532219424559,1.0,1.0,1056
1057,0.8663889987848787,0.009634552781771845,0.00015807151794433594,0.8336127654337693,0.798524305828649,1.0,1.0,1057
1058,0.8667746420860947,0.009632286094688339,0.0001595020294189453,0.8335942847713974,0.7985160285022616,1.0,1.0,1058
1059,0.8661585031614845,0.00963002207147528,0.00016045570373535156,0.8335760883178226,0.7985076303024461,1.0,1.0,1059
1060,0.8655693479578646,0.009627760706502795,0.0001728534698486328,0.8335583749422082,0.798499496112739,1.0,1.0,1060
1061,0.8666334061715657,0.009625501994158172,0.00016021728515625,0.8335423466015582,0.7984907020108329,1.0,1.0,1061
1062,0.8660640646564761,0.009623245928845803,0.00015997886657714844,0.8335266656601641,0.7984819426987947,1.0,1.0,1062
1063,0.8652765153549162,0.009620992504987118,0.0001590251922607422,0.8335110071125021,0.7984731955645791,1.0,1.0,1063
1064,0.8657164528753092,0.00961874171702051,0.00015997886657714844,0.8334956317252218,0.7984641759076141,1.0,1.0,1064
1065,0.8663668422228772,0.009616493559401272,0.0001583099365234375,0.8334797988528129,0.7984551785253952,1.0,1.0,1065
1066,0.8659972702044793,0.009614248026601524,0.00017380714416503906,0.8334645036207156,0.7984464085430958,1.0,1.0,1066
1067,0.8666490021179741,0.009612005113110158,0.00015783309936523438,0.8334481067861046,0.7984372655514552,1.0,1.0,1067
1068,0.8668116956471629,0.00960976481343276,0.00015878677368164062,0.8334320447358411,0.7984277629080904,1.0,1.0,1068
1069,0.8673696105023363,0.009607527122091546,0.0001590251922607422,0.8334154251902313,0.7984181800286055,1.0,1.0,1069
1070,0.8730147239830737,0.00960529203362531,0.0001590251922607422,0.8334010448929671,0.7984098539608301,1.0,1.0,1070
1071,0.8725738028962828,0.009603059542589328,0.00016999244689941406,0.8333867878302503,0.7984015836685093,1.0,1.0,1071
1072,0.8721919611059356,0.009600829643555332,0.00015997886657714844,0.8333718273852532,0.7983910381674423,1.0,1.0,1072
1073,0.8720641186056678,0.009598602331111409,0.0001614093780517578,0.8333569801986583,0.7983801129484798,1.0,1.0,1073
1074,0.8714459723960027,0.009596377599861962,0.00016045570373535156,0.8333425853647535,0.7983694095147993,1.0,1.0,1074
1075,0.872295456813337,0.009594155444427634,0.00016188621520996094,0.8333275622496827,0.7983587222753158,1.0,1.0,1075
1076,0.8745506301143703,0.009591935859445247,0.00016236305236816406,0.8333130491893797,0.7983493537016559,1.0,1.0,1076
1077,0.8754425875546493,0.009589718839567734,0.00017333030700683594,0.8332975913488977,0.7983399211709874,1.0,1.0,1077
1078,0.8760636293414827,0.009587504379464087,0.0001614093780517578,0.8332817724486926,0.798330205404877,1.0,1.0,1078
1079,0.8764970237681029,0.00958529247381928,0.0001609325408935547,0.8332652307717621,0.7983201163353436,1.0,1.0,1079
1080,0.8759414381043391,0.009583083117334218,0.00016117095947265625,0.8332489728995103,0.7983102552630272,1.0,1.0,1080
1081,0.876795809896102,0.009580876304725663,0.0001614093780517578,0.8332320802129687,0.7983003476232633,1.0,1.0,1081
1082,0.8771326469270679,0.009578672030726187,0.0001697540283203125,0.833215173688551,0.7982894656669691,1.0,1.0,1082
1083,0.8765448728497129,0.0095764702900841,0.00016236305236816406,0.8331985965513639,0.7982786273797039,1.0,1.0,1083
1084,0.8760185535013261,0.009574271077563382,0.0001609325408935547,0.8331822758831646,0.7982675969193292,1.0,1.0,1084
1085,0.8765294444579947,0.00957207438794364,0.00016498565673828125,0.8331654925845777,0.7982575185810384,1.0,1.0,1085
1086,0.8768704339659817,0.009569880216020038,0.00016164779663085938,0.8331483152202059,0.7982467640646604,1.0,1.0,1086
1087,0.8763649959492436,0.009567688556603228,0.00017833709716796875,0.8331306321425589,0.7982359420431285,1.0,1.0,1087
1088,0.8762010264733703,0.009565499404519303,0.00016427040100097656,0.8331131791383638,0.7982254970403916,1.0,1.0,1088
1089,0.8754693956327944,0.009563312754609733,0.00016307830810546875,0.8330962563266019,0.7982151977225013,1.0,1.0,1089
1090,0.8756471596606868,0.009561128601731299,0.0001609325408935547,0.8330793455961342,0.7982044732461621,1.0,1.0,1090
1091,0.875372155727364,0.009558946940756041,0.0001621246337890625,0.8330626383258576,0.7981931192742234,1.0,1.0,1091
1092,0.8745958498167338,0.009556767766571196,0.0001735687255859375,0.833045954279332,0.7981817807777264,1.0,1.0,1092
1093,0.8743129746926455,0.009554591074079145,0.0001647472381591797,0.833029792771867,0.7981707153849288,1.0,1.0,1093
1094,0.8735391009846651,0.009552416858197337,0.00016307830810546875,0.8330136536895835,0.7981596650391668,1.0,1.0,1094
1095,0.8728382154040821,0.009550245113858255,0.00016236305236816406,0.8329939850006611,0.7981473168957237,1.0,1.0,1095
1096,0.8726365694550847,0.00954807583600934,0.00016236305236816406,0.832974299715278,0.7981351405355697,1.0,1.0,1096
1097,0.8733587551120258,0.009545909019612938,0.0001621246337890625,0.8329539729476955,0.7981221190779456,1.0,1.0,1097
1098,0.8729455847583372,0.009543744659646247,0.00017499923706054688,0.8329340135873253,0.7981087466369337,1.0,1.0,1098
1099,0.8746500551331563,0.009541582751101252,0.00016355514526367188,0.8329133419862373,0.7980962798200334,1.0,1.0,1099
1100,0.8788269679947405,0.009539423288984678,0.0001633167266845703,0.8328909111737969,0.7980850133223703,1.0,1.0,1100
1101,0.8780523296757132,0.009537266268317923,0.00016689300537109375,0.8328685112729494,0.7980737620640851,1.0,1.0,1101
1102,0.8774119078712624,0.009535111684137008,0.0001647472381591797,0.8328463689994764,0.7980627303066854,1.0,1.0,1102
1103,0.8770818451034323,0.009532959531492519,0.0001761913299560547,0.8328246894754529,0.7980519502822438,1.0,1.0,1103
1104,0.8763109684947171,0.009530809805449555,0.00016546249389648438,0.8328030397479069,0.7980411847860719,1.0,1.0,1104
1105,0.875700765993453,0.009528662501087663,0.00016450881958007812,0.832781754674835,0.7980306370278372,1.0,1.0,1105
1106,0.8752524057937527,0.009526517613500794,0.00016450881958007812,0.8327608322971429,0.798020135056192,1.0,1.0,1106
1107,0.8792473988642546,0.009524375137797239,0.00016570091247558594,0.8327388334531609,0.7980122615722098,1.0,1.0,1107
1108,0.8785491120863247,0.009522235069099577,0.00017762184143066406,0.832717023201871,0.7980043419518532,1.0,1.0,1108
1109,0.8808137972984031,0.009520097402544624,0.00016832351684570312,0.8326948067358557,0.7979972318732385,1.0,1.0,1109
1110,0.8802365468353592,0.00951796213328338,0.00016546249389648438,0.832672853300102,0.7979901546023328,1.0,1.0,1110
1111,0.8794666580006125,0.009515829256480961,0.0001671314239501953,0.8326509298464257,0.7979830867249942,1.0,1.0,1111
1112,0.8788747327538254,0.009513698767316562,0.0001647472381591797,0.8326294371822729,0.7979762261646267,1.0,1.0,1112
1113,0.8786138760199154,0.009511570660983395,0.00017380714416503906,0.8326073251874203,0.7979688708746453,1.0,1.0,1113
1114,0.8800417771229504,0.009509444932688637,0.00016689300537109375,0.8325842667641845,0.7979613702859022,1.0,1.0,1114
1115,0.8807142204612672,0.009507321577653377,0.0001678466796875,0.8325612534457805,0.7979541540356478,1.0,1.0,1115
1116,0.8825848865521403,0.009505200591112567,0.00016617774963378906,0.8325378077970368,0.7979469818704361,1.0,1.0,1116
1117,0.8827614773193178,0.009503081968314961,0.0001659393310546875,0.832515607092891,0.797940585113561,1.0,1.0,1117
1118,0.882211176538535,0.009500965704523074,0.0001647472381591797,0.8324934988043284,0.7979332260944578,1.0,1.0,1118
1119,0.881444724370302,0.009498851795013115,0.00017261505126953125,0.8324714204934174,0.7979258767889107,1.0,1.0,1119
1120,0.8816642523555155,0.009496740235074956,0.0001666545867919922,0.8324490163341832,0.7979185547156455,1.0,1.0,1120
1121,0.8815054390778794,0.009494631020012054,0.0001671314239501953,0.8324267414615969,0.7979105851107569,1.0,1.0,1121
1122,0.8810361219224161,0.009492524145141429,0.00016689300537109375,0.8324045381181929,0.7979025304513876,1.0,1.0,1122
1123,0.8816336712661181,0.009490419605793589,0.0001671314239501953,0.832381993360421,0.7978944487841295,1.0,1.0,1123
1124,0.8811221333077646,0.009488317397312486,0.00018024444580078125,0.8323593229982845,0.7978866055697771,1.0,1.0,1124
1125,0.8811818237019434,0.009486217515055479,0.00016999244689941406,0.8323370372449373,0.7978787794724486,1.0,1.0,1125
1126,0.8809001734983852,0.009484119954393262,0.0001659393310546875,0.832314992821959,0.7978711182034007,1.0,1.0,1126
1127,0.8803146930623598,0.009482024710709828,0.00016689300537109375,0.832292847580804,0.7978634665275147,1.0,1.0,1127
1128,0.879739126635463,0.009479931779402418,0.0001678466796875,0.8322711617078695,0.7978560239487659,1.0,1.0,1128
1129,0.8789814519487824,0.009477841155881461,0.00017976760864257812,0.8322495049815173,0.7978485911058902,1.0,1.0,1129
1130,0.8785475196715178,0.009475752835570539,0.00016736984252929688,0.8322281695853238,0.7978404265592394,1.0,1.0,1130
1131,0.877872447356508,0.009473666813906332,0.00017023086547851562,0.8322073701464874,0.7978324507671651,1.0,1.0,1131
1132,0.877118739439686,0.009471583086338562,0.0001671314239501953,0.8321865985902385,0.7978244853970705,1.0,1.0,1132
1133,0.877523367269762,0.009469501648329957,0.00016880035400390625,0.832165794446304,0.7978161521336479,1.0,1.0,1133
1134,0.879809886896226,0.00946742249535619,0.00018024444580078125,0.8321436227080439,0.7978069748199941,1.0,1.0,1134
1135,0.881899508944938,0.00946534562290584,0.00016832351684570312,0.8321206592443684,0.7977977311380134,1.0,1.0,1135
1136,0.8812101177407595,0.009463271026480338,0.00017023086547851562,0.8320981583665988,0.7977887641987726,1.0,1.0,1136
1137,0.8806427653621671,0.009461198701593924,0.00016999244689941406,0.8320761095352107,0.797780051071462,1.0,1.0,1137
1138,0.8801271202831736,0.0094591286437736,0.0001697540283203125,0.8320543040243049,0.7977717368375861,1.0,1.0,1138
1139,0.8793751559662935,0.009457060848559067,0.0001842975616455078,0.8320325275635284,0.7977634334180876,1.0,1.0,1139
1140,0.8786245074041461,0.009454995311502706,0.00017213821411132812,0.8320107800884629,0.7977551407893659,1.0,1.0,1140
1141,0.8779794534129685,0.00945293202816951,0.00017142295837402344,0.8319892933361919,0.7977470689007808,1.0,1.0,1141
1142,0.8772316592804592,0.009450870994137037,0.0001704692840576172,0.8319681195390749,0.7977383939351702,1.0,1.0,1142
1143,0.8783023883538125,0.009448812204995372,0.00017070770263671875,0.8319460631933137,0.7977293162977241,1.0,1.0,1143
1144,0.8809271013174079,0.00944675565634708,0.00018262863159179688,0.8319226001629118,0.7977207601657652,1.0,1.0,1144
1145,0.8801773680947882,0.00944470134380716,0.0001697540283203125,0.8318991682244422,0.7977122151167139,1.0,1.0,1145
1146,0.879485536570831,0.009442649263002988,0.00016760826110839844,0.8318759816258049,0.7977037429447245,1.0,1.0,1146
1147,0.8790926578639853,0.00944059940957429,0.000171661376953125,0.831853225414277,0.7976955958371167,1.0,1.0,1147
1148,0.8783779902773157,0.009438551779173078,0.0001690387725830078,0.8318309260715412,0.797687786160241,1.0,1.0,1148
1149,0.8776968742523213,0.009436506367463618,0.0001766681671142578,0.8318090747127692,0.7976801494989536,1.0,1.0,1149
1150,0.877201451382835,0.009434463170122377,0.0001697540283203125,0.8317875914082715,0.7976727052260406,1.0,1.0,1150
1151,0.8794109006637415,0.009432422182837985,0.0001690387725830078,0.831763906739728,0.7976670379007552,1.0,1.0,1151
1152,0.8794802064025107,0.009430383401311184,0.0001678466796875,0.8317396973267861,0.7976608831396109,1.0,1.0,1152
1153,0.8805694240176011,0.00942834682125479,0.0001709461212158203,0.831714513083739,0.7976550284485897,1.0,1.0,1153
1154,0.8803776976800984,0.009426312438393635,0.0001785755157470703,0.8316895595000653,0.7976487244817195,1.0,1.0,1154
1155,0.8799548666682927,0.009424280248464543,0.00016999244689941406,0.8316645721599882,0.797642411526834,1.0,1.0,1155
1156,0.8809065178403059,0.00942225024721627,0.000171661376953125,0.8316389582772297,0.7976349648100546,1.0,1.0,1156
1157,0.881349436836912,0.00942022243040947,0.0001728534698486328,0.8316127627027021,0.797627415347502,1.0,1.0,1157
1158,0.8808251350728484,0.009418196793816645,0.00017213821411132812,0.831586577467249,0.7976198232454179,1.0,1.0,1158
1159,0.8800832962306675,0.009416173333222104,0.00018477439880371094,0.8315604264913667,0.797612240832151,1.0,1.0,1159
1160,0.8794572645847433,0.009414152044421923,0.00017642974853515625,0.8315342653052086,0.7976040030936005,1.0,1.0,1160
1161,0.8789788937017335,0.009412132923223895,0.00017333030700683594,0.831508332759038,0.7975960494974879,1.0,1.0,1161
1162,0.8785938772243173,0.009410115965447498,0.00017142295837402344,0.8314819650159174,0.7975872368656748,1.0,1.0,1162
1163,0.8813326859963474,0.009408101166923841,0.00017142295837402344,0.8314559203309213,0.7975800763958825,1.0,1.0,1163
1164,0.8818951814291637,0.009406088523495629,0.00018668174743652344,0.8314299701001489,0.7975735455956768,1.0,1.0,1164
1165,0.8812305290998864,0.009404078031017117,0.0001735687255859375,0.8314041691717948,0.7975672313510923,1.0,1.0,1165
1166,0.8804935981993705,0.009402069685354073,0.00017189979553222656,0.8313776851979285,0.7975590076548288,1.0,1.0,1166
1167,0.8803422277677164,0.00940006348238373,0.0001709461212158203,0.8313510177930745,0.7975508285924789,1.0,1.0,1167
1168,0.8797140716173208,0.009398059417994748,0.00017213821411132812,0.8313245284270926,0.7975426008926562,1.0,1.0,1168
1169,0.8790594890136461,0.009396057488087174,0.0001728534698486328,0.8312983857401441,0.7975344826213777,1.0,1.0,1169
1170,0.8791018920212962,0.0093940576885724,0.0001735687255859375,0.8312717964715621,0.797525969189634,1.0,1.0,1170
1171,0.8804888945306995,0.009392060015373111,0.00017404556274414062,0.8312437873786638,0.7975173940096241,1.0,1.0,1171
1172,0.8799457906771814,0.009390064464423272,0.00017333030700683594,0.8312159552607555,0.7975089150677523,1.0,1.0,1172
1173,0.8792137550964653,0.009388071031668051,0.00017309188842773438,0.8311881591241936,0.7975004468445607,1.0,1.0,1173
1174,0.8787176421003366,0.00938607971306381,0.00017261505126953125,0.831159913437075,0.7974916873804397,1.0,1.0,1174
1175,0.8781631002874765,0.009384090504578042,0.0001747608184814453,0.8311319958479118,0.7974829264661645,1.0,1.0,1175
1176,0.878273765148241,0.009382103402189349,0.00017261505126953125,0.8311038640279562,0.7974737833190008,1.0,1.0,1176
1177,0.87796182274452,0.00938011840188739,0.00017333030700683594,0.8310760393263459,0.7974646068984321,1.0,1.0,1177
1178,0.8777724343674376,0.009378135499672844,0.00017333030700683594,0.8310486076107031,0.797455411530803,1.0,1.0,1178
1179,0.8779611065396984,0.009376154691557373,0.00017380714416503906,0.8310206064863792,0.7974463776022012,1.0,1.0,1179
1180,0.8783152659982894,0.009374175973563579,0.00017786026000976562,0.8309919682904371,0.7974369048256637,1.0,1.0,1180
1181,0.8779466585655822,0.009372199341724969,0.00017261505126953125,0.8309631727840332,0.7974270503034723,1.0,1.0,1181
1182,0.8772216657463415,0.009370224792085912,0.00017404556274414062,0.8309344142219607,0.7974172081803159,1.0,1.0,1182
1183,0.8777786371042033,0.009368252320701605,0.00017452239990234375,0.8309051902059218,0.7974073371176548,1.0,1.0,1183
1184,0.8773791801623654,0.009366281923638024,0.00017452239990234375,0.8308762963049152,0.7973975277312527,1.0,1.0,1184
1185,0.8794896547969449,0.0093643135969719,0.00017547607421875,0.8308466109373137,0.7973871547726287,1.0,1.0,1185
1186,0.8791112912935473,0.009362347336790672,0.00017404556274414062,0.8308173236452894,0.7973767946620928,1.0,1.0,1186
1187,0.8784256391950536,0.009360383139192446,0.000171661376953125,0.8307884636058661,0.7973662762171358,1.0,1.0,1187
1188,0.8819331914799104,0.009358421000285961,0.0001735687255859375,0.8307588198248262,0.797356389174536,1.0,1.0,1188
1189,0.8814826748672259,0.009356460916190558,0.00017309188842773438,0.8307295040400429,0.7973466993380118,1.0,1.0,1189
1190,0.8810382798695463,0.009354502883036128,0.00017571449279785156,0.8306978835173595,0.7973362506515818,1.0,1.0,1190
1191,0.8816002658090537,0.009352546896963087,0.00017380714416503906,0.8306659238446861,0.7973258553249846,1.0,1.0,1191
1192,0.8814144739538665,0.009350592954122328,0.00017309188842773438,0.8306342377541253,0.7973157065031586,1.0,1.0,1192
1193,0.8819267445996004,0.009348641050675193,0.00017380714416503906,0.8306026208737143,0.7973055385967008,1.0,1.0,1193
1194,0.8812820049414714,0.009346691182793436,0.0001735687255859375,0.8305714172022582,0.7972954603737114,1.0,1.0,1194
1195,0.8805591630523363,0.009344743346659173,0.0001761913299560547,0.8305402531307837,0.7972853947062553,1.0,1.0,1195
1196,0.8798375996503163,0.009342797538464865,0.00017547607421875,0.8305091285756103,0.7972753415681173,1.0,1.0,1196
1197,0.879837376739124,0.009340853754413262,0.0001761913299560547,0.8304773435986524,0.7972625132677368,1.0,1.0,1197
1198,0.8791180615502625,0.009338911990717383,0.00017499923706054688,0.8304455988583745,0.7972497009713337,1.0,1.0,1198
1199,0.8841877178753135,0.009336972243600467,0.0001842975616455078,0.8304145367807294,0.7972393373058171,1.0,1.0,1199
1200,0.8642426554062093,0.009335034509295946,1.0398573875427246,0.74479884365131,0.7866428144183782,1.0,1.0,1200
1201,0.8635465152122372,0.009333098784047405,0.0005693435668945312,0.7447911745539861,0.786636231623664,1.0,1.0,1201
1202,0.8629683924145645,0.009331165064108546,0.00021147727966308594,0.744788135415177,0.786635034786137,1.0,1.0,1202
1203,0.8622816665590134,0.00932923334574315,0.00019979476928710938,0.7447841345502417,0.7866301541904437,1.0,1.0,1203
1204,0.8628807325251977,0.009327303625225054,0.00018835067749023438,0.7447805615435301,0.7866252696911075,1.0,1.0,1204
1205,0.8631159328965035,0.009325375898838096,0.00018668174743652344,0.7447767274041766,0.7866199200151991,1.0,1.0,1205
1206,0.8629062756188202,0.009323450162876097,0.0001842975616455078,0.7447731397692814,0.7866135796813613,1.0,1.0,1206
1207,0.8622144327891241,0.009321526413642815,0.00018405914306640625,0.7447695562924846,0.7866072469086143,1.0,1.0,1207
1208,0.8622432142884187,0.009319604647451919,0.00019693374633789062,0.7447663343265823,0.7866009366309202,1.0,1.0,1208
1209,0.8618381656864785,0.009317684860626946,0.00018215179443359375,0.7447633980613065,0.7865946382104593,1.0,1.0,1209
1210,0.8611488706969288,0.00931576704950127,0.0001811981201171875,0.7447604651274383,0.7865883472792761,1.0,1.0,1210
1211,0.8632513116593228,0.009313851210418072,0.0001800060272216797,0.7447580712767433,0.7865827398705076,1.0,1.0,1211
1212,0.8633383573213538,0.009311937339730294,0.0001857280731201172,0.7447534305117433,0.7865752104108293,1.0,1.0,1212
1213,0.8629904663426,0.009310025433800623,0.00019216537475585938,0.7447510551184425,0.7865680503650796,1.0,1.0,1213
1214,0.8623026127486717,0.009308115489001439,0.0001811981201171875,0.7447486823497016,0.7865608988646988,1.0,1.0,1214
1215,0.8616603893987821,0.009306207501714786,0.00018334388732910156,0.7447464515309227,0.7865536163099316,1.0,1.0,1215
1216,0.8611509891588182,0.009304301468332351,0.00018262863159179688,0.7447423836728734,0.7865463947192026,1.0,1.0,1216
1217,0.8648652218104255,0.009302397385255413,0.0001850128173828125,0.7447399860034563,0.786541785954827,1.0,1.0,1217
1218,0.8690843671658747,0.009300495248894819,0.00019693374633789062,0.7447363168019038,0.7865391766389348,1.0,1.0,1218
1219,0.8696352549694744,0.009298595055670949,0.00018334388732910156,0.7447317748736646,0.7865355489632674,1.0,1.0,1219
1220,0.869223514159153,0.009296696802013681,0.00017976760864257812,0.7447268546535539,0.7865304246476122,1.0,1.0,1220
1221,0.868851722579119,0.009294800484362367,0.0001800060272216797,0.7447242876344352,0.7865257586913418,1.0,1.0,1221
1222,0.8687840165635752,0.009292906099165785,0.0001933574676513672,0.7447200784509787,0.7865218413899805,1.0,1.0,1222
1223,0.8704460165767824,0.009291013642882116,0.00018262863159179688,0.7447188195195713,0.78651511434283,1.0,1.0,1223
1224,0.8700520543421553,0.009289123111978916,0.00018358230590820312,0.744715779034111,0.7865094102606939,1.0,1.0,1224
1225,0.8699333035358052,0.009287234502933067,0.00018358230590820312,0.7447130519535179,0.7865035849443257,1.0,1.0,1225
1226,0.870377503580135,0.009285347812230765,0.00018262863159179688,0.74470994052675,0.7864986414302205,1.0,1.0,1226
1227,0.8698224072901329,0.009283463036367475,0.00019216537475585938,0.7447069287915881,0.7864940371098363,1.0,1.0,1227
1228,0.8700574849220782,0.0092815801718479,0.00018143653869628906,0.7447040722340688,0.7864894226014131,1.0,1.0,1228
1229,0.8697890496092275,0.009279699215185951,0.00018143653869628906,0.744701100545318,0.786484903144634,1.0,1.0,1229
1230,0.8691040864512829,0.009277820162904724,0.00018143653869628906,0.7446981321975353,0.7864803888864605,1.0,1.0,1230
1231,0.8690576898382074,0.009275943011536447,0.00018143653869628906,0.7446950980655072,0.7864758806730822,1.0,1.0,1231
1232,0.869492018439097,0.009274067757622474,0.0001926422119140625,0.7446923808620544,0.7864712137259988,1.0,1.0,1232
1233,0.8703678774990403,0.009272194397713233,0.00018143653869628906,0.7446904644624298,0.7864648996598956,1.0,1.0,1233
1234,0.8700042034945238,0.009270322928368208,0.00018715858459472656,0.7446888477543636,0.7864583529244561,1.0,1.0,1234
1235,0.8695038184409173,0.009268453346155902,0.00018358230590820312,0.7446873185449883,0.7864519088984882,1.0,1.0,1235
1236,0.8699330629655563,0.009266585647653806,0.00018858909606933594,0.7446854050285503,0.7864454350237675,1.0,1.0,1236
1237,0.8732134627565334,0.009264719829448369,0.0001914501190185547,0.7446846852482465,0.7864390335550274,1.0,1.0,1237
1238,0.8740487609097799,0.00926285588813497,0.00018405914306640625,0.7446831762394491,0.7864310969693952,1.0,1.0,1238
1239,0.8733649017896787,0.009260993820317887,0.00018715858459472656,0.7446816687684148,0.7864231697375399,1.0,1.0,1239
1240,0.8726821395401085,0.00925913362261026,0.0001862049102783203,0.7446801628324465,0.786415251840906,1.0,1.0,1240
1241,0.8721722285520065,0.009257275291634068,0.00020003318786621094,0.744678864592521,0.7864074242476,1.0,1.0,1241
1242,0.8725551307486821,0.0092554188240201,0.0001895427703857422,0.7446774801128752,0.7864004142952256,1.0,1.0,1242
1243,0.8734602207862845,0.009253564216407916,0.00018596649169921875,0.7446762446044688,0.7863938918542475,1.0,1.0,1243
1244,0.8730178974065728,0.009251711465445827,0.0001888275146484375,0.7446751134964603,0.7863876033882071,1.0,1.0,1244
1245,0.8727009712850394,0.009249860567790862,0.00019025802612304688,0.7446741003797457,0.7863813533621128,1.0,1.0,1245
1246,0.8731195568241933,0.009248011520108727,0.00020194053649902344,0.7446728386714548,0.7863748303807224,1.0,1.0,1246
1247,0.872440703329337,0.009246164319073802,0.00018596649169921875,0.7446715781917408,0.7863683149762214,1.0,1.0,1247
1248,0.8717629318417441,0.009244318961369081,0.00018930435180664062,0.7446703189385453,0.7863618071337649,1.0,1.0,1248
1249,0.8712604308406579,0.009242475443686171,0.0001850128173828125,0.7446691079933214,0.7863552423696469,1.0,1.0,1249
1250,0.8725198072507565,0.009240633762725237,0.00018668174743652344,0.7446683207006772,0.78634940866513,1.0,1.0,1250
1251,0.8719130754847355,0.009238793915194988,0.00018739700317382812,0.7446676914700814,0.7863439637384108,1.0,1.0,1251
1252,0.8718492893900133,0.00923695589781265,0.00018787384033203125,0.744667618595935,0.7863421921767966,1.0,1.0,1252
1253,0.8711746373159802,0.009235119707303929,0.00018548965454101562,0.7446672098492999,0.7863368837852599,1.0,1.0,1253
1254,0.8716257615751145,0.009233285340402984,0.0001926422119140625,0.7446667714867726,0.7863314768853958,1.0,1.0,1254
1255,0.8709832861922098,0.009231452793852409,0.0001919269561767578,0.7446666315284713,0.7863297100763214,1.0,1.0,1255
1256,0.8722570225940556,0.00922962206440318,0.00018978118896484375,0.7446668191555501,0.786325169963385,1.0,1.0,1256
1257,0.8740150364647921,0.009227793148814662,0.0001862049102783203,0.7446673238096418,0.7863212422902186,1.0,1.0,1257
1258,0.8736702135883069,0.009225966043854547,0.0001876354217529297,0.7446685748917568,0.7863207705652162,1.0,1.0,1258
1259,0.8732410737644877,0.009224140746298841,0.0001838207244873047,0.7446696909186628,0.7863167502035944,1.0,1.0,1259
1260,0.8736873649741831,0.009222317252931848,0.0001990795135498047,0.7446710223539249,0.7863131843002822,1.0,1.0,1260
1261,0.8736190395607377,0.009220495560546113,0.0001888275146484375,0.7446726831927915,0.786308936077008,1.0,1.0,1261
1262,0.8733923751494201,0.009218675665942424,0.00018858909606933594,0.7446743029041659,0.7863051045654459,1.0,1.0,1262
1263,0.8742916800148827,0.009216857565929763,0.00018525123596191406,0.744675776103513,0.7863000222841916,1.0,1.0,1263
1264,0.8736204446019318,0.009215041257325293,0.00018668174743652344,0.7446772472396921,0.7862949457560378,1.0,1.0,1264
1265,0.8735734317359206,0.00921322673695432,0.0001895427703857422,0.744679132645739,0.7862934830674232,1.0,1.0,1265
1266,0.8733853067017067,0.009211414001650273,0.00019073486328125,0.7446806563025165,0.7862885080457752,1.0,1.0,1266
1267,0.8739977970619458,0.00920960304825467,0.0001862049102783203,0.7446836203908107,0.7862804135934831,1.0,1.0,1267
1268,0.8747413594554716,0.009207793873617098,0.0001888275146484375,0.7446875007242917,0.7862754238744067,1.0,1.0,1268
1269,0.8747067532535558,0.009205986474595187,0.0001971721649169922,0.7446913255444807,0.7862663326851436,1.0,1.0,1269
1270,0.8744344499501908,0.009204180848054572,0.00018858909606933594,0.7446953283861463,0.7862606081601493,1.0,1.0,1270
1271,0.8749225574552971,0.009202376990868878,0.00018739700317382812,0.7446987862678849,0.7862550586520228,1.0,1.0,1271
1272,0.8743999164155694,0.009200574899919689,0.0001881122589111328,0.7447024147897662,0.7862495228628239,1.0,1.0,1272
1273,0.8746308460891498,0.00919877457209652,0.00018978118896484375,0.7447063920282229,0.7862440382369901,1.0,1.0,1273
1274,0.8740375349599423,0.00919697600429679,0.00020003318786621094,0.7447099298386404,0.7862349749774932,1.0,1.0,1274
1275,0.8742834603171558,0.009195179193425803,0.00018858909606933594,0.7447132037015143,0.78622882042312,1.0,1.0,1275
1276,0.8741319929752076,0.009193384136396716,0.0001881122589111328,0.7447166985351633,0.7862224431061301,1.0,1.0,1276
1277,0.873923892870957,0.009191590830130509,0.000186920166015625,0.7447202708408777,0.7862152712066199,1.0,1.0,1277
1278,0.8733731757108568,0.00918979927155597,0.00021767616271972656,0.7447239695561572,0.7862083460846918,1.0,1.0,1278
1279,0.8750239238894872,0.00918800945760966,0.00019168853759765625,0.7447275630735228,0.7862028952479225,1.0,1.0,1279
1280,0.8749378793471393,0.00918622138523589,0.00018835067749023438,0.7447309302155225,0.7861972442635247,1.0,1.0,1280
1281,0.8747243223072755,0.009184435051386695,0.0001881122589111328,0.7447343250791925,0.7861913472880279,1.0,1.0,1281
1282,0.874061570483124,0.00918265045302181,0.00018787384033203125,0.7447377156391365,0.7861854569522174,1.0,1.0,1282
1283,0.8733998615858863,0.009180867587108645,0.00019884109497070312,0.7447411019042238,0.7861795732434673,1.0,1.0,1283
1284,0.8739760349483107,0.009179086450622258,0.00018978118896484375,0.7447444515212348,0.7861709319787988,1.0,1.0,1284
1285,0.8734877037425847,0.009177307040545325,0.00018930435180664062,0.744748281172076,0.7861660388576746,1.0,1.0,1285
1286,0.8728571645158336,0.00917552935386813,0.00019097328186035156,0.7447523256232791,0.7861609726821905,1.0,1.0,1286
1287,0.8733655720499846,0.009173753387588522,0.0001888275146484375,0.7447560749487602,0.7861531379765299,1.0,1.0,1287
1288,0.8728467315093696,0.009171979138711903,0.00019288063049316406,0.7447603562450357,0.7861488299096755,1.0,1.0,1288
1289,0.8722937190180251,0.009170206604251193,0.0001976490020751953,0.7447645495286709,0.7861412339240659,1.0,1.0,1289
1290,0.8719202025934736,0.009168435781226815,0.00019502639770507812,0.7447689749572919,0.7861336867780233,1.0,1.0,1290
1291,0.8717722516292254,0.009166666666666667,0.0001900196075439453,0.7447736149944839,0.7861286274919997,1.0,1.0,1291
1292,0.8714141916230344,0.009164899257606092,0.00020551681518554688,0.744777944286036,0.7861197917492987,1.0,1.0,1292
1293,0.8709450484900382,0.009163133551087861,0.00019073486328125,0.7447826083767913,0.7861111101363975,1.0,1.0,1293
1294,0.8737972145551086,0.009161369544162148,0.000194549560546875,0.7447868538543115,0.786106746275782,1.0,1.0,1294
1295,0.8731447288835628,0.0091596072338865,0.00019693374633789062,0.7447902114639673,0.78609825819388,1.0,1.0,1295
1296,0.8725738177278289,0.009157846617325818,0.00019240379333496094,0.7447936913499659,0.7860900972982452,1.0,1.0,1296
1297,0.8720898777298671,0.009156087691552333,0.00020051002502441406,0.7447976379505731,0.786085483399911,1.0,1.0,1297
1298,0.8714373776582421,0.009154330453645575,0.00019931793212890625,0.7448012612347478,0.7860775178286132,1.0,1.0,1298
1299,0.870785912128412,0.009152574900692365,0.0001926422119140625,0.7448048800003658,0.7860695612198683,1.0,1.0,1299
1300,0.8724838364770632,0.009150821029786768,0.00019407272338867188,0.7448091427452691,0.7860665853038405,1.0,1.0,1300
1301,0.8718714939935904,0.0091490688380301,0.00021147727966308594,0.7448124981747245,0.786058615926321,1.0,1.0,1301
1302,0.8715214544149864,0.009147318322530868,0.00019598007202148438,0.744815641587781,0.786050436221791,1.0,1.0,1302
1303,0.8708718088136708,0.009145569480404778,0.00019812583923339844,0.7448187810562341,0.7860422657034385,1.0,1.0,1303
1304,0.8736409288987245,0.009143822308774696,0.0001933574676513672,0.7448209309557905,0.7860400013537213,1.0,1.0,1304
1305,0.8734514237962828,0.009142076804770624,0.0002002716064453125,0.7448224600190195,0.7860309397143481,1.0,1.0,1305
1306,0.8728656354210237,0.009140332965529688,0.00019669532775878906,0.7448240776857341,0.7860220655560697,1.0,1.0,1306
1307,0.874883624547739,0.009138590788196104,0.00019550323486328125,0.74482665586532,0.7860130859444305,1.0,1.0,1307
1308,0.8755147205518464,0.009136850269921159,0.0001926422119140625,0.7448294723003164,0.7860040460387154,1.0,1.0,1308
1309,0.8755857325523395,0.009135111407863186,0.00019502639770507812,0.7448321140477036,0.7859950441448934,1.0,1.0,1309
1310,0.8759824738902873,0.009133374199187545,0.0002090930938720703,0.744834527639596,0.7859864583018934,1.0,1.0,1310
1311,0.8758333702355384,0.0091316386410666,0.00025081634521484375,0.7448371972111572,0.7859780270681784,1.0,1.0,1311
1312,0.8752023926412121,0.009129904730679693,0.00019669532775878906,0.7448393878926288,0.7859653967654413,1.0,1.0,1312
1313,0.8746933829543555,0.009128172465213122,0.000202178955078125,0.7448416549542433,0.7859530348029908,1.0,1.0,1313
1314,0.8747001144807165,0.009126441841860122,0.00020599365234375,0.7448445731547594,0.7859439017342439,1.0,1.0,1314
1315,0.8768653233604459,0.009124712857820844,0.0001952648162841797,0.7448483215229522,0.7859295570517727,1.0,1.0,1315
1316,0.876386274917275,0.00912298551030232,0.0001952648162841797,0.7448524883061439,0.7859184894014873,1.0,1.0,1316
1317,0.8759701050003507,0.009121259796518458,0.0001938343048095703,0.7448568746322948,0.7859076048037599,1.0,1.0,1317
1318,0.875324054286411,0.009119535713690008,0.00019550323486328125,0.7448612556361713,0.7858967324093261,1.0,1.0,1318
1319,0.8748050779964318,0.009117813259044547,0.00020051002502441406,0.7448658533123045,0.7858863218058761,1.0,1.0,1319
1320,0.8753037997059557,0.009116092429816456,0.00019359588623046875,0.7448712384881583,0.7858730339892045,1.0,1.0,1320
1321,0.8746594123353139,0.009114373223246885,0.00019669532775878906,0.7448766172055421,0.7858597611053421,1.0,1.0,1321
1322,0.8741936045578391,0.009112655636583759,0.00019669532775878906,0.7448817018663553,0.7858464905994562,1.0,1.0,1322
1323,0.8735717064557768,0.009110939667081729,0.00020694732666015625,0.7448868333219688,0.7858336208229791,1.0,1.0,1323
1324,0.8732475102061719,0.009109225312002164,0.00019812583923339844,0.7448922950738835,0.7858204188677931,1.0,1.0,1324
1325,0.8728145279229077,0.009107512568613129,0.00019359588623046875,0.7448975687708754,0.78580411913192,1.0,1.0,1325
1326,0.8729761215574887,0.00910580143418936,0.00019788742065429688,0.7449033227043228,0.7857903142420929,1.0,1.0,1326
1327,0.8726410619089154,0.009104091906012243,0.00019741058349609375,0.7449091654152366,0.7857759663704965,1.0,1.0,1327
1328,0.8727158259887979,0.009102383981369797,0.00020575523376464844,0.7449152585584744,0.7857614698770509,1.0,1.0,1328
1329,0.8720771819775776,0.00910067765755665,0.00019550323486328125,0.7449213444683791,0.7857469895995733,1.0,1.0,1329
1330,0.871439495570298,0.009098972931874012,0.00019741058349609375,0.7449274231590715,0.785732525507671,1.0,1.0,1330
1331,0.8710398089302591,0.00909726980162967,0.00019884109497070312,0.7449337052176996,0.7857182700583661,1.0,1.0,1331
1332,0.8748619828176376,0.00909556826413795,0.00020647048950195312,0.7449400048117522,0.7857061292373149,1.0,1.0,1332
1333,0.8745674981651334,0.009093868316719706,0.00020122528076171875,0.7449463445137064,0.7856940365218424,1.0,1.0,1333
1334,0.8739300245942718,0.009092169956702293,0.00020194053649902344,0.7449523710743756,0.7856787350946232,1.0,1.0,1334
1335,0.873534086425554,0.009090473181419555,0.0001990795135498047,0.7449585876841823,0.7856662881711177,1.0,1.0,1335
1336,0.8729488741177328,0.009088777988211796,0.000209808349609375,0.744964967515653,0.785654016568237,1.0,1.0,1336
1337,0.8731326988725143,0.009087084374425763,0.00019860267639160156,0.74497146905611,0.7856416701785303,1.0,1.0,1337
1338,0.8728075109399587,0.009085392337414632,0.00020003318786621094,0.7449777482155803,0.7856262486480493,1.0,1.0,1338
1339,0.872173926680055,0.00908370187453797,0.0001971721649169922,0.7449843239450987,0.7856140484241094,1.0,1.0,1339
1340,0.8718237860667853,0.009082012983161733,0.00019860267639160156,0.7449909283817202,0.7856019559669021,1.0,1.0,1340
1341,0.8714275061867882,0.00908032566065824,0.000209808349609375,0.7449974318127736,0.7855868654450555,1.0,1.0,1341
1342,0.8711914354413322,0.00907863990440615,0.0001983642578125,0.7450043502698851,0.7855750996877355,1.0,1.0,1342
1343,0.8707503467498656,0.009076955711790438,0.00019502639770507812,0.7450114807728163,0.7855635389272362,1.0,1.0,1343
1344,0.8701872917818114,0.009075273080202392,0.00019669532775878906,0.7450183202932468,0.7855488910789689,1.0,1.0,1344
1345,0.8697527999643058,0.00907359200703957,0.00021123886108398438,0.7450255832658905,0.7855373713500997,1.0,1.0,1345
1346,0.8695465659850663,0.009071912489705803,0.0001933574676513672,0.745032714702366,0.785522340467899,1.0,1.0,1346
1347,0.868919230308362,0.009070234525611159,0.00019550323486328125,0.7450401390939325,0.7855105019203316,1.0,1.0,1347
1348,0.8687312697532469,0.00906855811217193,0.0001971721649169922,0.7450472032187606,0.7854954753019981,1.0,1.0,1348
1349,0.8681054674361051,0.009066883246810608,0.00019860267639160156,0.7450545597211599,0.7854836339499718,1.0,1.0,1349
1350,0.86778321520973,0.009065209926955878,0.00020647048950195312,0.7450617581995088,0.7854687427212701,1.0,1.0,1350
1351,0.8699612012917625,0.009063538150042577,0.0002052783966064453,0.7450697837220777,0.7854573062267296,1.0,1.0,1351
1352,0.8702372384092356,0.009061867913511698,0.00019788742065429688,0.7450772443443913,0.7854429034473134,1.0,1.0,1352
1353,0.870217890412304,0.009060199214810353,0.0001976490020751953,0.7450849660242941,0.7854318143644891,1.0,1.0,1353
1354,0.8696825793539978,0.009058532051391767,0.00021195411682128906,0.7450922291868116,0.7854172940871148,1.0,1.0,1354
1355,0.8691494729348959,0.009056866420715244,0.00019860267639160156,0.7450993545880056,0.7854011040955146,1.0,1.0,1355
1356,0.8721741817206669,0.009055202320246168,0.00019502639770507812,0.7451063598317718,0.7853891098542214,1.0,1.0,1356
1357,0.8718640476931169,0.009053539747455963,0.00020051002502441406,0.7451133796752916,0.7853737596614428,1.0,1.0,1357
1358,0.871821699419498,0.009051878699822088,0.0001952648162841797,0.7451207835357964,0.7853615207427077,1.0,1.0,1358
1359,0.871197837046882,0.009050219174828018,0.00020051002502441406,0.7451273983530317,0.7853452752233008,1.0,1.0,1359
1360,0.871080361695043,0.009048561169963209,0.00020122528076171875,0.745134496091257,0.7853328859821445,1.0,1.0,1360
1361,0.8705217976386206,0.009046904682723109,0.00020170211791992188,0.7451409239213441,0.7853166230036521,1.0,1.0,1361
1362,0.870042618446184,0.009045249710609105,0.00020241737365722656,0.7451475292315328,0.785303398748361,1.0,1.0,1362
1363,0.8700636080736447,0.009043596251128537,0.0002155303955078125,0.74515424604239,0.785289856744451,1.0,1.0,1363
1364,0.8697373068855073,0.009041944301794651,0.0002033710479736328,0.7451606933259249,0.7852733808491061,1.0,1.0,1364
1365,0.8700546938573239,0.009040293860126603,0.00019979476928710938,0.7451677526318323,0.785259200521923,1.0,1.0,1365
1366,0.8698220851414995,0.009038644923649426,0.00020360946655273438,0.7451750048527679,0.7852452173986884,1.0,1.0,1366
1367,0.8702634581689069,0.009036997489894023,0.00021696090698242188,0.7451818911621113,0.7852314306174963,1.0,1.0,1367
1368,0.8721462508448514,0.009035351556397137,0.0002014636993408203,0.7451885217822317,0.785218314606027,1.0,1.0,1368
1369,0.872271164551832,0.009033707120701343,0.0002033710479736328,0.7451945974736528,0.7852021107127655,1.0,1.0,1369
1370,0.8717341556355407,0.009032064180355025,0.00020194053649902344,0.7452009710048094,0.7851890607551242,1.0,1.0,1370
1371,0.8718281726641294,0.009030422732912357,0.00019860267639160156,0.745207041754074,0.7851761760401413,1.0,1.0,1371
1372,0.8712104453078721,0.009028782775933292,0.00020241737365722656,0.7452131055312003,0.785163305263138,1.0,1.0,1372
1373,0.8709205020625241,0.009027144306983537,0.000202178955078125,0.7452182256495087,0.7851460933837103,1.0,1.0,1373
1374,0.8707410934969855,0.009025507323634531,0.0001995563507080078,0.7452240861345452,0.7851319940251639,1.0,1.0,1374
1375,0.8705369183034486,0.009023871823463448,0.00020194053649902344,0.7452299811500483,0.7851180587765524,1.0,1.0,1375
1376,0.8705706450015733,0.009022237804053153,0.00021004676818847656,0.7452354871209227,0.7851042065415703,1.0,1.0,1376
1377,0.8714421144571548,0.009020605262992204,0.00019931793212890625,0.7452414772078225,0.7850900166984883,1.0,1.0,1377
1378,0.8710297493445742,0.009018974197874821,0.00020170211791992188,0.7452473827336137,0.7850729397794356,1.0,1.0,1378
1379,0.8706166863395522,0.009017344606300885,0.0001990795135498047,0.7452538185711645,0.785058981232862,1.0,1.0,1379
1380,0.8706901332675622,0.009015716485875897,0.00021696090698242188,0.7452605705672554,0.7850442715825259,1.0,1.0,1380
1381,0.8700768987089492,0.009014089834210988,0.0002033710479736328,0.7452673148870602,0.7850295777826122,1.0,1.0,1381
1382,0.8697849913134315,0.009012464648922875,0.0002052783966064453,0.7452742666194889,0.7850150450547605,1.0,1.0,1382
1383,0.8691732980697824,0.00901084092763387,0.0002033710479736328,0.745281210467423,0.7850005279599424,1.0,1.0,1383
1384,0.8707445277082736,0.00900921866797184,0.00020170211791992188,0.7452885843196276,0.7849866327386953,1.0,1.0,1384
1385,0.8701328712843093,0.009007597867570204,0.000202178955078125,0.7452959498396254,0.7849727524333567,1.0,1.0,1385
1386,0.8698228773564066,0.009005978524067912,0.00020074844360351562,0.7453036200488452,0.7849589786951437,1.0,1.0,1386
1387,0.8697649698234011,0.009004360635109426,0.0002040863037109375,0.7453105793068208,0.7849445618857509,1.0,1.0,1387
1388,0.8701081715736128,0.009002744198344709,0.00020122528076171875,0.7453173525304579,0.7849298755490516,1.0,1.0,1388
1389,0.8702622870377514,0.009001129211429197,0.0002110004425048828,0.745324053151817,0.7849146170004973,1.0,1.0,1389
1390,0.8698247986477285,0.008999515672023799,0.00020241737365722656,0.7453308054332242,0.7848973199102243,1.0,1.0,1390
1391,0.8692164400131546,0.008997903577794866,0.0002033710479736328,0.7453379858208972,0.7848838974107152,1.0,1.0,1391
1392,0.8686089530806191,0.008996292926414176,0.00020241737365722656,0.7453451581304271,0.7848704892382244,1.0,1.0,1392
1393,0.8695047192943685,0.00899468371555893,0.00021338462829589844,0.7453525187721866,0.7848560982597044,1.0,1.0,1393
1394,0.8690354728945328,0.008993075942911719,0.00020051002502441406,0.7453588700559,0.784840917151209,1.0,1.0,1394
1395,0.8686482056200292,0.008991469606160518,0.0002009868621826172,0.7453654264788463,0.7848255536244215,1.0,1.0,1395
1396,0.8685198429039723,0.008989864702998666,0.0001995563507080078,0.7453721128288335,0.7848102384742152,1.0,1.0,1396
1397,0.8687514544376456,0.008988261231124854,0.0002014636993408203,0.7453787298515806,0.7847950196903557,1.0,1.0,1397
1398,0.868959159071127,0.0089866591882431,0.00021266937255859375,0.7453852926811544,0.784780020401561,1.0,1.0,1398
1399,0.869539690499421,0.008985058572062738,0.0001995563507080078,0.745391693768183,0.7847653429838967,1.0,1.0,1399
1400,0.8659020055966218,0.00898345938029841,1.6812934875488281,0.7995984397121417,0.7728544795244323,1.0,1.0,1400
1401,0.8666245332947204,0.008981861610670033,0.00032639503479003906,0.7995951264003821,0.7728582702228897,1.0,1.0,1401
1402,0.8660558927916869,0.008980265260902797,0.00022983551025390625,0.7995910389586924,0.7728545488201652,1.0,1.0,1402
1403,0.8658172202885519,0.008978670328727144,0.00021457672119140625,0.7995877560848558,0.7728552519589554,1.0,1.0,1403
1404,0.8661750788193262,0.00897707681187875,0.0002090930938720703,0.7995842718384619,0.7728563678768313,1.0,1.0,1404
1405,0.8655770199294704,0.008975484708098513,0.000225067138671875,0.7995807911900306,0.7728574822344646,1.0,1.0,1405
1406,0.865687034055281,0.008973894015132537,0.00020742416381835938,0.7995766356841074,0.7728563529727146,1.0,1.0,1406
1407,0.8653872911248678,0.008972304730732114,0.00020694732666015625,0.7995733184155722,0.772857432377538,1.0,1.0,1407
1408,0.864918674057329,0.008970716852653708,0.00020551681518554688,0.7995701975473344,0.7728583908898193,1.0,1.0,1408
1409,0.8652801043092637,0.008969130378658943,0.00021648406982421875,0.7995664760167298,0.7728594653474624,1.0,1.0,1409
1410,0.8647301611401756,0.008967545306514587,0.0002048015594482422,0.799562970610156,0.7728604763014465,1.0,1.0,1410
1411,0.8641356095192406,0.00896596163399253,0.00020503997802734375,0.7995588025412971,0.7728594657062738,1.0,1.0,1411
1412,0.8635418795635039,0.00896437935886978,0.0002086162567138672,0.799555304346878,0.7728604738074373,1.0,1.0,1412
1413,0.8629489858752584,0.008962798478928436,0.0002193450927734375,0.7995518097443486,0.7728614804716972,1.0,1.0,1413
1414,0.8647132899258796,0.008961218991955682,0.00020885467529296875,0.7995489042491815,0.772863413303904,1.0,1.0,1414
1415,0.8642840192644867,0.008959640895743765,0.0002048015594482422,0.7995454869352365,0.7728633500374653,1.0,1.0,1415
1416,0.8636918735000414,0.008958064188089985,0.0002067089080810547,0.7995431237962974,0.7728656457384444,1.0,1.0,1416
1417,0.8660010384094712,0.008956488866796676,0.0002067089080810547,0.7995393270603148,0.7728675073017416,1.0,1.0,1417
1418,0.8654084874872269,0.00895491492967119,0.00020742416381835938,0.7995355342279251,0.7728693665296364,1.0,1.0,1418
1419,0.8648612961125077,0.008953342374525894,0.00020813941955566406,0.7995319884987327,0.7728705539408817,1.0,1.0,1419
1420,0.8668639377260516,0.008951771199178135,0.0002090930938720703,0.7995285775200892,0.7728729574021235,1.0,1.0,1420
1421,0.8663130546927618,0.008950201401450242,0.00020813941955566406,0.7995253899015993,0.7728755139694485,1.0,1.0,1421
1422,0.8677225876463059,0.008948632979169502,0.00022101402282714844,0.7995222189778499,0.7728779184095658,1.0,1.0,1422
1423,0.8673315232980807,0.00894706593016815,0.00020766258239746094,0.7995192361025844,0.7728803644526192,1.0,1.0,1423
1424,0.8670355305817727,0.008945500252283353,0.00020885467529296875,0.7995158446443607,0.7728823997572261,1.0,1.0,1424
1425,0.8677776597126896,0.008943935943357191,0.0002079010009765625,0.7995131583526464,0.7728842527023686,1.0,1.0,1425
1426,0.8676892328742335,0.008942373001236653,0.0002186298370361328,0.7995103441268665,0.7728860912966664,1.0,1.0,1426
1427,0.8699858615273117,0.008940811423773606,0.00020599365234375,0.7995073017319819,0.7728889722133454,1.0,1.0,1427
1428,0.8702788658972805,0.008939251208824798,0.00020503997802734375,0.7995043619334729,0.7728922540356358,1.0,1.0,1428
1429,0.869687786891633,0.008937692354251837,0.00020623207092285156,0.799501425104756,0.772895532045648,1.0,1.0,1429
1430,0.8696668488624693,0.008936134857921168,0.00021767616271972656,0.7994987545220681,0.772898944612194,1.0,1.0,1430
1431,0.8692218859991325,0.00893457871770407,0.00020575523376464844,0.7994955816513809,0.7729020915903925,1.0,1.0,1431
1432,0.8687774843747738,0.008933023931476639,0.00020742416381835938,0.7994924159676978,0.7729052072259407,1.0,1.0,1432
1433,0.868470218189278,0.00893147049711977,0.00020813941955566406,0.7994889737016774,0.7729071730476526,1.0,1.0,1433
1434,0.8679621657873646,0.008929918412519144,0.00021791458129882812,0.7994861372853985,0.772910417359042,1.0,1.0,1434
1435,0.8673751545175464,0.00892836767556522,0.0002067089080810547,0.7994828295035731,0.7729124780912698,1.0,1.0,1435
1436,0.8676039780217343,0.008926818284153213,0.0002079010009765625,0.799479792579504,0.7729156311482095,1.0,1.0,1436
1437,0.8677367443368057,0.008925270236183084,0.0002086162567138672,0.7994753787760716,0.7729170234775603,1.0,1.0,1437
1438,0.8672169995722769,0.008923723529559524,0.00020813941955566406,0.7994710728522334,0.7729193562926079,1.0,1.0,1438
1439,0.8674482955110698,0.00892217816219194,0.0002181529998779297,0.7994658964849554,0.772920630658393,1.0,1.0,1439
1440,0.8676722023786286,0.008920634131994445,0.0002071857452392578,0.7994603721878195,0.7729216399919906,1.0,1.0,1440
1441,0.8676503165119348,0.00891909143688584,0.0002105236053466797,0.799455558058812,0.7729248751518069,1.0,1.0,1441
1442,0.8679487066900802,0.008917550074789601,0.00020837783813476562,0.7994505243249318,0.7729277947947617,1.0,1.0,1442
1443,0.8677724385909327,0.008916010043633871,0.00021910667419433594,0.7994441365354953,0.7729277071099587,1.0,1.0,1443
1444,0.8677758894126781,0.00891447134135143,0.00020813941955566406,0.7994386173359308,0.7729308218317326,1.0,1.0,1444
1445,0.8671929542537453,0.008912933965879706,0.0002067089080810547,0.7994331037825027,0.772933932972027,1.0,1.0,1445
1446,0.8669214732607142,0.008911397915160739,0.0002028942108154297,0.799427689284811,0.7729370042830649,1.0,1.0,1446
1447,0.8667152456061307,0.008909863187141178,0.00022172927856445312,0.7994224031482793,0.7729401618424538,1.0,1.0,1447
1448,0.866134244020144,0.008908329779772267,0.0002071857452392578,0.7994166545448279,0.7729421425241018,1.0,1.0,1448
1449,0.86555401506205,0.008906797691009834,0.0002105236053466797,0.7994113791845878,0.7729452928667555,1.0,1.0,1449
1450,0.8650988429952741,0.008905266918814268,0.0002086162567138672,0.7994062782899093,0.7729484383826097,1.0,1.0,1450
1451,0.8645359744839958,0.008903737461150519,0.00021839141845703125,0.7994009101432493,0.7729505965513078,1.0,1.0,1451
1452,0.8640106952777292,0.008902209315988067,0.0002117156982421875,0.7993962877250627,0.7729540442575589,1.0,1.0,1452
1453,0.8634335333209672,0.00890068248130093,0.0002117156982421875,0.7993916699826857,0.7729574880499297,1.0,1.0,1453
1454,0.8633825225304113,0.008899156955067634,0.00021219253540039062,0.7993862259945357,0.7729594029709542,1.0,1.0,1454
1455,0.8654057503251609,0.00889763273527121,0.000217437744140625,0.7993805081708039,0.7729640728228085,1.0,1.0,1455
1456,0.8658397483601585,0.008896109819899172,0.00021004676818847656,0.7993738857713116,0.7729663720277492,1.0,1.0,1456
1457,0.8694973787759906,0.008894588206943515,0.0002090930938720703,0.7993672831223841,0.7729701791399493,1.0,1.0,1457
1458,0.8689950326663702,0.008893067894400692,0.000209808349609375,0.7993609217263844,0.7729741684252482,1.0,1.0,1458
1459,0.8696683443479761,0.0088915488802716,0.00020956993103027344,0.7993543898551891,0.7729784026092006,1.0,1.0,1459
1460,0.8693156864856955,0.008890031162561585,0.0002186298370361328,0.79934805075281,0.772982829369241,1.0,1.0,1460
1461,0.8689450815182901,0.008888514739280404,0.0002105236053466797,0.7993416428214434,0.772986954064433,1.0,1.0,1461
1462,0.8684921083527656,0.008886999608442232,0.00021147727966308594,0.7993349414137433,0.7729900708026972,1.0,1.0,1462
1463,0.8680490072933656,0.008885485768065636,0.00020766258239746094,0.7993288603338385,0.7729945303142989,1.0,1.0,1463
1464,0.8685182457919858,0.008883973216173568,0.00022172927856445312,0.7993231405475482,0.7729985763853575,1.0,1.0,1464
1465,0.8718214296023576,0.008882461950793358,0.00021195411682128906,0.7993167544988928,0.7730050957710571,1.0,1.0,1465
1466,0.871551127963836,0.008880951969956696,0.00020837783813476562,0.7993092414882176,0.7730080455568893,1.0,1.0,1466
1467,0.8709867444447092,0.008879443271699606,0.00021266937255859375,0.7993023007951987,0.7730122720067578,1.0,1.0,1467
1468,0.8704834706794813,0.00887793585406246,0.00022149085998535156,0.7992958780457229,0.7730186643705175,1.0,1.0,1468
1469,0.8708746978085871,0.008876429715089944,0.00021123886108398438,0.7992882708629798,0.7730224371112051,1.0,1.0,1469
1470,0.8711110598636421,0.008874924852831062,0.0002155303955078125,0.7992811023642319,0.7730275922700304,1.0,1.0,1470
1471,0.8710666389862202,0.008873421265339104,0.00021386146545410156,0.7992737195667559,0.773031388465053,1.0,1.0,1471
1472,0.8705059910051239,0.008871918950671654,0.00022220611572265625,0.7992670569346876,0.7730363862101959,1.0,1.0,1472
1473,0.8707785122389544,0.008870417906890558,0.0002117156982421875,0.7992599432670502,0.7730420846441346,1.0,1.0,1473
1474,0.8708155335359843,0.008868918132061936,0.00021409988403320312,0.7992525902667181,0.7730468145521017,1.0,1.0,1474
1475,0.8707175423058334,0.008867419624256145,0.00020813941955566406,0.7992456385119072,0.7730523698441789,1.0,1.0,1475
1476,0.8703446991407223,0.00886592238154778,0.00022459030151367188,0.7992381266135651,0.7730562220767686,1.0,1.0,1476
1477,0.8698188928177971,0.008864426402015662,0.00021028518676757812,0.799231393499581,0.7730604941638181,1.0,1.0,1477
1478,0.8695135404120482,0.00886293168374282,0.00021028518676757812,0.799225604323954,0.7730668021474935,1.0,1.0,1478
1479,0.8690214286451251,0.008861438224816484,0.00021147727966308594,0.7992192636460536,0.7730713210855109,1.0,1.0,1479
1480,0.8686723409955214,0.00885994602332807,0.0002110004425048828,0.7992132225825098,0.7730758534138988,1.0,1.0,1480
1481,0.8684413442310484,0.008858455077373173,0.0002129077911376953,0.7992075062720424,0.7730804577140955,1.0,1.0,1481
1482,0.8684581195957783,0.00885696538505155,0.00021505355834960938,0.7992013744414723,0.7730851013248651,1.0,1.0,1482
1483,0.8679683601747973,0.008855476944467103,0.000213623046875,0.7991952750556383,0.7730898341945488,1.0,1.0,1483
1484,0.8686350139046634,0.008853989753727882,0.0002124309539794922,0.7991892295336186,0.7730942726254524,1.0,1.0,1484
1485,0.8680667314034507,0.00885250381094606,0.0002281665802001953,0.7991827395217266,0.7730975764212562,1.0,1.0,1485
1486,0.868094697429668,0.00885101911423793,0.0002117156982421875,0.7991766159001358,0.7731033035249237,1.0,1.0,1486
1487,0.86767848316816,0.008849535661723884,0.0002124309539794922,0.7991700749070765,0.7731072663287122,1.0,1.0,1487
1488,0.8677317364798144,0.008848053451528412,0.00021457672119140625,0.7991636683855973,0.7731112295518997,1.0,1.0,1488
1489,0.8674012811311846,0.00884657248178008,0.00022649765014648438,0.799157551579409,0.7731153491378412,1.0,1.0,1489
1490,0.8669142123457255,0.008845092750611528,0.0002124309539794922,0.7991522941847146,0.7731214884167781,1.0,1.0,1490
1491,0.8665816531915784,0.00884361425615945,0.00021409988403320312,0.7991442647575875,0.7731234678651961,1.0,1.0,1491
1492,0.8665789904556307,0.008842136996564588,0.00021600723266601562,0.7991382487574722,0.7731274638312816,1.0,1.0,1492
1493,0.8661205051287643,0.008840660969971718,0.00023126602172851562,0.7991314744177977,0.7731284839929654,1.0,1.0,1493
1494,0.8657964214534796,0.008839186174529641,0.0002143383026123047,0.7991254918107632,0.7731314482411458,1.0,1.0,1494
1495,0.866889602647281,0.008837712608391168,0.00021910667419433594,0.7991197590080756,0.773134629051155,1.0,1.0,1495
1496,0.8668429953558541,0.008836240269713113,0.0002143383026123047,0.7991134264367772,0.7731375341195909,1.0,1.0,1496
1497,0.8667635283477346,0.008834769156656277,0.00022792816162109375,0.7991071418953004,0.7731405907724244,1.0,1.0,1497
1498,0.8674142314808923,0.00883329926738544,0.00021958351135253906,0.7991001078849597,0.7731441845637758,1.0,1.0,1498
1499,0.8668907437094677,0.008831830600069345,0.00021266937255859375,0.7990929745713554,0.7731474492936704,1.0,1.0,1499
1500,0.866605446697902,0.008830363152880698,0.00021696090698242188,0.799085513857865,0.7731515092554686,1.0,1.0,1500
1501,0.8668890328487041,0.008828896923996143,0.00022149085998535156,0.7990777994208875,0.7731554569796265,1.0,1.0,1501
1502,0.8673757001900314,0.008827431911596262,0.00021505355834960938,0.7990704125628723,0.7731593887634329,1.0,1.0,1502
1503,0.8676042237171245,0.008825968113865554,0.00021719932556152344,0.7990628388735749,0.7731626521225482,1.0,1.0,1503
1504,0.8671782747478417,0.008824505528992431,0.00021529197692871094,0.7990550954288598,0.7731659925349058,1.0,1.0,1504
1505,0.8669023351152465,0.008823044155169208,0.00022602081298828125,0.7990471827577759,0.7731694759688232,1.0,1.0,1505
1506,0.8664450951394398,0.008821583990592087,0.0002167224884033203,0.7990392913788594,0.7731729001056777,1.0,1.0,1506
1507,0.8658864083840132,0.008820125033461149,0.00021505355834960938,0.7990314078048888,0.7731763204965054,1.0,1.0,1507
1508,0.8657048101229117,0.008818667281980335,0.00021719932556152344,0.7990240490426186,0.7731781286278497,1.0,1.0,1508
1509,0.8651474266316097,0.008817210734357457,0.0002269744873046875,0.7990166975387818,0.7731799346444127,1.0,1.0,1509
1510,0.8647105541188596,0.008815755388804159,0.00021386146545410156,0.7990095383947708,0.7731819304104645,1.0,1.0,1510
1511,0.8643636926550448,0.008814301243535928,0.0002162456512451172,0.7990025160763926,0.77318407101632,1.0,1.0,1511
1512,0.8638288907763648,0.00881284829677207,0.00021457672119140625,0.7989957107524875,0.7731863765397848,1.0,1.0,1512
1513,0.8637823471910081,0.00881139654673571,0.00022912025451660156,0.7989887995154072,0.7731888366377957,1.0,1.0,1513
1514,0.8633552402627407,0.008809945991653769,0.00021409988403320312,0.7989821024114845,0.7731914154893761,1.0,1.0,1514
1515,0.8628015986174691,0.008808496629756963,0.00021648406982421875,0.7989754118719048,0.7731939914577786,1.0,1.0,1515
1516,0.8623459136898904,0.008807048459279793,0.00021719932556152344,0.798968981253271,0.7731967068648467,1.0,1.0,1516
1517,0.8620606248454716,0.008805601478460524,0.0002295970916748047,0.7989627968765078,0.7731995821466938,1.0,1.0,1517
1518,0.8622741259493552,0.008804155685541189,0.0002243518829345703,0.7989572492940147,0.7732015758579877,1.0,1.0,1518
1519,0.8620444168063064,0.008802711078767565,0.00021958351135253906,0.7989521673550342,0.7732035788951046,1.0,1.0,1519
1520,0.8623012551806772,0.008801267656389167,0.00021529197692871094,0.7989470955908822,0.7732055774862323,1.0,1.0,1520
1521,0.8621525603840756,0.008799825416659248,0.00022935867309570312,0.7989420377728703,0.7732076511025671,1.0,1.0,1521
1522,0.8616370380909005,0.008798384357834772,0.00021958351135253906,0.7989370807789377,0.7732099611504233,1.0,1.0,1522
1523,0.8610872659369745,0.008796944478176411,0.0002148151397705078,0.7989321285782092,0.7732122685954346,1.0,1.0,1523
1524,0.861460922707737,0.00879550577594854,0.00022077560424804688,0.7989283332759897,0.7732133458875063,1.0,1.0,1524
1525,0.8615062953183215,0.008794068249419218,0.00022840499877929688,0.7989246439407607,0.7732142836863511,1.0,1.0,1525
1526,0.8618144012728584,0.008792631896860182,0.00021576881408691406,0.7989209103103988,0.7732153848115186,1.0,1.0,1526
1527,0.8616111274948881,0.008791196716546837,0.00022172927856445312,0.7989171907289736,0.7732167547254124,1.0,1.0,1527
1528,0.861412350654409,0.008789762706758245,0.0002167224884033203,0.7989132750712987,0.7732179814751811,1.0,1.0,1528
1529,0.8608648631452462,0.008788329865777114,0.0002243518829345703,0.7989093631539881,0.7732192067090703,1.0,1.0,1529
1530,0.8605965491067096,0.008786898191889792,0.00022363662719726562,0.7989055544181544,0.7732204675167073,1.0,1.0,1530
1531,0.8605414251455182,0.008785467683386247,0.00021958351135253906,0.7989014742494467,0.77322136741843,1.0,1.0,1531
1532,0.8599956832899952,0.00878403833856007,0.00021791458129882812,0.7988973979765933,0.7732222661307588,1.0,1.0,1532
1533,0.8609109823664447,0.008782610155708458,0.00023221969604492188,0.7988935449756728,0.77322330482371,1.0,1.0,1533
1534,0.8605187196250503,0.008781183133132203,0.00021982192993164062,0.7988898722969942,0.7732243965671033,1.0,1.0,1534
1535,0.8602633241315211,0.008779757269135682,0.00021696090698242188,0.7988863844373258,0.7732254215361748,1.0,1.0,1535
1536,0.8615370775360651,0.008778332562026855,0.00022149085998535156,0.798882915267669,0.7732263069035759,1.0,1.0,1536
1537,0.8609925048100613,0.008776909010117245,0.00023317337036132812,0.7988794493791568,0.7732271911032885,1.0,1.0,1537
1538,0.8607868056302396,0.00877548661172193,0.00021719932556152344,0.7988755725246071,0.7732278776639905,1.0,1.0,1538
1539,0.8604927167663092,0.008774065365159543,0.00022864341735839844,0.7988718721795636,0.7732286465363815,1.0,1.0,1539
1540,0.8601833687480437,0.008772645268752243,0.00022363662719726562,0.7988684028880368,0.7732294796032302,1.0,1.0,1540
1541,0.8606225585596667,0.00877122632082573,0.00023555755615234375,0.7988651570241074,0.7732304168270523,1.0,1.0,1541
1542,0.8600803475381605,0.008769808519709217,0.0002224445343017578,0.7988619142103284,0.7732313528351021,1.0,1.0,1542
1543,0.8595826384133354,0.00876839186373542,0.00022530555725097656,0.7988587921097892,0.773232388041001,1.0,1.0,1543
1544,0.8593276077014477,0.008766976351240562,0.00021886825561523438,0.7988558021629548,0.7732335319890429,1.0,1.0,1544
1545,0.8608276265892316,0.008765561980564354,0.00023436546325683594,0.7988531345787542,0.7732348382506845,1.0,1.0,1545
1546,0.8623213372270099,0.00876414875004998,0.00022101402282714844,0.7988502246594672,0.7732364567624073,1.0,1.0,1546
1547,0.862808674359902,0.008762736658044102,0.00021886825561523438,0.7988460186547073,0.7732372492121498,1.0,1.0,1547
1548,0.8623114544219703,0.008761325702896844,0.00022172927856445312,0.7988420248304253,0.7732378792346469,1.0,1.0,1548
1549,0.8630729805195879,0.008759915882961775,0.00023436546325683594,0.7988382554052126,0.7732384908798453,1.0,1.0,1549
1550,0.8628679805004699,0.008758507196595907,0.00022077560424804688,0.7988342076363248,0.7732393418281106,1.0,1.0,1550
1551,0.8624721598951763,0.008757099642159687,0.00022149085998535156,0.7988301829021566,0.773240320840927,1.0,1.0,1551
1552,0.8626551494238432,0.008755693218016987,0.00022339820861816406,0.7988263568899322,0.7732410386710105,1.0,1.0,1552
1553,0.8636341663761814,0.008754287922535086,0.0002295970916748047,0.7988215857027291,0.773241407138197,1.0,1.0,1553
1554,0.8632108406902912,0.008752883754084674,0.0002224445343017578,0.7988170006487332,0.773241838720591,1.0,1.0,1554
1555,0.8638017094234753,0.008751480711039835,0.0002269744873046875,0.7988115100186355,0.7732416635739918,1.0,1.0,1555
1556,0.8652452353525425,0.008750078791778035,0.0002231597900390625,0.7988066871371113,0.7732415328322617,1.0,1.0,1556
1557,0.8648232668969843,0.008748677994680121,0.0002334117889404297,0.7988019900360527,0.7732415015813723,1.0,1.0,1557
1558,0.8645291408562659,0.008747278318130306,0.0002281665802001953,0.7987969260174759,0.7732412189653955,1.0,1.0,1558
1559,0.8639905161527285,0.008745879760516164,0.0002269744873046875,0.798791866792491,0.7732409363457813,1.0,1.0,1559
1560,0.8641854564888506,0.008744482320228612,0.00022411346435546875,0.7987864914097682,0.7732404327810246,1.0,1.0,1560
1561,0.8637720978407344,0.00874308599566191,0.000240325927734375,0.7987811522865167,0.7732399948687724,1.0,1.0,1561
1562,0.8636069781471584,0.008741690785213656,0.0002224445343017578,0.7987755811117929,0.7732394248182015,1.0,1.0,1562
1563,0.8637400912286328,0.00874029668728476,0.00022745132446289062,0.7987693010290603,0.7732389686092221,1.0,1.0,1563
1564,0.8635751966559796,0.00873890370027945,0.00022482872009277344,0.798762913317882,0.7732386677858466,1.0,1.0,1564
1565,0.8636338752271362,0.008737511822605258,0.00023555755615234375,0.7987555221069917,0.7732369937411413,1.0,1.0,1565
1566,0.8636126585750559,0.008736121052673011,0.0002224445343017578,0.7987480342409873,0.7732342346616625,1.0,1.0,1566
1567,0.8630769460665222,0.008734731388896822,0.00022459030151367188,0.7987405534931997,0.7732314779781229,1.0,1.0,1567
1568,0.8639221932237335,0.008733342829694079,0.00022149085998535156,0.7987328726673575,0.7732289406023312,1.0,1.0,1568
1569,0.8643137540401287,0.008731955373485447,0.0002353191375732422,0.7987248706700637,0.7732268108137309,1.0,1.0,1569
1570,0.8649753343586428,0.008730569018694838,0.00022411346435546875,0.7987169411292254,0.7732247882214114,1.0,1.0,1570
1571,0.8644399788727514,0.008729183763749426,0.00021958351135253906,0.7987090191176336,0.7732227673109966,1.0,1.0,1571
1572,0.864747579036653,0.008727799607079622,0.00022339820861816406,0.798701160238765,0.7732210763267421,1.0,1.0,1572
1573,0.8649625495406945,0.00872641654711907,0.00023794174194335938,0.7986932754755816,0.7732201052926182,1.0,1.0,1573
1574,0.8646645963731046,0.008725034582304642,0.00022649765014648438,0.7986855283225011,0.7732189883390993,1.0,1.0,1574
1575,0.866182797780112,0.008723653711076423,0.00022292137145996094,0.7986770896176929,0.7732189152890162,1.0,1.0,1575
1576,0.8671176775152742,0.008722273931877704,0.0002243518829345703,0.7986689801438073,0.7732193055038469,1.0,1.0,1576
1577,0.8670238675570384,0.008720895243154982,0.00023555755615234375,0.7986610333739744,0.7732199625277465,1.0,1.0,1577
1578,0.8664894140919598,0.008719517643357938,0.000225067138671875,0.7986530941193248,0.7732206186519746,1.0,1.0,1578
1579,0.8673992827542258,0.008718141130939433,0.0002238750457763672,0.7986456285742156,0.7732203941557892,1.0,1.0,1579
1580,0.8668653642565957,0.008716765704355511,0.00022292137145996094,0.798638170073163,0.773220169610767,1.0,1.0,1580
1581,0.8665974914258594,0.008715391362065365,0.00023794174194335938,0.798630844804577,0.7732193167630703,1.0,1.0,1581
1582,0.8662467247111028,0.00871401810253136,0.000225067138671875,0.7986231990027369,0.7732183011354837,1.0,1.0,1582
1583,0.8666689668178366,0.008712645924219001,0.00022482872009277344,0.7986155888160061,0.7732174768120075,1.0,1.0,1583
1584,0.8662740953473089,0.00871127482559693,0.00022459030151367188,0.7986079743436855,0.7732165013145856,1.0,1.0,1584
1585,0.8661782769108299,0.008709904805136925,0.00023221969604492188,0.7986002990724037,0.7732151750180258,1.0,1.0,1585
1586,0.8657127333514596,0.008708535861313883,0.00022673606872558594,0.7985927522326193,0.7732139089978961,1.0,1.0,1586
1587,0.8651823290486088,0.008707167992605815,0.0002238750457763672,0.7985852124816537,0.7732126439219471,1.0,1.0,1587
1588,0.8646525720718944,0.008705801197493843,0.00024127960205078125,0.7985777602895883,0.7732121669563868,1.0,1.0,1588
1589,0.8642479820566192,0.008704435474462183,0.0002269744873046875,0.7985704427498623,0.7732110174884306,1.0,1.0,1589
1590,0.8643873924714303,0.008703070821998136,0.0002257823944091797,0.7985628219615584,0.7732105089984338,1.0,1.0,1590
1591,0.8640508396017307,0.008701707238592093,0.00022935867309570312,0.7985553969723924,0.7732099300004373,1.0,1.0,1591
1592,0.8638510873920568,0.008700344722737511,0.00023603439331054688,0.7985479936043197,0.7732094585232727,1.0,1.0,1592
1593,0.8633314067419218,0.008698983272930913,0.0002243518829345703,0.7985407122342352,0.7732090488825009,1.0,1.0,1593
1594,0.8631839055902691,0.00869762288767188,0.0002243518829345703,0.7985320163471757,0.7732073370941073,1.0,1.0,1594
1595,0.8626576521216459,0.008696263565463044,0.00022411346435546875,0.7985233286062479,0.7732056266667624,1.0,1.0,1595
1596,0.8622545751082183,0.008694905304810069,0.00023794174194335938,0.798514641224553,0.773204108494236,1.0,1.0,1596
1597,0.8622869695463049,0.00869354810422166,0.00022745132446289062,0.7985056379929882,0.7732016497521323,1.0,1.0,1597
1598,0.8635246801426677,0.008692191962209543,0.0002315044403076172,0.7984969240658972,0.7732001159902279,1.0,1.0,1598
1599,0.8646588478053241,0.00869083687728846,0.00022840499877929688,0.7984875860271266,0.7731990524806802,1.0,1.0,1599
1600,0.8591749024195406,0.008689482847976158,1.8096399307250977,0.7480157576246788,0.7800616300213534,1.0,1.0,1600
1601,0.8601504889799084,0.008688129872793389,0.0003609657287597656,0.7480111022307214,0.7800615309713982,1.0,1.0,1601
1602,0.8596395367917351,0.008686777950263899,0.0002732276916503906,0.7480069695836442,0.7800635018452149,1.0,1.0,1602
1603,0.8599319826540702,0.008685427078914412,0.000240325927734375,0.7480021725375843,0.7800616536311519,1.0,1.0,1603
1604,0.8609702629460106,0.008684077257274634,0.00023603439331054688,0.7479970132609596,0.7800617120085437,1.0,1.0,1604
1605,0.860449932674933,0.008682728483877234,0.0002465248107910156,0.7479927824905576,0.7800618993367395,1.0,1.0,1605
1606,0.8610633245445337,0.00868138075725785,0.00023245811462402344,0.7479874614878942,0.7800614808305071,1.0,1.0,1606
1607,0.8609267925142626,0.008680034075955063,0.00023603439331054688,0.7479821927535284,0.780059405438285,1.0,1.0,1607
1608,0.8612872484267284,0.00867868843851041,0.0002346038818359375,0.7479781459080638,0.7800573716128808,1.0,1.0,1608
1609,0.860990562563093,0.008677343843468358,0.0002446174621582031,0.7479736739474439,0.7800538451556364,1.0,1.0,1609
1610,0.8612862990795999,0.008676000289376306,0.000232696533203125,0.7479693639845757,0.7800534923540114,1.0,1.0,1610
1611,0.8609168871363014,0.008674657774784572,0.00023126602172851562,0.7479648830458315,0.7800496612832606,1.0,1.0,1611
1612,0.8622816769646665,0.008673316298246397,0.00023245811462402344,0.7479596862063622,0.7800475426062206,1.0,1.0,1612
1613,0.8617898707581477,0.008671975858317919,0.00024771690368652344,0.747954896724094,0.7800493558185718,1.0,1.0,1613
1614,0.8613310227024705,0.00867063645355818,0.00023174285888671875,0.7479498040903172,0.7800472184232409,1.0,1.0,1614
1615,0.8625513186334839,0.008669298082529111,0.0002288818359375,0.7479448695573901,0.7800453954468272,1.0,1.0,1615
1616,0.8620791740545951,0.008667960743795534,0.00023031234741210938,0.7479398370109739,0.7800458718170628,1.0,1.0,1616
1617,0.86161464996828,0.008666624435925136,0.0002346038818359375,0.7479349260710965,0.7800440020350179,1.0,1.0,1617
1618,0.8617446009719916,0.008665289157488482,0.00023555755615234375,0.7479300349361999,0.7800425190250752,1.0,1.0,1618
1619,0.8615178706223775,0.008663954907058994,0.00022792816162109375,0.7479244604542638,0.7800429067410793,1.0,1.0,1619
1620,0.8613018438703183,0.008662621683212947,0.00024366378784179688,0.7479190423729577,0.7800411708006059,1.0,1.0,1620
1621,0.8607862391823043,0.008661289484529466,0.0002307891845703125,0.7479134475857677,0.7800416474496155,1.0,1.0,1621
1622,0.8625016857444896,0.008659958309590515,0.00023245811462402344,0.7479081975518704,0.7800404363939191,1.0,1.0,1622
1623,0.8620768704063418,0.008658628156980886,0.00023365020751953125,0.7479031052723824,0.7800391581982155,1.0,1.0,1623
1624,0.8624744638232821,0.008657299025288195,0.00024580955505371094,0.7478976185728244,0.780039989092069,1.0,1.0,1624
1625,0.8619593292456575,0.008655970913102877,0.00023412704467773438,0.7478923177432637,0.7800386158906556,1.0,1.0,1625
1626,0.8614949730413543,0.008654643819018178,0.00023412704467773438,0.7478871050688974,0.7800389189627075,1.0,1.0,1626
1627,0.8613981075960163,0.008653317741630143,0.0002319812774658203,0.7478819056924496,0.7800369322600018,1.0,1.0,1627
1628,0.8623526130131329,0.008651992679537611,0.0002467632293701172,0.7478767349928721,0.7800375116609143,1.0,1.0,1628
1629,0.8618388160136607,0.008650668631342211,0.0002334117889404297,0.7478717491921775,0.7800358952950862,1.0,1.0,1629
1630,0.8613257127076024,0.008649345595648355,0.0002338886260986328,0.7478665877582645,0.7800364731582797,1.0,1.0,1630
1631,0.8616470577374611,0.008648023571063219,0.0002357959747314453,0.7478615589088062,0.7800351280894527,1.0,1.0,1631
1632,0.861679641097248,0.008646702556196751,0.000244140625,0.7478565312339004,0.7800355635690979,1.0,1.0,1632
1633,0.8620489548647989,0.008645382549661662,0.00023484230041503906,0.7478514810391331,0.7800336652197092,1.0,1.0,1633
1634,0.8621649242892313,0.008644063550073406,0.00023508071899414062,0.7478466718313155,0.7800328022316932,1.0,1.0,1634
1635,0.8618160233377753,0.008642745556050185,0.0002467632293701172,0.7478419802633058,0.7800298885189916,1.0,1.0,1635
1636,0.8622687453080145,0.008641428566212939,0.00023865699768066406,0.7478365758911926,0.7800299407586752,1.0,1.0,1636
1637,0.8617574608036468,0.008640112579185339,0.0002338886260986328,0.7478311763528638,0.780029992708856,1.0,1.0,1637
1638,0.8616106265324034,0.008638797593593773,0.00023651123046875,0.747825838394956,0.7800300448237215,1.0,1.0,1638
1639,0.8620784579005651,0.008637483608067357,0.00024580955505371094,0.7478203586750988,0.7800304423217179,1.0,1.0,1639
1640,0.8615681799494161,0.0086361706212379,0.0002346038818359375,0.7478148838505457,0.7800308392115659,1.0,1.0,1640
1641,0.8614111485748409,0.008634858631739928,0.0002357959747314453,0.7478096581678195,0.7800290723847624,1.0,1.0,1641
1642,0.861455587382766,0.008633547638210655,0.00023627281188964844,0.7478041100335909,0.7800293237094647,1.0,1.0,1642
1643,0.8618478676477014,0.008632237639289981,0.00024700164794921875,0.7477987141499188,0.7800294708255757,1.0,1.0,1643
1644,0.8615318925698255,0.008630928633620494,0.00023937225341796875,0.7477930467933172,0.7800293448269935,1.0,1.0,1644
1645,0.8616690695558697,0.00862962061984745,0.00023651123046875,0.7477877289955136,0.7800283041468282,1.0,1.0,1645
1646,0.8619861630080519,0.008628313596618779,0.0002346038818359375,0.7477825764929387,0.7800252623021195,1.0,1.0,1646
1647,0.861477929061293,0.008627007562585063,0.000244140625,0.7477772512435052,0.7800243822042606,1.0,1.0,1647
1648,0.8610337899768662,0.008625702516399542,0.00023365020751953125,0.7477720932879103,0.7800236145492354,1.0,1.0,1648
1649,0.8620017916327427,0.008624398456718104,0.00023508071899414062,0.7477669540900146,0.7800230615178575,1.0,1.0,1649
1650,0.8614945006333974,0.00862309538219928,0.00024437904357910156,0.7477618194454527,0.7800225087591861,1.0,1.0,1650
1651,0.8613796228993306,0.008621793291504228,0.00023293495178222656,0.7477568659654865,0.7800200201510562,1.0,1.0,1651
1652,0.8610091429847806,0.008620492183296734,0.00023484230041503906,0.7477518315610342,0.780019822053255,1.0,1.0,1652
1653,0.8608690655648171,0.008619192056243204,0.00023484230041503906,0.7477461546199557,0.7800196394883971,1.0,1.0,1653
1654,0.8621130303626884,0.008617892909012664,0.00024318695068359375,0.7477398783640403,0.7800183512575211,1.0,1.0,1654
1655,0.8646837843053239,0.008616594740276734,0.00023293495178222656,0.747733276364648,0.7800204470964851,1.0,1.0,1655
1656,0.8642588831781574,0.008615297548709641,0.00023651123046875,0.7477267138357176,0.780022485841258,1.0,1.0,1656
1657,0.8640166150948996,0.008614001332988208,0.00023603439331054688,0.7477204484799438,0.7800225385387958,1.0,1.0,1657
1658,0.8636256786391892,0.00861270609179184,0.0002493858337402344,0.7477141784125437,0.7800248250872585,1.0,1.0,1658
1659,0.8633164943616045,0.00861141182380252,0.00023365020751953125,0.7477079308083888,0.780027067923333,1.0,1.0,1659
1660,0.862880797296563,0.008610118527704809,0.0002346038818359375,0.7477019856890683,0.7800273211725746,1.0,1.0,1660
1661,0.8630034710777509,0.00860882620218583,0.00023484230041503906,0.74769582733697,0.780029462414069,1.0,1.0,1661
1662,0.8624990984172608,0.008607534845935273,0.0002472400665283203,0.7476896744390713,0.780031601464974,1.0,1.0,1662
1663,0.8628694384470749,0.008606244457645377,0.00023508071899414062,0.7476836702027384,0.7800306287022355,1.0,1.0,1663
1664,0.8624599415878513,0.008604955036010924,0.00023794174194335938,0.7476775853384322,0.7800317899363651,1.0,1.0,1664
1665,0.8624007248357828,0.008603666579729247,0.00023794174194335938,0.747671590132208,0.7800331446865191,1.0,1.0,1665
1666,0.8624146621394122,0.008602379087500204,0.00024056434631347656,0.7476659822011973,0.7800325567416974,1.0,1.0,1666
1667,0.8619122078711473,0.008601092558026185,0.00023794174194335938,0.7476603329566629,0.7800342892540983,1.0,1.0,1667
1668,0.8615002336385805,0.0085998069900121,0.0002377033233642578,0.7476548384235785,0.7800338302112749,1.0,1.0,1668
1669,0.860998926524973,0.008598522382165377,0.0002486705780029297,0.7476492227657046,0.7800354880805405,1.0,1.0,1669
1670,0.8609072999109026,0.008597238733195947,0.00023937225341796875,0.7476439585899481,0.7800346785621584,1.0,1.0,1670
1671,0.8604069986491677,0.008595956041816248,0.00023555755615234375,0.7476385732997741,0.7800359824839443,1.0,1.0,1671
1672,0.8599876189720806,0.008594674306741212,0.0002353191375732422,0.747633497835416,0.7800352770978449,1.0,1.0,1672
1673,0.8610783155233492,0.00859339352668826,0.00024819374084472656,0.7476277706850933,0.7800378046354532,1.0,1.0,1673
1674,0.8618132266975986,0.008592113700377296,0.00023889541625976562,0.7476216922970308,0.7800387755556514,1.0,1.0,1674
1675,0.8613133644890978,0.008590834826530704,0.0002372264862060547,0.7476156192625507,0.7800397453672933,1.0,1.0,1675
1676,0.8608883206030014,0.008589556903873334,0.00024199485778808594,0.747609234088936,0.7800404675292927,1.0,1.0,1676
1677,0.8608765145774209,0.008588279931132503,0.00025200843811035156,0.747602555546375,0.7800432419829413,1.0,1.0,1677
1678,0.8603781209734488,0.00858700390703799,0.0002396106719970703,0.7475960078453927,0.7800439139401383,1.0,1.0,1678
1679,0.8598958978292054,0.008585728830322015,0.00023651123046875,0.7475893964259822,0.7800466597632726,1.0,1.0,1679
1680,0.8593986765108995,0.008584454699719255,0.0002491474151611328,0.7475829155571663,0.7800473068583129,1.0,1.0,1680
1681,0.8589165204850835,0.008583181513966824,0.0002377033233642578,0.7475765259670414,0.7800481622680465,1.0,1.0,1681
1682,0.8598103152943084,0.008581909271804264,0.00023794174194335938,0.7475692510272277,0.7800520011603925,1.0,1.0,1682
1683,0.8596808427340863,0.008580637971973549,0.00023794174194335938,0.747562192025778,0.7800539096177604,1.0,1.0,1683
1684,0.8596504348635291,0.008579367613219077,0.00025010108947753906,0.7475553111580843,0.7800558580087293,1.0,1.0,1684
1685,0.859337779376075,0.008578098194287656,0.00024199485778808594,0.7475485785681323,0.7800577960849868,1.0,1.0,1685
1686,0.8588673803088327,0.0085768297139285,0.00023984909057617188,0.7475418668663153,0.7800619120266851,1.0,1.0,1686
1687,0.8590438317750185,0.00857556217089324,0.00024056434631347656,0.7475353963076208,0.7800637440942267,1.0,1.0,1687
1688,0.8599185906864608,0.008574295563935888,0.00025272369384765625,0.7475294476529057,0.7800649176097394,1.0,1.0,1688
1689,0.8594240093568439,0.008573029891812854,0.00024080276489257812,0.747523504189984,0.7800660898427012,1.0,1.0,1689
1690,0.8596362111494933,0.008571765153282934,0.0002396106719970703,0.7475175296515226,0.7800691658981546,1.0,1.0,1690
1691,0.8592361146288929,0.008570501347107302,0.0002579689025878906,0.7475118151922965,0.7800702805389412,1.0,1.0,1691
1692,0.85874282346679,0.008569238472049507,0.00024008750915527344,0.747506105705078,0.7800713939520724,1.0,1.0,1692
1693,0.8591509595103194,0.00856797652687546,0.00023889541625976562,0.7474997614043853,0.7800750623157461,1.0,1.0,1693
1694,0.8618484225106957,0.008566715510353437,0.00023984909057617188,0.7474931166290638,0.7800781504210056,1.0,1.0,1694
1695,0.8615758919816946,0.00856545542125407,0.0002524852752685547,0.7474865380410486,0.7800813537419435,1.0,1.0,1695
1696,0.8636055072719073,0.008564196258350336,0.0002429485321044922,0.7474801120987233,0.7800860345181684,1.0,1.0,1696
1697,0.8633332385794299,0.008562938020417559,0.00024700164794921875,0.7474738035575516,0.780088837494062,1.0,1.0,1697
1698,0.863513449365328,0.008561680706233402,0.00023984909057617188,0.7474671883041077,0.7800939795125638,1.0,1.0,1698
1699,0.8630660525720285,0.008560424314577856,0.0002532005310058594,0.7474607201204932,0.7800966596308997,1.0,1.0,1699
1700,0.8625727696544144,0.008559168844233243,0.0002422332763671875,0.7474541350248077,0.7801013963557264,1.0,1.0,1700
1701,0.8622321716060873,0.008557914293984198,0.00024175643920898438,0.7474478067905952,0.7801042105127612,1.0,1.0,1701
1702,0.8621558606229621,0.008556660662617678,0.0002510547637939453,0.7474415413610828,0.7801090738565306,1.0,1.0,1702
1703,0.8620047372023805,0.008555407948922943,0.00024199485778808594,0.7474350878162358,0.7801118389221184,1.0,1.0,1703
1704,0.8618552019581404,0.008554156151691559,0.00023984909057617188,0.7474286018677714,0.7801167433452616,1.0,1.0,1704
1705,0.8639292237130525,0.00855290526971739,0.00024127960205078125,0.7474225580606293,0.7801200567953746,1.0,1.0,1705
1706,0.8634372586446238,0.00855165530179659,0.00025272369384765625,0.7474165194853708,0.7801233670791826,1.0,1.0,1706
1707,0.8630121746239643,0.008550406246727597,0.0002415180206298828,0.7474105527774739,0.7801286991257935,1.0,1.0,1707
1708,0.8625476977527867,0.008549158103311132,0.0002429485321044922,0.7474048084338868,0.7801320537049965,1.0,1.0,1708
1709,0.8623942651947403,0.00854791087035019,0.0002391338348388672,0.7473992151017564,0.7801355793928448,1.0,1.0,1709
1710,0.8624962718608922,0.008546664546650037,0.0002529621124267578,0.7473932802633618,0.780140991847228,1.0,1.0,1710
1711,0.8620065698557505,0.008545419131018193,0.00024366378784179688,0.7473874719065741,0.7801443598410445,1.0,1.0,1711
1712,0.8615174515878891,0.008544174622264448,0.0002396106719970703,0.7473816685531054,0.7801477246296361,1.0,1.0,1712
1713,0.8618943504454031,0.008542931019200836,0.0002524852752685547,0.7473755446055429,0.7801529348632434,1.0,1.0,1713
1714,0.862193374618627,0.008541688320641642,0.0002422332763671875,0.7473691606109102,0.78015663801692,1.0,1.0,1714
1715,0.8617619368938557,0.00854044652540339,0.0002396106719970703,0.7473627830275249,0.7801625032264232,1.0,1.0,1715
1716,0.8613009889367051,0.008539205632304838,0.0002422332763671875,0.7473566813147761,0.7801664668742319,1.0,1.0,1716
1717,0.8608135308512556,0.008537965640166973,0.00025343894958496094,0.7473505848501065,0.7801704267983738,1.0,1.0,1717
1718,0.8604215149920007,0.008536726547813013,0.0002446174621582031,0.7473441088259818,0.7801740022520712,1.0,1.0,1718
1719,0.8607584254758306,0.008535488354068387,0.0002422332763671875,0.7473373735818388,0.7801794116111205,1.0,1.0,1719
1720,0.860272142505427,0.008534251057760744,0.00024199485778808594,0.7473307645498224,0.7801827924889918,1.0,1.0,1720
1721,0.8602244312721125,0.008533014657719936,0.0002529621124267578,0.7473241437180397,0.7801883491746974,1.0,1.0,1721
1722,0.8597389926878231,0.008531779152778017,0.0002446174621582031,0.7473176487813086,0.7801918807714291,1.0,1.0,1722
1723,0.8622909170228344,0.008530544541769247,0.0002415180206298828,0.7473107491502506,0.7801984098545757,1.0,1.0,1723
1724,0.8623595710810511,0.008529310823530065,0.00025534629821777344,0.7473037156367144,0.7802032492193857,1.0,1.0,1724
1725,0.8621870294207097,0.008528077996899107,0.00024127960205078125,0.7472967746760265,0.7802082221642902,1.0,1.0,1725
1726,0.8625661771024488,0.008526846060717182,0.000240325927734375,0.7472895468525005,0.7802128273183271,1.0,1.0,1726
1727,0.862080914179231,0.008525615013827282,0.00024080276489257812,0.7472823252421452,0.7802174282120556,1.0,1.0,1727
1728,0.8630147597897063,0.008524384855074564,0.00025272369384765625,0.7472753593654297,0.7802240212171736,1.0,1.0,1728
1729,0.8626426820601328,0.00852315558330635,0.00024271011352539062,0.7472685666433145,0.780228720695174,1.0,1.0,1729
1730,0.8642285727247733,0.008521927197372126,0.00024056434631347656,0.7472619522600604,0.7802338980907525,1.0,1.0,1730
1731,0.8640065196873011,0.008520699696123527,0.00024175643920898438,0.7472552312947207,0.7802393527129439,1.0,1.0,1731
1732,0.8639316076142763,0.008519473078414339,0.0002560615539550781,0.7472485007451101,0.7802444866055623,1.0,1.0,1732
1733,0.8636467891925625,0.008518247343100496,0.0002429485321044922,0.74724184113233,0.7802496758344956,1.0,1.0,1733
1734,0.8634184901430296,0.008517022489040064,0.00024271011352539062,0.7472353334035,0.7802550021282778,1.0,1.0,1734
1735,0.8636639936396553,0.008515798515093247,0.00025200843811035156,0.7472286943742853,0.780260214790711,1.0,1.0,1735
1736,0.863685264087215,0.008514575420122374,0.00024247169494628906,0.7472217606762956,0.7802651760224429,1.0,1.0,1736
1737,0.8634348178543368,0.008513353202991902,0.00024366378784179688,0.7472149160919906,0.7802722081734185,1.0,1.0,1737
1738,0.8631738023209641,0.008512131862568398,0.0002486705780029297,0.7472084069744099,0.7802772937056568,1.0,1.0,1738
1739,0.8629452621676207,0.00851091139772055,0.00028634071350097656,0.7472021862978916,0.7802820743143037,1.0,1.0,1739
1740,0.863406132921145,0.008509691807319147,0.00025582313537597656,0.7471955786123808,0.7802877459526837,1.0,1.0,1740
1741,0.8629241726676714,0.008508473090237084,0.00025534629821777344,0.7471888940063871,0.7802933096128731,1.0,1.0,1741
1742,0.8631659591990493,0.008507255245349352,0.0002636909484863281,0.7471820262633154,0.7802986807131598,1.0,1.0,1742
1743,0.8630893181345067,0.008506038271533031,0.00025343894958496094,0.7471747120436112,0.7803046393216906,1.0,1.0,1743
1744,0.8626082602109489,0.008504822167667297,0.00025200843811035156,0.7471674040540779,0.7803105925348776,1.0,1.0,1744
1745,0.8624572088357217,0.0085036069326334,0.0002541542053222656,0.7471597896518493,0.7803167039335512,1.0,1.0,1745
1746,0.8624454532840773,0.00850239256531467,0.0002651214599609375,0.7471514973694475,0.7803233329904051,1.0,1.0,1746
1747,0.8625012393420144,0.008501179064596503,0.00025272369384765625,0.7471432033800517,0.7803298929550272,1.0,1.0,1747
1748,0.8625610616109564,0.008499966429366372,0.0002548694610595703,0.7471351397054998,0.7803358523201203,1.0,1.0,1748
1749,0.8623881838971063,0.008498754658513807,0.00026345252990722656,0.7471272231719941,0.7803418694230814,1.0,1.0,1749
1750,0.8619366502962504,0.008497543750930392,0.00025153160095214844,0.7471194572881964,0.7803478841126035,1.0,1.0,1750
1751,0.8621130964563561,0.008496333705509767,0.0002474784851074219,0.7471112519755246,0.7803556576128275,1.0,1.0,1751
1752,0.8621255240547335,0.008495124521147618,0.0002505779266357422,0.747103049330639,0.7803614454583649,1.0,1.0,1752
1753,0.8635882456879993,0.008493916196741674,0.00025725364685058594,0.7470951858180109,0.7803663454848342,1.0,1.0,1753
1754,0.8643246839629258,0.008492708731191696,0.00025010108947753906,0.7470877001916528,0.7803711627754198,1.0,1.0,1754
1755,0.8639241047588344,0.008491502123399483,0.0002510547637939453,0.7470803671413465,0.7803761148522327,1.0,1.0,1755
1756,0.8646717631270928,0.008490296372268858,0.00025081634521484375,0.74707356874877,0.7803799692641843,1.0,1.0,1756
1757,0.8651259297391183,0.008489091476705665,0.00025343894958496094,0.7470667266620926,0.780385794164759,1.0,1.0,1757
1758,0.8646475735830884,0.008487887435617774,0.0002541542053222656,0.7470600068868787,0.7803896554546245,1.0,1.0,1758
1759,0.8644677168297289,0.008486684247915056,0.0002484321594238281,0.747052891657153,0.7803959725412903,1.0,1.0,1759
1760,0.8643319312303017,0.008485481912509396,0.00025963783264160156,0.7470460090274449,0.7803999398691801,1.0,1.0,1760
1761,0.863854826258958,0.00848428042831468,0.00025010108947753906,0.7470390159575792,0.7804058569607348,1.0,1.0,1761
1762,0.8633788645644067,0.008483079794246794,0.0002529621124267578,0.7470320989566397,0.7804091847924901,1.0,1.0,1762
1763,0.8645130078107954,0.008481880009223617,0.0002493858337402344,0.7470246842346714,0.7804154207693575,1.0,1.0,1763
1764,0.86472847113042,0.008480681072165016,0.00026035308837890625,0.7470170942442091,0.7804198932857696,1.0,1.0,1764
1765,0.8650930468572834,0.008479482981992838,0.0002503395080566406,0.7470092509358554,0.7804261928809888,1.0,1.0,1765
1766,0.8648453059927282,0.008478285737630917,0.0002532005310058594,0.7470015920878165,0.7804306947416041,1.0,1.0,1766
1767,0.8646172230474635,0.008477089338005053,0.00026345252990722656,0.7469940224382633,0.780435299941085,1.0,1.0,1767
1768,0.8649176212744352,0.008475893782043022,0.0002529621124267578,0.7469860637718212,0.7804415495796385,1.0,1.0,1768
1769,0.8647881012149553,0.00847469906867456,0.00025391578674316406,0.7469777360268504,0.7804460542426613,1.0,1.0,1769
1770,0.8649651719702318,0.008473505196831365,0.0002524852752685547,0.7469692668480254,0.7804514279780821,1.0,1.0,1770
1771,0.8651878960938496,0.00847231216544709,0.0002644062042236328,0.746960910121317,0.7804548665406643,1.0,1.0,1771
1772,0.8651893658650055,0.008471119973457338,0.0002505779266357422,0.7469525807563019,0.7804591431747838,1.0,1.0,1772
1773,0.8650755171435893,0.008469928619799661,0.00025177001953125,0.7469444347947749,0.780462869615397,1.0,1.0,1773
1774,0.8656778288151818,0.00846873810341355,0.0002613067626953125,0.7469358921597976,0.7804660028291728,1.0,1.0,1774
1775,0.865771130881186,0.008467548423240436,0.00025343894958496094,0.7469273705296479,0.7804692173241773,1.0,1.0,1775
1776,0.8656562013161462,0.00846635957822367,0.0002532005310058594,0.7469187143045966,0.7804723308491979,1.0,1.0,1776
1777,0.8656363387063277,0.008465171567308548,0.00025153160095214844,0.746909916389626,0.7804754610786457,1.0,1.0,1777
1778,0.865363285289581,0.008463984389442278,0.000263214111328125,0.7469012675858795,0.7804785821261784,1.0,1.0,1778
1779,0.8652090210146837,0.008462798043573989,0.000255584716796875,0.7468922657400742,0.7804815123263938,1.0,1.0,1779
1780,0.8650532828866324,0.008461612528654723,0.0002551078796386719,0.7468831308025813,0.7804843281409566,1.0,1.0,1780
1781,0.8646364399749208,0.008460427843637432,0.00028395652770996094,0.7468742648165531,0.7804852999591704,1.0,1.0,1781
1782,0.8644520305892134,0.008459243987476972,0.00026226043701171875,0.7468651777863454,0.7804879984670697,1.0,1.0,1782
1783,0.8651033754161911,0.008458060959130102,0.0002613067626953125,0.7468554283555184,0.7804914561097732,1.0,1.0,1783
1784,0.8651101482285435,0.008456878757555472,0.00025963783264160156,0.7468456420558337,0.7804946172812361,1.0,1.0,1784
1785,0.8658309526148749,0.008455697381713626,0.0002620220184326172,0.7468367476614131,0.7804961784324165,1.0,1.0,1785
1786,0.8675879177006912,0.008454516830566992,0.0002567768096923828,0.7468285313030978,0.7804971467768895,1.0,1.0,1786
1787,0.869541208881228,0.008453337103079887,0.0002532005310058594,0.7468199954483287,0.7804990431808128,1.0,1.0,1787
1788,0.8700715520776411,0.008452158198218493,0.0002658367156982422,0.7468117396481455,0.7805002679234129,1.0,1.0,1788
1789,0.8696694919792217,0.00845098011495088,0.0002624988555908203,0.7468035000708982,0.7805017731190987,1.0,1.0,1789
1790,0.8700391437265504,0.008449802852246979,0.0002562999725341797,0.7467948637538961,0.7805027109166978,1.0,1.0,1790
1791,0.8699295606653618,0.008448626409078583,0.0002658367156982422,0.7467858352033727,0.7805032600477947,1.0,1.0,1791
1792,0.8694573895364741,0.00844745078441935,0.0002543926239013672,0.7467768141786175,0.7805038085273388,1.0,1.0,1792
1793,0.8697844350832045,0.00844627597724479,0.0002574920654296875,0.746768113577316,0.7805041046518677,1.0,1.0,1793
1794,0.87012512224238,0.008445101986532269,0.0002562999725341797,0.746759378508797,0.7805043654587902,1.0,1.0,1794
1795,0.8698287423690995,0.008443928811260996,0.0002684593200683594,0.7467502435293832,0.7805046074804126,1.0,1.0,1795
1796,0.8699480944702194,0.008442756450412023,0.0002567768096923828,0.746740170344238,0.7805056507679524,1.0,1.0,1796
1797,0.8701414936705821,0.008441584902968239,0.0002589225769042969,0.746729778553762,0.7805068245442829,1.0,1.0,1797
1798,0.8714798179323548,0.008440414167914365,0.00027370452880859375,0.7467196838815555,0.7805080289906443,1.0,1.0,1798
1799,0.8710083605185879,0.008439244244236963,0.0002598762512207031,0.7467095976092187,0.7805092322374165,1.0,1.0,1799
1800,0.8698232616449699,0.008438075130924403,2.440053939819336,0.738327923411564,0.802541432487881,1.0,1.0,1800
1801,0.8694589059088664,0.008436906826966892,0.0004334449768066406,0.7383238976101084,0.8025483567975116,1.0,1.0,1801
1802,0.8695868843483706,0.00843573933135644,0.00033664703369140625,0.7383202224003605,0.8025485424736144,1.0,1.0,1802
1803,0.8695656213911754,0.008434572643086878,0.00029277801513671875,0.738316334641926,0.8025523662700774,1.0,1.0,1803
1804,0.8694955593755472,0.00843340676115384,0.00029158592224121094,0.738312465974098,0.8025560333382861,1.0,1.0,1804
1805,0.8715948034646223,0.008432241684554772,0.0002741813659667969,0.738308714250057,0.8025597033974964,1.0,1.0,1805
1806,0.8711256124174778,0.008431077412288908,0.0002689361572265625,0.738304965448086,0.8025633701819911,1.0,1.0,1806
1807,0.8706967549313196,0.008429913943357289,0.0002639293670654297,0.7383012417618017,0.8025670854251998,1.0,1.0,1807
1808,0.8705071983401178,0.008428751276762734,0.00028014183044433594,0.738297485958992,0.8025705015010971,1.0,1.0,1808
1809,0.870039351010282,0.008427589411509858,0.000263214111328125,0.7382937330757119,0.8025739145203203,1.0,1.0,1809
1810,0.8700784683563333,0.008426428346605062,0.0002608299255371094,0.7382900245722195,0.8025772127829799,1.0,1.0,1810
1811,0.8697297730573998,0.008425268081056514,0.00027823448181152344,0.738286308756575,0.8025804395398172,1.0,1.0,1811
1812,0.8696390220386983,0.008424108613874168,0.0002620220184326172,0.7382826389847892,0.8025835389804479,1.0,1.0,1812
1813,0.8698133779496716,0.00842294994406974,0.00026154518127441406,0.7382788106598084,0.8025876317664132,1.0,1.0,1813
1814,0.8697885005339355,0.008421792070656716,0.000274658203125,0.7382750867501607,0.8025914501388816,1.0,1.0,1814
1815,0.8693225468240071,0.008420634992650342,0.00026297569274902344,0.7382713657231135,0.8025952651273361,1.0,1.0,1815
1816,0.8689132116880781,0.008419478709067625,0.00026035308837890625,0.7382676448404257,0.8025989486740346,1.0,1.0,1816
1817,0.8685361536483959,0.008418323218927324,0.0002579689025878906,0.7382639336794392,0.8026024727248015,1.0,1.0,1817
1818,0.8687248473171995,0.008417168521249947,0.0002701282501220703,0.7382602658305514,0.8026057796480301,1.0,1.0,1818
1819,0.869643916376839,0.008416014615057749,0.0002570152282714844,0.7382567423257685,0.8026087852227696,1.0,1.0,1819
1820,0.8692694570274263,0.008414861499374723,0.0002570152282714844,0.738253194329422,0.8026116374683884,1.0,1.0,1820
1821,0.8688053174777798,0.008413709173226603,0.0002689361572265625,0.7382496490591304,0.8026144871476761,1.0,1.0,1821
1822,0.8684331852726008,0.008412557635640859,0.00026226043701171875,0.7382460790622548,0.8026181532590576,1.0,1.0,1822
1823,0.8681430313756489,0.008411406885646682,0.0002560615539550781,0.7382423754914801,0.8026218390635599,1.0,1.0,1823
1824,0.8679006660267672,0.008410256922274999,0.0002582073211669922,0.7382387005961039,0.8026253193986571,1.0,1.0,1824
1825,0.8680607114760048,0.00840910774455845,0.0002703666687011719,0.7382350231658935,0.8026287210131601,1.0,1.0,1825
1826,0.8677665781953076,0.008407959351531394,0.0002579689025878906,0.7382312970665907,0.8026319942630182,1.0,1.0,1826
1827,0.8696649442437043,0.008406811742229908,0.0002570152282714844,0.7382277392183147,0.802635458577384,1.0,1.0,1827
1828,0.86942088631582,0.008405664915691773,0.00026607513427734375,0.7382241885572288,0.8026388117664374,1.0,1.0,1828
1829,0.8692909141991453,0.008404518870956477,0.0002593994140625,0.7382204409519553,0.8026421867456205,1.0,1.0,1829
1830,0.8689717796136591,0.008403373607065213,0.0002598762512207031,0.7382168315964261,0.8026455986531381,1.0,1.0,1830
1831,0.868722542589621,0.008402229123060866,0.0002646446228027344,0.7382134953925139,0.8026488845284311,1.0,1.0,1831
1832,0.8684677163885993,0.008401085417988018,0.0002624988555908203,0.7382101640914093,0.8026520964800252,1.0,1.0,1832
1833,0.8685207946901268,0.008399942490892941,0.00026226043701171875,0.7382068015042356,0.8026552526134034,1.0,1.0,1833
1834,0.8687341202157243,0.008398800340823591,0.0002644062042236328,0.7382034281810564,0.802658339207145,1.0,1.0,1834
1835,0.8706107542365441,0.008397658966829608,0.0002696514129638672,0.7381998605394093,0.8026620605173048,1.0,1.0,1835
1836,0.8703605395153643,0.008396518367962309,0.0002608299255371094,0.7381962975908339,0.8026657134010391,1.0,1.0,1836
1837,0.8700458377130278,0.008395378543274684,0.0002608299255371094,0.7381925882236976,0.8026686500615853,1.0,1.0,1837
1838,0.8696298062628306,0.008394239491821396,0.0002732276916503906,0.7381888080089452,0.8026714413652755,1.0,1.0,1838
1839,0.8704642568180493,0.00839310121265877,0.0002617835998535156,0.7381849761947419,0.8026747254518238,1.0,1.0,1839
1840,0.8700641128600825,0.0083919637048448,0.0002598762512207031,0.7381810951240692,0.802677983130016,1.0,1.0,1840
1841,0.870081835039326,0.008390826967439135,0.0002586841583251953,0.7381771461582636,0.8026800349229813,1.0,1.0,1841
1842,0.8699943608370462,0.008389690999503076,0.00027060508728027344,0.738173226712176,0.8026819617782224,1.0,1.0,1842
1843,0.8713416258405451,0.008388555800099583,0.00026226043701171875,0.7381690288348248,0.8026859462591428,1.0,1.0,1843
1844,0.8710016162027889,0.008387421368293256,0.00026035308837890625,0.7381646093680633,0.8026894800532065,1.0,1.0,1844
1845,0.8706864441616685,0.008386287703150344,0.00027298927307128906,0.7381602172146602,0.8026928915379713,1.0,1.0,1845
1846,0.8707310335098041,0.00838515480373873,0.0002644062042236328,0.7381558676889084,0.8026959514652858,1.0,1.0,1846
1847,0.8708452444015288,0.00838402266912794,0.00025963783264160156,0.7381514771013394,0.8026990483819528,1.0,1.0,1847
1848,0.8710372039831791,0.008382891298389126,0.0002663135528564453,0.7381470600599386,0.8027021449684278,1.0,1.0,1848
1849,0.8717813998663583,0.008381760690595073,0.0002624988555908203,0.7381426500036232,0.8027052952330138,1.0,1.0,1849
1850,0.8715478137662781,0.008380630844820188,0.0002593994140625,0.7381382040878028,0.8027086798995807,1.0,1.0,1850
1851,0.8713066037183717,0.0083795017601405,0.0002605915069580078,0.7381338260576267,0.8027119407828835,1.0,1.0,1851
1852,0.8716232579848245,0.008378373435633657,0.0002732276916503906,0.7381293633970242,0.8027143393047005,1.0,1.0,1852
1853,0.8713556266613148,0.008377245870378918,0.0002651214599609375,0.7381249284013789,0.8027163776562951,1.0,1.0,1853
1854,0.8710584040326814,0.008376119063457156,0.000263214111328125,0.7381205365048342,0.8027177695827499,1.0,1.0,1854
1855,0.8707736526665528,0.008374993013950845,0.0002753734588623047,0.7381159583237448,0.8027188471113081,1.0,1.0,1855
1856,0.870420639680166,0.008373867720944065,0.0002644062042236328,0.7381113861967128,0.8027197289906332,1.0,1.0,1856
1857,0.8702038516841899,0.008372743183522494,0.00026106834411621094,0.7381069435212111,0.8027200846843021,1.0,1.0,1857
1858,0.8697482603216826,0.008371619400773406,0.00026035308837890625,0.7381025042620591,0.8027204399177498,1.0,1.0,1858
1859,0.8692931572930714,0.008370496371785668,0.0002739429473876953,0.7380980684148145,0.8027207946917705,1.0,1.0,1859
1860,0.8690065801188698,0.00836937409564973,0.0002613067626953125,0.738093612092505,0.802721072491483,1.0,1.0,1860
1861,0.8697699153140125,0.008368252571457633,0.00026106834411621094,0.738089089982978,0.8027215623332649,1.0,1.0,1861
1862,0.8696544901543717,0.008367131798302995,0.000274658203125,0.7380846281544424,0.8027213550875354,1.0,1.0,1862
1863,0.8694570755001715,0.008366011775281013,0.0002620220184326172,0.7380802592300634,0.8027209051950228,1.0,1.0,1863
1864,0.8691231445746511,0.008364892501488455,0.00025963783264160156,0.738075851211384,0.8027204454814967,1.0,1.0,1864
1865,0.8686698170271111,0.008363773976023663,0.00025916099548339844,0.7380714465677989,0.8027199859742228,1.0,1.0,1865
1866,0.8683007705516921,0.008362656197986538,0.0002665519714355469,0.7380669738097246,0.8027189512513321,1.0,1.0,1866
1867,0.8681961078806061,0.008361539166478556,0.00026106834411621094,0.7380624280439233,0.8027166290319556,1.0,1.0,1867
1868,0.8682222536575219,0.008360422880602743,0.0002639293670654297,0.7380578161816495,0.8027132986432539,1.0,1.0,1868
1869,0.8683033720081924,0.008359307339463684,0.00027632713317871094,0.73805309882494,0.8027104025880085,1.0,1.0,1869
1870,0.8680166081190676,0.008358192542167518,0.00026226043701171875,0.7380483733185877,0.8027076945130824,1.0,1.0,1870
1871,0.8675651256606062,0.008357078487821927,0.00026345252990722656,0.7380436514343657,0.8027049884709928,1.0,1.0,1871
1872,0.8671269063616888,0.008355965175536145,0.0002727508544921875,0.7380389246952896,0.8027030313221502,1.0,1.0,1872
1873,0.8674436782776743,0.008354852604420945,0.00026226043701171875,0.7380343944611394,0.802700259185259,1.0,1.0,1873
1874,0.8672471628926189,0.008353740773588636,0.00026297569274902344,0.7380297915237942,0.8026976541898825,1.0,1.0,1874
1875,0.866870173148132,0.008352629682153065,0.0002624988555908203,0.7380252052957965,0.8026951217972293,1.0,1.0,1875
1876,0.8665610135023495,0.008351519329229614,0.000274658203125,0.7380203124637015,0.8026926242008915,1.0,1.0,1876
1877,0.8664792727569739,0.008350409713935185,0.00026488304138183594,0.7380154246515863,0.8026901340913989,1.0,1.0,1877
1878,0.8660302408285259,0.008349300835388207,0.00026106834411621094,0.7380105405785125,0.8026876458299003,1.0,1.0,1878
1879,0.8664472818153789,0.008348192692708633,0.0002760887145996094,0.738005534897268,0.8026855116612858,1.0,1.0,1879
1880,0.8663883365398949,0.008347085285017933,0.0002598762512207031,0.7380003108882512,0.8026832149108385,1.0,1.0,1880
1881,0.8664523679183345,0.008345978611439089,0.0002598762512207031,0.7379948158771618,0.8026822356577165,1.0,1.0,1881
1882,0.8663856802676644,0.008344872671096593,0.0002734661102294922,0.7379894755850642,0.8026819268415366,1.0,1.0,1882
1883,0.8659378220229241,0.00834376746311645,0.00026154518127441406,0.7379841393881272,0.8026816181073326,1.0,1.0,1883
1884,0.8660028633818274,0.008342662986626162,0.00026416778564453125,0.7379787634157967,0.8026811202371517,1.0,1.0,1884
1885,0.8659411110662156,0.008341559240754736,0.00026226043701171875,0.7379731417649418,0.8026809831542758,1.0,1.0,1885
1886,0.866012703618876,0.008340456224632677,0.0002770423889160156,0.7379675773312752,0.8026808320139389,1.0,1.0,1886
1887,0.8657867780763062,0.008339353937391976,0.0002617835998535156,0.7379620655569125,0.8026808025530698,1.0,1.0,1887
1888,0.8654831897810822,0.008338252378166128,0.00026154518127441406,0.737956572193713,0.8026806892993021,1.0,1.0,1888
1889,0.8657019914279191,0.008337151546090103,0.0002734661102294922,0.737951223229913,0.8026801128298664,1.0,1.0,1889
1890,0.8658443484770997,0.008336051440300363,0.0002639293670654297,0.7379458333019687,0.802679522641833,1.0,1.0,1890
1891,0.8658187778672024,0.008334952059934843,0.000263214111328125,0.7379402417511571,0.8026788367656459,1.0,1.0,1891
1892,0.8676649251122139,0.008333853404132962,0.0002651214599609375,0.7379345129010008,0.8026791884654895,1.0,1.0,1892
1893,0.8672949208623533,0.00833275547203561,0.00027823448181152344,0.7379287846050018,0.8026794451904281,1.0,1.0,1893
1894,0.8669273519734999,0.008331658262785148,0.00026726722717285156,0.7379228961301589,0.802679815812827,1.0,1.0,1894
1895,0.8666159553579966,0.008330561775525401,0.0002644062042236328,0.7379168900414947,0.8026804812068973,1.0,1.0,1895
1896,0.8673385426675433,0.008329466009401666,0.0002808570861816406,0.7379112103684651,0.8026795128891334,1.0,1.0,1896
1897,0.8668932516168906,0.008328370963560693,0.0002677440643310547,0.7379055350344956,0.8026785451829974,1.0,1.0,1897
1898,0.8665571741109765,0.008327276637150691,0.0002696514129638672,0.7378998937198918,0.8026783150799843,1.0,1.0,1898
1899,0.8662588304023253,0.008326183029321328,0.0002772808074951172,0.7378942904641324,0.802677827454347,1.0,1.0,1899
1900,0.8661076635332399,0.008325090139223716,0.00026798248291015625,0.7378888591832851,0.8026767082057296,1.0,1.0,1900
1901,0.8669160812756889,0.008323997966010422,0.0002682209014892578,0.7378835627284714,0.8026755897983159,1.0,1.0,1901
1902,0.8666449178607724,0.008322906508835451,0.00026988983154296875,0.7378782823247483,0.8026743811187089,1.0,1.0,1902
1903,0.8663375933672884,0.008321815766854252,0.0002684593200683594,0.7378730321931977,0.8026730094002201,1.0,1.0,1903
1904,0.86589452220366,0.008320725739223716,0.0002696514129638672,0.7378677860405806,0.8026716386124885,1.0,1.0,1904
1905,0.8659463659627775,0.008319636425102162,0.0002770423889160156,0.7378627186699103,0.8026698484555271,1.0,1.0,1905
1906,0.8655201878805484,0.008318547823649342,0.0002846717834472656,0.7378575036929104,0.8026674086572007,1.0,1.0,1906
1907,0.8664503656425715,0.008317459934026444,0.00027108192443847656,0.7378520348240492,0.8026650267743259,1.0,1.0,1907
1908,0.8662733994234363,0.00831637275539607,0.00026869773864746094,0.7378465856593531,0.8026625727257158,1.0,1.0,1908
1909,0.8684505857087234,0.008315286286922253,0.00028228759765625,0.7378410982970426,0.8026608464036417,1.0,1.0,1909
1910,0.8681630999347691,0.008314200527770443,0.000274658203125,0.7378356269449178,0.8026590037414084,1.0,1.0,1910
1911,0.8681705269517983,0.0083131154771075,0.0002703666687011719,0.7378301221577377,0.8026569324286917,1.0,1.0,1911
1912,0.8677696671595135,0.008312031134101706,0.0002753734588623047,0.7378247007697065,0.8026555470068957,1.0,1.0,1912
1913,0.8674252668545669,0.008310947497922747,0.0002701282501220703,0.737819317831271,0.8026539351587594,1.0,1.0,1913
1914,0.8669837131408695,0.008309864567741718,0.00026679039001464844,0.7378139389599413,0.8026523244299608,1.0,1.0,1914
1915,0.8666149596451679,0.008308782342731112,0.0002675056457519531,0.7378085951594574,0.8026505098088424,1.0,1.0,1915
1916,0.8666206610879926,0.00830770082206483,0.000270843505859375,0.7378030969756576,0.8026491211426383,1.0,1.0,1916
1917,0.8663858798899278,0.008306620004918164,0.00026869773864746094,0.7377976249791144,0.8026476405220465,1.0,1.0,1917
1918,0.8661892398931834,0.008305539890467804,0.00026607513427734375,0.7377923347449198,0.8026445116423163,1.0,1.0,1918
1919,0.8661859992309919,0.008304460477891832,0.0002777576446533203,0.7377870837534373,0.8026413757202883,1.0,1.0,1919
1920,0.8659704574836141,0.00830338176636971,0.00026798248291015625,0.7377816994351241,0.8026382328802686,1.0,1.0,1920
1921,0.8657700357205643,0.008302303755082294,0.00026798248291015625,0.7377762854629364,0.8026351231112286,1.0,1.0,1921
1922,0.8655101409228685,0.008301226443211816,0.00027871131896972656,0.7377708675331087,0.8026319405226547,1.0,1.0,1922
1923,0.8651317821626907,0.008300149829941891,0.0002677440643310547,0.7377654807450381,0.8026289201955144,1.0,1.0,1923
1924,0.864843429681158,0.008299073914457505,0.00027251243591308594,0.7377600758620692,0.8026258656441726,1.0,1.0,1924
1925,0.8644055864884665,0.008297998695945023,0.0002701282501220703,0.7377546750362876,0.8026228133424916,1.0,1.0,1925
1926,0.8640407509003357,0.008296924173592173,0.0002715587615966797,0.7377492991935546,0.8026195243533596,1.0,1.0,1926
1927,0.8636038383023253,0.008295850346588054,0.00026798248291015625,0.7377439195451836,0.8026174773995359,1.0,1.0,1927
1928,0.8647538662943224,0.008294777214123127,0.00026702880859375,0.7377387243693937,0.8026146526932609,1.0,1.0,1928
1929,0.867147159250737,0.008293704775389212,0.0002796649932861328,0.7377340246282997,0.8026114015783752,1.0,1.0,1929
1930,0.8667492243729144,0.008292633029579492,0.0002696514129638672,0.7377293574159731,0.8026077329435136,1.0,1.0,1930
1931,0.8664525950509374,0.0082915619758885,0.00026869773864746094,0.7377250399149159,0.8026035085331159,1.0,1.0,1931
1932,0.8660157501789538,0.008290491613512122,0.0002830028533935547,0.7377207256067164,0.8025992872900403,1.0,1.0,1932
1933,0.8655793561484485,0.008289421941647591,0.0002732276916503906,0.7377164144873808,0.8025950692102812,1.0,1.0,1933
1934,0.8660362118906461,0.008288352959493489,0.0002703666687011719,0.7377120883516295,0.8025911777004876,1.0,1.0,1934
1935,0.8657809603308534,0.008287284666249742,0.0002779960632324219,0.7377077779064081,0.8025872099030812,1.0,1.0,1935
1936,0.8656605374913527,0.00828621706111761,0.0002689361572265625,0.7377033736436668,0.8025833499024603,1.0,1.0,1936
1937,0.8655608287296526,0.008285150143299693,0.00027108192443847656,0.7376990103929489,0.8025794369641721,1.0,1.0,1937
1938,0.8662517215984732,0.008284083911999928,0.0002713203430175781,0.7376948378452741,0.8025755027968955,1.0,1.0,1938
1939,0.865964376637743,0.008283018366423579,0.00028324127197265625,0.7376906604801963,0.8025717663563586,1.0,1.0,1939
1940,0.8655484405471007,0.008281953505777238,0.00027871131896972656,0.7376864059605155,0.802568035855439,1.0,1.0,1940
1941,0.8657217771684319,0.008280889329268827,0.00027441978454589844,0.7376820944578459,0.8025640146624298,1.0,1.0,1941
1942,0.8653656015664295,0.008279825836107584,0.000286102294921875,0.7376777743255732,0.8025598836482786,1.0,1.0,1942
1943,0.8649317221079522,0.008278763025504074,0.00026988983154296875,0.7376734573696793,0.8025557557100589,1.0,1.0,1943
1944,0.864498332755606,0.008277700896670173,0.0002727508544921875,0.737669176443475,0.802551430137064,1.0,1.0,1944
1945,0.8641953965473383,0.00827663944881907,0.0002830028533935547,0.7376648061925036,0.8025469935112713,1.0,1.0,1945
1946,0.8638584864880812,0.008275578681165272,0.0002751350402832031,0.7376604298626597,0.8025425193415425,1.0,1.0,1946
1947,0.8634815962867319,0.008274518592924584,0.00026988983154296875,0.7376560958167196,0.8025386924520787,1.0,1.0,1947
1948,0.8635697180531176,0.008273459183314126,0.00026869773864746094,0.7376518787030953,0.802534484277474,1.0,1.0,1948
1949,0.8636047964717792,0.008272400451552314,0.0002727508544921875,0.7376477658561004,0.8025300550793203,1.0,1.0,1949
1950,0.8638128619081216,0.008271342396858866,0.0002741813659667969,0.7376435382634446,0.8025248632137576,1.0,1.0,1950
1951,0.8639193150303632,0.008270285018454797,0.00027298927307128906,0.7376394495012775,0.8025193763142093,1.0,1.0,1951
1952,0.8634882002441882,0.008269228315562413,0.000286102294921875,0.7376353637205377,0.8025138935328177,1.0,1.0,1952
1953,0.8631943390897604,0.008268172287405317,0.0002734661102294922,0.7376313332192538,0.8025091399651305,1.0,1.0,1953
1954,0.8629295736785538,0.008267116933208394,0.0002720355987548828,0.7376272166228024,0.8025037368095915,1.0,1.0,1954
1955,0.8624995401944862,0.008266062252197818,0.0002830028533935547,0.737623103023981,0.802498337700059,1.0,1.0,1955
1956,0.8624372316780434,0.00826500824360104,0.0002713203430175781,0.7376188494435518,0.8024929093020827,1.0,1.0,1956
1957,0.862679978190948,0.008263954906646805,0.00027179718017578125,0.7376140694619394,0.802488345985417,1.0,1.0,1957
1958,0.8624143800780728,0.008262902240565119,0.0002853870391845703,0.7376092923812559,0.802483726667395,1.0,1.0,1958
1959,0.8621053592123241,0.008261850244587273,0.00027680397033691406,0.7376045286537353,0.8024790047137812,1.0,1.0,1959
1960,0.8618349003347937,0.008260798917945825,0.00027251243591308594,0.7375997561059348,0.8024742644859493,1.0,1.0,1960
1961,0.8614555927326075,0.008259748259874602,0.00027251243591308594,0.7375949442143582,0.802469471469249,1.0,1.0,1961
1962,0.8618944249849737,0.008258698269608698,0.0002765655517578125,0.7375897784557478,0.8024654220295488,1.0,1.0,1962
1963,0.86163133782289,0.00825764894638447,0.000270843505859375,0.7375846987816412,0.8024610014930249,1.0,1.0,1963
1964,0.8612505934601961,0.008256600289439541,0.0002722740173339844,0.7375795931814763,0.8024564654931059,1.0,1.0,1964
1965,0.8610794116071288,0.008255552298012782,0.00028514862060546875,0.7375745335743707,0.8024518693425042,1.0,1.0,1965
1966,0.8607608702390793,0.008254504971344325,0.0002722740173339844,0.737569498750146,0.8024470312971212,1.0,1.0,1966
1967,0.8605613949778279,0.008253458308675554,0.0002758502960205078,0.7375643939863059,0.8024421242211693,1.0,1.0,1967
1968,0.8601354659237055,0.008252412309249106,0.0002994537353515625,0.7375592929621831,0.802437220779729,1.0,1.0,1968
1969,0.8617031652523839,0.00825136697230886,0.00027561187744140625,0.7375543630124897,0.8024325786664721,1.0,1.0,1969
1970,0.8615078655626484,0.008250322297099941,0.00027632713317871094,0.7375494578488272,0.8024278611598342,1.0,1.0,1970
1971,0.8611727995770087,0.008249278282868717,0.00028705596923828125,0.7375445270727145,0.8024231181558852,1.0,1.0,1971
1972,0.860961814114845,0.008248234928862792,0.00027251243591308594,0.7375394904136462,0.8024181144567991,1.0,1.0,1972
1973,0.8610821497981466,0.008247192234331015,0.0002758502960205078,0.7375343585714017,0.8024123595288987,1.0,1.0,1973
1974,0.8613896504021313,0.008246150198523457,0.00027489662170410156,0.7375291732157823,0.8024066141901351,1.0,1.0,1974
1975,0.8611549425237767,0.008245108820691427,0.00027751922607421875,0.7375240295395917,0.8024007718509106,1.0,1.0,1975
1976,0.8615209410965947,0.008244068100087463,0.0002751350402832031,0.7375188720400041,0.8023951417302954,1.0,1.0,1976
1977,0.8610963633005525,0.008243028035965327,0.0002760887145996094,0.7375137183067116,0.8023895157862276,1.0,1.0,1977
1978,0.8612935853416902,0.008241988627580002,0.0002872943878173828,0.7375086885050112,0.8023836225668929,1.0,1.0,1978
1979,0.8612626180999821,0.0082409498741877,0.00027489662170410156,0.7375035554416796,0.8023777507279002,1.0,1.0,1979
1980,0.8617394612809707,0.008239911775045839,0.0002779960632324219,0.7374984766139252,0.8023720490809629,1.0,1.0,1980
1981,0.861315687195886,0.008238874329413061,0.0002868175506591797,0.7374934014855493,0.8023663516578898,1.0,1.0,1981
1982,0.8619679147871918,0.008237837536549221,0.0002760887145996094,0.7374882528340331,0.8023611899494419,1.0,1.0,1982
1983,0.8615444871771362,0.008236801395715379,0.0002732276916503906,0.7374831079329159,0.8023560320473709,1.0,1.0,1983
1984,0.8616055108275354,0.008235765906173805,0.00028634071350097656,0.7374778919338593,0.8023510880521446,1.0,1.0,1984
1985,0.8627559360314744,0.008234731067187976,0.0002808570861816406,0.7374729079219986,0.8023459778181795,1.0,1.0,1985
1986,0.8623872933660928,0.00823369687802257,0.0002777576446533203,0.7374679439590359,0.8023405485028274,1.0,1.0,1986
1987,0.8624204796749543,0.008232663337943463,0.0002884864807128906,0.7374630282043122,0.8023359536101289,1.0,1.0,1987
1988,0.8621254527427816,0.008231630446217731,0.00028252601623535156,0.7374581332502759,0.8023315429511615,1.0,1.0,1988
1989,0.8621200494949623,0.008230598202113646,0.0002777576446533203,0.7374530874549364,0.8023273036529962,1.0,1.0,1989
1990,0.8617141543617294,0.008229566604900668,0.00027489662170410156,0.7374480173002111,0.8023229623238919,1.0,1.0,1990
1991,0.8613661520265989,0.00822853565384945,0.00028824806213378906,0.737442950044694,0.8023187674795941,1.0,1.0,1991
1992,0.8637504762549275,0.00822750534823183,0.0002770423889160156,0.7374381106454893,0.8023151783405893,1.0,1.0,1992
1993,0.8633467833760929,0.008226475687320834,0.00027298927307128906,0.7374333240001815,0.802312279807972,1.0,1.0,1993
1994,0.8629251329735594,0.008225446670390666,0.0002856254577636719,0.7374285408111129,0.8023093833364427,1.0,1.0,1994
1995,0.8625039040732168,0.008224418296716713,0.0002837181091308594,0.7374237610740693,0.8023064889235192,1.0,1.0,1995
1996,0.8623413142231724,0.008223390565575537,0.0002789497375488281,0.7374189774376708,0.8023043217780164,1.0,1.0,1996
1997,0.8619208328717761,0.008222363476244875,0.00028777122497558594,0.7374141972500178,0.8023021561334437,1.0,1.0,1997
1998,0.8615007712195273,0.008221337028003638,0.0002789497375488281,0.7374094205069115,0.8022999919880341,1.0,1.0,1998
1999,0.8611632437265826,0.008220311220131907,0.00027561187744140625,0.7374045215809916,0.8022972695587529,1.0,1.0,1999
2000,0.8608343149208271,0.008219286051910923,2.1061835289001465,0.7313266585028865,0.7957196793434074,1.0,1.0,2000
2001,0.5977880584195502,0.02674961219905688,0.00013947486877441406,0.995658720469954,1.0351900305940724,0.0,0.0,0
2002,0.6078931222198269,0.025557724169850898,5.793571472167969e-05,0.9978057288851013,1.0403988872349605,0.0,0.0,1
2003,0.6069634471273645,0.02459152611805058,4.410743713378906e-05,0.9985264292523649,1.043302283761346,0.0,0.0,2
2004,0.6377276038281374,0.02378414230005442,3.9577484130859375e-05,0.9986255601936459,1.045325778333202,0.0,0.0,3
2005,0.6493476808776997,0.023094010767585035,3.7670135498046875e-05,0.9985559901173161,1.048421716560687,0.0,0.0,4
2006,0.06723406227372253,0.022493653007613964,0.010458946228027344,0.9636398688237995,1.1460506844199658,0.0,0.0,5
2007,0.13875110721978212,0.0219640194710445,8.893013000488281e-05,0.9653251794293726,1.1492115936025566,0.0,0.0,6
2008,0.15836016399713992,0.02149139863647084,4.7206878662109375e-05,0.966414195064307,1.1547246956906232,0.0,0.0,7
2009,0.2928139126239122,0.02106561551391706,3.8623809814453125e-05,0.9669234753505566,1.1562291317024276,0.0,0.0,8
2010,0.3383727606416785,0.020678926158286825,3.647804260253906e-05,0.9672346731545295,1.1581968541628327,0.0,0.0,9
2011,0.4054228276238132,0.02032530992618459,3.5762786865234375e-05,0.9671079015822381,1.158673285145724,0.0,0.0,10
2012,0.5690161842952168,0.02,3.409385681152344e-05,0.9670625418905427,1.1581419135703905,0.0,0.0,11
2013,0.6479599733500782,0.019699162420218096,3.4809112548828125e-05,0.9675023575295046,1.1581742456102635,0.0,0.0,12
2014,0.668560028669623,0.019419670868292938,3.62396240234375e-05,0.9676127403542496,1.1574891468731858,0.0,0.0,13
2015,0.6345464748899899,0.019158945017742988,3.3855438232421875e-05,0.9683151088060206,1.1577128938492554,0.0,0.0,14
2016,0.7019072291225087,0.018914832180063516,3.24249267578125e-05,0.9687392902231615,1.1576999961364303,0.0,0.0,15
2017,0.6854239342684502,0.018685519109128003,3.314018249511719e-05,0.9692808543257077,1.157770212246938,0.0,0.0,16
2018,0.6691754698090175,0.018469465237764104,3.170967102050781e-05,0.9694245586062553,1.1573647050871474,0.0,0.0,17
2019,0.7228636986020558,0.018265351419869253,3.457069396972656e-05,0.9688788387293645,1.157861426470435,0.0,0.0,18
2020,0.714154853649946,0.0180720400721969,3.4332275390625e-05,0.9692397366891418,1.1581999125722975,0.0,0.0,19
2021,0.6941125542274866,0.01788854381999832,3.314018249511719e-05,0.9697895903513077,1.158669454472357,0.0,0.0,20
2022,0.6853663346610661,0.017714000570765897,3.647804260253906e-05,0.969951104864279,1.1596797896328603,0.0,0.0,21
2023,0.6602797335433996,0.017547653506033236,3.528594970703125e-05,0.9707275673403705,1.160172123103141,0.0,0.0,22
2024,0.637156940759449,0.017388834877799658,3.409385681152344e-05,0.9709206676554376,1.1610827450618648,0.0,0.0,23
2025,0.6275224079851556,0.01723695277835624,3.361701965332031e-05,0.9717173527340115,1.1616163386760885,0.0,0.0,24
2026,0.3270906312804185,0.01709148025584936,0.18089866638183594,1.99227608990778,1.697079194824743,0.0,0.0,25
2027,0.32140945947884686,0.016951946296600868,0.00011372566223144531,1.9926976483592622,1.697479003043998,0.0,0.0,26
2028,0.315490475811779,0.01681792830507429,5.0067901611328125e-05,1.992588017298605,1.6978487572618541,0.0,0.0,27
2029,0.3689119397821004,0.016689045794446026,4.363059997558594e-05,1.9928168006488685,1.697719000054627,0.0,0.0,28
2030,0.36197788657914864,0.016564955062662083,3.8623809814453125e-05,1.9927943451223182,1.6977995858296557,0.0,0.0,29
2031,0.3554185068193123,0.01644534467602079,3.62396240234375e-05,1.9929824184017182,1.697810349206583,0.0,0.0,30
2032,0.3492230579787043,0.016329931618554522,3.5762786865234375e-05,1.9931625685063528,1.6978207927108042,0.0,0.0,31
2033,0.46033481384012054,0.016218457993550792,3.4332275390625e-05,1.9929492827258108,1.6974026081682592,0.0,0.0,32
2034,0.48113022900166325,0.016110688185463094,3.552436828613281e-05,1.9931531569240253,1.697104128782109,0.0,0.0,33
2035,0.5069478392287049,0.016006406407689997,3.600120544433594e-05,1.9934621366520135,1.6969040381472007,0.0,0.0,34
2036,0.8657931005305779,0.015905414575341014,3.504753112792969e-05,1.9928426546352034,1.6964180515110812,0.0,0.0,35
2037,0.8474181875225374,0.01580753045297619,3.409385681152344e-05,1.992253770267107,1.6958365876822266,0.0,0.0,36
2038,0.8299839067070274,0.01571258603602052,3.457069396972656e-05,1.9917434370155156,1.6954622025445816,0.0,0.0,37
2039,0.8264974638192013,0.015620426131580645,3.6716461181640625e-05,1.9915296635710116,1.6947735332031142,0.0,0.0,38
2040,0.8785460889181872,0.01553090711008893,3.457069396972656e-05,1.9910775135125687,1.694122794129759,0.0,0.0,39
2041,0.8877631184998659,0.015443895803843588,3.361701965332031e-05,1.9907685471943932,1.6935826197495223,0.0,0.0,40
2042,0.8708031971702173,0.015359268532317399,4.8160552978515625e-05,1.9903643069929258,1.6929810181492473,0.0,0.0,41
2043,1.0678660771481667,0.015276910237238135,3.3855438232421875e-05,1.9897087711477333,1.6922492798998354,0.0,0.0,42
2044,1.2243349363768739,0.015196713713031851,3.600120544433594e-05,1.9888404458830973,1.691412567548304,0.0,0.0,43
2045,1.267208100403437,0.015118578920369089,3.528594970703125e-05,1.987894126620948,1.6903356288254983,0.0,0.0,44
2046,1.4638780417907533,0.015042412372345576,3.790855407714844e-05,1.9867330636272755,1.689230644872808,0.0,0.0,45
2047,1.4874305429999963,0.0149681265843285,3.552436828613281e-05,1.9854991927036818,1.6879751084858685,0.0,0.0,46
2048,1.4924899550020274,0.014895639579759297,3.647804260253906e-05,1.9843525196494587,1.6868522907145838,0.0,0.0,47
2049,1.631362318787867,0.014824874445266055,3.528594970703125e-05,1.9830535819829718,1.6856555949864929,0.0,0.0,48
2050,1.6023239544480323,0.014755758929337622,3.695487976074219e-05,1.9818990176775662,1.6844380429173105,0.0,0.0,49
2051,0.6258868794641197,0.014688225079574369,0.015267372131347656,1.2200067047780387,1.0100059990119297,0.0,0.0,50
2052,0.6181192549941514,0.014622208914180495,0.00010991096496582031,1.222744905567851,1.012884396951046,0.0,0.0,51
2053,0.7816482880017943,0.014557650123917907,5.2928924560546875e-05,1.220998005017003,1.0111538547946075,0.0,0.0,52
2054,0.7696235133119164,0.01449449180121732,4.6253204345703125e-05,1.2215228289594497,1.0119212836123066,0.0,0.0,53
2055,0.7564565939920954,0.01443268019355096,4.458427429199219e-05,1.221148280456628,1.0113733678512973,0.0,0.0,54
2056,0.7448734244125608,0.01437216447852337,4.00543212890625e-05,1.2218220175817613,1.0122784942764855,0.0,0.0,55
2057,0.7337660204737221,0.014312896558441049,3.981590270996094e-05,1.221321500338446,1.0111628045506562,0.0,0.0,56
2058,0.722346412694185,0.014254830872385152,3.933906555175781e-05,1.2218791733043588,1.0128771489488038,0.0,0.0,57
2059,0.710624905338736,0.014197924224040212,4.00543212890625e-05,1.220828605132173,1.0109645757010555,0.0,0.0,58
2060,0.6999521619338419,0.014142135623730949,3.790855407714844e-05,1.2210026588073462,1.0121061175503534,0.0,0.0,59
2061,0.6894814589680519,0.014087426143292945,3.838539123535156e-05,1.2204667541509384,1.0106681449165953,0.0,0.0,60
2062,0.6795544920004257,0.014033758782554742,3.814697265625e-05,1.2210528887227061,1.0117437223058545,0.0,0.0,61
2063,0.6697569736612373,0.01398109834634205,3.910064697265625e-05,1.2208663769903492,1.0110635623301656,0.0,0.0,62
2064,0.6609238854249676,0.013929411331031417,3.6716461181640625e-05,1.2212537235788368,1.0118559179276665,0.0,0.0,63
2065,0.6803841542866966,0.01387866581978364,3.9577484130859375e-05,1.221059141518517,1.0115765095653622,0.0,0.0,64
2066,0.6706462738199013,0.01382883138567764,3.814697265625e-05,1.2205199210728772,1.011605413968995,0.0,0.0,65
2067,0.6616638971859526,0.013779879002045574,3.7670135498046875e-05,1.220424965100948,1.011376759833348,0.0,0.0,66
2068,0.6528441735336221,0.013731780959380786,3.62396240234375e-05,1.2208237188123943,1.0115170235394055,0.0,0.0,67
2069,0.6713445665019682,0.01368451078825286,3.838539123535156e-05,1.220484391023304,1.0114341752704261,0.0,0.0,68
2070,0.6626360028672521,0.013638043187719814,3.6716461181640625e-05,1.2205064978130924,1.012005202150202,0.0,0.0,69
2071,0.6809770827032146,0.01359235395877698,3.719329833984375e-05,1.220260256559981,1.0113906129337618,0.0,0.0,70
2072,0.6724178256896789,0.013547419942426286,3.838539123535156e-05,1.2205789823870716,1.012398957711497,0.0,0.0,71
2073,0.6643012835533131,0.013503218961989055,5.173683166503906e-05,1.2204610157521982,1.0118357125969866,0.0,0.0,72
2074,0.6558909525146299,0.013459729769320606,3.7670135498046875e-05,1.2208518075867552,1.0123293647343967,0.0,0.0,73
2075,0.6730833310849091,0.013416931994616497,3.7670135498046875e-05,1.2207169548943368,1.0121139725719868,0.0,0.0,74
2076,0.6649193630596361,0.01337480609952844,3.790855407714844e-05,1.2207938398263487,1.0119847253896095,0.0,0.0,75
2077,0.7801934710439543,0.013333333333333332,4.1961669921875e-05,1.2208306009887386,1.0121619455384725,0.0,0.0,76
2078,0.7712673958931356,0.013292495691921606,4.172325134277344e-05,1.2209030287540037,1.0121102238115818,0.0,0.0,77
2079,0.7622201805134406,0.013252275879391607,3.814697265625e-05,1.2207995776975824,1.0123766965000534,0.0,0.0,78
2080,0.7534348518475441,0.013212657272055228,3.814697265625e-05,1.2207339955435323,1.0121179185483047,0.0,0.0,79
2081,0.7448769719878598,0.01317362388467672,4.00543212890625e-05,1.22068821074837,1.0123507894841572,0.0,0.0,80
2082,0.7365245838540936,0.01313516033878161,3.886222839355469e-05,1.2205510375540924,1.01240208329112,0.0,0.0,81
2083,0.7284394553339503,0.01309725183288644,3.910064697265625e-05,1.2205804740887105,1.0124571688075314,0.0,0.0,82
2084,0.7206957063404134,0.013059884114512211,3.886222839355469e-05,1.2204791667143935,1.0124212338022849,0.0,0.0,83
2085,0.7129468334097706,0.013023043453855847,3.910064697265625e-05,1.2204114954689134,1.0125093466737598,0.0,0.0,84
2086,0.7054209422375259,0.012986716619003955,3.910064697265625e-05,1.2205431582444661,1.0124432320722234,0.0,0.0,85
2087,0.6981145300839772,0.012950890852582574,3.838539123535156e-05,1.2204465742480883,1.0125615617400268,0.0,0.0,86
2088,0.6908693726945576,0.012915553849744882,3.886222839355469e-05,1.2205632656861471,1.0124925922255898,0.0,0.0,87
2089,0.6839321170873179,0.012880693737406695,4.029273986816406e-05,1.2204477366568114,1.0125501641241397,0.0,0.0,88
2090,0.6769386505559563,0.01284629905464632,4.029273986816406e-05,1.2204479010531228,1.0126131039861832,0.0,0.0,89
2091,0.6701145471883447,0.012812358734191946,3.9577484130859375e-05,1.2204901100653998,1.0125707812774747,0.0,0.0,90
2092,0.6634369478264283,0.012778862084925449,5.054473876953125e-05,1.220381504830116,1.0126316395260229,0.0,0.0,91
2093,0.656877207344689,0.012745798775336877,4.00543212890625e-05,1.220489104287271,1.0125433635699181,0.0,0.0,92
2094,0.7519518554719564,0.012713158817868742,4.076957702636719e-05,1.2203765663870008,1.0126069525696149,0.0,0.0,93
2095,0.7447916259352144,0.012680932554093723,3.933906555175781e-05,1.2203903407874936,1.012452461839885,0.0,0.0,94
2096,0.7376043587730188,0.012649110640673518,3.981590270996094e-05,1.2202931464296587,1.0124159327130715,0.0,0.0,95
2097,0.7306710357430655,0.012617684036050288,4.100799560546875e-05,1.2201225505391817,1.012213487764805,0.0,0.0,96
2098,0.7237268379915723,0.012586643987825663,4.0531158447265625e-05,1.2204606944524279,1.0125565940604533,0.0,0.0,97
2099,0.7169426776767613,0.012555982020785427,3.981590270996094e-05,1.2204591482429283,1.012570088274893,0.0,0.0,98
2100,0.710468144605416,0.012525689925530938,4.029273986816406e-05,1.2204591111736938,1.0125606512659946,0.0,0.0,99
2101,0.6971411800444561,0.012495759747681023,0.38089919090270996,1.214019656452712,1.0677092314655834,0.0,0.0,100
2102,0.6909395339315008,0.012466183777610622,0.000125885009765625,1.2141519957823514,1.0676993018212364,0.0,0.0,101
2103,0.6852739226306814,0.012436954540694687,6.222724914550781e-05,1.2141641380194574,1.0679497381718557,0.0,0.0,102
2104,0.6807788853881155,0.012408064788027995,5.14984130859375e-05,1.214313219600656,1.0679167137734151,0.0,0.0,103
2105,0.6794016750547892,0.01237950748759353,4.744529724121094e-05,1.2143391232065122,1.0679847748687081,0.0,0.0,104
2106,0.6748551854706625,0.012351275815853793,5.245208740234375e-05,1.214370868619767,1.0681768684814983,0.0,0.0,105
2107,0.669174271714506,0.01232336314974122,4.601478576660156e-05,1.2145146458680607,1.0681415952323567,0.0,0.0,106
2108,0.678352581917408,0.01229576305902529,4.553794860839844e-05,1.2145414699847554,1.0681441640772216,0.0,0.0,107
2109,0.6726527643941927,0.012268469299035458,5.817413330078125e-05,1.2145679689762436,1.0681467229730075,0.0,0.0,108
2110,0.6710228001432211,0.012241475803720361,4.649162292480469e-05,1.214555264792205,1.0683096925101097,0.0,0.0,109
2111,0.666713284020484,0.012214776679024887,4.4345855712890625e-05,1.2146590721353783,1.0682429496743027,0.0,0.0,110
2112,0.6612525208454969,0.012188366196567999,4.482269287109375e-05,1.2146825988342362,1.0682246283591708,0.0,0.0,111
2113,0.6722185421225206,0.012162238787605173,4.363059997558594e-05,1.2146580677452774,1.0683734897474746,0.0,0.0,112
2114,0.6676122440115552,0.012136389037260291,4.553794860839844e-05,1.2147517259517255,1.068308653691161,0.0,0.0,113
2115,0.6642857192284876,0.012110811679012842,4.5299530029296875e-05,1.2148041768877937,1.0682468389762947,0.0,0.0,114
2116,0.6589924244810244,0.012085501589427073,4.38690185546875e-05,1.21485321360777,1.068404584743128,0.0,0.0,115
2117,0.6548543254807073,0.012060453783110546,4.38690185546875e-05,1.214917155168641,1.0683324097381983,0.0,0.0,116
2118,0.6497251071213558,0.012035663407890305,4.3392181396484375e-05,1.2149654876642197,1.0684878805406242,0.0,0.0,117
2119,0.6454132437685646,0.012011125740195595,4.38690185546875e-05,1.2150366756461572,1.0684666901303121,0.0,0.0,118
2120,0.6404491113367611,0.011986836180636656,4.363059997558594e-05,1.2150925328444613,1.0686352377168693,0.0,0.0,119
2121,0.6378046180753529,0.011962790249769763,4.315376281738281e-05,1.2152394980194494,1.0685420924977875,0.0,0.0,120
2122,0.6342244017880607,0.011938983584039291,4.2438507080078125e-05,1.2153159988640754,1.068689794915398,0.0,0.0,121
2123,0.6994056726898117,0.01191541193188797,4.38690185546875e-05,1.2153344341240442,1.0687649823813143,0.0,0.0,122
2124,0.699116269225483,0.01189207115002721,4.410743713378906e-05,1.2153775036401555,1.0686984614797301,0.0,0.0,123
2125,0.6939358358006963,0.011868957199859633,4.315376281738281e-05,1.2153843976032457,1.0687808897443851,0.0,0.0,124
2126,0.6888890716314809,0.0118460661440465,5.91278076171875e-05,1.2154042878942075,1.0688236746188386,0.0,0.0,125
2127,0.6844628687998292,0.01182339414321311,4.458427429199219e-05,1.2154804702855273,1.0688351525934539,0.0,0.0,126
2128,0.6813553210507868,0.011800937452785615,4.315376281738281e-05,1.2154966502076185,1.0688729655369846,0.0,0.0,127
2129,0.6783178871338619,0.011778692419953041,4.57763671875e-05,1.2155540037613215,1.068875417421932,0.0,0.0,128
2130,0.6734840956784249,0.011756655480748664,4.506111145019531e-05,1.2155567154370273,1.0689346350192839,0.0,0.0,129
2131,0.6687083047079708,0.011734823157245245,4.4345855712890625e-05,1.2156059182496646,1.0689692022707362,0.0,0.0,130
2132,0.6640111697624062,0.01171319205485879,4.2438507080078125e-05,1.2156545987934333,1.069012771127376,0.0,0.0,131
2133,0.6593815366543082,0.01169175885975595,4.601478576660156e-05,1.2157095455236147,1.0690487025406583,0.0,0.0,132
2134,0.6548148952407226,0.01167052033636032,4.57763671875e-05,1.2157572092929303,1.069092048720219,0.0,0.0,133
2135,0.650553465109006,0.011649473324953166,4.553794860839844e-05,1.2158149038897377,1.0691176899719705,0.0,0.0,134
2136,0.6461176459871649,0.011628614739364386,4.5299530029296875e-05,1.2158667055591583,1.0691506939249336,0.0,0.0,135
2137,0.6417617646748225,0.01160794156474967,4.363059997558594e-05,1.2159124490461366,1.0692085424143327,0.0,0.0,136
2138,0.6395512465003486,0.011587450855450057,4.38690185546875e-05,1.215993702123463,1.0691916521938831,0.0,0.0,137
2139,0.6357878720841834,0.011567139732930285,4.4345855712890625e-05,1.2160229752696547,1.069231680350278,0.0,0.0,138
2140,0.6323851493165377,0.011547005383792518,4.458427429199219e-05,1.2160996292514545,1.0692447389598863,0.0,0.0,139
2141,0.6282412820851017,0.011527045057862138,4.482269287109375e-05,1.2161276137323076,1.0692848021151844,0.0,0.0,140
2142,0.6246126108810924,0.011507256066342612,4.458427429199219e-05,1.2161564986282698,1.069327493784039,0.0,0.0,141
2143,0.624171675569887,0.011487635780036361,4.6253204345703125e-05,1.216235581835723,1.06928548333523,0.0,0.0,142
2144,0.6312414353931951,0.011468181627628936,4.601478576660156e-05,1.2162138189637195,1.0692766048862385,0.0,0.0,143
2145,0.6277208517327686,0.011448891094033799,4.482269287109375e-05,1.2161920430911113,1.0692475206176701,0.0,0.0,144
2146,0.6249231443194531,0.011429761718795197,4.57763671875e-05,1.2162109702748938,1.0692160346883326,0.0,0.0,145
2147,0.6209794051706415,0.011410791094546666,4.601478576660156e-05,1.2162297300957567,1.0691848811458466,0.0,0.0,146
2148,0.6198355312582454,0.011391976865522947,4.839897155761719e-05,1.2162479768200307,1.0691443012776487,0.0,0.0,147
2149,0.6171069174709792,0.011373316726123074,4.8160552978515625e-05,1.2162195822096562,1.0691307330700373,0.0,0.0,148
2150,0.6662786863279193,0.011354808419522579,4.935264587402344e-05,1.2162004697462994,1.0690722535324952,0.0,0.0,149
2151,0.6629182577471772,0.011336449736332792,4.601478576660156e-05,1.2161763939320918,1.0690050491456744,0.0,0.0,150
2152,0.6588540064616063,0.011318238513305403,4.744529724121094e-05,1.2161613603937997,1.068941987686304,0.0,0.0,151
2153,0.7232162028242108,0.01130017263208043,4.601478576660156e-05,1.2160689948677685,1.0688588932204213,0.0,0.0,152
2154,0.720344705546388,0.011282250017975884,4.7206878662109375e-05,1.2159997181666287,1.0687636194609176,0.0,0.0,153
2155,0.7159945457225217,0.011264468638817504,4.57763671875e-05,1.2159311204665777,1.068669267376016,0.0,0.0,154
2156,0.7140873573328275,0.011246826503806982,4.57763671875e-05,1.2158789471549245,1.068605050394783,0.0,0.0,155
2157,0.7202305854481577,0.011229321662427169,4.57763671875e-05,1.2158295308220368,1.0685451267283563,0.0,0.0,156
2158,0.7161505281815881,0.01121195220338286,4.601478576660156e-05,1.2157874976500844,1.0684953701410265,0.0,0.0,157
2159,0.7156234930291099,0.011194716253575755,5.793571472167969e-05,1.2157548526645896,1.0684000817098593,0.0,0.0,158
2160,0.7114374834236279,0.011177611977112324,4.673004150390625e-05,1.2156778244607804,1.0683548233493345,0.0,0.0,159
2161,0.7080535805904109,0.011160637574343307,4.792213439941406e-05,1.2156448586516007,1.0682627703197605,0.0,0.0,160
2162,0.7533973657281405,0.011143791280933669,4.601478576660156e-05,1.2155779426542717,1.068169524220334,0.0,0.0,161
2163,0.7493473549885392,0.011127071366961835,4.6253204345703125e-05,1.2154959310984856,1.0680945059597489,0.0,0.0,162
2164,0.7450532805234525,0.011110476136047162,4.673004150390625e-05,1.2154146757285533,1.0680201762473986,0.0,0.0,163
2165,0.7539947993960339,0.011094003924504584,4.744529724121094e-05,1.2153131907798314,1.0679119061195603,0.0,0.0,164
2166,0.7497152474809183,0.011077653100525367,4.57763671875e-05,1.2152144904356523,1.0678046122701121,0.0,0.0,165
2167,0.7568905670904601,0.011061422063383152,4.673004150390625e-05,1.2151166703404308,1.0676977897425024,0.0,0.0,166
2168,0.7532999345863148,0.011045309242664223,4.744529724121094e-05,1.2150288026555873,1.067581968626766,0.0,0.0,167
2169,0.7521134905405753,0.01102931309752121,4.673004150390625e-05,1.2149612295590098,1.0674257600600328,0.0,0.0,168
2170,0.7492126271303408,0.01101343211594935,4.792213439941406e-05,1.2148948514866273,1.067270447931029,0.0,0.0,169
2171,0.7931574791140715,0.010997664814084521,4.696846008300781e-05,1.2147934859227072,1.0671051829996876,0.0,0.0,170
2172,0.8385578886656861,0.01098200973552225,4.7206878662109375e-05,1.2146540725016948,1.0669265344895018,0.0,0.0,171
2173,0.8339375499720107,0.010966465450656953,4.744529724121094e-05,1.2144811545132461,1.0667713705954147,0.0,0.0,172
2174,0.8308568567411411,0.010951030556040733,4.839897155761719e-05,1.2143431703312573,1.0665933887672947,0.0,0.0,173
2175,0.8274914765600684,0.010935703673760996,5.817413330078125e-05,1.214168987514407,1.0664379684515533,0.0,0.0,174
2176,0.8246472266470604,0.010920483450836268,4.887580871582031e-05,1.2140255719849706,1.0662418202605344,0.0,0.0,175
2177,0.8202124474491925,0.01090536855862958,4.8160552978515625e-05,1.2138564006008616,1.0660648874288354,0.0,0.0,176
2178,0.8175194432405495,0.010890357692278807,4.839897155761719e-05,1.213713278599345,1.0658666824002123,0.0,0.0,177
2179,0.8131718859590308,0.010875449570143372,4.792213439941406e-05,1.2135402997173919,1.0657084076455268,0.0,0.0,178
2180,0.8111866603208526,0.010860642933266782,4.982948303222656e-05,1.2134172002249386,1.06550771064481,0.0,0.0,179
2181,0.8134205180688929,0.010845936544854447,4.863739013671875e-05,1.2132355033006494,1.0653314791798407,0.0,0.0,180
2182,0.8110322057266187,0.01083132918976626,4.8160552978515625e-05,1.2130931554225612,1.0651175258905297,0.0,0.0,181
2183,0.8166851301666969,0.010816819674023455,5.0067901611328125e-05,1.2129184992704538,1.0649084047986113,0.0,0.0,182
2184,0.8133971050900142,0.010802406824329272,4.982948303222656e-05,1.2127452420570035,1.0647154295184789,0.0,0.0,183
2185,0.8091966142002742,0.01078808948760295,5.030632019042969e-05,1.212606959433313,1.0645041349711375,0.0,0.0,184
2186,0.8076102439598417,0.010773866530526628,4.982948303222656e-05,1.2124469679732812,1.0643420074374312,0.0,0.0,185
2187,0.8034922317400863,0.01075973683910473,4.982948303222656e-05,1.2123230572211685,1.064141924410338,0.0,0.0,186
2188,0.799414321744301,0.01074569931823542,5.054473876953125e-05,1.2121656089821438,1.063982368510292,0.0,0.0,187
2189,0.7965133461244903,0.01073175289129372,4.935264587402344e-05,1.2120590717165298,1.063783272311352,0.0,0.0,188
2190,0.7940329282780991,0.010717896499725965,5.936622619628906e-05,1.2119256852989186,1.0636004203028266,0.0,0.0,189
2191,0.7900724477221668,0.010704129102655165,5.14984130859375e-05,1.211806050986805,1.0634416927811088,0.0,0.0,190
2192,0.7873362882279037,0.010690449676496976,5.14984130859375e-05,1.2116907813059117,1.0632776617073347,0.0,0.0,191
2193,0.7853119811255975,0.010676857214585922,5.0067901611328125e-05,1.211591789502569,1.0631050845047831,0.0,0.0,192
2194,0.7823777889803346,0.010663350726811542,4.9591064453125e-05,1.211494170808733,1.0629327764511702,0.0,0.0,193
2195,0.7794034898034585,0.010649929239264163,4.982948303222656e-05,1.2113984458619702,1.062761734849853,0.0,0.0,194
2196,0.7770957788452346,0.010636591793889979,4.982948303222656e-05,1.21129969581925,1.0626005440156052,0.0,0.0,195
2197,0.7762340518824283,0.010623337448155157,5.0067901611328125e-05,1.2112204185941797,1.06246068100684,0.0,0.0,196
2198,0.7724893528400275,0.010610165274718706,5.030632019042969e-05,1.2111417472491857,1.0623218741350469,0.0,0.0,197
2199,0.7695481865598365,0.010597074361113798,5.125999450683594e-05,1.211058462815727,1.0621913705123343,0.0,0.0,198
2200,0.7658775992632401,0.010584063809437319,5.0067901611328125e-05,1.2109758080935986,1.0620618432925217,0.0,0.0,199
2201,0.7244005806967919,0.010571132736047378,0.030108213424682617,1.2200067047780383,1.0100059990119301,0.0,0.0,200
2202,0.7317510543157036,0.010558280271268556,0.0001246929168701172,1.2208173231749986,1.0108624152057315,0.0,0.0,201
2203,0.7760480527107527,0.010545505559104624,8.106231689453125e-05,1.22032982974967,1.0104872887781697,0.0,0.0,202
2204,0.772712522511439,0.01053280775695853,5.9604644775390625e-05,1.2202567775767585,1.0106265539810944,0.0,0.0,203
2205,0.7691508178902965,0.010520186035359449,6.008148193359375e-05,1.2203779451088388,1.0106352740972735,0.0,0.0,204
2206,0.7653739627642663,0.010507639577696633,5.412101745605469e-05,1.2198011674074118,1.0101445814807481,0.0,0.0,205
2207,0.8094419185284285,0.010495167579959946,5.6743621826171875e-05,1.220258837142101,1.010511791631469,0.0,0.0,206
2208,0.8055134685492543,0.010482769250486784,5.459785461425781e-05,1.2195272037790463,1.0101416486931234,0.0,0.0,207
2209,0.8017776119967073,0.010470443809715282,5.6743621826171875e-05,1.2198118283925328,1.0102629205136082,0.0,0.0,208
2210,0.7982171763041557,0.010458190489943571,5.054473876953125e-05,1.2194391271376537,1.010057649872325,0.0,0.0,209
2211,0.7946484601863126,0.010446008535094913,5.7220458984375e-05,1.2197615797349706,1.0102040078307872,0.0,0.0,210
2212,0.7908012368315716,0.010433897200488582,5.125999450683594e-05,1.2192489375200506,1.009749558128469,0.0,0.0,211
2213,0.7873830735869242,0.010421855752616274,5.91278076171875e-05,1.2195671171789721,1.009954086974965,0.0,0.0,212
2214,0.7837381641693,0.010409883468923915,5.3882598876953125e-05,1.2191921771847276,1.0096845669519592,0.0,0.0,213
2215,0.7804376294427252,0.010397979637598727,5.745887756347656e-05,1.2194854651467133,1.0098144660216573,0.0,0.0,214
2216,0.7767133141047935,0.010386143557361354,6.556510925292969e-05,1.219043639914376,1.0095176029978408,0.0,0.0,215
2217,0.8185982575198896,0.010374374537262959,5.91278076171875e-05,1.219245985801663,1.0096964298695184,0.0,0.0,216
2218,0.8150244248930161,0.010362671896487118,5.5789947509765625e-05,1.2190633037161478,1.009715135771249,0.0,0.0,217
2219,0.8114293821031076,0.010351034964156387,5.5789947509765625e-05,1.2191409696808262,1.0096472957418263,0.0,0.0,218
2220,0.8079478286728838,0.010339463079143412,5.53131103515625e-05,1.2190048300510135,1.0097162695247253,0.0,0.0,219
2221,0.8488179631967671,0.010327955589886443,5.602836608886719e-05,1.2190931869535706,1.0096492215872674,0.0,0.0,220
2222,0.8450963175698529,0.010316511854209167,5.602836608886719e-05,1.2189188010491887,1.0096698709983807,0.0,0.0,221
2223,0.8415241301620959,0.010305131239144678,5.459785461425781e-05,1.2189650824198153,1.0095900297448381,0.0,0.0,222
2224,0.8378638700875738,0.010293813120763535,5.6743621826171875e-05,1.2188245908470308,1.0095796773760441,0.0,0.0,223
2225,0.8343918873401457,0.010282556884005768,5.817413330078125e-05,1.2189261633652757,1.0096004990966139,0.0,0.0,224
2226,0.8308015748710297,0.010271361922516698,5.626678466796875e-05,1.2188096603022698,1.0095100356570652,0.0,0.0,225
2227,0.8273955019000175,0.010260227638486538,5.6743621826171875e-05,1.218736493809778,1.0096023485860517,0.0,0.0,226
2228,0.8238652749518123,0.010249153442493584,5.602836608886719e-05,1.2186519354228396,1.0095226967850508,0.0,0.0,227
2229,0.8204611196719563,0.01023813875335097,5.817413330078125e-05,1.2187585391479252,1.0094858401325373,0.0,0.0,228
2230,0.8170093370011998,0.010227182997956875,6.389617919921875e-05,1.2186639495878737,1.009478640152721,0.0,0.0,229
2231,0.8221853906259168,0.010216285611148053,5.7697296142578125e-05,1.2186114372344496,1.009506599135509,0.0,0.0,230
2232,0.8187594247235491,0.010205446035556658,5.650520324707031e-05,1.2185190623387248,1.009361226373052,0.0,0.0,231
2233,0.857499204012488,0.010194663721470217,5.698204040527344e-05,1.218571100073101,1.0093580805917934,0.0,0.0,232
2234,0.8622979489107285,0.010183938126694716,5.7220458984375e-05,1.218470462754917,1.0093072369380516,0.0,0.0,233
2235,0.8588766824860391,0.010173268716420703,5.626678466796875e-05,1.218384668997837,1.0094009904913466,0.0,0.0,234
2236,0.8552938656088026,0.010162654963092295,5.793571472167969e-05,1.2183075786187585,1.0092564439959677,0.0,0.0,235
2237,0.8518818931848033,0.010152096346279074,5.91278076171875e-05,1.2184188380733894,1.0092127418780157,0.0,0.0,236
2238,0.8484358014321707,0.010141592352550757,5.555152893066406e-05,1.2182058280006671,1.0092210643016302,0.0,0.0,237
2239,0.8450722176325675,0.010131142475354567,5.91278076171875e-05,1.2182723910643376,1.0092189107907807,0.0,0.0,238
2240,0.8416664617618862,0.010120746214895263,5.602836608886719e-05,1.2181902703683662,1.009107783280675,0.0,0.0,239
2241,0.8383669908473108,0.010110403078017732,5.936622619628906e-05,1.218219445345271,1.0092101698990958,0.0,0.0,240
2242,0.835044020814389,0.010100112578092095,5.5789947509765625e-05,1.2181541601014856,1.0091018246793868,0.0,0.0,241
2243,0.8318548020015716,0.010089874234901269,5.7220458984375e-05,1.2181215969433432,1.0091826616131758,0.0,0.0,242
2244,0.8285645068335584,0.010079687574530889,6.818771362304688e-05,1.2179997338887405,1.00915354371037,0.0,0.0,243
2245,0.8253420257678833,0.010069552129261581,5.9604644775390625e-05,1.2181008859546427,1.0090743105971447,0.0,0.0,244
2246,0.822121796529515,0.010059467437463483,5.7220458984375e-05,1.2179270322473752,1.0090991682993251,0.0,0.0,245
2247,0.8190736493262434,0.010049433043492977,6.079673767089844e-05,1.2180074330031088,1.0091839201143888,0.0,0.0,246
2248,0.8158862497549638,0.010039448497591585,5.7697296142578125e-05,1.217950766377854,1.009094484649655,0.0,0.0,247
2249,0.8127730030392176,0.010029513355786961,5.9604644775390625e-05,1.2179571634941952,1.0091202492319824,0.0,0.0,248
2250,0.8096355022564139,0.010019627179795931,5.841255187988281e-05,1.217916259536624,1.0090619021356426,0.0,0.0,249
2251,0.8065825051039834,0.010009789536929532,5.984306335449219e-05,1.217924521610417,1.0091194870988054,0.0,0.0,250
2252,0.8424353835711793,0.01,5.8650970458984375e-05,1.2178871844178767,1.009066625111477,0.0,0.0,251
2253,0.8392491903877168,0.009990258147229673,6.008148193359375e-05,1.2178554779680861,1.0090828774312934,0.0,0.0,252
2254,0.8360974465406871,0.009980563562161732,6.031990051269531e-05,1.2178778012111908,1.0090427032121858,0.0,0.0,253
2255,0.832972226406086,0.009970915833572761,5.9604644775390625e-05,1.217849501400078,1.0090828539982741,0.0,0.0,254
2256,0.8298402698876837,0.009961314555387093,5.91278076171875e-05,1.217862485408249,1.0090319803011902,0.0,0.0,255
2257,0.82676784674848,0.009951759326592844,7.271766662597656e-05,1.2178244575602521,1.009068369189866,0.0,0.0,256
2258,0.8237071122160338,0.00994224975115967,5.936622619628906e-05,1.2178398485246174,1.0090105579852284,0.0,0.0,257
2259,0.8206830249228344,0.009932785437958136,5.9604644775390625e-05,1.2178164611298992,1.0090449503212116,0.0,0.0,258
2260,0.8554401278299999,0.009923366000680726,5.91278076171875e-05,1.2178133499716635,1.0089795654986002,0.0,0.0,259
2261,0.8523071858096367,0.009913991057764386,5.984306335449219e-05,1.2177738825355755,1.0090049235478598,0.0,0.0,260
2262,0.8491664879953583,0.009904660232314611,5.91278076171875e-05,1.2177675922061844,1.0089239009785123,0.0,0.0,261
2263,0.8460912895083953,0.009895373152031041,6.031990051269531e-05,1.2177508168328404,1.008967631521144,0.0,0.0,262
2264,0.8430039710934183,0.009886129449134487,5.888938903808594e-05,1.2177465859468262,1.008878531017432,0.0,0.0,263
2265,0.8399769413048073,0.009876928760295419,6.008148193359375e-05,1.217732257339147,1.0089304990477712,0.0,0.0,264
2266,0.8369266098390478,0.009867770726563805,5.841255187988281e-05,1.2177174652834934,1.0088462503799949,0.0,0.0,265
2267,0.8339336794760501,0.00985865499330035,5.984306335449219e-05,1.2176891992711996,1.0088843302215087,0.0,0.0,266
2268,0.8309582039165727,0.009849581210109048,6.0558319091796875e-05,1.217690037754459,1.008785964272257,0.0,0.0,267
2269,0.8280075959648927,0.009840549030771015,6.079673767089844e-05,1.2176602460973185,1.0088346573442044,0.0,0.0,268
2270,0.8614115955669035,0.009831558113179635,7.700920104980469e-05,1.217654345332072,1.008746946304352,0.0,0.0,269
2271,0.8583727007834581,0.009822608119276894,6.270408630371094e-05,1.2176099247423513,1.0087942169517858,0.0,0.0,270
2272,0.8553218930670106,0.009813698714990967,6.0558319091796875e-05,1.2175817815947174,1.0086994669112925,0.0,0.0,271
2273,0.8523326613080897,0.009804829570174974,6.079673767089844e-05,1.217547899891121,1.0087513276013957,0.0,0.0,272
2274,0.849331271075696,0.009796000358546888,6.0558319091796875e-05,1.2175185500624999,1.0086672557777003,0.0,0.0,273
2275,0.8463856083390696,0.009787210757630591,6.175041198730469e-05,1.217502487549794,1.0087095117034597,0.0,0.0,274
2276,0.8789711609317505,0.00977846044869802,5.984306335449219e-05,1.2174654715625353,1.008630095293274,0.0,0.0,275
2277,0.8759268801778856,0.009769749116712413,6.0558319091796875e-05,1.2174146479507246,1.0086454398708118,0.0,0.0,276
2278,0.8729161660534741,0.00976107645027259,5.9604644775390625e-05,1.2174330157322897,1.0085741042562792,0.0,0.0,277
2279,0.869913454874254,0.009752442141558302,5.984306335449219e-05,1.2173457991308885,1.008593089964327,0.0,0.0,278
2280,0.8669111806767593,0.00974384588627654,6.031990051269531e-05,1.2173569865090155,1.0085142182077456,0.0,0.0,279
2281,0.863997335911129,0.009735287383608907,6.0558319091796875e-05,1.2172776005093333,1.0085506901818118,0.0,0.0,280
2282,0.8680240565591211,0.009726766336159888,6.198883056640625e-05,1.217291841096505,1.0084922258768145,0.0,0.0,281
2283,0.8650868204743506,0.009718282449906097,7.2479248046875e-05,1.217209410634656,1.0085176467578958,0.0,0.0,282
2284,0.8621508869909307,0.009709835434146469,6.246566772460938e-05,1.2172277387204522,1.008478166057932,0.0,0.0,283
2285,0.8936652111029045,0.00970142500145332,6.127357482910156e-05,1.2171341299711378,1.0084864953045527,0.0,0.0,284
2286,0.8906485741871681,0.00969305086762432,6.198883056640625e-05,1.2171416229040788,1.0084367898082212,0.0,0.0,285
2287,0.8876809989509226,0.009684712751635325,6.246566772460938e-05,1.2170565117304029,1.0084629069409996,0.0,0.0,286
2288,0.8847063016503458,0.009676410375594064,6.222724914550781e-05,1.217067441291504,1.0084173289024307,0.0,0.0,287
2289,0.8817615841750439,0.009668143464694644,6.103515625e-05,1.2169912057543606,1.0084529706558767,0.0,0.0,288
2290,0.8788322586235767,0.009659911747172886,6.103515625e-05,1.2170085482172723,1.0083981769136052,0.0,0.0,289
2291,0.8759385876526454,0.009651714954262435,6.29425048828125e-05,1.216926685647676,1.0084269529456984,0.0,0.0,290
2292,0.8797851177600446,0.00964355282015168,6.151199340820312e-05,1.2169243529016054,1.0083541435579821,0.0,0.0,291
2293,0.8835793465600212,0.009635425081941405,6.270408630371094e-05,1.216852929151782,1.008387375605267,0.0,0.0,292
2294,0.8806814996677648,0.0096273314796032,6.198883056640625e-05,1.2168627497487592,1.008333918071758,0.0,0.0,293
2295,0.911048695626802,0.00961927175593862,6.270408630371094e-05,1.2167872552013612,1.0083614214683623,0.0,0.0,294
2296,0.9080877573371449,0.009611245656539018,7.677078247070312e-05,1.2167987375111016,1.00828331143245,0.0,0.0,295
2297,0.9051536471397396,0.009603252929746129,6.365776062011719e-05,1.2167321423597393,1.0083171418056565,0.0,0.0,296
2298,0.9022143598230987,0.009595293326613302,6.341934204101562e-05,1.216733529124667,1.0082438684799981,0.0,0.0,297
2299,0.9321251530929024,0.009587366600867423,6.341934204101562e-05,1.2166743058160978,1.0082419898987793,0.0,0.0,298
2300,0.9356806872801648,0.009579472508871494,6.389617919921875e-05,1.2165850848880173,1.0082561913274195,0.0,0.0,299
2301,0.9326659445577662,0.009571610809587846,6.532669067382812e-05,1.2165648273418943,1.008163063506088,0.0,0.0,300
2302,0.9296789359344032,0.009563781264542007,6.461143493652344e-05,1.216488980081953,1.0082013636806009,0.0,0.0,301
2303,0.9267104488156663,0.00955598363778716,6.723403930664062e-05,1.2164853950538241,1.0081527612295176,0.0,0.0,302
2304,0.9302181169725379,0.009548217695869233,6.580352783203125e-05,1.2163820834783174,1.0081279894675952,0.0,0.0,303
2305,0.9272647483100765,0.009540483207792563,6.413459777832031e-05,1.2163501954669764,1.0081153802042813,0.0,0.0,304
2306,0.9243523980135009,0.009532779944986162,6.556510925292969e-05,1.2163011188570727,1.0080927173160046,0.0,0.0,305
2307,0.9215157638973195,0.00952510768127053,6.413459777832031e-05,1.2162614593646046,1.008049891076165,0.0,0.0,306
2308,0.9250045750761274,0.009517466192825045,7.700920104980469e-05,1.2162390484751118,1.0080208731214901,0.0,0.0,307
2309,0.9221373266708381,0.0095098552581559,6.818771362304688e-05,1.216200431126061,1.0079775696075408,0.0,0.0,308
2310,0.9192647934980143,0.009502274658064566,6.723403930664062e-05,1.2161772658830774,1.0079469700435424,0.0,0.0,309
2311,0.9164224519036711,0.009494724175616781,6.389617919921875e-05,1.2161392270597582,1.0078973269850366,0.0,0.0,310
2312,0.9135956994896093,0.009487203596112078,6.580352783203125e-05,1.216099764194646,1.0078608508098486,0.0,0.0,311
2313,0.9107789961892234,0.009479712707053778,6.389617919921875e-05,1.2160649632069944,1.0078291607860055,0.0,0.0,312
2314,0.9081582465675729,0.00947225129811953,6.556510925292969e-05,1.216028486338591,1.0078078572859455,0.0,0.0,313
2315,0.90536914688559,0.009464819161132277,6.461143493652344e-05,1.215992361706987,1.0077866567438334,0.0,0.0,314
2316,0.9025975050546128,0.009457416090031758,6.508827209472656e-05,1.21595655809977,1.0077655583390306,0.0,0.0,315
2317,0.8998575143591433,0.009450041880846433,6.508827209472656e-05,1.215920412950122,1.007746164708648,0.0,0.0,316
2318,0.9279592813627497,0.00944269633166589,6.461143493652344e-05,1.215875862098123,1.0077233334572966,0.0,0.0,317
2319,0.931244357744691,0.009435379242613683,6.556510925292969e-05,1.2158284960811108,1.0077024227224063,0.0,0.0,318
2320,0.9284588244780162,0.009428090415820635,7.62939453125e-05,1.215779299049071,1.007672940794806,0.0,0.0,319
2321,0.9256766842417672,0.009420829655398545,6.628036499023438e-05,1.215771895462797,1.0076048933244104,0.0,0.0,320
2322,0.9228879163601482,0.009413596767414345,6.771087646484375e-05,1.2157534883920786,1.0075676130281466,0.0,0.0,321
2323,0.9201743017742943,0.009406391559864653,6.604194641113281e-05,1.2157118328808818,1.0075370106430583,0.0,0.0,322
2324,0.9174380587560375,0.009399213842650737,6.651878356933594e-05,1.2156713891582052,1.0075050691172627,0.0,0.0,323
2325,0.9147112241326901,0.009392063427553894,6.771087646484375e-05,1.2156306367618708,1.0074723709027884,0.0,0.0,324
2326,0.9119918094398981,0.0093849401282112,6.651878356933594e-05,1.2155657791176937,1.007433498566215,0.0,0.0,325
2327,0.9093414865303595,0.009377843760091658,6.771087646484375e-05,1.2155213705014234,1.0074015446424562,0.0,0.0,326
2328,0.9066551484376534,0.009370774140472724,6.890296936035156e-05,1.2154588824704258,1.0073612896970323,0.0,0.0,327
2329,0.9040400435772902,0.009363731088417189,6.723403930664062e-05,1.2154181669271207,1.0073135124916839,0.0,0.0,328
2330,0.9013949094430097,0.009356714424750457,6.794929504394531e-05,1.2153790088654157,1.00727321431724,0.0,0.0,329
2331,0.9283755544394824,0.009349723972038133,6.651878356933594e-05,1.2153328430933437,1.0072393692387858,0.0,0.0,330
2332,0.925678890325728,0.009342759554564001,7.843971252441406e-05,1.2152747755840965,1.00720190844704,0.0,0.0,331
2333,0.922984277156714,0.00933582099830834,6.914138793945312e-05,1.2152279701851392,1.0071691156486644,0.0,0.0,332
2334,0.9203082783160649,0.009328908130926544,6.794929504394531e-05,1.2151850156997033,1.007153625962527,0.0,0.0,333
2335,0.9176461396551946,0.00932202078172812,6.866455078125e-05,1.2151506404567811,1.00711566060271,0.0,0.0,334
2336,0.9150252213686049,0.009315158781655977,6.866455078125e-05,1.2150955898706,1.0070807755691715,0.0,0.0,335
2337,0.9124019089827483,0.009308321963266052,7.104873657226562e-05,1.2150713768573962,1.007033948641707,0.0,0.0,336
2338,0.9387516121098904,0.00930151016070724,6.890296936035156e-05,1.2150094020507956,1.0070106252968092,0.0,0.0,337
2339,0.93605905212543,0.009294723209701634,7.033348083496094e-05,1.2149761235540302,1.0069579301300902,0.0,0.0,338
2340,0.9391826376497063,0.009287960947525067,6.842613220214844e-05,1.2149095047824714,1.0069237222298772,0.0,0.0,339
2341,0.9365724273892063,0.009281223212987955,7.104873657226562e-05,1.214873645465963,1.0068800336263388,0.0,0.0,340
2342,0.9339112024011337,0.009274509846416427,6.866455078125e-05,1.214826953863112,1.0068409936877538,0.0,0.0,341
2343,0.9312850453607,0.00926782068963373,7.915496826171875e-05,1.2147839023862104,1.0068170013111333,0.0,0.0,342
2344,0.9286729798215607,0.009261155585941941,6.985664367675781e-05,1.214730671945359,1.0067787381617306,0.0,0.0,343
2345,0.926072159591703,0.009254514380103922,6.794929504394531e-05,1.2146823272906635,1.0067436504685967,0.0,0.0,344
2346,0.9234789404949804,0.009247896918325582,6.890296936035156e-05,1.2146423925046876,1.0067092617252316,0.0,0.0,345
2347,0.9208951472318831,0.009241303048238371,6.866455078125e-05,1.2145851956016713,1.0066871503933752,0.0,0.0,346
2348,0.9183336977595917,0.009234732618882052,6.866455078125e-05,1.2145526594415395,1.0066439329133556,0.0,0.0,347
2349,0.9157783208515007,0.009228185480687736,6.818771362304688e-05,1.2145032787052645,1.0066129543014153,0.0,0.0,348
2350,0.9132613452350203,0.009221661485461144,6.914138793945312e-05,1.2144589470384708,1.0065916295347594,0.0,0.0,349
2351,0.9107479105375739,0.009215160486366152,6.961822509765625e-05,1.214425069252835,1.0065517449852033,0.0,0.0,350
2352,0.936083265862903,0.009208682337908546,7.009506225585938e-05,1.2143790929271732,1.0065172169806618,0.0,0.0,351
2353,0.9335038657041792,0.009202226895920037,6.890296936035156e-05,1.2143287024764675,1.0064855219633768,0.0,0.0,352
2354,0.9310261267488931,0.009195794017542499,7.033348083496094e-05,1.214297290208573,1.0064508292825187,0.0,0.0,353
2355,0.9285489361855834,0.009189383561212445,8.0108642578125e-05,1.2142385935175182,1.0064292191969322,0.0,0.0,354
2356,0.9260213271780845,0.009182995386645732,7.152557373046875e-05,1.2141946163779982,1.0063980998970192,0.0,0.0,355
2357,0.9235240138171243,0.00917662935482247,6.961822509765625e-05,1.2141577175606817,1.006373478857835,0.0,0.0,356
2358,0.9211411370555395,0.009170285327972183,7.224082946777344e-05,1.2141107861322202,1.0063555771890351,0.0,0.0,357
2359,0.9186512488057367,0.009163963169559145,7.128715515136719e-05,1.2140741358600102,1.0063323055070033,0.0,0.0,358
2360,0.916179381331207,0.009157662744267964,7.009506225585938e-05,1.2140404127768967,1.0062962638259734,0.0,0.0,359
2361,0.9137445657066215,0.009151383917989354,7.128715515136719e-05,1.2139946218447764,1.0062677443136956,0.0,0.0,360
2362,0.911329222771098,0.009145126557806112,7.224082946777344e-05,1.2139591510132732,1.006252358289406,0.0,0.0,361
2363,0.9142975297120918,0.009138890531979301,7.343292236328125e-05,1.2139182813401725,1.0062186328993765,0.0,0.0,362
2364,0.9118758019690409,0.009132675709934627,7.581710815429688e-05,1.2138810768124062,1.0061989762164936,0.0,0.0,363
2365,0.9094766294435201,0.009126481962249012,7.271766662597656e-05,1.2138377151333726,1.0061819856962384,0.0,0.0,364
2366,0.9338285994067146,0.009120309160637363,8.440017700195312e-05,1.2138026364389403,1.006151241996107,0.0,0.0,365
2367,0.9313582044766856,0.009114157177939517,7.390975952148438e-05,1.2137610054502144,1.0061279043397937,0.0,0.0,366
2368,0.9341957742801696,0.00910802588810737,7.343292236328125e-05,1.213715274115438,1.0061057392937238,0.0,0.0,367
2369,0.9317427459544094,0.009101915166192204,7.176399230957031e-05,1.2136782975466935,1.0060716082646737,0.0,0.0,368
2370,0.9292953015575185,0.009095824888332178,7.2479248046875e-05,1.2136513426487752,1.0060559300852878,0.0,0.0,369
2371,0.9268593362900822,0.009089754931739994,7.081031799316406e-05,1.2135998567600101,1.0060199088460253,0.0,0.0,370
2372,0.9244872237759365,0.009083705174690749,7.128715515136719e-05,1.2135650667971596,1.005996815233985,0.0,0.0,371
2373,0.9220771080361228,0.009077675496509929,7.081031799316406e-05,1.2135188743688892,1.0059688981055896,0.0,0.0,372
2374,0.919717142130266,0.009071665777561602,7.295608520507812e-05,1.213484092195718,1.0059460046375515,0.0,0.0,373
2375,0.9173608266538457,0.009065675899236762,7.224082946777344e-05,1.2134328773470966,1.005917949742516,0.0,0.0,374
2376,0.9150890615361688,0.009059705743941816,7.271766662597656e-05,1.213394503947775,1.0058905598257097,0.0,0.0,375
2377,0.9127315663542517,0.009053755195087262,8.58306884765625e-05,1.2133721131086685,1.0058640147392635,0.0,0.0,376
2378,0.9103910994385761,0.0090478241370765,7.343292236328125e-05,1.213343908670783,1.0058364413830838,0.0,0.0,377
2379,0.9080827097068271,0.009041912455294808,7.200241088867188e-05,1.2132992482182225,1.0058101959504118,0.0,0.0,378
2380,0.9057617266399667,0.00903602003609845,7.2479248046875e-05,1.2132593886165486,1.0057817785378802,0.0,0.0,379
2381,0.90345327878448,0.009030146766803965,7.176399230957031e-05,1.2132157480595787,1.0057586070424693,0.0,0.0,380
2382,0.9011645220916514,0.009024292535677577,7.224082946777344e-05,1.2131929296933417,1.0057354577351072,0.0,0.0,381
2383,0.9243932000438588,0.00901845723192475,7.43865966796875e-05,1.2131425477977782,1.0057062517269486,0.0,0.0,382
2384,0.9220504868742259,0.009012640745679899,7.319450378417969e-05,1.2130965882067055,1.0056718556752664,0.0,0.0,383
2385,0.9197329437969485,0.009006842967996222,7.295608520507812e-05,1.213062386045543,1.0056484451395376,0.0,0.0,384
2386,0.942776299531204,0.009001063790835687,7.367134094238281e-05,1.2130177949636622,1.0056194763459632,0.0,0.0,385
2387,0.940417814597922,0.008995303107059139,7.224082946777344e-05,1.2129627302236128,1.005588774121775,0.0,0.0,386
2388,0.9380841725332855,0.008989560810416538,8.559226989746094e-05,1.2129195172168423,1.0055624372587426,0.0,0.0,387
2389,0.9608914040498199,0.008983836795537357,7.581710815429688e-05,1.212870061505424,1.005537600298151,0.0,0.0,388
2390,0.9584857279167004,0.008978130957921061,7.486343383789062e-05,1.2128266159931602,1.0055006430501623,0.0,0.0,389
2391,0.9561542665021144,0.00897244319392775,7.462501525878906e-05,1.21278978791739,1.0054823881049362,0.0,0.0,390
2392,0.9538618891256372,0.008966773400768915,7.414817810058594e-05,1.2127357449218268,1.0054502605401545,0.0,0.0,391
2393,0.9515236482477859,0.008961121476498314,7.343292236328125e-05,1.2127134298766067,1.0054168156834071,0.0,0.0,392
2394,0.974047285836042,0.008955487320002955,7.390975952148438e-05,1.212640562458968,1.0053894742491496,0.0,0.0,393
2395,0.9963554802539153,0.008949870830994234,7.319450378417969e-05,1.2125997382181766,1.005362637766529,0.0,0.0,394
2396,0.9938889708632592,0.00894427190999916,7.414817810058594e-05,1.2125356404713836,1.0053277190023189,0.0,0.0,395
2397,0.9914743138316258,0.008938690458351693,7.462501525878906e-05,1.2124966213033195,1.005302036470129,0.0,0.0,396
2398,0.9890693812398849,0.008933126378184216,7.534027099609375e-05,1.2124382963718607,1.0052679865239542,0.0,0.0,397
2399,0.986832307268958,0.008927579572419105,8.559226989746094e-05,1.2123978412537348,1.0052521177441556,0.0,0.0,398
2400,0.9844391333862467,0.008922049944760405,7.700920104980469e-05,1.2123482398173,1.0052259279069446,0.0,0.0,399
2401,0.8042359606157682,0.008916537399685627,0.5817129611968994,0.8857100582905213,0.8441781407911794,0.0,0.0,400
2402,0.80916362934885,0.00891104184243764,0.00017595291137695312,0.8857289562806404,0.8441738295687286,0.0,0.0,401
2403,0.8093634445559911,0.008905563179016673,9.918212890625e-05,0.8857434093224132,0.8441752248422553,0.0,0.0,402
2404,0.8096842562908675,0.008900101316172415,9.036064147949219e-05,0.8857544592757536,0.8441676953769689,0.0,0.0,403
2405,0.8083249237285984,0.008894656161396224,8.416175842285156e-05,0.8857659998554746,0.8441693800052598,0.0,0.0,404
2406,0.8075289444804075,0.00888922762291343,8.440017700195312e-05,0.8857827524138944,0.844173547251464,0.0,0.0,405
2407,0.8067372827444574,0.008883815609675745,8.177757263183594e-05,0.885786767783853,0.8441749695059471,0.0,0.0,406
2408,0.80483405919182,0.008878420031353747,8.177757263183594e-05,0.8857954341344118,0.8441777479340871,0.0,0.0,407
2409,0.8120351541694922,0.008873040798329491,8.058547973632812e-05,0.885806265729103,0.8441828564664146,0.0,0.0,408
2410,0.8113121129366231,0.008867677821689198,8.130073547363281e-05,0.8858136965733888,0.8441869008398057,0.0,0.0,409
2411,0.8103415160618185,0.008862331013216025,9.012222290039062e-05,0.885821650371325,0.8441913942572432,0.0,0.0,410
2412,0.8097304711704414,0.008857000285382948,8.0108642578125e-05,0.8858343565971384,0.8441913949243781,0.0,0.0,411
2413,0.8089215932987309,0.008851685551345726,7.915496826171875e-05,0.885846603716956,0.8441921730882211,0.0,0.0,412
2414,0.8084344947400377,0.008846386724935948,7.939338684082031e-05,0.8858580409289333,0.8441924605687038,0.0,0.0,413
2415,0.8072611615959816,0.008841103720654171,7.939338684082031e-05,0.8858680119185169,0.8441859844309498,0.0,0.0,414
2416,0.808341276587549,0.008835836453663154,8.130073547363281e-05,0.8858782422171909,0.8441854509868605,0.0,0.0,415
2417,0.8085652512594693,0.008830584839781152,8.153915405273438e-05,0.8858905636643201,0.8441830893495333,0.0,0.0,416
2418,0.8106837268678023,0.008825348795475321,8.130073547363281e-05,0.8858969603483895,0.8441804442673068,0.0,0.0,417
2419,0.8216310435263359,0.008820128237855185,8.034706115722656e-05,0.8859045022192393,0.8441797897122452,0.0,0.0,418
2420,0.8244400537724985,0.008814923084666203,8.106231689453125e-05,0.8859121889952842,0.8441800692009025,0.0,0.0,419
2421,0.8225524741409318,0.008809733254283386,9.1552734375e-05,0.8859198498390982,0.8441803483680314,0.0,0.0,420
2422,0.8231917745806586,0.008804558665705026,8.20159912109375e-05,0.8859351551049521,0.8441794169785001,0.0,0.0,421
2423,0.8251114589900155,0.008799399238546479,8.130073547363281e-05,0.8859453170981193,0.8441765712599459,0.0,0.0,422
2424,0.8239204704606284,0.008794254893034035,8.177757263183594e-05,0.8859502557185586,0.8441738978391315,0.0,0.0,423
2425,0.8241074988344629,0.008789125549998862,7.987022399902344e-05,0.8859550464079737,0.8441619443359366,0.0,0.0,424
2426,0.8222417967432593,0.008784011130871018,8.058547973632812e-05,0.8859601326521694,0.844157471258531,0.0,0.0,425
2427,0.8210535986945179,0.008778911557673541,8.320808410644531e-05,0.8859635699331071,0.844151477243872,0.0,0.0,426
2428,0.8207263146686398,0.008773826753016618,8.225440979003906e-05,0.8859741323330939,0.8441484665023276,0.0,0.0,427
2429,0.8189965840033463,0.0087687566400918,8.130073547363281e-05,0.8859788301317829,0.8441457344307721,0.0,0.0,428
2430,0.8191404918556945,0.008763701142666327,8.225440979003906e-05,0.8859879187656133,0.8441382955198649,0.0,0.0,429
2431,0.823574419272013,0.008758660185077479,9.1552734375e-05,0.885995752638,0.8441296431668042,0.0,0.0,430
2432,0.8242886418267227,0.008753633692227024,8.368492126464844e-05,0.8860029237264314,0.8441171643915097,0.0,0.0,431
2433,0.8232981275193499,0.00874862158957572,8.249282836914062e-05,0.8860147034002012,0.8441021692652894,0.0,0.0,432
2434,0.8214685314022814,0.008743623803137889,8.130073547363281e-05,0.8860264438529757,0.844087226737106,0.0,0.0,433
2435,0.8196472518374941,0.008738640259476049,8.153915405273438e-05,0.8860381453042356,0.8440723365015066,0.0,0.0,434
2436,0.8178740237730745,0.008733670885695625,8.273124694824219e-05,0.8860490580583634,0.8440584776227148,0.0,0.0,435
2437,0.8160690986666806,0.008728715609439696,8.273124694824219e-05,0.8860607046262428,0.8440460215040662,0.0,0.0,436
2438,0.8148645583679804,0.008723774358883834,8.296966552734375e-05,0.8860721062872091,0.8440349142741025,0.0,0.0,437
2439,0.8149437895776591,0.008718847062730987,8.368492126464844e-05,0.886081176712027,0.844021191920218,0.0,0.0,438
2440,0.8136362814350793,0.008713933650206429,8.320808410644531e-05,0.8860901874030691,0.8440088973391979,0.0,0.0,439
2441,0.8134144003529586,0.008709034051052755,9.632110595703125e-05,0.8860974522358955,0.843995623464032,0.0,0.0,440
2442,0.8124863964868578,0.008704148195524966,8.320808410644531e-05,0.8861074067465009,0.8439821922017998,0.0,0.0,441
2443,0.8107846061352715,0.008699276014385585,8.296966552734375e-05,0.8861141543685167,0.8439716655967632,0.0,0.0,442
2444,0.8123235821946522,0.008694417438899829,8.440017700195312e-05,0.8861202253680122,0.8439587870352647,0.0,0.0,443
2445,0.8113306688025852,0.00868957240083086,8.320808410644531e-05,0.8861268892542049,0.8439455806446422,0.0,0.0,444
2446,0.820355833316453,0.008684740832435074,8.296966552734375e-05,0.8861366838766463,0.8439332313092597,0.0,0.0,445
2447,0.8208817487801131,0.008679922666457448,8.320808410644531e-05,0.8861418134654627,0.8439199378399135,0.0,0.0,446
2448,0.8191129570857988,0.008675117836126942,8.177757263183594e-05,0.8861469272753888,0.8439066896006324,0.0,0.0,447
2449,0.8173519562646725,0.008670326275151952,8.273124694824219e-05,0.8861520253889137,0.8438934863367217,0.0,0.0,448
2450,0.8170553635275885,0.00866554791771583,8.273124694824219e-05,0.8861611272768861,0.8438813139282714,0.0,0.0,449
2451,0.8153064140750523,0.008660782698472423,9.608268737792969e-05,0.8861669321567055,0.843869264802712,0.0,0.0,450
2452,0.8153582116320782,0.008656030552541709,8.392333984375e-05,0.8861716935296019,0.8438564657227061,0.0,0.0,451
2453,0.8150800844813008,0.008651291415505438,8.416175842285156e-05,0.8861793094352816,0.843845692589245,0.0,0.0,452
2454,0.8193602394127191,0.008646565223402854,8.392333984375e-05,0.8861817992790563,0.843833785962394,0.0,0.0,453
2455,0.8178393435833662,0.008641851912726454,8.416175842285156e-05,0.8861860922146496,0.8438240482635926,0.0,0.0,454
2456,0.822950295241786,0.008637151420417793,8.58306884765625e-05,0.8861987540057211,0.8438196843721015,0.0,0.0,455
2457,0.8232890986545695,0.008632463683863348,9.274482727050781e-05,0.886204066586263,0.843813765360265,0.0,0.0,456
2458,0.8299227951337682,0.008627788640890414,8.678436279296875e-05,0.8862089080738892,0.8438086267185922,0.0,0.0,457
2459,0.8281756828008523,0.008623126229763061,8.749961853027344e-05,0.8862163414093169,0.8438038835876488,0.0,0.0,458
2460,0.8349297810350855,0.00861847638917812,9.870529174804688e-05,0.8862175159959504,0.8437965072557515,0.0,0.0,459
2461,0.835035437371633,0.008613839058261243,8.58306884765625e-05,0.8862183951739309,0.8437890185885266,0.0,0.0,460
2462,0.8350097872606593,0.008609214176562964,8.654594421386719e-05,0.8862217060857099,0.8437823060349092,0.0,0.0,461
2463,0.8356874490793731,0.008604601684054853,8.416175842285156e-05,0.8862219428346461,0.8437756027403813,0.0,0.0,462
2464,0.8364095482752135,0.008600001521125672,8.726119995117188e-05,0.8862237027055603,0.8437709252895036,0.0,0.0,463
2465,0.834901884534797,0.008595413628577605,8.702278137207031e-05,0.8862248361349586,0.8437676063501701,0.0,0.0,464
2466,0.8369002365806535,0.008590837947622504,8.535385131835938e-05,0.8862217026527932,0.843762284813086,0.0,0.0,465
2467,0.8354180734789709,0.008586274419878194,8.869171142578125e-05,0.8862217792122601,0.8437585883968015,0.0,0.0,466
2468,0.8353487196316505,0.008581722987364825,8.630752563476562e-05,0.8862210043319592,0.8437562192525724,0.0,0.0,467
2469,0.8373318194752561,0.00857718359250124,8.535385131835938e-05,0.8862219234108083,0.8437509185001434,0.0,0.0,468
2470,0.8380793044093036,0.008572656178101396,8.988380432128906e-05,0.8862215501554463,0.8437432431314562,0.0,0.0,469
2471,0.8383846462126002,0.008568140687370848,8.7738037109375e-05,0.8862190462549357,0.8437316734774786,0.0,0.0,470
2472,0.8370033755706544,0.008563637063903215,8.630752563476562e-05,0.8862165602887795,0.8437218371734636,0.0,0.0,471
2473,0.8385780541183817,0.008559145251676758,8.7738037109375e-05,0.8862146556153095,0.8437115672207236,0.0,0.0,472
2474,0.8387093682901083,0.008554665195050928,8.797645568847656e-05,0.8862109897508099,0.8437017964259413,0.0,0.0,473
2475,0.8369995333132166,0.00855019683876299,8.797645568847656e-05,0.8862098132800873,0.8436924970101544,0.0,0.0,474
2476,0.840136013727904,0.00854574012792468,8.7738037109375e-05,0.8862078188491934,0.8436831997137776,0.0,0.0,475
2477,0.84062023638318,0.008541295008018897,8.749961853027344e-05,0.8862056604505665,0.8436742144131888,0.0,0.0,476
2478,0.8446750880101154,0.008536861424896408,8.678436279296875e-05,0.88619829219763,0.8436555957612387,0.0,1.0,477
2479,0.8449778881645809,0.00853243932477263,9.965896606445312e-05,0.8861932139350486,0.8436383115666112,0.0,1.0,478
2480,0.8446937479220293,0.008528028654224416,8.845329284667969e-05,0.886186938983813,0.8436207168692852,0.0,1.0,479
2481,0.8429912591916501,0.00852362936018689,8.678436279296875e-05,0.8861806848026432,0.8436031776294888,0.0,0.0,480
2482,0.8450823798227052,0.008519241389950302,8.726119995117188e-05,0.8861731377044623,0.8435855250620926,0.0,1.0,481
2483,0.8459007699256802,0.008514864691156929,8.7738037109375e-05,0.8861660274285655,0.8435673435823733,0.0,1.0,482
2484,0.852675585835221,0.008510499211798027,8.726119995117188e-05,0.8861571169759109,0.8435483807109274,0.0,1.0,483
2485,0.8563402648287991,0.00850614490021076,8.845329284667969e-05,0.8861464321155696,0.843530211840926,0.0,1.0,484
2486,0.8548392991726743,0.00850180170507523,8.845329284667969e-05,0.8861359056381558,0.84351328428272,0.0,1.0,485
2487,0.8535806849664094,0.008497469575411488,8.726119995117188e-05,0.8861254093172799,0.8434977710252214,0.0,1.0,486
2488,0.852408990226887,0.008493148460576595,9.870529174804688e-05,0.8861123247799754,0.8434838623960857,0.0,1.0,487
2489,0.8571558498170098,0.008488838310261728,8.916854858398438e-05,0.886098667153665,0.8434702383379242,0.0,1.0,488
2490,0.8562975762595127,0.008484539074489292,8.988380432128906e-05,0.8860851769594288,0.8434587242595921,0.0,1.0,489
2491,0.8553274443632249,0.008480250703610075,8.96453857421875e-05,0.8860722666119475,0.843448430872773,0.0,1.0,490
2492,0.8559006347636648,0.008475973148300434,9.012222290039062e-05,0.8860591962705742,0.8434396415857259,0.0,1.0,491
2493,0.8562577877943898,0.008471706359559511,8.916854858398438e-05,0.8860457971892991,0.8434317028777554,0.0,1.0,492
2494,0.8564598680003613,0.008467450288706475,9.012222290039062e-05,0.8860314572453466,0.8434247506416286,0.0,1.0,493
2495,0.8558975673987851,0.008463204887377786,8.940696716308594e-05,0.8860181155741241,0.843417464739638,0.0,1.0,494
2496,0.8594560629620891,0.008458970107524513,9.012222290039062e-05,0.8860046005020373,0.8434106800651368,0.0,1.0,495
2497,0.8587146326347905,0.008454745901409648,9.226799011230469e-05,0.8859953239324574,0.8434006982376812,0.0,1.0,496
2498,0.8578646220818972,0.00845053222160547,9.322166442871094e-05,0.885985574001967,0.8433925389657719,0.0,1.0,497
2499,0.8596167765569883,0.00844632902099093,9.202957153320312e-05,0.8859729035391049,0.8433875267304787,0.0,1.0,498
2500,0.8579488751615479,0.008442136252749054,8.940696716308594e-05,0.8859602722289249,0.8433825299669008,0.0,1.0,499
2501,0.8575263471670991,0.0084379538703644,9.012222290039062e-05,0.8859477327932075,0.8433771338167404,0.0,1.0,500
2502,0.857643078469409,0.00843378182762051,9.012222290039062e-05,0.8859342326284313,0.8433684264469189,0.0,1.0,501
2503,0.8567937416148679,0.008429620078597398,8.940696716308594e-05,0.8859219090232873,0.8433603259010628,0.0,1.0,502
2504,0.8586462082685545,0.008425468577669085,9.036064147949219e-05,0.8859065645861145,0.8433485702471191,0.0,1.0,503
2505,0.8575727255372854,0.008421327279501125,8.96453857421875e-05,0.8858923880623817,0.8433362941766259,0.0,1.0,504
2506,0.8574757304571181,0.008417196139048183,9.131431579589844e-05,0.8858783455184167,0.8433247707917482,0.0,1.0,505
2507,0.8558331476397728,0.008413075111551626,9.202957153320312e-05,0.8858643456609268,0.8433132819699659,0.0,1.0,506
2508,0.8552288617505237,0.008408964152537146,9.107589721679688e-05,0.8858510190973325,0.8433027773683116,0.0,1.0,507
2509,0.8535970481016065,0.00840486321781239,9.036064147949219e-05,0.8858383622170907,0.843292304186177,0.0,1.0,508
2510,0.8541849995181475,0.008400772263464648,9.036064147949219e-05,0.8858247231780356,0.8432805262651095,0.0,1.0,509
2511,0.854063452238605,0.008396691245858519,9.107589721679688e-05,0.8858111959529943,0.8432691445065941,0.0,1.0,510
2512,0.8548422419642415,0.008392620121633642,9.059906005859375e-05,0.8857967333503356,0.8432562478000242,0.0,1.0,511
2513,0.8593205798753318,0.008388558847702435,9.179115295410156e-05,0.8857823005518628,0.8432440810773819,0.0,1.0,512
2514,0.8606902803295481,0.008384507381247838,9.202957153320312e-05,0.8857681529627606,0.8432331323812798,0.0,1.0,513
2515,0.8614481541531707,0.008380465679721118,9.1552734375e-05,0.885744176931639,0.8432140960457619,0.0,1.0,514
2516,0.8603977159916667,0.008376433700839658,9.417533874511719e-05,0.8857237630998472,0.8431969648958828,0.0,1.0,515
2517,0.8658923735685592,0.008372411402584788,9.369850158691406e-05,0.8856993106902642,0.843182031045583,0.0,1.0,516
2518,0.864593805347042,0.008368398743199643,9.226799011230469e-05,0.8856754257746112,0.8431682745654132,0.0,1.0,517
2519,0.8636766008565577,0.008364395681187025,9.322166442871094e-05,0.8856519189099181,0.8431554042740117,0.0,1.0,518
2520,0.8620588130282423,0.0083604021753073,9.274482727050781e-05,0.8856284809193338,0.8431425715557889,0.0,1.0,519
2521,0.862753954171179,0.008356418184576305,9.322166442871094e-05,0.8856049880094399,0.8431290379677558,0.0,1.0,520
2522,0.8618082481682539,0.008352443668263293,9.465217590332031e-05,0.8855815532458375,0.8431146208241725,0.0,1.0,521
2523,0.8602033309113688,0.008348478585888877,9.369850158691406e-05,0.8855581867555783,0.8431002454854999,0.0,1.0,522
2524,0.8589462905208403,0.008344522897223013,0.00010585784912109375,0.8855353571398434,0.8430858942647231,0.0,1.0,523
2525,0.8607115425071195,0.008340576562282992,9.34600830078125e-05,0.885512659032525,0.8430728376696828,0.0,1.0,524
2526,0.8591177165997479,0.008336639541331452,9.298324584960938e-05,0.8854900267013393,0.8430598187518697,0.0,1.0,525
2527,0.8575298980244638,0.008332711794874426,9.489059448242188e-05,0.8854674598308386,0.8430468373310734,0.0,1.0,526
2528,0.8559480528416681,0.00832879328365938,9.250640869140625e-05,0.8854449581076836,0.8430338932282853,0.0,1.0,527
2529,0.8570147413410919,0.008324883968673294,9.34600830078125e-05,0.885421273775178,0.8430202920476568,0.0,1.0,528
2530,0.8559308902685907,0.008320983811140752,9.34600830078125e-05,0.8853981176140755,0.8430079890895561,0.0,1.0,529
2531,0.8554816907344257,0.008317092772522062,9.417533874511719e-05,0.8853752414728037,0.8429939935419116,0.0,1.0,530
2532,0.8543720274818256,0.008313210814511371,9.417533874511719e-05,0.8853527851368722,0.8429810126716055,0.0,1.0,531
2533,0.852811812713905,0.008309337899034827,0.00010824203491210938,0.8853303930367068,0.8429680687728005,0.0,1.0,532
2534,0.8541768267855148,0.008305473988248734,9.465217590332031e-05,0.8853038942054147,0.8429523799190338,0.0,1.0,533
2535,0.8546259359550435,0.00830161904453774,9.369850158691406e-05,0.8852764375909635,0.8429375144172233,0.0,1.0,534
2536,0.853072910889373,0.008297773030513045,9.417533874511719e-05,0.8852490588704534,0.8429226909634064,0.0,1.0,535
2537,0.8545117228107304,0.00829393590901061,9.465217590332031e-05,0.8852204270682102,0.8429052092859434,0.0,1.0,536
2538,0.8567890505804189,0.008290107643089397,9.584426879882812e-05,0.8851910896500228,0.8428888837385083,0.0,1.0,537
2539,0.8567329239459766,0.008286288196029628,9.465217590332031e-05,0.8851618992845754,0.8428722984074645,0.0,1.0,538
2540,0.863373171098616,0.008282477531331042,9.5367431640625e-05,0.8851308951832767,0.8428588236842078,0.0,1.0,539
2541,0.8618168921744077,0.008278675612711195,9.441375732421875e-05,0.885099978069685,0.8428453867369201,0.0,1.0,540
2542,0.8653882371089596,0.008274882404103763,0.00010848045349121094,0.8850677626016515,0.8428324737841268,0.0,1.0,541
2543,0.8664597022081337,0.008271097869656848,9.560585021972656e-05,0.8850345143636986,0.8428195156302604,0.0,1.0,542
2544,0.8649051013328105,0.00826732197373133,9.489059448242188e-05,0.8850013588155593,0.842806593607737,0.0,1.0,543
2545,0.8634276113275128,0.008263554680899206,9.632110595703125e-05,0.8849692311752086,0.8427913573054637,0.0,1.0,544
2546,0.862816890915419,0.008259795955941972,9.632110595703125e-05,0.88493853183774,0.8427762523506794,0.0,1.0,545
2547,0.8620493184643264,0.008256045763848986,9.584426879882812e-05,0.8849031743308566,0.8427555746000234,0.0,1.0,546
2548,0.860715869769193,0.00825230406981589,9.584426879882812e-05,0.8848684741868595,0.8427322332193757,0.0,1.0,547
2549,0.8591837714126435,0.008248570839243,9.703636169433594e-05,0.8848344954918613,0.8427089560504618,0.0,1.0,548
2550,0.8588992402375427,0.008244846037733754,0.00010442733764648438,0.8848029069803404,0.8426838473785422,0.0,1.0,549
2551,0.8573756197855928,0.008241129631093145,9.775161743164062e-05,0.8847714054352736,0.8426588075092769,0.0,1.0,550
2552,0.8565400696511035,0.00823742158532618,9.632110595703125e-05,0.8847375759254007,0.842630734264486,0.0,1.0,551
2553,0.8572805339868949,0.00823372186663636,9.655952453613281e-05,0.8847031284781289,0.8426022405977385,0.0,1.0,552
2554,0.856562584324152,0.008230030441424155,9.72747802734375e-05,0.8846695118491043,0.8425732574558091,0.0,1.0,553
2555,0.8603190767416786,0.008226347276285519,9.703636169433594e-05,0.8846346872877271,0.8425430255979331,0.0,1.0,554
2556,0.8599046311309739,0.008222672338010394,9.751319885253906e-05,0.8845999344150767,0.8425135622924086,0.0,1.0,555
2557,0.8589674319246687,0.00821900559358125,9.775161743164062e-05,0.8845659656207231,0.842484980372863,0.0,1.0,556
2558,0.858695909326804,0.008215347010171611,9.751319885253906e-05,0.8845322311926651,0.8424578970578783,0.0,1.0,557
2559,0.85737162815129,0.00821169655514464,0.00011277198791503906,0.8844948935909039,0.8424338879721884,0.0,1.0,558
2560,0.8571276888984772,0.008208054196051676,9.799003601074219e-05,0.884457933410366,0.8424104377261995,0.0,1.0,559
2561,0.8560871968139528,0.008204419900630842,9.72747802734375e-05,0.8844216513765468,0.8423884992010006,0.0,1.0,560
2562,0.8571062052866069,0.008200793636805634,9.775161743164062e-05,0.88438449648768,0.8423615928037913,0.0,1.0,561
2563,0.8574365387458366,0.008197175372683526,9.751319885253906e-05,0.884345340390972,0.8423369067870279,0.0,1.0,562
2564,0.8560845478109156,0.008193565076554596,0.00010037422180175781,0.8843133104618249,0.8423091408768062,0.0,1.0,563
2565,0.8560530891230855,0.008189962716890167,9.870529174804688e-05,0.8842800584183201,0.8422809721493277,0.0,1.0,564
2566,0.8553211045368274,0.008186368262341445,9.799003601074219e-05,0.884247088227045,0.8422536336028321,0.0,1.0,565
2567,0.854925148458763,0.008182781681738183,0.00011157989501953125,0.884214522187941,0.8422273876943944,0.0,1.0,566
2568,0.8549986681004725,0.008179202944087355,0.00010085105895996094,0.8841805534038772,0.84220139341878,0.0,1.0,567
2569,0.8604260791145664,0.00817563201857184,9.989738464355469e-05,0.884149897428919,0.8421776375118672,0.0,1.0,568
2570,0.8591551534841321,0.008172068874549123,9.989738464355469e-05,0.8841201176549813,0.8421526887328517,0.0,1.0,569
2571,0.8595305236873801,0.00816851348154999,0.00010013580322265625,0.8840894511745863,0.8421284306031229,0.0,1.0,570
2572,0.8593646474087032,0.008164965809277261,9.870529174804688e-05,0.8840557004001691,0.8421057998686209,0.0,1.0,571
2573,0.8584230435974249,0.00816142582760452,0.00010061264038085938,0.8840224043675147,0.8420843167644112,0.0,1.0,572
2574,0.858706969961988,0.008157893506574858,0.00010085105895996094,0.8839872392130798,0.8420637866465909,0.0,1.0,573
2575,0.8632270307975518,0.008154368816399624,9.918212890625e-05,0.8839543372290004,0.8420405187898209,0.0,1.0,574
2576,0.8620556138065851,0.008150851727457198,0.00010180473327636719,0.8839223378402897,0.8420178821032153,0.0,1.0,575
2577,0.8653813360283535,0.008147342210291758,9.894371032714844e-05,0.8838904053050005,0.8419982189608933,0.0,1.0,576
2578,0.8655121552692118,0.008143840235612081,9.965896606445312e-05,0.88385682540339,0.8419798577351294,0.0,1.0,577
2579,0.8646990400696233,0.008140345774290339,0.00010037422180175781,0.8838235342627939,0.8419630348149049,0.0,1.0,578
2580,0.8691690285060143,0.008136858797360898,0.00010013580322265625,0.883787568489947,0.8419446518507198,0.0,1.0,579
2581,0.8687453572889847,0.008133379276019153,9.989738464355469e-05,0.8837546691357343,0.8419243169081083,0.0,1.0,580
2582,0.8684561011988311,0.008129907181620355,0.00010442733764648438,0.8837209842997907,0.8419050712336619,0.0,1.0,581
2583,0.8714984362261661,0.008126442485678446,0.00010395050048828125,0.8836887763857686,0.8418892073231856,0.0,1.0,582
2584,0.872649631907981,0.008122985159864924,0.00011014938354492188,0.8836556275410143,0.8418721511070483,0.0,1.0,583
2585,0.871459409220734,0.008119535176007697,0.00010323524475097656,0.883623924855347,0.8418563564617726,0.0,1.0,584
2586,0.8700014150809566,0.008116092506089951,0.00010085105895996094,0.8835923042090752,0.8418406025770123,0.0,1.0,585
2587,0.8718762652968376,0.008112657122249047,0.000102996826171875,0.8835599481510852,0.8418266257284059,0.0,1.0,586
2588,0.8715522757775281,0.008109228996775396,0.00010347366333007812,0.8835286295814757,0.8418116733943242,0.0,1.0,587
2589,0.8705482996591599,0.008105808102111383,0.00010013580322265625,0.8834970181619718,0.8417958231515189,0.0,1.0,588
2590,0.8691122289183599,0.008102394410850254,0.00010180473327636719,0.883465250748045,0.8417809705227373,0.0,1.0,589
2591,0.8732888263625347,0.008098987895735061,0.0001010894775390625,0.8834335425120105,0.8417675353206456,0.0,1.0,590
2592,0.8724028015020485,0.008095588529657572,0.00011467933654785156,0.8834014243594619,0.8417543828170169,0.0,1.0,591
2593,0.8716552826640644,0.008092196285657228,0.000102996826171875,0.8833697446504419,0.8417426255154189,0.0,1.0,592
2594,0.8797888626904078,0.00808881113692009,0.00010347366333007812,0.883337021827668,0.8417310064725083,0.0,1.0,593
2595,0.8810943275132744,0.008085433056777785,0.00010251998901367188,0.8833025362487382,0.8417183167808235,0.0,1.0,594
2596,0.8847933322442806,0.008082062018706494,0.000102996826171875,0.8832669123498512,0.8417065254807915,1.0,1.0,595
2597,0.8935772821880419,0.008078697996325915,0.00010323524475097656,0.8832319355616298,0.8416938766765745,1.0,1.0,596
2598,0.8951694456397454,0.00807534096339825,0.00010538101196289062,0.883195703302607,0.8416803284606289,1.0,1.0,597
2599,0.8974518447767724,0.008071990893827213,0.00010323524475097656,0.8831584049091589,0.8416699973741498,1.0,1.0,598
2600,0.8963121349464946,0.008068647761657015,0.00011396408081054688,0.8831209456771861,0.8416602999088795,1.0,1.0,599
2601,0.8634377084270399,0.008065311541071388,0.5642149448394775,0.8368881595942264,0.7709102290146421,1.0,1.0,600
2602,0.862667263918355,0.008061982206392607,0.00020647048950195312,0.8368876007033951,0.7709121855035176,1.0,1.0,601
2603,0.8613144748104558,0.00805865973208051,0.00013780593872070312,0.8368876381271778,0.7709043166182087,1.0,1.0,602
2604,0.8633461447721149,0.008055344092731547,0.00012159347534179688,0.8368823945174004,0.7709037312877328,1.0,1.0,603
2605,0.8690443097917565,0.008052035263077816,0.00013208389282226562,0.8368782224400411,0.770896569899715,1.0,1.0,604
2606,0.8679750275587527,0.008048733217986125,0.00011277198791503906,0.8368748702825922,0.7708958873965659,1.0,1.0,605
2607,0.8665816293223768,0.008045437932457052,0.00011038780212402344,0.8368709732307943,0.7708900018720263,1.0,1.0,606
2608,0.8666714938785424,0.00804214938162401,0.00010967254638671875,0.8368671191390917,0.770884235932035,1.0,1.0,607
2609,0.8654633296102651,0.008038867540752339,0.00010824203491210938,0.8368648265994151,0.7708803591666131,1.0,1.0,608
2610,0.8641996308117075,0.008035592385238374,0.00010561943054199219,0.8368632097887727,0.7708764836342129,1.0,1.0,609
2611,0.8628904999945167,0.008032323890608555,0.00010728836059570312,0.8368629319092865,0.7708776469932954,1.0,1.0,610
2612,0.8615165382140362,0.008029062032518519,0.00010704994201660156,0.8368621082242119,0.7708736661099871,1.0,1.0,611
2613,0.8602162648356378,0.008025806786752217,0.00011420249938964844,0.8368618929103948,0.7708693235838193,1.0,1.0,612
2614,0.8588511772438803,0.008022558129221025,0.00010704994201660156,0.8368622217753576,0.7708701063182863,1.0,1.0,613
2615,0.8579274095814396,0.008019316035962872,0.00010609626770019531,0.8368630781265715,0.7708647773739067,1.0,1.0,614
2616,0.8566502682547371,0.008016080483141366,0.00010442733764648438,0.8368650259480003,0.7708657674243569,1.0,1.0,615
2617,0.859949289750542,0.008012851447044944,0.00010848045349121094,0.8368664288202526,0.7708630523935599,1.0,1.0,616
2618,0.8600311283696149,0.008009628904086009,0.00010800361633300781,0.8368676182616832,0.7708616543656344,1.0,1.0,617
2619,0.8590846868267059,0.008006412830800091,0.00010585784912109375,0.8368699671850931,0.7708657606860271,1.0,1.0,618
2620,0.857943245733292,0.008003203203844999,0.00010776519775390625,0.8368727499093856,0.770864977189715,1.0,1.0,619
2621,0.8570361898592787,0.008,0.000110626220703125,0.8368761785241429,0.7708641225665257,1.0,1.0,620
2622,0.8561560330607789,0.007996803196164986,0.00010466575622558594,0.8368798627840238,0.7708630167511166,1.0,1.0,621
2623,0.8557356895638994,0.007993612769359656,0.00010609626770019531,0.8368839246292064,0.7708600479675417,1.0,1.0,622
2624,0.854811505220093,0.00799042869672271,0.00010776519775390625,0.8368892618152936,0.7708602086618014,1.0,1.0,623
2625,0.8539990315648137,0.007987250955511038,0.0001068115234375,0.8368950104391473,0.770860111683736,1.0,1.0,624
2626,0.8560470602436226,0.007984079523098932,0.00010752677917480469,0.8369006969366819,0.7708615666230432,1.0,1.0,625
2627,0.8554111582588821,0.00798091437697728,0.00010967254638671875,0.836907023707867,0.7708588551057762,1.0,1.0,626
2628,0.8540816687154195,0.007977755494752794,0.00011873245239257812,0.8369133351867483,0.7708561491884955,1.0,1.0,627
2629,0.85342441378318,0.007974602854147231,0.00011014938354492188,0.8369200784108136,0.7708530196296421,1.0,1.0,628
2630,0.8594736654458166,0.007971456432996609,0.00010848045349121094,0.8369248693599399,0.770854052349936,1.0,1.0,629
2631,0.8615220817354405,0.007968316209250459,0.00010657310485839844,0.8369293908063269,0.7708548387619575,1.0,1.0,630
2632,0.8601908444164423,0.007965182160971055,0.00010728836059570312,0.8369339013714958,0.7708556224367047,1.0,1.0,631
2633,0.8591451618184887,0.007962054266332664,0.00010776519775390625,0.8369395306437242,0.770855684600275,1.0,1.0,632
2634,0.8596967469298352,0.0079589325036208,0.0001068115234375,0.8369453472542133,0.7708566936306623,1.0,1.0,633
2635,0.8590298531149052,0.007955816851231484,0.00010895729064941406,0.8369513375597007,0.7708566610775294,1.0,1.0,634
2636,0.8577107122689693,0.007952707287670507,0.00011801719665527344,0.8369573135685086,0.7708566277517491,1.0,1.0,635
2637,0.8586627025555231,0.007949603791552705,0.00010991096496582031,0.836962939161775,0.770855502443561,1.0,1.0,636
2638,0.8580250700450013,0.007946506341601238,0.0001087188720703125,0.836967811024345,0.7708536085640961,1.0,1.0,637
2639,0.8611208935631192,0.007943414916646865,0.00010824203491210938,0.8369662604734117,0.7708566392958169,1.0,1.0,638
2640,0.860137417142707,0.007940329495627247,0.00010800361633300781,0.8369619965995099,0.7708634538501832,1.0,1.0,639
2641,0.8595978734315778,0.00793725005758623,0.00010776519775390625,0.8369584762111983,0.7708708863102158,1.0,1.0,640
2642,0.8582899479425535,0.007934176581673153,0.0001087188720703125,0.8369549640120139,0.7708783004719045,1.0,1.0,641
2643,0.8575536335659629,0.007931109047142153,0.00010752677917480469,0.8369523655664612,0.7708867727689694,1.0,1.0,642
2644,0.8563861462162112,0.007928047433351473,0.00012111663818359375,0.8369496655057183,0.770895659433181,1.0,1.0,643
2645,0.8550887702677457,0.007924991719762789,0.00010943412780761719,0.8369461730129331,0.770904055222403,1.0,1.0,644
2646,0.855658594625576,0.007921941885940522,0.00010704994201660156,0.8369419397941392,0.7709118354884765,1.0,1.0,645
2647,0.8550217841052399,0.00791889791155118,0.00010943412780761719,0.8369378288009898,0.7709216573686903,1.0,1.0,646
2648,0.8543854805170294,0.007915859776362676,0.00010967254638671875,0.836933512971238,0.7709293135993708,1.0,1.0,647
2649,0.8533487187641459,0.00791282746024369,0.00010728836059570312,0.8369298542029676,0.7709366991567785,1.0,1.0,648
2650,0.8536748494296009,0.007909800943162982,0.00010895729064941406,0.8369255874499356,0.7709428732682241,1.0,1.0,649
2651,0.8523929628980077,0.007906780205188778,0.00010800361633300781,0.8369213305020021,0.7709490322415686,1.0,1.0,650
2652,0.8518056129927212,0.007903765226488096,0.00011086463928222656,0.8369167063990963,0.7709540003449865,1.0,1.0,651
2653,0.8505297539728277,0.007900755987326128,0.00011038780212402344,0.836912209082852,0.7709589561416048,1.0,1.0,652
2654,0.8516891168016989,0.007897752468065585,0.00010895729064941406,0.836906986833474,0.770963944420909,1.0,1.0,653
2655,0.8513560221224834,0.00789475464916609,0.00010800361633300781,0.8369012998099664,0.7709695235128703,1.0,1.0,654
2656,0.8504350411418627,0.007891762511183535,0.0001087188720703125,0.8368949997184845,0.770974414441802,1.0,1.0,655
2657,0.850970111755746,0.007888776034769469,0.00011134147644042969,0.8368895317897966,0.7709802961198986,1.0,1.0,656
2658,0.8514789443490267,0.007885795200670492,0.0001087188720703125,0.8368833986318336,0.7709866948959012,1.0,1.0,657
2659,0.8506139048242645,0.007882819989727624,0.0001220703125,0.8368776884034045,0.7709927753537431,1.0,1.0,658
2660,0.8493682870913424,0.007879850382875721,0.00011157989501953125,0.8368718082628638,0.770999749500262,1.0,1.0,659
2661,0.8484849404321141,0.007876886361142867,0.00011110305786132812,0.8368667356860914,0.7710068558266372,1.0,1.0,660
2662,0.8495705290132569,0.007873927905649777,0.00011134147644042969,0.8368618190431188,0.7710147437213802,1.0,1.0,661
2663,0.8483178584038243,0.00787097499760921,0.00011038780212402344,0.8368569135584556,0.7710226128398532,1.0,1.0,662
2664,0.8470689440385115,0.00786802761832538,0.00011301040649414062,0.8368520191899123,0.7710304632554491,1.0,1.0,663
2665,0.8489269691893957,0.007865085749193375,0.00011301040649414062,0.8368477323219924,0.7710381702436613,1.0,1.0,664
2666,0.85219055800307,0.007862149371698586,0.00011086463928222656,0.836844599884515,0.7710473691140552,1.0,1.0,665
2667,0.8526838140604215,0.007859218467416123,0.00012445449829101562,0.8368418397387013,0.7710559617226878,1.0,1.0,666
2668,0.8572195900239167,0.00785629301801026,0.0001125335693359375,0.8368395908091972,0.7710631061736908,1.0,1.0,667
2669,0.8559677580946911,0.007853373005233864,0.000110626220703125,0.8368373469227024,0.7710703718889426,1.0,1.0,668
2670,0.855849706744709,0.007850458410927838,0.00011014938354492188,0.8368356411661761,0.7710781599907078,1.0,1.0,669
2671,0.8565922201197922,0.007847549217020565,0.00011229515075683594,0.836833302425077,0.7710866552175873,1.0,1.0,670
2672,0.8557830670865018,0.007844645405527362,0.00010991096496582031,0.8368313388357707,0.7710958098614438,1.0,1.0,671
2673,0.8584403763322819,0.007841746958549927,0.00010919570922851562,0.836828651077327,0.7711016047766222,1.0,1.0,672
2674,0.8583392004749281,0.007838853858275806,0.0001289844512939453,0.8368252477888649,0.7711085666859893,1.0,1.0,673
2675,0.85921970902384,0.007835966086977847,0.0001125335693359375,0.8368201785966701,0.7711136969520298,1.0,1.0,674
2676,0.8580842365421615,0.007833083627013671,0.00011205673217773438,0.836815303126003,0.7711189976614472,1.0,1.0,675
2677,0.8568436966548685,0.007830206460825143,0.00011205673217773438,0.8368096837515152,0.7711241065178277,1.0,1.0,676
2678,0.8556742788152607,0.007827334570937842,0.00011157989501953125,0.8368032861651722,0.7711259001453695,1.0,1.0,677
2679,0.8544411601604207,0.007824467939960549,0.00011110305786132812,0.8367969027694423,0.7711276890956961,1.0,1.0,678
2680,0.8547896544346211,0.007821606550584722,0.0001125335693359375,0.8367898792747291,0.7711294063333972,1.0,1.0,679
2681,0.8535614203924564,0.007818750385583979,0.00011110305786132812,0.8367828713162431,0.7711311190800041,1.0,1.0,680
2682,0.8528680834589181,0.007815899427813602,0.00011372566223144531,0.8367762257773527,0.7711327079047892,1.0,1.0,681
2683,0.858718915115286,0.007813053660210024,0.00011205673217773438,0.836770475748125,0.7711379025709,1.0,1.0,682
2684,0.8589283922623424,0.007810213065790323,0.00011301040649414062,0.8367646167341598,0.7711424613370323,1.0,1.0,683
2685,0.8577015191447165,0.007807377627651729,0.00011277198791503906,0.8367587706013676,0.7711470094055481,1.0,1.0,684
2686,0.8586002636443983,0.007804547328971134,0.00011301040649414062,0.8367532179456575,0.7711525187577749,1.0,1.0,685
2687,0.8574237560860443,0.0078017221530045965,0.00011205673217773438,0.8367483485640355,0.7711582193634566,1.0,1.0,686
2688,0.8570227761886747,0.007798902083086853,0.00011301040649414062,0.8367429038396514,0.7711636106550102,1.0,1.0,687
2689,0.8558273840305602,0.007796087102630838,0.00012350082397460938,0.8367386139181846,0.7711710516948195,1.0,1.0,688
2690,0.8566602707489072,0.007793277195127213,0.00011324882507324219,0.836733542378322,0.7711778341559594,1.0,1.0,689
2691,0.8556768018409795,0.007790472344143873,0.00011372566223144531,0.8367295772437228,0.7711858970850285,1.0,1.0,690
2692,0.8544931604264734,0.00778767253332549,0.00011348724365234375,0.8367264926125358,0.7711943561366016,1.0,1.0,691
2693,0.8532860257841389,0.007784877746393042,0.00011301040649414062,0.8367234146706716,0.7712027960994263,1.0,1.0,692
2694,0.852156691349742,0.007782087967143341,0.00011324882507324219,0.8367208072699577,0.7712113168976166,1.0,1.0,693
2695,0.851984517774006,0.0077793031794485745,0.00011301040649414062,0.8367172244270229,0.7712206816388041,1.0,1.0,694
2696,0.8512634873352556,0.0077765233672558555,0.00011348724365234375,0.8367140029069435,0.7712299151067181,1.0,1.0,695
2697,0.850296232794803,0.007773748514586759,0.00011706352233886719,0.8367115469557487,0.7712395088959929,1.0,1.0,696
2698,0.8491029103501979,0.00777097860553687,0.00011467933654785156,0.8367090962857988,0.7712490812630809,1.0,1.0,697
2699,0.8483681610889678,0.007768213624275349,0.00011348724365234375,0.8367073013326082,0.7712590157928204,1.0,1.0,698
2700,0.8471807892471933,0.007765453555044465,0.00011730194091796875,0.8367055102200345,0.771268928224281,1.0,1.0,699
2701,0.8472318445882429,0.00776269838215918,0.00011539459228515625,0.8367037675370684,0.771279039999748,1.0,1.0,700
2702,0.849544636780073,0.007759948090006693,0.00011515617370605469,0.8367017436633111,0.7712874926562592,1.0,1.0,701
2703,0.8517134177046347,0.00775720266304601,0.00011467933654785156,0.8366973145535388,0.7712959884795751,1.0,1.0,702
2704,0.8517680976938908,0.007754462085807518,0.0001270771026611328,0.8366912282865709,0.7713050576169558,1.0,1.0,703
2705,0.8511630901198964,0.007751726342892556,0.00011467933654785156,0.8366862493881791,0.771313678937235,1.0,1.0,704
2706,0.8517521794136604,0.0077489954189729725,0.0001163482666015625,0.836682003048505,0.7713222085445034,1.0,1.0,705
2707,0.8509457790328264,0.007746269298790738,0.00011515617370605469,0.8366784147301294,0.7713309974992876,1.0,1.0,706
2708,0.8569414865158,0.007743547967157491,0.00011587142944335938,0.8366721243832893,0.7713416744530764,1.0,1.0,707
2709,0.8583117840145906,0.0077408314089541476,0.00011610984802246094,0.8366657915304845,0.7713534494387368,1.0,1.0,708
2710,0.8576072821471223,0.007738119609130476,0.00011515617370605469,0.8366604169620322,0.7713636127105843,1.0,1.0,709
2711,0.8592989273160097,0.007735412552704688,0.0001220703125,0.8366551996505561,0.771374260301074,1.0,1.0,710
2712,0.8584009023319037,0.007732710224763041,0.00011754035949707031,0.8366496466357526,0.7713856624331972,1.0,1.0,711
2713,0.8588597551310629,0.007730012610459422,0.00011539459228515625,0.836644509982927,0.7713954629049522,1.0,1.0,712
2714,0.857779690124514,0.0077273196950149595,0.00011801719665527344,0.8366397119280368,0.7714056888289746,1.0,1.0,713
2715,0.8581660831571113,0.007724631463717614,0.00011587142944335938,0.8366353598894963,0.7714156777850835,1.0,1.0,714
2716,0.8601155449470774,0.007721947901921794,0.0001163482666015625,0.8366303076309336,0.7714267556269693,1.0,1.0,715
2717,0.8595879676043063,0.007719268995047958,0.00011801719665527344,0.8366255195552559,0.7714379444615933,1.0,1.0,716
2718,0.8589703189284672,0.0077165947285822226,0.00013256072998046875,0.8366211020061219,0.7714493147327819,1.0,1.0,717
2719,0.8579925330379474,0.007713925088075989,0.00011777877807617188,0.8366165891435833,0.7714616655070665,1.0,1.0,718
2720,0.858330820161467,0.007711260059145543,0.00011587142944335938,0.8366111176009732,0.7714742672359057,1.0,1.0,719
2721,0.857808503222914,0.007708599627471685,0.00011730194091796875,0.8366065192185107,0.7714872385960717,1.0,1.0,720
2722,0.8569924553605496,0.007705943778799352,0.00011730194091796875,0.8366022857658194,0.7715009318601597,1.0,1.0,721
2723,0.8585886235679271,0.007703292498937239,0.00011682510375976562,0.8365987934273663,0.7715150915011195,1.0,1.0,722
2724,0.8600815955425192,0.007700645773757426,0.00011754035949707031,0.8365947730814035,0.7715300555231224,1.0,1.0,723
2725,0.8601649022018708,0.007698003589195011,0.0001289844512939453,0.8365896733063016,0.7715446970336981,1.0,1.0,724
2726,0.8593050075868139,0.007695365931247742,0.00011897087097167969,0.8365849131015517,0.7715590730657783,1.0,1.0,725
2727,0.8581450211170737,0.0076927327859756525,0.00011849403381347656,0.8365801627557901,0.7715734186394233,1.0,1.0,726
2728,0.8596020701303998,0.007690104139500702,0.00011801719665527344,0.8365736612893275,0.7715881245059961,1.0,1.0,727
2729,0.860171715902839,0.00768747997800641,0.00011801719665527344,0.8365665327931862,0.7716006798683381,1.0,1.0,728
2730,0.859054321170167,0.0076848602877375065,0.00011897087097167969,0.8365601302578657,0.7716133521631674,1.0,1.0,729
2731,0.8597319424314297,0.007682245054999573,0.00011944770812988281,0.8365533101367129,0.7716261294659784,1.0,1.0,730
2732,0.8595158529857612,0.0076796342661586995,0.00011897087097167969,0.8365452301547021,0.7716364894293151,1.0,1.0,731
2733,0.8589565964223451,0.00767702790764112,0.0001201629638671875,0.8365371303784606,0.7716462781703861,1.0,1.0,732
2734,0.8583430683937743,0.007674425965932881,0.0001201629638671875,0.8365291941815893,0.7716558057796936,1.0,1.0,733
2735,0.8576230961165908,0.0076718284275794895,0.00011706352233886719,0.8365215505559547,0.7716658794375801,1.0,1.0,734
2736,0.8571864016195291,0.007669235279185574,0.00011920928955078125,0.8365137616304571,0.7716761206050379,1.0,1.0,735
2737,0.8568149411628063,0.007666646507414543,0.00011849403381347656,0.8365061592294667,0.7716862839924158,1.0,1.0,736
2738,0.855675424512517,0.00766406209898825,0.00011754035949707031,0.8364985723563625,0.7716964259913965,1.0,1.0,737
2739,0.8560267480055157,0.007661482040686661,0.00011897087097167969,0.8364917155962661,0.7717069210772425,1.0,1.0,738
2740,0.856696692696367,0.007658906319347516,0.0001316070556640625,0.8364845146699834,0.7717180772877221,1.0,1.0,739
2741,0.856611664684052,0.007656334921866006,0.00011777877807617188,0.8364767852970456,0.7717270712925965,1.0,1.0,740
2742,0.8554779495883066,0.007653767835194441,0.00011968612670898438,0.8364690716669514,0.7717360464085189,1.0,1.0,741
2743,0.8545754406132002,0.007651205046341928,0.00011849403381347656,0.8364619981049987,0.7717452204983892,1.0,1.0,742
2744,0.8575234207892845,0.007648646542374047,0.00011849403381347656,0.8364548278654749,0.7717563805037441,1.0,1.0,743
2745,0.8563926100926617,0.007646092310412527,0.00012040138244628906,0.8364476721718748,0.7717675173155203,1.0,1.0,744
2746,0.8557264040280693,0.0076435423376349345,0.00011873245239257812,0.8364399649278945,0.7717779500404558,1.0,1.0,745
2747,0.8546019900636099,0.007640996611274352,0.00012803077697753906,0.8364314080020151,0.7717880545888796,1.0,1.0,746
2748,0.8551354328591781,0.007638455118619067,0.00012183189392089844,0.8364217958598478,0.7717969151528012,1.0,1.0,747
2749,0.8547474976959863,0.007635917847012257,0.00012135505676269531,0.8364130267331472,0.7718065492017026,1.0,1.0,748
2750,0.8545114243793555,0.0076333847838516815,0.00012183189392089844,0.8364048871845529,0.7718117165291472,1.0,1.0,749
2751,0.8535136871805422,0.007630855916589379,0.00012040138244628906,0.8363975450944122,0.7718170764577651,1.0,1.0,750
2752,0.8536357920918491,0.007628331232731353,0.0001201629638671875,0.8363901026026034,0.7718230756577215,1.0,1.0,751
2753,0.8545881932112215,0.007625810719837276,0.00011968612670898438,0.8363831553898734,0.7718300121258735,1.0,1.0,752
2754,0.8555038872089337,0.007623294365520188,0.0001308917999267578,0.8363769644226405,0.7718372989720669,1.0,1.0,753
2755,0.8555475760149415,0.00762078215744619,0.00012111663818359375,0.8363715550159384,0.7718461802707179,1.0,1.0,754
2756,0.8551254987123198,0.00761827408333416,0.00012063980102539062,0.8363666413733541,0.7718549346095296,1.0,1.0,755
2757,0.8553647191584152,0.0076157701309554435,0.00012159347534179688,0.8363620027769362,0.7718642737568951,1.0,1.0,756
2758,0.8542576526398579,0.007613270288133574,0.00012302398681640625,0.8363573734332047,0.7718735937020915,1.0,1.0,757
2759,0.8541464060385988,0.007610774542743972,0.00012159347534179688,0.8363523179902482,0.7718809991010426,1.0,1.0,758
2760,0.8534152826104809,0.007608282882713664,0.00012373924255371094,0.8363465197016712,0.7718872050084826,1.0,1.0,759
2761,0.8533226340271816,0.0076057952960209875,0.0001316070556640625,0.8363407381940197,0.7718934805140119,1.0,1.0,760
2762,0.8573295106088643,0.0076033117706953155,0.00012230873107910156,0.8363332787432824,0.7719001156324183,1.0,1.0,761
2763,0.8584845279765626,0.0076008322948167666,0.00012302398681640625,0.8363254786895218,0.7719058712692144,1.0,1.0,762
2764,0.8580230307928024,0.007598356856515926,0.00012183189392089844,0.8363179429030738,0.7719108929552451,1.0,1.0,763
2765,0.8575398420947552,0.0075958854439735655,0.0001201629638671875,0.8363112932120254,0.7719170679264974,1.0,1.0,764
2766,0.8567000853239417,0.007593418045420374,0.00012135505676269531,0.8363052934880888,0.7719232658507394,1.0,1.0,765
2767,0.8562868207544161,0.007590954649136668,0.00012254714965820312,0.8362987204083384,0.7719310452402867,1.0,1.0,766
2768,0.8575125997813985,0.007588495243452128,0.0001239776611328125,0.8362914377492848,0.7719393533537818,1.0,1.0,767
2769,0.8564161044034768,0.007586039816745527,0.0001270771026611328,0.8362841694041563,0.7719476445757439,1.0,1.0,768
2770,0.8553224538085039,0.00758358835744446,0.00012159347534179688,0.8362769153261289,0.7719559189626826,1.0,1.0,769
2771,0.8542316369359126,0.00758114085402507,0.00012063980102539062,0.8362696754685917,0.7719641765708443,1.0,1.0,770
2772,0.8536943571851041,0.007578697295011792,0.00012111663818359375,0.8362622570590668,0.7719723028930183,1.0,1.0,771
2773,0.8530462698712838,0.0075762576689770815,0.00012493133544921875,0.836255585413658,0.7719802077509111,1.0,1.0,772
2774,0.8531566529386791,0.007573821964541151,0.00013113021850585938,0.8362484652919666,0.7719879036503589,1.0,1.0,773
2775,0.8552205905432615,0.00757139017037172,0.00012302398681640625,0.8362385731727647,0.7719967560936066,1.0,1.0,774
2776,0.8541684648378881,0.007568962275183741,0.00012135505676269531,0.8362290368884309,0.7720050522948231,1.0,1.0,775
2777,0.8531169863916856,0.007566538267739156,0.0001232624053955078,0.8362202309548139,0.7720136816412222,1.0,1.0,776
2778,0.853067868848847,0.007564118136846629,0.00012302398681640625,0.8362110841434663,0.772022129433126,1.0,1.0,777
2779,0.852158814556819,0.007561701871361305,0.00012230873107910156,0.8362019473739596,0.7720314709410746,1.0,1.0,778
2780,0.8510862774129829,0.007559289460184544,0.00012302398681640625,0.8361928283072346,0.7720407937913757,1.0,1.0,779
2781,0.85593789958588,0.007556880892263684,0.00013399124145507812,0.8361803788620383,0.77205096923534,1.0,1.0,780
2782,0.8561332932974376,0.007554476156591782,0.00012540817260742188,0.8361679205252317,0.7720610436056444,1.0,1.0,781
2783,0.855849154212876,0.0075520752422073715,0.00012302398681640625,0.8361564196655743,0.7720690536772028,1.0,1.0,782
2784,0.85578312230573,0.007549678138194218,0.0001246929168701172,0.8361445863754892,0.7720765999716483,1.0,1.0,783
2785,0.855650813639531,0.0075472848336810726,0.0001246929168701172,0.8361325464073388,0.7720848449360426,1.0,1.0,784
2786,0.8548050733670506,0.007544895317841435,0.00012445449829101562,0.8361211135907055,0.7720934296462021,1.0,1.0,785
2787,0.8538134393288395,0.007542509579893302,0.0001239776611328125,0.836110235825647,0.7721022504407133,1.0,1.0,786
2788,0.8528093489994018,0.007540127609098941,0.00013756752014160156,0.8360993068343359,0.7721118417200288,1.0,1.0,787
2789,0.8527378748434165,0.007537749394764647,0.00012683868408203125,0.8360890122786635,0.7721218314874935,1.0,1.0,788
2790,0.8517398400676887,0.0075353749262405045,0.00012540817260742188,0.8360793956711357,0.7721317716474558,1.0,1.0,789
2791,0.851035889184289,0.007533004192920158,0.0001277923583984375,0.8360701699778764,0.77214143301077,1.0,1.0,790
2792,0.8536796507309294,0.00753063718424058,0.0001270771026611328,0.8360595273110272,0.772150480529165,1.0,1.0,791
2793,0.8526217179508488,0.0075282738896818285,0.00012564659118652344,0.8360489049268583,0.7721595102554191,1.0,1.0,792
2794,0.8519392775187759,0.007525914298766834,0.00013971328735351562,0.836038825830077,0.7721688144425898,1.0,1.0,793
2795,0.8508860611571702,0.007523558401061162,0.0001285076141357422,0.8360287658939672,0.7721781003923769,1.0,1.0,794
2796,0.8502909597937893,0.007521206186172788,0.00012946128845214844,0.8360193072096527,0.7721873490114348,1.0,1.0,795
2797,0.8492416493460857,0.007518857643751866,0.00012874603271484375,0.8360098664618772,0.7721965795423625,1.0,1.0,796
2798,0.8506724899719207,0.0075165127634905194,0.0001289844512939453,0.8360004333944172,0.7722059889693227,1.0,1.0,797
2799,0.8496863205758932,0.007514171535122607,0.0001277923583984375,0.8359908873337648,0.7722159406440632,1.0,1.0,798
2800,0.8522461759292222,0.0075118339484235045,0.0001277923583984375,0.8359800171803293,0.7722276734867105,1.0,1.0,799
2801,0.8271531754836935,0.007509499993209889,0.667499303817749,0.9586956054414338,0.8593143541185451,0.0,0.0,800
2802,0.827169506717099,0.007507169659339515,0.0002269744873046875,0.9586823470089879,0.859306239959927,0.0,0.0,801
2803,0.8262851935260096,0.0075048429367110025,0.000148773193359375,0.9586801068888184,0.859310813305423,0.0,0.0,802
2804,0.8339681138184246,0.007502519815263626,0.00015020370483398438,0.9586767961140317,0.8593144168304855,0.0,0.0,803
2805,0.834017274573943,0.007500200284977089,0.00013184547424316406,0.9586713161970561,0.8593132862672422,0.0,0.0,804
2806,0.8336258192560845,0.007497884335871321,0.00013017654418945312,0.9586636190936343,0.8593106339358024,0.0,0.0,805
2807,0.8326657755328964,0.007495571958006267,0.0001285076141357422,0.9586569346199764,0.8593086450491998,0.0,0.0,806
2808,0.8320718725878995,0.007493263141481668,0.00012731552124023438,0.9586533582484975,0.8593081020164771,0.0,0.0,807
2809,0.8311761176650057,0.007490957876436868,0.0001270771026611328,0.958647563469504,0.8593061020025746,0.0,0.0,808
2810,0.8379283068980271,0.0074886561530505946,0.00012612342834472656,0.9586394957058488,0.8593042182152876,0.0,0.0,809
2811,0.8377776108300927,0.007486357961540758,0.00012946128845214844,0.9586323830616256,0.8593032564003739,0.0,0.0,810
2812,0.8367754657056269,0.00748406329216425,0.00012922286987304688,0.9586252843117774,0.8593022965844611,0.0,0.0,811
2813,0.8422809007749842,0.007481772135216733,0.00012564659118652344,0.9586167293344044,0.8593007022052572,0.0,0.0,812
2814,0.8418536639089859,0.007479484481032449,0.00012636184692382812,0.9586073688122225,0.8592989082854251,0.0,0.0,813
2815,0.8408498886733022,0.00747720031998401,0.0001266002655029297,0.958598026269168,0.8592971178892134,0.0,0.0,814
2816,0.8408124500847813,0.007474919642482203,0.00012373924255371094,0.9585835956106366,0.8592915334543355,0.0,0.0,815
2817,0.8399887004961237,0.007472642438975792,0.0001354217529296875,0.9585695116503694,0.8592861088561026,0.0,0.0,816
2818,0.8400132325945449,0.007470368699951327,0.00012493133544921875,0.95855429103632,0.8592799035279199,0.0,0.0,817
2819,0.8454325490730921,0.0074680984159329325,0.00012540817260742188,0.958537372622022,0.8592732228370724,0.0,0.0,818
2820,0.8448117433643235,0.007465831577482138,0.0001270771026611328,0.9585202617939014,0.8592643133502391,0.0,0.0,819
2821,0.8456718780672517,0.007463568175197658,0.00012683868408203125,0.9585025872473332,0.8592542979475081,0.0,0.0,820
2822,0.8458096079075446,0.007461308199715227,0.00012540817260742188,0.9584840793404337,0.8592438569175878,0.0,0.0,821
2823,0.8454591645261602,0.007459051641707388,0.00012683868408203125,0.9584650093805576,0.8592291890147118,0.0,0.0,822
2824,0.8458297364881102,0.007456798491883314,0.0001430511474609375,0.958444947231053,0.8592139706962585,0.0,0.0,823
2825,0.8452728425000089,0.007454548740988621,0.0001277923583984375,0.9584251982730172,0.8591997684708619,0.0,0.0,824
2826,0.850422203673915,0.007452302379805174,0.00012683868408203125,0.9584043694269638,0.859185667450389,0.0,0.0,825
2827,0.8494828764546416,0.0074500593991509104,0.0001266002655029297,0.9583833667093384,0.8591724788215916,0.0,0.0,826
2828,0.8489351595805152,0.007447819789879648,0.0001270771026611328,0.9583627178807889,0.8591595401688551,0.0,0.0,827
2829,0.8542226678597744,0.007445583542880905,0.00012755393981933594,0.9583410796683809,0.8591457027947504,0.0,0.0,828
2830,0.8532545580010983,0.00744335064907972,0.0001270771026611328,0.9583199283143883,0.8591309014005248,0.0,0.0,829
2831,0.8522539762860675,0.00744112109943647,0.0001285076141357422,0.9582988159177979,0.8591161270119417,0.0,0.0,830
2832,0.851255803717332,0.007438894884946687,0.00012946128845214844,0.9582777423598438,0.8591013795471821,0.0,0.0,831
2833,0.8505198246475721,0.007436671996640882,0.00012755393981933594,0.9582579372056975,0.8590875310339975,0.0,0.0,832
2834,0.8495261372582137,0.00743445242558437,0.00012803077697753906,0.9582410161243906,0.8590751690406198,0.0,0.0,833
2835,0.8485348923929478,0.007432236162877094,0.0001270771026611328,0.9582212836039803,0.859061370812288,0.0,0.0,834
2836,0.8483158389457691,0.00743002319965344,0.00012731552124023438,0.9582016695454262,0.8590472771772469,0.0,0.0,835
2837,0.849101830905838,0.007427813527082074,0.00013756752014160156,0.9581835423758749,0.8590343515882155,0.0,0.0,836
2838,0.8481147510489069,0.0074256071363657675,0.00012969970703125,0.9581654484063836,0.8590214494101592,0.0,0.0,837
2839,0.8494351154500233,0.0074234040187412175,0.0001304149627685547,0.958147966730329,0.8590096549809109,0.0,0.0,838
2840,0.8503818905143848,0.007421204165478884,0.00012922286987304688,0.9581320392082242,0.8589974115123405,0.0,0.0,839
2841,0.8493970541873659,0.007419007567882817,0.00012946128845214844,0.9581161408240751,0.858985190148439,0.0,0.0,840
2842,0.8484144497338632,0.007416814217290488,0.0001285076141357422,0.9581031242770875,0.8589744314370416,0.0,0.0,841
2843,0.8478905109429523,0.007414624105072621,0.0001277923583984375,0.9580888772303433,0.8589624411485585,0.0,0.0,842
2844,0.8469121896997144,0.0074124372226330275,0.0001399517059326172,0.9580746562374581,0.8589504724342839,0.0,0.0,843
2845,0.8464505169992435,0.0074102535614084366,0.00012803077697753906,0.9580609942107707,0.8589390276524851,0.0,0.0,844
2846,0.847105992941057,0.007408073112868341,0.00012826919555664062,0.9580465938528064,0.8589289863731157,0.0,0.0,845
2847,0.8481189450603114,0.007405895868514819,0.0001289844512939453,0.9580331647653965,0.8589204487041567,0.0,0.0,846
2848,0.8477224828849685,0.007403721819882385,0.00012946128845214844,0.9580205113607083,0.858912794837544,0.0,0.0,847
2849,0.8467501018103205,0.007401550958537816,0.0001285076141357422,0.9580078810242837,0.8589051547278761,0.0,0.0,848
2850,0.8475905189502939,0.007399383276080001,0.00013828277587890625,0.9579949488857465,0.8588949998184117,0.0,0.0,849
2851,0.8466891151328233,0.007397218764139774,0.0001304149627685547,0.9579824548226545,0.8588875575190508,0.0,0.0,850
2852,0.8463288827929238,0.00739505741437976,0.0001289844512939453,0.9579696856201123,0.8588800859584994,0.0,0.0,851
2853,0.8457156043798025,0.007392899218494217,0.00012993812561035156,0.9579571111677433,0.8588697916732829,0.0,0.0,852
2854,0.8448956350563919,0.007390744168208876,0.00013208389282226562,0.9579443926371315,0.8588618439373373,0.0,0.0,853
2855,0.8441524463631879,0.007388592255280787,0.00013399124145507812,0.9579324561229337,0.8588545043900706,0.0,0.0,854
2856,0.8440357316793079,0.0073864434714981655,0.00012969970703125,0.9579205688167107,0.8588460860853943,0.0,0.0,855
2857,0.844528991160199,0.007384297808680238,0.00014209747314453125,0.9579117255075363,0.8588380250145371,0.0,0.0,856
2858,0.8435705691889883,0.007382155258677085,0.00013113021850585938,0.9579028983463818,0.8588299782729473,0.0,0.0,857
2859,0.8485075139697152,0.007380015813369495,0.0001308917999267578,0.957893144681598,0.8588216958745833,0.0,0.0,858
2860,0.8475822978478826,0.007377879464668811,0.00012993812561035156,0.9578840930736672,0.8588136400459504,0.0,0.0,859
2861,0.8495321974994076,0.007375746204516779,0.00013113021850585938,0.9578778661645324,0.8588072091643982,0.0,0.0,860
2862,0.8547514642478667,0.007373616024885401,0.0001316070556640625,0.9578703320295765,0.8588004892326463,0.0,0.0,861
2863,0.8548011933006453,0.007371488917776785,0.00014257431030273438,0.9578630044534181,0.8587942983061712,0.0,0.0,862
2864,0.854560510792923,0.007369364875222997,0.00013208389282226562,0.957856298584872,0.8587885698178269,0.0,0.0,863
2865,0.8538866135308197,0.0073672438892859165,0.00012946128845214844,0.9578500719241488,0.8587831439790485,0.0,0.0,864
2866,0.8541124939175636,0.007365125952057088,0.00013065338134765625,0.9578397362835083,0.8587782480891015,0.0,0.0,865
2867,0.8535338234308275,0.007363011055657581,0.0001304149627685547,0.9578284599360694,0.8587720350242476,0.0,0.0,866
2868,0.8537056311958652,0.007360899192237842,0.0001304149627685547,0.9578169231626316,0.8587666529979977,0.0,0.0,867
2869,0.852844574550296,0.007358790353977548,0.0001308917999267578,0.9578059426383291,0.8587616694690321,0.0,0.0,868
2870,0.8518897230634388,0.007356684533085477,0.0001456737518310547,0.9577949817148388,0.8587566947401184,0.0,0.0,869
2871,0.8511611506431649,0.007354581721799348,0.00013303756713867188,0.9577848858534227,0.8587523152805909,0.0,0.0,870
2872,0.8502105832018735,0.007352481912385699,0.00013184547424316406,0.9577748080213808,0.858747943558281,0.0,0.0,871
2873,0.8496635323467885,0.0073503850971397364,0.00013113021850585938,0.9577648348656317,0.858744476932036,0.0,0.0,872
2874,0.8493636290630405,0.0073482912683852,0.0001308917999267578,0.9577568180512358,0.8587398746306687,0.0,0.0,873
2875,0.8492059868658179,0.007346200418474218,0.0001327991485595703,0.9577499627756807,0.8587377013411974,0.0,0.0,874
2876,0.8497669258486371,0.007344112539787184,0.0001456737518310547,0.9577421016980118,0.858736042330552,0.0,0.0,875
2877,0.8547150377996187,0.007342027624732607,0.0001323223114013672,0.9577329031372773,0.8587337433580972,0.0,0.0,876
2878,0.853766731727769,0.007339945665746982,0.0001316070556640625,0.9577237209325556,0.8587314484991793,0.0,0.0,877
2879,0.8528205704693403,0.007337866655294655,0.00013303756713867188,0.9577145550360536,0.8587291577417312,0.0,0.0,878
2880,0.8521067142316728,0.007335790585867688,0.0001342296600341797,0.9577062830858329,0.858725423201495,0.0,0.0,879
2881,0.8521849139140731,0.0073337174499857275,0.0001327991485595703,0.9576978676335156,0.858721593890991,0.0,0.0,880
2882,0.85166338441686,0.007331647240195867,0.000133514404296875,0.9576898064418954,0.8587170733098717,0.0,0.0,881
2883,0.8515161502053253,0.007329579949072524,0.0001456737518310547,0.9576814917232832,0.858712613237737,0.0,0.0,882
2884,0.8525724363539605,0.0073275155692173015,0.0001347064971923828,0.9576714337969728,0.8587076634818313,0.0,0.0,883
2885,0.851925017964439,0.007325454093258862,0.0001361370086669922,0.9576617995227207,0.8587036054585326,0.0,0.0,884
2886,0.8517226167210866,0.007323395513852796,0.00013566017150878906,0.957652714920082,0.8587001012391222,0.0,0.0,885
2887,0.8509825809773861,0.0073213398236815,0.00013637542724609375,0.9576431926573287,0.858696194621885,0.0,0.0,886
2888,0.8500489964709771,0.007319287015454033,0.00013709068298339844,0.9576341691831645,0.8586931742484242,0.0,0.0,887
2889,0.84928619348226,0.00731723708190601,0.0001468658447265625,0.9576258260183624,0.8586906033577725,0.0,0.0,888
2890,0.850053653301873,0.007315190015799459,0.00013637542724609375,0.9576157144977515,0.8586880578108097,0.0,0.0,889
2891,0.8495358369626285,0.007313145809922706,0.00013446807861328125,0.9576056964229716,0.8586850353573044,0.0,0.0,890
2892,0.8487083880917138,0.007311104457090247,0.0001423358917236328,0.9575960848061876,0.8586818719333997,0.0,0.0,891
2893,0.8477828897067654,0.007309065950142619,0.00013375282287597656,0.9575864899777846,0.8586787140145142,0.0,0.0,892
2894,0.8468594541276753,0.007307030281946284,0.0001342296600341797,0.9575773891136938,0.8586764322193247,0.0,0.0,893
2895,0.8459380610183808,0.007304997445393503,0.000148773193359375,0.9575678277092312,0.8586732852521621,0.0,0.0,894
2896,0.8452964968463231,0.007302967433402215,0.0001366138458251953,0.9575584001735606,0.8586705825087089,0.0,0.0,895
2897,0.8445800106532392,0.007300940238915915,0.00013327598571777344,0.9575487527143174,0.8586670908844835,0.0,0.0,896
2898,0.8445615349101818,0.007298915854903532,0.0001373291015625,0.9575404695020265,0.8586654083943401,0.0,0.0,897
2899,0.8437984774154871,0.007296894274359315,0.00013399124145507812,0.9575325255376711,0.8586639851309686,0.0,0.0,898
2900,0.8488540351088733,0.007294875490302706,0.0001354217529296875,0.9575226018614255,0.858661799504457,0.0,0.0,899
2901,0.8481476103199285,0.007292859495778229,0.0001475811004638672,0.957513116491304,0.8586568048643792,0.0,0.0,900
2902,0.8472317921698743,0.007290846283855369,0.0001361370086669922,0.9575041184279383,0.8586526778394062,0.0,0.0,901
2903,0.8463181286504445,0.00728883584762845,0.0001366138458251953,0.9574956495219277,0.8586491669182766,0.0,0.0,902
2904,0.8512197932253786,0.007286828180216531,0.0001366138458251953,0.9574855836460833,0.8586453644916614,0.0,0.0,903
2905,0.8503034936499125,0.007284823274763277,0.00013494491577148438,0.9574755350737931,0.8586415685549719,0.0,0.0,904
2906,0.8497429147017654,0.007282821124436853,0.0001354217529296875,0.9574656953360958,0.8586370896274894,0.0,0.0,905
2907,0.854461447785257,0.007280821722429806,0.0001361370086669922,0.9574549806933029,0.8586324879359168,0.0,0.0,906
2908,0.8543124025539882,0.007278825061958954,0.00015163421630859375,0.9574447605016667,0.8586284003401713,0.0,0.0,907
2909,0.8543577840557582,0.007276831136265265,0.00013709068298339844,0.9574340676713979,0.8586240038017422,0.0,0.0,908
2910,0.8534428033238981,0.007274839938613756,0.00013709068298339844,0.9574229283614237,0.8586187668618075,0.0,0.0,909
2911,0.8527672380647076,0.007272851462293376,0.0001361370086669922,0.9574126003848713,0.8586143010474394,0.0,0.0,910
2912,0.8519928665840432,0.007270865700616893,0.0001373291015625,0.9574026712734942,0.8586097266108774,0.0,0.0,911
2913,0.8511018506613599,0.007268882646920786,0.00013637542724609375,0.9573935844940406,0.8586048523298038,0.0,0.0,912
2914,0.8507010861029606,0.0072669022945651305,0.0001533031463623047,0.9573852000650689,0.8586003246675286,0.0,0.0,913
2915,0.8497951442530687,0.007264924636933502,0.00013875961303710938,0.9573773509198944,0.8585959458316904,0.0,0.0,914
2916,0.8489866061132098,0.007262949667432851,0.00013899803161621094,0.9573689435983482,0.8585910943351713,0.0,0.0,915
2917,0.8480844594522637,0.007260977379493406,0.00013685226440429688,0.9573615292885822,0.8585872298942496,0.0,0.0,916
2918,0.8476278407825747,0.007259007766568565,0.00013685226440429688,0.9573538845856902,0.8585832783480896,0.0,0.0,917
2919,0.8468081519269213,0.0072570408221347815,0.00013685226440429688,0.9573469135176077,0.8585796998118889,0.0,0.0,918
2920,0.8461462422091236,0.007255076539691468,0.0001480579376220703,0.9573401851078472,0.8585753252210955,0.0,0.0,919
2921,0.8509491001097443,0.007253114912760886,0.0001385211944580078,0.9573324727587873,0.8585705636441916,0.0,0.0,920
2922,0.8511034766618544,0.007251155934888036,0.00013971328735351562,0.9573233959437496,0.8585638598102993,0.0,0.0,921
2923,0.8557717612161443,0.007249199599640568,0.00013828277587890625,0.9573133810779254,0.8585576209899232,0.0,0.0,922
2924,0.8568924588669369,0.00724724590060866,0.00013947486877441406,0.9573040421649359,0.8585514015872902,0.0,0.0,923
2925,0.8559888962023016,0.007245294831404926,0.00013875961303710938,0.9572947189783497,0.8585451924634795,0.0,0.0,924
2926,0.8559907980698211,0.007243346385664311,0.00015211105346679688,0.9572856707919647,0.858538756754054,0.0,0.0,925
2927,0.855156051642328,0.007241400557043988,0.00014519691467285156,0.9572770137597026,0.8585316352785897,0.0,0.0,926
2928,0.8542574286099841,0.007239457339223257,0.00013947486877441406,0.9572679733055446,0.8585254968425053,0.0,0.0,927
2929,0.8564596035490296,0.0072375167259034435,0.00013899803161621094,0.9572623925381312,0.8585223969012119,0.0,0.0,928
2930,0.8558807847840936,0.007235578710807801,0.0001392364501953125,0.957256874805729,0.8585191670626073,0.0,0.0,929
2931,0.8551765558745281,0.007233643287681409,0.00013971328735351562,0.9572514279639157,0.8585157056346491,0.0,0.0,930
2932,0.8543528721085221,0.007231710450291071,0.0001552104949951172,0.9572450672978462,0.8585126533544107,0.0,0.0,931
2933,0.8552622306784204,0.007229780192425222,0.0001392364501953125,0.9572386363243506,0.8585087067272603,0.0,0.0,932
2934,0.8545263831202743,0.007227852507893831,0.0001392364501953125,0.9572324836265668,0.8585051100233698,0.0,0.0,933
2935,0.8536592420819902,0.007225927390528292,0.00013756752014160156,0.9572268081090303,0.8585011230792995,0.0,0.0,934
2936,0.8535606165165915,0.00722400483418134,0.0001418590545654297,0.9572199369309646,0.8584961714137801,0.0,0.0,935
2937,0.8528702870522529,0.007222084832726952,0.00014138221740722656,0.9572117380436974,0.8584900779632167,0.0,0.0,936
2938,0.8520622469449537,0.007220167380060241,0.0001506805419921875,0.9572036421123333,0.8584844260536064,0.0,0.0,937
2939,0.8511771989269012,0.007218252470097377,0.00013971328735351562,0.9571960608577098,0.8584789192192082,0.0,0.0,938
2940,0.8505161746189687,0.00721634009677548,0.00013971328735351562,0.957188779397236,0.8584736479586816,0.0,0.0,939
2941,0.8503479909791408,0.00721443025405253,0.0001392364501953125,0.9571816858159039,0.8584681677678938,0.0,0.0,940
2942,0.8503288054615206,0.00721252293590727,0.00014162063598632812,0.9571742515177212,0.8584615169133721,0.0,0.0,941
2943,0.8551494173962407,0.007210618136339119,0.0001404285430908203,0.9571651303932015,0.8584544486404455,0.0,0.0,942
2944,0.8546737870236042,0.007208715849368075,0.00014090538024902344,0.9571563274995725,0.8584481767427394,0.0,0.0,943
2945,0.8611470490497276,0.007206816069034622,0.00014162063598632812,0.9571447249686611,0.8584417262250196,0.0,1.0,944
2946,0.8602581001172789,0.007204918789399642,0.0001404285430908203,0.9571336370430471,0.8584354204802035,0.0,1.0,945
2947,0.8595994618522417,0.007203024004544322,0.0001399517059326172,0.9571231224847228,0.858429350849566,0.0,1.0,946
2948,0.859065270014836,0.0072011317085700615,0.0001418590545654297,0.9571129430872845,0.8584230326092742,0.0,1.0,947
2949,0.859198603700567,0.0071992418955983805,0.00014138221740722656,0.9571040464353452,0.8584167775272329,0.0,1.0,948
2950,0.8586547742772307,0.007197354559770839,0.00014162063598632812,0.9570952112847598,0.85841136026796,0.0,1.0,949
2951,0.8579059185387721,0.007195469695248942,0.00014281272888183594,0.9570866408821241,0.8584061354206518,0.0,0.0,950
2952,0.8571279803742216,0.007193587296214042,0.00014328956604003906,0.9570786291290528,0.8584011802716549,0.0,0.0,951
2953,0.8567497238558688,0.007191707356867274,0.00014209747314453125,0.9570694165028399,0.8583959772394013,0.0,0.0,952
2954,0.8576323604755764,0.00718982987142944,0.00014138221740722656,0.9570595551232768,0.8583901973615411,0.0,0.0,953
2955,0.8567920082167042,0.00718795483414094,0.00014162063598632812,0.9570482468712865,0.8583815038399314,0.0,0.0,954
2956,0.8560096347946373,0.007186082239261685,0.0001423358917236328,0.9570375129413073,0.8583732819747523,0.0,0.0,955
2957,0.8554000619275514,0.007184212081070997,0.00014400482177734375,0.9570272316969951,0.8583652250444316,0.0,0.0,956
2958,0.8545280476487368,0.007182344353867536,0.00014090538024902344,0.9570169671192247,0.8583573173927667,0.0,0.0,957
2959,0.8542139931433687,0.007180479051969216,0.00014162063598632812,0.9570062715256036,0.8583491547682834,0.0,0.0,958
2960,0.8552284485946597,0.007178616169713107,0.0001442432403564453,0.9569956629962575,0.8583427589727272,0.0,0.0,959
2961,0.8543790430851308,0.007176755701455361,0.000141143798828125,0.9569856885832081,0.8583368151869215,0.0,0.0,960
2962,0.8535862567286142,0.007174897641571129,0.00014328956604003906,0.9569762762201143,0.8583312053698426,0.0,0.0,961
2963,0.8543936121214002,0.007173041984454469,0.00014472007751464844,0.9569661559710183,0.8583251097079829,0.0,0.0,962
2964,0.8541199412734304,0.007171188724518273,0.00014281272888183594,0.9569548519985457,0.8583204938194987,0.0,0.0,963
2965,0.8534464521900161,0.0071693378561941724,0.00014257431030273438,0.9569435403002562,0.8583157414487458,0.0,0.0,964
2966,0.8528962323335368,0.007167489373932468,0.0001437664031982422,0.9569321664722383,0.8583114253323815,0.0,0.0,965
2967,0.8527375684682624,0.007165643272202042,0.0001430511474609375,0.9569224243406902,0.8583084540040019,0.0,0.0,966
2968,0.8518774034048434,0.007163799545490279,0.0001430511474609375,0.9569126978663285,0.8583054874314017,0.0,0.0,967
2969,0.8520987964715145,0.00716195818830298,0.00014400482177734375,0.9569029736842216,0.8583035979898613,0.0,0.0,968
2970,0.8523189206243054,0.00716011919516429,0.00014448165893554688,0.9568942289591036,0.8583033733906409,0.0,0.0,969
2971,0.8517685117758698,0.007158282560616609,0.00014352798461914062,0.9568854634869223,0.8583034103701428,0.0,0.0,970
2972,0.8510980321552164,0.0071564482792205245,0.00014519691467285156,0.9568771164742848,0.8583034452366732,0.0,0.0,971
2973,0.8507987930885622,0.007154616345554717,0.00014925003051757812,0.9568697232878313,0.8583036769463385,0.0,0.0,972
2974,0.8499949839495764,0.007152786754215895,0.0001583099365234375,0.9568626721329067,0.8583048146986926,0.0,0.0,973
2975,0.8491430722630264,0.00715095949981871,0.0001461505889892578,0.9568556323696396,0.8583059508254475,0.0,0.0,974
2976,0.8547570097466756,0.007149134576995681,0.00014519691467285156,0.9568472022611288,0.8583062849199787,0.0,0.0,975
2977,0.8552798703470256,0.007147311980397111,0.00014328956604003906,0.9568388470680051,0.8583072180881589,0.0,0.0,976
2978,0.855929839007767,0.007145491704691023,0.00014901161193847656,0.9568297644488354,0.8583077947628227,0.0,0.0,977
2979,0.856359081428394,0.007143673744563068,0.00014400482177734375,0.9568189452551394,0.8583041032503884,0.0,0.0,978
2980,0.8565792060419415,0.007141858094716464,0.00016236305236816406,0.9568085933309334,0.8583007273516075,0.0,0.0,979
2981,0.8567652092070058,0.0071400447498719015,0.00014972686767578125,0.9567963622096778,0.8582974319224346,0.0,0.0,980
2982,0.8560635400144396,0.007138233704767487,0.00014662742614746094,0.9567846748734731,0.8582945805749418,0.0,0.0,981
2983,0.856802697416195,0.007136424954158659,0.00014472007751464844,0.956772146158024,0.8582912852699556,0.0,0.0,982
2984,0.8559510175484026,0.007134618492818115,0.0001456737518310547,0.9567596370860905,0.8582879951363159,0.0,0.0,983
2985,0.8556589196460163,0.0071328143155357316,0.00014495849609375,0.956747407098968,0.8582851010190705,0.0,0.0,984
2986,0.8557471451029461,0.007131012417118502,0.00015664100646972656,0.9567356195091575,0.8582825055172504,0.0,0.0,985
2987,0.8549434180565488,0.007129212792390453,0.00014591217041015625,0.9567244202772427,0.8582802673436194,0.0,0.0,986
2988,0.8540972442810566,0.007127415436192576,0.00014662742614746094,0.9567132385840657,0.8582780327090497,0.0,0.0,987
2989,0.8547928163236457,0.007125620343382754,0.00014495849609375,0.9567016242019618,0.8582754989810123,0.0,0.0,988
2990,0.8539483894004584,0.00712382750883569,0.00014734268188476562,0.9566900279527459,0.8582729692340387,0.0,0.0,989
2991,0.8531289969568437,0.00712203692744283,0.0001461505889892578,0.9566790866218278,0.8582707968960243,0.0,0.0,990
2992,0.8532765886792206,0.007120248594112304,0.00015616416931152344,0.9566681270049813,0.8582694940007081,0.0,0.0,991
2993,0.8525224286835463,0.007118462503768838,0.00014638900756835938,0.9566573931703755,0.8582682930126757,0.0,0.0,992
2994,0.8516837513192126,0.007116678651353697,0.00014829635620117188,0.9566466760638929,0.8582670939705561,0.0,0.0,993
2995,0.8509080503412194,0.007114897031824607,0.00014662742614746094,0.9566367801486318,0.8582666610190492,0.0,0.0,994
2996,0.8502493563722059,0.007113117640155691,0.00014829635620117188,0.9566261157724655,0.858264768781423,0.0,0.0,995
2997,0.8497335905306171,0.007111340471337392,0.00014591217041015625,0.9566159075945524,0.8582631817163755,0.0,0.0,996
2998,0.8492347763757817,0.007109565520376409,0.0001590251922607422,0.9566058728430119,0.8582619791500022,0.0,0.0,997
2999,0.8496327287111477,0.007107792782295627,0.0001468658447265625,0.9565966117004351,0.8582638401886785,0.0,0.0,998
3000,0.8496031025388286,0.007106022252134048,0.00014662742614746094,0.9565871257089463,0.8582661013723032,0.0,0.0,999
3001,0.8468216659054699,0.007104253924946726,1.4764623641967773,0.8295574162354051,0.8000459439822402,1.0,1.0,1000
3002,0.8464398915861711,0.007102487795804687,0.00026226043701171875,0.8295582353831534,0.8000443661127984,1.0,1.0,1001
3003,0.8463722258489591,0.007100723859794884,0.0001766681671142578,0.8295594090936621,0.8000439441699106,1.0,1.0,1002
3004,0.8475808669437042,0.007098962112020106,0.0001621246337890625,0.8295588019089434,0.8000405718145853,1.0,1.0,1003
3005,0.8471933955199452,0.007097202547598927,0.000156402587890625,0.8295590621871025,0.8000389823591633,1.0,1.0,1004
3006,0.8484280648100797,0.007095445161665631,0.0001690387725830078,0.82955717087302,0.8000347679982198,1.0,1.0,1005
3007,0.847717810689434,0.007093689949370152,0.00015687942504882812,0.8295561131955013,0.8000301439856554,1.0,1.0,1006
3008,0.8469007589126412,0.007091936905878007,0.00015592575073242188,0.8295567419388843,0.800031213075683,1.0,1.0,1007
3009,0.8504510465782856,0.007090186026370225,0.00015282630920410156,0.8295548676137643,0.8000269272371747,1.0,1.0,1008
3010,0.8506070329765401,0.0070884373060432875,0.00015592575073242188,0.8295535177660577,0.8000228223764271,1.0,1.0,1009
3011,0.8520904446429872,0.007086690740109064,0.00015306472778320312,0.8295538253371675,0.800021777556376,1.0,1.0,1010
3012,0.852247428431583,0.007084946323794746,0.00016808509826660156,0.8295525596896423,0.8000179160887577,1.0,1.0,1011
3013,0.8527843340946425,0.007083204052342781,0.00015425682067871094,0.8295524923661884,0.8000165218019231,1.0,1.0,1012
3014,0.8519671397105724,0.007081463921010812,0.00015401840209960938,0.8295524252151167,0.8000151294063698,1.0,1.0,1013
3015,0.8514166647421282,0.007079725925071611,0.00015425682067871094,0.8295523210817057,0.8000135372821557,1.0,1.0,1014
3016,0.8523800747958403,0.007077990059813023,0.00015425682067871094,0.8295505463521116,0.8000100826192508,1.0,1.0,1015
3017,0.8528646203395907,0.007076256320537893,0.00016617774963378906,0.8295488092486193,0.800008391933236,1.0,1.0,1016
3018,0.8524940252684764,0.007074524702564008,0.0001556873321533203,0.8295470268917887,0.8000070308305611,1.0,1.0,1017
3019,0.8536181796169622,0.007072795201224039,0.00015306472778320312,0.8295426206414612,0.8000055246753723,1.0,1.0,1018
3020,0.8542816182869599,0.0070710678118654745,0.00015354156494140625,0.8295366559901616,0.8000016207933871,1.0,1.0,1019
3021,0.8534683325479492,0.007069342529850561,0.00015306472778320312,0.8295315800360461,0.8000000288901582,1.0,1.0,1020
3022,0.8581776831235914,0.00706761935055624,0.00015401840209960938,0.829522544564727,0.7999976739847381,1.0,1.0,1021
3023,0.8597927153275592,0.007065898269374088,0.0001647472381591797,0.829512906413735,0.7999954432605344,1.0,1.0,1022
3024,0.8593397063855392,0.007064179281710256,0.00015354156494140625,0.8295024231310244,0.799993196988614,1.0,1.0,1023
3025,0.8596092505936703,0.007062462382985412,0.0001533031463623047,0.8294915648662502,0.7999886952993915,1.0,1.0,1024
3026,0.8587939966189918,0.007060747568634674,0.000156402587890625,0.8294807226458846,0.7999842000610855,1.0,1.0,1025
3027,0.8580257753611933,0.007059034834107561,0.0001544952392578125,0.8294699686987278,0.7999779511007844,1.0,1.0,1026
3028,0.8580786018975284,0.007057324174867924,0.00016498565673828125,0.8294593167367527,0.7999712408577665,1.0,1.0,1027
3029,0.8577841798265895,0.007055615586393891,0.0001556873321533203,0.8294494355430103,0.7999666343858581,1.0,1.0,1028
3030,0.8584487767462444,0.007053909064177807,0.0001537799835205078,0.8294389447075673,0.7999599830676639,1.0,1.0,1029
3031,0.8578118121752328,0.00705220460372618,0.0001533031463623047,0.8294290031208799,0.799953070512462,1.0,1.0,1030
3032,0.8570029929185804,0.007050502200559618,0.0001533031463623047,0.8294190761462648,0.7999461678941563,1.0,1.0,1031
3033,0.8561957306554646,0.0070488018502127695,0.00015234947204589844,0.8294091637480088,0.7999392751888404,1.0,1.0,1032
3034,0.8553900208871759,0.007047103548234271,0.00016617774963378906,0.8293992658905208,0.7999323923726885,1.0,1.0,1033
3035,0.8560364057749421,0.007045407290186694,0.00015687942504882812,0.8293895531289996,0.7999249193161692,1.0,1.0,1034
3036,0.8571115566838592,0.007043713071646473,0.0001537799835205078,0.8293792741116115,0.7999159841860844,1.0,1.0,1035
3037,0.8567421989083619,0.0070420208882038616,0.0001537799835205078,0.8293694587963018,0.7999087709720465,1.0,1.0,1036
3038,0.8569273683662807,0.007040330735462872,0.00015544891357421875,0.8293596473519597,0.7998997828277288,1.0,1.0,1037
3039,0.8561248024265233,0.007038642609041221,0.00015425682067871094,0.8293498502311786,0.7998908075716723,1.0,1.0,1038
3040,0.8559356626604661,0.00703695650457027,0.0001583099365234375,0.8293393132173509,0.7998812353670545,1.0,1.0,1039
3041,0.8553522534258825,0.007035272417694974,0.0001556873321533203,0.8293292014681228,0.7998735813592529,1.0,1.0,1040
3042,0.8591606909382569,0.0070335903440738225,0.00015783309936523438,0.8293174633111913,0.7998643427445322,1.0,1.0,1041
3043,0.8599865079867183,0.007031910279378787,0.00015544891357421875,0.829301858836642,0.7998557501798723,1.0,1.0,1042
3044,0.860167405373079,0.007030232219295266,0.0001537799835205078,0.8292858264923378,0.7998461679732729,1.0,1.0,1043
3045,0.8609816297343456,0.00702855615952203,0.00016880035400390625,0.8292692996834906,0.7998365948432894,1.0,1.0,1044
3046,0.8603432240231487,0.007026882095771169,0.00015735626220703125,0.8292532817506235,0.7998271715533954,1.0,1.0,1045
3047,0.8595424018656008,0.007025210023768034,0.00015616416931152344,0.8292372869804328,0.7998177616855222,1.0,1.0,1046
3048,0.8587431005150379,0.007023539939251189,0.00015783309936523438,0.8292213153171931,0.7998083652077175,1.0,1.0,1047
3049,0.8580069289349147,0.0070218718379723545,0.00015425682067871094,0.8292047045467625,0.7997984405777472,1.0,1.0,1048
3050,0.8582644671940394,0.007020205715696357,0.00015616416931152344,0.8291892887979335,0.7997890523486879,1.0,1.0,1049
3051,0.858382621589784,0.00701854156820107,0.00015687942504882812,0.829173299947386,0.7997789846528821,1.0,1.0,1050
3052,0.8575872678179663,0.007016879391277371,0.0001575946807861328,0.8291573341076819,0.7997689312401177,1.0,1.0,1051
3053,0.8567934557382404,0.007015219180729081,0.00015592575073242188,0.8291413912237233,0.7997588920765358,1.0,1.0,1052
3054,0.8560011169327277,0.007013560932372918,0.0001621246337890625,0.8291262082671037,0.7997519870659895,1.0,1.0,1053
3055,0.855763971056908,0.007011904642038436,0.0001571178436279297,0.8291102052561942,0.7997429798638355,1.0,1.0,1054
3056,0.8565501402596231,0.00701025030556799,0.00016736984252929688,0.8290929335504973,0.7997308365740199,1.0,1.0,1055
3057,0.8564702691456744,0.0070085979188166695,0.00015878677368164062,0.829072789944444,0.7997207732670742,1.0,1.0,1056
3058,0.8563338537701263,0.0070069474776522514,0.0001583099365234375,0.8290527522794686,0.7997107630111912,1.0,1.0,1057
3059,0.8568176398262608,0.007005298977955155,0.00015664100646972656,0.8290319630812282,0.7997003999188774,1.0,1.0,1058
3060,0.8562154788833066,0.007003652415618387,0.00015783309936523438,0.829011453499133,0.7996899177015646,1.0,1.0,1059
3061,0.8556231575745177,0.007002007786547487,0.0001575946807861328,0.8289914474537288,0.7996797235645583,1.0,1.0,1060
3062,0.8568154808915617,0.007000365086660488,0.0001595020294189453,0.8289730890307703,0.7996688827564354,1.0,1.0,1061
3063,0.8562295094976248,0.006998724311887857,0.00016069412231445312,0.8289551027531183,0.7996580934229501,1.0,1.0,1062
3064,0.8554450140468239,0.00699708545817245,0.00015687942504882812,0.8289371420607153,0.799647319237216,1.0,1.0,1063
3065,0.8558322826985012,0.006995448521469462,0.00015687942504882812,0.8289195311423366,0.7996362904728664,1.0,1.0,1064
3066,0.8564595539799035,0.0069938134977463795,0.0001571178436279297,0.828901448451766,0.799625286561184,1.0,1.0,1065
3067,0.8561018611967607,0.006992180382982926,0.00016546249389648438,0.8288839212646618,0.7996145322287171,1.0,1.0,1066
3068,0.8568628391447403,0.006990549173171025,0.00015807151794433594,0.8288652987432876,0.7996033993026259,1.0,1.0,1067
3069,0.8570674987819632,0.006988919864314734,0.00015687942504882812,0.8288470279393572,0.7995919236779586,1.0,1.0,1068
3070,0.8575712979119454,0.0069872924524302165,0.00015783309936523438,0.8288281801533054,0.799580365098196,1.0,1.0,1069
3071,0.8636615627435386,0.00698566693354568,0.00016069412231445312,0.8288114221533863,0.7995699505724579,1.0,1.0,1070
3072,0.8632083485622988,0.006984043303701329,0.00016808509826660156,0.828794763766237,0.7995595840352595,1.0,1.0,1071
3073,0.8628624373844305,0.006982421558949332,0.00015807151794433594,0.828777412087647,0.79954691965682,1.0,1.0,1072
3074,0.862710646746041,0.006980801695353752,0.0001595020294189453,0.8287602207671523,0.7995339090453374,1.0,1.0,1073
3075,0.8620982217446834,0.006979183708990517,0.0001575946807861328,0.8287435087973714,0.7995211495633522,1.0,1.0,1074
3076,0.8629091728317358,0.006977567595947371,0.00015807151794433594,0.82872613160297,0.7995083879336582,1.0,1.0,1075
3077,0.8652444386664889,0.006975953352323816,0.00015878677368164062,0.8287092989807266,0.7994969833773495,1.0,1.0,1076
3078,0.8662393364945213,0.006974340974231079,0.0001678466796875,0.8286915111400092,0.7994854945629152,1.0,1.0,1077
3079,0.8668405514309384,0.006972730457792064,0.0001583099365234375,0.8286737940045853,0.7994741011688197,1.0,1.0,1078
3080,0.8672361423881743,0.006971121799141294,0.00015997886657714844,0.8286553423474422,0.7994623380063666,1.0,1.0,1079
3081,0.8667028907472287,0.006969514994424886,0.00015783309936523438,0.8286367606196773,0.7994504575176051,1.0,1.0,1080
3082,0.8675348559878503,0.006967910039800482,0.00016045570373535156,0.8286175056406424,0.7994385109087552,1.0,1.0,1081
3083,0.8678595483494278,0.006966306931437227,0.00017595291137695312,0.8285982784080359,0.7994256165255256,1.0,1.0,1082
3084,0.8672789904280565,0.006964705665515708,0.00015997886657714844,0.8285793853993667,0.7994127739446395,1.0,1.0,1083
3085,0.8667456047019537,0.006963106238227914,0.00015854835510253906,0.8285607328030358,0.7993997278905419,1.0,1.0,1084
3086,0.8672193871498822,0.006961508645777194,0.00016021728515625,0.8285416763607911,0.7993876709776788,1.0,1.0,1085
3087,0.8676076118611769,0.00695991288437821,0.00015974044799804688,0.8285222439007676,0.7993749570399515,1.0,1.0,1086
3088,0.8670837586421118,0.006958318950256893,0.0001590251922607422,0.8285023226702285,0.7993622031042033,1.0,1.0,1087
3089,0.8669265545529233,0.006956726839650402,0.0001704692840576172,0.828482598912797,0.7993498218543433,1.0,1.0,1088
3090,0.8661868053544797,0.0069551365488070786,0.0001590251922607422,0.828463428551931,0.7993376096697753,1.0,1.0,1089
3091,0.8663904913512023,0.006953548073986399,0.0001666545867919922,0.8284442857314714,0.7993249906214337,1.0,1.0,1090
3092,0.8661171187058812,0.006951961411458939,0.00015997886657714844,0.8284253568963638,0.7993117525794328,1.0,1.0,1091
3093,0.8653602284882115,0.006950376557506325,0.0001583099365234375,0.8284057119931828,0.7992967462160769,1.0,1.0,1092
3094,0.8650965459463792,0.006948793508421196,0.00017142295837402344,0.8283865917521663,0.799282026334275,1.0,1.0,1093
3095,0.8643250292911754,0.006947212260507154,0.00016117095947265625,0.8283674979356203,0.7992673266021489,1.0,1.0,1094
3096,0.8635549156316996,0.006945632810078732,0.00016069412231445312,0.8283484304827766,0.7992526469736617,1.0,1.0,1095
3097,0.8633617557221027,0.0069440551534613384,0.00016021728515625,0.8283293142471263,0.7992381300171154,1.0,1.0,1096
3098,0.864153001150699,0.006942479286991228,0.00016236305236816406,0.8283095457565759,0.7992227558987797,1.0,1.0,1097
3099,0.8637431488502759,0.006940905207015452,0.000171661376953125,0.8282901589904702,0.7992070525926596,1.0,1.0,1098
3100,0.8652908495146232,0.00693933290989182,0.00016188621520996094,0.8282701018669835,0.7991921900901392,1.0,1.0,1099
3101,0.8694917490380804,0.006937762391988856,0.0001614093780517578,0.8282481901984908,0.7991784333196015,1.0,1.0,1100
3102,0.8687203931660066,0.006936193649685763,0.0001633167266845703,0.8282263086099418,0.799164695257343,1.0,1.0,1101
3103,0.8681011664917249,0.00693462667937237,0.0001614093780517578,0.8282046894905332,0.7991511958112025,1.0,1.0,1102
3104,0.867702834882162,0.006933061477449105,0.0001609325408935547,0.8281835859694354,0.7991379837526651,1.0,1.0,1103
3105,0.8669352966081806,0.006931498040326949,0.00017213821411132812,0.8281625113425203,0.7991247896062322,1.0,1.0,1104
3106,0.8663420421801784,0.006929936364427391,0.00016188621520996094,0.8281418241207682,0.7991118402937929,1.0,1.0,1105
3107,0.8659083332083694,0.006928376446182395,0.00016069412231445312,0.8281214891938536,0.7990989387791134,1.0,1.0,1106
3108,0.8697768595279649,0.0069268182820343555,0.0001609325408935547,0.8280998842724111,0.7990884947295863,1.0,1.0,1107
3109,0.8690525732492808,0.006925261868436056,0.00016117095947265625,0.8280784775329764,0.7990780113599915,1.0,1.0,1108
3110,0.8712714204551124,0.006923707201850636,0.00017309188842773438,0.8280566795838797,0.7990683781873815,1.0,1.0,1109
3111,0.8707023945653263,0.006922154278751549,0.00016379356384277344,0.8280351435496753,0.7990587821682843,1.0,1.0,1110
3112,0.8699363037725347,0.006920603095622518,0.00016188621520996094,0.8280136368143736,0.799049199041485,1.0,1.0,1111
3113,0.8693310376334756,0.006919053648957499,0.00016117095947265625,0.8279925777190141,0.7990398368282093,1.0,1.0,1112
3114,0.8690664123269991,0.006917505935260651,0.00016188621520996094,0.827970574687397,0.7990297170813025,1.0,1.0,1113
3115,0.8704831804850259,0.006915959951046281,0.0001773834228515625,0.827947552488815,0.7990193863028584,1.0,1.0,1114
3116,0.871141152221433,0.00691441569283882,0.00016641616821289062,0.8279245984868018,0.7990093433908692,1.0,1.0,1115
3117,0.8730620060678687,0.0069128731571727765,0.00016450881958007812,0.8279012065890448,0.7989992872990609,1.0,1.0,1116
3118,0.8732284237014502,0.0069113323405927,0.00016307830810546875,0.8278790144269058,0.798989986038747,1.0,1.0,1117
3119,0.8726608369311833,0.0069097932396531446,0.00016379356384277344,0.8278569337260668,0.7989797407462288,1.0,1.0,1118
3120,0.8718983595507184,0.00690825585091863,0.00016379356384277344,0.8278348828497252,0.7989695091313876,1.0,1.0,1119
3121,0.872076017316764,0.006906720170963604,0.0001747608184814453,0.8278125338753017,0.7989593211604051,1.0,1.0,1120
3122,0.8718877732832921,0.006905186196372404,0.00016427040100097656,0.8277915172765372,0.7989501538193434,1.0,1.0,1121
3123,0.8714612034368713,0.0069036539237392214,0.00016498565673828125,0.8277705577160249,0.7989409020399756,1.0,1.0,1122
3124,0.8720425449446555,0.006902123349668065,0.00016307830810546875,0.827749239417749,0.798931625622606,1.0,1.0,1123
3125,0.8714979877100146,0.006900594470772717,0.00016617774963378906,0.8277278307203172,0.7989226213887127,1.0,1.0,1124
3126,0.8715936980296656,0.006899067283676712,0.00017905235290527344,0.8277067441002558,0.7989136074855477,1.0,1.0,1125
3127,0.8713061531891225,0.006897541785013282,0.00016546249389648438,0.827685876831821,0.7989047523030838,1.0,1.0,1126
3128,0.8705503890758884,0.00689601797142533,0.0001652240753173828,0.8276654519779933,0.7988962586917502,1.0,1.0,1127
3129,0.8700008468075571,0.006894495839565394,0.0001659393310546875,0.8276454996109286,0.7988879939830065,1.0,1.0,1128
3130,0.8692475947171355,0.006892975386095608,0.0001678466796875,0.8276255739606654,0.7988797401826497,1.0,1.0,1129
3131,0.8688351575425036,0.006891456607687665,0.00017762184143066406,0.8276059291033562,0.7988707550685622,1.0,1.0,1130
3132,0.8681820352956827,0.006889939501022787,0.0001685619354248047,0.8275868340587073,0.7988619818134453,1.0,1.0,1131
3133,0.8674326643957958,0.006888424062791681,0.00016689300537109375,0.8275677645176099,0.798853220114801,1.0,1.0,1132
3134,0.8679118035574946,0.0068869102896945145,0.00016736984252929688,0.827549570679352,0.7988446842498189,1.0,1.0,1133
3135,0.8703103291265105,0.0068853981784408646,0.00016617774963378906,0.8275300009340918,0.7988352303429237,1.0,1.0,1134
3136,0.8723847825390465,0.006883887725749702,0.00017714500427246094,0.8275096047319837,0.7988256782528858,1.0,1.0,1135
3137,0.8717007425076939,0.006882378928349336,0.0001652240753173828,0.827489693719254,0.7988164289314355,1.0,1.0,1136
3138,0.8711404546497781,0.006880871782977399,0.00016689300537109375,0.8274702531862446,0.798807456854267,1.0,1.0,1137
3139,0.8705943664619993,0.006879366286380799,0.00016689300537109375,0.8274510596575282,0.7987988912185783,1.0,1.0,1138
3140,0.8698469162525022,0.006877862435315685,0.0001652240753173828,0.82743189160506,0.7987903367974175,1.0,1.0,1139
3141,0.8691007728916842,0.006876360226547424,0.00016570091247558594,0.8274127489725714,0.7987817935662398,1.0,1.0,1140
3142,0.8684572363368671,0.006874859656850553,0.00016760826110839844,0.8273938749215819,0.7987734902009822,1.0,1.0,1141
3143,0.8677136528190317,0.006873360723008754,0.00016927719116210938,0.8273750258577033,0.7987651976738351,1.0,1.0,1142
3144,0.8687462824293525,0.0068718634218148155,0.0001652240753173828,0.8273552701406541,0.7987564813712279,1.0,1.0,1143
3145,0.8713828464689838,0.006870367750070604,0.00016546249389648438,0.8273340539888943,0.7987482666819491,1.0,1.0,1144
3146,0.8706373807192966,0.006868873704587025,0.00016427040100097656,0.8273128658445461,0.7987400626892708,1.0,1.0,1145
3147,0.8699562697504775,0.006867381282183992,0.0001773834228515625,0.8272919310279732,0.7987319505582136,1.0,1.0,1146
3148,0.8695713570489747,0.006865890479690393,0.00016427040100097656,0.8272714209457629,0.7987241652225806,1.0,1.0,1147
3149,0.8688295937235689,0.006864401293944057,0.0001647472381591797,0.8272509378700456,0.7987163899902242,1.0,1.0,1148
3150,0.8681581558790025,0.006862913721791722,0.0001709461212158203,0.827230275871029,0.7987060719553287,1.0,1.0,1149
3151,0.8676663953049448,0.006861427760089002,0.00016832351684570312,0.8272099837667238,0.7986959573625917,1.0,1.0,1150
3152,0.8697664089455462,0.006859943405700353,0.0001766681671142578,0.8271874550295688,0.7986875608676983,1.0,1.0,1151
3153,0.869795978991025,0.006858460655499043,0.00016617774963378906,0.827164408983009,0.7986786780605578,1.0,1.0,1152
3154,0.8707557300090729,0.00685697950636712,0.00016570091247558594,0.8271403759948436,0.7986700880996135,1.0,1.0,1153
3155,0.8705842703729973,0.006855499955195371,0.0001652240753173828,0.8271165362315928,0.7986610378974024,1.0,1.0,1154
3156,0.8701552448880635,0.006854021998883304,0.00016641616821289062,0.8270926912488866,0.7986520001227555,1.0,1.0,1155
3157,0.8712243581515217,0.006852545634339105,0.00017547607421875,0.8270681647374636,0.7986417704325358,1.0,1.0,1156
3158,0.8717639962515499,0.0068510708584796146,0.00016689300537109375,0.8270430476436005,0.7986314381842411,1.0,1.0,1157
3159,0.8712580374350687,0.006849597668230288,0.0001678466796875,0.8270179550281638,0.7986210705457938,1.0,1.0,1158
3160,0.8705206298880303,0.006848126060525167,0.00017189979553222656,0.8269928951312618,0.7986107162788716,1.0,1.0,1159
3161,0.8698865802756356,0.006846656032306853,0.0001659393310546875,0.826967805668858,0.7985996939021388,1.0,1.0,1160
3162,0.8694386276911266,0.00684518758052647,0.00017881393432617188,0.8269429764973164,0.7985889778571307,1.0,1.0,1161
3163,0.8690513710365982,0.006843720702143635,0.00016760826110839844,0.8269176732386453,0.7985773741804633,1.0,1.0,1162
3164,0.8719230054430545,0.00684225539412643,0.00016641616821289062,0.8268926101218349,0.798567385933654,1.0,1.0,1163
3165,0.8724653342873525,0.006840791653451367,0.0001671314239501953,0.8268676113556037,0.7985580376228537,1.0,1.0,1164
3166,0.8717311382961181,0.006839329477103358,0.0001659393310546875,0.8268426450178106,0.7985487012961534,1.0,1.0,1165
3167,0.8709981994048676,0.006837868862075689,0.0001766681671142578,0.8268177110384478,0.7985393769278792,1.0,1.0,1166
3168,0.8708771054508142,0.006836409805369985,0.0001678466796875,0.8267925728230722,0.7985300856324372,1.0,1.0,1167
3169,0.8702549265937504,0.006834952303996181,0.00016736984252929688,0.82676761928443,0.7985207481159253,1.0,1.0,1168
3170,0.86958619270156,0.00683349635497249,0.00016760826110839844,0.8267430274110447,0.7985115250775203,1.0,1.0,1169
3171,0.8695837813346587,0.006832041955325382,0.00016736984252929688,0.8267179856966209,0.7985019112317565,1.0,1.0,1170
3172,0.8709406969062443,0.006830589102089536,0.00016689300537109375,0.8266914383892106,0.7984921700337313,1.0,1.0,1171
3173,0.8704273436710538,0.006829137792307835,0.00017547607421875,0.8266650909006217,0.7984825396541022,1.0,1.0,1172
3174,0.86969931290775,0.00682768802303131,0.0001678466796875,0.8266387773554993,0.7984729215394297,1.0,1.0,1173
3175,0.8692076175136757,0.006826239791319134,0.00016736984252929688,0.8266119915938711,0.7984629937521142,1.0,1.0,1174
3176,0.8686668082917055,0.006824793094238576,0.00016880035400390625,0.8265855406710648,0.7984530701788626,1.0,1.0,1175
3177,0.868740308792615,0.006823347928864981,0.00016689300537109375,0.8265589080741382,0.7984427906235331,1.0,1.0,1176
3178,0.8684725056107301,0.006821904292281737,0.00017762184143066406,0.8265327759388117,0.7984327516037678,1.0,1.0,1177
3179,0.8683174834003531,0.00682046218158025,0.0001685619354248047,0.8265070316936984,0.7984226935073881,1.0,1.0,1178
3180,0.8683659819609941,0.006819021593859907,0.00016832351684570312,0.8264807427210491,0.7984127703342974,1.0,1.0,1179
3181,0.8686737180620179,0.006817582526228058,0.00016999244689941406,0.8264537791397697,0.7984023871007834,1.0,1.0,1180
3182,0.8682571425810632,0.006816144975799977,0.00016880035400390625,0.8264266937009723,0.7983916429083752,1.0,1.0,1181
3183,0.8675380237781076,0.006814708939698846,0.0001773834228515625,0.8263975886344588,0.7983767998487274,1.0,1.0,1182
3184,0.8681468133629097,0.006813274415055712,0.0001697540283203125,0.8263679385470272,0.7983618720893264,1.0,1.0,1183
3185,0.8677605374344457,0.006811841399009472,0.00017309188842773438,0.8263386510650571,0.7983470299212483,1.0,1.0,1184
3186,0.8699271265331208,0.006810409888706836,0.00016999244689941406,0.8263085148808585,0.7983315977628141,1.0,1.0,1185
3187,0.8695557237713948,0.006808979881302306,0.0001704692840576172,0.8262787822983061,0.7983161840317133,1.0,1.0,1186
3188,0.8688797695031103,0.006807551373958142,0.00018453598022460938,0.826249523959212,0.7983006425764132,1.0,1.0,1187
3189,0.8724748591921615,0.006806124363844335,0.0001709461212158203,0.8262192699321038,0.7982856027911279,1.0,1.0,1188
3190,0.8720392507151655,0.006804698848138588,0.00017261505126953125,0.8261913920626691,0.7982748474514021,1.0,1.0,1189
3191,0.8714448582269502,0.006803274824026274,0.00017833709716796875,0.8261611105494774,0.7982632513805501,1.0,1.0,1190
3192,0.8719818472054089,0.006801852288700426,0.00017261505126953125,0.8261309007596416,0.7982519082912907,1.0,1.0,1191
3193,0.8718509397245406,0.006800431239361693,0.00018358230590820312,0.8261009834244816,0.7982408260007885,1.0,1.0,1192
3194,0.8724023611034577,0.006799011673218323,0.00017189979553222656,0.8260711543188188,0.7982297321091819,1.0,1.0,1193
3195,0.8717522377060846,0.006797593587486135,0.00017118453979492188,0.8260417516259403,0.798218736366205,1.0,1.0,1194
3196,0.8710341269545405,0.00679617697938849,0.00017333030700683594,0.8260123861141733,0.7982077543882071,1.0,1.0,1195
3197,0.8703172184859445,0.006794761846156266,0.00017189979553222656,0.8259830577052597,0.7981967861464045,1.0,1.0,1196
3198,0.8703426963723251,0.0067933481850278275,0.0001819133758544922,0.8259537547783944,0.7981846786514524,1.0,1.0,1197
3199,0.8696276267564879,0.006791935993249005,0.00017118453979492188,0.82592448881351,0.7981725862881117,1.0,1.0,1198
3200,0.8748907788365108,0.006790525268073067,0.0001690387725830078,0.8258958221998727,0.7981628882636456,1.0,1.0,1199
3201,0.8550355875607676,0.006789116006760688,1.114588975906372,0.7416049288632627,0.7863400738340616,1.0,1.0,1200
3202,0.8543424616387277,0.006787708206579931,0.0002846717834472656,0.7416014585952392,0.7863452455663869,1.0,1.0,1201
3203,0.853763539262663,0.006786301864806214,0.0002162456512451172,0.741600364286951,0.786340117560562,1.0,1.0,1202
3204,0.8530736643625031,0.006784896978722291,0.00019621849060058594,0.7415993792034619,0.7863352748437086,1.0,1.0,1203
3205,0.8535710255745453,0.006783493545618221,0.00019407272338867188,0.7415986795879411,0.786330426347042,1.0,1.0,1204
3206,0.8537405978334408,0.006782091562791343,0.0001895427703857422,0.7415976410378912,0.7863251063564579,1.0,1.0,1205
3207,0.8534906208194138,0.006780691027546252,0.0001895427703857422,0.7415953774620659,0.7863220863016863,1.0,1.0,1206
3208,0.8528018427336996,0.006779291937194775,0.00018858909606933594,0.7415931165292848,0.7863190697666318,1.0,1.0,1207
3209,0.8528541356583961,0.006777894289055941,0.00019979476928710938,0.7415910758436698,0.7863160872693608,1.0,1.0,1208
3210,0.8524605645708629,0.00677649808045596,0.0001881122589111328,0.7415892642193046,0.7863131248026363,1.0,1.0,1209
3211,0.8517742699021896,0.006775103308728197,0.0001862049102783203,0.7415888994956876,0.7863068782086305,1.0,1.0,1210
3212,0.8540742237563012,0.006773709971213143,0.0001857280731201172,0.7415874663553896,0.7863045358991811,1.0,1.0,1211
3213,0.8541469985380695,0.006772318065258396,0.00018548965454101562,0.7415860585213464,0.7863005217285448,1.0,1.0,1212
3214,0.853792043814612,0.006770927588218635,0.00020051002502441406,0.7415848000612182,0.786296620705641,1.0,1.0,1213
3215,0.8531069325352956,0.006769538537455592,0.00019025802612304688,0.741583542981422,0.7862927242806893,1.0,1.0,1214
3216,0.8524558942797303,0.006768150910338027,0.00018644332885742188,0.7415838458098811,0.7862854366841359,1.0,1.0,1215
3217,0.8519555220655954,0.00676676470424171,0.0001862049102783203,0.7415829300102191,0.7862817640443279,1.0,1.0,1216
3218,0.8556845101153103,0.006765379916549391,0.00018715858459472656,0.7415813086730758,0.7862849331625088,1.0,1.0,1217
3219,0.8598292913136534,0.006763996544650777,0.0001919269561767578,0.7415798045980074,0.786284742427868,1.0,1.0,1218
3220,0.8603355598409522,0.006762614585942508,0.00019073486328125,0.7415781589035825,0.7862845644216101,1.0,1.0,1219
3221,0.8599526470065774,0.006761234037828133,0.00019168853759765625,0.7415761987886339,0.7862828380912138,1.0,1.0,1220
3222,0.859583980038582,0.006759854897718085,0.0001919269561767578,0.7415744916812814,0.7862813231442098,1.0,1.0,1221
3223,0.8594845786612247,0.0067584771630296615,0.00020051002502441406,0.7415727119889938,0.7862797814515702,1.0,1.0,1222
3224,0.8609585742239618,0.0067571008311869945,0.0001876354217529297,0.7415724571686283,0.7862761691535859,1.0,1.0,1223
3225,0.8604807913690042,0.006755725899621029,0.00019502639770507812,0.7415719573947749,0.7862727970952276,1.0,1.0,1224
3226,0.8603765562409941,0.006754352365769503,0.00018477439880371094,0.741571771663017,0.7862692986221663,1.0,1.0,1225
3227,0.8607989439722792,0.00675298022707692,0.00018668174743652344,0.7415711465541313,0.7862666664843456,1.0,1.0,1226
3228,0.86023582955648,0.006751609480994528,0.00019502639770507812,0.741570589272071,0.7862643923150807,1.0,1.0,1227
3229,0.8604269319564644,0.00675024012498029,0.00018715858459472656,0.7415702607858533,0.7862620974805268,1.0,1.0,1228
3230,0.8602066428020929,0.006748872156498874,0.000186920166015625,0.7415698039862988,0.7862599062118523,1.0,1.0,1229
3231,0.859524905314434,0.006747505573021617,0.0001881122589111328,0.7415693475729992,0.7862577173937149,1.0,1.0,1230
3232,0.8594571411461387,0.006746140372026507,0.0001957416534423828,0.7415678960357129,0.7862554650255593,1.0,1.0,1231
3233,0.859957843443107,0.006744776550998163,0.00019073486328125,0.7415667078182673,0.7862530247060431,1.0,1.0,1232
3234,0.8607717794308852,0.006743414107427807,0.00019240379333496094,0.7415672454900764,0.7862489706040651,1.0,1.0,1233
3235,0.8604200180296749,0.006742053038813243,0.00018930435180664062,0.7415671088040561,0.7862446283474364,1.0,1.0,1234
3236,0.8599238002575383,0.006740693342658838,0.0001857280731201172,0.7415670219277102,0.7862403954969878,1.0,1.0,1235
3237,0.8603079322111175,0.006739335016475495,0.0002014636993408203,0.7415665799385668,0.7862361177933909,1.0,1.0,1236
3238,0.8636944136866339,0.006737978057780631,0.00018978118896484375,0.7415671487841137,0.7862318780649548,1.0,1.0,1237
3239,0.8646131317252251,0.006736622464098161,0.0001881122589111328,0.7415670738878104,0.7862260800439012,1.0,1.0,1238
3240,0.863932365860907,0.006735268232958463,0.00018453598022460938,0.7415669989142322,0.7862202888567186,1.0,1.0,1239
3241,0.8632526917681218,0.006733915361898371,0.00018525123596191406,0.7415669238637735,0.7862145044898644,1.0,1.0,1240
3242,0.8627415804632355,0.00673256384846114,0.0002014636993408203,0.7415670395658538,0.7862088250897977,1.0,1.0,1241
3243,0.8631178902882772,0.006731213690196436,0.00018644332885742188,0.7415669421022865,0.7862039299687607,1.0,1.0,1242
3244,0.8639716279276936,0.006729864884660303,0.00018405914306640625,0.7415669940950275,0.7861995003696798,1.0,1.0,1243
3245,0.8635263318612374,0.006728517429415147,0.0001862049102783203,0.7415671347562212,0.7861953217437881,1.0,1.0,1244
3246,0.8632266973736448,0.006727171322029717,0.00020122528076171875,0.7415673763780645,0.7861911966004839,1.0,1.0,1245
3247,0.8636421719282374,0.006725826560079075,0.00019049644470214844,0.7415674140110521,0.7861867759604977,1.0,1.0,1246
3248,0.8629664044231714,0.006724483141144583,0.00018787384033203125,0.7415674514316266,0.7861823604438611,1.0,1.0,1247
3249,0.8622917138984922,0.0067231410628138775,0.0001881122589111328,0.7415674886404505,0.7861779500405643,1.0,1.0,1248
3250,0.8617824180006245,0.0067218003226808525,0.00018978118896484375,0.7415675750281052,0.7861734904156898,1.0,1.0,1249
3251,0.8630452399012123,0.006720460918345626,0.0002067089080810547,0.7415679247892959,0.786169741318639,1.0,1.0,1250
3252,0.8624357439897823,0.006719122847414537,0.00019097328186035156,0.7415683867074663,0.7861663964647048,1.0,1.0,1251
3253,0.8623692594951027,0.006717786107500109,0.00018835067749023438,0.7415690323474777,0.7861631914023275,1.0,1.0,1252
3254,0.861697647200961,0.006716450696221039,0.0001895427703857422,0.7415696770438376,0.786159989974585,1.0,1.0,1253
3255,0.8621976573512952,0.0067151166112021715,0.0001983642578125,0.7415703468272925,0.7861566741476321,1.0,1.0,1254
3256,0.8615405341672835,0.006713783850074479,0.0001895427703857422,0.7415709503077254,0.7861534781455236,1.0,1.0,1255
3257,0.862670371554944,0.006712452410475041,0.0001888275146484375,0.7415723454054671,0.7861545894518216,1.0,1.0,1256
3258,0.8644052965070086,0.006711122290047027,0.00019049644470214844,0.741573891992438,0.7861528150370009,1.0,1.0,1257
3259,0.8640755549363492,0.00670979348643967,0.00019097328186035156,0.741575808107314,0.7861509926297385,1.0,1.0,1258
3260,0.8636418898976211,0.006708465997308248,0.00020456314086914062,0.7415779504605646,0.7861527149152729,1.0,1.0,1259
3261,0.8640983928119743,0.006707139820314071,0.00019478797912597656,0.7415801974495513,0.7861513216921483,1.0,1.0,1260
3262,0.8640201247218655,0.006705814953124446,0.00018906593322753906,0.7415827606222217,0.7861492315738956,1.0,1.0,1261
3263,0.8637939782646057,0.006704491393412671,0.0001888275146484375,0.7415852553987062,0.7861475659142424,1.0,1.0,1262
3264,0.8646274558000748,0.006703169138858009,0.00018644332885742188,0.7415877792967115,0.7861446312873313,1.0,1.0,1263
3265,0.8639596548278139,0.006701848187145669,0.00019979476928710938,0.7415898228076026,0.7861451616768492,1.0,1.0,1264
3266,0.8639405852929869,0.006700528535966779,0.00019025802612304688,0.7415918804287108,0.7861422887010028,1.0,1.0,1265
3267,0.8637544379689708,0.0066992101830183805,0.00019073486328125,0.7415938911126009,0.786139389180641,1.0,1.0,1266
3268,0.8643534832021983,0.006697893126003396,0.00019216537475585938,0.7415974277878309,0.786136868736213,1.0,1.0,1267
3269,0.8650629271452495,0.006696577362630617,0.0002033710479736328,0.7416014682474174,0.7861304382373142,1.0,1.0,1268
3270,0.8650859515050671,0.006695262890614681,0.00019097328186035156,0.7416057877721814,0.7861268864782754,1.0,1.0,1269
3271,0.8647709584950715,0.0066939497076760526,0.00019359588623046875,0.7416100133349407,0.7861232215747478,1.0,1.0,1270
3272,0.8652196975607118,0.006692637811541002,0.00018906593322753906,0.7416136492514854,0.7861197076290958,1.0,1.0,1271
3273,0.8647056089678211,0.0066913271999415914,0.00019073486328125,0.7416174358284141,0.7861162225004696,1.0,1.0,1272
3274,0.8649698917583015,0.00669001787061565,0.0002009868621826172,0.741621495274186,0.7861127826821798,1.0,1.0,1273
3275,0.8643876380631296,0.006688709821306755,0.00019240379333496094,0.7416254559938463,0.7861092129294485,1.0,1.0,1274
3276,0.8647230641069708,0.00668740304976422,0.00019025802612304688,0.7416289283747269,0.7861050834664683,1.0,1.0,1275
3277,0.864534192100375,0.0066860975537430655,0.00019121170043945312,0.7416326051316107,0.7861007301951872,1.0,1.0,1276
3278,0.8643644874936538,0.006684793331004007,0.00020360946655273438,0.7416363623146464,0.7860955686746942,1.0,1.0,1277
3279,0.8638233039789354,0.0066834903793134325,0.00019216537475585938,0.7416402284066802,0.7860906721631425,1.0,1.0,1278
3280,0.8653792028752942,0.006682188696443389,0.0001938343048095703,0.7416440184660545,0.7860872252713794,1.0,1.0,1279
3281,0.8653399866268487,0.006680888280171556,0.00019240379333496094,0.7416475674651681,0.7860835622002458,1.0,1.0,1280
3282,0.8651214053892278,0.0066795891282812325,0.0001914501190185547,0.7416511485184217,0.7860796518996418,1.0,1.0,1281
3283,0.8644619123823842,0.006678291238561316,0.00020313262939453125,0.7416554119387836,0.7860759736643195,1.0,1.0,1282
3284,0.8638033289877494,0.006676994608806287,0.0001933574676513672,0.7416596271203195,0.7860688334230502,1.0,1.0,1283
3285,0.8643889057154696,0.0066756992368161875,0.0001933574676513672,0.7416640553536133,0.7860658052683931,1.0,1.0,1284
3286,0.8638873349098699,0.0066744051203966,0.00019097328186035156,0.7416686120191376,0.7860631361579523,1.0,1.0,1285
3287,0.863248266167815,0.00667311225735864,0.00019121170043945312,0.7416733812602163,0.7860603173091121,1.0,1.0,1286
3288,0.8637382258849907,0.006671820645518926,0.00019359588623046875,0.7416781444873846,0.7860546901386293,1.0,1.0,1287
3289,0.8632284787599258,0.006670530282699566,0.0001957416534423828,0.7416826260480317,0.7860525829010075,1.0,1.0,1288
3290,0.8626844585679925,0.00666924116672814,0.00020170211791992188,0.7416872725827244,0.7860471608218051,1.0,1.0,1289
3291,0.8623117181782136,0.006667953295437685,0.00019884109497070312,0.7416921226535754,0.7860418048654183,1.0,1.0,1290
3292,0.8621700593324911,0.006666666666666666,0.00020623207092285156,0.7416970204465855,0.7860389779426461,1.0,1.0,1291
3293,0.8618099399764617,0.006665381278258976,0.00019669532775878906,0.7417018696128423,0.7860323231476832,1.0,1.0,1292
3294,0.8613603601537887,0.0066640971280639,0.00019598007202148438,0.7417070494804395,0.7860292697070606,1.0,1.0,1293
3295,0.8643212443227988,0.006662814213936108,0.0001957416534423828,0.7417111544252851,0.7860236994509819,1.0,1.0,1294
3296,0.8636689706125381,0.006661532533735637,0.00020837783813476562,0.7417152544254395,0.7860181354729816,1.0,1.0,1295
3297,0.8630989939736881,0.006660252085327868,0.00019788742065429688,0.7417194485196041,0.7860129144662251,1.0,1.0,1296
3298,0.8626076901282123,0.006658972866583515,0.00019669532775878906,0.7417238220546899,0.786011304964459,1.0,1.0,1297
3299,0.8619582781485902,0.006657694875378601,0.00020003318786621094,0.7417281480201001,0.7860062907388101,1.0,1.0,1298
3300,0.8613098617429048,0.006656418109594446,0.0001957416534423828,0.7417324687983173,0.7860012821243868,1.0,1.0,1299
3301,0.8629122790429048,0.00665514256711765,0.00020623207092285156,0.7417370461147386,0.7859978775240976,1.0,1.0,1300
3302,0.8624025933478561,0.0066538682458400725,0.00019621849060058594,0.7417411145576907,0.7859927951906756,1.0,1.0,1301
3303,0.8620347945411261,0.006652595143658813,0.0001964569091796875,0.7417451354460575,0.7859874908822991,1.0,1.0,1302
3304,0.8613882402414167,0.006651323258476202,0.0001957416534423828,0.7417491515175536,0.7859821925053169,1.0,1.0,1303
3305,0.8643353311421001,0.006650052588199779,0.00020456314086914062,0.741751795158447,0.7859794093156751,1.0,1.0,1304
3306,0.8641754763699725,0.006648783130742272,0.00019693374633789062,0.7417545338924072,0.7859731174569723,1.0,1.0,1305
3307,0.8635861797161317,0.006647514884021591,0.00019979476928710938,0.7417573410737883,0.7859670325190422,1.0,1.0,1306
3308,0.8656121599898534,0.006646247845960803,0.00019598007202148438,0.7417610714438109,0.7859608211210452,1.0,1.0,1307
3309,0.8662401475148924,0.006644982014488115,0.00019407272338867188,0.7417649687425266,0.7859545307723159,1.0,1.0,1308
3310,0.8663173425544664,0.0066437173875368615,0.00020956993103027344,0.7417685893501968,0.7859479438787074,1.0,1.0,1309
3311,0.8667487278741348,0.0066424539630454875,0.0001971721649169922,0.7417719239797839,0.7859417548684132,1.0,1.0,1310
3312,0.8665950423388686,0.006641191738957527,0.00019550323486328125,0.7417754980843252,0.7859357306943826,1.0,1.0,1311
3313,0.8659494427475957,0.006639930713221595,0.00019788742065429688,0.7417790679245715,0.7859297132471861,1.0,1.0,1312
3314,0.8654396115084769,0.0066386708837913614,0.00020551681518554688,0.7417831813293273,0.7859240536236877,1.0,1.0,1313
3315,0.8654922439579902,0.006637412248625544,0.00019788742065429688,0.7417874830240073,0.7859182097373696,1.0,1.0,1314
3316,0.8675695214318654,0.006636154805687886,0.00019812583923339844,0.7417929964998013,0.7859104095490261,1.0,1.0,1315
3317,0.8670994833680122,0.006634898552947141,0.00020051002502441406,0.7417985930433381,0.7859026020027408,1.0,1.0,1316
3318,0.8666952878674773,0.00663364348837706,0.00019979476928710938,0.7418043817393317,0.7858949983797342,1.0,1.0,1317
3319,0.8660522700545203,0.00663238960995637,0.00021266937255859375,0.7418096740189094,0.7858873256672723,1.0,1.0,1318
3320,0.8655373594541307,0.0066311369156687614,0.00020003318786621094,0.7418154874714663,0.7858800441885775,1.0,1.0,1319
3321,0.8662992367304303,0.006629885403502876,0.00019979476928710938,0.7418215045388905,0.785873764830462,1.0,1.0,1320
3322,0.8656577614783394,0.006628635071452281,0.0001990795135498047,0.7418280025540895,0.7858675697825245,1.0,1.0,1321
3323,0.8652023172952434,0.006627385917515461,0.00020694732666015625,0.7418341400353993,0.7858614437360848,1.0,1.0,1322
3324,0.8645736494552666,0.006626137939695804,0.0002040863037109375,0.7418402976420398,0.7858557299955978,1.0,1.0,1323
3325,0.8642469641757925,0.006624891136001574,0.0001976490020751953,0.741846751440718,0.7858496868800765,1.0,1.0,1324
3326,0.8638100636553859,0.006623645504445912,0.00019931793212890625,0.7418532861896917,0.7858438046695878,1.0,1.0,1325
3327,0.8639561226173956,0.006622401043046807,0.00020956993103027344,0.741860013752669,0.7858371589430697,1.0,1.0,1326
3328,0.8636040104023643,0.006621157749827086,0.00020194053649902344,0.7418668186416798,0.7858299618815054,1.0,1.0,1327
3329,0.8637140627429868,0.006619915622814398,0.00019693374633789062,0.7418738115053839,0.7858226226556851,1.0,1.0,1328
3330,0.8630783351510167,0.006618674660041199,0.0001983642578125,0.7418807962741425,0.7858152915649633,1.0,1.0,1329
3331,0.8624435600685233,0.006617434859544737,0.00020122528076171875,0.7418877729634707,0.7858079685942108,1.0,1.0,1330
3332,0.8620565895439288,0.006616196219367034,0.00021219253540039062,0.7418949128867467,0.7858008651097981,1.0,1.0,1331
3333,0.8659221112690131,0.006614958737554873,0.0001983642578125,0.7419019666497837,0.7857958339829242,1.0,1.0,1332
3334,0.8656536333712069,0.006613722412159786,0.0001964569091796875,0.7419090358140055,0.7857908557590727,1.0,1.0,1333
3335,0.8650189986365339,0.006612487241238031,0.00020051002502441406,0.7419160968308205,0.7857858829718026,1.0,1.0,1334
3336,0.8646236947404384,0.006611253222850585,0.00021338462829589844,0.7419230612830767,0.7857805348738874,1.0,1.0,1335
3337,0.8640383605686809,0.006610020355063124,0.00019812583923339844,0.7419301710193352,0.7857753782124516,1.0,1.0,1336
3338,0.8642457768576315,0.00660878863594601,0.00019931793212890625,0.7419374157962495,0.7857701337384109,1.0,1.0,1337
3339,0.8639602197448757,0.006607558063574278,0.00019884109497070312,0.7419447089855151,0.7857650345670362,1.0,1.0,1338
3340,0.8633292746146914,0.006606328636027614,0.00020074844360351562,0.7419519938039508,0.7857599409468823,1.0,1.0,1339
3341,0.8629986365487643,0.006605100351390352,0.0002148151397705078,0.7419592770792941,0.7857549568053414,1.0,1.0,1340
3342,0.8626084251840274,0.006603873207751448,0.00019812583923339844,0.7419667310092717,0.7857501814018656,1.0,1.0,1341
3343,0.862377807164657,0.006602647203204473,0.00019669532775878906,0.7419742936885075,0.7857455371574575,1.0,1.0,1342
3344,0.8619315717984636,0.006601422335847591,0.00019621849060058594,0.7419820393191435,0.7857411141567172,1.0,1.0,1343
3345,0.861373826242679,0.006600198603783557,0.0002105236053466797,0.7419897737605787,0.7857368001792211,1.0,1.0,1344
3346,0.8609351817739932,0.006598976005119688,0.0001990795135498047,0.7419976286026383,0.7857324312480745,1.0,1.0,1345
3347,0.8607474280568816,0.006597754537967857,0.00019812583923339844,0.7420057495964594,0.7857277235517398,1.0,1.0,1346
3348,0.8601226439322868,0.00659653420044448,0.00019598007202148438,0.7420138613380556,0.7857230209309535,1.0,1.0,1347
3349,0.8599406401861474,0.006595314990670495,0.00019407272338867188,0.7420219880103484,0.7857184614377288,1.0,1.0,1348
3350,0.8593173713595548,0.006594096906771352,0.0001976490020751953,0.742030105437754,0.7857139068465304,1.0,1.0,1349
3351,0.8589922031072159,0.0065928799468770016,0.00019621849060058594,0.742038378137955,0.7857094758282221,1.0,1.0,1350
3352,0.8612117375996828,0.006591664109121874,0.00019621849060058594,0.7420471000821027,0.7857053121135968,1.0,1.0,1351
3353,0.8615054714235613,0.006590449391644872,0.00019741058349609375,0.7420555809077527,0.785701334790331,1.0,1.0,1352
3354,0.8614899382236545,0.006589235792589347,0.0002086162567138672,0.7420640374870032,0.7856975082484589,1.0,1.0,1353
3355,0.8609568008083109,0.006588023310103103,0.0001983642578125,0.7420709563503937,0.7856932551601961,1.0,1.0,1354
3356,0.860385013209938,0.00658681194233836,0.00019621849060058594,0.7420779395994566,0.7856873050788253,1.0,1.0,1355
3357,0.8634297572529088,0.006585601687451759,0.00019550323486328125,0.7420844509296737,0.7856824001839943,1.0,1.0,1356
3358,0.8631405893644324,0.0065843925436043374,0.00020933151245117188,0.7420912364814459,0.7856772829948043,1.0,1.0,1357
3359,0.8631180016105847,0.006583184508961519,0.0001983642578125,0.7420980652170845,0.7856721257294836,1.0,1.0,1358
3360,0.8624972518285015,0.0065819775816931035,0.00019669532775878906,0.7421048862208811,0.7856669739984784,1.0,1.0,1359
3361,0.8623758898155697,0.006580771759973243,0.00019598007202148438,0.7421114835801602,0.7856616436777617,1.0,1.0,1360
3362,0.8618171536353888,0.006579567041980443,0.00019550323486328125,0.742118166186697,0.7856564610986204,1.0,1.0,1361
3363,0.8613356799322994,0.006578363425897531,0.00020933151245117188,0.7421247244584833,0.7856511797262405,1.0,1.0,1362
3364,0.8613588537047088,0.006577160909911664,0.00019693374633789062,0.7421314109391207,0.7856455819644803,1.0,1.0,1363
3365,0.8610305475118244,0.006575959492214292,0.00019550323486328125,0.7421380966893093,0.7856401670683395,1.0,1.0,1364
3366,0.861372117220679,0.006574759171001166,0.00019550323486328125,0.7421451844335448,0.7856337679028684,1.0,1.0,1365
3367,0.8611502738151972,0.006573559944472311,0.00020456314086914062,0.7421524274107538,0.7856275753775105,1.0,1.0,1366
3368,0.8615401611032953,0.0065723618108320175,0.00019931793212890625,0.7421594689335274,0.7856215581067633,1.0,1.0,1367
3369,0.8633499126372387,0.0065711647682888275,0.00019669532775878906,0.7421663886644474,0.7856164828032497,1.0,1.0,1368
3370,0.8635180374783331,0.006569968815055523,0.00019502639770507812,0.7421730705770063,0.7856113923677783,1.0,1.0,1369
3371,0.8629494283116756,0.00656877394934911,0.00019598007202148438,0.7421797687630075,0.7856063607001229,1.0,1.0,1370
3372,0.8629896062887296,0.006567580169390805,0.0002110004425048828,0.742186213655282,0.7856014765677233,1.0,1.0,1371
3373,0.8623748687854057,0.006566387473406031,0.0001983642578125,0.7421926513114644,0.7855965976168569,1.0,1.0,1372
3374,0.8620524252698398,0.00656519585962439,0.00019812583923339844,0.7421985683759488,0.7855904482769307,1.0,1.0,1373
3375,0.8618982364013119,0.00656400532627966,0.0001983642578125,0.7422048497202424,0.7855843274786198,1.0,1.0,1374
3376,0.8616672262719922,0.0065628158716097805,0.00020885467529296875,0.7422106602690041,0.7855781403772193,1.0,1.0,1375
3377,0.8616941139065996,0.006561627493856839,0.0001964569091796875,0.7422161569797254,0.78557201500967,1.0,1.0,1376
3378,0.8625395281873756,0.006560440191267058,0.0001976490020751953,0.742222170598076,0.7855655344490855,1.0,1.0,1377
3379,0.8621235718409903,0.00655925396209078,0.00019788742065429688,0.7422283782147651,0.7855592482736787,1.0,1.0,1378
3380,0.8617089707365974,0.006558068804582461,0.00020003318786621094,0.742234793506083,0.7855530192741906,1.0,1.0,1379
3381,0.8618216757421377,0.006556884717000652,0.00021004676818847656,0.742241557699669,0.7855460237401833,1.0,1.0,1380
3382,0.8612117492148692,0.006555701697607991,0.00019669532775878906,0.7422483143533185,0.7855390356614188,1.0,1.0,1381
3383,0.8609111870460743,0.006554519744671182,0.00019669532775878906,0.7422551593586303,0.7855322106389738,1.0,1.0,1382
3384,0.8603027941840817,0.0065533388564609964,0.00019478797912597656,0.7422619967473864,0.7855253928755971,1.0,1.0,1383
3385,0.8618116782437322,0.006552159031252247,0.00021076202392578125,0.7422686796542439,0.7855176865668188,1.0,1.0,1384
3386,0.8612034374009081,0.006550980267323785,0.0001964569091796875,0.7422753551330962,0.7855099884689787,1.0,1.0,1385
3387,0.860901899818142,0.0065498025629584814,0.00019741058349609375,0.7422828240420671,0.7855038863458021,1.0,1.0,1386
3388,0.8608765462421495,0.00654862591644322,0.0001983642578125,0.742289130267821,0.7854956209570274,1.0,1.0,1387
3389,0.8612223415992915,0.006547450326068879,0.00019741058349609375,0.7422952850357228,0.785487059799311,1.0,1.0,1388
3390,0.8613247446262803,0.006546275790130325,0.0001983642578125,0.7423019896596146,0.785479389823116,1.0,1.0,1389
3391,0.8610328392994165,0.006545102306926399,0.00019669532775878906,0.7423083683377026,0.7854681692552579,1.0,1.0,1390
3392,0.8604274178334664,0.006543929874759902,0.00019860267639160156,0.742315277197936,0.7854584309319654,1.0,1.0,1391
3393,0.8598228630655295,0.006542758491937583,0.00019407272338867188,0.7423221784231194,0.7854487029844995,1.0,1.0,1392
3394,0.8607194004420087,0.006541588156770131,0.0002067089080810547,0.7423292973672432,0.7854379807974979,1.0,1.0,1393
3395,0.8603491013708453,0.006540418867572159,0.0001971721649169922,0.7423354614460819,0.7854264268662103,1.0,1.0,1394
3396,0.8599492141719488,0.006539250622662195,0.00020122528076171875,0.7423418238348063,0.785414698489032,1.0,1.0,1395
3397,0.8598386814536996,0.0065380834203626675,0.00019931793212890625,0.7423482665723157,0.7854030229039453,1.0,1.0,1396
3398,0.8600664656778025,0.006536917258999894,0.00020956993103027344,0.742354605273984,0.7853914430933842,1.0,1.0,1397
3399,0.8602354624312095,0.006535752136904072,0.0001983642578125,0.7423609005844236,0.7853800737880005,1.0,1.0,1398
3400,0.8608773722981539,0.006534588052409264,0.0002009868621826172,0.7423669289377812,0.785368986521616,1.0,1.0,1399
3401,0.857209691582658,0.00653342500385339,2.204178810119629,0.7881215313633035,0.7683705950357418,1.0,1.0,1400
3402,0.8580049271340228,0.006532262989578206,0.00032782554626464844,0.7881193808054079,0.7683730978043107,1.0,1.0,1401
3403,0.8574284671923351,0.006531102007929307,0.00022292137145996094,0.7881179877040779,0.768373211163457,1.0,1.0,1402
3404,0.8570139290973887,0.006529942057256106,0.0002124309539794922,0.7881162751200873,0.768373542187048,1.0,1.0,1403
3405,0.8573472214053686,0.006528783135911819,0.0002067089080810547,0.7881143746672273,0.7683742555486109,1.0,1.0,1404
3406,0.8567521893987002,0.006527625242253464,0.00021839141845703125,0.7881124762229187,0.7683749679663113,1.0,1.0,1405
3407,0.8568960238419943,0.006526468374641845,0.00020432472229003906,0.7881109013398736,0.7683755104088416,1.0,1.0,1406
3408,0.8566045941775607,0.006525312531441538,0.00020313262939453125,0.7881094631781994,0.7683762774669353,1.0,1.0,1407
3409,0.8561299984850097,0.0065241577110208785,0.0002048015594482422,0.7881082121624579,0.7683769304914674,1.0,1.0,1408
3410,0.8564604097762938,0.006523003911751959,0.00020432472229003906,0.7881064712360044,0.768377670817273,1.0,1.0,1409
3411,0.8558747413064164,0.0065218511320106086,0.000202178955078125,0.7881049613141495,0.768378347647219,1.0,1.0,1410
3412,0.8552831834212781,0.006520699370176385,0.0002028942108154297,0.7881034529742457,0.768379023576363,1.0,1.0,1411
3413,0.8546924591323931,0.006519548624632568,0.0002033710479736328,0.7881019462135154,0.768379698606536,1.0,1.0,1412
3414,0.8541025666765104,0.006518398893766136,0.00020551681518554688,0.7881004410291887,0.7683803727395638,1.0,1.0,1413
3415,0.8559023258395393,0.0065172501759677695,0.00021839141845703125,0.7880993533933517,0.7683819676209578,1.0,1.0,1414
3416,0.8554672078274099,0.006516102469631829,0.00020384788513183594,0.788098416231152,0.7683835924270588,1.0,1.0,1415
3417,0.8548780010099503,0.0065149557731563525,0.00020360946655273438,0.7880974800347635,0.7683852153265007,1.0,1.0,1416
3418,0.8572130825059082,0.006513810084943037,0.0002040863037109375,0.788095709801145,0.7683884434191193,1.0,1.0,1417
3419,0.8566233923201546,0.00651266540339723,0.00021505355834960938,0.7880939414199075,0.7683916679028238,1.0,1.0,1418
3420,0.8560555844779089,0.006511521726927923,0.00020265579223632812,0.7880924251548742,0.768394201784818,1.0,1.0,1419
3421,0.8581105419303163,0.0065103790539477345,0.00020265579223632812,0.7880908182752148,0.7683978781175052,1.0,1.0,1420
3422,0.8575569875488617,0.006509237382872904,0.00020360946655273438,0.7880894117880834,0.7684017519516775,1.0,1.0,1421
3423,0.8591428289210014,0.006508096712123275,0.000217437744140625,0.7880876800900191,0.7684035785123706,1.0,1.0,1422
3424,0.8587386841253782,0.006506957040122291,0.0002014636993408203,0.7880861255042695,0.7684054676067066,1.0,1.0,1423
3425,0.8583866643821009,0.006505818365296984,0.00019931793212890625,0.7880842683633403,0.7684069624714863,1.0,1.0,1424
3426,0.859230943095544,0.006504680686077957,0.0002028942108154297,0.7880833700752025,0.7684102336878837,1.0,1.0,1425
3427,0.8591258917211306,0.006503544000899384,0.00020503997802734375,0.7880819962025116,0.7684116097056082,1.0,1.0,1426
3428,0.861576419599457,0.006502408308198986,0.00021529197692871094,0.7880806642711601,0.7684160844684077,1.0,1.0,1427
3429,0.8618818719435972,0.006501273606418036,0.00020074844360351562,0.78807890726991,0.7684187591068291,1.0,1.0,1428
3430,0.8612934482376448,0.006500139894001336,0.0002040863037109375,0.7880776044471746,0.76842360683547,1.0,1.0,1429
3431,0.8613394702503399,0.006499007169397213,0.00020384788513183594,0.7880760594553496,0.7684263977332146,1.0,1.0,1430
3432,0.8607794691329541,0.006497875431057505,0.00021529197692871094,0.7880742312162877,0.7684291531529227,1.0,1.0,1431
3433,0.8603139589762926,0.006496744677437556,0.00020551681518554688,0.7880722882124167,0.7684316565174715,1.0,1.0,1432
3434,0.8600135404117631,0.006495614906996195,0.00020503997802734375,0.7880706058972617,0.7684344293131127,1.0,1.0,1433
3435,0.8594837164915321,0.006494486118195741,0.00020194053649902344,0.7880689479366041,0.7684371140463746,1.0,1.0,1434
3436,0.8588994093888981,0.006493358309501977,0.0002155303955078125,0.7880673862312682,0.7684400205024323,1.0,1.0,1435
3437,0.8590978945686533,0.006492231479384155,0.00020456314086914062,0.7880655659070567,0.7684426300213798,1.0,1.0,1436
3438,0.8591251363985793,0.00649110562631497,0.000202178955078125,0.788063172742204,0.7684447988560912,1.0,1.0,1437
3439,0.8585423276754848,0.006489980748770563,0.00020241737365722656,0.7880611359359122,0.7684488969738564,1.0,1.0,1438
3440,0.8588379966685122,0.006488856845230502,0.00020122528076171875,0.7880578751730423,0.7684497124715013,1.0,1.0,1439
3441,0.859014600176869,0.006487733914177778,0.0002162456512451172,0.7880547720032925,0.7684524107731925,1.0,1.0,1440
3442,0.8590261694273524,0.006486611954098794,0.0002040863037109375,0.7880515849813453,0.7684551149774868,1.0,1.0,1441
3443,0.8593012336756496,0.006485490963483347,0.00020265579223632812,0.7880482121088467,0.7684575184319553,1.0,1.0,1442
3444,0.8591598273238523,0.006484370940824633,0.0002014636993408203,0.7880447359995211,0.7684600950175273,1.0,1.0,1443
3445,0.8591277354820395,0.006483251884619222,0.00021338462829589844,0.7880411022437014,0.7684630341366849,1.0,1.0,1444
3446,0.858547654436305,0.006482133793367059,0.0002033710479736328,0.7880374722548441,0.7684659700217122,1.0,1.0,1445
3447,0.8583076393512186,0.006481016665571446,0.0002067089080810547,0.7880339252705488,0.768468855064745,1.0,1.0,1446
3448,0.8580688989429216,0.006479900499739039,0.00020384788513183594,0.7880305086460484,0.7684718210270808,1.0,1.0,1447
3449,0.8574907200869262,0.006478785294379831,0.00021338462829589844,0.7880270955541095,0.7684747837335499,1.0,1.0,1448
3450,0.8569133352190208,0.006477671048007152,0.00020623207092285156,0.7880236859886318,0.7684777431900076,1.0,1.0,1449
3451,0.8564402233830208,0.00647655775913765,0.0002033710479736328,0.7880204700995354,0.7684806881819795,1.0,1.0,1450
3452,0.8558770043606301,0.006475445426291287,0.0002028942108154297,0.7880174311688407,0.7684838404275868,1.0,1.0,1451
3453,0.8553502299173058,0.006474334047991322,0.0002028942108154297,0.7880146474763629,0.768487126106389,1.0,1.0,1452
3454,0.8547759104659101,0.0064732236227643125,0.00020456314086914062,0.7880118666459773,0.7684904082066656,1.0,1.0,1453
3455,0.8547547981541856,0.006472114149140098,0.0002052783966064453,0.7880083986743479,0.7684913939179867,1.0,1.0,1454
3456,0.8566864011087475,0.006471005625651789,0.00020599365234375,0.7880045228708772,0.7684959276252955,1.0,1.0,1455
3457,0.8570053749981145,0.006469898050835762,0.00020551681518554688,0.7880003773216293,0.7684980439521449,1.0,1.0,1456
3458,0.8608469638188964,0.0064687914232316466,0.00021696090698242188,0.7879959130497701,0.7685016447645978,1.0,1.0,1457
3459,0.8603258620792822,0.006467685741382321,0.00020694732666015625,0.7879916498868224,0.7685054412870957,1.0,1.0,1458
3460,0.8610207522168889,0.006466581003833891,0.00020766258239746094,0.7879872138829984,0.7685094900135465,1.0,1.0,1459
3461,0.8606534485968783,0.006465477209135698,0.00020575523376464844,0.7879829229563066,0.768513736737446,1.0,1.0,1460
3462,0.8602930685715215,0.006464374355840295,0.00021910667419433594,0.7879786073151854,0.7685176513814317,1.0,1.0,1461
3463,0.8598306276825742,0.006463272442503442,0.0002079010009765625,0.7879740878533797,0.7685198406044903,1.0,1.0,1462
3464,0.8593950488467259,0.006462171467684098,0.00020647048950195312,0.7879700345800649,0.7685241169038961,1.0,1.0,1463
3465,0.8599916025957172,0.006461071429944414,0.00020575523376464844,0.7879663136282977,0.7685279800465298,1.0,1.0,1464
3466,0.8633122412541718,0.006459972327849716,0.0002243518829345703,0.7879611806438492,0.7685324050286354,1.0,1.0,1465
3467,0.8629775984544542,0.006458874159968506,0.00021719932556152344,0.7879561309734123,0.7685364037303775,1.0,1.0,1466
3468,0.8624031281875923,0.006457776924872441,0.00020933151245117188,0.7879514299340481,0.7685422730358442,1.0,1.0,1467
3469,0.8618474418367484,0.006456680621136335,0.00021076202392578125,0.7879461717131426,0.7685465446242321,1.0,1.0,1468
3470,0.8622316461187624,0.006455585247338142,0.0002219676971435547,0.7879407639211045,0.7685512609303033,1.0,1.0,1469
3471,0.8624867752010572,0.006454490802058954,0.00021123886108398438,0.7879353175566385,0.7685562019986187,1.0,1.0,1470
3472,0.8624724776684625,0.0064533972838829844,0.0002086162567138672,0.787930046311134,0.7685609058458123,1.0,1.0,1471
3473,0.8619280580679778,0.006452304691397566,0.00020766258239746094,0.7879253712092934,0.7685656841166257,1.0,1.0,1472
3474,0.8621127622173198,0.006451213023193133,0.00021028518676757812,0.7879201818818464,0.7685712211608606,1.0,1.0,1473
3475,0.862148623631446,0.006450122277863226,0.00022220611572265625,0.7879151995937668,0.7685769731121845,1.0,1.0,1474
3476,0.8620314722966067,0.006449032454004469,0.00020694732666015625,0.7879102652391557,0.7685824251769366,1.0,1.0,1475
3477,0.8616414976565948,0.006447943550216567,0.0002090930938720703,0.7879052428876381,0.7685872826156737,1.0,1.0,1476
3478,0.8611082184707587,0.0064468555651023,0.00020956993103027344,0.7879005471280215,0.7685913993662552,1.0,1.0,1477
3479,0.8608253000544607,0.006445768497267506,0.0002231597900390625,0.7878961408265834,0.7685956403704053,1.0,1.0,1478
3480,0.8603431572654695,0.006444682345321079,0.00020742416381835938,0.787891795155156,0.7685999935867034,1.0,1.0,1479
3481,0.8599864570056661,0.006443597107874961,0.00020742416381835938,0.7878876348341408,0.7686041381842454,1.0,1.0,1480
3482,0.8597704847062426,0.006442512783544126,0.00021028518676757812,0.7878837420336515,0.7686083481207194,1.0,1.0,1481
3483,0.8598734139437888,0.006441429370946581,0.0002181529998779297,0.787879488399829,0.7686128579235233,1.0,1.0,1482
3484,0.859375318810677,0.0064403468687033475,0.00020813941955566406,0.7878755114787346,0.7686191039163367,1.0,1.0,1483
3485,0.8601587863544343,0.00643926527543846,0.00021076202392578125,0.7878712573899697,0.7686231819806847,1.0,1.0,1484
3486,0.8595931887179362,0.006438184589778953,0.00021219253540039062,0.7878670974175509,0.7686274692364949,1.0,1.0,1485
3487,0.8595016567883343,0.006437104810354858,0.000225067138671875,0.7878627117167132,0.7686328059108214,1.0,1.0,1486
3488,0.8590887599988827,0.006436025935799189,0.0002090930938720703,0.7878581654355518,0.7686364380795956,1.0,1.0,1487
3489,0.8591877043938109,0.006434947964747936,0.00021076202392578125,0.7878541696059261,0.7686421251803537,1.0,1.0,1488
3490,0.8588745003036252,0.006433870895840058,0.00021028518676757812,0.7878499978708834,0.7686459261994056,1.0,1.0,1489
3491,0.8584020659062557,0.006432794727717475,0.0002205371856689453,0.7878464629204679,0.768651929453099,1.0,1.0,1490
3492,0.8578399814277874,0.006431719459025054,0.00021123886108398438,0.7878425070205572,0.7686558843529884,1.0,1.0,1491
3493,0.8580217379780847,0.006430645088410609,0.00021004676818847656,0.78783951926985,0.7686590911359679,1.0,1.0,1492
3494,0.8575646697157867,0.006429571614524886,0.0002200603485107422,0.787836420391566,0.7686609309315305,1.0,1.0,1493
3495,0.8572609934775884,0.006428499036021558,0.00022721290588378906,0.7878339014447172,0.7686648785829839,1.0,1.0,1494
3496,0.8584434363740387,0.006427427351557213,0.0002124309539794922,0.7878313260557422,0.7686688024834649,1.0,1.0,1495
3497,0.8583356568029505,0.006426356559791355,0.00021266937255859375,0.7878282621253478,0.7686724344385029,1.0,1.0,1496
3498,0.858299743560041,0.006425286659386384,0.00021266937255859375,0.7878252131763339,0.7686758866888002,1.0,1.0,1497
3499,0.8590286645815784,0.006424217649007592,0.0002129077911376953,0.7878212050095993,0.7686799366404375,1.0,1.0,1498
3500,0.8584693412525232,0.00642314952732316,0.00021386146545410156,0.7878172008523181,0.7686839823571553,1.0,1.0,1499
3501,0.8579918710114024,0.006422082293004144,0.0002105236053466797,0.7878129067291255,0.7686890582186681,1.0,1.0,1500
3502,0.8582675855087422,0.0064210159447244675,0.00021409988403320312,0.7878082949580488,0.7686938181715938,1.0,1.0,1501
3503,0.8587514932149282,0.006419950481160917,0.00021719932556152344,0.7878040252510345,0.7686985489487751,1.0,1.0,1502
3504,0.8590715515584753,0.00641888590099313,0.00022530555725097656,0.7877997020577138,0.7687027318580871,1.0,1.0,1503
3505,0.8585783645271806,0.006417822202903586,0.0002162456512451172,0.7877951262214146,0.7687068515304722,1.0,1.0,1504
3506,0.8582368207246026,0.0064167593855776065,0.0002162456512451172,0.7877903704446626,0.7687111678694291,1.0,1.0,1505
3507,0.857777036251319,0.006415697447703336,0.0002110004425048828,0.7877857276960631,0.7687156386768044,1.0,1.0,1506
3508,0.8572213143704205,0.006414636387971744,0.00022864341735839844,0.7877810017076738,0.7687198959967614,1.0,1.0,1507
3509,0.8570742321775127,0.006413576205076607,0.00021266937255859375,0.7877769413833339,0.7687225312191782,1.0,1.0,1508
3510,0.856519757901101,0.006412516897714514,0.000213623046875,0.7877728850939618,0.7687251636503478,1.0,1.0,1509
3511,0.8560742415130366,0.006411458464584843,0.00021505355834960938,0.7877689886835424,0.7687279996198949,1.0,1.0,1510
3512,0.8557606655130164,0.006410400904389766,0.0002269744873046875,0.7877652765697769,0.7687311860949047,1.0,1.0,1511
3513,0.8552179290279417,0.006409344215834233,0.00021576881408691406,0.7877616864382793,0.7687343377141153,1.0,1.0,1512
3514,0.8551821121454392,0.006408288397625971,0.00021219253540039062,0.7877579516126478,0.7687376132654752,1.0,1.0,1513
3515,0.8547712682280663,0.006407233448475468,0.000213623046875,0.7877544024366512,0.7687410198363619,1.0,1.0,1514
3516,0.8542204741179448,0.006406179367095973,0.0002219676971435547,0.7877505268478437,0.7687444206863141,1.0,1.0,1515
3517,0.853775196991409,0.006405126152203486,0.0002124309539794922,0.7877468796676856,0.7687479752140202,1.0,1.0,1516
3518,0.8534904004345405,0.0064040738025167455,0.0002129077911376953,0.7877434391707422,0.7687516987656267,1.0,1.0,1517
3519,0.8537773199314741,0.0064030223167572285,0.00021219253540039062,0.7877406289100619,0.7687544814188044,1.0,1.0,1518
3520,0.8536135107067075,0.0064019716936491375,0.0002205371856689453,0.787738193710425,0.7687573224339449,1.0,1.0,1519
3521,0.853928833284231,0.0064009219319193945,0.00021219253540039062,0.7877355604679944,0.7687602251004719,1.0,1.0,1520
3522,0.8538310179092046,0.0063998730302976346,0.00021314620971679688,0.7877328989684759,0.7687631967461229,1.0,1.0,1521
3523,0.8532998200821514,0.006398824987516197,0.0002110004425048828,0.7877302997684731,0.7687664271121466,1.0,1.0,1522
3524,0.8527526924004036,0.006397777802310117,0.00022459030151367188,0.7877277031164133,0.7687696541199933,1.0,1.0,1523
3525,0.8531622810561766,0.00639673147341712,0.0002143383026123047,0.7877263254980967,0.7687715748067189,1.0,1.0,1524
3526,0.8532664677642549,0.006395685999577613,0.00021839141845703125,0.7877250580190084,0.768773327570083,1.0,1.0,1525
3527,0.8535699024953837,0.006394641379534678,0.00021719932556152344,0.7877237479854037,0.7687753240575058,1.0,1.0,1526
3528,0.8533744994601123,0.006393597612034063,0.00022602081298828125,0.7877224122781203,0.7687775865130937,1.0,1.0,1527
3529,0.8531348641345726,0.006392554695824179,0.0002162456512451172,0.7877209260758826,0.7687797266157097,1.0,1.0,1528
3530,0.8525899367585359,0.006391512629656084,0.00021457672119140625,0.7877194413206413,0.768781864451083,1.0,1.0,1529
3531,0.8523411440619676,0.006390471412283485,0.00021386146545410156,0.7877180507583287,0.7687841212833451,1.0,1.0,1530
3532,0.8522136716928093,0.006389431042462724,0.00021386146545410156,0.7877165172394582,0.7687860285387373,1.0,1.0,1531
3533,0.8516705256033307,0.0063883915189527785,0.00021600723266601562,0.7877149852113766,0.7687879337695251,1.0,1.0,1532
3534,0.8527121583315254,0.006387352840515242,0.0002155303955078125,0.7877135508206726,0.7687898952911044,1.0,1.0,1533
3535,0.8523019358912005,0.006386315005914329,0.0002129077911376953,0.7877121034850331,0.7687917824801742,1.0,1.0,1534
3536,0.8520537780413237,0.00638527801391686,0.00021576881408691406,0.7877108740095952,0.76879361718538,1.0,1.0,1535
3537,0.8535419510306159,0.0063842418632922586,0.00022745132446289062,0.7877095703318561,0.7687952537718471,1.0,1.0,1536
3538,0.8529996738942092,0.006383206552812541,0.00021576881408691406,0.7877082679144859,0.768796888608945,1.0,1.0,1537
3539,0.8526804052504534,0.006382172081252313,0.0002162456512451172,0.78770667795391,0.7687982975739973,1.0,1.0,1538
3540,0.8523876852985361,0.006381138447388758,0.0002155303955078125,0.7877052370999568,0.7687997881557085,1.0,1.0,1539
3541,0.8521000711372247,0.006380105650001632,0.00022411346435546875,0.7877040094836238,0.7688013625322722,1.0,1.0,1540
3542,0.8525914497037539,0.006379073687873259,0.00021600723266601562,0.7877028879450373,0.768802994147569,1.0,1.0,1541
3543,0.852051574945997,0.0063780425597885215,0.0002129077911376953,0.7877017674841992,0.7688046240236455,1.0,1.0,1542
3544,0.8515379936018216,0.006377012264534852,0.00021719932556152344,0.7877007772666168,0.7688063737965575,1.0,1.0,1543
3545,0.8512814836929998,0.006375982800902227,0.0002243518829345703,0.7876999077590924,0.7688082486313463,1.0,1.0,1544
3546,0.8528488943673922,0.0063749541676831655,0.00021576881408691406,0.7876990885524481,0.7688102309858355,1.0,1.0,1545
3547,0.8545461030129777,0.006373926363672713,0.000217437744140625,0.7876978753949271,0.7688125161983966,1.0,1.0,1546
3548,0.8549390874144126,0.006372899387668439,0.0002181529998779297,0.7876956661299923,0.7688139779310794,1.0,1.0,1547
3549,0.8544282479896876,0.006371873238470431,0.00022745132446289062,0.7876936812978158,0.7688152938328698,1.0,1.0,1548
3550,0.8552308971297923,0.00637084791488129,0.0002162456512451172,0.7876918810744016,0.7688165921320755,1.0,1.0,1549
3551,0.8550910672750881,0.006369823415706114,0.00021767616271972656,0.7876897704825345,0.768818125821805,1.0,1.0,1550
3552,0.854724497689198,0.0063687997397525,0.0002155303955078125,0.7876875622651521,0.7688195355378837,1.0,1.0,1551
3553,0.8549595046917742,0.006367776885830535,0.00023055076599121094,0.787685565182349,0.7688206742619559,1.0,1.0,1552
3554,0.8558823012379336,0.00636675485275279,0.00021600723266601562,0.7876828425420896,0.76882138509635,1.0,1.0,1553
3555,0.8554616274168236,0.006365733639334309,0.00021910667419433594,0.7876802996872055,0.7688221815735933,1.0,1.0,1554
3556,0.8560014829369933,0.006364713244392607,0.0002193450927734375,0.78767726907487,0.7688223049696303,1.0,1.0,1555
3557,0.8575683218790461,0.0063636936667476615,0.00023174285888671875,0.7876747350389256,0.7688224281188704,1.0,1.0,1556
3558,0.8571657456365634,0.006362674905221907,0.00021767616271972656,0.7876723107690637,0.7688226721322746,1.0,1.0,1557
3559,0.8567807041304005,0.006361656958640223,0.0002200603485107422,0.7876696409720866,0.7688226484752615,1.0,1.0,1558
3560,0.8562441213617501,0.006360639825829937,0.0002186298370361328,0.7876669737425249,0.7688226247070951,1.0,1.0,1559
3561,0.8565556068174839,0.006359623505620808,0.00023126602172851562,0.7876639381763519,0.7688223784608997,1.0,1.0,1560
3562,0.8561533051350316,0.006358607996845026,0.0002193450927734375,0.787660916852916,0.7688222080480975,1.0,1.0,1561
3563,0.8559255325429104,0.006357593298337204,0.00021982192993164062,0.7876577584330829,0.7688218958745321,1.0,1.0,1562
3564,0.8560114973325554,0.006356579408934371,0.0002205371856689453,0.7876539800815743,0.7688216658481761,1.0,1.0,1563
3565,0.8558439852007887,0.006355566327475963,0.00022983551025390625,0.7876500516877336,0.7688215854794157,1.0,1.0,1564
3566,0.8560153774477073,0.006354554052803824,0.00021600723266601562,0.7876452841446858,0.768820065100159,1.0,1.0,1565
3567,0.8560630128117318,0.00635354258376219,0.0002167224884033203,0.7876405201288823,0.7688174066664408,1.0,1.0,1566
3568,0.8555292059378556,0.006352531919197688,0.00021958351135253906,0.7876357606869345,0.7688147506627032,1.0,1.0,1567
3569,0.8564582045479835,0.00635152205795933,0.0002269744873046875,0.78763076939332,0.7688123177297832,1.0,1.0,1568
3570,0.8568377204551701,0.0063505129988985064,0.00021791458129882812,0.7876252148089284,0.7688103826660071,1.0,1.0,1569
3571,0.8575433647050499,0.0063495047408689735,0.00022077560424804688,0.7876197033161594,0.7688085805719007,1.0,1.0,1570
3572,0.8570098516312147,0.0063484972827268565,0.00021958351135253906,0.7876141971049071,0.7688067800798017,1.0,1.0,1571
3573,0.8573638506080006,0.006347490623330634,0.0002300739288330078,0.7876086058471629,0.7688052943806715,1.0,1.0,1572
3574,0.8575164400686202,0.006346484761541141,0.000217437744140625,0.7876028808233783,0.768804558054221,1.0,1.0,1573
3575,0.8572186854713724,0.006345479696221558,0.0002186298370361328,0.7875973091403189,0.7688037064499206,1.0,1.0,1574
3576,0.8588667946365477,0.006344475426237398,0.0002181529998779297,0.7875908536253678,0.7688039052189783,1.0,1.0,1575
3577,0.8598465609490419,0.006343471950456512,0.00022935867309570312,0.7875846193602495,0.7688045602900899,1.0,1.0,1576
3578,0.859742213038556,0.006342469267749078,0.000217437744140625,0.7875785005445829,0.7688055178756186,1.0,1.0,1577
3579,0.8592095119834816,0.00634146737698759,0.0002205371856689453,0.7875723875690395,0.7688064744157012,1.0,1.0,1578
3580,0.8602550275129482,0.0063404662770468615,0.00021886825561523438,0.78756684546075,0.7688064008466284,1.0,1.0,1579
3581,0.859722687480579,0.006339465966804007,0.00022840499877929688,0.7875613086337501,0.7688063272207611,1.0,1.0,1580
3582,0.8594621539765213,0.006338466445138448,0.00022077560424804688,0.787555964057177,0.7688064330213767,1.0,1.0,1581
3583,0.8590090376796017,0.006337467710931899,0.0002238750457763672,0.7875504277614147,0.7688063522816607,1.0,1.0,1582
3584,0.8594550235685281,0.0063364697630683645,0.0002224445343017578,0.7875448874392162,0.7688064980697104,1.0,1.0,1583
3585,0.8590433542679988,0.006335472600434131,0.0002300739288330078,0.7875393650803207,0.7688065368698329,1.0,1.0,1584
3586,0.8589183214109778,0.006334476221917763,0.00022292137145996094,0.7875338810773713,0.7688062253533562,1.0,1.0,1585
3587,0.8584649952933684,0.006333480626410096,0.0002224445343017578,0.7875285221819017,0.7688060005400449,1.0,1.0,1586
3588,0.8579362204148688,0.00633248581280423,0.00022101402282714844,0.7875231683698212,0.7688057758129533,1.0,1.0,1587
3589,0.857455158987449,0.006331491779995523,0.00023412704467773438,0.7875172018453973,0.7688056574214366,1.0,1.0,1588
3590,0.8570648822712623,0.006330498526881587,0.00022029876708984375,0.7875114365693533,0.7688056850415862,1.0,1.0,1589
3591,0.8571664892668923,0.0063295060523622815,0.00022172927856445312,0.7875053212268162,0.7688063314054915,1.0,1.0,1590
3592,0.856834848785595,0.006328514355339704,0.00022077560424804688,0.7874994002581225,0.7688069112450441,1.0,1.0,1591
3593,0.8566734310262178,0.00632752343471819,0.00023508071899414062,0.7874934663798715,0.7688076239633307,1.0,1.0,1592
3594,0.8561580758415714,0.0063265332894043005,0.0002219676971435547,0.7874876591359853,0.7688085504362863,1.0,1.0,1593
3595,0.855829733683713,0.006325543918306822,0.00022220611572265625,0.7874808641970873,0.7688080818289859,1.0,1.0,1594
3596,0.8553050232831505,0.006324555320336759,0.00021910667419433594,0.7874741777861807,0.76880782194262,1.0,1.0,1595
3597,0.8548747789758286,0.006323567494407323,0.00023484230041503906,0.787467626939609,0.7688076962381922,1.0,1.0,1596
3598,0.854977693484985,0.006322580439433935,0.0002238750457763672,0.7874608346141738,0.7688065825333797,1.0,1.0,1597
3599,0.8562579571681772,0.006321594154334214,0.00022268295288085938,0.78745411413865,0.7688063541424911,1.0,1.0,1598
3600,0.8573801685287455,0.00632060863802797,0.00021886825561523438,0.7874467882921071,0.768806499554467,1.0,1.0,1599
3601,0.8506475726672417,0.006319623889437206,2.2013607025146484,0.741079652364953,0.782863524645138,1.0,1.0,1600
3602,0.8516512913602233,0.006318639907486101,0.00036334991455078125,0.7410762165741508,0.7828679796358553,1.0,1.0,1601
3603,0.8511346850055098,0.006317656691101017,0.00029158592224121094,0.7410741398503294,0.7828661751274373,1.0,1.0,1602
3604,0.8514488300818529,0.006316674239210482,0.00025200843811035156,0.7410716846630672,0.7828651240245144,1.0,1.0,1603
3605,0.8524901882490495,0.006315692550745188,0.00024175643920898438,0.7410690100146925,0.7828646687696396,1.0,1.0,1604
3606,0.8519715492262174,0.006314711624637989,0.0002377033233642578,0.7410659819795246,0.7828657416924915,1.0,1.0,1605
3607,0.8526163334204296,0.00631373145982389,0.00024175643920898438,0.7410626764186935,0.7828665520855361,1.0,1.0,1606
3608,0.8524919371107147,0.0063127520552400465,0.00022983551025390625,0.741058654970023,0.7828631657667562,1.0,1.0,1607
3609,0.8529115211069619,0.006311773409825753,0.0002262592315673828,0.74105492716118,0.7828637407574501,1.0,1.0,1608
3610,0.8526110975715882,0.006310795522522442,0.0002281665802001953,0.7410519191790201,0.7828611541685152,1.0,1.0,1609
3611,0.8529035266017646,0.006309818392273676,0.00022864341735839844,0.7410489204966706,0.7828645200981225,1.0,1.0,1610
3612,0.8525184660870124,0.006308842018025144,0.00022554397583007812,0.7410452236796536,0.7828593719832257,1.0,1.0,1611
3613,0.8538591513617864,0.006307866398724652,0.00022482872009277344,0.7410414243165238,0.7828638161031671,1.0,1.0,1612
3614,0.853352128290391,0.006306891533322122,0.0002315044403076172,0.7410368244444335,0.7828620197990134,1.0,1.0,1613
3615,0.8528872610462647,0.006305917420769584,0.00022411346435546875,0.7410330588534714,0.7828644200931052,1.0,1.0,1614
3616,0.8541336164633178,0.006304944060021172,0.0002276897430419922,0.7410289246260731,0.7828629079462297,1.0,1.0,1615
3617,0.8536505848447116,0.006303971450033116,0.0002269744873046875,0.7410252802358096,0.7828654887440797,1.0,1.0,1616
3618,0.8531759306995738,0.0063029995897637345,0.00023293495178222656,0.7410210269555151,0.7828659383622971,1.0,1.0,1617
3619,0.8532984452742182,0.006302028478173441,0.00022554397583007812,0.7410168239451604,0.7828667771604867,1.0,1.0,1618
3620,0.8530172387794608,0.006301058114224723,0.00022602081298828125,0.7410122356493997,0.782867261068188,1.0,1.0,1619
3621,0.8527855035861777,0.006300088496882144,0.00022649765014648438,0.7410075628292222,0.7828660098955907,1.0,1.0,1620
3622,0.8522716315735233,0.006299119625112339,0.00023698806762695312,0.7410029640978216,0.7828665867025125,1.0,1.0,1621
3623,0.8540394335849684,0.006298151497884012,0.00022935867309570312,0.7409992455023867,0.7828696609020076,1.0,1.0,1622
3624,0.8536183473168106,0.006297184114167917,0.00022530555725097656,0.7409950473565927,0.7828704630409505,1.0,1.0,1623
3625,0.8540049945535566,0.006296217472936869,0.0002281665802001953,0.7409906037037638,0.7828711449457343,1.0,1.0,1624
3626,0.8534916157267458,0.006295251573165729,0.00024056434631347656,0.7409861640608242,0.7828718260755491,1.0,1.0,1625
3627,0.8530181255844171,0.006294286413831403,0.0002295970916748047,0.7409819159196829,0.7828719749044564,1.0,1.0,1626
3628,0.8529547037252323,0.0062933219939128315,0.0002334117889404297,0.7409775266925114,0.782872040447576,1.0,1.0,1627
3629,0.8539456834288192,0.00629235831239099,0.0002307891845703125,0.740973338204992,0.7828724705801793,1.0,1.0,1628
3630,0.8534336045223047,0.006291395368248881,0.00024056434631347656,0.7409691534810497,0.7828729001740073,1.0,1.0,1629
3631,0.8529221510499122,0.00629043316047153,0.00023221969604492188,0.7409649725150013,0.7828733292300469,1.0,1.0,1630
3632,0.8532392369720276,0.006289471688045977,0.00023221969604492188,0.7409607330716245,0.7828740156288938,1.0,1.0,1631
3633,0.8532789608098242,0.0062885109499612735,0.0002243518829345703,0.7409566308290966,0.7828742925626176,1.0,1.0,1632
3634,0.8536401029834643,0.006287550945208481,0.00023651123046875,0.7409522938111643,0.7828744023561894,1.0,1.0,1633
3635,0.8537940471557492,0.006286591672780659,0.0002269744873046875,0.7409487331309085,0.7828755481757212,1.0,1.0,1634
3636,0.8534243081388015,0.006285633131672862,0.00022673606872558594,0.740944521800615,0.7828746457438805,1.0,1.0,1635
3637,0.85384207335477,0.006284675320882137,0.00022864341735839844,0.740939844936404,0.7828744992138803,1.0,1.0,1636
3638,0.8533324661469519,0.006283718239407519,0.00024080276489257812,0.7409351722695832,0.7828743526816094,1.0,1.0,1637
3639,0.8531865972849596,0.0062827618862500165,0.0002319812774658203,0.7409305229900965,0.7828742065152935,1.0,1.0,1638
3640,0.853650044618946,0.006281806260412623,0.000225067138671875,0.7409257526223836,0.7828743976042486,1.0,1.0,1639
3641,0.853141442538325,0.006280851360900292,0.00023174285888671875,0.7409209865309827,0.7828745883799404,1.0,1.0,1640
3642,0.8529825905149726,0.006279897186719947,0.0002262592315673828,0.7409162847327871,0.7828747930019685,1.0,1.0,1641
3643,0.8530162655504743,0.006278943736880475,0.00022864341735839844,0.7409113929574106,0.782874834138969,1.0,1.0,1642
3644,0.8534146728218042,0.006277991010392714,0.00022983551025390625,0.7409068409193565,0.7828769726258994,1.0,1.0,1643
3645,0.8530439364443579,0.00627703900626945,0.00023555755615234375,0.740901855494443,0.7828766321127881,1.0,1.0,1644
3646,0.8532174774174922,0.006276087723525419,0.00022673606872558594,0.7408970485940752,0.7828753559222029,1.0,1.0,1645
3647,0.8535370848634549,0.006275137161177294,0.00023365020751953125,0.7408928687652409,0.7828764058967398,1.0,1.0,1646
3648,0.853030571475841,0.006274187318243682,0.0002281665802001953,0.7408880696025144,0.7828752856264161,1.0,1.0,1647
3649,0.8525881884189608,0.006273238193745121,0.00023603439331054688,0.7408836296979334,0.7828764935455511,1.0,1.0,1648
3650,0.853563781400632,0.006272289786704076,0.00022792816162109375,0.7408796902189084,0.7828778756657158,1.0,1.0,1649
3651,0.8530582454572616,0.006271342096144931,0.0002269744873046875,0.7408754159306261,0.7828774691403605,1.0,1.0,1650
3652,0.852934001908146,0.006270395121093984,0.0002262592315673828,0.7408711514712149,0.7828772902209522,1.0,1.0,1651
3653,0.8525610213832533,0.006269448860579443,0.00024056434631347656,0.7408670075787359,0.7828772684685683,1.0,1.0,1652
3654,0.852381615444829,0.006268503313631422,0.00023055076599121094,0.7408622945015508,0.7828772506920382,1.0,1.0,1653
3655,0.8536269648554206,0.006267558479281937,0.00022912025451660156,0.7408573902372976,0.7828803772571805,1.0,1.0,1654
3656,0.85622531600117,0.006266614356564897,0.00022792816162109375,0.7408517779514997,0.782882535211304,1.0,1.0,1655
3657,0.8557883476916255,0.0062656709445161034,0.0002377033233642578,0.740846181506864,0.7828846434336735,1.0,1.0,1656
3658,0.8555510312100407,0.006264728242173242,0.0002269744873046875,0.740840714325168,0.7828869212928962,1.0,1.0,1657
3659,0.855162898870146,0.006263786248575883,0.0002281665802001953,0.7408354446724563,0.7828893156889376,1.0,1.0,1658
3660,0.8548403147180115,0.006262844962765469,0.0002276897430419922,0.7408301933960013,0.782891674786788,1.0,1.0,1659
3661,0.8544040995176885,0.006261904383785315,0.00023818016052246094,0.7408250864727921,0.7828942030173235,1.0,1.0,1660
3662,0.8545692927083501,0.0062609645106806045,0.00023031234741210938,0.7408199483447779,0.7828964877088811,1.0,1.0,1661
3663,0.8540666549115236,0.006260025342498381,0.00022912025451660156,0.7408148147738909,0.7828987701886806,1.0,1.0,1662
3664,0.8544903718664826,0.0062590868782875465,0.0002295970916748047,0.7408095802150085,0.7829000459608336,1.0,1.0,1663
3665,0.8540775747779676,0.006258149117098855,0.00024175643920898438,0.740804451743684,0.7829013410939325,1.0,1.0,1664
3666,0.8540213770099586,0.006257212057984907,0.0002307891845703125,0.7407994174479612,0.7829028406770715,1.0,1.0,1665
3667,0.8540437349952077,0.006256275700000148,0.00023174285888671875,0.7407944976904514,0.782904527136289,1.0,1.0,1666
3668,0.8535429394661855,0.0062553400422008625,0.00023245811462402344,0.7407895822781668,0.7829062119331474,1.0,1.0,1667
3669,0.8531182240499589,0.006254405083645164,0.00023102760314941406,0.7407846903442484,0.7829080111274982,1.0,1.0,1668
3670,0.8526185828916855,0.006253470823393002,0.00023221969604492188,0.7407798027247735,0.7829098085589279,1.0,1.0,1669
3671,0.8525274071058361,0.006252537260506143,0.00023055076599121094,0.7407751391083761,0.7829112511451609,1.0,1.0,1670
3672,0.8520287635404835,0.00625160439404818,0.00024366378784179688,0.7407704795945403,0.7829126922934109,1.0,1.0,1671
3673,0.8516103870043976,0.006250672223084518,0.00023293495178222656,0.7407660182799886,0.7829142576851033,1.0,1.0,1672
3674,0.8526821160331644,0.006249740746682371,0.0002281665802001953,0.7407610716900237,0.7829169213682405,1.0,1.0,1673
3675,0.8534050546214507,0.006248809963910761,0.00023126602172851562,0.7407557045958321,0.7829201150741204,1.0,1.0,1674
3676,0.8529069080865495,0.006247879873840512,0.00024271011352539062,0.740750342231093,0.7829233057654408,1.0,1.0,1675
3677,0.8524504656978273,0.006246950475544243,0.0002338886260986328,0.7407446462423113,0.7829262274559398,1.0,1.0,1676
3678,0.8524708656127588,0.006246021768096366,0.00023484230041503906,0.7407388057918901,0.78292910487626,1.0,1.0,1677
3679,0.8519741635867187,0.006245093750573083,0.00023245811462402344,0.7407329704888025,0.7829319795721082,1.0,1.0,1678
3680,0.8514797144634124,0.006244166422052375,0.0002429485321044922,0.7407272025809607,0.7829348446896478,1.0,1.0,1679
3681,0.8509841985270267,0.006243239781614004,0.00022935867309570312,0.7407214397485771,0.7829377070965923,1.0,1.0,1680
3682,0.850495184931388,0.006242313828339508,0.0002295970916748047,0.7407157928949292,0.7829407967787995,1.0,1.0,1681
3683,0.8513441115945851,0.0062413885613121925,0.00023055076599121094,0.7407093819449361,0.7829449439598529,1.0,1.0,1682
3684,0.8512159959364028,0.006240463979617127,0.00024366378784179688,0.7407031921059645,0.7829490540446283,1.0,1.0,1683
3685,0.8511963765162723,0.006239540082341148,0.00023651123046875,0.7406971854962991,0.7829532112400078,1.0,1.0,1684
3686,0.8508828432465119,0.006238616868572841,0.00023555755615234375,0.7406913262839303,0.7829573711924297,1.0,1.0,1685
3687,0.8504105218299194,0.006237694337402546,0.00023317337036132812,0.7406856241940898,0.7829616444954766,1.0,1.0,1686
3688,0.8506124858393711,0.006236772487922357,0.00023555755615234375,0.7406799453289468,0.7829657185357866,1.0,1.0,1687
3689,0.851526826345701,0.0062358513192261,0.00023484230041503906,0.7406747681561521,0.7829691194390901,1.0,1.0,1688
3690,0.8510339585157953,0.006234930830409348,0.00023221969604492188,0.7406694615574273,0.7829727248925774,1.0,1.0,1689
3691,0.8512522380629955,0.006234011020569407,0.00024437904357910156,0.7406644993463598,0.7829744940134714,1.0,1.0,1690
3692,0.8508522569627037,0.006233091888805311,0.0002353191375732422,0.7406596895231252,0.7829763995954088,1.0,1.0,1691
3693,0.8503606925840227,0.006232173434217824,0.00023412704467773438,0.7406548838829192,0.7829783033440169,1.0,1.0,1692
3694,0.8507325021068671,0.0062312556559094255,0.00023317337036132812,0.7406496146617356,0.7829806520391377,1.0,1.0,1693
3695,0.8534169076898601,0.006230338552984318,0.00024509429931640625,0.7406440744661137,0.7829844315436102,1.0,1.0,1694
3696,0.8531378742946389,0.006229422124548414,0.00023365020751953125,0.7406386115712956,0.7829883371416723,1.0,1.0,1695
3697,0.8552086932615828,0.006228506369709334,0.0002357959747314453,0.7406335744189875,0.7829913824105862,1.0,1.0,1696
3698,0.8549252326265617,0.0062275912875764065,0.00023627281188964844,0.7406285637283141,0.7829946295176892,1.0,1.0,1697
3699,0.8550973912405373,0.006226676877260656,0.0002448558807373047,0.7406233917236483,0.7829981504892665,1.0,1.0,1698
3700,0.854642030029005,0.006225763137874805,0.00023698806762695312,0.7406181780414434,0.7830012696643831,1.0,1.0,1699
3701,0.8541504416952955,0.006224850068533267,0.00023436546325683594,0.7406129688853604,0.7830043859384332,1.0,1.0,1700
3702,0.8538082385962094,0.006223937668352144,0.00023174285888671875,0.7406079009390095,0.7830076556889547,1.0,1.0,1701
3703,0.8537370413509289,0.00622302593644922,0.00024580955505371094,0.7406030278874386,0.7830109301615371,1.0,1.0,1702
3704,0.8535989057717004,0.006222114871943958,0.00023436546325683594,0.7405978647869916,0.7830141558677864,1.0,1.0,1703
3705,0.8534492643009276,0.006221204473957498,0.0002334117889404297,0.7405926741625537,0.783017060119807,1.0,1.0,1704
3706,0.8555424905134017,0.0062202947416126475,0.00024700164794921875,0.7405878547876403,0.7830204048338264,1.0,1.0,1705
3707,0.8550522602581705,0.006219385674033884,0.00023245811462402344,0.7405830395751238,0.7830237464590397,1.0,1.0,1706
3708,0.8546220762191314,0.0062184772703473435,0.00023603439331054688,0.7405784169560948,0.7830270811138945,1.0,1.0,1707
3709,0.8541522259569813,0.0062175695296808236,0.00023818016052246094,0.7405739098584837,0.7830305253582813,1.0,1.0,1708
3710,0.8540016789002787,0.006216662451163775,0.0002453327178955078,0.7405695407643642,0.7830342604485161,1.0,1.0,1709
3711,0.8540863782481136,0.006215756033927299,0.00023436546325683594,0.7405649308365904,0.7830378388016979,1.0,1.0,1710
3712,0.8535984409830163,0.00621485027710414,0.00023436546325683594,0.7405603248728648,0.7830414138598644,1.0,1.0,1711
3713,0.8531110712567145,0.0062139451798286895,0.0002338886260986328,0.740555722867465,0.7830449856280052,1.0,1.0,1712
3714,0.8534815041236503,0.0062130407412369715,0.000244140625,0.7405509084819907,0.7830483516578323,1.0,1.0,1713
3715,0.8537478502153308,0.006212136960466649,0.0002357959747314453,0.7405456680436794,0.7830522242699627,1.0,1.0,1714
3716,0.8533146684670276,0.006211233836657011,0.0002391338348388672,0.7405405654847087,0.7830562390213385,1.0,1.0,1715
3717,0.8528520322135195,0.006210331368948972,0.00023698806762695312,0.7405356275350414,0.7830603994060834,1.0,1.0,1716
3718,0.8523663800664741,0.006209429556485071,0.0002567768096923828,0.7405306938243862,0.7830645559942478,1.0,1.0,1717
3719,0.8519416928766009,0.006208528398409464,0.00023603439331054688,0.7405254272652172,0.7830683012330255,1.0,1.0,1718
3720,0.8522758831670558,0.0062076278938679175,0.00023436546325683594,0.7405200101542357,0.7830718396975405,1.0,1.0,1719
3721,0.8517914108459893,0.006206728042007813,0.00024318695068359375,0.7405145976962728,0.783075374919063,1.0,1.0,1720
3722,0.8517482958034601,0.006205828841978135,0.0002372264862060547,0.7405092861133477,0.7830790813885474,1.0,1.0,1721
3723,0.851264683719833,0.006204930292929467,0.000232696533203125,0.7405039790853354,0.7830827844712428,1.0,1.0,1722
3724,0.8538284969515748,0.006204032394013998,0.0002338886260986328,0.740498488394422,0.783087469965716,1.0,1.0,1723
3725,0.853891959857486,0.006203135144385502,0.00024628639221191406,0.7404924647081716,0.7830917501173086,1.0,1.0,1724
3726,0.8537188766613638,0.00620223854319935,0.0002338886260986328,0.7404865425405787,0.7830961814355186,1.0,1.0,1725
3727,0.8541230183000844,0.006201342589612496,0.00023651123046875,0.7404803274723936,0.783100207601479,1.0,1.0,1726
3728,0.8536394094708867,0.006200447282783478,0.00023555755615234375,0.7404741177400864,0.7831042301134659,1.0,1.0,1727
3729,0.854616031444426,0.006199552621872411,0.00024271011352539062,0.7404682744813961,0.7831082221362845,1.0,1.0,1728
3730,0.8542361275160686,0.006198658606040982,0.00023818016052246094,0.7404624944872006,0.7831123439852107,1.0,1.0,1729
3731,0.8558637377212486,0.006197765234452455,0.00023508071899414062,0.740456843314713,0.7831169593339001,1.0,1.0,1730
3732,0.8556261512117962,0.006196872506271656,0.0002384185791015625,0.7404511056902925,0.7831218509363821,1.0,1.0,1731
3733,0.8555436658301466,0.006195980420664974,0.000244140625,0.7404453783535948,0.7831263988942939,1.0,1.0,1732
3734,0.8552541122553334,0.006195088976800361,0.0002384185791015625,0.7404397299585945,0.7831310156578318,1.0,1.0,1733
3735,0.8550285723350952,0.00619419817384732,0.0002391338348388672,0.7404342426022177,0.7831357846678465,1.0,1.0,1734
3736,0.8552725809794106,0.006193308010976907,0.00024962425231933594,0.7404286159663519,0.7831404230576972,1.0,1.0,1735
3737,0.8553083994891573,0.006192418487361727,0.00024056434631347656,0.7404227007473544,0.7831448006971802,1.0,1.0,1736
3738,0.8550642509845562,0.006191529602175929,0.00023889541625976562,0.7404169994164791,0.783149267119842,1.0,1.0,1737
3739,0.8548146656554396,0.006190641354595199,0.0002396106719970703,0.740411506125063,0.7831537926959424,1.0,1.0,1738
3740,0.8546101889672406,0.006189753743796765,0.0002446174621582031,0.7404062417913317,0.7831580096083293,1.0,1.0,1739
3741,0.8550395512234777,0.00618886676895938,0.00023794174194335938,0.7404006823212808,0.7831631389182383,1.0,1.0,1740
3742,0.8545592580213912,0.006187980429263333,0.0002396106719970703,0.7403951275754167,0.7831682636457599,1.0,1.0,1741
3743,0.8547948179564296,0.006187094723890438,0.00024080276489257812,0.7403893784399534,0.7831731811564648,1.0,1.0,1742
3744,0.8546746426136356,0.006186209652024023,0.00025272369384765625,0.7403832475983841,0.7831786782561453,1.0,1.0,1743
3745,0.8541952750828467,0.0061853252128489435,0.000240325927734375,0.740377121968688,0.7831841704623929,1.0,1.0,1744
3746,0.8540201670000627,0.006184441405551563,0.00023603439331054688,0.7403707356390877,0.7831898273882899,1.0,1.0,1745
3747,0.85395661423331,0.006183558229319759,0.0002467632293701172,0.740363732827048,0.7831960158745699,1.0,1.0,1746
3748,0.8540076440449441,0.006182675683342911,0.00024080276489257812,0.7403567162986627,0.7832021448548337,1.0,1.0,1747
3749,0.8540881958724155,0.006181793766811906,0.000244140625,0.740349692309608,0.7832078655634342,1.0,1.0,1748
3750,0.8539172528736101,0.006180912478919132,0.0002472400665283203,0.7403428124879201,0.7832136542750544,1.0,1.0,1749
3751,0.8534699390776002,0.006180031818858467,0.0002543926239013672,0.7403360791159471,0.7832194506425096,1.0,1.0,1750
3752,0.8536660793230418,0.006179151785825286,0.0002455711364746094,0.7403290379046312,0.7832250064483159,1.0,1.0,1751
3753,0.8536641954002346,0.00617827237901645,0.00023984909057617188,0.7403218609755825,0.7832305436950077,1.0,1.0,1752
3754,0.8551772303420969,0.006177393597630309,0.0002391338348388672,0.7403150131804821,0.7832351128167363,1.0,1.0,1753
3755,0.8559346098531327,0.006176515440866688,0.0002510547637939453,0.7403085227234729,0.783239577498509,1.0,1.0,1754
3756,0.8555346698923207,0.006175637907926896,0.0002694129943847656,0.7403021915270142,0.7832441928424214,1.0,1.0,1755
3757,0.8563328626778556,0.0061747609980137156,0.0002486705780029297,0.7402961833375251,0.7832476948285111,1.0,1.0,1756
3758,0.8567893082898275,0.006173884710331394,0.00025534629821777344,0.7402902724903823,0.7832512151045101,1.0,1.0,1757
3759,0.856312553648453,0.006173009044085654,0.00024318695068359375,0.7402843666263053,0.7832547322295861,1.0,1.0,1758
3760,0.8560962926442488,0.006172133998483677,0.00024437904357910156,0.7402782200535708,0.7832587441674181,1.0,1.0,1759
3761,0.8559632159786408,0.006171259572734106,0.00024008750915527344,0.7402721301438416,0.7832623753280168,1.0,1.0,1760
3762,0.8554877042601525,0.00617038576604704,0.00025391578674316406,0.7402664562622043,0.7832640110323967,1.0,1.0,1761
3763,0.8550127301151217,0.006169512577634032,0.0002415180206298828,0.7402607871480369,0.7832656452104154,1.0,1.0,1762
3764,0.856133777142043,0.006168640006708085,0.00023984909057617188,0.7402547622308786,0.7832682567616354,1.0,1.0,1763
3765,0.8563295622886087,0.006167768052483647,0.000240325927734375,0.7402484871450699,0.7832710526701864,1.0,1.0,1764
3766,0.856691210546367,0.00616689671417661,0.00024175643920898438,0.7402420575297225,0.7832737194456587,1.0,1.0,1765
3767,0.856439101758246,0.006166025991004304,0.00023794174194335938,0.7402357033909652,0.7832765524761716,1.0,1.0,1766
3768,0.8562085626646612,0.006165155882185493,0.00024175643920898438,0.7402294387045828,0.7832795028411058,1.0,1.0,1767
3769,0.8565299335764588,0.00616428638694038,0.00025391578674316406,0.7402229041366587,0.7832821414885882,1.0,1.0,1768
3770,0.8563634432236356,0.006163417504490588,0.00025010108947753906,0.7402159522776597,0.7832849763653904,1.0,1.0,1769
3771,0.8565759589702006,0.006162549234059174,0.0002434253692626953,0.7402089225387826,0.7832866937205497,1.0,1.0,1770
3772,0.8568055396256206,0.00616168157487061,0.00024175643920898438,0.7402018817260978,0.7832884222012129,1.0,1.0,1771
3773,0.8568241212033103,0.006160814526150792,0.0002536773681640625,0.7401948010243111,0.7832890495115001,1.0,1.0,1772
3774,0.8567303548715476,0.006159948087127026,0.00024390220642089844,0.7401878113163556,0.7832891118629227,1.0,1.0,1773
3775,0.8573371554850366,0.006159082257028037,0.0002422332763671875,0.7401804578180528,0.7832885163766182,1.0,1.0,1774
3776,0.8574168584093518,0.006158217035083953,0.0002422332763671875,0.7401731234827972,0.7832880138268351,1.0,1.0,1775
3777,0.8573311465568283,0.006157352420526305,0.00024628639221191406,0.7401656677089221,0.7832874026129177,1.0,1.0,1776
3778,0.8572952680628452,0.006156488412588035,0.00024318695068359375,0.7401581037362736,0.7832868159842112,1.0,1.0,1777
3779,0.857024258088498,0.006155625010503475,0.00024199485778808594,0.74015068596946,0.7832862357432029,1.0,1.0,1778
3780,0.8568746624376503,0.006154762213508356,0.00026226043701171875,0.7401429285501537,0.7832854531075358,1.0,1.0,1779
3781,0.8567462601266287,0.006153900020839799,0.00024700164794921875,0.7401350507577112,0.7832845474340229,1.0,1.0,1780
3782,0.8563318950842668,0.006153038431736314,0.00024366378784179688,0.7401273402383244,0.7832837322485182,1.0,1.0,1781
3783,0.8561287003574894,0.006152177445437798,0.0002429485321044922,0.7401195023197947,0.7832827194024312,1.0,1.0,1782
3784,0.8567569712511495,0.006151317061185529,0.0002543926239013672,0.7401110499713357,0.7832824937890382,1.0,1.0,1783
3785,0.8567930478075209,0.006150457278222161,0.0002472400665283203,0.7401025598756817,0.7832819600189268,1.0,1.0,1784
3786,0.8575665962203811,0.006149598095791728,0.00024366378784179688,0.7400947860722816,0.7832797832293905,1.0,1.0,1785
3787,0.8593729899134058,0.006148739513139631,0.0002574920654296875,0.7400876610216911,0.7832769776581032,1.0,1.0,1786
3788,0.8613174846239352,0.006147881529512645,0.00024771690368652344,0.7400803656996063,0.7832752922001798,1.0,1.0,1787
3789,0.8618732772687021,0.0061470241441589045,0.000244140625,0.740073281544734,0.7832729618173769,1.0,1.0,1788
3790,0.8614507496123331,0.006146167356327913,0.0002522468566894531,0.7400662873337831,0.7832708749428141,1.0,1.0,1789
3791,0.8618403750547465,0.0061453111652705296,0.0002567768096923828,0.7400589149889347,0.7832681817468292,1.0,1.0,1790
3792,0.8617260325496119,0.006144455570238969,0.0002446174621582031,0.7400511428625919,0.7832650971382182,1.0,1.0,1791
3793,0.8612550356117962,0.006143600570486799,0.00024890899658203125,0.740043377200421,0.7832620150132118,1.0,1.0,1792
3794,0.8615999308544594,0.0061427461652689384,0.00025773048400878906,0.7400358781661689,0.7832586965528978,1.0,1.0,1793
3795,0.8619262061008471,0.006141892353841651,0.00024771690368652344,0.74002833951441,0.7832553336550299,1.0,1.0,1794
3796,0.8615679941968853,0.006141039135462543,0.0002498626708984375,0.7400200308613014,0.7832538640214085,1.0,1.0,1795
3797,0.861613283915644,0.006140186509390562,0.00024628639221191406,0.7400109293975666,0.7832532064238226,1.0,1.0,1796
3798,0.8617883132214358,0.006139334474885991,0.0002593994140625,0.7400015862050324,0.783252671738018,1.0,1.0,1797
3799,0.8631777850420509,0.0061384830312104476,0.0002498626708984375,0.7399924689538173,0.7832521775321978,1.0,1.0,1798
3800,0.8627076370727195,0.006137632177626882,0.0002532005310058594,0.7399833592752674,0.78325168362398,1.0,1.0,1799
3801,0.8618061827705522,0.006136781913399566,3.1328954696655273,0.7312532957838519,0.8037585173359922,1.0,1.0,1800
3802,0.8614521779361967,0.006135932237794103,0.0003879070281982422,0.7312506823003246,0.8037646796677634,1.0,1.0,1801
3803,0.8615821672125585,0.006135083150077411,0.00028133392333984375,0.7312478901311735,0.8037663427843853,1.0,1.0,1802
3804,0.8615502311407467,0.006134234649517729,0.0002560615539550781,0.7312450111065959,0.8037702979056087,1.0,1.0,1803
3805,0.8614772972654928,0.006133386735384612,0.0002522468566894531,0.7312421489564565,0.8037740842998246,1.0,1.0,1804
3806,0.8636273086360684,0.006132539406948925,0.00026488304138183594,0.7312393821697607,0.8037778087211876,1.0,1.0,1805
3807,0.8631595709040675,0.006131692663482843,0.000255584716796875,0.7312366175500099,0.8037815299297679,1.0,1.0,1806
3808,0.8627229598210988,0.006130846504259846,0.00025773048400878906,0.7312338699136697,0.8037854235792646,1.0,1.0,1807
3809,0.8625318040292483,0.006130000928554716,0.0002696514129638672,0.7312310903004773,0.8037890246862187,1.0,1.0,1808
3810,0.8620654279780766,0.006129155935643533,0.0002541542053222656,0.7312283128606286,0.8037926226884288,1.0,1.0,1809
3811,0.8621040412924432,0.006128311524803681,0.00024962425231933594,0.73122557740202,0.8037960911500872,1.0,1.0,1810
3812,0.8617571174287646,0.006127467695313828,0.00025010108947753906,0.7312228406141773,0.803799505102684,1.0,1.0,1811
3813,0.8616645067913711,0.006126624446453941,0.0002543926239013672,0.7312202485120338,0.8038017014180374,1.0,1.0,1812
3814,0.8617896659449563,0.006125781777505266,0.0002460479736328125,0.7312174786568503,0.8038047618646855,1.0,1.0,1813
3815,0.8617671455070449,0.006124939687750339,0.0002486705780029297,0.7312148025623102,0.8038070429375804,1.0,1.0,1814
3816,0.8613027407541874,0.0061240981764729766,0.00025725364685058594,0.7312121285494638,0.8038093220177376,1.0,1.0,1815
3817,0.8608944052622538,0.006123257242958273,0.0002532005310058594,0.7312094619954732,0.8038114894041359,1.0,1.0,1816
3818,0.8605189888501013,0.0061224168864926,0.0002512931823730469,0.7312068114662162,0.8038135145430104,1.0,1.0,1817
3819,0.8607158788222453,0.006121577106363597,0.0002503395080566406,0.7312042089528095,0.8038153255313858,1.0,1.0,1818
3820,0.8616671107027825,0.0061207379018601805,0.0002593994140625,0.7312017351549581,0.8038167971936663,1.0,1.0,1819
3821,0.8612821742529869,0.0061198992722725255,0.0002486705780029297,0.7311992424736559,0.803818120887483,1.0,1.0,1820
3822,0.860819548755813,0.006119061216892076,0.0002472400665283203,0.7311967517146647,0.8038194433906227,1.0,1.0,1821
3823,0.8604455067884055,0.006118223735011533,0.0002605915069580078,0.7311942264047923,0.8038214908848288,1.0,1.0,1822
3824,0.8601288883584997,0.00611738682592486,0.00025010108947753906,0.7311915899872775,0.8038235936801432,1.0,1.0,1823
3825,0.8598874440691417,0.006116550488927273,0.0002467632293701172,0.7311889899000859,0.803825497951051,1.0,1.0,1824
3826,0.8600513426725657,0.006115714723315236,0.0002493858337402344,0.7311863923899924,0.8038273296700206,1.0,1.0,1825
3827,0.8597653013584625,0.006114879528386469,0.0002541542053222656,0.7311837431643773,0.803829042595159,1.0,1.0,1826
3828,0.8616932507583328,0.006114044903439933,0.0002543926239013672,0.7311812542545616,0.8038308937610162,1.0,1.0,1827
3829,0.8614517686528077,0.006113210847775836,0.0002560615539550781,0.7311787759268671,0.8038326422632346,1.0,1.0,1828
3830,0.8612843791505808,0.0061123773606956205,0.00026345252990722656,0.7311760745083284,0.8038344957603819,1.0,1.0,1829
3831,0.8609588705827451,0.006111544441501973,0.0002498626708984375,0.7311733414345332,0.8038364089135867,1.0,1.0,1830
3832,0.8607082263521872,0.006110712089498811,0.00025177001953125,0.73117062690094,0.8038382033451811,1.0,1.0,1831
3833,0.8604490272105326,0.006109880303991287,0.00024962425231933594,0.7311679217799697,0.803839932112442,1.0,1.0,1832
3834,0.860497431151157,0.006109049084285776,0.00025844573974609375,0.731165198647661,0.8038416144347663,1.0,1.0,1833
3835,0.8607120123760256,0.006108218429689885,0.0002460479736328125,0.7311624617489599,0.8038432144593531,1.0,1.0,1834
3836,0.8625116515473223,0.006107388339512443,0.0002491474151611328,0.7311595813925515,0.8038454710083951,1.0,1.0,1835
3837,0.8622621486410498,0.006106558813063497,0.0002608299255371094,0.7311567063840068,0.8038476724013095,1.0,1.0,1836
3838,0.8619250258370945,0.0061057298496543155,0.0002486705780029297,0.7311537050919189,0.8038491708056918,1.0,1.0,1837
3839,0.8615064611951322,0.006104901448597378,0.0002484321594238281,0.7311506337356206,0.803850538062785,1.0,1.0,1838
3840,0.8623508431001454,0.006104073609206379,0.0002522468566894531,0.7311475005487413,0.8038524828051701,1.0,1.0,1839
3841,0.8619379366946321,0.006103246330796218,0.00026416778564453125,0.7311443272856897,0.8038544249463492,1.0,1.0,1840
3842,0.8618618175308758,0.006102419612683006,0.00025177001953125,0.731141043631205,0.8038553899210646,1.0,1.0,1841
3843,0.8617737627800459,0.006101593454184056,0.0002486705780029297,0.7311377954299405,0.803856225406699,1.0,1.0,1842
3844,0.8631189727409195,0.006100767854617878,0.0002460479736328125,0.7311342104450315,0.8038590292691891,1.0,1.0,1843
3845,0.8627722847885285,0.006099942813304187,0.0002522468566894531,0.7311304134890726,0.8038613594642485,1.0,1.0,1844
3846,0.8624594647627536,0.006099118329563886,0.0002465248107910156,0.7311266439189498,0.8038635756458606,1.0,1.0,1845
3847,0.8625205001226496,0.006098294402719077,0.00025010108947753906,0.7311229224819322,0.8038654407467288,1.0,1.0,1846
3848,0.8626149318144848,0.006097471032093047,0.00025844573974609375,0.7311191704504769,0.8038674349393523,1.0,1.0,1847
3849,0.862804303080347,0.006096648217010273,0.0002524852752685547,0.7311153918282742,0.8038694259940171,1.0,1.0,1848
3850,0.8635717177475947,0.006095825956796417,0.00025177001953125,0.7311116268400754,0.8038714666250758,1.0,1.0,1849
3851,0.8633238472640783,0.0060950042507783185,0.00025177001953125,0.7311078232984662,0.8038737903257045,1.0,1.0,1850
3852,0.8630800940605444,0.006094183098283999,0.0002651214599609375,0.7311040923971643,0.8038757705436924,1.0,1.0,1851
3853,0.863385713150634,0.00609336249864266,0.00025200843811035156,0.7311003567647825,0.8038769788335943,1.0,1.0,1852
3854,0.8631030437498901,0.006092542451184668,0.0002484321594238281,0.7310966676371659,0.8038778356028362,1.0,1.0,1853
3855,0.8628014156055662,0.006091722955241567,0.00026535987854003906,0.7310930379827443,0.8038780558990024,1.0,1.0,1854
3856,0.862516256917582,0.006090904010146069,0.0002543926239013672,0.7310892350327108,0.8038779924905092,1.0,1.0,1855
3857,0.8621579781876119,0.006090085615232047,0.0002503395080566406,0.7310854423015489,0.8038777383407236,1.0,1.0,1856
3858,0.8619699407658542,0.006089267769834541,0.0002503395080566406,0.7310817766954227,0.8038769595010865,1.0,1.0,1857
3859,0.8615159008201181,0.006088450473289751,0.0002579689025878906,0.7310781139279979,0.8038761812065384,1.0,1.0,1858
3860,0.8610623474229017,0.006087633724935031,0.0002486705780029297,0.7310744539955649,0.803875403456426,1.0,1.0,1859
3861,0.8607704424198269,0.006086817524108894,0.00025272369384765625,0.731070778254935,0.8038745595349773,1.0,1.0,1860
3862,0.8615506080255383,0.006086001870151006,0.00026297569274902344,0.7310670480171408,0.8038739524404803,1.0,1.0,1861
3863,0.8614378576886687,0.006085186762402178,0.00024962425231933594,0.7310633822226836,0.8038726424249554,1.0,1.0,1862
3864,0.8612500286419482,0.006084372200204373,0.00024819374084472656,0.7310598100576428,0.8038710893192302,1.0,1.0,1863
3865,0.8609070450026749,0.006083558182900695,0.000255584716796875,0.7310562027955062,0.8038695369884532,1.0,1.0,1864
3866,0.8604552378009719,0.00608274470983539,0.0002598762512207031,0.7310525983139452,0.8038679858283316,1.0,1.0,1865
3867,0.8600684813887499,0.006081931780353846,0.0002498626708984375,0.7310489353897441,0.8038658470436129,1.0,1.0,1866
3868,0.859948245004887,0.006081119393802586,0.00025010108947753906,0.7310452020208277,0.8038623623564477,1.0,1.0,1867
3869,0.8599895923403814,0.0060803075495292685,0.00026106834411621094,0.7310414415969475,0.8038586827437589,1.0,1.0,1868
3870,0.8600383579763039,0.0060794962468826794,0.0002512931823730469,0.7310375927965302,0.8038554787869472,1.0,1.0,1869
3871,0.8597473936643212,0.00607868548521274,0.0002536773681640625,0.7310337294415608,0.803852512241222,1.0,1.0,1870
3872,0.8592974642579363,0.006077875263870492,0.0002570152282714844,0.7310298690644877,0.803849548005802,1.0,1.0,1871
3873,0.8588701400761588,0.006077065582208106,0.00026297569274902344,0.7310259233393103,0.8038472554397328,1.0,1.0,1872
3874,0.8591898840587947,0.0060762564395788685,0.0002543926239013672,0.7310221930692271,0.8038441352829605,1.0,1.0,1873
3875,0.8589950018246871,0.00607544783533719,0.0002541542053222656,0.7310183833876266,0.8038412367534851,1.0,1.0,1874
3876,0.8586169103215272,0.006074639768838593,0.0002644062042236328,0.7310145560222153,0.803838258508199,1.0,1.0,1875
3877,0.858291471015956,0.006073832239439719,0.000255584716796875,0.7310104363579751,0.8038353271277703,1.0,1.0,1876
3878,0.8582063565965321,0.006073025246498316,0.0002524852752685547,0.7310063316485237,0.8038324153378708,1.0,1.0,1877
3879,0.857758887152784,0.006072218789373242,0.0002510547637939453,0.7310022300989705,0.8038295058046857,1.0,1.0,1878
3880,0.8581722309664276,0.00607141286742446,0.00026106834411621094,0.7309980067095642,0.8038270018237467,1.0,1.0,1879
3881,0.8580985122672923,0.006070607480013043,0.00025177001953125,0.7309935825179967,0.8038243649508704,1.0,1.0,1880
3882,0.8581198292470101,0.006069802626501156,0.0002541542053222656,0.730988915780923,0.8038227569377796,1.0,1.0,1881
3883,0.8580687204488177,0.006068998306252068,0.000263214111328125,0.7309843346170192,0.8038217278101396,1.0,1.0,1882
3884,0.8576224989147825,0.006068194518630146,0.0002503395080566406,0.7309797569886279,0.8038206994206328,1.0,1.0,1883
3885,0.8576933005571697,0.006067391263000844,0.0002522468566894531,0.7309751409053266,0.8038194709688438,1.0,1.0,1884
3886,0.8575546765784513,0.0060665885387307175,0.0002543926239013672,0.7309702967226908,0.8038186548385875,1.0,1.0,1885
3887,0.8576500185933393,0.0060657863451874005,0.00026345252990722656,0.7309655212922561,0.8038178415021653,1.0,1.0,1886
3888,0.8574215970536462,0.0060649846817396194,0.00025153160095214844,0.7309607907471626,0.803817190441722,1.0,1.0,1887
3889,0.857121838040721,0.006064183547757184,0.00025391578674316406,0.7309560761204716,0.8038164614378482,1.0,1.0,1888
3890,0.8573521102774974,0.006063382942610984,0.00027298927307128906,0.7309515073244813,0.8038152569238364,1.0,1.0,1889
3891,0.8574963301798623,0.006062582865672991,0.0002541542053222656,0.730946894080036,0.8038140434925194,1.0,1.0,1890
3892,0.8574892368508678,0.0060617833163162495,0.0002532005310058594,0.7309420738799092,0.8038127563380155,1.0,1.0,1891
3893,0.8593544906903884,0.006060984293914882,0.00025177001953125,0.7309371360106448,0.8038125565717921,1.0,1.0,1892
3894,0.8589847269630864,0.00606018579784408,0.00026869773864746094,0.7309321983048227,0.8038122716767667,1.0,1.0,1893
3895,0.8585846440700098,0.006059387827480107,0.00025582313537597656,0.7309271189020441,0.803812134296449,1.0,1.0,1894
3896,0.8582646067912529,0.006058590382200292,0.0002541542053222656,0.7309219151823182,0.8038123514308052,1.0,1.0,1895
3897,0.8590174329747956,0.0060577934613830296,0.0002605915069580078,0.7309173673954805,0.8038108976007315,1.0,1.0,1896
3898,0.8585738265385129,0.006056997064407777,0.0002541542053222656,0.7309128230934163,0.8038094448433968,1.0,1.0,1897
3899,0.8582451921347876,0.006056201190655049,0.00025343894958496094,0.7309082401619628,0.8038086516196405,1.0,1.0,1898
3900,0.8579408652141137,0.006055405839506421,0.0002524852752685547,0.730903698698572,0.8038076048645655,1.0,1.0,1899
3901,0.8577845837239123,0.006054611010344521,0.0002655982971191406,0.7308993483533964,0.8038059352844716,1.0,1.0,1900
3902,0.8586099038397136,0.006053816702553034,0.00025582313537597656,0.7308951275411016,0.8038042451048392,1.0,1.0,1901
3903,0.8583412374035997,0.006053022915516692,0.00025391578674316406,0.7308909201061777,0.803802469471265,1.0,1.0,1902
3904,0.8580308366150803,0.006052229648621275,0.0002658367156982422,0.7308867443979818,0.803800535429889,1.0,1.0,1903
3905,0.8575894523171399,0.006051436901253612,0.0002560615539550781,0.7308825718652301,0.8037986028385964,1.0,1.0,1904
3906,0.8576512651970254,0.006050644672801573,0.00025725364685058594,0.7308785821913333,0.803796245356261,1.0,1.0,1905
3907,0.8572152643280174,0.006049852962654068,0.00025963783264160156,0.7308744887450925,0.803793972250699,1.0,1.0,1906
3908,0.8580642228869033,0.00604906177020105,0.0002682209014892578,0.7308701594683948,0.8037917862664011,1.0,1.0,1907
3909,0.8578874053337903,0.006048271094833505,0.00026154518127441406,0.7308658515254628,0.8037895316218118,1.0,1.0,1908
3910,0.8601103233339016,0.0060474809359434565,0.0002605915069580078,0.7308615184544444,0.803788010533662,1.0,1.0,1909
3911,0.859820578306851,0.006046691292923958,0.0002694129943847656,0.7308572053029263,0.8037863793514431,1.0,1.0,1910
3912,0.8598174459287701,0.006045902165169092,0.0002589225769042969,0.7308528545890782,0.8037845566353121,1.0,1.0,1911
3913,0.8594275765817568,0.0060451135520739685,0.0002655982971191406,0.7308485146523686,0.8037833391781675,1.0,1.0,1912
3914,0.8590790354962798,0.006044325453034726,0.00026488304138183594,0.7308442175449987,0.8037818996157733,1.0,1.0,1913
3915,0.8586392275895818,0.006043537867448522,0.0002751350402832031,0.7308399236940226,0.8037804611057766,1.0,1.0,1914
3916,0.8582701389677382,0.006042750794713537,0.00025653839111328125,0.7308356650543115,0.8037788214235158,1.0,1.0,1915
3917,0.8582624639691165,0.006041964234228968,0.0002532005310058594,0.7308312528812435,0.8037776384368707,1.0,1.0,1916
3918,0.8580307136507438,0.006041178185395029,0.00026297569274902344,0.7308268653232727,0.8037763623489265,1.0,1.0,1917
3919,0.8578465003820275,0.006040392647612949,0.0002574920654296875,0.7308226523771519,0.8037733672981328,1.0,1.0,1918
3920,0.8578516346116588,0.006039607620284968,0.0002562999725341797,0.7308184763292673,0.8037703635287783,1.0,1.0,1919
3921,0.8576219096359261,0.006038823102814334,0.00025725364685058594,0.7308141669497726,0.8037673651762163,1.0,1.0,1920
3922,0.8574122999061569,0.006038039094605305,0.0002579689025878906,0.7308098381898186,0.8037644153425896,1.0,1.0,1921
3923,0.857151155431819,0.0060372555950631394,0.0002582073211669922,0.7308055067600094,0.8037614002457961,1.0,1.0,1922
3924,0.8567767480317215,0.006036472603594102,0.0002703666687011719,0.7308012003005083,0.803758599741235,1.0,1.0,1923
3925,0.8564896857843899,0.006035690119605458,0.0002713203430175781,0.730796875038704,0.803755773156829,1.0,1.0,1924
3926,0.8560535986521335,0.006034908142505471,0.00026154518127441406,0.7307925530340863,0.8037529487077582,1.0,1.0,1925
3927,0.8556821535311984,0.0060341266717033985,0.00025963783264160156,0.7307882593934164,0.8037498933238559,1.0,1.0,1926
3928,0.8552469311630249,0.006033345706609493,0.0002689361572265625,0.7307839689813675,0.803746840252583,1.0,1.0,1927
3929,0.8564481741270246,0.006032565246635001,0.0002605915069580078,0.7307798589143232,0.8037429563104852,1.0,1.0,1928
3930,0.8589529841638217,0.006031785291192154,0.0002593994140625,0.7307763812335949,0.8037392971722817,1.0,1.0,1929
3931,0.8585717722439957,0.006031005839694176,0.0002620220184326172,0.7307729406801136,0.8037352408206442,1.0,1.0,1930
3932,0.8582713364436318,0.006030226891555273,0.00026988983154296875,0.7307695104183114,0.8037310725660717,1.0,1.0,1931
3933,0.8578360738397472,0.006029448446190634,0.00026297569274902344,0.7307660827044791,0.8037269074925396,1.0,1.0,1932
3934,0.8574012602738287,0.0060286705030164305,0.0002598762512207031,0.7307626575354209,0.8037227455959746,1.0,1.0,1933
3935,0.8578541661007142,0.006027893061449811,0.00026988983154296875,0.7307592316437379,0.8037189228197503,1.0,1.0,1934
3936,0.8576033986923979,0.0060271161209089034,0.00026106834411621094,0.7307558182968709,0.8037150281709452,1.0,1.0,1935
3937,0.8574778396244436,0.006026339680812807,0.0002613067626953125,0.7307523072822067,0.8037112564448731,1.0,1.0,1936
3938,0.8573794415525153,0.0060255637405815955,0.0002601146697998047,0.7307488388050999,0.8037074294114375,1.0,1.0,1937
3939,0.8581102954374188,0.006024788299636311,0.0002720355987548828,0.7307455577904358,0.8037036165465185,1.0,1.0,1938
3940,0.8578163129247753,0.006024013357398966,0.0002605915069580078,0.7307422679679426,0.8037000476809477,1.0,1.0,1939
3941,0.8573837494384516,0.006023238913292537,0.0002608299255371094,0.7307389108956912,0.8036964965983341,1.0,1.0,1940
3942,0.8575666944265645,0.006022464966740965,0.0002741813659667969,0.7307354997504606,0.8036926613271526,1.0,1.0,1941
3943,0.8572090171578993,0.006021691517169152,0.00026035308837890625,0.7307320811919993,0.8036887214050564,1.0,1.0,1942
3944,0.8567766891005061,0.0060209185640029625,0.0002703666687011719,0.7307286651576473,0.8036847844679272,1.0,1.0,1943
3945,0.8563448046109636,0.0060201461066692165,0.0002770423889160156,0.7307252516442583,0.8036808505119688,1.0,1.0,1944
3946,0.8560344749973293,0.006019374144595687,0.00026416778564453125,0.7307217546342448,0.803676816079427,1.0,1.0,1945
3947,0.8556994527513588,0.006018602677211107,0.0002601146697998047,0.7307182510326936,0.803672751786958,1.0,1.0,1946
3948,0.855308545532591,0.0060178317039451526,0.0002617835998535156,0.7307147319623323,0.8036692584750653,1.0,1.0,1947
3949,0.855390935259921,0.006017061224228455,0.0002694129943847656,0.7307113421195314,0.8036653807982802,1.0,1.0,1948
3950,0.8554494762582363,0.0060162912374925916,0.00026106834411621094,0.7307080558505867,0.8036612826458002,1.0,1.0,1949
3951,0.8556410806367981,0.006015521743170085,0.0002627372741699219,0.730704729601475,0.8036565102220901,1.0,1.0,1950
3952,0.8557569561540133,0.006014752740694398,0.0002701282501220703,0.7307015436885709,0.8036514315993685,1.0,1.0,1951
3953,0.8553273531787208,0.006013984229499937,0.00026726722717285156,0.7306983601070378,0.803646356830456,1.0,1.0,1952
3954,0.8550351273727107,0.006013216209022049,0.0002675056457519531,0.7306951649078971,0.8036419310085833,1.0,1.0,1953
3955,0.8546894725776889,0.006012448678697014,0.0002627372741699219,0.7306919256084368,0.8036368853225041,1.0,1.0,1954
3956,0.8542610292359667,0.006011681637962049,0.0002665519714355469,0.7306886886774261,0.8036318434584007,1.0,1.0,1955
3957,0.8542036911551462,0.006010915086255302,0.0002665519714355469,0.7306853124469481,0.80362678534097,1.0,1.0,1956
3958,0.8543413713182139,0.0060101490230158585,0.0002655982971191406,0.730681496665614,0.8036226978447675,1.0,1.0,1957
3959,0.8540774004000207,0.006009383447683723,0.00028324127197265625,0.7306776834545802,0.8036185580814216,1.0,1.0,1958
3960,0.8537699284135848,0.006008618359699835,0.0002636909484863281,0.7306738836267772,0.8036143201444057,1.0,1.0,1959
3961,0.853497542032865,0.0060078537585060545,0.00026535987854003906,0.7306700770266201,0.8036100709234535,1.0,1.0,1960
3962,0.8531054770576753,0.006007089643545165,0.0002739429473876953,0.7306662410592348,0.8036057815664853,1.0,1.0,1961
3963,0.8534673772528737,0.006006326014260871,0.00026988983154296875,0.7306621289850304,0.8036023314422381,1.0,1.0,1962
3964,0.853202812968671,0.0060055628700977975,0.0002682209014892578,0.7306580523143587,0.8035986973415075,1.0,1.0,1963
3965,0.8528195678047727,0.0060048002105014845,0.00026416778564453125,0.7306539504755925,0.8035949542696114,1.0,1.0,1964
3966,0.8526576966950521,0.0060040380349183865,0.00026798248291015625,0.7306498892124732,0.8035911495324356,1.0,1.0,1965
3967,0.8523420612257272,0.0060032763427958725,0.00026488304138183594,0.7306458291328319,0.8035872945711003,1.0,1.0,1966
3968,0.8521351231716026,0.006002515133582222,0.00026297569274902344,0.730641707300804,0.8035833948309892,1.0,1.0,1967
3969,0.8517107980607508,0.006001754406726623,0.00027680397033691406,0.7306375884977006,0.8035794980045555,1.0,1.0,1968
3970,0.8532816185090013,0.006000994161679171,0.0002646446228027344,0.73063363801656,0.8035753280592494,1.0,1.0,1969
3971,0.8530939748271599,0.006000234397890867,0.0002639293670654297,0.73062970803317,0.8035710815891863,1.0,1.0,1970
3972,0.8527599936424765,0.0059994751148136115,0.0002727508544921875,0.7306257527197557,0.8035668195549047,1.0,1.0,1971
3973,0.8525309444656957,0.005998716311900213,0.0002658367156982422,0.7306217129308976,0.8035623229626517,1.0,1.0,1972
3974,0.8526437250308145,0.0059979579886043745,0.00026345252990722656,0.7306176395328318,0.8035571643126245,1.0,1.0,1973
3975,0.8529616686812946,0.005997200144380696,0.0002665519714355469,0.7306135151861985,0.8035520186883375,1.0,1.0,1974
3976,0.8527339189114959,0.005996442778684674,0.0002765655517578125,0.7306094292071522,0.803546779018949,1.0,1.0,1975
3977,0.8531203517974875,0.005995685890972701,0.00026488304138183594,0.730605308129692,0.8035417411319294,1.0,1.0,1976
3978,0.8526973009421839,0.005994929480702056,0.0002682209014892578,0.7306011900682176,0.8035367070176739,1.0,1.0,1977
3979,0.852903611968334,0.005994173547330911,0.0002753734588623047,0.7305972206732909,0.8035314125905476,1.0,1.0,1978
3980,0.8528678015848102,0.005993418090318328,0.0002682209014892578,0.7305931010877367,0.8035268772868958,1.0,1.0,1979
3981,0.8533536279112922,0.005992663109124247,0.00027632713317871094,0.7305890432239538,0.8035225210886081,1.0,1.0,1980
3982,0.8529363154634337,0.0059919086032094995,0.00027871131896972656,0.7305850059194673,0.8035186669925872,1.0,1.0,1981
3983,0.8535899390709042,0.0059911545720357975,0.0002655982971191406,0.7305809094545165,0.8035153684970007,1.0,1.0,1982
3984,0.8531681294326989,0.005990401015065731,0.00026679039001464844,0.7305768159779612,0.8035120724351239,1.0,1.0,1983
3985,0.8532182807032593,0.0059896479317627675,0.00026726722717285156,0.730572644389975,0.8035088889364006,1.0,1.0,1984
3986,0.854427706822124,0.0059888953215912555,0.0002789497375488281,0.7305687099683348,0.8035055445151704,1.0,1.0,1985
3987,0.854040124218191,0.0059881431840164145,0.0002658367156982422,0.7305648206199378,0.8035018974011843,1.0,1.0,1986
3988,0.8540664159324224,0.0059873915185043374,0.0002677440643310547,0.7305609200035224,0.8034989939828833,1.0,1.0,1987
3989,0.8537747574843134,0.005986640324521987,0.0002796649932861328,0.7305570315755864,0.8034963147645946,1.0,1.0,1988
3990,0.8537498293392787,0.005985889601537196,0.00026869773864746094,0.730553022233244,0.8034938552301599,1.0,1.0,1989
3991,0.8533383375726424,0.005985139349018668,0.00026702880859375,0.7305489903431613,0.8034912992431874,1.0,1.0,1990
3992,0.8529895699554766,0.005984389566435964,0.0002765655517578125,0.7305449541234427,0.8034889336877644,1.0,1.0,1991
3993,0.8554189263548777,0.0059836402532595125,0.0002665519714355469,0.7305411442565286,0.8034871425041575,1.0,1.0,1992
3994,0.8550220912329162,0.005982891408960606,0.00026702880859375,0.7305373194335545,0.8034859647551379,1.0,1.0,1993
3995,0.8546020289960705,0.005982143033011394,0.0002701282501220703,0.7305334973787078,0.8034847878178133,1.0,1.0,1994
3996,0.8541823866514922,0.0059813951248848815,0.0002791881561279297,0.7305296780886107,0.803483611691232,1.0,1.0,1995
3997,0.8540259168156774,0.005980647684054936,0.0002682209014892578,0.7305257904816915,0.8034830898648982,1.0,1.0,1996
3998,0.8536070044373141,0.005979900709996273,0.00027251243591308594,0.7305219056863496,0.8034825683518254,1.0,1.0,1997
3999,0.8531891263032567,0.005979154202184465,0.0002777576446533203,0.730518049876382,0.8034824956716303,1.0,1.0,1998
4000,0.8528267975109176,0.0059784081600959315,0.0002665519714355469,0.7305140914056512,0.8034818828031909,1.0,1.0,1999
4001,0.8525568522658782,0.005977662583207944,2.911012887954712,0.7250539591649349,0.802173352078822,1.0,1.0,2000
4002,0.5934481916549635,0.02006220914929266,0.00015115737915039062,0.995658720469954,1.0351900305940724,0.0,0.0,0
4003,0.6024389259489339,0.019168293127388172,5.888938903808594e-05,0.997815476160512,1.040484282671717,0.0,0.0,1
4004,0.600760113532085,0.018443644588537932,4.220008850097656e-05,0.9985579234812364,1.0434485825715285,0.0,0.0,2
4005,0.6311004918721144,0.017838106725040815,3.62396240234375e-05,0.9986841623340018,1.0455335627670375,0.0,0.0,3
4006,0.6426121918363611,0.017320508075688773,3.8623809814453125e-05,0.9986626675757216,1.0486714431783042,0.0,0.0,4
4007,0.05042554670529191,0.016870239755710472,0.010584831237792969,0.9636398688237995,1.1460506844199658,0.0,0.0,5
4008,0.12214458306677076,0.016473014603283372,8.869171142578125e-05,0.9653358930903287,1.1492261984795122,0.0,0.0,6
4009,0.14186382833358055,0.01611854897735313,5.078315734863281e-05,0.966445908594119,1.154767978800755,0.0,0.0,7
4010,0.2766180594642378,0.015799211635437797,4.458427429199219e-05,0.9669653863131231,1.1562873192024454,0.0,0.0,8
4011,0.32244085076730444,0.015509194618715118,3.719329833984375e-05,0.9672886432149076,1.1582705505554516,0.0,0.0,9
4012,0.3897775631629918,0.015243982444638442,3.719329833984375e-05,0.9671748843441361,1.1587645674234628,0.0,0.0,10
4013,0.5536894454628788,0.015,3.266334533691406e-05,0.9671419033137308,1.1582502815469715,0.0,0.0,11
4014,0.6329267191811571,0.01477437181516357,3.504753112792969e-05,0.9675886561156333,1.15830217561968,0.0,0.0,12
4015,0.6537547546340992,0.014564753151219703,3.504753112792969e-05,0.9677121634569247,1.1576343465838246,0.0,0.0,13
4016,0.6199508556726381,0.01436920876330724,3.361701965332031e-05,0.9684275866139967,1.1578772048651358,0.0,0.0,14
4017,0.6875464847741317,0.014186124135047638,3.552436828613281e-05,0.9688647399804148,1.1578857635642696,0.0,0.0,15
4018,0.6712731920105567,0.014014139331846002,3.147125244140625e-05,0.9694191632965211,1.1579737545669762,0.0,0.0,16
4019,0.6551382708302484,0.013852098928323078,4.100799560546875e-05,0.9695746882556888,1.1575895581357143,0.0,0.0,17
4020,0.7090149486721109,0.013699013564901937,3.552436828613281e-05,0.9690423775279473,1.1580998499070894,0.0,0.0,18
4021,0.700438240528301,0.013554030054147672,3.361701965332031e-05,0.9694156390901241,1.1584633058980804,0.0,0.0,19
4022,0.6804805765790365,0.013416407864998738,3.4809112548828125e-05,0.969981421869823,1.1589511171038778,0.0,0.0,20
4023,0.6718528681233762,0.013285500428074422,3.790855407714844e-05,0.9701637413815815,1.1599804656164827,0.0,0.0,21
4024,0.6468537563380407,0.013160740129524924,3.4809112548828125e-05,0.970952108245081,1.160497962001711,0.0,0.0,22
4025,0.623858603761209,0.013041626158349742,3.2901763916015625e-05,0.9711569917534965,1.1614256636510667,0.0,0.0,23
4026,0.6142820383432944,0.01292771458376718,3.719329833984375e-05,0.9719653414903519,1.1619796848301573,0.0,0.0,24
4027,0.27957839864397344,0.012818610191887021,0.27440905570983887,2.036866669956865,1.7349227805224425,0.0,0.0,25
4028,0.2744964092103016,0.012713959722450648,0.00010275840759277344,2.0370099306662564,1.73523535491499,0.0,0.0,26
4029,0.2691902040928377,0.01261344622880572,6.29425048828125e-05,2.036966719902018,1.7354906839756483,0.0,0.0,27
4030,0.3252232254690518,0.012516784345834519,4.458427429199219e-05,2.037212544255363,1.7353028127282215,0.0,0.0,28
4031,0.31887929086529804,0.01242371629699656,4.38690185546875e-05,2.0370186196657833,1.7351931203100674,0.0,0.0,29
4032,0.3125274287042651,0.01233400850701559,3.9577484130859375e-05,2.037084228627454,1.735127113461709,0.0,0.0,30
4033,0.3066506270328687,0.012247448713915891,4.100799560546875e-05,2.0372688969352595,1.7351409199327026,0.0,0.0,31
4034,0.420651812843176,0.012163843495163093,3.695487976074219e-05,2.0374980321362113,1.7347920353632202,0.0,0.0,32
4035,0.4407901737137825,0.012083016139097319,3.814697265625e-05,2.037290035891698,1.7344462933242368,0.0,0.0,33
4036,0.46592145685338426,0.012004804805767497,3.7670135498046875e-05,2.0374604844042805,1.7342682297579883,0.0,0.0,34
4037,0.8331222616001374,0.01192906093150576,3.552436828613281e-05,2.0370762127568254,1.7335374660374878,0.0,0.0,35
4038,0.8148092986055425,0.011855647839732142,3.528594970703125e-05,2.0365193518251794,1.733069494812138,0.0,0.0,36
4039,0.7974313218273834,0.011784439527015389,3.337860107421875e-05,2.036017425840492,1.7325446862851794,0.0,0.0,37
4040,0.7946827670245105,0.011715319598685483,3.361701965332031e-05,2.0355993396816383,1.7318821509729003,0.0,0.0,38
4041,0.8483889966277796,0.011648180332566697,3.3855438232421875e-05,2.0350947824580485,1.7311708637703782,0.0,0.0,39
4042,0.8571486206294352,0.011582921852882691,3.3855438232421875e-05,2.034645259653455,1.7305111813513252,0.0,0.0,40
4043,0.8402401009624121,0.011519451399238049,3.600120544433594e-05,2.0342109135639044,1.7298736821507505,0.0,0.0,41
4044,1.0426083649763707,0.0114576826779286,3.647804260253906e-05,2.0335893530431686,1.7291362741759537,0.0,0.0,42
4045,1.2024224717504697,0.011397535284773887,3.3855438232421875e-05,2.032621719019103,1.7281831213116214,0.0,0.0,43
4046,1.2478249092145064,0.011338934190276815,3.4809112548828125e-05,2.0316316162613224,1.7270538762881715,0.0,0.0,44
4047,1.4498452336423544,0.01128180927925918,3.743171691894531e-05,2.0304232932451685,1.725853626362143,0.0,0.0,45
4048,1.4740752715006749,0.011226094938246375,4.76837158203125e-05,2.029144836678375,1.7245865089523464,0.0,0.0,46
4049,1.4783430114644422,0.011171729684819472,3.6716461181640625e-05,2.0278851063813796,1.7233698300167213,0.0,0.0,47
4050,1.6207575156441623,0.01111865583394954,3.647804260253906e-05,2.026725954078119,1.7221118479846205,0.0,0.0,48
4051,1.5913931256789555,0.011066819197003216,4.00543212890625e-05,2.0253610006133225,1.720860114875207,0.0,0.0,49
4052,0.6148706674609674,0.011016168809680775,0.014898538589477539,1.2200067047780407,1.0100059990119312,0.0,0.0,50
4053,0.6064829591963463,0.01096665668563537,0.00010633468627929688,1.2217572108173176,1.012675939581755,0.0,0.0,51
4054,0.7707457098939051,0.01091823759293843,5.14984130859375e-05,1.2209607665786064,1.0115026395310316,0.0,0.0,52
4055,0.7579513867535629,0.01087086885091299,4.38690185546875e-05,1.2206680274869202,1.0115590941313308,0.0,0.0,53
4056,0.7460687487336785,0.010824510145163219,4.172325134277344e-05,1.2209953156216888,1.0106209055617315,0.0,0.0,54
4057,0.7351816635844985,0.010779123358892527,4.267692565917969e-05,1.2218604141195457,1.0129569710414215,0.0,0.0,55
4058,0.7216800163965384,0.010734672418830787,3.886222839355469e-05,1.220572356096258,1.0104882149945364,0.0,0.0,56
4059,0.7106775582208293,0.010691123154288863,3.695487976074219e-05,1.2208994413993834,1.0116630687568646,0.0,0.0,57
4060,0.7004980273979367,0.01064844316803016,3.981590270996094e-05,1.2208242898175525,1.0110747547357297,0.0,0.0,58
4061,0.6900221794554914,0.010606601717798212,3.6716461181640625e-05,1.2214511756455477,1.0129936296931565,0.0,0.0,59
4062,0.6790703779868691,0.010565569607469709,3.7670135498046875e-05,1.2202714661418959,1.0112849119130356,0.0,0.0,60
4063,0.669399622607948,0.010525319086916056,3.62396240234375e-05,1.2215514964168022,1.0127222299402725,0.0,0.0,61
4064,0.659896893389623,0.010485823759756537,3.8623809814453125e-05,1.2207069311439094,1.011093747032609,0.0,0.0,62
4065,0.6500700886670231,0.010447058498273562,3.933906555175781e-05,1.2213400756347752,1.0124136276995963,0.0,0.0,63
4066,0.6697870309204674,0.01040899936483773,4.863739013671875e-05,1.2210133423914007,1.0116616830246696,0.0,0.0,64
4067,0.6604946603704256,0.01037162353925823,4.00543212890625e-05,1.2207621429523068,1.0115827146684813,0.0,0.0,65
4068,0.651655343934759,0.01033490925153418,4.076957702636719e-05,1.2204107315799788,1.0111402685414308,0.0,0.0,66
4069,0.6430848176036178,0.010298835719535588,3.719329833984375e-05,1.22120420621642,1.0121491655727841,0.0,0.0,67
4070,0.6618270431326996,0.010263383091189644,3.8623809814453125e-05,1.2207737927660989,1.011431917895456,0.0,0.0,68
4071,0.6528280344843458,0.01022853239078986,3.814697265625e-05,1.2209921205132508,1.0124079774023398,0.0,0.0,69
4072,0.6705971326909557,0.010194265469082734,3.62396240234375e-05,1.22072715326182,1.0117804465202667,0.0,0.0,70
4073,0.6621007660679947,0.010160564956819714,3.62396240234375e-05,1.220284184437879,1.0118589299379834,0.0,0.0,71
4074,0.6538936212523022,0.01012741422149179,3.790855407714844e-05,1.2205326964634484,1.0119049404963527,0.0,0.0,72
4075,0.6457595740155266,0.010094797326990453,3.743171691894531e-05,1.2206214412518426,1.0117753556775566,0.0,0.0,73
4076,0.6630600210806687,0.010062698995962372,3.719329833984375e-05,1.2207066044269246,1.012156575700598,0.0,0.0,74
4077,0.6552038078102317,0.01003110457464633,3.790855407714844e-05,1.2208176416729555,1.0120118183454032,0.0,0.0,75
4078,0.7702295386105251,0.009999999999999998,3.6716461181640625e-05,1.221213314651782,1.0126776484614408,0.0,0.0,76
4079,0.7610941341828604,0.009969371768941205,4.3392181396484375e-05,1.221003859679322,1.0124793007093857,0.0,0.0,77
4080,0.7521416008008397,0.009939206909543705,3.886222839355469e-05,1.2208941086416574,1.0124033308306672,0.0,0.0,78
4081,0.7434143802152048,0.009909492954041421,3.814697265625e-05,1.2209176315177792,1.0124936885452342,0.0,0.0,79
4082,0.73494819991404,0.009880217913507539,4.2438507080078125e-05,1.220875661593926,1.012487796599571,0.0,0.0,80
4083,0.7266633974316363,0.009851370254086207,3.9577484130859375e-05,1.2209312676609998,1.0125820282298639,0.0,0.0,81
4084,0.7185996340547319,0.009822938874664828,4.076957702636719e-05,1.220791907150769,1.0126251379123423,0.0,0.0,82
4085,0.7108361506459253,0.009794913085884158,3.8623809814453125e-05,1.2208559785933994,1.012662841449586,0.0,0.0,83
4086,0.7030761215857637,0.009767282590391885,4.124641418457031e-05,1.2207458105948892,1.0126978070781314,0.0,0.0,84
4087,0.6955926150424855,0.009740037464252966,3.8623809814453125e-05,1.2208358309464884,1.0126702776951477,0.0,0.0,85
4088,0.6883166292287589,0.009713168139436928,4.100799560546875e-05,1.2207203970233096,1.0127657797031562,0.0,0.0,86
4089,0.6810484896786156,0.00968666538730866,3.838539123535156e-05,1.2207242066371287,1.0127728425096132,0.0,0.0,87
4090,0.674140309334649,0.009660520303055021,3.886222839355469e-05,1.2206502397055528,1.012766906370967,0.0,0.0,88
4091,0.667198231955218,0.009634724290984739,4.1961669921875e-05,1.2207284369092575,1.0126796827195355,0.0,0.0,89
4092,0.6603822916867882,0.00960926905064396,4.029273986816406e-05,1.2206219240404297,1.0127408975177796,0.0,0.0,90
4093,0.6537087582474729,0.009584146563694086,3.814697265625e-05,1.220668488868174,1.0126778582195268,0.0,0.0,91
4094,0.6471767496761558,0.009559349081502657,3.838539123535156e-05,1.220628965255342,1.0127452213844637,0.0,0.0,92
4095,0.7423360372365834,0.009534869113401555,4.124641418457031e-05,1.2206419689601595,1.0126802308699852,0.0,0.0,93
4096,0.7351941810601732,0.009510699415570291,3.8623809814453125e-05,1.2205217704412883,1.0126137638094492,0.0,0.0,94
4097,0.7281019536629076,0.009486832980505138,4.220008850097656e-05,1.2202320981233705,1.0122260978315425,0.0,0.0,95
4098,0.7210753967289644,0.009463263027037715,3.9577484130859375e-05,1.2206071196832988,1.0125465338921738,0.0,0.0,96
4099,0.7141970083819571,0.009439982990869247,4.124641418457031e-05,1.2206987549989636,1.012733632937382,0.0,0.0,97
4100,0.7074567360366744,0.00941698651558907,4.0531158447265625e-05,1.2207101429340101,1.0127553016156088,0.0,0.0,98
4101,0.7009810174834271,0.009394267444148204,3.838539123535156e-05,1.2207011870684201,1.0127462185246126,0.0,0.0,99
4102,0.6851257190044183,0.009371819810760768,0.48817873001098633,1.2148645392494957,1.0689951654750516,0.0,0.0,100
4103,0.6789452060681739,0.009349637833207967,0.00011897087097167969,1.2149881863071998,1.0691605097727994,0.0,0.0,101
4104,0.6732900348370474,0.009327715905521014,7.271766662597656e-05,1.2150912007540424,1.0690709317169718,0.0,0.0,102
4105,0.6688420185199929,0.009306048591020995,5.3882598876953125e-05,1.2151393472497296,1.0693697535688031,0.0,0.0,103
4106,0.6674719212516453,0.009284630615695146,4.76837158203125e-05,1.2152119935150307,1.0693657511926906,0.0,0.0,104
4107,0.6629467834970476,0.009263456861890344,4.601478576660156e-05,1.2152295332335,1.0694065056506477,0.0,0.0,105
4108,0.6573072307824644,0.009242522362305914,4.5299530029296875e-05,1.2152986551803358,1.0694549160605316,0.0,0.0,106
4109,0.6665816862858176,0.009221822294268966,4.172325134277344e-05,1.215343921582842,1.0694500020598037,0.0,0.0,107
4110,0.6608962334424711,0.009201351974276593,4.458427429199219e-05,1.2153802477545632,1.0694845724927733,0.0,0.0,108
4111,0.6592606640374155,0.00918110685279027,4.601478576660156e-05,1.215411846125312,1.0694748708966149,0.0,0.0,109
4112,0.655042942720529,0.009161082509268665,4.696846008300781e-05,1.2153955115108395,1.069632014594375,0.0,0.0,110
4113,0.6495625500989243,0.009141274647426,4.410743713378906e-05,1.215506221803188,1.0695688771873555,0.0,0.0,111
4114,0.6605598748914842,0.009121679090703879,4.38690185546875e-05,1.2155858246711737,1.0695518885048105,0.0,0.0,112
4115,0.6560014614532711,0.009102291777945219,4.506111145019531e-05,1.2155761040396513,1.0696655128879131,0.0,0.0,113
4116,0.6527025430696474,0.00908310875925963,4.982948303222656e-05,1.2157110809277851,1.069560969453222,0.0,0.0,114
4117,0.6474336200539209,0.009064126192070305,4.315376281738281e-05,1.2157263532564446,1.0696696833051702,0.0,0.0,115
4118,0.6433082158877601,0.009045340337332909,4.315376281738281e-05,1.215780734220007,1.069614517665744,0.0,0.0,116
4119,0.6381998753163837,0.009026747555917728,4.076957702636719e-05,1.215796055718627,1.0697212815886665,0.0,0.0,117
4120,0.6339118298417743,0.009008344305146696,4.267692565917969e-05,1.215871512247024,1.0696723349539865,0.0,0.0,118
4121,0.6289527796687003,0.008990127135477491,4.410743713378906e-05,1.2159353919825238,1.0698076228487825,0.0,0.0,119
4122,0.6263048162285237,0.008972092687327323,4.267692565917969e-05,1.2160593396607136,1.0698025124266237,0.0,0.0,120
4123,0.622730381832536,0.008954237688029469,4.220008850097656e-05,1.2161395735820333,1.069952812051056,0.0,0.0,121
4124,0.6879595747729335,0.008936558948915976,4.172325134277344e-05,1.2161895222714554,1.0699135150978991,0.0,0.0,122
4125,0.6876851777659386,0.008919053362520407,4.3392181396484375e-05,1.2162040321441336,1.0700004794353086,0.0,0.0,123
4126,0.6825296875208661,0.008901717899894725,4.1484832763671875e-05,1.2162242173374398,1.0700516468540284,0.0,0.0,124
4127,0.6775103221850961,0.008884549608034874,4.291534423828125e-05,1.2163064113329163,1.0700655218661397,0.0,0.0,125
4128,0.6730944229402823,0.008867545607409833,4.4345855712890625e-05,1.2163322959971665,1.0701106622949415,0.0,0.0,126
4129,0.6700082936356264,0.00885070308958921,4.5299530029296875e-05,1.2163538623973509,1.0701510101276819,0.0,0.0,127
4130,0.6669757066920405,0.00883401931496478,4.5299530029296875e-05,1.2164162915854388,1.0701560191119048,0.0,0.0,128
4131,0.662154259309108,0.008817491610561497,4.410743713378906e-05,1.2164712839951604,1.070193144148459,0.0,0.0,129
4132,0.6574157674726174,0.008801117367933932,4.2438507080078125e-05,1.216553897584673,1.0701872595511106,0.0,0.0,130
4133,0.6527478062077383,0.008784894041144091,5.412101745605469e-05,1.2165828020355525,1.0702120686471253,0.0,0.0,131
4134,0.6481463020312851,0.008768819144816961,4.482269287109375e-05,1.2166048769713174,1.0702680917095677,0.0,0.0,132
4135,0.6436104331532043,0.008752890252270239,4.291534423828125e-05,1.2166225739490273,1.070288747598039,0.0,0.0,133
4136,0.6393947183764296,0.008737104993714873,4.3392181396484375e-05,1.216654382481847,1.0703032717224183,0.0,0.0,134
4137,0.6349831437013582,0.00872146105452329,4.3392181396484375e-05,1.2167300875843035,1.0703195313950664,0.0,0.0,135
4138,0.6306384622748457,0.008705956173562252,4.363059997558594e-05,1.2167509769140208,1.0703302501816687,0.0,0.0,136
4139,0.6284785347631483,0.008690588141587543,4.220008850097656e-05,1.216786068921004,1.070343739786133,0.0,0.0,137
4140,0.6247227176320715,0.008675354799697714,4.291534423828125e-05,1.2168263535793193,1.070331197234708,0.0,0.0,138
4141,0.6213203652740361,0.008660254037844387,4.2438507080078125e-05,1.2168495281576872,1.0703454425602335,0.0,0.0,139
4142,0.6171957466201037,0.008645283793396602,4.2438507080078125e-05,1.2168823262198516,1.0703629275762163,0.0,0.0,140
4143,0.6135718398095715,0.00863044204975696,4.38690185546875e-05,1.2169256040847143,1.0702977188639955,0.0,0.0,141
4144,0.6131423230123564,0.00861572683502727,4.315376281738281e-05,1.2169567113820876,1.0702885157446371,0.0,0.0,142
4145,0.6202647540393544,0.0086011362207217,4.6253204345703125e-05,1.21692953500787,1.070275580310634,0.0,0.0,143
4146,0.6167520472183022,0.00858666832052535,4.553794860839844e-05,1.2169014784643324,1.0702455658455325,0.0,0.0,144
4147,0.6139611763903738,0.008572321289096397,4.673004150390625e-05,1.2169142794610142,1.070213225375073,0.0,0.0,145
4148,0.6100354733782034,0.00855809332091,4.458427429199219e-05,1.2168818948415738,1.0702067060086968,0.0,0.0,146
4149,0.6089085599245591,0.008543982649142209,4.38690185546875e-05,1.2168941583190471,1.0701653022388566,0.0,0.0,147
4150,0.6061912562584072,0.008529987544592306,5.3882598876953125e-05,1.2169131002786915,1.0701290452773387,0.0,0.0,148
4151,0.6554029011471548,0.008516106314641935,4.458427429199219e-05,1.21688817155876,1.0700697949311524,0.0,0.0,149
4152,0.6520666524330915,0.008502337302249594,4.5299530029296875e-05,1.2168761392008323,1.0700079287636381,0.0,0.0,150
4153,0.6480202215494181,0.008488678884979051,4.458427429199219e-05,1.2168554211426288,1.0699436509151918,0.0,0.0,151
4154,0.712347367500163,0.008475129474060322,4.506111145019531e-05,1.2167323935996839,1.069888915253328,0.0,0.0,152
4155,0.709482749919064,0.008461687513481912,4.9114227294921875e-05,1.216666239891734,1.0697951973955464,0.0,0.0,153
4156,0.7051520318340571,0.008448351479113127,4.673004150390625e-05,1.2166007303074862,1.0697027627915954,0.0,0.0,154
4157,0.7032472759811135,0.008435119877855236,4.601478576660156e-05,1.216551639651177,1.0696408192240232,0.0,0.0,155
4158,0.7094205358003578,0.008421991246820377,4.76837158203125e-05,1.2165053005539388,1.0695831648125422,0.0,0.0,156
4159,0.7053841137742837,0.008408964152537144,4.744529724121094e-05,1.2164663391894424,1.0695356733299124,0.0,0.0,157
4160,0.7048810545962959,0.008396037190181815,4.696846008300781e-05,1.216436788438012,1.0694426664219643,0.0,0.0,158
4161,0.7007110631760692,0.008383208982834242,4.7206878662109375e-05,1.2164025471651316,1.0693757709912193,0.0,0.0,159
4162,0.6973364015150586,0.008370478180757479,4.5299530029296875e-05,1.216367704057673,1.0693107753676612,0.0,0.0,160
4163,0.7427510148756911,0.00835784346070025,4.6253204345703125e-05,1.216293032928649,1.069209608049606,0.0,0.0,161
4164,0.73872016869789,0.008345303525221375,4.553794860839844e-05,1.216214038378353,1.069136782925077,0.0,0.0,162
4165,0.7344437901199972,0.008332857102035372,4.6253204345703125e-05,1.2161357681322151,1.0690646230792722,0.0,0.0,163
4166,0.7434126189447193,0.008320502943378437,5.459785461425781e-05,1.2160372630903522,1.0689585189328827,0.0,0.0,164
4167,0.7391509126011118,0.008308239825394024,4.601478576660156e-05,1.215939647164066,1.0688533681693082,0.0,0.0,165
4168,0.7463509336215006,0.008296066547537364,4.863739013671875e-05,1.2158409572983155,1.0687493489941888,0.0,0.0,166
4169,0.7427875111651054,0.008283981931998167,4.57763671875e-05,1.2157520022693509,1.0686359471715314,0.0,0.0,167
4170,0.7416775947123527,0.008271984823140907,4.5299530029296875e-05,1.2156857869228448,1.068463829799942,0.0,0.0,168
4171,0.7387827998514284,0.008260074086962011,4.601478576660156e-05,1.2156200746428905,1.0683085465798405,0.0,0.0,169
4172,0.782764522086459,0.00824824861056339,4.57763671875e-05,1.2155204322297364,1.0681275035218576,0.0,0.0,170
4173,0.8281976349911795,0.008236507301641686,4.744529724121094e-05,1.2153468655824375,1.0679709278862415,0.0,0.0,171
4174,0.8235969337090328,0.008224849087992715,4.7206878662109375e-05,1.2152102417645358,1.0677944774222368,0.0,0.0,172
4175,0.8205274675109541,0.00821327291703055,4.7206878662109375e-05,1.2150390896164007,1.0676227231040307,0.0,0.0,173
4176,0.8171690373893684,0.008201777755320747,4.696846008300781e-05,1.2148657437013295,1.0674674659600942,0.0,0.0,174
4177,0.8143437508486088,0.0081903625881272,4.6253204345703125e-05,1.214727095450286,1.0672723995217945,0.0,0.0,175
4178,0.8099241068013205,0.008179026418972184,4.7206878662109375e-05,1.214559183238608,1.0670930847575517,0.0,0.0,176
4179,0.8072459926543804,0.008167768269209105,4.696846008300781e-05,1.2144195387958556,1.0669137807028037,0.0,0.0,177
4180,0.8029148123853251,0.00815658717760753,4.673004150390625e-05,1.2142810588977668,1.0667359659715743,0.0,0.0,178
4181,0.8009216402920889,0.008145482199950087,4.839897155761719e-05,1.2141229511987113,1.0665547676038099,0.0,0.0,179
4182,0.8031965410288112,0.008134452408640835,4.696846008300781e-05,1.2139730459936422,1.0663432109835254,0.0,0.0,180
4183,0.8007986999352237,0.008123496892324696,6.175041198730469e-05,1.2138042824048376,1.066145348386423,0.0,0.0,181
4184,0.8064597729680882,0.00811261475551759,5.030632019042969e-05,1.2136266457025429,1.0659580498225603,0.0,0.0,182
4185,0.8031978715397368,0.008101805118246954,4.863739013671875e-05,1.2134835677018805,1.0657475365373985,0.0,0.0,183
4186,0.799012417558307,0.008091067115702212,4.696846008300781e-05,1.2133095033046863,1.0655579314977286,0.0,0.0,184
4187,0.797412268830039,0.00808039989789497,5.054473876953125e-05,1.2131521468202846,1.065377716832963,0.0,0.0,185
4188,0.7933077501585188,0.008069802629328547,4.8160552978515625e-05,1.2130235567177579,1.0651999952242541,0.0,0.0,186
4189,0.7892461366477982,0.008059274488676564,4.8160552978515625e-05,1.2128653509831702,1.0650424448937423,0.0,0.0,187
4190,0.7863690712081064,0.00804881466847029,4.863739013671875e-05,1.2127612030312864,1.0648446114442383,0.0,0.0,188
4191,0.7838977820101296,0.008038422374794473,4.863739013671875e-05,1.2126324063947067,1.0646636957746372,0.0,0.0,189
4192,0.7799467033394482,0.008028096826991373,4.9114227294921875e-05,1.2125046176539356,1.064484189545893,0.0,0.0,190
4193,0.777224259549891,0.008017837257372732,4.839897155761719e-05,1.2123942522260702,1.0643196399360644,0.0,0.0,191
4194,0.7752165264344463,0.00800764291093944,4.839897155761719e-05,1.2122991294199037,1.064148269760203,0.0,0.0,192
4195,0.7722915397293117,0.007997513045108656,4.8160552978515625e-05,1.2122043589527016,1.0639778554219297,0.0,0.0,193
4196,0.7693253101138009,0.007987446929448121,4.9114227294921875e-05,1.2121122598682894,1.0638087037203467,0.0,0.0,194
4197,0.767008419081852,0.007977443845417483,4.9114227294921875e-05,1.2120168801709408,1.063649398958807,0.0,0.0,195
4198,0.766138870915305,0.007967503086116367,6.222724914550781e-05,1.2119406664003944,1.0635114182343834,0.0,0.0,196
4199,0.7624155138621052,0.00795762395603903,5.030632019042969e-05,1.2118650322412863,1.0633744766412723,0.0,0.0,197
4200,0.759492174365527,0.00794780577083535,4.982948303222656e-05,1.211774760139125,1.0632507942482166,0.0,0.0,198
4201,0.7558417023070344,0.007938047857077989,4.863739013671875e-05,1.2116851661648866,1.0631280348589136,0.0,0.0,199
4202,0.7164722000583635,0.007928349552035533,0.0298306941986084,1.2200067047780387,1.01000599901193,0.0,0.0,200
4203,0.7240509502111526,0.007918710203451418,0.00012564659118652344,1.2206324434791131,1.0111318300997896,0.0,0.0,201
4204,0.7684146158952246,0.007909129169328469,6.914138793945312e-05,1.2205290248417915,1.0104234001505463,0.0,0.0,202
4205,0.7646362386858916,0.007899605817718898,5.745887756347656e-05,1.220216471495242,1.010600025555116,0.0,0.0,203
4206,0.7609817021290438,0.007890139526519586,5.626678466796875e-05,1.220108041805853,1.0100402916577966,0.0,0.0,204
4207,0.7575305418122326,0.007880729683272475,4.863739013671875e-05,1.2198480040092674,1.0103519951071838,0.0,0.0,205
4208,0.8012855593681937,0.007871375684969959,5.435943603515625e-05,1.2200178771213321,1.010084895510771,0.0,0.0,206
4209,0.7974561493327803,0.007862076937865087,5.245208740234375e-05,1.2195761051038172,1.0101328035847983,0.0,0.0,207
4210,0.793769234695512,0.007852832857286461,5.316734313964844e-05,1.2196632231639033,1.0099423076883434,0.0,0.0,208
4211,0.7902150038619005,0.007843642867457678,4.9591064453125e-05,1.2195469169729518,1.0101964486053665,0.0,0.0,209
4212,0.7867527704999979,0.007834506401321184,5.1975250244140625e-05,1.2197144615088467,1.009940536675466,0.0,0.0,210
4213,0.7828998265644906,0.007825422900366436,5.555152893066406e-05,1.2193481819331935,1.0100069536935379,0.0,0.0,211
4214,0.779534575781263,0.007816391814462205,6.437301635742188e-05,1.21951384133218,1.009757435871484,0.0,0.0,212
4215,0.7760079442667479,0.007807412601692936,5.91278076171875e-05,1.2192721811214449,1.010136386414226,0.0,0.0,213
4216,0.7728279890279648,0.007798484728199045,5.5789947509765625e-05,1.2196736467246416,1.0098072968405143,0.0,0.0,214
4217,0.7690041742712127,0.007789607668021015,5.269050598144531e-05,1.219235705938509,1.009822189556939,0.0,0.0,215
4218,0.8109036674876297,0.007780780902947218,5.5789947509765625e-05,1.2192227499958272,1.0097360546349312,0.0,0.0,216
4219,0.8071581393998241,0.007772003922365337,5.936622619628906e-05,1.2190993671142027,1.009758627105118,0.0,0.0,217
4220,0.8037448525810668,0.00776327622311729,5.91278076171875e-05,1.2192314010064533,1.0097726424022324,0.0,0.0,218
4221,0.8001005551766354,0.007754597309357559,5.316734313964844e-05,1.2189712183471146,1.009713316278803,0.0,0.0,219
4222,0.8410936312845461,0.007745966692414833,5.459785461425781e-05,1.2191349755269112,1.0096394324345814,0.0,0.0,220
4223,0.8373598868304585,0.007737383890656875,5.340576171875e-05,1.218818843643966,1.0097111052093137,0.0,0.0,221
4224,0.8337750667294554,0.007728848429358508,5.602836608886719e-05,1.2189669910056826,1.0095675854841835,0.0,0.0,222
4225,0.8301387273876877,0.007720359840572651,5.412101745605469e-05,1.2188704226963316,1.0095579765877345,0.0,0.0,223
4226,0.8267360635198044,0.007711917663004325,5.5789947509765625e-05,1.2188568060042866,1.0097037827104607,0.0,0.0,224
4227,0.823057059657391,0.007703521441887523,5.435943603515625e-05,1.2187199870237897,1.0095784958797203,0.0,0.0,225
4228,0.819621995209209,0.007695170728864904,6.079673767089844e-05,1.2188281768840397,1.0094917391212315,0.0,0.0,226
4229,0.8161379776216695,0.007686865081870188,5.459785461425781e-05,1.218603905556351,1.0095473871291596,0.0,0.0,227
4230,0.8127564180384805,0.007678604065013227,5.7220458984375e-05,1.2187675584919193,1.009467782993803,0.0,0.0,228
4231,0.809278468604093,0.007670387248467655,5.602836608886719e-05,1.2185583184084203,1.0094148985756146,0.0,0.0,229
4232,0.8144582560859697,0.007662214208361039,5.650520324707031e-05,1.2186735261108879,1.0094239111944479,0.0,0.0,230
4233,0.8110034602023976,0.007654084526667493,5.4836273193359375e-05,1.2185347270474647,1.0093839760480419,0.0,0.0,231
4234,0.8498079052498448,0.0076459977911026615,5.7220458984375e-05,1.2185851363867073,1.0093509882635598,0.0,0.0,232
4235,0.8546211278155486,0.007637953595021037,5.53131103515625e-05,1.2184255515062168,1.0092945362870511,0.0,0.0,233
4236,0.8511761424320133,0.0076299515373155265,5.793571472167969e-05,1.2184712903989419,1.0092515129578912,0.0,0.0,234
4237,0.8476524607650655,0.007621991222319221,5.5789947509765625e-05,1.218382559974558,1.0092035160749009,0.0,0.0,235
4238,0.8442507833426732,0.007614072259709305,5.626678466796875e-05,1.2183832303435822,1.009273995622853,0.0,0.0,236
4239,0.8408277316916454,0.007606194264413067,5.626678466796875e-05,1.2183134226595411,1.0092146145791445,0.0,0.0,237
4240,0.8374553260042654,0.007598356856515925,5.5789947509765625e-05,1.2182763173465474,1.0092462833071851,0.0,0.0,238
4241,0.8340835584836933,0.007590559661171446,6.532669067382812e-05,1.2182115085651999,1.0091166737733166,0.0,0.0,239
4242,0.8307935300456762,0.007582802308513298,5.7220458984375e-05,1.218151692037973,1.0091944998232198,0.0,0.0,240
4243,0.8274377062451439,0.007575084433569071,5.6743621826171875e-05,1.2180603551031064,1.0091267369009191,0.0,0.0,241
4244,0.824266028355983,0.007567405676175951,5.841255187988281e-05,1.2181730649022893,1.0091093689965602,0.0,0.0,242
4245,0.8210006298586954,0.007559765680898166,5.5789947509765625e-05,1.2180092652173704,1.0091326702730101,0.0,0.0,243
4246,0.8177995183272101,0.0075521640969461856,5.9604644775390625e-05,1.218118451405579,1.0091707903263805,0.0,0.0,244
4247,0.8145444969685213,0.007544600578097612,5.4836273193359375e-05,1.2180035469141868,1.0090872498111318,0.0,0.0,245
4248,0.8115072911069537,0.007537074782619732,5.817413330078125e-05,1.2180066880147604,1.0091763555699607,0.0,0.0,246
4249,0.8083385190128209,0.007529586373193689,5.602836608886719e-05,1.2179674492808583,1.0091336917320821,0.0,0.0,247
4250,0.8052263785862003,0.00752213501684022,6.127357482910156e-05,1.2179700697984555,1.0091705964590223,0.0,0.0,248
4251,0.8021070820870462,0.0075147203848469485,5.936622619628906e-05,1.2179369308153816,1.0091437657152582,0.0,0.0,249
4252,0.79905488370982,0.0075073421526971485,5.7220458984375e-05,1.2179382702700536,1.0091710853946207,0.0,0.0,250
4253,0.8349245312908428,0.0075,5.650520324707031e-05,1.2178979945586723,1.0091395219792374,0.0,0.0,251
4254,0.8317577368447688,0.007492693610422255,5.888938903808594e-05,1.2178924307976928,1.0091598879295696,0.0,0.0,252
4255,0.828608844358242,0.007485422671621299,6.818771362304688e-05,1.2178929658447064,1.0091458212442193,0.0,0.0,253
4256,0.8254878848195136,0.007478186875179571,5.91278076171875e-05,1.2178554442333667,1.0091410762080313,0.0,0.0,254
4257,0.8223643535313958,0.007470985916540319,5.817413330078125e-05,1.217854256953577,1.0091369113497195,0.0,0.0,255
4258,0.8192965685799694,0.007463819494944633,5.817413330078125e-05,1.2178149963122749,1.0091379994155638,0.0,0.0,256
4259,0.8162404042818644,0.007456687313369751,5.745887756347656e-05,1.2178114900330805,1.0091107651723308,0.0,0.0,257
4260,0.8132163285737235,0.007449589078468602,5.91278076171875e-05,1.2178111587635492,1.0090744873459017,0.0,0.0,258
4261,0.8479900369749738,0.007442524500510544,5.698204040527344e-05,1.2178150337361464,1.0090314258850035,0.0,0.0,259
4262,0.844848708480769,0.00743549329332329,6.008148193359375e-05,1.2177770640159116,1.0090508024836011,0.0,0.0,260
4263,0.8417337276229753,0.0074284951742359575,5.9604644775390625e-05,1.2177942390095189,1.0090219977936805,0.0,0.0,261
4264,0.8386464802059126,0.007421529864023281,6.127357482910156e-05,1.2177787917109635,1.0090049946105593,0.0,0.0,262
4265,0.8355882615740695,0.007414597086850865,6.031990051269531e-05,1.2177900710986915,1.008973419828674,0.0,0.0,263
4266,0.8325505970829675,0.007407696570221564,6.341934204101562e-05,1.2177949635187943,1.0089997769006407,0.0,0.0,264
4267,0.8295291495995398,0.0074008280449228536,6.103515625e-05,1.2177937847073184,1.0089576305619703,0.0,0.0,265
4268,0.8265402851347561,0.007393991244975262,6.866455078125e-05,1.2178018990074748,1.0089777681377232,0.0,0.0,266
4269,0.8235762442690737,0.007387185907581785,5.9604644775390625e-05,1.217806916217499,1.0089194683608091,0.0,0.0,267
4270,0.8206251909080092,0.007380411773078261,5.91278076171875e-05,1.2178196915218016,1.0089409881710216,0.0,0.0,268
4271,0.8540619314462958,0.007373668584884726,6.198883056640625e-05,1.2178059140130524,1.0088647509345943,0.0,0.0,269
4272,0.8510139651725829,0.0073669560894576705,6.151199340820312e-05,1.2177607851762702,1.0088986388749823,0.0,0.0,270
4273,0.8479886249847827,0.007360274036243225,6.127357482910156e-05,1.2177538608216398,1.008815001158225,0.0,0.0,271
4274,0.844996254551867,0.00735362217763123,6.198883056640625e-05,1.2177206041575956,1.0088527464850716,0.0,0.0,272
4275,0.8420209082118111,0.007347000268910165,6.175041198730469e-05,1.217713545517863,1.0087913474968773,0.0,0.0,273
4276,0.8390637066810503,0.0073404080682229434,6.031990051269531e-05,1.217664866424119,1.0088117482694263,0.0,0.0,274
4277,0.8716767813148808,0.007333845336523515,6.008148193359375e-05,1.2176426774723348,1.0087594854345416,0.0,0.0,275
4278,0.8686357095430094,0.0073273118375343105,6.341934204101562e-05,1.2175936007905315,1.0087697994753682,0.0,0.0,276
4279,0.8656443055728724,0.007320807337704443,6.365776062011719e-05,1.2176092236672345,1.0087141094669896,0.0,0.0,277
4280,0.862650365015439,0.007314331606168725,6.222724914550781e-05,1.2175470712115908,1.0087458796743547,0.0,0.0,278
4281,0.859656850243944,0.0073078844147074044,7.081031799316406e-05,1.2175295844658272,1.0087014867115112,0.0,0.0,279
4282,0.8567612910785851,0.0073014655377066804,6.365776062011719e-05,1.2174694690523447,1.008741330799445,0.0,0.0,280
4283,0.8608030052100492,0.0072950747521199144,6.365776062011719e-05,1.2174709815104672,1.0086735506073163,0.0,0.0,281
4284,0.8578697714151173,0.007288711837429572,6.341934204101562e-05,1.217392426827539,1.008701957492506,0.0,0.0,282
4285,0.8549387513408417,0.007282376575609852,6.031990051269531e-05,1.21738869420671,1.0086560239223155,0.0,0.0,283
4286,0.8864696946372189,0.007276068751089989,6.103515625e-05,1.2173152274373782,1.0086888405106194,0.0,0.0,284
4287,0.8834671764320715,0.007269788150718239,6.365776062011719e-05,1.2173345113339258,1.0086525062274483,0.0,0.0,285
4288,0.8804988236940942,0.007263534563726494,6.246566772460938e-05,1.2172450480880181,1.0086702551613163,0.0,0.0,286
4289,0.8775298393576907,0.007257307781695548,6.198883056640625e-05,1.2172481624919849,1.0086378491433743,0.0,0.0,287
4290,0.8745914203214266,0.0072511075985209825,6.198883056640625e-05,1.217178647734032,1.0086628678813703,0.0,0.0,288
4291,0.8716703096663566,0.007244933810379664,6.341934204101562e-05,1.2172006659350136,1.008632181407028,0.0,0.0,289
4292,0.868780015238977,0.0072387862156968255,6.365776062011719e-05,1.2171179903204905,1.0086409901923223,0.0,0.0,290
4293,0.8726398867664754,0.007232664615113759,6.175041198730469e-05,1.217146079664066,1.0085987787552555,0.0,0.0,291
4294,0.8764518317793407,0.0072265688114560534,7.176399230957031e-05,1.2170578620135917,1.0086234782526111,0.0,0.0,292
4295,0.8735676564850037,0.0072204986097024,6.270408630371094e-05,1.2170819414713439,1.0085608058137054,0.0,0.0,293
4296,0.9039504152415949,0.007214453816953964,6.389617919921875e-05,1.2169974030513218,1.0085794653519558,0.0,0.0,294
4297,0.9009962107635245,0.007208434242404263,6.508827209472656e-05,1.2170251466510107,1.0085401849153994,0.0,0.0,295
4298,0.8980650465234107,0.007202439697309595,6.4849853515625e-05,1.2169464659791054,1.0085486967545392,0.0,0.0,296
4299,0.8951319924321833,0.007196469994959976,6.198883056640625e-05,1.2169706245804122,1.0085001494837147,0.0,0.0,297
4300,0.9250864910308315,0.007190524950650568,6.246566772460938e-05,1.2168578095447176,1.0085166480916974,0.0,0.0,298
4301,0.9286465993968177,0.00718460438165362,6.365776062011719e-05,1.2168577108484375,1.0084805718745822,0.0,0.0,299
4302,0.9256442394211132,0.007178708107190884,6.318092346191406e-05,1.2167319998071846,1.0085033090689384,0.0,0.0,300
4303,0.9226542222001377,0.007172835948406505,6.365776062011719e-05,1.21673754464524,1.0084521421714676,0.0,0.0,301
4304,0.9196989925773933,0.00716698772834037,6.341934204101562e-05,1.2166377004811804,1.0084877655194975,0.0,0.0,302
4305,0.9231998975433782,0.007161163271901924,6.29425048828125e-05,1.2166347321324922,1.0084123559281912,0.0,0.0,303
4306,0.9202599351185595,0.0071553624058444225,6.771087646484375e-05,1.2165432466439359,1.0084460200492602,0.0,0.0,304
4307,0.9173555279417562,0.007149584958739622,6.67572021484375e-05,1.2165424340017892,1.0083730209355948,0.0,0.0,305
4308,0.9145296673550769,0.007143830760952896,6.699562072753906e-05,1.2164698664191107,1.0083821492233833,0.0,0.0,306
4309,0.918033617274531,0.007138099644618783,6.532669067382812e-05,1.2164793616751572,1.0082790648370006,0.0,0.0,307
4310,0.915174738204433,0.007132391443616925,6.604194641113281e-05,1.216423209806865,1.0083026547804699,0.0,0.0,308
4311,0.912307821461229,0.007126705993548424,6.747245788574219e-05,1.2164285901329888,1.008206866836243,0.0,0.0,309
4312,0.9094772972275674,0.007121043131712586,7.009506225585938e-05,1.2163466389270396,1.0082295725383206,0.0,0.0,310
4313,0.9066429735659578,0.007115402697084058,6.794929504394531e-05,1.2163461866404013,1.0081199041162483,0.0,0.0,311
4314,0.9038313859137677,0.007109784530290333,6.699562072753906e-05,1.2162568257994568,1.0081495952254975,0.0,0.0,312
4315,0.9011960480217981,0.007104188473589647,6.628036499023438e-05,1.216265268404448,1.0080550868328937,0.0,0.0,313
4316,0.8984222075874196,0.007098614370849207,7.009506225585938e-05,1.216195073903441,1.0081126512097662,0.0,0.0,314
4317,0.8956481119486526,0.007093062067523819,6.532669067382812e-05,1.2162049779332509,1.0080085632059481,0.0,0.0,315
4318,0.8929207007405096,0.007087531410634825,8.177757263183594e-05,1.2161481381594021,1.0080700529057207,0.0,0.0,316
4319,0.9210308346981382,0.007082022248749417,6.961822509765625e-05,1.2161510599388101,1.0079609928733535,0.0,0.0,317
4320,0.9243588587805212,0.007076534431960262,7.200241088867188e-05,1.2160784361114836,1.008022288402004,0.0,0.0,318
4321,0.9215759153966981,0.007071067811865475,6.794929504394531e-05,1.2160676052852302,1.007913587668756,0.0,0.0,319
4322,0.9188130103552618,0.007065622241548908,6.771087646484375e-05,1.2160375211910932,1.0079124929331016,0.0,0.0,320
4323,0.9160388060078305,0.007060197575560759,6.937980651855469e-05,1.2159723644815543,1.0078573184881168,0.0,0.0,321
4324,0.9133417555894935,0.007054793669898489,6.961822509765625e-05,1.2159426623200607,1.0078625913341677,0.0,0.0,322
4325,0.9106035405689689,0.007049410381988052,6.628036499023438e-05,1.2158719017056088,1.0078335116307242,0.0,0.0,323
4326,0.9078885719979137,0.00704404757066542,6.914138793945312e-05,1.2158471147390402,1.0078201366710853,0.0,0.0,324
4327,0.9051779801547037,0.0070387050961584,6.937980651855469e-05,1.215796878663523,1.0078057683400836,0.0,0.0,325
4328,0.9025269875440903,0.007033382820068743,6.866455078125e-05,1.2157553842741746,1.0077862357012526,0.0,0.0,326
4329,0.8998477882595913,0.007028080605354542,6.651878356933594e-05,1.2157082998104571,1.0077682845334295,0.0,0.0,327
4330,0.8972254759551567,0.007022798316312891,7.724761962890625e-05,1.2156940585521783,1.0077275457369814,0.0,0.0,328
4331,0.8945836589486859,0.007017535818562842,6.723403930664062e-05,1.2156690753888697,1.0076973692457087,0.0,0.0,329
4332,0.9215960107701565,0.0070122929790285985,7.05718994140625e-05,1.2156501656083187,1.007668305812928,0.0,0.0,330
4333,0.9189016829232467,0.007007069665923001,6.651878356933594e-05,1.215609328603396,1.0076376268678944,0.0,0.0,331
4334,0.9162114713595212,0.007001865748731255,6.961822509765625e-05,1.2155738810166816,1.007600861635613,0.0,0.0,332
4335,0.9135469653932353,0.006996681098194908,7.081031799316406e-05,1.2155418797041044,1.00758157389329,0.0,0.0,333
4336,0.9108883105642454,0.006991515586296089,7.009506225585938e-05,1.21550464483404,1.007559320508315,0.0,0.0,334
4337,0.908256746704654,0.006986369086241982,7.05718994140625e-05,1.2154851266089763,1.0075139957785193,0.0,0.0,335
4338,0.9056364402245451,0.006981241472449539,6.961822509765625e-05,1.2154310862735762,1.0074872224087563,0.0,0.0,336
4339,0.9320083858471118,0.00697613262053043,6.818771362304688e-05,1.2154345806766884,1.007453880088755,0.0,0.0,337
4340,0.9293228145514626,0.006971042407276224,6.914138793945312e-05,1.2153719267455754,1.0074238347530653,0.0,0.0,338
4341,0.9324535021291909,0.0069659707106438,6.842613220214844e-05,1.2153483118165973,1.007383656406508,0.0,0.0,339
4342,0.9298400330696427,0.0069609174097409665,8.106231689453125e-05,1.2153099454824785,1.007344010551149,0.0,0.0,340
4343,0.9271853824638414,0.00695588238481232,6.937980651855469e-05,1.21529041511821,1.0073088719012522,0.0,0.0,341
4344,0.9245650409205339,0.006950865517225297,6.818771362304688e-05,1.2152694106221018,1.0072768374155239,0.0,0.0,342
4345,0.9219530538341523,0.006945866689456455,6.866455078125e-05,1.2152369162731285,1.0072441942957067,0.0,0.0,343
4346,0.9193545427518,0.006940885785077941,6.937980651855469e-05,1.215222796303033,1.0072176311143877,0.0,0.0,344
4347,0.9167622919887256,0.006935922688744186,7.367134094238281e-05,1.215184213329581,1.0071860416107834,0.0,0.0,345
4348,0.9141843755487153,0.006930977286178777,6.818771362304688e-05,1.215157666650073,1.0071644503814416,0.0,0.0,346
4349,0.9116263667920839,0.006926049464161539,6.842613220214844e-05,1.21510713038042,1.0071562578215576,0.0,0.0,347
4350,0.9090770715119662,0.006921139110515801,6.866455078125e-05,1.2150668126725477,1.0071182242528134,0.0,0.0,348
4351,0.906552748439753,0.006916246114095857,6.842613220214844e-05,1.2150380344307832,1.007110782949908,0.0,0.0,349
4352,0.9040407165638156,0.006911370364774613,7.200241088867188e-05,1.2149969926457949,1.0070750131938309,0.0,0.0,350
4353,0.9293991197171035,0.006906511753431409,8.249282836914062e-05,1.2149385629839906,1.0070467820545954,0.0,0.0,351
4354,0.926826940032921,0.006901670171940027,7.152557373046875e-05,1.2149051780602989,1.0070262777988284,0.0,0.0,352
4355,0.9243341411679437,0.006896845513156873,7.343292236328125e-05,1.2148493740592525,1.0070015320101264,0.0,0.0,353
4356,0.9218303179094494,0.0068920376709093335,7.271766662597656e-05,1.2148181580974233,1.0069809938076104,0.0,0.0,354
4357,0.9193073510635904,0.006887246539984298,6.985664367675781e-05,1.21478955602328,1.0069646591943957,0.0,0.0,355
4358,0.9168144161079249,0.006882472016116852,7.271766662597656e-05,1.2147541310630547,1.0069379698777547,0.0,0.0,356
4359,0.9144555723090565,0.0068777139959791365,6.890296936035156e-05,1.2147181404135674,1.0069408979852237,0.0,0.0,357
4360,0.9119703341189526,0.006872972377169359,7.176399230957031e-05,1.2146849761554999,1.006904001857553,0.0,0.0,358
4361,0.9095043400114153,0.006868247058200973,7.486343383789062e-05,1.21465001236518,1.0068927186713699,0.0,0.0,359
4362,0.9070616924317197,0.006863537938492015,7.367134094238281e-05,1.2146174621731936,1.0068643928000016,0.0,0.0,360
4363,0.904644756646881,0.006858844918354584,7.104873657226562e-05,1.2145833873501142,1.0068485973305927,0.0,0.0,361
4364,0.907617245411747,0.006854167898984475,7.05718994140625e-05,1.2145476632086174,1.006832322773824,0.0,0.0,362
4365,0.9052073063573334,0.006849506782450969,7.987022399902344e-05,1.2145082587651437,1.0068245589931315,0.0,0.0,363
4366,0.90281142681586,0.006844861471686759,7.462501525878906e-05,1.2144810140907023,1.0067823399902742,0.0,0.0,364
4367,0.9271907575780329,0.0068402318704780226,7.271766662597656e-05,1.214433730299384,1.0067741970270516,0.0,0.0,365
4368,0.9247252926723353,0.006835617883454636,7.271766662597656e-05,1.2144013846426902,1.0067597568485407,0.0,0.0,366
4369,0.927600019866786,0.006831019416080527,7.677078247070312e-05,1.2143677647084576,1.006727698154544,0.0,0.0,367
4370,0.9251506753543958,0.0068264363746441525,7.367134094238281e-05,1.214325837387616,1.0067151334106623,0.0,0.0,368
4371,0.922707478568434,0.006821868666249133,7.390975952148438e-05,1.2142939966061972,1.0066838452647544,0.0,0.0,369
4372,0.920277734338627,0.006817316198804996,7.367134094238281e-05,1.214252140165496,1.0066687827173795,0.0,0.0,370
4373,0.9179019908189265,0.006812778881018062,6.985664367675781e-05,1.2142217847429668,1.0066384976337246,0.0,0.0,371
4374,0.91549814985288,0.006808256622382446,7.009506225585938e-05,1.2141835363176023,1.006629180690197,0.0,0.0,372
4375,0.9131414033042993,0.006803749333171201,7.390975952148438e-05,1.2141466171990238,1.0066183888992297,0.0,0.0,373
4376,0.9107967890557528,0.006799256924427571,8.463859558105469e-05,1.2141178047003338,1.0065808633477074,0.0,0.0,374
4377,0.9084951956600262,0.006794779307956362,7.295608520507812e-05,1.2140810004473142,1.0065698133234777,0.0,0.0,375
4378,0.906142604922944,0.006790316396315447,7.05718994140625e-05,1.2140432109080965,1.0065552020937014,0.0,0.0,376
4379,0.9038045647522344,0.006785868102807376,7.43865966796875e-05,1.2140241330025978,1.0065247838037588,0.0,0.0,377
4380,0.9015044109227944,0.006781434341471105,7.390975952148438e-05,1.2139939268579878,1.0065135863981873,0.0,0.0,378
4381,0.8991928506279233,0.006777015027073836,7.128715515136719e-05,1.2139636492561587,1.0064911778753471,0.0,0.0,379
4382,0.8968920251845457,0.006772610075102973,7.295608520507812e-05,1.2139346069235826,1.006472768162724,0.0,0.0,380
4383,0.8946125261833391,0.006768219401758183,7.486343383789062e-05,1.2138961546021485,1.0064504505215255,0.0,0.0,381
4384,0.9178765284726107,0.006763842923943562,7.581710815429688e-05,1.2138593179192023,1.0064259891158747,0.0,0.0,382
4385,0.9155399812330673,0.006759480559259924,7.224082946777344e-05,1.2138226524195308,1.0064016241195564,0.0,0.0,383
4386,0.9132265813618237,0.006755132225997167,7.462501525878906e-05,1.21378554390837,1.0063780053914735,0.0,0.0,384
4387,0.9363153814908971,0.006750797843126765,8.296966552734375e-05,1.2137391084224143,1.0063535378174082,0.0,0.0,385
4388,0.9339597929896339,0.006746477330294353,7.534027099609375e-05,1.2136942382891043,1.0063318160963093,0.0,0.0,386
4389,0.9316314158438848,0.006742170607812403,7.486343383789062e-05,1.2136504473906757,1.006310037808758,0.0,0.0,387
4390,0.9544692678617922,0.0067378775966530175,7.534027099609375e-05,1.213601034373204,1.0062849888998457,0.0,0.0,388
4391,0.9520689327499319,0.0067335982184407945,7.200241088867188e-05,1.2135518125652534,1.0062600371133568,0.0,0.0,389
4392,0.9497330344514117,0.006729332395445813,7.2479248046875e-05,1.2135038090549368,1.0062381324313672,0.0,0.0,390
4393,0.9474235084111177,0.0067250800505766865,7.200241088867188e-05,1.2134616941966745,1.0062174997760978,0.0,0.0,391
4394,0.945087389589324,0.006720841107373734,7.271766662597656e-05,1.21343398645654,1.0061857072446754,0.0,0.0,392
4395,0.9676654359260565,0.0067166154900022155,7.200241088867188e-05,1.2133837106635905,1.0061633047094485,0.0,0.0,393
4396,0.9900082576250326,0.006712403123245675,7.653236389160156e-05,1.2133268481114245,1.0061418797133208,0.0,0.0,394
4397,0.9875473593571591,0.006708203932499369,7.271766662597656e-05,1.2132757344560563,1.006093462658405,0.0,0.0,395
4398,0.9851337286210138,0.006704017843763769,8.440017700195312e-05,1.2132190433207863,1.0060760960583819,0.0,0.0,396
4399,0.9827249837567587,0.006699844783638161,7.653236389160156e-05,1.2131728521374752,1.0060427559347935,0.0,0.0,397
4400,0.9804817734445719,0.006695684679314328,7.700920104980469e-05,1.2131310554503816,1.0060085738309241,0.0,0.0,398
4401,0.9780903972122968,0.006691537458570302,7.605552673339844e-05,1.2130846951428162,1.0060066978468618,0.0,0.0,399
4402,0.7966471031819826,0.006687403049764219,0.599677562713623,0.8858201409276403,0.8455960491563126,0.0,0.0,400
4403,0.8016636497062251,0.00668328138182823,0.000179290771484375,0.8858320457384531,0.8455919376925217,0.0,0.0,401
4404,0.8018387875443507,0.006679172384262505,0.00010371208190917969,0.8858398428467233,0.8455956530218299,0.0,0.0,402
4405,0.8021625004619123,0.006675075987129311,8.678436279296875e-05,0.8858573738936625,0.8455924813743064,0.0,0.0,403
4406,0.8007938382673078,0.006670992121047167,8.654594421386719e-05,0.8858576852595008,0.8455951344667555,0.0,0.0,404
4407,0.7999976178146748,0.006666920717185072,7.891654968261719e-05,0.8858734502493931,0.8455944402287722,0.0,0.0,405
4408,0.799255043221595,0.006662861707256809,8.130073547363281e-05,0.8858784647095416,0.8455980489135041,0.0,0.0,406
4409,0.7973563417918346,0.00665881502351531,7.915496826171875e-05,0.8858908661242398,0.8455973613616493,0.0,0.0,407
4410,0.8046074089022661,0.006654780598747118,7.82012939453125e-05,0.8858932466074976,0.845604646427214,0.0,0.0,408
4411,0.8038748513223112,0.006650758366266898,8.440017700195312e-05,0.8859042589247196,0.8456051038594303,0.0,0.0,409
4412,0.8028903785143295,0.006646748259912018,7.987022399902344e-05,0.8859179169880123,0.8456075079625357,0.0,0.0,410
4413,0.8022802630395209,0.006642750214037211,7.677078247070312e-05,0.8859299242100594,0.8456104464629732,0.0,0.0,411
4414,0.8014737527035175,0.006638764163509294,7.748603820800781e-05,0.8859412345632492,0.8456067884071503,0.0,0.0,412
4415,0.8009806188708095,0.00663479004370196,8.082389831542969e-05,0.8859464220176334,0.8456093473048333,0.0,0.0,413
4416,0.7998083882279393,0.0066308277904906275,7.82012939453125e-05,0.8859602354351483,0.845605810506603,0.0,0.0,414
4417,0.8008978946450938,0.006626877340247366,7.748603820800781e-05,0.8859644112239138,0.8456066060942464,0.0,0.0,415
4418,0.8011495459280239,0.006622938629835863,8.034706115722656e-05,0.8859721385756645,0.8456014101678125,0.0,0.0,416
4419,0.8032685208258846,0.00661901159660649,8.153915405273438e-05,0.8859802032032327,0.8456023878759144,0.0,0.0,417
4420,0.8143985630184218,0.0066150961783913885,7.748603820800781e-05,0.8859839710361344,0.8456024709039474,0.0,0.0,418
4421,0.8172474352510143,0.006611192313499652,8.96453857421875e-05,0.885995248041603,0.8455969709345849,0.0,0.0,419
4422,0.8153635386784021,0.00660729994071254,7.82012939453125e-05,0.8860027981641911,0.8455930177392175,0.0,0.0,420
4423,0.8160075038950955,0.00660341899927877,8.082389831542969e-05,0.886014394584953,0.8455894753339649,0.0,0.0,421
4424,0.8179109817456678,0.00659954942890986,7.748603820800781e-05,0.886028162258603,0.8455823939048089,0.0,0.0,422
4425,0.8167166863814347,0.006595691169775527,7.843971252441406e-05,0.8860350032950984,0.8455764690239457,0.0,0.0,423
4426,0.8168985051507576,0.006591844162499147,8.082389831542969e-05,0.8860454013687606,0.8455677436207195,0.0,0.0,424
4427,0.8150370988715906,0.006588008348153263,8.177757263183594e-05,0.8860500995639462,0.8455591855277274,0.0,0.0,425
4428,0.8138664294362721,0.006584183668255156,8.20159912109375e-05,0.8860539484880374,0.8455505826024674,0.0,0.0,426
4429,0.813535227015649,0.006580370064762462,7.82012939453125e-05,0.8860648028555107,0.8455415239064371,0.0,0.0,427
4430,0.8118062406165878,0.006576567480068849,8.130073547363281e-05,0.8860656490413209,0.8455396631062068,0.0,0.0,428
4431,0.8119223574803428,0.006572775856999745,8.821487426757812e-05,0.8860769498482983,0.8455351528789324,0.0,0.0,429
4432,0.8164227891182165,0.006568995138808109,7.915496826171875e-05,0.8860858648431457,0.8455216671687416,0.0,0.0,430
4433,0.8171329683147426,0.006565225269170268,7.939338684082031e-05,0.8860941148028871,0.8455044121824611,0.0,0.0,431
4434,0.816130167803529,0.00656146619218179,8.130073547363281e-05,0.886102103552835,0.8454894081433031,0.0,0.0,432
4435,0.81430381021574,0.0065577178523534155,7.891654968261719e-05,0.8861143026297341,0.8454757883279909,0.0,0.0,433
4436,0.8124858635648915,0.006553980194607037,7.772445678710938e-05,0.8861256838564916,0.8454608006887626,0.0,0.0,434
4437,0.8107106410101094,0.006550253164271718,7.748603820800781e-05,0.8861336177857385,0.8454483249213556,0.0,0.0,435
4438,0.8089093104471089,0.006546536707079772,7.891654968261719e-05,0.8861449474894841,0.8454358051131426,0.0,0.0,436
4439,0.8077012068364344,0.006542830769162876,8.320808410644531e-05,0.8861568038166742,0.8454260720823541,0.0,0.0,437
4440,0.8077993714467188,0.006539135297048241,8.20159912109375e-05,0.8861621619494102,0.8454124126351479,0.0,0.0,438
4441,0.8064823097070737,0.006535450237654821,8.821487426757812e-05,0.8861805946474106,0.8453962736157888,0.0,0.0,439
4442,0.8062799842481767,0.006531775538289567,7.963180541992188e-05,0.8861841750218389,0.8453831373835118,0.0,0.0,440
4443,0.8053171161016396,0.006528111146643725,7.915496826171875e-05,0.886189057734353,0.8453706212297356,0.0,0.0,441
4444,0.8036098006068717,0.006524457010789189,7.915496826171875e-05,0.886190752156294,0.8453609343896761,0.0,0.0,442
4445,0.8051513721716431,0.006520813079174871,7.939338684082031e-05,0.8861958837193264,0.8453501454330337,0.0,0.0,443
4446,0.8041651017217368,0.006517179300623144,7.987022399902344e-05,0.8862016127260003,0.8453390525143434,0.0,0.0,444
4447,0.8132733177051962,0.006513555624326305,8.034706115722656e-05,0.8862064073056439,0.8453276714677298,0.0,0.0,445
4448,0.8137942363907389,0.006509941999843086,8.249282836914062e-05,0.8862111988385561,0.8453102728218778,0.0,0.0,446
4449,0.812028222506719,0.006506338377095206,8.034706115722656e-05,0.8862153896732506,0.8452992701422083,0.0,0.0,447
4450,0.8102701111330364,0.006502744706363964,8.0108642578125e-05,0.8862155400681694,0.8452870386266181,0.0,0.0,448
4451,0.8099753053494936,0.006499160938286871,8.344650268554688e-05,0.886224306348478,0.8452709099752092,0.0,0.0,449
4452,0.8082293472480151,0.0064955870238543175,8.487701416015625e-05,0.8862244628728793,0.8452585945198962,0.0,0.0,450
4453,0.8082787791033732,0.006492022914406282,8.0108642578125e-05,0.8862283157211368,0.8452481319220445,0.0,0.0,451
4454,0.8080008032822924,0.006488468561629078,8.392333984375e-05,0.8862369201172434,0.8452343828884207,0.0,0.0,452
4455,0.8123200949344517,0.006484923917552139,8.20159912109375e-05,0.8862345503270999,0.8452236509206139,0.0,0.0,453
4456,0.810773311018371,0.00648138893454484,8.416175842285156e-05,0.8862391031506158,0.8452096584966461,0.0,0.0,454
4457,0.8159176415807964,0.006477863565313345,8.177757263183594e-05,0.8862450286586919,0.8452073892938,0.0,0.0,455
4458,0.8162616213557652,0.00647434776289751,8.463859558105469e-05,0.8862500247780667,0.8451977974056917,0.0,0.0,456
4459,0.8229044546502321,0.006470841480667811,8.58306884765625e-05,0.8862584621995074,0.8451903683589146,0.0,0.0,457
4460,0.821159598323825,0.006467344672322295,8.273124694824219e-05,0.886262975727075,0.8451817389137737,0.0,0.0,458
4461,0.8279463541544383,0.00646385729188359,9.250640869140625e-05,0.8862638393265666,0.8451710467074236,0.0,0.0,459
4462,0.828051478092451,0.006460379293695932,8.440017700195312e-05,0.8862644098738499,0.8451602915322732,0.0,0.0,460
4463,0.8280232927555838,0.006456910632422224,8.463859558105469e-05,0.8862648332976414,0.8451500162061375,0.0,0.0,461
4464,0.8287102692947693,0.006453451263041139,8.7738037109375e-05,0.8862647661265448,0.8451401738600376,0.0,0.0,462
4465,0.8294425408014201,0.006450001140844254,8.487701416015625e-05,0.8862636597559025,0.8451319918402498,0.0,0.0,463
4466,0.8279176412532268,0.006446560221433203,8.511543273925781e-05,0.8862619374953573,0.8451251861160604,0.0,0.0,464
4467,0.8299362513555445,0.006443128460716877,8.654594421386719e-05,0.8862585070435613,0.8451168154486141,0.0,0.0,465
4468,0.8284520803029711,0.006439705814908646,8.869171142578125e-05,0.8862564587772098,0.8451108525315774,0.0,0.0,466
4469,0.8283792481793816,0.006436292240523618,8.344650268554688e-05,0.8862535671725452,0.845106275835862,0.0,0.0,467
4470,0.8303392980058677,0.006432887694375929,8.606910705566406e-05,0.8862523775774036,0.8450982792793712,0.0,0.0,468
4471,0.8310801183051947,0.006429492133576047,9.894371032714844e-05,0.8862492020083557,0.8450863675498038,0.0,0.0,469
4472,0.8313768548134055,0.0064261055155281355,8.559226989746094e-05,0.8862439059785093,0.8450704569485271,0.0,0.0,470
4473,0.8299841489249246,0.006422727797927411,8.606910705566406e-05,0.8862386379983208,0.8450563616879524,0.0,0.0,471
4474,0.8315626334742051,0.006419358938757569,8.606910705566406e-05,0.8862339613680625,0.8450418231996594,0.0,0.0,472
4475,0.8316853392476317,0.006415998896288196,8.440017700195312e-05,0.8862302536126708,0.845028252578584,0.0,0.0,473
4476,0.8299775263106628,0.006412647629072243,8.392333984375e-05,0.886227004051963,0.8450147252357126,0.0,0.0,474
4477,0.8331373888281516,0.006409305095943511,8.440017700195312e-05,0.8862230210460404,0.8450011495836711,0.0,0.0,475
4478,0.8336279725131575,0.006405971256014172,8.845329284667969e-05,0.8862189143236341,0.8449879033701506,0.0,0.0,476
4479,0.8376928105503768,0.006402646068672306,8.702278137207031e-05,0.8862117581954075,0.8449653712478212,0.0,0.0,477
4480,0.8379825065129267,0.006399329493579472,8.678436279296875e-05,0.8862044989605313,0.8449437695048018,0.0,0.0,478
4481,0.8376985719158732,0.006396021490668312,9.441375732421875e-05,0.8861961092257967,0.8449218770002238,0.0,0.0,479
4482,0.8359977666988881,0.006392722020140167,8.678436279296875e-05,0.8861877464597425,0.8449000531610571,0.0,0.0,480
4483,0.8380940799644361,0.006389431042462725,8.654594421386719e-05,0.8861781703607763,0.8448781212045539,0.0,0.0,481
4484,0.8389025231163671,0.006386148518367696,8.726119995117188e-05,0.8861690017953546,0.8448556710418552,0.0,0.0,482
4485,0.8457589041323824,0.0063828744088485195,8.392333984375e-05,0.8861581133604497,0.84483226300181,0.0,1.0,483
4486,0.8494396218639158,0.00637960867515807,8.821487426757812e-05,0.8861455416102091,0.8448095891575252,0.0,1.0,484
4487,0.8479319843270576,0.006376351278806422,8.678436279296875e-05,0.8861331341018439,0.8447882011892909,0.0,1.0,485
4488,0.8466967338049873,0.006373102181558615,8.7738037109375e-05,0.8861207537460651,0.8447670067054878,0.0,1.0,486
4489,0.8454949805095138,0.006369861345432446,8.487701416015625e-05,0.8861058624037882,0.8447468176133327,0.0,1.0,487
4490,0.8502811998548395,0.006366628732696296,0.00010204315185546875,0.8860904788641494,0.8447267955876252,0.0,1.0,488
4491,0.8494189991053142,0.006363404305866969,8.916854858398438e-05,0.8860752675907594,0.8447100840836487,0.0,1.0,489
4492,0.8484468766126375,0.006360188027707555,8.749961853027344e-05,0.8860606436491867,0.8446955336826639,0.0,1.0,490
4493,0.8490028756026017,0.006356979861225324,8.702278137207031e-05,0.8860489647730294,0.844682941429846,0.0,1.0,491
4494,0.8493605394512013,0.006353779769669633,8.7738037109375e-05,0.8860369831425333,0.8446712329903346,0.0,1.0,492
4495,0.8495565936770767,0.006350587716529855,9.107589721679688e-05,0.8860240900356825,0.8446605380036505,0.0,1.0,493
4496,0.8489704667627048,0.006347403665533339,8.893013000488281e-05,0.8860120203771542,0.8446482863099396,0.0,1.0,494
4497,0.8525816767711317,0.006344227580643384,8.845329284667969e-05,0.8859998119029217,0.8446365057492408,0.0,1.0,495
4498,0.8518324478490583,0.006341059426057236,8.821487426757812e-05,0.8859879983054364,0.8446204719307151,0.0,1.0,496
4499,0.8509828820878267,0.006337899166204103,9.012222290039062e-05,0.88597915235654,0.8446073752891143,0.0,1.0,497
4500,0.8527575739715934,0.006334746765743197,9.274482727050781e-05,0.8859678863579546,0.8445980187660876,0.0,1.0,498
4501,0.8510910644287967,0.00633160218956179,8.749961853027344e-05,0.8859566548796184,0.8445886906467547,0.0,1.0,499
4502,0.8506653975811886,0.006328465402773299,8.797645568847656e-05,0.8859455431397109,0.8445790120032138,0.0,1.0,500
4503,0.8507665455527093,0.006325336370715381,8.845329284667969e-05,0.8859335647396762,0.8445661518271903,0.0,1.0,501
4504,0.8499112755740693,0.006322215058948049,8.678436279296875e-05,0.8859227724643662,0.8445539894310948,0.0,1.0,502
4505,0.8517770039029079,0.006319101433251813,8.797645568847656e-05,0.8859093406190294,0.8445393869586527,0.0,1.0,503
4506,0.8506908777818044,0.006315995459625843,8.797645568847656e-05,0.885897031194987,0.8445243210552472,0.0,1.0,504
4507,0.8505924319021594,0.006312897104286137,8.726119995117188e-05,0.8858848761616716,0.8445100420055092,0.0,1.0,505
4508,0.8489521443601452,0.00630980633366372,8.797645568847656e-05,0.8858727578179517,0.8444958055392894,0.0,1.0,506
4509,0.8483584453979576,0.00630672311440286,9.870529174804688e-05,0.8858613053001534,0.8444825921280474,0.0,1.0,507
4510,0.8467292213973465,0.006303647413359293,9.012222290039062e-05,0.8858498872585023,0.8444694179934186,0.0,1.0,508
4511,0.8473224061976465,0.006300579197598486,8.940696716308594e-05,0.8858370045586372,0.844456040175385,0.0,1.0,509
4512,0.8472056102252286,0.006297518434393888,8.821487426757812e-05,0.8858242324051345,0.8444430876894455,0.0,1.0,510
4513,0.8479953219541813,0.006294465091225232,8.893013000488281e-05,0.8858105236107289,0.8444286005492623,0.0,1.0,511
4514,0.8524957752029338,0.006291419135776826,8.821487426757812e-05,0.8857968433566091,0.8444148350377914,0.0,1.0,512
4515,0.8538659647171233,0.006288380535935879,8.797645568847656e-05,0.8857834470584368,0.8444022805896191,0.0,1.0,513
4516,0.854643397219117,0.006285349259790838,8.845329284667969e-05,0.8857602210723303,0.8443815286927833,0.0,1.0,514
4517,0.8536024451153481,0.006282325275629743,8.893013000488281e-05,0.8857372922596608,0.8443617886471384,0.0,1.0,515
4518,0.8590871424154467,0.00627930855193859,0.00010132789611816406,0.8857103330768389,0.8443442623023923,0.0,1.0,516
4519,0.8577832813793225,0.0062762990573997325,8.940696716308594e-05,0.8856839495380396,0.8443279673501352,0.0,1.0,517
4520,0.856870142380239,0.0062732967608902694,9.059906005859375e-05,0.8856579521604226,0.8443125985584973,0.0,1.0,518
4521,0.8552548993781445,0.0062703016314804745,9.036064147949219e-05,0.8856320304528086,0.8442972744154068,0.0,1.0,519
4522,0.8559538387753876,0.006267313638432229,9.083747863769531e-05,0.8856060618603201,0.8442812621524225,0.0,1.0,520
4523,0.8550304473608423,0.00626433275119747,9.226799011230469e-05,0.8855801594086483,0.8442644197885052,0.0,1.0,521
4524,0.8534281279104454,0.006261358939416657,9.083747863769531e-05,0.8855543319225813,0.8442476260453518,0.0,1.0,522
4525,0.8521689544153851,0.006258392172917259,9.131431579589844e-05,0.8855290492293355,0.8442308828033691,0.0,1.0,523
4526,0.8539667834976707,0.006255432421712243,9.179115295410156e-05,0.885503905924407,0.844215435536912,0.0,1.0,524
4527,0.8523758059952191,0.006252479655998589,0.000102996826171875,0.8854790090527745,0.8442015568906777,0.0,1.0,525
4528,0.850790830479136,0.00624953384615582,9.131431579589844e-05,0.8854541837213717,0.8441877180620077,0.0,1.0,526
4529,0.8492118230253718,0.006246594962744535,9.131431579589844e-05,0.8854294295894082,0.8441739188614149,0.0,1.0,527
4530,0.8502802259956187,0.006243662976504969,9.179115295410156e-05,0.8854035001080146,0.8441594226410706,0.0,1.0,528
4531,0.8492004885631879,0.006240737858355563,9.274482727050781e-05,0.8853781060163769,0.8441462509353451,0.0,1.0,529
4532,0.8487454844224639,0.0062378195793915455,9.107589721679688e-05,0.8853529991284174,0.8441313713949746,0.0,1.0,530
4533,0.8476360468226027,0.006234908110883528,9.131431579589844e-05,0.8853283191948694,0.8441175469727827,0.0,1.0,531
4534,0.8460786199386118,0.006232003424276119,9.012222290039062e-05,0.8853037093931587,0.8441037617711722,0.0,1.0,532
4535,0.8474483354131515,0.006229105491186549,9.1552734375e-05,0.8852749999443028,0.8440871774882904,0.0,1.0,533
4536,0.8478960469725639,0.006226214283403304,0.00010323524475097656,0.8852453397397337,0.844071413100874,0.0,1.0,534
4537,0.8463457043050074,0.006223329772884784,9.083747863769531e-05,0.8852157632110379,0.8440556931429846,0.0,1.0,535
4538,0.8478077145503471,0.006220451931757957,9.131431579589844e-05,0.885184940558791,0.8440372858986356,0.0,1.0,536
4539,0.8500786715584098,0.006217580732317048,9.1552734375e-05,0.8851534192091935,0.8440200284768988,0.0,1.0,537
4540,0.8500267754634627,0.00621471614702222,9.202957153320312e-05,0.8851220517958945,0.8440024990251881,0.0,1.0,538
4541,0.8567141318847705,0.00621185814849828,9.250640869140625e-05,0.8850888774971302,0.8439879751316437,0.0,1.0,539
4542,0.8551605170987946,0.006209006709533396,9.179115295410156e-05,0.8850557958158924,0.8439734918014102,0.0,1.0,540
4543,0.8587571854704583,0.006206161803077822,9.179115295410156e-05,0.8850214225668082,0.8439594999384391,0.0,1.0,541
4544,0.8598307123799674,0.006203323402242636,9.298324584960938e-05,0.8849860232985017,0.8439454240331514,0.0,1.0,542
4545,0.8582788172694387,0.006200491480298496,0.00010156631469726562,0.8849507222600067,0.8439326780265537,0.0,1.0,543
4546,0.8567815250715914,0.006197666010674404,9.226799011230469e-05,0.8849164558145837,0.843918847681289,0.0,1.0,544
4547,0.8561608363199313,0.006194846966956478,9.274482727050781e-05,0.884883624328538,0.8439053216550053,0.0,1.0,545
4548,0.8553679160556248,0.006192034322886739,9.274482727050781e-05,0.8848461413043236,0.8438854157874716,0.0,1.0,546
4549,0.8540440697729802,0.0061892280523619175,9.369850158691406e-05,0.8848093222151874,0.8438628763884148,0.0,1.0,547
4550,0.8525150873560752,0.006186428129432249,9.441375732421875e-05,0.8847726043627654,0.8438403988444366,0.0,1.0,548
4551,0.8522315753254947,0.0061836345283003144,9.274482727050781e-05,0.8847362545620473,0.8438164643742736,0.0,1.0,549
4552,0.8507110377779774,0.006180847223319857,9.250640869140625e-05,0.8847000043534353,0.8437925953352101,0.0,1.0,550
4553,0.8498794340198927,0.0061780661889946345,9.512901306152344e-05,0.8846613521966714,0.8437656862680345,0.0,1.0,551
4554,0.8506277451813552,0.006175291399977269,0.00010514259338378906,0.8846221023761109,0.8437383602944822,0.0,1.0,552
4555,0.849924854186979,0.006172522831068115,9.5367431640625e-05,0.8845877730427415,0.8437093112396988,0.0,1.0,553
4556,0.8537075543832167,0.00616976045721414,9.512901306152344e-05,0.8845521926137174,0.8436788887382509,0.0,1.0,554
4557,0.8532916280363525,0.006167004253507795,9.298324584960938e-05,0.8845166750145671,0.8436492786556345,0.0,1.0,555
4558,0.8523589150403653,0.006164254195185936,9.560585021972656e-05,0.8844816130439375,0.8436205662303234,0.0,1.0,556
4559,0.8520865811841014,0.0061615102576287085,9.489059448242188e-05,0.8844467258802541,0.8435915984011227,0.0,1.0,557
4560,0.8507635884360245,0.006158772416358479,9.34600830078125e-05,0.8844091770596485,0.8435642038874812,0.0,1.0,558
4561,0.8505211222071813,0.006156040647038756,9.274482727050781e-05,0.8843719068929355,0.8435373647971248,0.0,1.0,559
4562,0.8494775098472819,0.006153314925473131,9.965896606445312e-05,0.8843353751242877,0.84351214278386,0.0,1.0,560
4563,0.8504916004743325,0.006150595227604225,0.00010538101196289062,0.8842985600031338,0.8434817133113074,0.0,1.0,561
4564,0.8508342679414858,0.006147881529512644,9.703636169433594e-05,0.8842598212161161,0.8434534701064106,0.0,1.0,562
4565,0.849486454585538,0.006145173807415947,9.465217590332031e-05,0.8842247797541397,0.8434233283375272,0.0,1.0,563
4566,0.8494485144844344,0.0061424720376676255,9.751319885253906e-05,0.8841884665391513,0.8433927031736644,0.0,1.0,564
4567,0.8487204574706835,0.006139776196756083,9.393692016601562e-05,0.8841561927045422,0.8433614822972163,0.0,1.0,565
4568,0.8483334365292636,0.006137086261303637,9.512901306152344e-05,0.8841242557978333,0.8433313652319498,0.0,1.0,566
4569,0.8484086597525892,0.006134402208065516,9.489059448242188e-05,0.884091025127468,0.843301813314172,0.0,1.0,567
4570,0.8538877114145694,0.0061317240139288805,9.632110595703125e-05,0.8840574749679813,0.8432758458247295,0.0,1.0,568
4571,0.8525975112595792,0.006129051655911842,9.5367431640625e-05,0.8840250330882256,0.8432487922372917,0.0,1.0,569
4572,0.8529898109552576,0.006126385111162491,0.00010752677917480469,0.8839916094228593,0.8432223581092322,0.0,1.0,570
4573,0.8528106858920786,0.0061237243569579455,9.608268737792969e-05,0.8839548182900014,0.843197659829431,0.0,1.0,571
4574,0.8518623534630313,0.006121069370703389,9.655952453613281e-05,0.8839196747097969,0.8431754941444808,0.0,1.0,572
4575,0.8521584337298319,0.006118420129931143,9.608268737792969e-05,0.8838827813186759,0.8431542633315019,0.0,1.0,573
4576,0.8567454726864626,0.006115776612299718,9.632110595703125e-05,0.8838473529407221,0.84313004233424,0.0,1.0,574
4577,0.8555794623223587,0.006113138795592898,9.679794311523438e-05,0.8838126911315505,0.8431068088351643,0.0,1.0,575
4578,0.8589437565121444,0.006110506657718819,9.608268737792969e-05,0.8837778726993483,0.843086457048233,0.0,1.0,576
4579,0.8590543726685085,0.006107880176709061,9.775161743164062e-05,0.8837407500043826,0.843067783592712,0.0,1.0,577
4580,0.8582411057625411,0.0061052593307177536,0.00011038780212402344,0.8837040063835091,0.8430507197296794,0.0,1.0,578
4581,0.8627562551664966,0.006102644098020674,9.703636169433594e-05,0.8836647182547481,0.8430318839126099,0.0,1.0,579
4582,0.8623399154094356,0.0061000344570143646,9.655952453613281e-05,0.8836287939029863,0.843011011778232,0.0,1.0,580
4583,0.8620478815154325,0.0060974303862152655,0.000102996826171875,0.8835929848481683,0.8429908045805732,0.0,1.0,581
4584,0.8651181407031259,0.006094831864258834,9.822845458984375e-05,0.8835578065110431,0.8429745984987153,0.0,1.0,582
4585,0.8662729830208821,0.006092238869898694,9.799003601074219e-05,0.8835222926668004,0.8429566342885272,0.0,1.0,583
4586,0.8650760509389206,0.006089651382005772,9.846687316894531e-05,0.8834874530610438,0.8429404948962477,0.0,1.0,584
4587,0.863621243635149,0.006087069379567463,9.822845458984375e-05,0.8834527032653403,0.842924397077583,0.0,1.0,585
4588,0.8655036349214859,0.006084492841686785,9.799003601074219e-05,0.8834180548042103,0.8429095696757851,0.0,1.0,586
4589,0.8651905817939085,0.006081921747581547,0.000110626220703125,0.8833835568307181,0.8428942323041059,0.0,1.0,587
4590,0.8641759143763379,0.0060793560765835366,9.799003601074219e-05,0.8833487470670502,0.842877980432977,0.0,1.0,588
4591,0.8627322404226392,0.006076795808137691,9.846687316894531e-05,0.8833140264293788,0.8428617701403752,0.0,1.0,589
4592,0.8669237356611862,0.006074240921801295,0.00010013580322265625,0.8832782846007197,0.8428472771875468,0.0,1.0,590
4593,0.8660416653996255,0.006071691397243178,9.846687316894531e-05,0.8832429788638843,0.8428329954655368,0.0,1.0,591
4594,0.8652934183190196,0.006069147214242921,9.918212890625e-05,0.8832081825805238,0.8428201706129883,0.0,1.0,592
4595,0.873497828819719,0.006066608352690067,0.00010061264038085938,0.8831712423214058,0.8428077441222968,0.0,1.0,593
4596,0.8748188354438755,0.006064074792583338,9.918212890625e-05,0.8831332517748077,0.842794154188764,0.0,1.0,594
4597,0.8785584090756019,0.00606154651402987,0.00011277198791503906,0.8830970622837018,0.8427795027256301,0.0,1.0,595
4598,0.8874198137600279,0.006059023497244435,0.00010085105895996094,0.8830599578667351,0.8427642915191863,1.0,1.0,596
4599,0.8890292549396543,0.006056505722548688,0.00010037422180175781,0.8830221838811099,0.8427477015294894,1.0,1.0,597
4600,0.8913048120527801,0.00605399317037041,9.894371032714844e-05,0.8829828141803663,0.8427347108128087,1.0,1.0,598
4601,0.8901682965330857,0.006051485821242761,9.965896606445312e-05,0.8829440958730878,0.8427219212001427,1.0,1.0,599
4602,0.8576724962758386,0.006048983655803541,0.6116724014282227,0.8341574968789108,0.7666656665572937,1.0,1.0,600
4603,0.8569347606179795,0.006046486654794454,0.0002105236053466797,0.8341650136323441,0.7666600253846703,1.0,1.0,601
4604,0.8555447807045418,0.0060439947990603825,0.0001266002655029297,0.8341622912524415,0.7666621426041188,1.0,1.0,602
4605,0.8573621049480892,0.0060415080695486595,0.00011110305786132812,0.8341588124490792,0.766657928470401,1.0,1.0,603
4606,0.8632826638480493,0.006039026447308362,0.00010800361633300781,0.8341585830249084,0.7666675167068905,1.0,1.0,604
4607,0.8621538803744846,0.0060365499134895926,0.0001163482666015625,0.8341599773473007,0.766663723254004,1.0,1.0,605
4608,0.8607642948049266,0.006034078449342789,0.00010466575622558594,0.8341613682866094,0.7666599386263535,1.0,1.0,606
4609,0.8608197691414722,0.006031612036218008,0.000102996826171875,0.8341609876933066,0.766661519542146,1.0,1.0,607
4610,0.8596324768365193,0.006029150655564254,0.00010228157043457031,0.834163877070075,0.7666590383864965,1.0,1.0,608
4611,0.858314370052054,0.00602669428892878,0.00010371208190917969,0.8341684031808518,0.7666638013284873,1.0,1.0,609
4612,0.8569400238044165,0.006024242917956416,0.00010323524475097656,0.8341721435444691,0.7666617475896678,1.0,1.0,610
4613,0.8555702564673688,0.006021796524388889,0.00010228157043457031,0.834176647575623,0.7666664861073232,1.0,1.0,611
4614,0.8543288944640555,0.006019355090064163,0.00010156631469726562,0.8341812328318148,0.7666624165170914,1.0,1.0,612
4615,0.8529678129198178,0.006016918596915769,0.00011372566223144531,0.8341864764012894,0.7666666679058517,1.0,1.0,613
4616,0.8520073483801153,0.0060144870269721535,0.00010228157043457031,0.8341918175285948,0.766664633225995,1.0,1.0,614
4617,0.8506757954625622,0.006012060362356024,0.00010395050048828125,0.8341940458614049,0.7666577031147618,1.0,1.0,615
4618,0.8540547251667678,0.006009638585283708,0.00010466575622558594,0.8342010592083541,0.7666671158309813,1.0,1.0,616
4619,0.8541052155811083,0.0060072216780645065,0.000102996826171875,0.8342073410605757,0.766666841632593,1.0,1.0,617
4620,0.8530614293681169,0.006004809623100068,0.00010347366333007812,0.8342101368128726,0.7666634443346502,1.0,1.0,618
4621,0.8518644662426139,0.0060024024028837485,0.00010275840759277344,0.8342182469514751,0.7666659975908439,1.0,1.0,619
4622,0.8509297348146747,0.006,0.00010466575622558594,0.8342237427280037,0.766670126932052,1.0,1.0,620
4623,0.8499942127189526,0.005997602397123739,0.00011324882507324219,0.834233053503533,0.7666730795922825,1.0,1.0,621
4624,0.8495195188150062,0.0059952095770197415,0.0001068115234375,0.8342386413401047,0.7666688523147243,1.0,1.0,622
4625,0.848559245421583,0.005992821522542031,0.00010371208190917969,0.8342452813255096,0.7666666271204413,1.0,1.0,623
4626,0.8478261640392634,0.005990438216633279,0.00010418891906738281,0.8342565638878254,0.7666693444421415,1.0,1.0,624
4627,0.8498922340941566,0.005988059642324199,0.0001049041748046875,0.834263688045583,0.7666684327061639,1.0,1.0,625
4628,0.8491522364008864,0.005985685782732959,0.00010609626770019531,0.8342753746197832,0.7666684122965597,1.0,1.0,626
4629,0.847827296937771,0.005983316621064595,0.00010514259338378906,0.8342870332743081,0.7666683913501253,1.0,1.0,627
4630,0.8472475283385934,0.005980952140610422,0.00010609626770019531,0.8342933147222295,0.7666672740365515,1.0,1.0,628
4631,0.8533922996383142,0.005978592324747456,0.00011515617370605469,0.8343032949431288,0.7666708207782296,1.0,1.0,629
4632,0.8554225286414693,0.005976237156937844,0.00010538101196289062,0.8343129963209449,0.7666742013953212,1.0,1.0,630
4633,0.8540957231361566,0.005973886620728292,0.00010395050048828125,0.8343226746766065,0.7666775734143113,1.0,1.0,631
4634,0.8530553012226242,0.005971540699749498,0.00010633468627929688,0.83433316756112,0.7666789668760644,1.0,1.0,632
4635,0.8535942854850184,0.0059691993777156,0.0001068115234375,0.8343438796743081,0.7666815353541342,1.0,1.0,633
4636,0.853018069105225,0.005966862638423613,0.0001068115234375,0.8343551623665847,0.7666836776358865,1.0,1.0,634
4637,0.851702797621359,0.00596453046575288,0.00010609626770019531,0.8343664184410917,0.7666858142986164,1.0,1.0,635
4638,0.8526989598571075,0.005962202843664529,0.00010561943054199219,0.8343772447591015,0.7666870303491541,1.0,1.0,636
4639,0.8520272021868461,0.005959879756200928,0.00011587142944335938,0.8343874196489645,0.7666877727316119,1.0,1.0,637
4640,0.8550737276953447,0.005957561187485149,0.00010657310485839844,0.8343909276903686,0.7666930730937216,1.0,1.0,638
4641,0.8540278166642514,0.005955247121720435,0.00010585784912109375,0.8343920084216566,0.7667024204489207,1.0,1.0,639
4642,0.8534620836715022,0.005952937543189673,0.00010466575622558594,0.8343939799135349,0.7667127628110098,1.0,1.0,640
4643,0.8521586280906369,0.005950632436254865,0.0001125335693359375,0.8343959468545623,0.7667230803965159,1.0,1.0,641
4644,0.851439022857457,0.005948331785356615,0.00010704994201660156,0.8343985838438113,0.7667334808463095,1.0,1.0,642
4645,0.8502013657631422,0.005946035575013605,0.00010585784912109375,0.8344012866069042,0.7667446728175197,1.0,1.0,643
4646,0.8489085741470529,0.005943743789822091,0.00010514259338378906,0.8344039831354034,0.7667558381384216,1.0,1.0,644
4647,0.8495113269852377,0.005941456414455391,0.00011539459228515625,0.8344058019421547,0.76676603851473,1.0,1.0,645
4648,0.8488643331978705,0.0059391734336633846,0.00010657310485839844,0.8344074890125712,0.766777279597482,1.0,1.0,646
4649,0.8482866945426493,0.005936894832272007,0.00010585784912109375,0.8344089970136693,0.7667860269435752,1.0,1.0,647
4650,0.8471915208399514,0.005934620595182767,0.00010633468627929688,0.834411316539716,0.7667948889675862,1.0,1.0,648
4651,0.8475043822027373,0.005932350707372236,0.00010609626770019531,0.8344130160371128,0.7668026044673784,1.0,1.0,649
4652,0.8462273094182433,0.0059300851538915825,0.00010776519775390625,0.8344147116766323,0.7668103015904998,1.0,1.0,650
4653,0.8456185420919643,0.005927823919866071,0.00010633468627929688,0.8344158017842083,0.7668156154611332,1.0,1.0,651
4654,0.8443479940954495,0.0059255669904945945,0.00010609626770019531,0.8344168894499907,0.7668209165438361,1.0,1.0,652
4655,0.8455634668439964,0.005923314351049189,0.00011730194091796875,0.8344163453389222,0.7668259150884245,1.0,1.0,653
4656,0.8452551165614358,0.005921065986874567,0.00010657310485839844,0.8344153585047046,0.7668317188067566,1.0,1.0,654
4657,0.8442448956371029,0.005918821883387651,0.00010895729064941406,0.8344138889315568,0.7668370108380244,1.0,1.0,655
4658,0.8447877838903888,0.0059165820260771015,0.00010776519775390625,0.834413233496928,0.7668432326434146,1.0,1.0,656
4659,0.8452483723236772,0.005914346400502868,0.00010776519775390625,0.8344120835828589,0.766851420256327,1.0,1.0,657
4660,0.84434457485407,0.005912114992295717,0.00011396408081054688,0.8344114324711517,0.7668596037038029,1.0,1.0,658
4661,0.8431058544278257,0.00590988778715679,0.00010800361633300781,0.8344106777892359,0.7668690441110438,1.0,1.0,659
4662,0.8421798044663751,0.00590766477085715,0.0001201629638671875,0.8344108141558709,0.766879009355581,1.0,1.0,660
4663,0.8432818832746772,0.0059054459292373325,0.00011134147644042969,0.8344110859066227,0.7668898023336596,1.0,1.0,661
4664,0.8420342131421132,0.005903231248206907,0.00010824203491210938,0.83441135710943,0.766900570281434,1.0,1.0,662
4665,0.8407902810965735,0.005901020713744034,0.00010728836059570312,0.8344116277661752,0.7669113132949172,1.0,1.0,663
4666,0.8426381622896989,0.005898814311895031,0.00010919570922851562,0.8344125208815636,0.7669219296791175,1.0,1.0,664
4667,0.8460019252696026,0.005896612028773939,0.00010800361633300781,0.8344143072268628,0.7669338983347089,1.0,1.0,665
4668,0.8465153020161555,0.0058944138505620915,0.00010919570922851562,0.8344164140073757,0.7669453365442916,1.0,1.0,666
4669,0.8511857485843651,0.005892219763507694,0.00011205673217773438,0.8344188017496782,0.7669551915872713,1.0,1.0,667
4670,0.8499383324468877,0.0058900297539253976,0.00011396408081054688,0.8344211841843514,0.7669650239730188,1.0,1.0,668
4671,0.8497949305983719,0.005887843808195878,0.00010943412780761719,0.8344241631317311,0.7669755226689979,1.0,1.0,669
4672,0.850508414421823,0.0058856619127654235,0.00010919570922851562,0.834426592319061,0.7669868655802803,1.0,1.0,670
4673,0.8496497761100991,0.005883484054145521,0.00010824203491210938,0.8344294813080282,0.7669992013277657,1.0,1.0,671
4674,0.8522807361846003,0.005881310218912444,0.00010824203491210938,0.8344316739779175,0.7670082470959834,1.0,1.0,672
4675,0.852111390055106,0.005879140393706854,0.00011181831359863281,0.8344331932861874,0.7670186497621952,1.0,1.0,673
4676,0.8529436727930622,0.0058769745652333845,0.00011134147644042969,0.8344331282060966,0.7670273005891189,1.0,1.0,674
4677,0.851860172896971,0.005874812720260253,0.00012063980102539062,0.834433328787371,0.7670358957090363,1.0,1.0,675
4678,0.8506245621589046,0.005872654845618856,0.00011110305786132812,0.8344335289846084,0.7670444712444467,1.0,1.0,676
4679,0.849445209219268,0.005870500928203381,0.00011110305786132812,0.8344336828638241,0.7670503776782391,1.0,1.0,677
4680,0.848216920731854,0.005868350954970411,0.00010943412780761719,0.8344338364640806,0.7670562705409147,1.0,1.0,678
4681,0.8485934846364929,0.005866204912938541,0.00010919570922851562,0.8344333812853536,0.7670622553504961,1.0,1.0,679
4682,0.8473700220819341,0.005864062789187984,0.00010967254638671875,0.8344329271741537,0.7670682264577622,1.0,1.0,680
4683,0.8466302297780368,0.005861924570860201,0.00011014938354492188,0.8344329296762524,0.7670743331526154,1.0,1.0,681
4684,0.8527195929388636,0.005859790245157518,0.00011110305786132812,0.8344334796946555,0.7670841118988057,1.0,1.0,682
4685,0.8528703192015274,0.005857659799342742,0.00012135505676269531,0.8344339364002695,0.7670933639337701,1.0,1.0,683
4686,0.8516478913265255,0.005855533220738797,0.00011181831359863281,0.8344343921612348,0.7671025951873957,1.0,1.0,684
4687,0.8525412039213255,0.00585341049672835,0.000110626220703125,0.8344351627594654,0.7671129705571338,1.0,1.0,685
4688,0.8513224835288719,0.005851291614753448,0.00010967254638671875,0.8344359317276573,0.7671233227489819,1.0,1.0,686
4689,0.8508548432690765,0.005849176562315139,0.00011086463928222656,0.8344362362339686,0.7671335092197543,1.0,1.0,687
4690,0.8496717117609843,0.005847065326973128,0.00011157989501953125,0.8344374569034966,0.7671447111213439,1.0,1.0,688
4691,0.8505417612705621,0.00584495789634541,0.00011229515075683594,0.8344378101717868,0.7671550013385725,1.0,1.0,689
4692,0.8495809400813364,0.005842854258107905,0.00012731552124023438,0.8344390433110036,0.7671657509039366,1.0,1.0,690
4693,0.848374936549218,0.005840754399994118,0.0001125335693359375,0.8344402738267692,0.7671764766378601,1.0,1.0,691
4694,0.8471723978573882,0.005838658309794781,0.00011181831359863281,0.8344415017284338,0.7671871786277401,1.0,1.0,692
4695,0.845994821250211,0.005836565975357505,0.00011181831359863281,0.8344432980822865,0.767198187922776,1.0,1.0,693
4696,0.8457619065453437,0.005834477384586431,0.00011301040649414062,0.8344441590039935,0.7672101835871628,1.0,1.0,694
4697,0.8449937313010785,0.005832392525441891,0.00011229515075683594,0.8344454607080151,0.7672223748103028,1.0,1.0,695
4698,0.843989431763544,0.005830311385940069,0.0001125335693359375,0.8344476009130947,0.7672356288515523,1.0,1.0,696
4699,0.8428010680324803,0.005828233954152652,0.00011205673217773438,0.8344497365626353,0.7672488538864823,1.0,1.0,697
4700,0.8420303463197222,0.005826160218206511,0.0001239776611328125,0.8344515809868205,0.7672621485544565,1.0,1.0,698
4701,0.8408479765127945,0.005824090166283349,0.00011301040649414062,0.8344534215040214,0.7672754142153836,1.0,1.0,699
4702,0.8408821497149802,0.005822023786619385,0.00011205673217773438,0.834455352523421,0.7672890876995828,1.0,1.0,700
4703,0.8431857840636222,0.005819961067505019,0.00011301040649414062,0.8344569902969872,0.7673012478846253,1.0,1.0,701
4704,0.8453699960267328,0.005817901997284507,0.00011229515075683594,0.8344562428059561,0.7673135054161032,1.0,1.0,702
4705,0.8453699345638039,0.005815846564355639,0.00011301040649414062,0.8344538752719406,0.7673264491466446,1.0,1.0,703
4706,0.8448718035999357,0.005813794757169416,0.00011372566223144531,0.8344522865601124,0.767337952637762,1.0,1.0,704
4707,0.8454870035084185,0.005811746564229729,0.0001289844512939453,0.8344514384310082,0.7673495747368999,1.0,1.0,705
4708,0.8446419230682936,0.005809701974093053,0.00011396408081054688,0.8344513234287302,0.7673618098498295,1.0,1.0,706
4709,0.8507532820313115,0.005807660975368118,0.0001125335693359375,0.8344483849676283,0.767375973755028,1.0,1.0,707
4710,0.8522163397522156,0.0058056235567156105,0.00011324882507324219,0.8344460488248102,0.7673901980447178,1.0,1.0,708
4711,0.8515187443855495,0.005803589706847857,0.00011301040649414062,0.8344444119687802,0.7674017721380503,1.0,1.0,709
4712,0.8532632956461292,0.005801559414528516,0.00011801719665527344,0.8344428466510676,0.7674139299471104,1.0,1.0,710
4713,0.8523927479333254,0.0057995326685722805,0.00011491775512695312,0.8344409940062354,0.767426660599334,1.0,1.0,711
4714,0.8528207371189642,0.005797509457844566,0.00011467933654785156,0.8344395928307545,0.7674378679759425,1.0,1.0,712
4715,0.8516858172028295,0.005795489771261219,0.00012373924255371094,0.8344386249805738,0.7674498269107882,1.0,1.0,713
4716,0.8520845422839256,0.00579347359778821,0.00011515617370605469,0.8344380510175807,0.7674612098483418,1.0,1.0,714
4717,0.854115463372357,0.0057914609264413455,0.00011396408081054688,0.8344367257808111,0.7674737579040578,1.0,1.0,715
4718,0.8535478009322738,0.005789451746285968,0.00011682510375976562,0.8344357506546147,0.7674866822685459,1.0,1.0,716
4719,0.8528924835538421,0.005787446046436667,0.00011491775512695312,0.8344352073614988,0.7675000684996611,1.0,1.0,717
4720,0.8519178844852933,0.0057854438160569914,0.00011491775512695312,0.8344346230929527,0.7675146903494333,1.0,1.0,718
4721,0.8522269099687143,0.005783445044359157,0.00011467933654785156,0.8344330694703275,0.7675295926308725,1.0,1.0,719
4722,0.8516838691660098,0.005781449720603763,0.0001270771026611328,0.834432434071333,0.7675451730280218,1.0,1.0,720
4723,0.8508143633351413,0.005779457834099514,0.00011444091796875,0.8344322442046231,0.7675617492807515,1.0,1.0,721
4724,0.8524205776540026,0.0057774693742029285,0.000118255615234375,0.8344327960794721,0.7675788496354383,1.0,1.0,722
4725,0.853993167118202,0.00577548433031807,0.00011706352233886719,0.8344327230712056,0.7675967879008857,1.0,1.0,723
4726,0.8540774173966272,0.005773502691896258,0.00011610984802246094,0.8344316160974371,0.7676143789012199,1.0,1.0,724
4727,0.8531742155765681,0.005771524448435806,0.00011444091796875,0.8344309308657291,0.7676319628634244,1.0,1.0,725
4728,0.8520186779119939,0.005769549589481739,0.00011754035949707031,0.8344302471061493,0.7676495100322325,1.0,1.0,726
4729,0.8534798642679259,0.005767578104625526,0.00012731552124023438,0.8344278457579624,0.767667399568052,1.0,1.0,727
4730,0.8540229606517652,0.005765609983504807,0.00011777877807617188,0.8344247655398316,0.7676833577386232,1.0,1.0,728
4731,0.8529795829800599,0.005763645215803129,0.00011682510375976562,0.8344224581829397,0.7676993289035101,1.0,1.0,729
4732,0.8537258986898929,0.00576168379124968,0.00011587142944335938,0.8344196499192555,0.7677154702781863,1.0,1.0,730
4733,0.8535867179218314,0.005759725699619024,0.00011754035949707031,0.8344165842676304,0.7677303826761578,1.0,1.0,731
4734,0.8531115872983528,0.005757770930730839,0.00011706352233886719,0.8344135036277772,0.7677445363239133,1.0,1.0,732
4735,0.8525695747390793,0.005755819474449661,0.00011610984802246094,0.8344106301995475,0.767758230204626,1.0,1.0,733
4736,0.8518022150273952,0.005753871320684617,0.00011754035949707031,0.8344081244591176,0.7677727870019837,1.0,1.0,734
4737,0.8513698126150335,0.0057519264593891796,0.00013208389282226562,0.8344055208717595,0.7677877047551569,1.0,1.0,735
4738,0.8509796373164265,0.005749984880560907,0.00011754035949707031,0.8344031337487305,0.7678027844512932,1.0,1.0,736
4739,0.8498447473229147,0.005748046574241187,0.00011849403381347656,0.8344007515488204,0.767817833003713,1.0,1.0,737
4740,0.8501739276152983,0.005746111530514996,0.00011873245239257812,0.8343985813868455,0.7678334525999355,1.0,1.0,738
4741,0.8508691216583126,0.005744179739510637,0.00011754035949707031,0.8343960628004684,0.7678498560183195,1.0,1.0,739
4742,0.8508295931818691,0.005742251191399504,0.00011897087097167969,0.8343930017070122,0.7678642641863886,1.0,1.0,740
4743,0.8497005591206251,0.00574032587639583,0.00011944770812988281,0.8343899468774625,0.7678786427437103,1.0,1.0,741
4744,0.8487610711533518,0.005738403784756446,0.00013399124145507812,0.8343875536353852,0.7678935306989682,1.0,1.0,742
4745,0.8518251168807911,0.005736484906780535,0.00011897087097167969,0.8343849882142632,0.7679103332045071,1.0,1.0,743
4746,0.85069875419327,0.005734569232809395,0.00011801719665527344,0.8343824280291711,0.7679271013855313,1.0,1.0,744
4747,0.850000988164602,0.0057326567532262,0.00011682510375976562,0.8343793413136676,0.7679434422874405,1.0,1.0,745
4748,0.8488808945884183,0.005730747458455764,0.00011706352233886719,0.8343762608711712,0.7679597498856353,1.0,1.0,746
4749,0.8494130462424503,0.0057288413389643,0.00011730194091796875,0.8343725651772524,0.7679755432590025,1.0,1.0,747
4750,0.8490944369123719,0.005726938385259193,0.00012159347534179688,0.8343697744717856,0.7679898750677663,1.0,1.0,748
4751,0.8488246893339507,0.00572503858788876,0.00013017654418945312,0.8343675439206212,0.7680005736797875,1.0,1.0,749
4752,0.8477869905561324,0.005723141937442034,0.00011849403381347656,0.8343661383963067,0.7680117651744203,1.0,1.0,750
4753,0.8479322724779892,0.005721248424548514,0.00011754035949707031,0.8343646618860968,0.7680237739551171,1.0,1.0,751
4754,0.8488841239862066,0.005719358039877957,0.00011849403381347656,0.8343637000959001,0.7680368925200796,1.0,1.0,752
4755,0.8498219178338631,0.0057174707741401406,0.0001201629638671875,0.8343634299772136,0.768050080217846,1.0,1.0,753
4756,0.8498377014133717,0.005715586618084642,0.00011777877807617188,0.8343639610611391,0.7680645426347348,1.0,1.0,754
4757,0.8494293305833446,0.00571370556250062,0.00011873245239257812,0.8343648166057502,0.7680782292383438,1.0,1.0,755
4758,0.8496635305863716,0.005711827598216582,0.00012874603271484375,0.8343659150300095,0.7680926678332698,1.0,1.0,756
4759,0.8485601849137102,0.005709952716100181,0.00011968612670898438,0.834367011322926,0.7681070773802062,1.0,1.0,757
4760,0.8483934969107213,0.005708080907057979,0.00011944770812988281,0.8343678457237138,0.7681184401813228,1.0,1.0,758
4761,0.8476988439359969,0.005706212162035248,0.00011777877807617188,0.8343680325870185,0.7681282119158621,1.0,1.0,759
4762,0.8475758018108812,0.005704346472015741,0.000118255615234375,0.8343683077226703,0.7681381649248383,1.0,1.0,760
4763,0.8515846569808632,0.005702483828021487,0.00012063980102539062,0.8343668836671264,0.7681483100313051,1.0,1.0,761
4764,0.8528309151951985,0.005700624221112574,0.00012111663818359375,0.8343651286508872,0.7681570952816967,1.0,1.0,762
4765,0.8524509575823455,0.0056987676423869435,0.00013017654418945312,0.8343636311567653,0.768164912004174,1.0,1.0,763
4766,0.8519060075934499,0.005696914082980174,0.00012183189392089844,0.8343630407759985,0.7681740752866751,1.0,1.0,764
4767,0.8511603235177774,0.00569506353406528,0.00012159347534179688,0.8343630588657044,0.7681829893254534,1.0,1.0,765
4768,0.8507562699961918,0.0056932159868525005,0.00012230873107910156,0.8343624766818998,0.7681934954439928,1.0,1.0,766
4769,0.8519888769138575,0.005691371432589095,0.00012159347534179688,0.8343611963107581,0.7682044749051932,1.0,1.0,767
4770,0.8508961913267347,0.005689529862559145,0.00012135505676269531,0.8343599184955692,0.7682154325183401,1.0,1.0,768
4771,0.8498063384528172,0.0056876912680833445,0.00012564659118652344,0.8343586432278931,0.7682263683554286,1.0,1.0,769
4772,0.8487193072881125,0.005685855640518802,0.00013399124145507812,0.8343573704993278,0.7682372824881222,1.0,1.0,770
4773,0.8482189255083663,0.005684022971258844,0.00012350082397460938,0.8343559023383382,0.7682481559978239,1.0,1.0,771
4774,0.8475821156912703,0.00568219325173281,0.00012135505676269531,0.8343550167392141,0.7682581880049554,1.0,1.0,772
4775,0.847696666281075,0.005680366473405863,0.00012111663818359375,0.8343536893291612,0.7682682228281459,1.0,1.0,773
4776,0.8497512535621967,0.00567854262777879,0.00012135505676269531,0.8343494810352671,0.7682802313930867,1.0,1.0,774
4777,0.8487220226005663,0.005676721706387805,0.00012111663818359375,0.834345415893699,0.7682919021781917,1.0,1.0,775
4778,0.8476462697248104,0.005674903700804366,0.00012087821960449219,0.8343413586794004,0.7683035500262388,1.0,1.0,776
4779,0.8476154001073695,0.005673088602634972,0.0001323223114013672,0.8343369150172165,0.7683149111328226,1.0,1.0,777
4780,0.8467112298136448,0.005671276403520978,0.0001220703125,0.8343324979319771,0.7683273710923223,1.0,1.0,778
4781,0.8456417672522838,0.005669467095138408,0.00012111663818359375,0.834328089423463,0.768339806676828,1.0,1.0,779
4782,0.8505654651539418,0.005667660669197763,0.00012135505676269531,0.8343203527258214,0.7683528463959655,1.0,1.0,780
4783,0.8507626773503306,0.005665857117443836,0.00012302398681640625,0.8343116135163116,0.7683654075910726,1.0,1.0,781
4784,0.8504759255484312,0.005664056431655528,0.00012254714965820312,0.8343038951919891,0.7683758162494777,1.0,1.0,782
4785,0.8504003120529072,0.005662258603645663,0.0001266002655029297,0.8342958377648898,0.7683858751301174,1.0,1.0,783
4786,0.8502846818059799,0.005660463625260804,0.0001323223114013672,0.8342876019261027,0.7683967219016725,1.0,1.0,784
4787,0.8493989009201148,0.005658671488381076,0.0001246929168701172,0.8342799988042527,0.7684081527463974,1.0,1.0,785
4788,0.8483681308381517,0.005656882184919976,0.00012230873107910156,0.8342729729050754,0.7684200851638004,1.0,1.0,786
4789,0.8473627236261265,0.005655095706824206,0.0001232624053955078,0.834265925226621,0.7684329427744447,1.0,1.0,787
4790,0.8472717182444335,0.005653312046073485,0.00012302398681640625,0.8342595394657054,0.768446383809123,1.0,1.0,788
4791,0.8462381476247712,0.005651531194680378,0.0001251697540283203,0.8342538425803787,0.7684600590935469,1.0,1.0,789
4792,0.8455986948640921,0.005649753144690119,0.0001227855682373047,0.8342485518905229,0.7684734962292145,1.0,1.0,790
4793,0.8483211104332965,0.005647977888180435,0.00013947486877441406,0.8342417565473434,0.7684862622743094,1.0,1.0,791
4794,0.8472660901052208,0.005646205417261371,0.0001227855682373047,0.8342349741573805,0.7684990037651369,1.0,1.0,792
4795,0.8465461441954772,0.005644435724075125,0.00012445449829101562,0.8342287517837252,0.7685122717583057,1.0,1.0,793
4796,0.845495934775509,0.0056426688007958714,0.00012421607971191406,0.8342225412453339,0.7685255143065964,1.0,1.0,794
4797,0.8448681167231745,0.00564090463962959,0.0001239776611328125,0.8342169653680878,0.7685386265569858,1.0,1.0,795
4798,0.8438218616196931,0.005639143232813899,0.00012493133544921875,0.8342114000747626,0.7685517137195578,1.0,1.0,796
4799,0.8452461434742445,0.005637384572617889,0.0001239776611328125,0.8342058677144516,0.7685649883911942,1.0,1.0,797
4800,0.8442638473281939,0.0056356286513419545,0.0001373291015625,0.8342002308527328,0.768578998751753,1.0,1.0,798
4801,0.8468268132718377,0.005633875461317628,0.00012493133544921875,0.8341932775942013,0.7685946463308012,1.0,1.0,799
4802,0.8203266099634231,0.005632124994907416,0.7502803802490234,0.9680027918957166,0.8627049654232514,0.0,0.0,800
4803,0.8204723626750412,0.005630377244504636,0.0002372264862060547,0.9679933634155364,0.8627075621921287,0.0,0.0,801
4804,0.81952984916996,0.005628632202533252,0.00018215179443359375,0.9679901193544208,0.8627000838711415,0.0,0.0,802
4805,0.8272919910830341,0.005626889861447719,0.00014400482177734375,0.9679832820453557,0.8627004214891558,0.0,0.0,803
4806,0.8273698517073435,0.005625150213732817,0.00013685226440429688,0.9679745531396842,0.8626960065664676,0.0,0.0,804
4807,0.8269619539676557,0.00562341325190349,0.00013136863708496094,0.9679679764959213,0.8626937832534582,0.0,0.0,805
4808,0.8259963639174774,0.0056216789685047,0.00013136863708496094,0.9679625010372891,0.8626923098309072,0.0,0.0,806
4809,0.825349582836204,0.005619947356111251,0.000125885009765625,0.967957219788787,0.8626907067099568,0.0,0.0,807
4810,0.8244435604821136,0.00561821840732765,0.00014162063598632812,0.9679528057502031,0.8626892505594671,0.0,0.0,808
4811,0.8313136687606337,0.0056164921147879455,0.000125885009765625,0.9679459842041979,0.8626880814756908,0.0,0.0,809
4812,0.8310600564934013,0.005614768471155569,0.00012445449829101562,0.9679400960880904,0.8626877828419061,0.0,0.0,810
4813,0.8300603086751962,0.005613047469123188,0.00012612342834472656,0.967934219457597,0.8626874849536952,0.0,0.0,811
4814,0.8357579758682369,0.005611329101412549,0.0001239776611328125,0.9679275172236221,0.8626839568535367,0.0,0.0,812
4815,0.8353230674864711,0.005609613360774337,0.00012683868408203125,0.967919482881231,0.8626829226695074,0.0,0.0,813
4816,0.8343214624157519,0.005607900239988007,0.0001354217529296875,0.9679125735361584,0.8626767255628196,0.0,0.0,814
4817,0.8343324138589224,0.005606189731861652,0.00013899803161621094,0.9678999485480299,0.8626697132943213,0.0,0.0,815
4818,0.8334842826881911,0.0056044818292318435,0.0001246929168701172,0.967887745383915,0.8626629556027581,0.0,0.0,816
4819,0.8335769751778117,0.005602776524963495,0.0001251697540283203,0.967875084811928,0.8626527206451908,0.0,0.0,817
4820,0.8391893806587353,0.005601073811949699,0.00012564659118652344,0.9678594633386723,0.8626500820538578,0.0,0.0,818
4821,0.8385432085352182,0.005599373683111602,0.000125885009765625,0.9678451440831491,0.8626369517890577,0.0,0.0,819
4822,0.8394090068242905,0.005597676131398243,0.00012612342834472656,0.9678290080409897,0.8626306461081221,0.0,0.0,820
4823,0.839541794572894,0.005595981149786419,0.00012564659118652344,0.9678127235967432,0.862615108362619,0.0,0.0,821
4824,0.8393000824081953,0.005594288731280541,0.00012755393981933594,0.967794700245903,0.8626032790801385,0.0,0.0,822
4825,0.8396875161720592,0.005592598868912485,0.00012373924255371094,0.9677756837421156,0.8625908792224264,0.0,0.0,823
4826,0.8391163951533788,0.0055909115557414655,0.00012445449829101562,0.9677568842750628,0.8625795908681166,0.0,0.0,824
4827,0.8444996507706835,0.005589226784853881,0.0001251697540283203,0.9677371232160121,0.8625698097897277,0.0,0.0,825
4828,0.8435332440868495,0.005587544549363182,0.0001239776611328125,0.9677176979597316,0.8625598908525691,0.0,0.0,826
4829,0.8429235946951826,0.005585864842409736,0.00012540817260742188,0.9676991132755179,0.8625478601217474,0.0,0.0,827
4830,0.8484027542520908,0.005584187657160678,0.0001347064971923828,0.9676791486323034,0.8625374191020536,0.0,0.0,828
4831,0.8474015063593944,0.00558251298680979,0.00012874603271484375,0.9676597169930977,0.8625245249666466,0.0,0.0,829
4832,0.8464026414456588,0.005580840824577352,0.00012540817260742188,0.9676398255825256,0.8625141220578108,0.0,0.0,830
4833,0.8454061773078307,0.005579171163710014,0.0001251697540283203,0.9676204651724837,0.86250127479902,0.0,0.0,831
4834,0.8446766839591946,0.005577503997480662,0.00012755393981933594,0.967601416588557,0.8624888682827145,0.0,0.0,832
4835,0.8436846932941301,0.005575839319188277,0.00013399124145507812,0.9675824028536391,0.8624764842888165,0.0,0.0,833
4836,0.8426950394821398,0.00557417712215782,0.0001342296600341797,0.9675629319633507,0.8624665728342148,0.0,0.0,834
4837,0.8424576138746824,0.0055725173997400795,0.00014066696166992188,0.9675439940041807,0.8624538718433729,0.0,0.0,835
4838,0.8432396635573303,0.005570860145311556,0.00012874603271484375,0.9675262515566315,0.8624423903214742,0.0,0.0,836
4839,0.8422541469650061,0.005569205352274325,0.00012564659118652344,0.9675080521762571,0.8624333665355561,0.0,0.0,837
4840,0.8434929146195129,0.005567553014055913,0.0001246929168701172,0.9674903820800637,0.8624230204084824,0.0,0.0,838
4841,0.8444249158528655,0.005565903124109163,0.0001251697540283203,0.96747381685059,0.8624144363033026,0.0,0.0,839
4842,0.8434417345490199,0.0055642556759121125,0.00012493133544921875,0.9674578538323031,0.8624033636108187,0.0,0.0,840
4843,0.8424608148998374,0.005562610662967866,0.00012540817260742188,0.9674413487326333,0.8623948104887613,0.0,0.0,841
4844,0.841862294564262,0.005560968078804465,0.00013637542724609375,0.9674266763447414,0.8623839109118837,0.0,0.0,842
4845,0.8408857103086724,0.00555932791697477,0.00012540817260742188,0.9674114615302222,0.8623755216976831,0.0,0.0,843
4846,0.8403967293774355,0.005557690171056327,0.0001270771026611328,0.9673974124771079,0.8623652793437107,0.0,0.0,844
4847,0.8410372302230607,0.005556054834651256,0.00012683868408203125,0.9673825054210298,0.8623566870891934,0.0,0.0,845
4848,0.8418910645096749,0.005554421901386114,0.00012683868408203125,0.9673684044652557,0.862349554320007,0.0,0.0,846
4849,0.8414779594941724,0.005552791364911789,0.00012731552124023438,0.9673556565453036,0.8623409329150842,0.0,0.0,847
4850,0.8405076090653181,0.005551163218903362,0.0001399517059326172,0.9673429316995167,0.8623323269339476,0.0,0.0,848
4851,0.8413676205202565,0.00554953745706,0.00012874603271484375,0.9673288129057381,0.8623257183635161,0.0,0.0,849
4852,0.8404628932005698,0.00554791407310483,0.00013756752014160156,0.9673162367688246,0.8623173046187443,0.0,0.0,850
4853,0.8401357766225092,0.00554629306078482,0.00012731552124023438,0.9673028700497918,0.8623113421918626,0.0,0.0,851
4854,0.8395305344928953,0.005544674413870662,0.00012731552124023438,0.9672897678515622,0.8623023129161433,0.0,0.0,852
4855,0.8387111278842506,0.005543058126156656,0.0001277923583984375,0.9672765075334976,0.8622959892286972,0.0,0.0,853
4856,0.8379631595419684,0.00554144419146059,0.00012683868408203125,0.9672646373787009,0.8622878906962486,0.0,0.0,854
4857,0.8378489747554211,0.005539832603623624,0.00013875961303710938,0.9672527765493598,0.8622786478460046,0.0,0.0,855
4858,0.8382016314874966,0.005538223356510178,0.00012969970703125,0.9672438178762651,0.8622723717721696,0.0,0.0,856
4859,0.8372454192142987,0.0055366164440078134,0.00012731552124023438,0.9672348754051794,0.8622661068430343,0.0,0.0,857
4860,0.8423867065240705,0.005535011860027121,0.00012683868408203125,0.9672250019529985,0.8622596443828141,0.0,0.0,858
4861,0.8414574163287815,0.005533409598501608,0.00012803077697753906,0.9672158933649265,0.8622534644425689,0.0,0.0,859
4862,0.84325452570241,0.005531809653387584,0.00012683868408203125,0.9672099316103675,0.8622462880606399,0.0,0.0,860
4863,0.8486604946545909,0.005530212018664051,0.0001289844512939453,0.9672020470985759,0.8622412097134871,0.0,0.0,861
4864,0.8486903065674096,0.005528616688332589,0.00014138221740722656,0.9671942909804394,0.8622365319866414,0.0,0.0,862
4865,0.8484436013123038,0.005527023656417248,0.0001289844512939453,0.967187148916033,0.8622323251122009,0.0,0.0,863
4866,0.8477452210574797,0.005525432916964437,0.0001304149627685547,0.9671808768202603,0.8622264264173015,0.0,0.0,864
4867,0.8480504261613951,0.0055238444640428154,0.0001285076141357422,0.9671708711681357,0.8622234756420423,0.0,0.0,865
4868,0.8474979057207124,0.0055222582917431855,0.0001289844512939453,0.9671597138759468,0.8622189512900958,0.0,0.0,866
4869,0.8476186328847181,0.0055206743941783815,0.0001308917999267578,0.9671487619591416,0.8622127198026461,0.0,0.0,867
4870,0.8467400332603142,0.005519092765483161,0.00014138221740722656,0.9671378674419381,0.8622092922139758,0.0,0.0,868
4871,0.8457869309800644,0.005517513399814107,0.00012993812561035156,0.9671269922318659,0.8622058706926188,0.0,0.0,869
4872,0.8450539020462499,0.005515936291349511,0.0001285076141357422,0.9671170326282369,0.862203094055097,0.0,0.0,870
4873,0.8441050422312026,0.0055143614342892736,0.00013136863708496094,0.9671070906771075,0.8622003223494804,0.0,0.0,871
4874,0.8435658564190626,0.005512788822854802,0.00013136863708496094,0.9670972736542117,0.862198439655947,0.0,0.0,872
4875,0.8431942946986045,0.0055112184512888995,0.00012946128845214844,0.9670894065120815,0.8621952098594506,0.0,0.0,873
4876,0.8429944017544008,0.005509650313855663,0.0001366138458251953,0.9670825621215452,0.8621941085621657,0.0,0.0,874
4877,0.8435205161275692,0.005508084404840388,0.00014281272888183594,0.9670745570491178,0.8621936141307923,0.0,0.0,875
4878,0.8486369602834923,0.005506520718549455,0.0001308917999267578,0.9670651967593542,0.8621925463829793,0.0,0.0,876
4879,0.847690359728818,0.005504959249310236,0.00012946128845214844,0.9670558529668521,0.862191480606035,0.0,0.0,877
4880,0.8467459014830192,0.005503399991470991,0.0001285076141357422,0.9670465256237009,0.8621904167940706,0.0,0.0,878
4881,0.84603714193076,0.005501842939400765,0.0001285076141357422,0.9670380919434565,0.8621877754711508,0.0,0.0,879
4882,0.8460485427338071,0.005500288087489295,0.00012826919555664062,0.967029509945846,0.8621851727662377,0.0,0.0,880
4883,0.8455163156394302,0.0054987354301469,0.0001480579376220703,0.9670212600259225,0.8621817470494975,0.0,0.0,881
4884,0.8452693048912603,0.005497184961804393,0.00012993812561035156,0.9670126953983232,0.8621785908181763,0.0,0.0,882
4885,0.8464390542940481,0.005495636676912975,0.00013184547424316406,0.967002365888346,0.862174766623304,0.0,0.0,883
4886,0.8457609028934427,0.005494090569944146,0.0001347064971923828,0.9669919086286123,0.8621711798731032,0.0,0.0,884
4887,0.8455193906970688,0.005492546635389597,0.00013136863708496094,0.9669819354755738,0.8621673981529354,0.0,0.0,885
4888,0.8447222292261519,0.005491004867761125,0.0001327991485595703,0.9669720310950259,0.862164214702631,0.0,0.0,886
4889,0.8437904995598057,0.005489465261590524,0.00013184547424316406,0.9669621439386502,0.8621610367821739,0.0,0.0,887
4890,0.8430164946986246,0.005487927811429507,0.00014638900756835938,0.9669529492232527,0.8621583451168437,0.0,0.0,888
4891,0.8438110976095505,0.005486392511849594,0.00013184547424316406,0.9669419809644783,0.8621562081650898,0.0,0.0,889
4892,0.8432673472510602,0.00548485935744203,0.00013256072998046875,0.9669316074845485,0.8621545244302975,0.0,0.0,890
4893,0.8424202427413842,0.005483328342817685,0.0001304149627685547,0.9669216818426887,0.8621527578845583,0.0,0.0,891
4894,0.8414966126165511,0.005481799462606964,0.00012946128845214844,0.9669117733666741,0.8621509944540492,0.0,0.0,892
4895,0.8405750373105345,0.005480272711459713,0.0001304149627685547,0.9669018820075391,0.8621492341297727,0.0,0.0,893
4896,0.8396555099660478,0.005478748084045127,0.00013828277587890625,0.966892007716512,0.8621474769027678,0.0,0.0,894
4897,0.8389880999490581,0.00547722557505166,0.00013208389282226562,0.9668818455794438,0.8621454067004993,0.0,0.0,895
4898,0.8382413166877399,0.005475705179186936,0.00013399124145507812,0.9668719664206913,0.862143498332817,0.0,0.0,896
4899,0.8381337022011449,0.005474186891177649,0.00013375282287597656,0.9668629453458228,0.8621425598453791,0.0,0.0,897
4900,0.8373483744388808,0.005472670705769486,0.0001304149627685547,0.9668542871676348,0.8621419441041656,0.0,0.0,898
4901,0.8425519054114959,0.005471156617727029,0.00013113021850585938,0.9668436312605095,0.8621406568835644,0.0,0.0,899
4902,0.8418206443358353,0.005469644621833671,0.00013017654418945312,0.9668334789578887,0.862139432078366,0.0,0.0,900
4903,0.8409067495396968,0.0054681347128915266,0.00014543533325195312,0.966823800174807,0.8621360538607575,0.0,0.0,901
4904,0.8399949312505858,0.005466626885721337,0.00013446807861328125,0.9668147049246221,0.8621304672478931,0.0,0.0,902
4905,0.845072448401949,0.0054651211351623985,0.00013065338134765625,0.9668034313726921,0.8621268325314088,0.0,0.0,903
4906,0.8441578032253225,0.005463617456072457,0.00013136863708496094,0.966792742083816,0.8621209971444475,0.0,0.0,904
4907,0.8435593925032604,0.0054621158433276395,0.0001323223114013672,0.9667817431376697,0.862116724390671,0.0,0.0,905
4908,0.8484753015153725,0.005460616291822354,0.00013256072998046875,0.9667705908005214,0.862107708124794,0.0,0.0,906
4909,0.8482742204579989,0.005459118796469215,0.00014901161193847656,0.9667591798769667,0.8621039145101491,0.0,0.0,907
4910,0.8483408426009237,0.005457623352198949,0.00013399124145507812,0.9667480509229454,0.8620951809422809,0.0,0.0,908
4911,0.8474274482543525,0.005456129953960317,0.00013256072998046875,0.966736194267613,0.8620910876068657,0.0,0.0,909
4912,0.8467307747521525,0.005454638596720031,0.0001316070556640625,0.9667254474467984,0.8620823607744381,0.0,0.0,910
4913,0.8459293309051457,0.005453149275462669,0.00013566017150878906,0.96671457057391,0.8620757796725723,0.0,0.0,911
4914,0.845021618900776,0.005451661985190589,0.00013303756713867188,0.9667042697564812,0.8620670315552956,0.0,0.0,912
4915,0.8445612673370068,0.005450176720923848,0.00013399124145507812,0.9666940110027604,0.8620624597358179,0.0,0.0,913
4916,0.843656914956049,0.005448693477700126,0.00013899803161621094,0.9666845099620295,0.8620533076401763,0.0,0.0,914
4917,0.8427877272827028,0.005447212250574638,0.00013256072998046875,0.9666746980477945,0.8620493085870448,0.0,0.0,915
4918,0.8418872270303527,0.0054457330346200546,0.0001342296600341797,0.9666650865817169,0.8620429070489499,0.0,0.0,916
4919,0.8414386378666565,0.0054442558249264235,0.00013518333435058594,0.9666563296201732,0.8620343926465989,0.0,0.0,917
4920,0.8406197531595515,0.005442780616601086,0.00013494491577148438,0.9666477090995875,0.8620284594874734,0.0,0.0,918
4921,0.8399422237505786,0.0054413074047686,0.0001342296600341797,0.9666393493963327,0.8620217343245885,0.0,0.0,919
4922,0.8449325053507498,0.005439836184570663,0.00014662742614746094,0.9666299832891201,0.8620146631041392,0.0,0.0,920
4923,0.8451095204692943,0.005438366951166027,0.00013494491577148438,0.9666197253699883,0.8620064326185726,0.0,0.0,921
4924,0.849936380494229,0.005436899699730426,0.0001342296600341797,0.9666084117153305,0.8619981701838981,0.0,0.0,922
4925,0.850987333876132,0.005435434425456495,0.00013446807861328125,0.9665983341797335,0.8619882588002798,0.0,0.0,923
4926,0.8500851787614933,0.005433971123553694,0.00014162063598632812,0.9665877264966983,0.861980499504558,0.0,0.0,924
4927,0.8501312611516159,0.005432509789248233,0.000133514404296875,0.9665773824567989,0.8619723353181911,0.0,0.0,925
4928,0.8492716449640909,0.00543105041778299,0.00014853477478027344,0.9665675973727537,0.8619624083829552,0.0,0.0,926
4929,0.8483744002450274,0.005429593004417442,0.0001361370086669922,0.9665572842548383,0.8619546231888536,0.0,0.0,927
4930,0.8503986645199694,0.005428137544427582,0.0001342296600341797,0.9665502470379503,0.8619496643388891,0.0,0.0,928
4931,0.8498054360531279,0.005426684033105851,0.00013399124145507812,0.9665433137264609,0.8619445821788934,0.0,0.0,929
4932,0.8490579283455953,0.005425232465761056,0.0001347064971923828,0.9665364821643722,0.861939311147965,0.0,0.0,930
4933,0.8481846930294744,0.005423782837718302,0.0001347064971923828,0.9665287490826922,0.861934220491804,0.0,0.0,931
4934,0.8491177597008072,0.0054223351443189165,0.0001347064971923828,0.9665209599311718,0.8619282087026673,0.0,0.0,932
4935,0.8483850098402187,0.005420889380920372,0.00013780593872070312,0.9665134721977685,0.8619226008514065,0.0,0.0,933
4936,0.8475126441222254,0.005419445542896219,0.00013494491577148438,0.9665064992295213,0.8619166218410272,0.0,0.0,934
4937,0.8474830560928154,0.005418003625636005,0.00013566017150878906,0.9664983861598109,0.8619096135394899,0.0,0.0,935
4938,0.8467546188523841,0.005416563624545213,0.0001347064971923828,0.9664889278276354,0.8619015257214083,0.0,0.0,936
4939,0.8459710387809878,0.00541512553504518,0.00013566017150878906,0.9664795987200945,0.8618938635246343,0.0,0.0,937
4940,0.8450876223169816,0.005413689352573033,0.0001347064971923828,0.9664702849581854,0.8618862137195697,0.0,0.0,938
4941,0.8444096792611477,0.0054122550725816095,0.00014901161193847656,0.9664617404853868,0.8618788669200592,0.0,0.0,939
4942,0.844174617131929,0.005410822690539397,0.00013637542724609375,0.966453383487372,0.8618712257061318,0.0,0.0,940
4943,0.8442003842606484,0.005409392201930452,0.00013637542724609375,0.9664442962202341,0.8618622353204635,0.0,0.0,941
4944,0.8492016228874845,0.005407963602254338,0.0001361370086669922,0.9664339739621526,0.8618529614013326,0.0,0.0,942
4945,0.8487462933890931,0.005406536887026056,0.00013709068298339844,0.9664234888051436,0.8618443732911422,0.0,0.0,943
4946,0.855338689230198,0.0054051120517759664,0.00013589859008789062,0.9664106607678906,0.8618358855938463,0.0,0.0,944
4947,0.8544511278500231,0.005403689092049731,0.0001518726348876953,0.9663978535047033,0.8618274115030243,0.0,0.0,945
4948,0.8537404059094582,0.005402268003408241,0.00013828277587890625,0.9663856356254971,0.8618191983959449,0.0,0.0,946
4949,0.8531952691956989,0.005400848781427546,0.0001380443572998047,0.9663744753941441,0.8618110190686948,0.0,0.0,947
4950,0.853226834474904,0.005399431421698785,0.00013685226440429688,0.9663645826569579,0.8618028327551776,0.0,0.0,948
4951,0.8526379821531757,0.0053980159198281285,0.0001392364501953125,0.9663546994561318,0.8617955292604716,0.0,0.0,949
4952,0.8518898016903583,0.005396602271436706,0.00014448165893554688,0.9663451080229651,0.8617884598450811,0.0,0.0,950
4953,0.8510977004155768,0.005395190472160531,0.000148773193359375,0.9663360928646209,0.8617817180916361,0.0,0.0,951
4954,0.8508259039387579,0.005393780517650455,0.0001385211944580078,0.9663259181010515,0.8617744652777176,0.0,0.0,952
4955,0.8517243970744282,0.00539237240357208,0.00013756752014160156,0.9663150952091607,0.8617665968948526,0.0,0.0,953
4956,0.8509160826998475,0.005390966125605705,0.00014209747314453125,0.9663030638778909,0.8617557750378587,0.0,0.0,954
4957,0.8501195522686137,0.005389561679446263,0.00014257431030273438,0.966292394930695,0.8617464021561675,0.0,0.0,955
4958,0.8494912229063626,0.005388159060803247,0.0001423358917236328,0.9662821975758962,0.8617372391763531,0.0,0.0,956
4959,0.848620939618627,0.005386758265400651,0.000152587890625,0.9662720166168864,0.8617280906955349,0.0,0.0,957
4960,0.8483053770312065,0.005385359288976912,0.0001442432403564453,0.9662610214376365,0.8617178866525746,0.0,0.0,958
4961,0.8493011969627663,0.00538396212728483,0.0001392364501953125,0.9662500395038904,0.8617089028176156,0.0,0.0,959
4962,0.8484507184666402,0.00538256677609152,0.0001399517059326172,0.9662397027595275,0.8617004559055728,0.0,0.0,960
4963,0.8476448044479226,0.005381173231178346,0.0001418590545654297,0.9662299440674712,0.8616924316016256,0.0,0.0,961
4964,0.848508248360895,0.005379781488340851,0.0001399517059326172,0.9662194774526427,0.8616839136304562,0.0,0.0,962
4965,0.8482099429556155,0.005378391543388704,0.0001533031463623047,0.9662077733778838,0.8616767376936119,0.0,0.0,963
4966,0.847525472257222,0.005377003392145629,0.00014281272888183594,0.9661960969479298,0.8616695018445972,0.0,0.0,964
4967,0.8469537382795425,0.0053756170304493514,0.00014472007751464844,0.9661843857233582,0.8616627670119738,0.0,0.0,965
4968,0.846714338586422,0.005374232454151532,0.00014066696166992188,0.9661742031625067,0.8616568727468278,0.0,0.0,966
4969,0.8458558861479832,0.005372849659117709,0.00014257431030273438,0.9661640368089911,0.8616509877561689,0.0,0.0,967
4970,0.8460182586086042,0.005371468641227235,0.00014090538024902344,0.9661538648448501,0.861646241305989,0.0,0.0,968
4971,0.8461223653897544,0.005370089396373217,0.00015163421630859375,0.9661445637147132,0.8616431571928341,0.0,0.0,969
4972,0.8455501660819855,0.005368711920462456,0.00014138221740722656,0.9661352666562893,0.8616403401665115,0.0,0.0,970
4973,0.8448648121441547,0.005367336209415393,0.00014162063598632812,0.9661264224686184,0.8616376244100096,0.0,0.0,971
4974,0.8444493997381233,0.005365962259166037,0.00014066696166992188,0.9661185101966814,0.8616349597077919,0.0,0.0,972
4975,0.8436442971121643,0.005364590065661921,0.00014734268188476562,0.9661109124429106,0.861633149257087,0.0,0.0,973
4976,0.8427945201952294,0.005363219624864032,0.00014328956604003906,0.9661033267985186,0.8616313417187866,0.0,0.0,974
4977,0.8485705116098147,0.0053618509327467605,0.00015592575073242188,0.966094272170544,0.8616286459982072,0.0,0.0,975
4978,0.8491070469357058,0.005360483985297833,0.0001437664031982422,0.9660852516449923,0.8616265081613841,0.0,0.0,976
4979,0.8497801930499926,0.005359118778518267,0.00014257431030273438,0.9660755072878845,0.8616239195809812,0.0,0.0,977
4980,0.8501895461245615,0.005357755308422301,0.00014162063598632812,0.9660640642622171,0.8616170908476642,0.0,0.0,978
4981,0.8503958786424574,0.005356393571037348,0.00014257431030273438,0.9660528325545411,0.8616105630117207,0.0,0.0,979
4982,0.8505844877936883,0.005355033562403926,0.0001442432403564453,0.9660396294689639,0.8616040277195378,0.0,0.0,980
4983,0.8498698466047693,0.005353675278575615,0.0001595020294189453,0.9660269985079992,0.8615980268752237,0.0,0.0,981
4984,0.8506170836525978,0.005352318715618994,0.00014472007751464844,0.9660135015212521,0.8615914954034856,0.0,0.0,982
4985,0.8497671201140379,0.005350963869613585,0.00014543533325195312,0.9660000255336942,0.8615849740266524,0.0,0.0,983
4986,0.8494670032471665,0.005349610736651798,0.00014472007751464844,0.9659868112832081,0.861578901622028,0.0,0.0,984
4987,0.849502956277315,0.0053482593128388765,0.00014352798461914062,0.9659740358911287,0.8615731150233966,0.0,0.0,985
4988,0.8486888954465284,0.005346909594292839,0.00014257431030273438,0.9659618774908146,0.8615677579675335,0.0,0.0,986
4989,0.8478445430888965,0.005345561577144432,0.00015425682067871094,0.9659497379693553,0.861562409179132,0.0,0.0,987
4990,0.8485596054045162,0.005344215257537065,0.00014495849609375,0.9659371472654786,0.8615566952261401,0.0,0.0,988
4991,0.8477170751274313,0.005342870631626767,0.0001423358917236328,0.9659245760571394,0.861550990065391,0.0,0.0,989
4992,0.8468959830371927,0.005341527695582122,0.00014400482177734375,0.9659134047678459,0.8615460323784362,0.0,0.0,990
4993,0.8469901178892973,0.005340186445584228,0.00014352798461914062,0.9659024052374491,0.8615420309416001,0.0,0.0,991
4994,0.8462084481382925,0.005338846877826628,0.00014495849609375,0.9658917509670322,0.8615381859601513,0.0,0.0,992
4995,0.845371973976035,0.005337508988515273,0.0001552104949951172,0.96588111317984,0.861534346910071,0.0,0.0,993
4996,0.844608121231777,0.0053361727738684556,0.00014519691467285156,0.965870985154363,0.8615310592756282,0.0,0.0,994
4997,0.84398225666205,0.005334838230116767,0.00014328956604003906,0.9658601299206913,0.861526268839518,0.0,0.0,995
4998,0.8434464379101934,0.005333505353503043,0.00014328956604003906,0.9658497363381551,0.8615218502399784,0.0,0.0,996
4999,0.8429438285953254,0.005332174140282306,0.00014281272888183594,0.9658395076601778,0.8615178738226789,0.0,0.0,997
5000,0.843232381626429,0.005330844586721719,0.00014328956604003906,0.9658298707171903,0.8615166562769416,0.0,0.0,998
5001,0.8431735781225004,0.005329516689100536,0.00015878677368164062,0.9658200069331122,0.8615157687373197,0.0,0.0,999
5002,0.8396884337588156,0.0053281904437100435,1.5744118690490723,0.8281818351861712,0.8010401207423294,1.0,1.0,1000
5003,0.8392680636857255,0.005326865846853515,0.0002574920654296875,0.8281826238293988,0.8010391234848947,1.0,1.0,1001
5004,0.8392266735842818,0.005325542894846163,0.00019311904907226562,0.8281841252572252,0.8010387617337088,1.0,1.0,1002
5005,0.8404256499626,0.00532422158401508,0.00016427040100097656,0.8281842229820034,0.8010366344885557,1.0,1.0,1003
5006,0.8400373477895073,0.0053229019106991945,0.00015878677368164062,0.8281857497183955,0.8010394485750045,1.0,1.0,1004
5007,0.8412455738078786,0.005321583871249223,0.0001544952392578125,0.8281846004879901,0.8010364952292827,1.0,1.0,1005
5008,0.8405502279791363,0.005320267462027614,0.00015306472778320312,0.8281843298464503,0.8010331749475443,1.0,1.0,1006
5009,0.8397356384900905,0.005318952679408505,0.0001537799835205078,0.8281848658658331,0.8010321208290803,1.0,1.0,1007
5010,0.8433522282280421,0.005317639519777668,0.00016307830810546875,0.8281844429310168,0.8010312571851915,1.0,1.0,1008
5011,0.8435288670100599,0.005316327979532465,0.00015783309936523438,0.8281834326458473,0.8010281120035956,1.0,1.0,1009
5012,0.8450718411582471,0.005315018055081798,0.00014901161193847656,0.8281839129305731,0.8010278759516025,1.0,1.0,1010
5013,0.8452807545155959,0.00531370974284606,0.00014972686767578125,0.8281837199328944,0.801027133674791,1.0,1.0,1011
5014,0.8458416258943491,0.005312403039257086,0.00015401840209960938,0.8281830042589976,0.8010242586716384,1.0,1.0,1012
5015,0.8450266382035827,0.005311097940758109,0.0001533031463623047,0.8281830887741702,0.8010236291582217,1.0,1.0,1013
5016,0.8444791679955793,0.005309794443803708,0.00015211105346679688,0.8281831684468137,0.8010228149017251,1.0,1.0,1014
5017,0.8453684657561318,0.005308492544859767,0.0001480579376220703,0.8281823984499996,0.8010224426946881,1.0,1.0,1015
5018,0.8458398236892191,0.005307192240403419,0.00015354156494140625,0.8281807981390122,0.8010215299637113,1.0,1.0,1016
5019,0.8454663697519933,0.005305893526923006,0.000152587890625,0.8281791763597042,0.8010209340672765,1.0,1.0,1017
5020,0.8466479952324375,0.005304596400918029,0.0001552104949951172,0.828174901153679,0.8010201175197118,1.0,1.0,1018
5021,0.8473338990003311,0.005303300858899106,0.00016427040100097656,0.8281699832679777,0.8010192325389534,1.0,1.0,1019
5022,0.8465227944935744,0.005302006897387921,0.000152587890625,0.8281642818338532,0.8010161303954776,1.0,1.0,1020
5023,0.8513077776639248,0.00530071451291718,0.00015091896057128906,0.8281561149960548,0.8010165617282845,1.0,1.0,1021
5024,0.8530139045038411,0.005299423702030566,0.0001506805419921875,0.8281458482250251,0.8010125586845518,1.0,1.0,1022
5025,0.8524836527708534,0.005298134461282691,0.0001513957977294922,0.8281363680572795,0.8010107381400335,1.0,1.0,1023
5026,0.8528081213299621,0.005296846787239059,0.00015115737915039062,0.8281265153239056,0.8010066817020598,1.0,1.0,1024
5027,0.8519949553934555,0.005295560676476006,0.00016307830810546875,0.8281166771181359,0.8010026311236971,1.0,1.0,1025
5028,0.8511886592634628,0.0052942761255806705,0.0001499652862548828,0.8281070209273405,0.8009985524860255,1.0,1.0,1026
5029,0.8512568568566762,0.005292993131150943,0.00015211105346679688,0.8280974670388859,0.8009940308198835,1.0,1.0,1027
5030,0.8509410018742218,0.005291711689795418,0.00015282630920410156,0.8280879141204293,0.8009899457205881,1.0,1.0,1028
5031,0.8515899026508704,0.0052904317981333545,0.00015306472778320312,0.8280777917460713,0.8009854982511019,1.0,1.0,1029
5032,0.8509643621723165,0.005289153452794635,0.00016379356384277344,0.8280682159247698,0.8009807899611662,1.0,1.0,1030
5033,0.8501575205220415,0.005287876650419713,0.00015473365783691406,0.8280586541432503,0.800976088447356,1.0,1.0,1031
5034,0.8493522327413487,0.0052866013876595765,0.00015044212341308594,0.8280491063672888,0.8009713936933666,1.0,1.0,1032
5035,0.8485484943401967,0.005285327661175703,0.00015163421630859375,0.8280395725627779,0.8009667056829477,1.0,1.0,1033
5036,0.8491910507724658,0.00528405546764002,0.00015044212341308594,0.8280302180340828,0.800961487368487,1.0,1.0,1034
5037,0.8503445018292819,0.005282784803734854,0.0001533031463623047,0.8280203301806374,0.8009547627453969,1.0,1.0,1035
5038,0.8499715482579946,0.0052815156661528955,0.00016236305236816406,0.8280108313263247,0.8009480401327732,1.0,1.0,1036
5039,0.8501693728968424,0.005280248051597154,0.00015211105346679688,0.8280014555190778,0.8009412882413203,1.0,1.0,1037
5040,0.8493687358444493,0.005278981956780915,0.0001533031463623047,0.8279920933662975,0.8009345460434255,1.0,1.0,1038
5041,0.8491926199672414,0.005277717378427702,0.00015354156494140625,0.8279825715193933,0.8009276611135563,1.0,1.0,1039
5042,0.8486149942851731,0.00527645431327123,0.00015234947204589844,0.8279734110472851,0.8009209790206053,1.0,1.0,1040
5043,0.8524867945570117,0.0052751927580553665,0.00015306472778320312,0.8279625887480555,0.8009142949736728,1.0,1.0,1041
5044,0.8533353197563851,0.00527393270953409,0.0001647472381591797,0.8279480030468193,0.8009081192241362,1.0,1.0,1042
5045,0.8535249172367613,0.005272674164471449,0.00015306472778320312,0.8279331087550789,0.8009009958422204,1.0,1.0,1043
5046,0.8543327816300267,0.005271417119641523,0.0001518726348876953,0.8279176778778434,0.800893807978212,1.0,1.0,1044
5047,0.8537011451633125,0.005270161571828376,0.00015306472778320312,0.827903200038582,0.8008867188091784,1.0,1.0,1045
5048,0.8529021389240686,0.005268907517826025,0.0001533031463623047,0.8278887430874639,0.8008796397461988,1.0,1.0,1046
5049,0.8521046683405656,0.005267654954438391,0.00016546249389648438,0.8278743069743588,0.8008725707652189,1.0,1.0,1047
5050,0.8513240775896546,0.005266403878479265,0.00015497207641601562,0.8278595439945484,0.8008651666882313,1.0,1.0,1048
5051,0.8515927422717873,0.005265154286772268,0.00015282630920410156,0.8278458764710724,0.8008582108362053,1.0,1.0,1049
5052,0.8516956306316225,0.005263906176150802,0.00015854835510253906,0.8278316707547085,0.80085058964181,1.0,1.0,1050
5053,0.8509021861649102,0.005262659543458028,0.0001575946807861328,0.8278174854383967,0.8008429792664543,1.0,1.0,1051
5054,0.8501102423929823,0.0052614143855468105,0.00015616416931152344,0.8278033204734058,0.8008353796844989,1.0,1.0,1052
5055,0.8493197950577989,0.005260170699279688,0.0001659393310546875,0.8277891758111671,0.8008277908703897,1.0,1.0,1053
5056,0.84909989129674,0.005258928481528827,0.0001556873321533203,0.8277742814098314,0.800818172840233,1.0,1.0,1054
5057,0.8498700949769993,0.005257687729175993,0.0001537799835205078,0.8277588196531335,0.8008084970640218,1.0,1.0,1055
5058,0.849765156515078,0.005256448439112502,0.00015664100646972656,0.8277397913152899,0.8007977772265735,1.0,1.0,1056
5059,0.8496265685153003,0.005255210608239188,0.00015473365783691406,0.8277208693143905,0.8007871432103019,1.0,1.0,1057
5060,0.8501565823751517,0.005253974233466367,0.0001537799835205078,0.8277012091488711,0.8007761300065914,1.0,1.0,1058
5061,0.8495528698920278,0.0052527393117137895,0.00015544891357421875,0.8276818499402904,0.8007650173507437,1.0,1.0,1059
5062,0.848960998892244,0.005251505839910615,0.000156402587890625,0.8276629870187994,0.800754175939095,1.0,1.0,1060
5063,0.8501876675452847,0.005250273814995366,0.0001552104949951172,0.8276457623423019,0.8007428092050839,1.0,1.0,1061
5064,0.8495956159407364,0.005249043233915893,0.00015544891357421875,0.827628919954335,0.8007314919492251,1.0,1.0,1062
5065,0.8488130640634189,0.005247814093629337,0.00015473365783691406,0.8276121014685242,0.8007201906222986,1.0,1.0,1063
5066,0.849215378522419,0.005246586391102096,0.0001671314239501953,0.8275956177269015,0.8007085820196934,1.0,1.0,1064
5067,0.8498296790785101,0.005245360123309784,0.0001544952392578125,0.8275786168212224,0.8006969422423649,1.0,1.0,1065
5068,0.8494863677395017,0.0052441352872371946,0.00015401840209960938,0.8275621553920351,0.800685522403883,1.0,1.0,1066
5069,0.8503069410325393,0.005242911879878269,0.000156402587890625,0.8275446236035069,0.8006736819832563,1.0,1.0,1067
5070,0.8505435295300814,0.0052416898982360505,0.00015807151794433594,0.8275274307759278,0.8006614874511254,1.0,1.0,1068
5071,0.8510066038641497,0.005240469339322662,0.0001583099365234375,0.8275096395389754,0.8006491991439142,1.0,1.0,1069
5072,0.8572491147683542,0.00523925020015926,0.00017118453979492188,0.8274938440283283,0.8006380950634667,1.0,1.0,1070
5073,0.8567786487118072,0.005238032477775997,0.00015592575073242188,0.8274787146841572,0.8006299933301432,1.0,1.0,1071
5074,0.8564414055009247,0.005236816169211999,0.00015807151794433594,0.8274630060741336,0.8006196893385429,1.0,1.0,1072
5075,0.856278003539867,0.005235601271515314,0.0001583099365234375,0.8274474491567817,0.800609061650013,1.0,1.0,1073
5076,0.8556737413963136,0.0052343877817428875,0.00015616416931152344,0.8274323596525677,0.8005986505838262,1.0,1.0,1074
5077,0.8564533647189467,0.005233175696960528,0.0001697540283203125,0.8274165850353503,0.800588214984579,1.0,1.0,1075
5078,0.8588680581447973,0.005231965014242862,0.00015807151794433594,0.827401240669746,0.8005790033607709,1.0,1.0,1076
5079,0.8599247455684083,0.005230755730673309,0.0001571178436279297,0.827384945526687,0.800569660664841,1.0,1.0,1077
5080,0.8605155501752895,0.0052295478433440476,0.00015544891357421875,0.8273682432587196,0.8005599849905003,1.0,1.0,1078
5081,0.8608931453273889,0.00522834134935597,0.00015497207641601562,0.8273507658422841,0.800549880935423,1.0,1.0,1079
5082,0.8603719584936868,0.005227136245818664,0.0001552104949951172,0.8273335978486637,0.8005399879478028,1.0,1.0,1080
5083,0.8611783469530183,0.0052259325298503615,0.00016736984252929688,0.8273160033679562,0.8005301497857833,1.0,1.0,1081
5084,0.8615209113470513,0.00522473019857792,0.0001571178436279297,0.827298429761133,0.8005193359899804,1.0,1.0,1082
5085,0.8609388649039209,0.005223529249136781,0.00015783309936523438,0.8272812009842327,0.8005085755471271,1.0,1.0,1083
5086,0.860387147640087,0.005222329678670935,0.0001590251922607422,0.8272642514419278,0.8004976629250691,1.0,1.0,1084
5087,0.8608023671438488,0.005221131484332895,0.00016379356384277344,0.8272468859202639,0.8004877618890675,1.0,1.0,1085
5088,0.8612339416618499,0.005219934663283657,0.00016808509826660156,0.8272291214792367,0.8004771479250451,1.0,1.0,1086
5089,0.860700490334129,0.00521873921269267,0.0001590251922607422,0.8272108299069794,0.800466494162848,1.0,1.0,1087
5090,0.8605263729258578,0.005217545129737802,0.0001595020294189453,0.8271927210179362,0.8004564105071319,1.0,1.0,1088
5091,0.8597837612900808,0.0052163524116053085,0.0001583099365234375,0.827175160233943,0.8004471146296394,1.0,1.0,1089
5092,0.8600107676223466,0.005215161055489799,0.00015974044799804688,0.8271576152505444,0.8004374015109395,1.0,1.0,1090
5093,0.8597514544161844,0.005213971058594204,0.0001704692840576172,0.8271402827457,0.800427065716202,1.0,1.0,1091
5094,0.8589793605240247,0.0052127824181297435,0.00015997886657714844,0.8271229741829502,0.8004167440715719,1.0,1.0,1092
5095,0.8587251696190329,0.005211595131315897,0.00016117095947265625,0.8271061881340903,0.8004066998715663,1.0,1.0,1093
5096,0.8579554711082212,0.005210409195380366,0.00015687942504882812,0.8270894252319494,0.800396669394666,1.0,1.0,1094
5097,0.8571871726527448,0.005209224607559048,0.0001575946807861328,0.8270726854234246,0.8003866526095834,1.0,1.0,1095
5098,0.8569863193289119,0.005208041365096004,0.00015926361083984375,0.8270558977194569,0.8003767993494596,1.0,1.0,1096
5099,0.8578180600290701,0.0052068594652434205,0.0001709461212158203,0.8270384631729712,0.8003660886076369,1.0,1.0,1097
5100,0.8574171021768571,0.005205678905261589,0.00015926361083984375,0.827021403251876,0.8003550362288232,1.0,1.0,1098
5101,0.8589634040769042,0.005204499682418865,0.00016236305236816406,0.8270032637963675,0.8003448696883058,1.0,1.0,1099
5102,0.8632352917150261,0.005203321793991642,0.00016069412231445312,0.8269831381337677,0.8003357482129297,1.0,1.0,1100
5103,0.8624654206608895,0.005202145237264322,0.0001628398895263672,0.8269630400329081,0.8003266391168026,1.0,1.0,1101
5104,0.8618492021304419,0.005200970009529278,0.0001735687255859375,0.8269431969550933,0.8003177535146073,1.0,1.0,1102
5105,0.8614351474743014,0.005199796108086829,0.0001621246337890625,0.8269238483582302,0.8003091345942639,1.0,1.0,1103
5106,0.86066908132129,0.005198623530245212,0.00016117095947265625,0.8269045261894954,0.800300527333977,1.0,1.0,1104
5107,0.8600837670680295,0.005197452273320543,0.00016164779663085938,0.8268855850408557,0.8002921468846458,1.0,1.0,1105
5108,0.8596516110763993,0.005196282334636796,0.00015974044799804688,0.8268670034937423,0.8002838127181561,1.0,1.0,1106
5109,0.8635377551153176,0.005195113711525766,0.00017142295837402344,0.8268469151550173,0.8002778609004682,1.0,1.0,1107
5110,0.8628031066938499,0.0051939464013270415,0.0001621246337890625,0.8268270391965328,0.8002718721830745,1.0,1.0,1108
5111,0.8650119290010189,0.005192780401387977,0.00016260147094726562,0.8268061341854114,0.8002638555035969,1.0,1.0,1109
5112,0.864440747896693,0.005191615709063661,0.00016260147094726562,0.8267855151453634,0.8002558858426809,1.0,1.0,1110
5113,0.8636760314905438,0.005190452321716887,0.00016188621520996094,0.8267649240877571,0.8002479268908077,1.0,1.0,1111
5114,0.8630664282558926,0.005189290236718124,0.00016260147094726562,0.8267447871758763,0.8002401874724313,1.0,1.0,1112
5115,0.8628084435241665,0.005188129451445487,0.00017213821411132812,0.8267240643688651,0.8002319743836899,1.0,1.0,1113
5116,0.8642141072264443,0.00518696996328471,0.00016069412231445312,0.8267023224952527,0.8002235570903362,1.0,1.0,1114
5117,0.8648898448898502,0.005185811769629115,0.00016069412231445312,0.8266806120307478,0.8002154085603457,1.0,1.0,1115
5118,0.8668504130193009,0.005184654867879582,0.0001628398895263672,0.8266589788561521,0.8002072837281995,1.0,1.0,1116
5119,0.8669876564827141,0.005183499255444524,0.00016164779663085938,0.826638513851799,0.8001999068489098,1.0,1.0,1117
5120,0.8664275119365571,0.005182344929739858,0.0001723766326904297,0.826618156161083,0.800191584278493,1.0,1.0,1118
5121,0.8656661743869428,0.005181191888188972,0.0001621246337890625,0.8265978259017023,0.8001832728164899,1.0,1.0,1119
5122,0.8658242647503798,0.005180040128222703,0.0001633167266845703,0.8265771955804851,0.8001750009598824,1.0,1.0,1120
5123,0.8656196993691385,0.005178889647279303,0.0001628398895263672,0.8265567279136298,0.8001661256676245,1.0,1.0,1121
5124,0.8652045175629318,0.005177740442804416,0.00016236305236816406,0.8265363366099692,0.8001571743252217,1.0,1.0,1122
5125,0.8657735920289813,0.005176592512251048,0.00016236305236816406,0.8265155507590791,0.8001481700623541,1.0,1.0,1123
5126,0.8652152943396317,0.0051754458530795374,0.00016355514526367188,0.8264946398842815,0.800139413188912,1.0,1.0,1124
5127,0.8653200614218316,0.005174300462757533,0.00016260147094726562,0.8264740352232411,0.8001306499885692,1.0,1.0,1125
5128,0.8650236529984827,0.005173156338759961,0.000164031982421875,0.8264536608030206,0.8001220559623227,1.0,1.0,1126
5129,0.8642689312495118,0.005172013478568997,0.00016570091247558594,0.8264333136428357,0.8001134733279333,1.0,1.0,1127
5130,0.8637329814739482,0.005170871879674046,0.00016689300537109375,0.8264134305235281,0.8001051071768833,1.0,1.0,1128
5131,0.862980746275395,0.005169731539571705,0.00017547607421875,0.8263935739611832,0.8000967520935046,1.0,1.0,1129
5132,0.8625559061241269,0.0051685924557657486,0.00016546249389648438,0.826374042690321,0.8000876973769542,1.0,1.0,1130
5133,0.861910298294063,0.00516745462576709,0.00016570091247558594,0.8263550492257504,0.8000788399555583,1.0,1.0,1131
5134,0.8611619338835055,0.005166318047093761,0.00016498565673828125,0.8263360810653794,0.8000699942251643,1.0,1.0,1132
5135,0.8616807336370597,0.005165182717270886,0.00016736984252929688,0.8263170699823328,0.800060778935947,1.0,1.0,1133
5136,0.8641955770723727,0.005164048633830649,0.00017595291137695312,0.8262967836865026,0.8000507093843606,1.0,1.0,1134
5137,0.8662768266145602,0.005162915794312275,0.00016570091247558594,0.8262756110314929,0.8000405129830053,1.0,1.0,1135
5138,0.8655942441105476,0.005161784196262002,0.0001666545867919922,0.826254913272464,0.8000306048398502,1.0,1.0,1136
5139,0.8650312424426048,0.005160653837233049,0.0001671314239501953,0.8262346845470399,0.800020964995574,1.0,1.0,1137
5140,0.864466330201592,0.005159524714785599,0.00016570091247558594,0.8262147014459793,0.8000117299914341,1.0,1.0,1138
5141,0.863719403579014,0.0051583968264867636,0.00017642974853515625,0.8261947448008619,0.8000025071075427,1.0,1.0,1139
5142,0.8629737847794507,0.005157270169910568,0.00016570091247558594,0.8261748145534059,0.799993296317352,1.0,1.0,1140
5143,0.8623243778510122,0.005156144742637914,0.0001671314239501953,0.8261551407032305,0.7999843140404357,1.0,1.0,1141
5144,0.861581334515699,0.005155020542256565,0.00016450881958007812,0.8261354928319772,0.7999753435186306,1.0,1.0,1142
5145,0.8626025914118163,0.005153897566361112,0.00016617774963378906,0.8261149098906262,0.799965933116772,1.0,1.0,1143
5146,0.8652741062056386,0.005152775812552953,0.0001773834228515625,0.8260927336401656,0.7999569557509096,1.0,1.0,1144
5147,0.8645291547827886,0.005151655278440269,0.0001678466796875,0.8260705865889887,0.7999479901052052,1.0,1.0,1145
5148,0.8638471432063551,0.0051505359616379935,0.00016427040100097656,0.8260486899490468,0.7999391089629202,1.0,1.0,1146
5149,0.8634572665140388,0.005149417859767794,0.0001647472381591797,0.8260272266477634,0.7999305578341569,1.0,1.0,1147
5150,0.8627159684212412,0.005148300970458043,0.0001659393310546875,0.8260057915351969,0.7999220178355353,1.0,1.0,1148
5151,0.8620495252948436,0.0051471852913437905,0.00016641616821289062,0.8259848196624736,0.7999136629828252,1.0,1.0,1149
5152,0.8615536821571294,0.0051460708200667515,0.00018143653869628906,0.8259642219027721,0.7999055081650911,1.0,1.0,1150
5153,0.8636044561979687,0.005144957554275264,0.00016427040100097656,0.8259412956262071,0.7998990318779039,1.0,1.0,1151
5154,0.8636204730886066,0.005143845491624282,0.00016760826110839844,0.8259178671395034,0.7998920786347212,1.0,1.0,1152
5155,0.8645319772430164,0.00514273462977534,0.00016617774963378906,0.8258934231032012,0.7998853963025866,1.0,1.0,1153
5156,0.8643657395633082,0.005141624966396528,0.0001671314239501953,0.8258692054615021,0.7998782743399763,1.0,1.0,1154
5157,0.8639377201326357,0.005140516499162478,0.00017762184143066406,0.8258449727153239,0.7998711532836452,1.0,1.0,1155
5158,0.8650310274709817,0.005139409225754329,0.00016808509826660156,0.8258202305568542,0.7998629330198688,1.0,1.0,1156
5159,0.8656153269139364,0.005138303143859711,0.0001704692840576172,0.8257949025421751,0.799854605383982,1.0,1.0,1157
5160,0.8651096658724758,0.005137198251172715,0.00016641616821289062,0.8257696170477223,0.7998462461172383,1.0,1.0,1158
5161,0.8643726039267235,0.005136094545393875,0.0001685619354248047,0.8257443644390479,0.7998378976274053,1.0,1.0,1159
5162,0.8637183863152501,0.005134992024230139,0.00017714500427246094,0.8257191322151329,0.799828912232666,1.0,1.0,1160
5163,0.8632800558394758,0.005133890685394852,0.0001690387725830078,0.8256941493596673,0.7998202161331938,1.0,1.0,1161
5164,0.8629057614112133,0.005132790526607726,0.0001652240753173828,0.825668722148992,0.7998106605587527,1.0,1.0,1162
5165,0.8658385770736526,0.005131691545594822,0.0001678466796875,0.8256434828370209,0.7998026920139435,1.0,1.0,1163
5166,0.8663328439202752,0.005130593740088525,0.00016617774963378906,0.8256182989420554,0.7997953574225503,1.0,1.0,1164
5167,0.865599052811291,0.005129497107827518,0.0001773834228515625,0.8255931476322189,0.7997880322298188,1.0,1.0,1165
5168,0.8648665201336658,0.005128401646556767,0.00016736984252929688,0.8255680288373469,0.7997807164156373,1.0,1.0,1166
5169,0.8647495091746752,0.005127307354027489,0.00016808509826660156,0.8255427234249717,0.7997734422906382,1.0,1.0,1167
5170,0.8641180603683788,0.005126214227997135,0.0001659393310546875,0.8255176238517841,0.7997661297480465,1.0,1.0,1168
5171,0.8634339108476504,0.005125122266229368,0.0001671314239501953,0.8254928989157438,0.7997589351699588,1.0,1.0,1169
5172,0.863412511105848,0.005124031466494036,0.00017881393432617188,0.8254677303645459,0.7997513535910133,1.0,1.0,1170
5173,0.8647516995826944,0.005122941826567152,0.0001704692840576172,0.8254410458352206,0.7997436454118927,1.0,1.0,1171
5174,0.8642452685348175,0.005121853344230876,0.0001697540283203125,0.8254144304720714,0.7997360459697112,1.0,1.0,1172
5175,0.8635177209405493,0.005120766017273482,0.0001690387725830078,0.8253878493091759,0.7997284562022958,1.0,1.0,1173
5176,0.8630204243526551,0.005119679843489351,0.00016880035400390625,0.8253608375850771,0.7997205822158646,1.0,1.0,1174
5177,0.8624788117037309,0.005118594820678932,0.00016880035400390625,0.8253341706888416,0.7997127139718322,1.0,1.0,1175
5178,0.8625535674381066,0.0051175109466487356,0.0001709461212158203,0.8253073217648264,0.799704485164457,1.0,1.0,1176
5179,0.8622979972230778,0.005116428219211303,0.00017118453979492188,0.8252807894143074,0.7996962211807687,1.0,1.0,1177
5180,0.8621579889833328,0.005115346636185188,0.00016832351684570312,0.8252546495431764,0.7996879382171406,1.0,1.0,1178
5181,0.8621488376674322,0.00511426619539493,0.00016760826110839844,0.8252280963713019,0.7996798646416845,1.0,1.0,1179
5182,0.8624344827295471,0.0051131868946710434,0.00016808509826660156,0.8252008922522236,0.7996713516033642,1.0,1.0,1180
5183,0.8620076923866272,0.005112108731849982,0.00017881393432617188,0.8251735737670678,0.799662478263473,1.0,1.0,1181
5184,0.8613358429380192,0.005111031704774134,0.00016736984252929688,0.8251444015545019,0.7996496101311144,1.0,1.0,1182
5185,0.8619704272937856,0.005109955811291784,0.00016951560974121094,0.8251147118757273,0.7996366846347212,1.0,1.0,1183
5186,0.8615948025476546,0.005108881049257104,0.00016951560974121094,0.8250853709430137,0.7996238296251754,1.0,1.0,1184
5187,0.8638085943530298,0.005107807416530127,0.0001704692840576172,0.8250551329087742,0.7996103545117405,1.0,1.0,1185
5188,0.8634333164351992,0.00510673491097673,0.00017976760864257812,0.8250253060371537,0.7995968992871192,1.0,1.0,1186
5189,0.8627652471958834,0.005105663530468606,0.0001697540283203125,0.8249959461012126,0.7995833020878982,1.0,1.0,1187
5190,0.8664110373476094,0.005104593272883251,0.00016832351684570312,0.824965540959699,0.7995702054194157,1.0,1.0,1188
5191,0.865970615420262,0.0051035241361039405,0.00017023086547851562,0.8249354827873533,0.799557315510028,1.0,1.0,1189
5192,0.8653710772779765,0.005102456118019705,0.00016832351684570312,0.8249024798240053,0.7995421073548628,1.0,1.0,1190
5193,0.8658910341539383,0.00510138921652532,0.00017905235290527344,0.8248691037258226,0.7995269326869061,1.0,1.0,1191
5194,0.8657817149946819,0.00510032342952127,0.00016999244689941406,0.8248360159097524,0.7995120119197956,1.0,1.0,1192
5195,0.8663631898144247,0.0050992587549137415,0.00017142295837402344,0.8248030044427231,0.7994970700248948,1.0,1.0,1193
5196,0.8657010664908061,0.005098195190614601,0.000171661376953125,0.8247704296732113,0.7994822333699914,1.0,1.0,1194
5197,0.8649827075698042,0.005097132734541367,0.00017023086547851562,0.8247378959852841,0.7994674153303727,1.0,1.0,1195
5198,0.8642655539120617,0.005096071384617199,0.0001819133758544922,0.8247054032927061,0.7994526158670903,1.0,1.0,1196
5199,0.8643174950631931,0.005095011138770871,0.000171661376953125,0.8246729484042338,0.7994366838196231,1.0,1.0,1197
5200,0.8636021497336402,0.005093951994936754,0.00017142295837402344,0.8246405343436402,0.799420771717581,1.0,1.0,1198
5201,0.8689501199567015,0.005092893951054799,0.0001723766326904297,0.8246086704559716,0.7994072228104568,1.0,1.0,1199
5202,0.848665971240111,0.005091837005070516,1.1349596977233887,0.735510429858526,0.7827622001377059,1.0,1.0,1200
5203,0.8479747848930417,0.0050907811549349485,0.0003268718719482422,0.7355106686455954,0.7827695812999194,1.0,1.0,1201
5204,0.8474010989627145,0.005089726398604661,0.00022029876708984375,0.7355085949333153,0.7827607284467978,1.0,1.0,1202
5205,0.8467116742018351,0.005088672734041718,0.00020313262939453125,0.7355099832647959,0.7827575000030439,1.0,1.0,1203
5206,0.8472026338543648,0.005087620159213666,0.00018668174743652344,0.7355117010721045,0.7827540464648601,1.0,1.0,1204
5207,0.8473668028563515,0.005086568672093506,0.00018286705017089844,0.7355118814294086,0.7827534417616081,1.0,1.0,1205
5208,0.8470925222443193,0.005085518270659689,0.00018334388732910156,0.7355097455440395,0.7827506835998066,1.0,1.0,1206
5209,0.8464056597557018,0.005084468952896081,0.00018072128295898438,0.7355102000449619,0.782749062873057,1.0,1.0,1207
5210,0.8464201664135451,0.005083420716791956,0.00017833709716796875,0.7355109265402097,0.7827474967639989,1.0,1.0,1208
5211,0.8460216912164046,0.00508237356034197,0.00017690658569335938,0.7355119001549775,0.7827459701973954,1.0,1.0,1209
5212,0.8453373204217481,0.005081327481546147,0.0001895427703857422,0.7355128724380994,0.7827444453671423,1.0,1.0,1210
5213,0.8475950865526076,0.005080282478409857,0.0001800060272216797,0.7355139992747236,0.782743493738511,1.0,1.0,1211
5214,0.8476514913770654,0.0050792385489437965,0.00018167495727539062,0.7355137284064992,0.7827364080602789,1.0,1.0,1212
5215,0.8472929287462576,0.005078195691163976,0.0001761913299560547,0.7355148957548339,0.7827339000704683,1.0,1.0,1213
5216,0.8466099023868794,0.0050771539030916935,0.00017786026000976562,0.735513525367993,0.7827348542427458,1.0,1.0,1214
5217,0.8459378045545336,0.00507611318275352,0.00019073486328125,0.7355148188090027,0.7827322460347886,1.0,1.0,1215
5218,0.8454527213218034,0.005075073528181282,0.00017762184143066406,0.7355137678657863,0.7827288936897393,1.0,1.0,1216
5219,0.8492051960007172,0.005074034937412043,0.00017642974853515625,0.7355146922701564,0.7827334704376301,1.0,1.0,1217
5220,0.8532921441141403,0.005072997408488082,0.00017595291137695312,0.7355127325113017,0.7827319783329592,1.0,1.0,1218
5221,0.8538344052675965,0.005071960939456881,0.00017333030700683594,0.7355133600408875,0.7827332742617145,1.0,1.0,1219
5222,0.8532735920903589,0.005070925528371099,0.000186920166015625,0.7355136488625716,0.7827327954608261,1.0,1.0,1220
5223,0.8529241305348894,0.005069891173288563,0.0001761913299560547,0.735514189259305,0.7827325501640808,1.0,1.0,1221
5224,0.8527990057528244,0.005068857872272246,0.0001785755157470703,0.735512062379317,0.7827311642480832,1.0,1.0,1222
5225,0.8543825585790243,0.0050678256233902454,0.00018024444580078125,0.7355138491516467,0.7827287496974111,1.0,1.0,1223
5226,0.8538543418031275,0.0050667944247157716,0.00017786026000976562,0.7355128913155632,0.7827254539587,1.0,1.0,1224
5227,0.8537696497438669,0.0050657642743271265,0.00018930435180664062,0.7355147368417557,0.7827231461997696,1.0,1.0,1225
5228,0.8541733704921048,0.00506473517030769,0.00017905235290527344,0.7355131903343616,0.7827203113206975,1.0,1.0,1226
5229,0.853596164744526,0.005063707110745895,0.0001785755157470703,0.7355142504407591,0.7827189700841073,1.0,1.0,1227
5230,0.8537986879145066,0.0050626800937352175,0.00017547607421875,0.7355154620277682,0.7827175887299879,1.0,1.0,1228
5231,0.8536020520518512,0.005061654117374155,0.00017762184143066406,0.7355140552090792,0.7827152219475231,1.0,1.0,1229
5232,0.8529223059750247,0.005060629179766213,0.0001876354217529297,0.7355151658129536,0.7827139605013579,1.0,1.0,1230
5233,0.8528577902096047,0.00505960527901988,0.00019407272338867188,0.7355162477026895,0.7827127013427809,1.0,1.0,1231
5234,0.8533658722728718,0.005058582413248622,0.00018548965454101562,0.735515013847751,0.7827101415971529,1.0,1.0,1232
5235,0.8542221944079718,0.005057560580570854,0.00017714500427246094,0.7355169999524123,0.7827071471489958,1.0,1.0,1233
5236,0.8538573259180804,0.005056539779109932,0.00017786026000976562,0.7355167960420806,0.7827026679533315,1.0,1.0,1234
5237,0.8533407417534955,0.005055520006994128,0.00019216537475585938,0.7355191006867611,0.7826996006825491,1.0,1.0,1235
5238,0.8537386371979512,0.005054501262356621,0.00017762184143066406,0.7355186309420799,0.7826953770303952,1.0,1.0,1236
5239,0.857174311378786,0.005053483543335473,0.0001766681671142578,0.7355190099027582,0.782691143279238,1.0,1.0,1237
5240,0.858083186423171,0.00505246684807362,0.0001773834228515625,0.7355186767878524,0.7826853255616095,1.0,1.0,1238
5241,0.8574043552651321,0.005051451174718847,0.0001785755157470703,0.7355183439677768,0.7826795147645407,1.0,1.0,1239
5242,0.8567265677432514,0.005050436521423778,0.00019097328186035156,0.7355204969749752,0.7826748001968586,1.0,1.0,1240
5243,0.8562178250245442,0.005049422886345855,0.00017833709716796875,0.7355203540379526,0.7826691237903196,1.0,1.0,1241
5244,0.8564662712657626,0.005048410267647327,0.00017786026000976562,0.7355200102751741,0.7826642221005423,1.0,1.0,1242
5245,0.8572733763098499,0.0050473986634952265,0.0001800060272216797,0.7355197503620916,0.7826597505080676,1.0,1.0,1243
5246,0.8568415072649941,0.00504638807206136,0.00017881393432617188,0.7355195943027921,0.7826555538941795,1.0,1.0,1244
5247,0.8565578278310567,0.005045378491522288,0.00018548965454101562,0.7355195477600419,0.782651432648294,1.0,1.0,1245
5248,0.8569628376729913,0.005044369920059306,0.00018024444580078125,0.735519289345785,0.7826469908355186,1.0,1.0,1246
5249,0.8562891487834412,0.0050433623558584365,0.0001780986785888672,0.7355190311345464,0.7826425542381156,1.0,1.0,1247
5250,0.8556165339690125,0.005042355797110408,0.00017952919006347656,0.73551877312607,0.7826381228458038,1.0,1.0,1248
5251,0.8551035741789533,0.005041350242010639,0.00019168853759765625,0.7355185718904025,0.7826336620664519,1.0,1.0,1249
5252,0.8563291112186997,0.00504034568875922,0.00017976760864257812,0.7355186556861569,0.7826298870549351,1.0,1.0,1250
5253,0.8556980219961584,0.005039342135560902,0.00017833709716796875,0.7355205638313096,0.7826287196018918,1.0,1.0,1251
5254,0.8556384883570303,0.005038339580625081,0.00018072128295898438,0.7355228155291974,0.7826233285145833,1.0,1.0,1252
5255,0.8549690845324261,0.005037338022165779,0.00018358230590820312,0.7355250644046888,0.7826179437586367,1.0,1.0,1253
5256,0.8554886177842237,0.005036337458401628,0.0001914501190185547,0.7355257254797323,0.7826191767684625,1.0,1.0,1254
5257,0.854820305276576,0.005035337887555859,0.0001785755157470703,0.7355279069113015,0.7826136672721202,1.0,1.0,1255
5258,0.8559904811101712,0.00503433930785628,0.0001804828643798828,0.7355306168042547,0.7826131929256903,1.0,1.0,1256
5259,0.8577481455874459,0.00503334171753527,0.0001800060272216797,0.7355335093860218,0.7826090360821775,1.0,1.0,1257
5260,0.8574409574518396,0.005032345114829752,0.00017881393432617188,0.7355367698779385,0.7826048536421275,1.0,1.0,1258
5261,0.8570051568900885,0.005031349497981186,0.00019168853759765625,0.735540415708124,0.7826074168664772,1.0,1.0,1259
5262,0.8574827159725866,0.005030354865235553,0.0001800060272216797,0.7355440276037376,0.7826036917235587,1.0,1.0,1260
5263,0.8574111276736995,0.0050293612148433345,0.00017881393432617188,0.7355479695643119,0.7825992676256521,1.0,1.0,1261
5264,0.8571417539567939,0.005028368545059504,0.000179290771484375,0.735551833296822,0.7825952885507078,1.0,1.0,1262
5265,0.8579539925879832,0.005027376854143507,0.00017952919006347656,0.7355557284144066,0.7825901010020355,1.0,1.0,1263
5266,0.8572882141584025,0.005026386140359251,0.00019216537475585938,0.7355595479849586,0.7825889666735061,1.0,1.0,1264
5267,0.8572967396125888,0.005025396401975084,0.00017976760864257812,0.7355633692862423,0.782581384749438,1.0,1.0,1265
5268,0.8571071157193055,0.005024407637263785,0.00017905235290527344,0.735567403289835,0.7825786476361639,1.0,1.0,1266
5269,0.8577077698959107,0.005023419844502546,0.000179290771484375,0.7355726174369213,0.7825701599741993,1.0,1.0,1267
5270,0.8584553285505697,0.005022433021972962,0.000179290771484375,0.7355785746317263,0.7825679624847222,1.0,1.0,1268
5271,0.8584603889162293,0.005021447167961011,0.00018906593322753906,0.7355844821096423,0.7825586308272062,1.0,1.0,1269
5272,0.8581547095305306,0.005020462280757039,0.00018024444580078125,0.7355890260468871,0.7825581836570416,1.0,1.0,1270
5273,0.8585249796591493,0.005019478358655752,0.0001785755157470703,0.7355944454973968,0.7825487044585158,1.0,1.0,1271
5274,0.8580158699902602,0.005018495399956194,0.0001804828643798828,0.7355986699761847,0.7825484375224849,1.0,1.0,1272
5275,0.8582938780619187,0.005017513402961737,0.00018072128295898438,0.7356044595465261,0.7825392545567851,1.0,1.0,1273
5276,0.8576973481381587,0.005016532365980066,0.0001919269561767578,0.7356103679736455,0.7825365851141237,1.0,1.0,1274
5277,0.858085007801686,0.005015552287323165,0.00018215179443359375,0.7356155718151632,0.7825267155416178,1.0,1.0,1275
5278,0.8578830460456155,0.005014573165307299,0.0001811981201171875,0.7356197257039472,0.7825255681765532,1.0,1.0,1276
5279,0.8577423993183133,0.005013594998253004,0.00018310546875,0.7356252413894674,0.7825189370180987,1.0,1.0,1277
5280,0.8572115626889735,0.005012617784485075,0.0001919269561767578,0.7356296213824968,0.7825172648776522,1.0,1.0,1278
5281,0.8587471495624167,0.005011641522332542,0.00018358230590820312,0.7356352926470219,0.7825104408337501,1.0,1.0,1279
5282,0.8586892185487544,0.0050106662101286675,0.00018143653869628906,0.7356405351545782,0.7825052927437295,1.0,1.0,1280
5283,0.8584756104191203,0.005009691846210924,0.0001819133758544922,0.7356445903712532,0.782504556339328,1.0,1.0,1281
5284,0.8578178547129569,0.005008718428920987,0.00018286705017089844,0.7356498976606115,0.7824949521794639,1.0,1.0,1282
5285,0.8571612880913502,0.005007745956604715,0.00018906593322753906,0.7356553971168469,0.7824919151482773,1.0,1.0,1283
5286,0.8577426138315687,0.0050067744276121404,0.0001857280731201172,0.7356608868355623,0.7824871877356782,1.0,1.0,1284
5287,0.8572384297303152,0.00500580384029745,0.0001819133758544922,0.7356667237187591,0.7824851805892307,1.0,1.0,1285
5288,0.8565974020161846,0.00500483419301898,0.00018262863159179688,0.7356725639994418,0.7824765205910715,1.0,1.0,1286
5289,0.8571081540124499,0.005003865484139194,0.00018358230590820312,0.7356771461568897,0.7824773252081691,1.0,1.0,1287
5290,0.8566130922130041,0.0050028977120246745,0.0001933574676513672,0.7356831646814532,0.7824694997876499,1.0,1.0,1288
5291,0.856083870180902,0.005001930875046105,0.00018215179443359375,0.7356893915663016,0.7824618388034562,1.0,1.0,1289
5292,0.8557272680731897,0.005000964971578263,0.00018358230590820312,0.7356943730253286,0.7824607382381142,1.0,1.0,1290
5293,0.855565551847457,0.004999999999999999,0.0001842975616455078,0.7356992889870123,0.7824545417347554,1.0,1.0,1291
5294,0.8551951437234491,0.004999035958694232,0.0001823902130126953,0.7357042499974992,0.7824479592294352,1.0,1.0,1292
5295,0.8547629855947662,0.0049980728460479245,0.00019407272338867188,0.7357094827998938,0.7824457514330887,1.0,1.0,1293
5296,0.8576055968935595,0.004997110660452081,0.00018596649169921875,0.7357153617963302,0.7824379741835881,1.0,1.0,1294
5297,0.8569553599681777,0.004996149400301728,0.00018477439880371094,0.7357197823218925,0.7824366376936617,1.0,1.0,1295
5298,0.8563805117150104,0.004995189063995901,0.0001850128173828125,0.7357257516691837,0.7824292411782541,1.0,1.0,1296
5299,0.8558962808172872,0.004994229649937636,0.0001850128173828125,0.7357304242587637,0.7824243373708606,1.0,1.0,1297
5300,0.8552489297654782,0.00499327115653395,0.00018715858459472656,0.7357350737357933,0.7824235862761347,1.0,1.0,1298
5301,0.8546025268686936,0.004992313582195835,0.000186920166015625,0.7357397352739977,0.7824186935251103,1.0,1.0,1299
5302,0.8562614315077496,0.004991356925338237,0.0001888275146484375,0.7357460726352355,0.7824131061684538,1.0,1.0,1300
5303,0.8556350112566251,0.004990401184380054,0.0001881122589111328,0.7357504484487157,0.7824081001908616,1.0,1.0,1301
5304,0.8553346678554137,0.004989446357744109,0.0002002716064453125,0.7357561132345677,0.7824005995093881,1.0,1.0,1302
5305,0.8546904698454191,0.004988492443857151,0.00019049644470214844,0.735760097238827,0.7824017446016981,1.0,1.0,1303
5306,0.8577337055846747,0.004987539441149834,0.00018453598022460938,0.7357642359357399,0.7823989582705235,1.0,1.0,1304
5307,0.8576306522869173,0.004986587348056704,0.000186920166015625,0.7357682524913307,0.7823926212983819,1.0,1.0,1305
5308,0.8570472383082413,0.004985636163016193,0.0001888275146484375,0.735772355883928,0.7823865167162092,1.0,1.0,1306
5309,0.8591835939355572,0.004984685884470603,0.0001971721649169922,0.7357772541277953,0.7823843495277347,1.0,1.0,1307
5310,0.8598161267705072,0.004983736510866086,0.00018858909606933594,0.7357823623497451,0.7823820855722835,1.0,1.0,1308
5311,0.8598761503028366,0.004982788040652646,0.00018453598022460938,0.7357871788392858,0.782379499321005,1.0,1.0,1309
5312,0.860292881018838,0.004981840472284115,0.00018548965454101562,0.7357917738009321,0.7823772991105813,1.0,1.0,1310
5313,0.8601611439547792,0.004980893804218145,0.0001857280731201172,0.7357965964411073,0.7823752751889831,1.0,1.0,1311
5314,0.8595175799236712,0.0049799480349161955,0.00018525123596191406,0.7358014307423598,0.7823691723147469,1.0,1.0,1312
5315,0.8590145628864776,0.004979003162843521,0.0001857280731201172,0.7358063190800758,0.7823674489361869,1.0,1.0,1313
5316,0.8591408652488313,0.004978059186469158,0.00018787384033203125,0.7358113480814455,0.7823655386602806,1.0,1.0,1314
5317,0.8612736889439999,0.004977116104265915,0.000186920166015625,0.735817428338946,0.7823616104750983,1.0,1.0,1315
5318,0.8608049150751602,0.004976173914710356,0.00019311904907226562,0.7358236117150047,0.7823576902131486,1.0,1.0,1316
5319,0.8604226573181162,0.004975232616282795,0.00018835067749023438,0.7358299870886629,0.7823539966672157,1.0,1.0,1317
5320,0.8597815488392011,0.004974292207467277,0.00018668174743652344,0.7358363550759637,0.782350307212827,1.0,1.0,1318
5321,0.859255216556175,0.004973352686751571,0.00018858909606933594,0.7358427572983334,0.7823469494632065,1.0,1.0,1319
5322,0.8600214434926006,0.0049724140526271575,0.00018787384033203125,0.7358498050274795,0.7823406134959001,1.0,1.0,1320
5323,0.8593817943422146,0.00497147630358921,0.00019502639770507812,0.7358568446207289,0.7823342846236208,1.0,1.0,1321
5324,0.8589374781003477,0.004970539438136595,0.00018906593322753906,0.7358640250363859,0.7823281254754754,1.0,1.0,1322
5325,0.8582996490814863,0.0049696034547718525,0.00018858909606933594,0.7358711971771842,0.782321973210079,1.0,1.0,1323
5326,0.857960313389169,0.00496866835200118,0.00019097328186035156,0.7358786681632411,0.7823155103045216,1.0,1.0,1324
5327,0.857515298335294,0.004967734128334434,0.00018715858459472656,0.7358862464632052,0.7823092279829761,1.0,1.0,1325
5328,0.857641650558365,0.004966800782285105,0.00020241737365722656,0.7358939898905963,0.7823021877644663,1.0,1.0,1326
5329,0.8572667476595353,0.0049658683123703145,0.00019073486328125,0.7359019216414273,0.7822944383379987,1.0,1.0,1327
5330,0.857379029018972,0.0049649367171107975,0.00018739700317382812,0.7359100595337378,0.7822865677549906,1.0,1.0,1328
5331,0.8567450708937214,0.004964005995030899,0.0001895427703857422,0.7359181130305109,0.7822788722673134,1.0,1.0,1329
5332,0.8561120630344865,0.004963076144658552,0.00020003318786621094,0.7359262322953082,0.7822710192479326,1.0,1.0,1330
5333,0.8557343200312194,0.0049621471645252746,0.00018906593322753906,0.7359344489332821,0.7822635767317837,1.0,1.0,1331
5334,0.8597250377093856,0.004961219053166154,0.0001857280731201172,0.735942633403678,0.7822579700127463,1.0,1.0,1332
5335,0.859468733675117,0.004960291809119839,0.0001850128173828125,0.7359507796176191,0.7822525991962402,1.0,1.0,1333
5336,0.8588357087383757,0.004959365430928523,0.00018930435180664062,0.7359589911893143,0.7822470689456528,1.0,1.0,1334
5337,0.8584444257412993,0.004958439917137939,0.00019812583923339844,0.7359671416804195,0.78224117103048,1.0,1.0,1335
5338,0.8578606158149861,0.004957515266297343,0.0001914501190185547,0.7359753570416381,0.782235658315632,1.0,1.0,1336
5339,0.8580700749465947,0.004956591476959507,0.00019097328186035156,0.735983652046273,0.7822300524285302,1.0,1.0,1337
5340,0.8578046006513342,0.004955668547680709,0.0001919269561767578,0.7359920865564732,0.7822244527776189,1.0,1.0,1338
5341,0.8571752483665683,0.004954746477020711,0.00019097328186035156,0.7360005114816153,0.7822188593001193,1.0,1.0,1339
5342,0.8568419988713871,0.004953825263542763,0.00019097328186035156,0.7360075235406505,0.7822157158150748,1.0,1.0,1340
5343,0.8564598272751515,0.004952904905813585,0.00018858909606933594,0.7360161454628866,0.7822104834237628,1.0,1.0,1341
5344,0.8562473069024643,0.0049519854024033545,0.00018835067749023438,0.7360235088050906,0.7822075486307789,1.0,1.0,1342
5345,0.8558055811012878,0.004951066751885693,0.00019288063049316406,0.7360310564351642,0.7822048601394989,1.0,1.0,1343
5346,0.8552416555767351,0.004950148952837668,0.00020122528076171875,0.7360386216497481,0.7822023023675351,1.0,1.0,1344
5347,0.8548063987514791,0.004949232003839766,0.0001900196075439453,0.7360463072387253,0.7821997044777782,1.0,1.0,1345
5348,0.8546863467172242,0.004948315903475892,0.00019049644470214844,0.7360555218265413,0.7821946169732876,1.0,1.0,1346
5349,0.8540632036855772,0.0049474006503333594,0.00018787384033203125,0.7360633741260091,0.7821916755001712,1.0,1.0,1347
5350,0.8538516578823537,0.00494648624300287,0.00018715858459472656,0.7360713046244727,0.7821888985024259,1.0,1.0,1348
5351,0.8532300477649722,0.004945572680078514,0.00019931793212890625,0.7360792261689297,0.7821861244779543,1.0,1.0,1349
5352,0.8529288411903492,0.004944659960157751,0.00019097328186035156,0.7360872788703885,0.7821834871863057,1.0,1.0,1350
5353,0.8552775525613662,0.004943748081841406,0.00018978118896484375,0.7360957864630961,0.7821810910084145,1.0,1.0,1351
5354,0.8555797540280297,0.004942837043733653,0.00019049644470214844,0.7361040464378027,0.7821788740563399,1.0,1.0,1352
5355,0.8555794528500267,0.00494192684444201,0.00019979476928710938,0.7361122753156734,0.7821768089871823,1.0,1.0,1353
5356,0.8550572893178952,0.004941017482577327,0.0001926422119140625,0.7361205446034091,0.7821745821751855,1.0,1.0,1354
5357,0.8545038733918258,0.0049401089567537694,0.00018978118896484375,0.7361287898323458,0.7821706411273683,1.0,1.0,1355
5358,0.8575133095221726,0.004939201265588819,0.0001888275146484375,0.7361366223134358,0.7821677156682842,1.0,1.0,1356
5359,0.857229425473201,0.004938294407703252,0.0001895427703857422,0.7361447349807456,0.7821645899952321,1.0,1.0,1357
5360,0.8571984231227093,0.004937388381721139,0.00020384788513183594,0.7361529222775719,0.7821614285823435,1.0,1.0,1358
5361,0.8565786400189712,0.004936483186269828,0.00018906593322753906,0.7361611004039367,0.7821582705501373,1.0,1.0,1359
5362,0.856447716965875,0.004935578819979932,0.00019121170043945312,0.7361690259986784,0.782154919502791,1.0,1.0,1360
5363,0.8558838615289013,0.004934675281485332,0.00018858909606933594,0.7361770503323334,0.7821517380661801,1.0,1.0,1361
5364,0.855363625455384,0.004933772569423148,0.0001919269561767578,0.7361849759895105,0.7821484667137392,1.0,1.0,1362
5365,0.8553904800592556,0.004932870682433747,0.00020194053649902344,0.7361930067002176,0.782144889818301,1.0,1.0,1363
5366,0.8550598572370149,0.004931969619160719,0.00019478797912597656,0.7362010675003847,0.7821415079919987,1.0,1.0,1364
5367,0.8553707603295299,0.004931069378250874,0.00019216537475585938,0.7362095146510123,0.7821371426453599,1.0,1.0,1365
5368,0.8551614252108501,0.004930169958354233,0.0001919269561767578,0.7362180544504107,0.7821331636216315,1.0,1.0,1366
5369,0.8556017329139448,0.004929271358124013,0.0002014636993408203,0.7362262909935352,0.7821293228604174,1.0,1.0,1367
5370,0.8574508826936981,0.00492837357621662,0.00019288063049316406,0.7362344891362974,0.7821262271854553,1.0,1.0,1368
5371,0.8575516355070792,0.0049274766112916415,0.00019502639770507812,0.7362423849106672,0.7821230961149745,1.0,1.0,1369
5372,0.8569698524414022,0.004926580462011831,0.00019240379333496094,0.7362503009257435,0.7821200372703977,1.0,1.0,1370
5373,0.8570087991846527,0.004925685127043103,0.0001919269561767578,0.7362579819822931,0.782117117359194,1.0,1.0,1371
5374,0.856395155471883,0.004924790605054523,0.00020122528076171875,0.736265654510732,0.7821142005315997,1.0,1.0,1372
5375,0.8560118237977955,0.004923896894718292,0.00019168853759765625,0.7362728151315026,0.7821099984476545,1.0,1.0,1373
5376,0.8558537954696095,0.004923003994709745,0.00019121170043945312,0.7362803451577407,0.7821058373564259,1.0,1.0,1374
5377,0.8556068331454492,0.004922111903707335,0.00019288063049316406,0.736287899683166,0.7821018536244497,1.0,1.0,1375
5378,0.8556042068759417,0.004921220620392629,0.0002002716064453125,0.7362950976601949,0.7820979135111412,1.0,1.0,1376
5379,0.8565075475926719,0.004920330143450293,0.0001938343048095703,0.7363027350663007,0.7820935919831515,1.0,1.0,1377
5380,0.8561021590818185,0.004919440471568085,0.00019478797912597656,0.7363105533840764,0.7820894868635522,1.0,1.0,1378
5381,0.8556947410686764,0.004918551603436846,0.0001926422119140625,0.7363185898731066,0.7820854572487153,1.0,1.0,1379
5382,0.8558147478409587,0.004917663537750488,0.00019216537475585938,0.7363268975433988,0.782080644407946,1.0,1.0,1380
5383,0.8552058193016279,0.004916776273205993,0.0002071857452392578,0.7363351960569752,0.7820758366947331,1.0,1.0,1381
5384,0.8549099148208071,0.004915889808503386,0.00019240379333496094,0.7363436785388652,0.7820712191902279,1.0,1.0,1382
5385,0.8543025052482336,0.004915004142345747,0.0001952648162841797,0.736352151686774,0.7820666065929703,1.0,1.0,1383
5386,0.8558578841726838,0.004914119273439185,0.00019431114196777344,0.7363609870865744,0.7820625469644795,1.0,1.0,1384
5387,0.8552504719650694,0.004913235200492839,0.0002071857452392578,0.7363698127831496,0.7820584916308274,1.0,1.0,1385
5388,0.8549550182455602,0.004912351922218861,0.00019431114196777344,0.7363789013361647,0.7820545727115678,1.0,1.0,1386
5389,0.854902901804429,0.004911469437332414,0.00019359588623046875,0.7363874127893919,0.7820499374503425,1.0,1.0,1387
5390,0.8552325795597479,0.004910587744551659,0.0001933574676513672,0.7363957611007376,0.7820449805831461,1.0,1.0,1388
5391,0.8552907089532694,0.004909706842597743,0.00019598007202148438,0.7364040509660302,0.7820394299410033,1.0,1.0,1389
5392,0.8549960614896323,0.004908826730194799,0.00020575523376464844,0.7364123791357201,0.7820317813887938,1.0,1.0,1390
5393,0.8543917270688822,0.004907947406069926,0.00019288063049316406,0.7364206981929915,0.7820241409991646,1.0,1.0,1391
5394,0.8537882584034298,0.004907068868953187,0.00019431114196777344,0.7364290081543934,0.7820165087575423,1.0,1.0,1392
5395,0.8547029780740973,0.004906191117577598,0.00019621849060058594,0.7364375090526724,0.7820078658493129,1.0,1.0,1393
5396,0.8542805337260345,0.0049053141506791185,0.00020599365234375,0.7364451544167326,0.7819983684115118,1.0,1.0,1394
5397,0.8538816759673147,0.004904437966996646,0.00019621849060058594,0.7364530000738688,0.7819887120238564,1.0,1.0,1395
5398,0.8537727351304928,0.004903562565272,0.000194549560546875,0.7364609597784758,0.7819791211222722,1.0,1.0,1396
5399,0.8539587773972492,0.00490268794424992,0.000194549560546875,0.7364688313073954,0.7819696287806873,1.0,1.0,1397
5400,0.8541305841071049,0.0049018141026780536,0.000194549560546875,0.7364766716708346,0.78196033922394,1.0,1.0,1398
5401,0.8546963698626548,0.004900941039306947,0.00020575523376464844,0.7364842983256973,0.7819513004342917,1.0,1.0,1399
5402,0.850983238001958,0.004900068752890042,2.514547109603882,0.787852376381633,0.7673503691747436,1.0,1.0,1400
5403,0.8518407231819408,0.004899197242183654,0.0006451606750488281,0.787850062211264,0.7673537044311797,1.0,1.0,1401
5404,0.8512676910151799,0.00489832650594698,0.0002617835998535156,0.7878503045961658,0.7673525721036901,1.0,1.0,1402
5405,0.8507754958467847,0.004897456542942079,0.0002837181091308594,0.7878498758354349,0.7673495986475101,1.0,1.0,1403
5406,0.8510716747614547,0.004896587351933864,0.0002143383026123047,0.7878481413072292,0.7673504262138328,1.0,1.0,1404
5407,0.8504781256189159,0.004895718931690098,0.00021719932556152344,0.7878478584444304,0.7673498334758625,1.0,1.0,1405
5408,0.8506046324318874,0.0048948512809813835,0.0002129077911376953,0.7878469809947485,0.7673487326930822,1.0,1.0,1406
5409,0.8503197310348714,0.004893984398581153,0.0002262592315673828,0.787845417728533,0.7673495717389948,1.0,1.0,1407
5410,0.8498455612597874,0.0048931182832656584,0.00020575523376464844,0.7878448918942829,0.7673486434492294,1.0,1.0,1408
5411,0.8501266890785502,0.0048922529338139694,0.0002040863037109375,0.787843868794761,0.7673477840241756,1.0,1.0,1409
5412,0.8495359107774906,0.004891388349007956,0.00020503997802734375,0.7878428467779426,0.7673469254188439,1.0,1.0,1410
5413,0.8489459684909244,0.004890524527632289,0.000213623046875,0.787841825841914,0.7673460676319002,1.0,1.0,1411
5414,0.848356895577109,0.004889661468474425,0.00020265579223632812,0.7878399792960096,0.7673468837294253,1.0,1.0,1412
5415,0.8477686113351587,0.004888799170324601,0.00020432472229003906,0.7878389605221104,0.7673460275631139,1.0,1.0,1413
5416,0.8495427443747549,0.004887937631975827,0.00020503997802734375,0.7878383360714448,0.7673460982998163,1.0,1.0,1414
5417,0.8491098564011792,0.004887076852223872,0.00020241737365722656,0.7878378763207169,0.7673462231205943,1.0,1.0,1415
5418,0.8485223230663609,0.004886216829867264,0.0002193450927734375,0.7878365938515438,0.7673480137134967,1.0,1.0,1416
5419,0.8508219989745051,0.004885357563707278,0.00020170211791992188,0.7878352441831686,0.7673496802751657,1.0,1.0,1417
5420,0.8502340140253095,0.004884499052547922,0.00019931793212890625,0.787833895938631,0.7673513449711059,1.0,1.0,1418
5421,0.8496850701055871,0.0048836412951959425,0.00020432472229003906,0.787832807633809,0.7673523300903804,1.0,1.0,1419
5422,0.8517335453530801,0.004882784290460801,0.00021147727966308594,0.7878315975454544,0.7673543809363129,1.0,1.0,1420
5423,0.8511790175880809,0.0048819280371546776,0.0002014636993408203,0.7878306095594635,0.767356676709565,1.0,1.0,1421
5424,0.8528318966134208,0.004881072534092456,0.00019931793212890625,0.7878296278493048,0.7673588580516782,1.0,1.0,1422
5425,0.8524265051535909,0.004880217780091718,0.0001990795135498047,0.7878288373414932,0.767361127349717,1.0,1.0,1423
5426,0.8520733787602075,0.004879363773972738,0.00021314620971679688,0.7878277317442053,0.7673629875569498,1.0,1.0,1424
5427,0.8529465779689703,0.004878510514558468,0.00020432472229003906,0.7878272041224941,0.7673646469239097,1.0,1.0,1425
5428,0.8528438045395599,0.004877658000674538,0.0001990795135498047,0.7878265453148328,0.7673663921067032,1.0,1.0,1426
5429,0.8553063953222941,0.0048768062311492395,0.00020599365234375,0.7878254426637232,0.7673689433234901,1.0,1.0,1427
5430,0.8556177043469296,0.004875955204813527,0.0001995563507080078,0.787824368885042,0.7673718537890006,1.0,1.0,1428
5431,0.8550307401495468,0.004875104920501002,0.00020551681518554688,0.7878232962287501,0.7673747610948716,1.0,1.0,1429
5432,0.8550910136170337,0.0048742553770479095,0.00020313262939453125,0.7878224495301651,0.767377795373058,1.0,1.0,1430
5433,0.8545052516425673,0.0048734065732931285,0.00020265579223632812,0.787821474703884,0.7673806821736452,1.0,1.0,1431
5434,0.8540510319342992,0.004872558508078167,0.00019979476928710938,0.7878204874041254,0.7673835423551577,1.0,1.0,1432
5435,0.8537559632262078,0.004871711180247146,0.0002090930938720703,0.7878196790738801,0.7673864655243163,1.0,1.0,1433
5436,0.8532303462608007,0.004870864588646806,0.0002002716064453125,0.787819001540507,0.7673895534336039,1.0,1.0,1434
5437,0.8526475033264038,0.004870018732126483,0.00020074844360351562,0.7878183247088049,0.7673926380100288,1.0,1.0,1435
5438,0.8528372037966158,0.004869173609538116,0.00020360946655273438,0.787817469903651,0.7673956431772939,1.0,1.0,1436
5439,0.8528998004551244,0.004868329219736228,0.00020647048950195312,0.7878162155384969,0.7673973457816341,1.0,1.0,1437
5440,0.8523184914824947,0.004867485561577922,0.00020265579223632812,0.7878149624778259,0.7673990465106229,1.0,1.0,1438
5441,0.8526147293658721,0.004866642633922876,0.0002028942108154297,0.7878129279765165,0.7673995618335887,1.0,1.0,1439
5442,0.8527861199090921,0.004865800435633333,0.00020265579223632812,0.7878105841893529,0.7673997711929065,1.0,1.0,1440
5443,0.852811201007707,0.004864958965574095,0.00020122528076171875,0.787808259843731,0.7674002158472064,1.0,1.0,1441
5444,0.8530858818765166,0.00486411822261251,0.00021696090698242188,0.7878057331414078,0.7674003436401777,1.0,1.0,1442
5445,0.8529768128549685,0.004863278205618475,0.0001995563507080078,0.7878031008894795,0.7674006656507614,1.0,1.0,1443
5446,0.8529311058553668,0.004862438913464416,0.00020241737365722656,0.7878002038333917,0.7674011471085186,1.0,1.0,1444
5447,0.8523524427146217,0.004861600345025294,0.00020003318786621094,0.7877973872589266,0.767402165375537,1.0,1.0,1445
5448,0.8521303285889341,0.004860762499178584,0.0002124309539794922,0.7877946643882887,0.7674031420513796,1.0,1.0,1446
5449,0.8518838354875246,0.004859925374804279,0.00020051002502441406,0.7877920796374179,0.7674042072822275,1.0,1.0,1447
5450,0.851307138570495,0.004859088970784873,0.00019979476928710938,0.7877896793328725,0.7674046827060679,1.0,1.0,1448
5451,0.8507312103362829,0.004858253286005364,0.00019812583923339844,0.7877873586652805,0.7674056927286564,1.0,1.0,1449
5452,0.8502511351628192,0.004857418319353237,0.0001983642578125,0.7877852463621646,0.767406708938899,1.0,1.0,1450
5453,0.8496909961638645,0.004856584069718464,0.00021004676818847656,0.7877833301448802,0.7674079777508173,1.0,1.0,1451
5454,0.8491610336789965,0.004855750535993491,0.00020265579223632812,0.7877816918940833,0.7674094308836914,1.0,1.0,1452
5455,0.848588199013738,0.004854917717073234,0.00020313262939453125,0.7877800553322865,0.7674108824184774,1.0,1.0,1453
5456,0.8486088975870743,0.004854085611855074,0.00020122528076171875,0.7877780525239858,0.7674118538588439,1.0,1.0,1454
5457,0.850447480631743,0.004853254219238842,0.00020837783813476562,0.787775249611841,0.7674144316946719,1.0,1.0,1455
5458,0.8507124158399592,0.0048524235381268216,0.000202178955078125,0.7877720844906808,0.7674140760159748,1.0,1.0,1456
5459,0.8545466470494016,0.004851593567423735,0.00020313262939453125,0.7877686281766388,0.7674156611282439,1.0,1.0,1457
5460,0.8540238231481376,0.004850764306036741,0.00020265579223632812,0.7877653896396463,0.7674174707387461,1.0,1.0,1458
5461,0.8546952305963798,0.004849935752875418,0.00021886825561523438,0.7877619680559108,0.7674195293235235,1.0,1.0,1459
5462,0.8543312152513359,0.004849107906851773,0.0002071857452392578,0.7877588812671443,0.7674220009840773,1.0,1.0,1460
5463,0.8539779604689918,0.004848280766880221,0.00020647048950195312,0.7877557809810605,0.7674241415746994,1.0,1.0,1461
5464,0.8535103146941768,0.004847454331877581,0.0002028942108154297,0.7877528402202472,0.7674264737539415,1.0,1.0,1462
5465,0.8530830130552322,0.004846628600763073,0.00020241737365722656,0.7877502918325447,0.7674273748112788,1.0,1.0,1463
5466,0.8537118455519527,0.00484580357245831,0.00021386146545410156,0.7877478197561052,0.7674295462579402,1.0,1.0,1464
5467,0.856976116570017,0.004844979245887286,0.0002079010009765625,0.7877444774759296,0.7674323395630113,1.0,1.0,1465
5468,0.8566018928075578,0.004844155619976379,0.00020456314086914062,0.7877412176574289,0.7674347546408847,1.0,1.0,1466
5469,0.8560292122008448,0.00484333269365433,0.0002052783966064453,0.787737961177748,0.7674371671514733,1.0,1.0,1467
5470,0.85551510793779,0.004842510465852251,0.00021314620971679688,0.7877344731072476,0.7674398226085458,1.0,1.0,1468
5471,0.8558944401357226,0.004841688935503606,0.00020766258239746094,0.7877308296456096,0.7674428958728626,1.0,1.0,1469
5472,0.8561370327298805,0.004840868101544216,0.0002079010009765625,0.7877270724541485,0.7674456674276583,1.0,1.0,1470
5473,0.8561450441013687,0.004840047962912238,0.0002067089080810547,0.7877234916250951,0.7674481867224796,1.0,1.0,1471
5474,0.8556097600807032,0.004839228518548174,0.0002205371856689453,0.7877201807782725,0.7674508226744804,1.0,1.0,1472
5475,0.8557398560292337,0.00483840976739485,0.00020837783813476562,0.7877163426574293,0.7674541996920721,1.0,1.0,1473
5476,0.8557721707818245,0.004837591708397419,0.000209808349609375,0.7877127112429654,0.7674578335486096,1.0,1.0,1474
5477,0.8556290250645425,0.0048367743405033515,0.00020623207092285156,0.7877091233166675,0.7674611839638638,1.0,1.0,1475
5478,0.855231831349428,0.004835957662662425,0.00021505355834960938,0.787705457637564,0.7674639173616015,1.0,1.0,1476
5479,0.8547178957806807,0.004835141673826725,0.00020885467529296875,0.7877021251847548,0.7674659121687573,1.0,1.0,1477
5480,0.854441424438263,0.004834326372950629,0.00020694732666015625,0.7876990979885343,0.7674680586831166,1.0,1.0,1478
5481,0.8539629852809661,0.004833511758990809,0.0002040863037109375,0.7876961480068728,0.7674703386141339,1.0,1.0,1479
5482,0.8536035979526806,0.004832697830906221,0.0002048015594482422,0.7876935619718549,0.7674731611685539,1.0,1.0,1480
5483,0.8534018170098453,0.004831884587658095,0.0002143383026123047,0.7876911788806144,0.7674755416179796,1.0,1.0,1481
5484,0.8535508474338546,0.004831072028209936,0.00020432472229003906,0.7876883235521954,0.7674779840904168,1.0,1.0,1482
5485,0.8530619305602056,0.0048302601515275104,0.00020313262939453125,0.7876855803376724,0.7674810689949729,1.0,1.0,1483
5486,0.853834776267478,0.004829448956578844,0.00020599365234375,0.787682912477103,0.7674838747286111,1.0,1.0,1484
5487,0.8532708340609187,0.004828638442334214,0.0002243518829345703,0.7876801729452447,0.7674861616362841,1.0,1.0,1485
5488,0.8532036748628681,0.004827828607766143,0.00020694732666015625,0.7876770094719201,0.7674883773956515,1.0,1.0,1486
5489,0.8527961020221646,0.004827019451849391,0.00020647048950195312,0.787674036747519,0.7674907552581024,1.0,1.0,1487
5490,0.8529025742387388,0.0048262109735609515,0.0002079010009765625,0.7876711844717996,0.7674931408969815,1.0,1.0,1488
5491,0.8525955113395877,0.004825403171880043,0.00021386146545410156,0.7876685975407391,0.767495719091465,1.0,1.0,1489
5492,0.8521316720702026,0.0048245960457881055,0.00020813941955566406,0.787666240152281,0.7674984974409653,1.0,1.0,1490
5493,0.8515712076664044,0.00482378959426879,0.00020933151245117188,0.7876638851367775,0.7675012728949145,1.0,1.0,1491
5494,0.8518197624964825,0.004822983816307956,0.0002732276916503906,0.7876624226154116,0.7675031432658398,1.0,1.0,1492
5495,0.8513667365671879,0.004822178710893664,0.00022411346435546875,0.7876609363827618,0.767503844015216,1.0,1.0,1493
5496,0.8510707684979011,0.0048213742770161685,0.0002105236053466797,0.7876596220453436,0.7675046460306791,1.0,1.0,1494
5497,0.8522828401164135,0.00482057051366791,0.00021576881408691406,0.7876583176752459,0.7675055718187189,1.0,1.0,1495
5498,0.8522263533380414,0.004819767419843516,0.00021123886108398438,0.7876565139422397,0.7675061915925405,1.0,1.0,1496
5499,0.8522091388737497,0.0048189649945397876,0.00021958351135253906,0.7876547218933735,0.7675069972352613,1.0,1.0,1497
5500,0.853004060278488,0.0048181632367556935,0.000209808349609375,0.7876519154769202,0.7675083039340274,1.0,1.0,1498
5501,0.8524459801024185,0.004817362145492369,0.00021147727966308594,0.7876491118722748,0.7675096092328189,1.0,1.0,1499
5502,0.8519122778227768,0.004816561719753108,0.00021767616271972656,0.7876459226739075,0.7675116932781699,1.0,1.0,1500
5503,0.8521909155636204,0.004815761958543351,0.00021982192993164062,0.7876424875617749,0.7675136509104553,1.0,1.0,1501
5504,0.852670540418585,0.004814962860870688,0.00021147727966308594,0.7876393880199902,0.7675155750009653,1.0,1.0,1502
5505,0.8530070705633571,0.0048141644257448475,0.00021266937255859375,0.7876361379607553,0.7675166792900628,1.0,1.0,1503
5506,0.852488781590291,0.004813366652177689,0.0002110004425048828,0.7876327257458143,0.7675179679615539,1.0,1.0,1504
5507,0.8521106771899765,0.004812569539183204,0.00022339820861816406,0.7876291280753427,0.7675194595638658,1.0,1.0,1505
5508,0.8516520841408247,0.0048117730857775015,0.000213623046875,0.7876255691777689,0.7675209182596331,1.0,1.0,1506
5509,0.8510976699781245,0.004810977290978808,0.0002090930938720703,0.7876220138295019,0.7675223754103174,1.0,1.0,1507
5510,0.8509156213092933,0.004810182153807455,0.0002105236053466797,0.7876191404984618,0.7675222748942119,1.0,1.0,1508
5511,0.8503624173906061,0.004809387673285885,0.00021076202392578125,0.7876162700273877,0.767522174392127,1.0,1.0,1509
5512,0.849916417859005,0.004808593848438632,0.0002238750457763672,0.7876135746293889,0.7675223089503393,1.0,1.0,1510
5513,0.8496196033265666,0.004807800678292324,0.0002079010009765625,0.7876109892328844,0.7675226059656043,1.0,1.0,1511
5514,0.8490712493415918,0.004807008161875674,0.00021529197692871094,0.7876086332888318,0.7675231171887863,1.0,1.0,1512
5515,0.8490443197765368,0.004806216298219478,0.00020694732666015625,0.7876061367463357,0.7675237374498616,1.0,1.0,1513
5516,0.8486415294235873,0.004805425086356601,0.00021767616271972656,0.787603842014405,0.7675245255828469,1.0,1.0,1514
5517,0.8480920088599807,0.00480463452532198,0.00021505355834960938,0.7876015495554987,0.7675253128448506,1.0,1.0,1515
5518,0.847649903724015,0.004803844614152614,0.00021195411682128906,0.7875995041387333,0.7675262978960568,1.0,1.0,1516
5519,0.8473615196920358,0.004803055351887559,0.00021028518676757812,0.7875976813317851,0.7675274870565076,1.0,1.0,1517
5520,0.8476733353557927,0.004802266737567921,0.0002224445343017578,0.7875963247164438,0.7675275563411916,1.0,1.0,1518
5521,0.8474592478821465,0.004801478770236853,0.00021266937255859375,0.787595357136879,0.7675277317629869,1.0,1.0,1519
5522,0.8478580214798407,0.004800691448939545,0.00020766258239746094,0.7875941522834111,0.7675279226780293,1.0,1.0,1520
5523,0.8477801517290638,0.0047999047727232255,0.00021076202392578125,0.7875929258684664,0.7675281875386042,1.0,1.0,1521
5524,0.8472515645523153,0.004799118740637148,0.00021600723266601562,0.7875917750924515,0.7675287375773314,1.0,1.0,1522
5525,0.8467055140975545,0.004798333351732588,0.00020956993103027344,0.7875906254456013,0.7675292869851285,1.0,1.0,1523
5526,0.8471207144469919,0.00479754860506284,0.00021505355834960938,0.7875906991415791,0.7675285498351072,1.0,1.0,1524
5527,0.8472575306481029,0.004796764499683209,0.0002129077911376953,0.7875908100025012,0.7675276192533146,1.0,1.0,1525
5528,0.847559982391026,0.004795981034651008,0.00022125244140625,0.7875904890308766,0.7675269780966736,1.0,1.0,1526
5529,0.847376757711928,0.004795198209025547,0.00021600723266601562,0.7875901436200166,0.7675266051441832,1.0,1.0,1527
5530,0.8471250161933744,0.004794416021868134,0.0002110004425048828,0.7875896468371688,0.7675261172414594,1.0,1.0,1528
5531,0.8465810716883692,0.004793634472242062,0.00021076202392578125,0.787589150534549,0.7675256297339413,1.0,1.0,1529
5532,0.8463378303110605,0.004792853559212613,0.00021457672119140625,0.7875887544211096,0.7675252265691526,1.0,1.0,1530
5533,0.8462458805906202,0.004792073281847043,0.0002129077911376953,0.7875882146270453,0.7675244166460757,1.0,1.0,1531
5534,0.8457036986311679,0.0047912936392145835,0.000209808349609375,0.7875876753545638,0.7675236074340613,1.0,1.0,1532
5535,0.8467881242114171,0.0047905146303864315,0.0002148151397705078,0.787587224169788,0.7675228233874214,1.0,1.0,1533
5536,0.8463750178536606,0.004789736254435747,0.0002129077911376953,0.7875869652883689,0.7675221159965048,1.0,1.0,1534
5537,0.8461235741189995,0.004788958510437645,0.00022125244140625,0.7875869287299778,0.7675213738269078,1.0,1.0,1535
5538,0.8476547586769947,0.004788181397469194,0.00021457672119140625,0.787586811733878,0.7675204268535138,1.0,1.0,1536
5539,0.8471133415047657,0.004787404914609406,0.00021195411682128906,0.7875866050327872,0.7675191585208664,1.0,1.0,1537
5540,0.8468261951799171,0.004786629060939234,0.0002124309539794922,0.7875861078994808,0.7675176533105179,1.0,1.0,1538
5541,0.8465402958953243,0.004785853835541568,0.0002295970916748047,0.787585525625341,0.7675177758099844,1.0,1.0,1539
5542,0.8462623129185263,0.004785079237501224,0.00021505355834960938,0.7875851640479135,0.7675179966576745,1.0,1.0,1540
5543,0.8467794627588723,0.004784305265904944,0.00021266937255859375,0.7875849009030818,0.7675182444862082,1.0,1.0,1541
5544,0.8462404913076123,0.004783531919841391,0.0002162456512451172,0.7875846380062705,0.7675184919891936,1.0,1.0,1542
5545,0.8457206397303189,0.0047827591984011385,0.000225067138671875,0.7875842772572108,0.7675189195485905,1.0,1.0,1543
5546,0.845466918065625,0.00478198710067667,0.0002124309539794922,0.7875840423657047,0.767519483415376,1.0,1.0,1544
5547,0.8470373466270944,0.004781215625762374,0.00021195411682128906,0.7875838388817844,0.7675200982240807,1.0,1.0,1545
5548,0.8487834192833276,0.004780444772754535,0.0002124309539794922,0.7875832322231805,0.7675210015599342,1.0,1.0,1546
5549,0.849178182391016,0.0047796745407513285,0.0002181529998779297,0.7875816184663378,0.7675210878055614,1.0,1.0,1547
5550,0.8486648387714177,0.004778904928852823,0.00021457672119140625,0.7875802384595348,0.7675210558650127,1.0,1.0,1548
5551,0.8494468567905719,0.0047781359361609675,0.00021314620971679688,0.7875790454287624,0.7675210393303513,1.0,1.0,1549
5552,0.8493344957295518,0.004777367561779585,0.00021147727966308594,0.7875775356170833,0.767521214471212,1.0,1.0,1550
5553,0.8489792388588633,0.004776599804814374,0.0002288818359375,0.7875760337294844,0.7675215566479704,1.0,1.0,1551
5554,0.8492163492052162,0.004775832664372901,0.0002143383026123047,0.7875747430717068,0.7675216372636368,1.0,1.0,1552
5555,0.8501471693959883,0.004775066139564592,0.00021457672119140625,0.7875727161523776,0.76752128527045,1.0,1.0,1553
5556,0.8497297552107753,0.004774300229500731,0.00021791458129882812,0.7875708771679614,0.7675210348428724,1.0,1.0,1554
5557,0.8503100013611078,0.004773534933294455,0.00022459030151367188,0.787568535333952,0.7675200836455222,1.0,1.0,1555
5558,0.8518834173275732,0.004772770250060746,0.00021791458129882812,0.7875666852346117,0.7675191323887924,1.0,1.0,1556
5559,0.8514925841486161,0.00477200617891643,0.00021791458129882812,0.7875649519641914,0.7675183108443872,1.0,1.0,1557
5560,0.8511451249151344,0.004771242718980167,0.00021195411682128906,0.7875629736045883,0.767517214385339,1.0,1.0,1558
5561,0.8506092699954404,0.004770479869372453,0.00022077560424804688,0.7875609971487262,0.7675161189066599,1.0,1.0,1559
5562,0.8509647194855885,0.004769717629215606,0.00021123886108398438,0.7875586460555641,0.7675147814130121,1.0,1.0,1560
5563,0.8505780038462987,0.004768955997633769,0.00021123886108398438,0.7875563130309416,0.7675135203893824,1.0,1.0,1561
5564,0.8503993814423334,0.004768194973752903,0.00021314620971679688,0.7875529754336347,0.7675146785266924,1.0,1.0,1562
5565,0.8504534515842676,0.004767434556700778,0.0002181529998779297,0.787549012537448,0.7675159003973347,1.0,1.0,1563
5566,0.8502955762723939,0.004766674745606972,0.00021505355834960938,0.787544899289586,0.7675172570513847,1.0,1.0,1564
5567,0.8504873438148015,0.0047659155396028675,0.00021314620971679688,0.7875399371921818,0.7675171411444042,1.0,1.0,1565
5568,0.8505388374291878,0.004765156937821642,0.00021219253540039062,0.7875349734070781,0.7675158954561516,1.0,1.0,1566
5569,0.8500058982966238,0.004764398939398266,0.00021338462829589844,0.7875300143874024,0.7675146508870937,1.0,1.0,1567
5570,0.8509391738730967,0.004763641543469498,0.0002276897430419922,0.7875248186558724,0.767513615544564,1.0,1.0,1568
5571,0.8513494889438616,0.004762884749173879,0.0002148151397705078,0.7875190526606441,0.7675130713421606,1.0,1.0,1569
5572,0.8520524153427149,0.0047621285556517295,0.0002155303955078125,0.7875133280947475,0.7675126677304536,1.0,1.0,1570
5573,0.851519702105908,0.004761372962045142,0.0002200603485107422,0.7875076090121476,0.7675122644283827,1.0,1.0,1571
5574,0.8519180002321768,0.004760617967497975,0.00022530555725097656,0.7875017970807052,0.7675121407990815,1.0,1.0,1572
5575,0.8520836553484299,0.004759863571155856,0.00021767616271972656,0.7874958404054806,0.7675127316934917,1.0,1.0,1573
5576,0.8517818717764971,0.004759109772166168,0.00021386146545410156,0.7874900459034245,0.7675132352264175,1.0,1.0,1574
5577,0.8534736669283151,0.004758356569678049,0.00021648406982421875,0.7874833409367764,0.7675146903044217,1.0,1.0,1575
5578,0.8544428757540897,0.004757603962842384,0.00022530555725097656,0.7874768576489026,0.7675166096138759,1.0,1.0,1576
5579,0.8543314542734656,0.004756851950811808,0.00021576881408691406,0.7874704975049659,0.7675188501998369,1.0,1.0,1577
5580,0.8537994426012654,0.004756100532740693,0.0002155303955078125,0.7874641434272743,0.76752108857002,1.0,1.0,1578
5581,0.8548781637909947,0.0047553497077851455,0.00021719932556152344,0.7874583475132166,0.7675222813825208,1.0,1.0,1579
5582,0.854346541054999,0.0047545994751030055,0.0002281665802001953,0.7874525571195682,0.767523472982178,1.0,1.0,1580
5583,0.8540863903270762,0.004753849833853836,0.000217437744140625,0.7874469676525132,0.7675248568592172,1.0,1.0,1581
5584,0.8536660689714174,0.004753100783198924,0.0002162456512451172,0.7874411866293503,0.767526040775226,1.0,1.0,1582
5585,0.854110789137076,0.004752352322301273,0.0002155303955078125,0.7874354007243943,0.7675274556572907,1.0,1.0,1583
5586,0.8536868117562411,0.004751604450325598,0.00022554397583007812,0.78742964019059,0.7675287870273222,1.0,1.0,1584
5587,0.8535431290331601,0.004750857166438322,0.00022149085998535156,0.7874239199159705,0.7675297848732656,1.0,1.0,1585
5588,0.8530982904061187,0.004750110469807572,0.00021982192993164062,0.7874183335646634,0.7675308807808744,1.0,1.0,1586
5589,0.8525702316160275,0.004749364359603172,0.00021982192993164062,0.7874127525103664,0.767531975572266,1.0,1.0,1587
5590,0.8521591038585198,0.004748618834996642,0.00023055076599121094,0.7874065611181713,0.7675331606877365,1.0,1.0,1588
5591,0.8517713529600258,0.0047478738951611905,0.00022268295288085938,0.7874005822393777,0.7675345096762759,1.0,1.0,1589
5592,0.8518777563443392,0.004747129539271711,0.00021982192993164062,0.7873942428685562,0.7675364343837149,1.0,1.0,1590
5593,0.8515551896131858,0.004746385766504778,0.00021791458129882812,0.7873881034704974,0.7675383021756779,1.0,1.0,1591
5594,0.8514151266734723,0.004745642576038642,0.00023031234741210938,0.7873819543816056,0.7675402780565572,1.0,1.0,1592
5595,0.8509008468761942,0.004744899967053225,0.00022077560424804688,0.7873759426045811,0.7675423651484583,1.0,1.0,1593
5596,0.8505395178033731,0.004744157938730116,0.00022268295288085938,0.7873689330757145,0.7675430677316303,1.0,1.0,1594
5597,0.8500154647548442,0.004743416490252569,0.0002200603485107422,0.7873619301620939,0.7675437695746768,1.0,1.0,1595
5598,0.8495787732641134,0.004742675620805492,0.00023174285888671875,0.7873550678837327,0.7675446012019451,1.0,1.0,1596
5599,0.8497140219696928,0.004741935329575451,0.00022101402282714844,0.7873482059519665,0.7675445322158159,1.0,1.0,1597
5600,0.8510143130134566,0.00474119561575066,0.000217437744140625,0.7873414010547733,0.7675453060976233,1.0,1.0,1598
5601,0.8520946128961517,0.004740456478520978,0.0002224445343017578,0.7873339735664342,0.7675464103039533,1.0,1.0,1599
5602,0.8447500435594112,0.004739717917077904,2.430833339691162,0.7316569560500067,0.7856013541360312,1.0,1.0,1600
5603,0.8457767533053164,0.004738979930614576,0.00034308433532714844,0.7316552585097227,0.7856033088601923,1.0,1.0,1601
5604,0.8452588563150791,0.004738242518325763,0.00024509429931640625,0.731653365742835,0.7855994387274446,1.0,1.0,1602
5605,0.84557570338607,0.004737505679407861,0.000225067138671875,0.7316517361639803,0.7856003127026764,1.0,1.0,1603
5606,0.8465797127178395,0.004736769413058891,0.0002262592315673828,0.7316501123101163,0.7856010352486955,1.0,1.0,1604
5607,0.8460623299855524,0.004736033718478492,0.00022912025451660156,0.7316483874059645,0.7856022679538356,1.0,1.0,1605
5608,0.8467020742648996,0.004735298594867918,0.00021719932556152344,0.731645496479714,0.7856002562985082,1.0,1.0,1606
5609,0.8465633564231858,0.004734564041430035,0.00021982192993164062,0.731642547628276,0.7856023047479407,1.0,1.0,1607
5610,0.8470334700995304,0.004733830057369315,0.00021791458129882812,0.7316402658310089,0.7855978336720293,1.0,1.0,1608
5611,0.8467388406276987,0.004733096641891831,0.0002307891845703125,0.7316384658337904,0.7856016254404836,1.0,1.0,1609
5612,0.8470189468754604,0.004732363794205257,0.0002186298370361328,0.7316357009798022,0.7855999206932083,1.0,1.0,1610
5613,0.846597550259336,0.004731631513518858,0.00021886825561523438,0.7316330417339191,0.7856001571714043,1.0,1.0,1611
5614,0.8479020251179982,0.004730899799043489,0.0002319812774658203,0.7316297869272455,0.7856005428409674,1.0,1.0,1612
5615,0.8473877156001968,0.004730168649991592,0.00024056434631347656,0.731626327950622,0.785600031643223,1.0,1.0,1613
5616,0.8469222342457953,0.0047294380655771885,0.00022077560424804688,0.7316231710288966,0.7856019689981463,1.0,1.0,1614
5617,0.8481942071399607,0.004728708045015878,0.0002231597900390625,0.7316198339455943,0.7856011478517645,1.0,1.0,1615
5618,0.8477054720064945,0.004727978587524837,0.0002219676971435547,0.7316174097401853,0.7856036383250797,1.0,1.0,1616
5619,0.8472288124132215,0.004727249692322801,0.00023317337036132812,0.7316142263448505,0.7856035604367616,1.0,1.0,1617
5620,0.8473542803820048,0.0047265213586300805,0.00022292137145996094,0.7316112631342782,0.7856061790610147,1.0,1.0,1618
5621,0.8470187854887911,0.004725793585668541,0.00022482872009277344,0.731607744982403,0.7856056054476269,1.0,1.0,1619
5622,0.8467788323983277,0.004725066372661607,0.00021886825561523438,0.7316042014041219,0.7856051263856847,1.0,1.0,1620
5623,0.8462662459002166,0.004724339718834254,0.000232696533203125,0.7316006610277861,0.7856046476795133,1.0,1.0,1621
5624,0.8480740250236168,0.0047236136234130085,0.0002205371856689453,0.7315976892442576,0.7856084892048457,1.0,1.0,1622
5625,0.8476593705726498,0.0047228880856259375,0.0002186298370361328,0.7315944037482147,0.7856084683934763,1.0,1.0,1623
5626,0.8480271667949953,0.004722163104702652,0.000217437744140625,0.7315908690591049,0.785608309593903,1.0,1.0,1624
5627,0.8475150663440815,0.004721438679874296,0.0002295970916748047,0.7315875119150285,0.7856104403305664,1.0,1.0,1625
5628,0.8470323093390245,0.004720714810373552,0.0002186298370361328,0.7315841410119621,0.7856097391866084,1.0,1.0,1626
5629,0.8469728921587378,0.004719991495434624,0.00021839141845703125,0.7315808000105021,0.7856112514043917,1.0,1.0,1627
5630,0.8479999738027111,0.004719268734293242,0.00021982192993164062,0.7315777711245752,0.7856123699024253,1.0,1.0,1628
5631,0.8474891024763366,0.004718546526186661,0.00024080276489257812,0.731574453141918,0.7856119701444108,1.0,1.0,1629
5632,0.846978919518272,0.0047178248703536475,0.00022125244140625,0.7315716032356496,0.7856153653838538,1.0,1.0,1630
5633,0.8472979703819195,0.004717103766034483,0.00021910667419433594,0.7315682227480492,0.7856152164128322,1.0,1.0,1631
5634,0.8473470113034526,0.004716383212470955,0.00021767616271972656,0.7315649820752688,0.7856146523370278,1.0,1.0,1632
5635,0.8476910173547244,0.00471566320890636,0.0002315044403076172,0.7315616795894229,0.785616178016757,1.0,1.0,1633
5636,0.847881256868996,0.004714943754585493,0.000217437744140625,0.7315583296721081,0.7856142468458546,1.0,1.0,1634
5637,0.8474926715951124,0.004714224848754646,0.00021767616271972656,0.7315554470065664,0.7856162500167101,1.0,1.0,1635
5638,0.847838407081063,0.004713506490661603,0.00022339820861816406,0.7315518241327229,0.7856175055104877,1.0,1.0,1636
5639,0.8473300558411039,0.004712788679555639,0.0002372264862060547,0.7315480320562506,0.7856164953553292,1.0,1.0,1637
5640,0.8471842630729665,0.004712071414687513,0.0002243518829345703,0.7315447118730899,0.7856192546295181,1.0,1.0,1638
5641,0.8476369758377745,0.004711354695309466,0.00022268295288085938,0.7315409925849596,0.7856208471613146,1.0,1.0,1639
5642,0.8471296623204412,0.004710638520675219,0.00021910667419433594,0.7315372766262752,0.7856224894800283,1.0,1.0,1640
5643,0.8469651668141184,0.00470992289003996,0.0002410411834716797,0.7315334599997217,0.7856219246832253,1.0,1.0,1641
5644,0.8469798960428797,0.0047092078026603566,0.00022602081298828125,0.7315296261159259,0.7856234060391029,1.0,1.0,1642
5645,0.8474120852939891,0.004708493257794535,0.0002224445343017578,0.7315259536876553,0.7856247672286949,1.0,1.0,1643
5646,0.8469715780091477,0.004707779254702087,0.00021958351135253906,0.7315218367845376,0.7856235956461304,1.0,1.0,1644
5647,0.8471531475102008,0.004707065792644064,0.0002334117889404297,0.7315180458469971,0.7856236645632779,1.0,1.0,1645
5648,0.8474711182950412,0.0047063528708829695,0.00021958351135253906,0.7315142625725095,0.7856238907600036,1.0,1.0,1646
5649,0.8469659162277491,0.004705640488682761,0.00022220611572265625,0.7315104826720611,0.7856241166583158,1.0,1.0,1647
5650,0.8465294176524798,0.004704928645308841,0.00022363662719726562,0.7315067296603845,0.7856222817394144,1.0,1.0,1648
5651,0.8475107378564569,0.004704217340028057,0.00023698806762695312,0.7315034809150649,0.7856243853580216,1.0,1.0,1649
5652,0.8470064475276977,0.004703506572108698,0.00022149085998535156,0.7314999487812314,0.7856249451467576,1.0,1.0,1650
5653,0.8468855297294714,0.004702796340820488,0.00021886825561523438,0.7314962655542927,0.7856235417402886,1.0,1.0,1651
5654,0.8465145629436808,0.004702086645434582,0.000217437744140625,0.7314928759825093,0.785624504214298,1.0,1.0,1652
5655,0.8462869284841109,0.004701377485223566,0.00023102760314941406,0.7314899411697635,0.7856254280961639,1.0,1.0,1653
5656,0.8474799591608648,0.004700668859461452,0.00022339820861816406,0.7314861068449454,0.7856280544794143,1.0,1.0,1654
5657,0.8501131559957136,0.004699960767423673,0.00022149085998535156,0.7314823056913997,0.785631266938417,1.0,1.0,1655
5658,0.8496701231524645,0.004699253208387077,0.00022077560424804688,0.7314782294279328,0.7856329053024933,1.0,1.0,1656
5659,0.8494406252394983,0.004698546181629931,0.0002353191375732422,0.7314744526824651,0.785636917293583,1.0,1.0,1657
5660,0.8490588983203107,0.004697839686431913,0.00022101402282714844,0.7314707066157601,0.7856388675132656,1.0,1.0,1658
5661,0.8487349717206056,0.004697133722074102,0.0002224445343017578,0.7314669718115892,0.7856407873245711,1.0,1.0,1659
5662,0.8483032252237909,0.004696428287838986,0.00022220611572265625,0.7314635543574671,0.7856450726260445,1.0,1.0,1660
5663,0.8484869999876603,0.004695723383010453,0.0002353191375732422,0.7314599253588822,0.7856469184459314,1.0,1.0,1661
5664,0.8479857275291677,0.004695019006873785,0.00022029876708984375,0.7314561516395425,0.7856485829965013,1.0,1.0,1662
5665,0.848448473877112,0.00469431515871566,0.0002231597900390625,0.7314522488738655,0.7856491891734473,1.0,1.0,1663
5666,0.84803354172234,0.004693611837824141,0.00022339820861816406,0.7314484547620715,0.7856498174007279,1.0,1.0,1664
5667,0.847989115544743,0.00469290904348868,0.00022912025451660156,0.7314449200470201,0.7856528397419944,1.0,1.0,1665
5668,0.8480191803555637,0.004692206775000111,0.00022459030151367188,0.731441328304979,0.7856538981430247,1.0,1.0,1666
5669,0.8475196971499782,0.004691505031650646,0.00022101402282714844,0.7314377397249012,0.7856549554979503,1.0,1.0,1667
5670,0.8470881485912425,0.004690803812733873,0.00022268295288085938,0.7314341760679157,0.7856561375807781,1.0,1.0,1668
5671,0.8465898318630942,0.004690103117544751,0.0002377033233642578,0.7314306155434691,0.7856573185067358,1.0,1.0,1669
5672,0.8465089273893627,0.0046894029453796076,0.0002224445343017578,0.7314272612870099,0.7856581257186179,1.0,1.0,1670
5673,0.8460115994042169,0.004688703295536135,0.00022292137145996094,0.7314239099703344,0.7856589321133651,1.0,1.0,1671
5674,0.8455991680251643,0.004688004167313388,0.00022411346435546875,0.7314207592893253,0.7856598713294188,1.0,1.0,1672
5675,0.8466452214737574,0.0046873055600117775,0.00022125244140625,0.7314171397947442,0.7856619603581908,1.0,1.0,1673
5676,0.8473673882546481,0.00468660747293307,0.00022149085998535156,0.7314131048648363,0.7856645983064285,1.0,1.0,1674
5677,0.8468705950009613,0.004685909905380384,0.00022459030151367188,0.731409073481544,0.7856672337919832,1.0,1.0,1675
5678,0.8463898551257734,0.004685212856658182,0.00022172927856445312,0.7314047317075288,0.7856696085765842,1.0,1.0,1676
5679,0.8464164357486023,0.004684516326072274,0.00022363662719726562,0.7314002416440093,0.7856719315633789,1.0,1.0,1677
5680,0.8459211047089051,0.004683820312929812,0.0002269744873046875,0.7313957555295485,0.7856742523746791,1.0,1.0,1678
5681,0.8454263613106957,0.00468312481653928,0.0002238750457763672,0.7313912733583249,0.7856765710138341,1.0,1.0,1679
5682,0.8449322045077964,0.004682429836210503,0.00023651123046875,0.731386795124529,0.7856788874841858,1.0,1.0,1680
5683,0.8444386332565127,0.0046817353712546314,0.000225067138671875,0.7313823208223634,0.7856812017890695,1.0,1.0,1681
5684,0.8452239030553338,0.004681041420984144,0.00022411346435546875,0.7313772633995282,0.7856843838215599,1.0,1.0,1682
5685,0.8451059224711893,0.004680347984712845,0.00022363662719726562,0.7313722901882201,0.7856877550239701,1.0,1.0,1683
5686,0.8450989216925459,0.00467965506175586,0.00024271011352539062,0.7313674931612363,0.7856911807645629,1.0,1.0,1684
5687,0.8447937037023259,0.00467896265142963,0.00022292137145996094,0.7313628425384654,0.7856946119970404,1.0,1.0,1685
5688,0.8443243860399803,0.00467827075305191,0.0002219676971435547,0.7313583522749851,0.7856981651115875,1.0,1.0,1686
5689,0.8445453725398026,0.004677579365941767,0.0002315044403076172,0.7313538946048144,0.7857015318860789,1.0,1.0,1687
5690,0.8455065101065421,0.004676888489419575,0.00023794174194335938,0.7313499179547946,0.7857041742235288,1.0,1.0,1688
5691,0.8450149899708239,0.0046761981228070106,0.00022554397583007812,0.7313459447704977,0.7857068141153392,1.0,1.0,1689
5692,0.8452525258449305,0.0046755082654270546,0.0002262592315673828,0.7313420580780989,0.7857092632759956,1.0,1.0,1690
5693,0.84485453859575,0.0046748189166039835,0.0002257823944091797,0.7313383290630676,0.7857118558129363,1.0,1.0,1691
5694,0.8443643005441192,0.004674130075663367,0.00023603439331054688,0.7313346032867762,0.7857144459528657,1.0,1.0,1692
5695,0.8446847291080103,0.004673441741932069,0.00022935867309570312,0.7313304281669408,0.7857175088594472,1.0,1.0,1693
5696,0.847359170459394,0.004672753914738238,0.00022339820861816406,0.7313260121035515,0.7857220423539714,1.0,1.0,1694
5697,0.8470824236428047,0.0046720665934113104,0.00022363662719726562,0.7313216735659579,0.7857267111115346,1.0,1.0,1695
5698,0.8491763729612939,0.004671379777282001,0.00023698806762695312,0.7313175513890678,0.7857306899246831,1.0,1.0,1696
5699,0.8488925188753952,0.004670693465682304,0.00022482872009277344,0.7313134608232994,0.7857348814906407,1.0,1.0,1697
5700,0.8490684281593077,0.004670007657945492,0.00022411346435546875,0.7313092186171972,0.785739363886369,1.0,1.0,1698
5701,0.8486125101746721,0.004669322353406103,0.0002269744873046875,0.7313050921475724,0.7857455543399756,1.0,1.0,1699
5702,0.8481222485656198,0.004668637551399951,0.0002384185791015625,0.7313008062821714,0.785749634657285,1.0,1.0,1700
5703,0.8477823666193598,0.004667953251264108,0.0002281665802001953,0.7312966621766894,0.7857538784532639,1.0,1.0,1701
5704,0.8477269616964948,0.004667269452336915,0.00023221969604492188,0.7312927088572647,0.7857581285510722,1.0,1.0,1702
5705,0.8475657618360701,0.004666586153957968,0.0002262592315673828,0.7312884582074244,0.7857623233402254,1.0,1.0,1703
5706,0.8474215636701175,0.004665903355468124,0.0002346038818359375,0.731284485463942,0.7857687203784901,1.0,1.0,1704
5707,0.8495759419233297,0.004665221056209486,0.00022840499877929688,0.7312807009786809,0.7857734612424201,1.0,1.0,1705
5708,0.8490868991863214,0.004664539255525413,0.00022554397583007812,0.7312769197583597,0.785778197833313,1.0,1.0,1706
5709,0.8486575691679268,0.004663857952760507,0.00022411346435546875,0.7312733296754409,0.7857829256963282,1.0,1.0,1707
5710,0.8481885099001429,0.004663177147260617,0.00023698806762695312,0.7312698707619014,0.7857882166811558,1.0,1.0,1708
5711,0.8480465118785646,0.004662496838372831,0.0002262592315673828,0.7312665338091509,0.7857932367308643,1.0,1.0,1709
5712,0.848109099190397,0.004661817025445474,0.00022554397583007812,0.7312629633217625,0.7857985528915182,1.0,1.0,1710
5713,0.8476223611517292,0.004661137707828105,0.00022673606872558594,0.731259395900841,0.7858038642841876,1.0,1.0,1711
5714,0.8471361893358963,0.0046604588848715165,0.0002372264862060547,0.7312558315419656,0.7858091709159569,1.0,1.0,1712
5715,0.8474940807988761,0.004659780555927729,0.0002288818359375,0.7312520529265123,0.7858142522724684,1.0,1.0,1713
5716,0.8476730747527746,0.004659102720349986,0.00022792816162109375,0.7312478523600094,0.7858198348057936,1.0,1.0,1714
5717,0.8472397748929962,0.004658425377492758,0.00022721290588378906,0.7312437955074751,0.7858255759393891,1.0,1.0,1715
5718,0.8467797092854089,0.0046577485267117295,0.000240325927734375,0.7312399077638334,0.7858314789242479,1.0,1.0,1716
5719,0.8462954383257745,0.004657072167363803,0.00023102760314941406,0.731236552832605,0.7858374588175978,1.0,1.0,1717
5720,0.8458402593408371,0.004656396298807098,0.000232696533203125,0.7312328936317268,0.7858430179971095,1.0,1.0,1718
5721,0.8461657367564566,0.004655720920400938,0.0002269744873046875,0.7312290814677326,0.785848354961415,1.0,1.0,1719
5722,0.845682687980202,0.00465504603150586,0.00023317337036132812,0.7312252725662265,0.7858536871645964,1.0,1.0,1720
5723,0.845647960273476,0.004654371631483601,0.00023245811462402344,0.7312215496227745,0.7858587305626634,1.0,1.0,1721
5724,0.845165763091255,0.0046536977196971,0.0002300739288330078,0.7312178298594566,0.7858637694618276,1.0,1.0,1722
5725,0.8477425810356172,0.0046530242955104975,0.00024318695068359375,0.7312139240450763,0.7858697753730346,1.0,1.0,1723
5726,0.8477682906457591,0.0046523513582891265,0.0002334117889404297,0.7312096778762492,0.7858736818888326,1.0,1.0,1724
5727,0.8476054387346965,0.0046516789073995125,0.00023245811462402344,0.7312055335053711,0.7858777471894846,1.0,1.0,1725
5728,0.8480035917277591,0.004651006942209372,0.000232696533203125,0.7312010962394169,0.785881396011274,1.0,1.0,1726
5729,0.8475213739216237,0.004650335462087608,0.0002448558807373047,0.7311966627697347,0.7858850415665921,1.0,1.0,1727
5730,0.8485430284698141,0.004649664466404308,0.0002295970916748047,0.7311925799983734,0.785888660404284,1.0,1.0,1728
5731,0.8481602563112918,0.004648993954530736,0.00023174285888671875,0.7311885601538555,0.7858924186410263,1.0,1.0,1729
5732,0.8498241162236742,0.004648323925839341,0.00023102760314941406,0.731184666969435,0.7858966670517998,1.0,1.0,1730
5733,0.8495544740373313,0.004647654379703742,0.00024056434631347656,0.7311806920773657,0.7859012049715649,1.0,1.0,1731
5734,0.8494654362574633,0.00464698531549873,0.0002281665802001953,0.7311767317037843,0.7859053976791134,1.0,1.0,1732
5735,0.8491803156579881,0.00464631673260027,0.0002319812774658203,0.7311728537568944,0.7859096667788412,1.0,1.0,1733
5736,0.8489659111081834,0.004645648630385489,0.00023031234741210938,0.7311691384259595,0.7859141006231033,1.0,1.0,1734
5737,0.8491951511546267,0.00464498100823268,0.0002486705780029297,0.7311652855280277,0.785918397565894,1.0,1.0,1735
5738,0.8492267425633704,0.004644313865521295,0.0002319812774658203,0.7311611363267159,0.7859224245315414,1.0,1.0,1736
5739,0.8489950050338595,0.004643647201631947,0.00023055076599121094,0.7311571986350177,0.785926554906002,1.0,1.0,1737
5740,0.8487600606715067,0.004642981015946399,0.0002319812774658203,0.7311534649946316,0.7859307589944846,1.0,1.0,1738
5741,0.8485728971894644,0.004642315307847573,0.00024366378784179688,0.7311499471150427,0.7859346630812712,1.0,1.0,1739
5742,0.8489780151673079,0.004641650076719535,0.00023126602172851562,0.7311461600852095,0.7859394803043793,1.0,1.0,1740
5743,0.8484991344106931,0.0046409853219475,0.00023102760314941406,0.7311423762584348,0.7859442932754811,1.0,1.0,1741
5744,0.8487205325258275,0.0046403210429178275,0.00023031234741210938,0.7311383976073513,0.7859488861585145,1.0,1.0,1742
5745,0.8485319816780983,0.004639657239018017,0.00022864341735839844,0.7311340550647314,0.7859540674923613,1.0,1.0,1743
5746,0.8480541088651976,0.004638993909636707,0.00023317337036132812,0.7311297162001693,0.7859592442666099,1.0,1.0,1744
5747,0.8478580189847791,0.004638331054163672,0.00023508071899414062,0.7311251393172291,0.7859645876497214,1.0,1.0,1745
5748,0.8477327353827276,0.004637668671989819,0.00024390220642089844,0.7311199731601786,0.7859704580867163,1.0,1.0,1746
5749,0.8477845489530998,0.004637006762507183,0.00023102760314941406,0.7311147792680819,0.785976261958962,1.0,1.0,1747
5750,0.8478680290310404,0.004636345325108929,0.00022935867309570312,0.7311095705818335,0.7859816575673472,1.0,1.0,1748
5751,0.8477066797673598,0.0046356843591893486,0.000232696533203125,0.7311045061446344,0.7859871288468026,1.0,1.0,1749
5752,0.8472667176681299,0.00463502386414385,0.00024247169494628906,0.7310995886753644,0.78599262214747,1.0,1.0,1750
5753,0.8474439484680412,0.004634363839368964,0.0002319812774658203,0.7310943535405633,0.7859978731712761,1.0,1.0,1751
5754,0.8474219367619685,0.004633704284262337,0.0002319812774658203,0.7310890012062131,0.7860031028087269,1.0,1.0,1752
5755,0.8489897214021633,0.004633045198222731,0.0002334117889404297,0.7310839407181775,0.7860073360814579,1.0,1.0,1753
5756,0.8497782230953295,0.0046323865806500155,0.0002396106719970703,0.7310792423901425,0.7860114603584232,1.0,1.0,1754
5757,0.8493831683452124,0.004631728430945172,0.0002346038818359375,0.7310747061848957,0.786015752168972,1.0,1.0,1755
5758,0.8502342025350952,0.004631070748510286,0.0002338886260986328,0.7310704726833192,0.7860188989527205,1.0,1.0,1756
5759,0.8507187204622244,0.004630413532748545,0.00023317337036132812,0.7310663247880902,0.7860220523231334,1.0,1.0,1757
5760,0.8502434126723512,0.00462975678306424,0.0002434253692626953,0.7310621803760818,0.7860252029116893,1.0,1.0,1758
5761,0.8499734777190326,0.004629100498862757,0.00023746490478515625,0.73105781364076,0.7860288561915718,1.0,1.0,1759
5762,0.8498594286889478,0.004628444679550579,0.0002319812774658203,0.7310534883753932,0.7860321146014857,1.0,1.0,1760
5763,0.8493853897592916,0.00462778932453528,0.00023436546325683594,0.7310491667390024,0.7860353701440482,1.0,1.0,1761
5764,0.8489118866684549,0.004627134433225524,0.00024390220642089844,0.7310448487264841,0.7860386228234258,1.0,1.0,1762
5765,0.8500059863079571,0.004626480005031064,0.00023174285888671875,0.7310401937253895,0.7860428475078953,1.0,1.0,1763
5766,0.850180600844293,0.004625826039362736,0.0002319812774658203,0.7310354672458572,0.7860473765617919,1.0,1.0,1764
5767,0.8505311410391209,0.004625172535632457,0.0002429485321044922,0.7310305829562713,0.7860517625042357,1.0,1.0,1765
5768,0.850282198080993,0.004624519493253228,0.0002346038818359375,0.7310257758560013,0.7860563211957341,1.0,1.0,1766
5769,0.8500553244085748,0.00462386691163912,0.00023412704467773438,0.7310210609824231,0.7860610037425877,1.0,1.0,1767
5770,0.8503819327931172,0.0046232147902052845,0.000232696533203125,0.7310160652024891,0.7860653584188734,1.0,1.0,1768
5771,0.8501759604259201,0.004622563128367941,0.0002446174621582031,0.731010684227737,0.786069907876501,1.0,1.0,1769
5772,0.8504121356979256,0.00462191192554438,0.0002589225769042969,0.7310051980353591,0.7860733105087024,1.0,1.0,1770
5773,0.8506591254098352,0.004621261181152957,0.00023627281188964844,0.7309996964735015,0.7860767150734538,1.0,1.0,1771
5774,0.850689080941943,0.0046206108946130935,0.00023818016052246094,0.7309941473673115,0.7860789909258665,1.0,1.0,1772
5775,0.8506020736078383,0.00461996106534527,0.00024509429931640625,0.7309886804273105,0.7860806974886045,1.0,1.0,1773
5776,0.8511804708660948,0.004619311692771027,0.00023627281188964844,0.7309828308923261,0.7860817287336529,1.0,1.0,1774
5777,0.8512566427576461,0.004618662776312964,0.00023412704467773438,0.7309771108626907,0.7860829475183485,1.0,1.0,1775
5778,0.8511745135227263,0.004618014315394729,0.00023818016052246094,0.7309712666973579,0.7860840653059655,1.0,1.0,1776
5779,0.8511383845790381,0.004617366309441026,0.00025010108947753906,0.7309653121917765,0.7860851976314501,1.0,1.0,1777
5780,0.8508802921570782,0.004616718757877606,0.00023889541625976562,0.7309596281791673,0.7860864675141552,1.0,1.0,1778
5781,0.8507075785526163,0.004616071660131267,0.00023603439331054688,0.7309535938802546,0.7860875277743647,1.0,1.0,1779
5782,0.8505797867913933,0.004615425015629849,0.0002474784851074219,0.730947434779656,0.7860884727828167,1.0,1.0,1780
5783,0.8501726472834078,0.0046147788238022356,0.0002377033233642578,0.7309414458084876,0.7860895233170695,1.0,1.0,1781
5784,0.8499442134847317,0.004614133084078348,0.00023627281188964844,0.7309353388315961,0.7860903709814789,1.0,1.0,1782
5785,0.8505505904373224,0.004613487795889146,0.00023698806762695312,0.7309286383166398,0.7860919903168306,1.0,1.0,1783
5786,0.850602045173811,0.004612842958666621,0.00025010108947753906,0.7309218968802625,0.7860932995649604,1.0,1.0,1784
5787,0.8514572247498974,0.004612198571843795,0.00023818016052246094,0.7309158257897821,0.7860929254625029,1.0,1.0,1785
5788,0.853356509082216,0.004611554634854723,0.0002372264862060547,0.7309105425110718,0.7860918292762628,1.0,1.0,1786
5789,0.8553261633201535,0.004610911147134483,0.00023698806762695312,0.7309051086095064,0.7860916539381552,1.0,1.0,1787
5790,0.8559455800942861,0.004610268108119178,0.00025153160095214844,0.730899870500431,0.7860907796836419,1.0,1.0,1788
5791,0.8555096703483966,0.0046096255172459345,0.0002460479736328125,0.7308945801306632,0.786090114008026,1.0,1.0,1789
5792,0.855889172751504,0.004608983373952897,0.00023984909057617188,0.7308889072793703,0.7860888132741127,1.0,1.0,1790
5793,0.8557557542741769,0.004608341677679226,0.00024962425231933594,0.73088284538528,0.7860870824879433,1.0,1.0,1791
5794,0.8552862453797381,0.004607700427865099,0.00023865699768066406,0.7308767885216609,0.7860853530861176,1.0,1.0,1792
5795,0.8556732422851593,0.004607059623951704,0.0002384185791015625,0.7308709776438278,0.7860833725504677,1.0,1.0,1793
5796,0.8559803431818864,0.0046064192653812374,0.00023698806762695312,0.7308651420850389,0.7860813304999033,1.0,1.0,1794
5797,0.8555519822395986,0.004605779351596907,0.0002484321594238281,0.7308589515901264,0.7860792536864267,1.0,1.0,1795
5798,0.8555084805274662,0.004605139882042921,0.00024080276489257812,0.7308524122699225,0.7860789272238488,1.0,1.0,1796
5799,0.8556662910466657,0.0046045008561644936,0.0002372264862060547,0.7308456465430493,0.7860787249183997,1.0,1.0,1797
5800,0.8571039085491579,0.004603862273407836,0.00023984909057617188,0.7308390927198184,0.7860785506398141,1.0,1.0,1798
5801,0.8566353718482236,0.004603224133220161,0.0002541542053222656,0.7308325443215142,0.7860783764363342,1.0,1.0,1799
5802,0.8562357885405973,0.004602586435049675,3.0432541370391846,0.7235265215032456,0.8087226378863965,1.0,1.0,1800
5803,0.8558854245002284,0.004601949178345577,0.0004298686981201172,0.7235251229795655,0.8087254799471489,1.0,1.0,1801
5804,0.8560028488884163,0.004601312362558058,0.0003235340118408203,0.7235239050362182,0.8087277579781355,1.0,1.0,1802
5805,0.8559467775782298,0.004600675987138297,0.00029397010803222656,0.7235226847034864,0.8087300505114675,1.0,1.0,1803
5806,0.8558867300351848,0.004600040051538459,0.00029015541076660156,0.723521455294349,0.808732171558111,1.0,1.0,1804
5807,0.8581266182569566,0.004599404555211693,0.00027251243591308594,0.7235203277167886,0.8087342472854989,1.0,1.0,1805
5808,0.8576598630954407,0.004598769497612132,0.0002639293670654297,0.7235192009872806,0.8087363212193841,1.0,1.0,1806
5809,0.8572181261075733,0.004598134878194884,0.00025463104248046875,0.7235180917085566,0.8087384964538837,1.0,1.0,1807
5810,0.8570317961910834,0.004597500696416036,0.0002720355987548828,0.7235169355948853,0.8087403699481454,1.0,1.0,1808
5811,0.8565664102686347,0.00459686695173265,0.0002505779266357422,0.7235157803512223,0.8087422418202528,1.0,1.0,1809
5812,0.8566224437001085,0.00459623364360276,0.0002524852752685547,0.7235146363107728,0.8087439814175847,1.0,1.0,1810
5813,0.8562823865208912,0.004595600771485371,0.0002624988555908203,0.723513421661307,0.8087456442543849,1.0,1.0,1811
5814,0.8562000559495234,0.004594968334840455,0.0002512931823730469,0.723512218894812,0.8087471638890247,1.0,1.0,1812
5815,0.8563158138726968,0.004594336333128949,0.0002498626708984375,0.7235109830149257,0.80874966192167,1.0,1.0,1813
5816,0.856311422899802,0.004593704765812753,0.000247955322265625,0.7235098038213519,0.8087518719943853,1.0,1.0,1814
5817,0.8558479176075492,0.004593073632354732,0.00026106834411621094,0.7235086255138573,0.8087540801703836,1.0,1.0,1815
5818,0.8554447206326247,0.0045924429322187045,0.0002455711364746094,0.7235073830397559,0.8087561545106539,1.0,1.0,1816
5819,0.855077854511245,0.00459181266486945,0.00024962425231933594,0.7235060838506928,0.8087580667410179,1.0,1.0,1817
5820,0.8552637251664339,0.004591182829772698,0.0002598762512207031,0.7235048344716905,0.8087597841370325,1.0,1.0,1818
5821,0.8562525142491297,0.004590553426395135,0.0002484321594238281,0.7235036944640012,0.808761187459128,1.0,1.0,1819
5822,0.8558698793967058,0.004589924454204394,0.0002453327178955078,0.7235025029790713,0.8087624349535457,1.0,1.0,1820
5823,0.8554081279316212,0.004589295912669057,0.0002434253692626953,0.7235013123874541,0.8087636813549288,1.0,1.0,1821
5824,0.8550359174612132,0.00458866780125865,0.0002562999725341797,0.7235000279731689,0.8087657073550224,1.0,1.0,1822
5825,0.8546852374256444,0.004588040119443645,0.0002455711364746094,0.723498685577751,0.8087677869940981,1.0,1.0,1823
5826,0.8544530370773871,0.004587412866695454,0.00024700164794921875,0.7234973206271339,0.8087696559847756,1.0,1.0,1824
5827,0.8546127572489283,0.004586786042486427,0.00024962425231933594,0.7234959587871268,0.8087714549893497,1.0,1.0,1825
5828,0.8543319685966817,0.004586159646289852,0.00024771690368652344,0.7234944922395538,0.8087731083635588,1.0,1.0,1826
5829,0.8562786088963986,0.004585533677579949,0.00024509429931640625,0.7234932660033657,0.8087749683378164,1.0,1.0,1827
5830,0.8560434809303193,0.0045849081358318765,0.00025010108947753906,0.7234919958372646,0.8087767047028884,1.0,1.0,1828
5831,0.8558265076372031,0.004584283020521715,0.0002574920654296875,0.7234907124536023,0.8087785564119181,1.0,1.0,1829
5832,0.8554968777668405,0.0045836583311264795,0.0002472400665283203,0.7234893588837309,0.8087804445513561,1.0,1.0,1830
5833,0.8552569520588054,0.004583034067124108,0.000247955322265625,0.7234879716780204,0.8087821960378747,1.0,1.0,1831
5834,0.8550021218285212,0.004582410227993465,0.000247955322265625,0.7234865525497011,0.8087838648138753,1.0,1.0,1832
5835,0.8550321797527729,0.004581786813214332,0.0002605915069580078,0.7234851390973296,0.8087854975773419,1.0,1.0,1833
5836,0.8552384489021608,0.004581163822267413,0.0002524852752685547,0.7234837589977452,0.8087870683409564,1.0,1.0,1834
5837,0.8570202457404575,0.004580541254634332,0.0002491474151611328,0.7234826127752446,0.8087893536190549,1.0,1.0,1835
5838,0.856778087567324,0.004579919109797623,0.0002586841583251953,0.7234814161508814,0.808791563436233,1.0,1.0,1836
5839,0.8564036699438283,0.004579297387240736,0.0002467632293701172,0.7234801963546712,0.808793116350828,1.0,1.0,1837
5840,0.8559867230449246,0.004578676086448034,0.0002467632293701172,0.7234788631692443,0.8087945186219065,1.0,1.0,1838
5841,0.8568176055222239,0.004578055206904783,0.00024700164794921875,0.7234776506491986,0.8087958563731905,1.0,1.0,1839
5842,0.8563969305172939,0.004577434748097163,0.0002529621124267578,0.7234763732386362,0.8087971729855427,1.0,1.0,1840
5843,0.8563409807948656,0.004576814709512255,0.00024700164794921875,0.7234753077670776,0.8087973766387733,1.0,1.0,1841
5844,0.8562666503440577,0.004576195090638041,0.0002491474151611328,0.7234743056173808,0.808797471971132,1.0,1.0,1842
5845,0.8575547923214577,0.004575575890963408,0.0002567768096923828,0.7234731681378554,0.8087996078899203,1.0,1.0,1843
5846,0.8571625269120007,0.00457495710997814,0.00024962425231933594,0.7234718915255111,0.8088013292886974,1.0,1.0,1844
5847,0.8568508758111159,0.0045743387471729145,0.00025081634521484375,0.7234705822661366,0.8088029256624957,1.0,1.0,1845
5848,0.8569153052130634,0.004573720802039307,0.00024771690368652344,0.7234692805381598,0.8088041775510186,1.0,1.0,1846
5849,0.857002300455318,0.004573103274069785,0.0002601146697998047,0.7234679976101235,0.8088055556073056,1.0,1.0,1847
5850,0.8571779559741197,0.004572486162757705,0.0002493858337402344,0.7234667437970934,0.8088069453221717,1.0,1.0,1848
5851,0.8579568928704709,0.0045718694675973125,0.00024819374084472656,0.7234655076216592,0.8088083806946156,1.0,1.0,1849
5852,0.8577085797721967,0.004571253188083739,0.0002465248107910156,0.7234642758325913,0.8088100228190513,1.0,1.0,1850
5853,0.857467802890206,0.004570637323713,0.0002624988555908203,0.7234630780792373,0.808811330777851,1.0,1.0,1851
5854,0.8577596650942116,0.004570021873981994,0.0002498626708984375,0.7234619652726074,0.8088118214814134,1.0,1.0,1852
5855,0.8574757146105771,0.004569406838388501,0.0002512931823730469,0.723460895201222,0.8088119640932209,1.0,1.0,1853
5856,0.8571298048736241,0.004568792216431175,0.0002617835998535156,0.7234599235188227,0.8088115197084812,1.0,1.0,1854
5857,0.8567908553176684,0.004568178007609551,0.0002493858337402344,0.7234588482198484,0.8088108027293552,1.0,1.0,1855
5858,0.8564372840649186,0.004567564211424035,0.00024962425231933594,0.7234577395625829,0.8088098836697108,1.0,1.0,1856
5859,0.8562690241476869,0.004566950827375906,0.00025010108947753906,0.7234566423632003,0.8088084229669389,1.0,1.0,1857
5860,0.8558160889570793,0.004566337854967312,0.0002617835998535156,0.7234555459634356,0.8088069633924185,1.0,1.0,1858
5861,0.8553636392238825,0.004565725293701273,0.00024890899658203125,0.7234544503622949,0.8088055049446797,1.0,1.0,1859
5862,0.8550725808199674,0.004565113143081671,0.000247955322265625,0.723453305048696,0.8088039635213019,1.0,1.0,1860
5863,0.855844291234505,0.004564501402613254,0.0002586841583251953,0.7234521537177175,0.8088026445912191,1.0,1.0,1861
5864,0.8557134995637912,0.004563890071801633,0.0002467632293701172,0.7234510857301207,0.8088006759617392,1.0,1.0,1862
5865,0.8555452996098352,0.0045632791501532795,0.00025081634521484375,0.7234500248126117,0.8087984472345724,1.0,1.0,1863
5866,0.8552011304879771,0.0045626686371755204,0.0002493858337402344,0.7234488950096893,0.8087962059348777,1.0,1.0,1864
5867,0.8547504397973787,0.004562058532376543,0.0002617835998535156,0.7234477660296855,0.8087939663906589,1.0,1.0,1865
5868,0.8543337187837671,0.004561448835265385,0.0002503395080566406,0.7234466303422715,0.808791206479334,1.0,1.0,1866
5869,0.8542051463067178,0.0045608395453519395,0.0002551078796386719,0.7234455303940623,0.808787237538315,1.0,1.0,1867
5870,0.854225623854429,0.004560230662146951,0.00026154518127441406,0.7234444063275879,0.8087830669083371,1.0,1.0,1868
5871,0.8542365294499099,0.004559622185162009,0.00025391578674316406,0.7234433461013294,0.8087793412898151,1.0,1.0,1869
5872,0.8539494559388202,0.004559014113909555,0.00024962425231933594,0.7234422769844194,0.8087757730795979,1.0,1.0,1870
5873,0.853500682603081,0.004558406447902869,0.0002505779266357422,0.7234412086382362,0.8087722076888844,1.0,1.0,1871
5874,0.8530750736594656,0.004557799186656079,0.0002655982971191406,0.7234399795363626,0.8087693529995171,1.0,1.0,1872
5875,0.8534555981440268,0.004557192329684151,0.0002510547637939453,0.7234389191903512,0.8087657419695184,1.0,1.0,1873
5876,0.8532531207856794,0.004556585876502892,0.0002541542053222656,0.7234378095386146,0.8087624008514589,1.0,1.0,1874
5877,0.8528730572422804,0.004555979826628945,0.0002651214599609375,0.7234366311834505,0.8087589748504928,1.0,1.0,1875
5878,0.8524967258100654,0.0045553741795797895,0.0002536773681640625,0.7234352448483093,0.8087556090599797,1.0,1.0,1876
5879,0.8524159199862992,0.004554768934873736,0.00025272369384765625,0.7234338422098028,0.808752243928196,1.0,1.0,1877
5880,0.8519695959882866,0.004554164092029931,0.00025343894958496094,0.7234324406062725,0.808748881446493,1.0,1.0,1878
5881,0.8523681837586097,0.004553559650568345,0.0002644062042236328,0.7234310359691343,0.8087459285633632,1.0,1.0,1879
5882,0.8522627643842469,0.004552955610009782,0.00025200843811035156,0.7234295187464048,0.8087428408289771,1.0,1.0,1880
5883,0.8522118198467233,0.004552351969875866,0.00025391578674316406,0.7234278670687427,0.808741096789625,1.0,1.0,1881
5884,0.8521747090068255,0.004551748729689051,0.00026345252990722656,0.7234262159705485,0.8087399734611924,1.0,1.0,1882
5885,0.851729665694165,0.004551145888972609,0.0002551078796386719,0.7234245661038049,0.8087388509795356,1.0,1.0,1883
5886,0.8518077771764014,0.004550543447250633,0.0002532005310058594,0.7234228630153606,0.8087375431550121,1.0,1.0,1884
5887,0.8516382001094724,0.004549941404048038,0.00025272369384765625,0.7234211843298172,0.8087366768185474,1.0,1.0,1885
5888,0.8517277973562613,0.0045493397588905506,0.0002605915069580078,0.7234195177672791,0.808735751153893,1.0,1.0,1886
5889,0.851505236888364,0.004548738511304714,0.0002567768096923828,0.7234179314929635,0.8087347845772751,1.0,1.0,1887
5890,0.8512133591904681,0.004548137660817887,0.00025343894958496094,0.7234162925813236,0.8087337296729044,1.0,1.0,1888
5891,0.85141215104655,0.004547537206958238,0.000263214111328125,0.7234148340800667,0.8087322413500673,1.0,1.0,1889
5892,0.8515417569536238,0.004546937149254743,0.00025725364685058594,0.7234133756659458,0.8087307515714985,1.0,1.0,1890
5893,0.8515224418954996,0.0045463374872371865,0.000270843505859375,0.723411719292306,0.8087291509710193,1.0,1.0,1891
5894,0.8533916932088289,0.004545738220436161,0.0002567768096923828,0.7234100660975219,0.8087285497115785,1.0,1.0,1892
5895,0.8530270484179561,0.0045451393483830595,0.0002677440643310547,0.7234083505896436,0.8087278504331377,1.0,1.0,1893
5896,0.8525904907948462,0.00454454087061008,0.0002541542053222656,0.7234065663561314,0.8087272693996121,1.0,1.0,1894
5897,0.8522630761961689,0.0045439427866502185,0.00025534629821777344,0.7234047013728079,0.8087270090840011,1.0,1.0,1895
5898,0.8531146279758948,0.004543345096037272,0.0002658367156982422,0.7234031030439807,0.8087251125002701,1.0,1.0,1896
5899,0.8526721765417721,0.004542747798305832,0.00025773048400878906,0.7234014417947011,0.8087231917581531,1.0,1.0,1897
5900,0.8523449995082234,0.004542150892991286,0.0002548694610595703,0.7233996760346841,0.8087219710257907,1.0,1.0,1898
5901,0.8520435912049915,0.004541554379629815,0.0002548694610595703,0.7233979179820189,0.8087204976884638,1.0,1.0,1899
5902,0.8519103018274884,0.0045409582577583905,0.0002677440643310547,0.7233963026818256,0.8087183902954971,1.0,1.0,1900
5903,0.8527936181860909,0.004540362526914776,0.0002579689025878906,0.7233947790600717,0.808716235099953,1.0,1.0,1901
5904,0.8525343641043656,0.004539767186637518,0.0002582073211669922,0.7233932080966811,0.8087139824869287,1.0,1.0,1902
5905,0.8522285092338274,0.0045391722364659555,0.00026607513427734375,0.7233916203544153,0.8087115702129659,1.0,1.0,1903
5906,0.8517881967196244,0.0045385776759402086,0.0002605915069580078,0.7233900337801867,0.8087091597981458,1.0,1.0,1904
5907,0.8518832636372662,0.004537983504601179,0.0002636909484863281,0.7233885551650608,0.8087063123660669,1.0,1.0,1905
5908,0.8514435971487534,0.004537389721990551,0.0002732276916503906,0.7233870776304786,0.8087034671357506,1.0,1.0,1906
5909,0.8522686845992916,0.004536796327650787,0.0002567768096923828,0.7233857525655963,0.8087008184704851,1.0,1.0,1907
5910,0.852100696038942,0.004536203321125128,0.00026345252990722656,0.7233844010288454,0.80869808982596,1.0,1.0,1908
5911,0.8543759675179328,0.0045356107019575926,0.0002562999725341797,0.7233830632340953,0.8086960355232279,1.0,1.0,1909
5912,0.854090269014258,0.004535018469692969,0.000255584716796875,0.7233816993454845,0.8086938537342792,1.0,1.0,1910
5913,0.8540690650709318,0.0045344266238768185,0.0002551078796386719,0.7233804096383777,0.808691524420326,1.0,1.0,1911
5914,0.8536852614964215,0.004533835164055477,0.0002608299255371094,0.7233790353404814,0.8086898479600376,1.0,1.0,1912
5915,0.8533371041047761,0.004533244089776044,0.0002682209014892578,0.7233776621542038,0.8086879426816383,1.0,1.0,1913
5916,0.8528983272784587,0.0045326534005863915,0.00025844573974609375,0.7233762899620696,0.808686038853765,1.0,1.0,1914
5917,0.8525330807195983,0.004532063096035152,0.0002562999725341797,0.723374894850669,0.8086839326130848,1.0,1.0,1915
5918,0.8525061319393453,0.004531473175671726,0.00025534629821777344,0.7233733984617864,0.8086822680439165,1.0,1.0,1916
5919,0.8522797800657949,0.004530883639046271,0.0002605915069580078,0.7233718710169736,0.8086805069245085,1.0,1.0,1917
5920,0.8520720810471727,0.004530294485709712,0.00025582313537597656,0.7233705588784369,0.8086771640876136,1.0,1.0,1918
5921,0.8520843451655685,0.004529705715213726,0.0002574920654296875,0.7233692378362738,0.8086738005740054,1.0,1.0,1919
5922,0.8518243513036227,0.00452911732711075,0.000274658203125,0.7233678513164903,0.8086704533744276,1.0,1.0,1920
5923,0.8516107833885219,0.004528529320953978,0.0002608299255371094,0.7233664272443633,0.8086671383659925,1.0,1.0,1921
5924,0.851355437295972,0.004527941696297354,0.0002598762512207031,0.7233649554635186,0.8086637411822235,1.0,1.0,1922
5925,0.8509867274529879,0.004527354452695576,0.0002701282501220703,0.7233634756399099,0.8086605406678591,1.0,1.0,1923
5926,0.8507017014547564,0.004526767589704093,0.0002627372741699219,0.7233619256279974,0.80865730588508,1.0,1.0,1924
5927,0.8502666683393163,0.004526181106879103,0.0002593994140625,0.7233603767414896,0.8086540735857463,1.0,1.0,1925
5928,0.8499040564327839,0.004525595003777548,0.0002589225769042969,0.7233588110881601,0.8086505997250232,1.0,1.0,1926
5929,0.8494698805040192,0.00452500927995712,0.00026607513427734375,0.723357246571124,0.8086471285322682,1.0,1.0,1927
5930,0.8507334297322389,0.004524423934976251,0.0002598762512207031,0.7233558174296933,0.8086428620459089,1.0,1.0,1928
5931,0.85337187642415,0.004523838968394115,0.0002605915069580078,0.7233546989678444,0.8086380730245166,1.0,1.0,1929
5932,0.8529979210390765,0.004523254379770632,0.00027370452880859375,0.7233535305947331,0.8086328553548201,1.0,1.0,1930
5933,0.8526989188194989,0.004522670168666454,0.00025725364685058594,0.7233523348188545,0.8086275116975982,1.0,1.0,1931
5934,0.8522644197421579,0.0045220863346429755,0.00026035308837890625,0.72335113988964,0.8086221721631346,1.0,1.0,1932
5935,0.8518303691874095,0.004521502877262322,0.00025963783264160156,0.7233499458060689,0.8086168367461114,1.0,1.0,1933
5936,0.8522935062070959,0.0045209197960873575,0.0002765655517578125,0.7233487646091749,0.8086117992751264,1.0,1.0,1934
5937,0.8520533267177168,0.004520337090681677,0.00025725364685058594,0.7233475318444772,0.8086066758028702,1.0,1.0,1935
5938,0.8519009909023537,0.004519754760609605,0.0002593994140625,0.7233462432511264,0.8086016831142038,1.0,1.0,1936
5939,0.8518120338887029,0.004519172805436196,0.0002713203430175781,0.7233449513201109,0.8085966269328676,1.0,1.0,1937
5940,0.852583345009446,0.004518591224727233,0.00026345252990722656,0.7233438054462965,0.8085915678369411,1.0,1.0,1938
5941,0.8522925054194359,0.004518010018049225,0.0002605915069580078,0.7233426608742161,0.8085867363691125,1.0,1.0,1939
5942,0.8518599850862741,0.0045174291849694025,0.00025916099548339844,0.7233415171058099,0.8085819086088418,1.0,1.0,1940
5943,0.8520424568208359,0.004516848725055723,0.0002663135528564453,0.723340334955575,0.808576794877137,1.0,1.0,1941
5944,0.8516842544221737,0.004516268637876864,0.0002593994140625,0.7233390991541632,0.8085715682206299,1.0,1.0,1942
5945,0.8512526736117262,0.004515688923002222,0.00025963783264160156,0.7233378642259478,0.8085663455728226,1.0,1.0,1943
5946,0.8508215358497908,0.004515109580001912,0.00027108192443847656,0.72333663016988,0.8085611269285746,1.0,1.0,1944
5947,0.8504947728295044,0.004514530608446765,0.0002627372741699219,0.7233353157961707,0.8085558087121892,1.0,1.0,1945
5948,0.8501638177715741,0.00451395200790833,0.000263214111328125,0.7233339325609591,0.8085504483577222,1.0,1.0,1946
5949,0.849756837306712,0.004513373777958864,0.00027561187744140625,0.7233325261250569,0.8085457215166042,1.0,1.0,1947
5950,0.8498642691519555,0.004512795918171341,0.00026535987854003906,0.7233312264551681,0.8085406037965086,1.0,1.0,1948
5951,0.8499466701032138,0.004512218428119444,0.000263214111328125,0.7233299351254785,0.8085352503778932,1.0,1.0,1949
5952,0.8501197413469427,0.004511641307377564,0.0002601146697998047,0.7233286971205506,0.808529175649036,1.0,1.0,1950
5953,0.8502607745298735,0.004511064555520798,0.0002703666687011719,0.7233275428409075,0.8085227889924615,1.0,1.0,1951
5954,0.8498318987277719,0.004510488172124952,0.00025963783264160156,0.7233263893670245,0.8085164072226525,1.0,1.0,1952
5955,0.8495410759952599,0.004509912156766536,0.0002593994140625,0.7233251693559538,0.8085107230779278,1.0,1.0,1953
5956,0.8491825334702254,0.00450933650902276,0.00027108192443847656,0.7233240844393815,0.8085044541616462,1.0,1.0,1954
5957,0.8487547836967534,0.004508761228471536,0.0002608299255371094,0.7233230002733854,0.8084981900335094,1.0,1.0,1955
5958,0.8486858481414399,0.004508186314691476,0.0002608299255371094,0.7233217868452558,0.8084918924906558,1.0,1.0,1956
5959,0.8486809203132369,0.004507611767261894,0.0002627372741699219,0.7233205274414829,0.808486568743696,1.0,1.0,1957
5960,0.8484231212299361,0.004507037585762792,0.0002617835998535156,0.7233192158520255,0.8084811810436763,1.0,1.0,1958
5961,0.8481209242689324,0.004506463769774876,0.00026154518127441406,0.7233178598314021,0.8084756853901596,1.0,1.0,1959
5962,0.8478501751260253,0.00450589031887954,0.0002598762512207031,0.7233164526291017,0.8084701680548139,1.0,1.0,1960
5963,0.8474484339775452,0.004505317232658873,0.0002753734588623047,0.7233149996189573,0.8084645988076247,1.0,1.0,1961
5964,0.8476950853204447,0.004504744510695653,0.000263214111328125,0.72331357882508,0.808459854648429,1.0,1.0,1962
5965,0.8474410898913844,0.004504172152573348,0.0002605915069580078,0.7233121428372216,0.808454918091772,1.0,1.0,1963
5966,0.8470582658877268,0.004503600157876113,0.0002675056457519531,0.723310638462686,0.8084498609916122,1.0,1.0,1964
5967,0.8469079795459897,0.00450302852618879,0.00026226043701171875,0.7233091034030967,0.8084447359496792,1.0,1.0,1965
5968,0.8465971176106522,0.004502457257096904,0.0002617835998535156,0.7233075073371257,0.8084395514076914,1.0,1.0,1966
5969,0.8463704622241891,0.004501886350186666,0.0002598762512207031,0.7233058648175862,0.8084343118871864,1.0,1.0,1967
5970,0.8459470629919507,0.004501315805044967,0.0002727508544921875,0.7233042234694474,0.8084290763328655,1.0,1.0,1968
5971,0.8475361922810436,0.004500745621259378,0.0002617835998535156,0.7233028577686514,0.8084236638949757,1.0,1.0,1969
5972,0.8473622529842932,0.00450017579841815,0.00026106834411621094,0.7233014447010707,0.8084181622282935,1.0,1.0,1970
5973,0.8470269900597259,0.004499606336110209,0.0002753734588623047,0.7232999551894328,0.8084126348141291,1.0,1.0,1971
5974,0.8467591977470332,0.00449903723392516,0.00026154518127441406,0.7232984494864876,0.8084068833104274,1.0,1.0,1972
5975,0.846868631564959,0.00449846849145328,0.00026535987854003906,0.7232969572713438,0.8084004227092894,1.0,1.0,1973
5976,0.8471886603363058,0.004497900108285521,0.000263214111328125,0.7232954190657737,0.8083939663536364,1.0,1.0,1974
5977,0.846973266014449,0.004497332084013505,0.00027751922607421875,0.7232937935604477,0.8083879522265857,1.0,1.0,1975
5978,0.8473783891129661,0.004496764418229525,0.00026154518127441406,0.7232921110349673,0.8083821437521815,1.0,1.0,1976
5979,0.8469563186783984,0.004496197110526541,0.0002665519714355469,0.7232904297065714,0.8083763396605252,1.0,1.0,1977
5980,0.8471469647895388,0.004495630160498183,0.0002753734588623047,0.7232888851588348,0.8083702709391183,1.0,1.0,1978
5981,0.8470935149712391,0.0044950635677387454,0.00026488304138183594,0.7232872718514639,0.8083642344127893,1.0,1.0,1979
5982,0.8476070116086722,0.004494497331843185,0.0002651214599609375,0.7232856912499706,0.8083583269634396,1.0,1.0,1980
5983,0.8471928057182494,0.004493931452407124,0.00027251243591308594,0.7232840511956511,0.8083529784298653,1.0,1.0,1981
5984,0.8478536485808799,0.004493365929026848,0.00026297569274902344,0.7232823796414505,0.8083481236069425,1.0,1.0,1982
5985,0.847432777369433,0.004492800761299298,0.0002624988555908203,0.7232807092729281,0.8083432724280868,1.0,1.0,1983
5986,0.8474701964127643,0.004492235948822075,0.0002605915069580078,0.7232790070186801,0.8083386172778657,1.0,1.0,1984
5987,0.848725412035691,0.004491671491193442,0.0002734661102294922,0.7232774512387401,0.8083337621195276,1.0,1.0,1985
5988,0.8483246969585632,0.004491107388012311,0.0002636909484863281,0.7232759416355192,0.808328595963995,1.0,1.0,1986
5989,0.8483452014934968,0.004490543638878253,0.0002593994140625,0.7232744237767984,0.8083242308156824,1.0,1.0,1987
5990,0.8480563692344281,0.00448998024339149,0.00027179718017578125,0.7232729021059819,0.8083200809507232,1.0,1.0,1988
5991,0.8479898872555931,0.004489417201152897,0.0002644062042236328,0.7232713329227323,0.8083161307035516,1.0,1.0,1989
5992,0.8475782483808397,0.0044888545117640006,0.00026106834411621094,0.7232697007731446,0.8083120752978757,1.0,1.0,1990
5993,0.8472349464732722,0.004488292174826973,0.000263214111328125,0.7232680531646909,0.8083081977198675,1.0,1.0,1991
5994,0.8497634717895841,0.004487730189944634,0.0002644062042236328,0.7232666128297401,0.8083048418306832,1.0,1.0,1992
5995,0.8493661754600402,0.004487168556720455,0.00026535987854003906,0.7232650824853134,0.8083021514820804,1.0,1.0,1993
5996,0.8489469932565967,0.004486607274758545,0.00026416778564453125,0.7232635532142854,0.80829946311995,1.0,1.0,1994
5997,0.8485282302490051,0.004486046343663661,0.000274658203125,0.7232620250153804,0.8082967767418324,1.0,1.0,1995
5998,0.8483637372668715,0.004485485763041202,0.00026535987854003906,0.723260400180314,0.8082947950554472,1.0,1.0,1996
5999,0.8479457016530763,0.004484925532497205,0.0002639293670654297,0.7232587764884607,0.8082928148170064,1.0,1.0,1997
6000,0.8475337641919043,0.004484365651638348,0.0002732276916503906,0.7232571027768983,0.8082913357627919,1.0,1.0,1998
6001,0.847137120028872,0.004483806120071949,0.00026345252990722656,0.7232554119157701,0.8082893488075222,1.0,1.0,1999
6002,0.8469243692677759,0.004483246937405957,2.2816474437713623,0.7219548759512459,0.8037657634566787,1.0,1.0,2000
