,Unnamed: 0,tau,obj_values,MRO_tau,MRO_obj_values,cluster_SAA_tau,cluster_SAA_obj_values,epsilon,online_time,MRO_time,cluster_SAA_time,MRO_square_val,MRO_sig_val,square_val,sig_val,worst_values,MRO_worst_values,worst_times,MRO_worst_times,worst_values_regret,MRO_worst_values_regret,worst_times_regret,MRO_worst_times_regret,t,regret_bound,MRO_regret_bound,MRO_eval0,MRO_eval1,MRO_satisfy0,MRO_satisfy1,O_eval0,O_eval1,O_satisfy0,O_satisfy1,O_worst_satisfy0,O_worst_satisfy1,MRO_worst_satisfy0,MRO_worst_satisfy1,cluster_SAA_eval0,cluster_SAA_eval1,cluster_SAA_satisfy0,cluster_SAA_satisfy1
0,0.0,-0.00671300450805898,0.0017151549121088114,-0.00671300450420365,0.0017151549126628591,-0.008333459886777661,-0.00833345988677764,0.0043225324637831,1.290772154601291,1.4692472917260602,0.12831405680626629,4.791781217025919e-35,1.2436968444798085e-19,4.791781217025919e-35,1.2436968429678675e-19,0.0017151733474354744,0.0017151733418914327,0.000119383493438308,7.316521368920803e-05,0.0,0.0,7.812019903211958e-05,6.795017980038304e-05,0.0,0.0570221015712695,0.017290131077900266,0.04056083085134181,0.04074109606007467,0.0,0.0,0.040560830859963946,0.04074109606950137,0.0,0.0,0.0,0.0,0.0,0.0,0.05126863111629858,0.05086836618453862,0.0,0.0
1,1.0,-0.0046516997988375495,0.0039552593881819085,-0.00465171630379447,0.003955259362800904,-0.00562023305344851,-0.005620233053448471,0.004302875026296601,4.331168206245638,4.369541157525964,0.3605276965303347,3.597383188430519e-35,8.283904693207261e-20,3.993151014188267e-35,1.1592704187283585e-19,0.003955267467793906,0.0039552675046297375,0.0008429865119978586,7.952030282467153e-05,0.00796058564271724,0.007960585636952958,7.276907563209533e-05,7.431323174387217e-05,1.0,0.07231864145476101,0.05278073213311589,0.0349460476185328,0.03447751259182426,0.0,0.0,0.03494602526158029,0.03447746344914558,0.0,0.0,0.0,0.0,0.0,0.0,0.04264220057999461,0.042353752299534926,0.0,0.0
2,2.0,-0.0009341111039662001,0.007726495454827531,-0.00093411109019815,0.007726495457322451,-0.00254362872756827,-0.00162241981884836,0.004259478701880701,5.9889099186751995,7.030708713689819,0.3221267967717722,3.3867783007477855e-35,8.116944203093068e-20,2.662100676125511e-35,8.944230124753096e-20,0.007726504469911051,0.0077265044694792995,9.75752249359981e-05,7.538218051195145e-05,0.0160026431245537,0.016002702109169646,7.14451540261507e-05,7.390421815216542e-05,4.0,0.06061434806772091,0.05421226156217673,0.02716894204510678,0.026064604300011885,0.1,0.0,0.027168942065240405,0.026064604326121475,0.1,0.0,0.1,0.0,0.1,0.0,0.034019334256531024,0.032881272592771425,0.0,0.0
3,3.0,0.00032610870830936,0.00876558193635155,0.0003261153448772501,0.00876558575985894,-0.0011127231122227497,-0.0004227060947596402,0.004248273943286599,6.593874720926396,6.847553710523061,0.21036887129303067,3.641425112975625e-35,8.792298592818182e-20,2.3958906085129596e-35,7.934415931744532e-20,0.008765554259622079,0.008765554895479321,9.65500017627887e-05,7.093921303749084e-05,0.01149704942080991,0.011497049411885191,6.895710248500109e-05,7.143609691411257e-05,5.0,0.058224055290305624,0.0532247285868833,0.025557282436516872,0.02366680935661029,0.1,0.0,0.025557275586575202,0.02366679836279736,0.1,0.0,0.1,0.0,0.1,0.0,0.03136984172444725,0.02881871341023401,0.0,0.0
4,4.0,0.00129876315410554,0.010395783691311,0.0012986170777254898,0.01039573554555227,0.00033835668440374017,0.0017060748673843,0.004212688167551799,19.224807411059736,10.95068285134621,0.5434903350193053,3.0999064729004436e-35,6.815907150484487e-20,1.7113504346521136e-35,4.282597136561683e-20,0.0103957116923785,0.010395704441019091,0.00010171721223739398,7.380899041891098e-05,0.01494288457269446,0.01494286236639627,7.563012186437363e-05,7.266625761985779e-05,9.0,0.04736124178088393,0.045228013906335025,0.01995919360199998,0.02064481430229916,0.2,0.1,0.019958929475557836,0.02064445559342208,0.2,0.1,0.2,0.1,0.2,0.1,0.023379279105629844,0.022891530248687588,0.0,0.0
5,5.0,0.0011136467336485898,0.010303965290909262,0.00111355777338205,0.01030396817036868,0.00011196350370228005,0.0016440997367572403,0.0042054282940117,8.767841702234,11.872974925488233,0.5761199829168617,2.743504469020969e-35,7.726017934476638e-20,1.5972604056753063e-35,3.9819274240183005e-20,0.010303946106846689,0.01030394640550707,9.542503394184818e-05,7.914444431662309e-05,0.010337161200747841,0.010337144578899041,7.66763929277605e-05,8.39353306218882e-05,10.0,0.04452264829134363,0.044275730449220126,0.02015464093352458,0.02081581200315371,0.2,0.1,0.02015430352677014,0.020815635135449737,0.2,0.1,0.2,0.1,0.2,0.1,0.024385641604088834,0.02431959318338725,0.0,0.0
6,6.0,0.00098843164514614,0.011133514258683811,0.0009958480879923698,0.01093447479192891,0.0006763514974136999,0.00207073673220204,0.0041806486850074,13.76810021775309,12.748741036723368,0.8088087965734303,0.00141885666145349,0.0005739855775735399,0.0020332576394471802,0.00056746772663162,0.012656385375535739,0.012596891371474881,0.00010766601189967585,8.258807938545942e-05,0.014380389952374109,0.014380425586910339,8.633912075309729e-05,8.153917733579494e-05,14.0,0.03453352415148429,0.03749960331234829,0.019515706530990974,0.01942327021225895,0.0,0.1,0.01918765983492885,0.019357322791697183,0.1,0.1,0.2,0.3,0.2,0.3,0.020814352705839957,0.02062305391567423,0.0,0.0
7,7.0,0.0009693884449861401,0.011086117191469088,0.00142518012811766,0.01118419386557003,-3.1896214843710016e-05,0.00209443220203721,0.004175291139725099,10.579191069258377,12.181312815193087,1.0592895465670153,0.0016498750151700398,0.0006589814717668501,0.00244513945401073,0.00075648409309855,0.013306420025383719,0.01287084582237471,0.00010605931747701375,8.628428913651527e-05,0.01357296785965439,0.013613982840761391,8.119628764688763e-05,8.509221952407729e-05,15.0,0.03312583306387556,0.04027076442941939,0.01789846858645116,0.017698450373365003,0.1,0.0,0.01880691696302909,0.01915464541208073,0.1,0.0,0.2,0.4,0.2,0.3,0.02312117929093621,0.02226517866591816,0.0,0.0
8,8.0,0.00085461449735193,0.011339767401344961,0.0008728080297554401,0.01077204657419801,0.00010042213634539787,0.00200312475563407,0.0041563033067233,14.287218004302122,10.568210932915099,0.42788497703149914,0.0029110523625107696,0.00099496127944866,0.0037943070608971096,0.00109648762115656,0.014045849941946742,0.01388072448396894,0.00010474012233311861,8.245031349360943e-05,0.01466908946705145,0.01412010681146835,8.120625279843807e-05,8.13620630651644e-05,19.0,0.027560827211364596,0.038078093395839285,0.019369680236988148,0.019042469943495868,0.1,0.2,0.018966893182105753,0.019005463039575028,0.2,0.1,0.3,0.7,0.2,0.6,0.02253554558764411,0.021896409041417087,0.0,0.0
9,9.0,0.0008943797028291417,0.01145544971718045,0.00058316446589519,0.0111306633463704,-0.00037309537353815,0.00192708042136873,0.004152063755657601,15.760667640483007,19.695955395791678,0.8104255646001548,0.00309595716844124,0.00101268351001858,0.004055556600026331,0.00120907881121069,0.014287225577842521,0.01437668950392656,0.00010994542390104199,8.919420652090166e-05,0.014525014128527,0.014250520690247797,9.102530311791699e-05,8.87122005224075e-05,20.0,0.026820256496879753,0.0424526420952095,0.01902155772198084,0.018538367518140468,0.1,0.1,0.017959235786863054,0.0181675365551069,0.2,0.1,0.5,0.8,0.3,0.5,0.023721923739482332,0.022998006013851727,0.0,0.0
10,10.0,0.00244547656237011,0.012429356798533839,0.00285274052107588,0.01228104566199606,0.0019574410600123,0.003638131318883,0.0040710219737891,11.332874199282378,12.198337528388947,0.4331552958348766,0.007395006954262109,0.0018292024779989302,0.00848152791345174,0.0019113172730080897,0.01665741786844856,0.016605490216246133,0.00013579416554416,0.006820935849100309,0.020493292936511243,0.020914727206055105,0.00011291918344789999,0.00011370321735735,50.0,0.012013840990744202,0.021409157692192333,0.01487737792118809,0.014556727321499392,0.2,0.2,0.01591793324598254,0.01518780309200716,0.2,0.2,1.0,0.9,1.0,1.0,0.01832751766189704,0.01873789904118103,0.0,0.0
11,11.0,0.00231637162356365,0.012407239065860932,0.0028293069477140203,0.012282781606123089,0.0020620028891460505,0.00360047163609548,0.004069188543470101,8.772694676578976,10.659287419077009,0.7788704382954166,0.0075140749062599,0.0018478105462096301,0.0085720026373358,0.0020023317697108597,0.016942652757416972,0.016670183614409882,0.00013753618113692,0.00012725212145593,0.01665200731567734,0.016640156633603957,0.00012171848211432,0.00011606244370336999,51.0,0.011949672469907961,0.02116943148957983,0.014967219074203949,0.014598787840134162,0.1,0.2,0.016140126242166788,0.015452483699558692,0.2,0.1,1.0,0.9,1.0,1.0,0.01837009118926547,0.018537135140781442,0.0,0.0
12,12.0,0.00327339402312912,0.013137901309068592,0.0035065514933767298,0.01287510427001192,0.00215419097941456,0.00391117515038172,0.0040057402224426995,22.216853568260557,15.064973670709879,0.3932785837678239,0.009741473925155831,0.00226382275926146,0.010250847266293049,0.0022116103516267504,0.01793160311191417,0.01804055445142691,0.00018979629967357,0.00016346892807628,0.01906221842697247,0.018445584712421872,0.00016279739793384002,0.00015960314776745002,100.0,0.0064469798565505694,0.01114726875208367,0.014303242382279768,0.013650098619946108,0.2,0.2,0.014605942118857332,0.013845463868018418,0.2,0.3,1.0,1.0,1.0,1.0,0.01922216972380219,0.018129211232023663,0.0,0.0
13,13.0,0.00345465554550359,0.01316653318537162,0.00326975031317289,0.012917394868423632,0.0020700180034672203,0.00394698569497859,0.0040047911002552995,22.76062000510283,15.619698692020028,0.19472583751194178,0.00973989569445247,0.00224376804706117,0.01024188781648223,0.0022082763206759002,0.017846935847511854,0.018100543692361123,0.00018983939662569997,0.00016108038835225,0.01799127495944012,0.018059598023988828,0.00015749039594077998,0.00015866451431061003,101.0,0.0064632172510817095,0.0111179407196406,0.01420218457887834,0.013830956254827812,0.3,0.2,0.014428238578285752,0.013675398725951218,0.2,0.4,1.0,1.0,1.0,1.0,0.01916669256078144,0.018226860058594,0.0,0.0
14,14.0,0.00398743148021062,0.013550723851703469,0.0038184549338932798,0.013686105935088688,0.002014111025966229,0.004567732087887909,0.003966927116252301,8.855813277931883,20.625318051408975,0.5931230616755784,0.010533257422630787,0.00234144594489634,0.01091417630852523,0.00231832210135147,0.01829035727940443,0.018475963881224553,0.0002710288856178,0.00020786153618241,0.01885710334952912,0.019275210333250827,0.00020380089990789996,0.00020057042129333,150.0,0.00448253183456411,0.007606530149588191,0.014332309998504631,0.013519160343287451,0.4,0.5,0.01393320817470026,0.013361678546872518,0.5,0.4,1.0,1.0,1.0,1.0,0.020544359494473138,0.018746431350913518,0.0,0.0
15,15.0,0.003918496846601449,0.01356814047701605,0.003763528447229189,0.013693974768874878,0.001453565841282379,0.00456834610763197,0.003966289395686701,13.333254577452317,17.466865417780355,0.25381270283833146,0.01053918803549137,0.00234480326711228,0.010923323445780422,0.00229865045448834,0.0183003294068221,0.01846531451824753,0.00022986948024477004,0.00020572361536319995,0.01832110815914928,0.018502830999700286,0.00019925064407283,0.00019753947854036003,151.0,0.00450542776089381,0.00760886696502463,0.01428868933708682,0.01348960220409062,0.5,0.5,0.013961909007023501,0.01337214550285555,0.5,0.5,1.0,1.0,1.0,1.0,0.020265686205418527,0.018843083777007896,0.0,0.0
16,16.0,0.00415547950547893,0.013791265714093278,0.00419940267952681,0.014111150276945312,0.0027096572933029495,0.00513837883099707,0.003939296473330899,17.199114460963756,10.479270762950183,0.14740968807600435,0.011165337752826809,0.00239759102684552,0.01148914870492707,0.00237191107529842,0.01872092472418404,0.018492970310664943,0.0031634370330720597,0.00041808197274798996,0.01890637362430522,0.01911823404747957,0.00056742460001256,0.00026935858186329,200.0,0.00349518058144814,0.00582109416195639,0.013642282905209852,0.01287755298552803,0.6,0.8,0.013617964332369859,0.012812877887031551,0.5,0.8,1.0,1.0,1.0,1.0,0.0207221595355959,0.018541559791697613,0.0,0.0
17,17.0,0.00416820724266324,0.01380053395800385,0.00418188117942263,0.014110678228433371,0.00267826854601588,0.005155609642205519,0.003938817268386999,16.571105550276116,9.412278363853693,0.18257911442779004,0.011169969720379098,0.00240605797741374,0.01149574567773765,0.0023692771864669603,0.018702065796648282,0.01854616022027247,0.00035121180117124,0.0017176716122775802,0.01871941259979536,0.01850404265994742,0.00056943644303824,0.00025955564342433,201.0,0.0035174138728174898,0.00583204247757063,0.013599597481724809,0.012896813498413328,0.6,0.7,0.01361174472383623,0.012799754550750598,0.5,0.8,1.0,1.0,1.0,1.0,0.02076811132403292,0.0185367987515944,0.0,0.0
18,18.0,0.00403451354599344,0.013840231503412289,0.0039635479106710095,0.014424411995932352,0.00302047877722171,0.0055213258361626995,0.003917860868902901,31.128867656900546,12.459796420368367,0.20564581123180686,0.0113592683183142,0.00241884952986932,0.01156335009011163,0.0023565832146360396,0.018739656316660153,0.018979489121855608,0.01209228388033803,0.00031266892328853004,0.018888616627173692,0.01893568083200853,0.00029788475949311,0.00029713991098099,250.0,0.00288019755675251,0.00473087163814751,0.01367907837068481,0.013027313000675689,0.6,0.8,0.013250695394692268,0.01263708601078715,0.5,0.8,1.0,1.0,1.0,1.0,0.019245145845325093,0.018317414061285696,0.0,0.0
19,19.0,0.00388958793010702,0.01382898331197977,0.00397632070556143,0.014413745610798862,0.00300650172433039,0.00549804060460682,0.0039174775348325,28.346709752175958,11.523373411456124,0.16829234578181054,0.011375784622169129,0.00239635239315625,0.01157557351240902,0.00235652723665717,0.018796715257671272,0.018925279652436778,0.00034173598978662,0.0004425841150804801,0.01874894595327888,0.01897664128532297,0.00063818262424314,0.00032122589182102996,251.0,0.0028999228230207298,0.004743268292402401,0.013618669106430439,0.013024884667445561,0.6,0.8,0.01337656605455218,0.01271844665948014,0.5,0.8,1.0,1.0,1.0,1.0,0.01929389076468507,0.01835200371418834,0.0,0.0
20,20.0,0.00437783833744211,0.014066139106448999,0.0038336552333154694,0.01442345817823872,0.00322163996501808,0.00564388503311977,0.0039003629088633007,28.115362074715087,16.197679918678478,0.24224825710989534,0.01159674576507622,0.00237219731329362,0.011775311522162619,0.00235918541424333,0.01872530860071155,0.01896424066500904,0.00038608801551159,0.00050880939234041,0.01898033557549093,0.0190569258853899,0.0005231484305113,0.000351140089333,300.0,0.00245999474344413,0.004004559001283979,0.013693451167797018,0.012941896720519111,0.6,0.6,0.013244829329089172,0.012898949495598323,0.6,0.6,1.0,1.0,1.0,1.0,0.01850743283428686,0.01807417403511864,0.0,0.0
21,21.0,0.004237663750631849,0.01405502470406193,0.00400029552054434,0.01441536220242726,0.00319787423810629,0.005618671552467131,0.0039000437430035,27.329335298738442,15.778436824004165,0.23926137574017048,0.01159930292934833,0.0023760379843644703,0.011776842449329531,0.0023624137237604195,0.018779718685295717,0.01900419157697307,0.00042453603819006996,0.00048933823127294,0.01874281684809933,0.01896867059583532,0.0005525274900719001,0.00033449172042305,301.0,0.0024777136293913293,0.004017037576622039,0.013630524991714198,0.01301750884408324,0.6,0.6,0.013331761607753859,0.01293251616755573,0.6,0.6,1.0,1.0,1.0,1.0,0.018553538171924188,0.018168868551482968,0.0,0.0
22,22.0,0.00428662508979168,0.014064697978960419,0.00401918910220005,0.014411776874669338,0.0033360855703865196,0.0058454779883748195,0.0038855884986021003,24.131123182363808,16.187087781378068,0.2231906597269699,0.01176295462415061,0.00241067740850593,0.011869365344580099,0.0023676538614485904,0.01870244831043488,0.01903059309660212,0.00396546907722946,0.0004832764156162199,0.01884726998545398,0.01911701263911143,0.00058362649288024,0.00038820996414865,350.0,0.00215888007367901,0.0034813242191195706,0.013757011768866328,0.013222667732090309,0.6,0.6,0.013351094813595768,0.012825240780015281,0.5,0.6,1.0,1.0,1.0,1.0,0.01787459065315184,0.017546123500368382,0.0,0.0
23,23.0,0.00428044291245269,0.014055123046764931,0.0040422602466678,0.014375275704945751,0.00323009668195981,0.00580823547780269,0.0038853152598932,25.724527051043697,17.218088478478602,0.08367444628383958,0.011757710028906321,0.00241093017889442,0.01186457679858949,0.0023663077845243402,0.01869008218516343,0.01901018481914924,0.00051096538081761,0.00070657897740597,0.01868757011963122,0.01901213314982742,0.00045741817448284,0.00041745919734237,351.0,0.0021747549281348503,0.0034933856642877397,0.01376281565758796,0.013231053952398621,0.6,0.6,0.013355657244422448,0.01282700848409754,0.5,0.6,1.0,1.0,1.0,1.0,0.01844489477946971,0.01772896327079962,0.0,0.0
24,24.0,0.0038953303271716698,0.014079845389359713,0.003968654397434811,0.01437701389126717,0.0029402450241120797,0.0057644756495475805,0.0038728095288627995,17.35277846765239,9.978868837747722,0.11252637521829453,0.011786295401616608,0.0024204136302888,0.011934018646262052,0.00240150220319015,0.01894238056775691,0.018969887585423263,0.00070349664892996,0.0007219577906652801,0.01881830713210645,0.01906304153447306,0.0006159808021038301,0.0004329302813857299,400.0,0.0019351158877414603,0.003092430072896,0.013497457240207362,0.0132280290686686,0.5,0.7,0.013564364333350367,0.013104157695395099,0.5,0.6,1.0,1.0,1.0,1.0,0.017941970198012643,0.018368969736399975,0.0,0.0
25,25.0,0.00394692632319194,0.01405900290782651,0.00396092275641588,0.01439022148299646,0.00290471655319725,0.00574667328351759,0.0038725707685601006,11.87940173971001,8.597542489808983,0.08097033165395255,0.01179976607450238,0.0024235083680648802,0.01195008296346267,0.0024014227570371104,0.018931567978450792,0.018993582270585962,0.0004982474958523701,0.0007622058736159898,0.01894614304108765,0.01899237584107568,0.0005964766955002701,0.00043611295986915,401.0,0.0019497731533230703,0.00310420119986103,0.013508710537899121,0.013231487579086631,0.5,0.7,0.013411425325945869,0.01311079407718053,0.5,0.6,1.0,1.0,1.0,1.0,0.01780708858211854,0.01836649286565313,0.0,0.0
26,26.0,0.00408180213978357,0.014305528907159637,0.0038470262810599994,0.014729226701936948,0.0026795087667717096,0.00590092432966126,0.0038615550355533,17.410049635870383,14.234270828939042,0.04682911827694617,0.011904234454658309,0.0024266241984304696,0.01201517557138711,0.00240063623874084,0.019031551151468054,0.01925924419039237,0.0005638045025988999,0.0007635878864675298,0.019191221746626082,0.019320130511534393,0.00058059745933856,0.0024790360592305202,450.0,0.00176184041477591,0.0027889763068650896,0.013586182462091978,0.01316453995572219,0.6,0.7,0.01342426878721062,0.01290175823819612,0.5,0.7,1.0,1.0,1.0,1.0,0.01839978175755235,0.018845572351336447,0.0,0.0
27,27.0,0.00411758002343983,0.01432390092212231,0.0038215821893465597,0.01472609024845234,0.0026680097673205698,0.005895166259131559,0.0038613431008322,18.863283468061127,10.82774476245977,0.11155732967890797,0.011912645637292631,0.0024215277316965004,0.01202038880621715,0.00238511020712377,0.01902321666214865,0.019263000959237973,0.0005970524856820101,0.00093167638406153,0.019049393385561858,0.019260890660126883,0.00060174081008875,0.00055044749751684,451.0,0.0017751100861428798,0.0027999727194827104,0.013634859058493261,0.013168789650521808,0.6,0.7,0.013336189325567651,0.012950390825752719,0.5,0.7,1.0,1.0,1.0,1.0,0.018395977738486058,0.018837760621059033,0.0,0.0
28,28.0,0.00421793569921474,0.014471905850112349,0.0040072481388685206,0.014791685435312998,0.00267140635898222,0.00593071625881177,0.0038515029010799,21.17674646738451,15.439347051782534,0.12754089699592439,0.01191537840290519,0.0024100110180487002,0.01200003944433932,0.00241465252187499,0.01926661849753346,0.01936658319002025,0.00288910737726834,0.00093860041815784,0.019135520182645475,0.019403657959232372,0.00060828481800851,0.00059284942690278,500.0,0.00161893299372049,0.0025428052289414096,0.01381256561833013,0.01329324952927057,0.5,0.6,0.01357797467248093,0.01313573234751117,0.6,0.7,1.0,1.0,1.0,1.0,0.018780791402752257,0.01900529173325612,0.0,0.0
29,29.0,0.004219925274955171,0.01447097704266466,0.004011937661289271,0.014777915856443908,0.00268160741404872,0.005932147666150739,0.0038513124258614,22.75566163228359,13.523182199243456,0.09627671136986461,0.011916535526516902,0.00241346756919228,0.01200357656663618,0.00241612698595491,0.01925977624408879,0.01936922745467366,0.00122042035218324,0.00081090505700554,0.01926070368408008,0.01936805872700635,0.00058567668311292,0.0005909706000238001,501.0,0.0016312976790105402,0.0025531419719365,0.01383258271824524,0.01327960537562925,0.5,0.6,0.013573672754538049,0.01313096180790362,0.6,0.7,1.0,1.0,1.0,1.0,0.01883833171939798,0.01902815640991462,0.0,0.0
30,30.0,0.003974043180389452,0.014476979744916279,0.00394534438983327,0.01480013966199346,0.0029659737811083904,0.005935399235575621,0.0038424231411701,17.33187746964395,14.9941698276205,0.0693672112654894,0.01209645094202629,0.00244123612876028,0.01212494245855479,0.00244732289499272,0.019423397248154402,0.01948725048151741,0.00078641599975522,0.00096681455615902,0.019359046205876067,0.01948864772034152,0.00062339468859131,0.0005671395454555399,550.0,0.0015028309379012002,0.0023418559012179903,0.013877793567964791,0.013294383876474419,0.5,0.6,0.013644684234875252,0.013220595837471389,0.6,0.7,1.0,1.0,1.0,1.0,0.019517315191700857,0.018970430114285845,0.0,0.0
31,31.0,0.00399621833195068,0.014461857501861852,0.00394721097540466,0.014805169250813719,0.0030792406163005002,0.00591698911349533,0.0038422502186806,16.63320352965966,12.990114414109849,0.12291491162031887,0.012102973702448911,0.00244277325405126,0.012132120774559607,0.00246038952339426,0.019448456177889824,0.01949104516220895,0.00139004578813906,0.0009610336972399999,0.019409011930170788,0.019473187259543827,0.0006104834843426701,0.0005701806396245601,551.0,0.00151412451037763,0.00235163593326674,0.01387648211227063,0.01335695556924583,0.5,0.6,0.013668168894323462,0.01324287451916748,0.6,0.7,1.0,1.0,1.0,1.0,0.01943436210190364,0.018804402460734383,0.0,0.0
32,32.0,0.004144703560495349,0.01470889931643494,0.00391526574123687,0.01486489356701915,0.00269394385345026,0.00588911681032257,0.0038341458508256996,19.561690024007113,11.33295090389438,0.2090944008203223,0.01216967211971701,0.00244946188327197,0.012150668003587658,0.00242699481355481,0.01932241120768286,0.019643765930253833,0.00171642538625743,0.0010550039587542,0.019544822317880718,0.01957973255972058,0.0006632346659898301,0.0006143915001302501,600.0,0.00140769247609731,0.0021738895465881402,0.013716720323251368,0.01339509265476074,0.7,0.7,0.01333373831983864,0.01313117744342189,0.5,0.8,1.0,1.0,1.0,1.0,0.01969909562642135,0.01993690460172056,0.0,0.0
33,33.0,0.0041222633927836,0.014699516530600702,0.003914226043834689,0.014858004403202712,0.00269681634612061,0.00588408941168219,0.0038339875491092993,19.99139836016111,15.299161568656563,0.2691570627503097,0.01216724866706078,0.00244993794248541,0.01215034490425833,0.0024341811036330905,0.019351049310816267,0.01963038022274511,0.0007639738731085799,0.0012871186016126899,0.01930981094573759,0.019630028989142363,0.00070122987963254,0.0006092845927923301,601.0,0.0014181642184649698,0.0021830321914936097,0.01371720850319368,0.0133957914005391,0.7,0.7,0.01332726297703064,0.01314818313039742,0.5,0.8,1.0,1.0,1.0,1.0,0.01968749888427817,0.019927112525715152,0.0,0.0
34,34.0,0.0041789477084393295,0.01487508856976586,0.00393224025484659,0.015013596913448127,0.00285798309386575,0.00590272901456167,0.0038265419716452,24.474897403619252,17.698365380195902,0.1050336934626102,0.012176965371429878,0.0024516534215792496,0.01226379598564354,0.0024690809278010797,0.01950275698061395,0.019738112029229662,0.0009279976598917999,0.0011870721122249298,0.01956689011184278,0.01982091725493315,0.0007329140789806201,0.00067687581758943,650.0,0.00132657393614182,0.0020312595220529496,0.013673134634279799,0.01315006621517938,0.7,0.8,0.013370231134102831,0.012886709539910602,0.8,0.9,1.0,1.0,1.0,1.0,0.02010242421620438,0.020582276267651738,0.0,0.0
35,35.0,0.00420127146924987,0.014866776700076639,0.003935500387389049,0.015023689891127462,0.00287338381710467,0.0059124460415715405,0.003826396034583999,19.780104864249004,17.143797534913755,0.09994051344692702,0.01217679913985769,0.0024560179544007798,0.012266215299701871,0.002465593936078,0.01946423968097873,0.01976410820305635,0.0009581764461472398,0.0036575162783264495,0.01951137291615501,0.019744276126038157,0.00073143390472973,0.0020425827940925303,651.0,0.00133628867287621,0.00203988225962744,0.01369188130834191,0.013247715905999722,0.7,0.8,0.01325277393433574,0.01287291875923885,0.8,0.9,1.0,1.0,1.0,1.0,0.02010576142460407,0.02059849318751942,0.0,0.0
36,36.0,0.00434514993457436,0.014997947317839499,0.00424983268759991,0.0150519370653667,0.00289898213719716,0.005837196799242229,0.003819511182392001,20.253879799041897,16.93767230976373,0.1626455869525671,0.01217843611196252,0.00242400511673253,0.012389419193038428,0.00245321107247377,0.019334941918327152,0.019415031728212274,0.0009977407986297801,0.001256549404934,0.01952195689990915,0.019790692237112238,0.00078259517904365,0.0007394450251012699,700.0,0.00125697136626796,0.00190895843582276,0.01314411734534296,0.012952750190853879,0.9,0.9,0.01320080067870438,0.01274365498437594,0.7,1.0,1.0,1.0,1.0,1.0,0.019752082635888436,0.02023311109528822,0.0,0.0
37,37.0,0.00433848805499216,0.01499360511653849,0.004042415197654161,0.015045202780821856,0.0029124365966877,0.00584317391962022,0.003819375837099701,20.367350842850282,13.457074260432274,0.08840635025408114,0.01217566944896637,0.0024404836571157796,0.01238839154305196,0.00245216923298753,0.01932968301986773,0.01962922436252203,0.0009861946338787099,0.00128246129024768,0.019329175340688197,0.019412608490560222,0.0007901961449533199,0.00075285297352815,701.0,0.00126605663314693,0.0019171080361167104,0.013280355356451681,0.013165131947087138,0.8,0.8,0.013201457615079829,0.012751255422804,0.7,1.0,1.0,1.0,1.0,1.0,0.01973168860696453,0.02019210197672113,0.0,0.0
38,38.0,0.00421057322390542,0.01503833627903604,0.00417910590398249,0.015093797796042663,0.00315673596740709,0.005888525115419119,0.0038129739655716,16.463340512453577,18.14711009960156,0.047490459866821697,0.012214777744910709,0.0023922776968312003,0.01246324503266399,0.0024963728953861304,0.01963870188409468,0.0193803168973363,0.00189413011539722,0.0012263734824955,0.01938065775022293,0.019686367193624328,0.0008029930992051401,0.00078161412384356,750.0,0.0012052839639387,0.0018024610858213299,0.01311575577352685,0.012821450890566077,0.8,1.0,0.01336056310400984,0.012875616542699322,0.7,0.9,1.0,1.0,1.0,1.0,0.02034626819711078,0.020645385301960563,0.0,0.0
39,39.0,0.00420077067092642,0.01502826761745556,0.00417672372364326,0.01508894231023713,0.0031563822466641003,0.005884865070816479,0.0038128477937834993,20.119636963913216,19.117282197228633,0.06239534986671056,0.01221034223869523,0.00239147012192797,0.0124604478431023,0.0024974654028815995,0.019627662143709586,0.01937041645711139,0.0009687716607003901,0.00122991416137661,0.01962719316109076,0.019370160894764198,0.00079996206331992,0.0007671729428693199,751.0,0.0012138001191974199,0.00181018280988995,0.013116802953567434,0.01282173308983961,0.8,1.0,0.013363847671620558,0.012878527631809873,0.7,0.9,1.0,1.0,1.0,1.0,0.02033927997930688,0.02064117858599256,0.0,0.0
40,40.0,0.00416037019859552,0.01496608483082518,0.00416938993368201,0.015048373847481727,0.0031032631151192,0.005805169199438331,0.0038068662336609,21.280723922047763,18.535626306547783,0.09910576695110644,0.01221084769425022,0.0024166206775475,0.01255611791096283,0.00251786197220967,0.019715337411127125,0.01941249067410528,0.0009777416940777999,0.00120839816518122,0.019599840722360852,0.01935594601469054,0.0008630120195447999,0.0008018842898308901,800.0,0.0011592917029250797,0.00170906742025967,0.013272499133039628,0.012956484897757973,0.9,0.9,0.013587425989562207,0.01281251189682563,0.7,0.9,1.0,1.0,1.0,1.0,0.02044813258943294,0.02112373281278854,0.0,0.0
41,41.0,0.0041550705760548205,0.01496991066544969,0.00417237439008202,0.01504932194619189,0.0031048647371182897,0.005789798752536291,0.0038067480832063008,24.57311582705006,18.698853415017947,0.04392485767602915,0.012208583120092301,0.0024168787393468397,0.01255714166715938,0.00251809003475382,0.019723556208801268,0.01941453565823097,0.0009579556761308901,0.0013637426076456402,0.019721083771180932,0.019413711632485838,0.00092045175842935,0.0008131849812343399,801.0,0.00116735431204886,0.0017164165079968003,0.01327402549489622,0.012958328606908728,0.9,0.9,0.013592165981265189,0.012814768364680951,0.7,0.9,1.0,1.0,1.0,1.0,0.020441114407287832,0.02112230136769684,0.0,0.0
42,42.0,0.0043401266636319295,0.01506526957941243,0.00433056577846383,0.015021630844910951,0.003151501514086981,0.005746025188881719,0.0038011355842619996,15.335732209216804,14.124057852150873,0.054274456086568466,0.012279896403997539,0.00243360681360067,0.01273109396306693,0.00252262921645834,0.01948080799684567,0.01938598689204941,0.00117641531396652,0.0022961644455789898,0.01979027615643822,0.019415666203523998,0.0009327327134087,0.0008449013344943,850.0,0.0011132757065178199,0.0016270550666124199,0.01317953016625276,0.01296479833496943,1.0,0.7,0.013255054161517333,0.01263957787510046,0.8,0.9,1.0,1.0,1.0,1.0,0.020336722377514167,0.02099538428776337,0.0,0.0
43,43.0,0.00419552089481465,0.01508777820831326,0.00426931979251249,0.015038155528176961,0.003153962608182081,0.00574932800715243,0.0038010245065157,19.565641788369977,13.261119906511158,0.08931517016608263,0.012282393715372309,0.0024344472338794,0.01274789148245943,0.0025233615899515997,0.019494508529159134,0.01942742192123294,0.00114935208111996,0.00287509446498002,0.01949317741160812,0.01939806608733189,0.00241328580304975,0.009341354528442,851.0,0.00112090063886515,0.00163407079638275,0.013230492212296418,0.012942341409810479,0.9,0.8,0.01330411309345923,0.0126676973840865,0.8,0.9,1.0,1.0,1.0,1.0,0.02033450739282858,0.02099267708425876,0.0,0.0
44,44.0,0.003888810553470749,0.015086776213152858,0.00442972712204125,0.015022490109161452,0.00306051807978503,0.00586688298677772,0.0037957386256863004,18.863273074571044,19.942311480105854,0.06681540412828321,0.01228120321803363,0.00243234743944782,0.01288501755272749,0.00254425872552226,0.01948549837969735,0.01936971656313134,0.00133004051167513,0.00160872745327648,0.019517419819145072,0.019458440998240453,0.00101658962666983,0.00095946942456062,900.0,0.0010732811322495,0.0015539083583389801,0.013180621636505279,0.01270944652977318,0.8,0.8,0.013307686786555578,0.01254989762581123,0.8,0.9,1.0,1.0,1.0,1.0,0.020405101569447904,0.02099919067633903,0.0,0.0
45,45.0,0.0038654766999280006,0.015081032447289899,0.00442994714649181,0.01501795314211215,0.0030340881634345297,0.0058597388880077,0.0037956338303629005,18.920328582427466,17.142675364227035,0.08093630655203012,0.01227959140249249,0.0024317875556189696,0.01288726634865212,0.0025487362054517097,0.0195066771844001,0.01936675789990637,0.00113932697568084,0.0015081960242241202,0.01948339780631851,0.01936490695979362,0.00099217658862467,0.0009348737308755099,901.0,0.0010805002226183102,0.0015605916433872702,0.01318511445862188,0.012711500256702798,0.8,0.8,0.01336530332622125,0.012534001158084679,0.8,0.9,1.0,1.0,1.0,1.0,0.020363873009534492,0.02093273551578311,0.0,0.0
46,46.0,0.00392251468735657,0.015071209719032619,0.0043838306637713894,0.01504555128398872,0.0031246652376119605,0.00581593996067059,0.003790639025770399,17.600315653835423,15.00270898602903,0.07329876755829898,0.01232426957569274,0.0024148780360352903,0.013039630555044951,0.00255382728850535,0.01948719008292056,0.0192972406132179,0.00117805423215026,0.00186985910404469,0.019570998570692208,0.019420206846084098,0.00113691987935448,0.00099549971055234,950.0,0.0010386538210149401,0.00148878534262151,0.01312376041213387,0.012695558561271423,0.9,0.9,0.013046411794779592,0.012691499759295403,0.8,0.8,1.0,1.0,1.0,1.0,0.020298519707684155,0.020952897150482028,0.0,0.0
47,47.0,0.00393155946719826,0.015069134603141913,0.004383563117114971,0.015046439325577287,0.0031295813445652203,0.00581418414823262,0.0037905398475972006,15.342143451143055,15.887918700091541,0.03534800014458593,0.01232102984570879,0.0024143176756167206,0.01303666273922236,0.00255186293017766,0.01947821245335135,0.01929344074989731,0.00342938462272281,0.00152356813196087,0.0194824265783727,0.01929541150017924,0.008869406487792681,0.00104191657155749,951.0,0.0010455269504066101,0.00149517911541283,0.01312055769934414,0.01269869596778602,0.9,0.9,0.013044301618299328,0.012688837166446868,0.8,0.8,1.0,1.0,1.0,1.0,0.020293603600730896,0.02094921007026708,0.0,0.0
48,48.0,0.0037133035586298345,0.015110423774701832,0.00435488386357653,0.015102832842714362,0.0030366525122030603,0.005906354737811701,0.0037858060613506,19.950318390899337,21.560848674364387,0.10822982911486174,0.012365227643413069,0.00241857667688648,0.013151474567479452,0.0025719896651603797,0.01967617719038947,0.019292033827712468,0.00822569369338447,0.0038273427868261304,0.019495123803680486,0.0192815984528677,0.0011193031212314401,0.0010502938413992102,1000.0,0.00100800842665927,0.0014300387432492402,0.01311577721329386,0.012735184075584821,0.9,0.9,0.01334569954612998,0.012964086020081273,0.8,0.8,1.0,1.0,1.0,1.0,0.02007763299988622,0.02076784575928372,0.0,0.0
49,49.0,0.0037199883439522435,0.01512308418638653,0.00429871143570729,0.015118073410594632,0.00303594106979273,0.00591523907029205,0.0037857119350624005,16.49255497343838,19.18269697499927,0.06389589004684236,0.012367573472126681,0.0024123684207251394,0.013156484989786981,0.00257139909215258,0.01968064306911289,0.01928383883844281,0.00119380485266442,0.00169098246842618,0.019687180929683717,0.01930561561657246,0.00110606600064779,0.00105654769577081,1001.0,0.0010145795784530299,0.0014361927686239897,0.013066978078525868,0.012788536371787802,0.9,0.9,0.0133386958580203,0.012956967827255066,0.8,0.8,1.0,1.0,1.0,1.0,0.02008019782461713,0.020769024643757718,0.0,0.0
50,50.0,0.003196574710435939,0.014966794022526892,0.0041740199208750205,0.015076120520706893,0.00309012307318542,0.005850240304008531,0.00378121352182,18.484836931712927,19.790574415866285,0.047621331503614736,0.01235470110696901,0.0024357107087501603,0.013340971857828862,0.0026077101408127704,0.02017423862694615,0.01946978939168168,0.00135475674178446,0.00108720795251423,0.019735174024175302,0.01934895047103586,0.00106395189650351,0.00107191689312453,1050.0,0.0009750858551113,0.0013766754583914797,0.013189780355241248,0.012847793820410281,0.8,0.9,0.0136530522826291,0.013392959027658108,0.7,0.8,1.0,1.0,1.0,1.0,0.02041467584855158,0.021162341617824175,0.0,0.0
51,51.0,0.003205187196084805,0.014979405556342121,0.0041728670435762305,0.0150759278185638,0.00309012307318542,0.00584826434615232,0.0037811239631031996,14.957858932763338,23.104951328434982,0.03357768321875478,0.012353716068375792,0.0024352087192667004,0.013341302413079991,0.00261478390774323,0.02020039248001636,0.01946583302879653,0.0013399466872214799,0.00107333275955165,0.020171778026258837,0.019466126224833888,0.00106878681108351,0.0010474812006577299,1051.0,0.00098136575059305,0.0013825548493871399,0.013189606607144721,0.01284788375529041,0.7,0.9,0.013675566633499359,0.013421794596427911,0.7,0.8,1.0,1.0,1.0,1.0,0.02041467584855158,0.02116234161782418,0.0,0.0
52,52.0,0.00304030060285801,0.015020965165589428,0.00434674210020502,0.01507353019232987,0.0032789490403313305,0.0059075899897451205,0.003776838867919299,20.532448397879488,21.13952321840916,0.05975445678923277,0.01236677020921149,0.0024486952071496003,0.013434986585067001,0.00264298582594351,0.02048454981006486,0.01947086818480381,0.00141340212430801,0.0011008979054167502,0.02022164505775798,0.019505363450273337,0.00112665581982577,0.00109753289725626,1100.0,0.0009498121442688601,0.00132809118510172,0.013025572690559751,0.012810053593969351,0.8,0.9,0.013762468866683211,0.013546949562656906,0.7,0.8,1.0,1.0,1.0,1.0,0.020118562766883917,0.02091657916184182,0.0,0.0
53,53.0,0.00304124913426512,0.015015376992853841,0.004251559352384899,0.015072016855849319,0.0032789490403313305,0.00590643109207939,0.003776753458683199,14.280225457414053,21.43994822553359,0.0505827583139762,0.01236581788983865,0.00246163282154354,0.01343535322751858,0.00264423809775765,0.02048059610648046,0.01954410306693106,0.0014151838840916202,0.00120738921687003,0.02048320326192366,0.019466730125016207,0.00423843071330334,0.0011143200099467698,1101.0,0.0009557984335076099,0.0013337340424811497,0.013179660003486129,0.01295632346994236,0.8,0.9,0.013757074456388737,0.01354254727156864,0.7,0.8,1.0,1.0,1.0,1.0,0.020118562766883917,0.02091657916184182,0.0,0.0
54,54.0,0.0026738698461456606,0.015001156717251548,0.004364574059007971,0.01501671779431391,0.00331184876135194,0.00593886562337254,0.0037726625776646006,26.116192765603774,16.358046063338406,0.0433221033541485,0.01245642694805847,0.0024739262815351897,0.01371208382908142,0.00265652107029929,0.02057452452703531,0.01949842708561745,0.00467450809665021,0.00116103519685561,0.02045342063122271,0.019528975613628787,0.00113824089057738,0.0016941243084147,1150.0,0.0009370569725739899,0.0012850431372976403,0.013026402895823718,0.01291781086886446,0.8,0.9,0.014049099531744802,0.013897960415006311,0.7,0.8,1.0,1.0,1.0,1.0,0.01966848123256585,0.020291754060728962,0.0,0.0
55,55.0,0.002673357818146877,0.0150016774029543,0.00434263757322114,0.015013438852128688,0.0033153147237149397,0.00593772305705669,0.0037725809545145006,28.42953062138986,14.296662034955807,0.054022088623605635,0.0124572936123426,0.00247390938111439,0.013711643888309671,0.0026561318834697903,0.02056997321118597,0.01949730481291756,0.005158517300151231,0.0011679663090034798,0.02057137555044009,0.019495729151208518,0.00116731114685531,0.0011423392686992402,1151.0,0.00094279097522778,0.0012904745829767901,0.01302845404961902,0.01291742484303324,0.8,0.9,0.01405197732493189,0.0139022853501232,0.7,0.8,1.0,1.0,1.0,1.0,0.01965567828892808,0.020280992162272284,0.0,0.0
56,56.0,0.0015665176345089863,0.014776614983535408,0.00421419602386911,0.015001004146054191,0.0032862887919057103,0.0059089117725415795,0.0037686676316081,16.61740327558946,13.532131180120633,0.05844139568507667,0.012474233472648482,0.00246084889906218,0.013840492955762913,0.00269095497111691,0.02132436566337591,0.0194989858116648,0.01167485967744137,0.0016572833759709604,0.02057092114397096,0.01946445695078177,0.0012152003590016902,0.0012937175808473702,1200.0,0.00092089161458093,0.0012441413133103601,0.013108542787248078,0.012857641709210272,0.8,0.9,0.014772787201172399,0.01469781139294527,0.5,0.6,1.0,1.0,1.0,1.0,0.02006075666478594,0.02079839917879531,0.0,0.0
57,57.0,0.0016740345527521063,0.01478618326177025,0.00418394436203049,0.015009301782007331,0.0032893507822418294,0.00591168127758483,0.0037685894767186,21.868157978844827,12.773931937338784,0.04965266848448659,0.01247505221429323,0.0024616548317376702,0.013842016698380848,0.0026898775596537103,0.02130084095854548,0.01951381817856122,0.0014812049455940098,0.0012138721067457999,0.02133741250576859,0.01950676672372241,0.00120509020052846,0.00118452799506481,1201.0,0.0009263900224466401,0.0012493698760670097,0.01311437084439476,0.012856753946840651,0.9,0.9,0.014715118788713172,0.01463305552096698,0.5,0.7,1.0,1.0,1.0,1.0,0.02006807433168764,0.020810014248139257,0.0,0.0
58,58.0,0.0012710460981758013,0.01480182274520861,0.004338777137892319,0.0149477197682992,0.0033212606468455198,0.00602328006066146,0.0037649141307213004,20.02700934887398,12.34926426957827,0.11180997653864322,0.01249102885918961,0.00246738592021558,0.013911095359381028,0.0026929108680975905,0.02151118676011417,0.019452425939314007,0.00382609099615362,0.00131779334042218,0.021319971684337496,0.01951863587156602,0.00123003616463387,0.0012297333450987397,1249.0,0.0009074624238689001,0.0012077788079697198,0.01299738037396686,0.012646353278150103,0.8,0.9,0.014957370349623699,0.01496445246474335,0.5,0.6,1.0,1.0,1.0,1.0,0.01987636696901482,0.02047521028394875,0.0,0.0
59,59.0,0.001261691991124149,0.01480291760856578,0.0043187589678452005,0.01494805562359249,0.0033212606468455198,0.00602502198322683,0.0037648391032837998,18.91654484011233,13.038037451263516,0.07758154778275635,0.012492124146284148,0.00246466610753182,0.01391140158073828,0.00268989498530634,0.021496366968799703,0.019440512478284704,0.0015492700273170399,0.0012532813474535598,0.021507272905589153,0.019449352743431358,0.0013071957044302799,0.00125493118539447,1250.0,0.00091277647793944,0.0012128421726735402,0.012986729677177438,0.01261936410800805,0.8,0.9,0.015034671168264308,0.014925787304264812,0.5,0.6,1.0,1.0,1.0,1.0,0.019876366969014812,0.02047521028394875,0.0,0.0
60,60.0,0.0012730576515325525,0.01480059167463522,0.00428874804417623,0.0149456008216445,0.0033306134928840795,0.00601627135866475,0.0037647641370986,18.445320273400284,12.68715755508747,0.04914137397427106,0.01249612550354769,0.0024525708867819697,0.01391191717515781,0.00269125441483315,0.02148508567895474,0.01942915062875741,0.00157436046283689,0.0012616743100806699,0.02149169792685196,0.019438149794622352,0.0012412012787535302,0.00192679916508492,1251.0,0.00091808210594804,0.0012179131668172798,0.013014921569367602,0.01261788574194353,0.8,0.9,0.01502934859776259,0.01492053393531886,0.5,0.6,1.0,1.0,1.0,1.0,0.019927029258924978,0.020554925702823072,0.0,0.0
61,61.0,0.001009022157255832,0.01458681185506259,0.00421708737347398,0.01492657013559157,0.0032981446757657804,0.00602521080281477,0.0037611638300733994,14.768585623637772,11.571501903305762,0.04264358486980195,0.01252443702788981,0.0024526685583874702,0.01407296224047378,0.00273774844463817,0.021873473367115072,0.019398177420485142,0.0016965948743745203,0.00290214407723393,0.02144977359481179,0.01939500939026419,0.00140283869113768,0.00133113260380919,1300.0,0.0009057339712015601,0.0011779539537747899,0.012937242873403379,0.01262685164832475,0.9,1.0,0.015211663558696482,0.01524036272109076,0.5,0.5,1.0,1.0,1.0,1.0,0.01969675366106849,0.020339934878789222,0.0,0.0
62,62.0,0.0010065424789705165,0.014592894454627709,0.00425574439940759,0.01492454749851956,0.0032841866214647296,0.00601918196708587,0.0037610918054085,14.730496092513203,12.727774688834325,0.03739634314551944,0.012524196429626499,0.00246073416019151,0.01407289701418847,0.00272395528144852,0.02180731720113333,0.019416460236494237,0.00184056577272709,0.00145217811223114,0.021872057374308928,0.019395930252877166,0.00139512775931501,0.0013497007079422,1301.0,0.0009108192067828001,0.0011828359276841898,0.01298232937539243,0.01257472798035772,0.9,1.0,0.015159401946418669,0.01520002019367735,0.5,0.5,1.0,1.0,1.0,1.0,0.01969064890492308,0.020308890748058733,0.0,0.0
63,63.0,0.00042811650876130243,0.014461838594403389,0.00407780353172044,0.014957950262154879,0.0031807899692177302,0.00612585701893624,0.0037576301462664006,17.119977342523633,12.549959077872336,0.05071185545530166,0.0125185187554084,0.00245825043544431,0.014159478998843853,0.0027506910365608797,0.02227531769643156,0.01946344094278079,0.00171720955986524,0.00139863570220764,0.02179391194550135,0.019426349772361715,0.0014038056833669,0.00137470867484803,1350.0,0.0008887408865288899,0.0011455721308371001,0.013054310838605967,0.012646967226862931,0.9,1.0,0.01564587201565,0.015969289802292952,0.5,0.3,1.0,1.0,1.0,1.0,0.019166831146670758,0.019707512111038442,0.0,0.0
64,64.0,0.0004005578953016462,0.014453612312363747,0.00407534147709075,0.014954340859711621,0.0031778120232452897,0.00612257756173991,0.0037575608435060992,19.7427789705107,12.549306992301718,0.0479463416850194,0.012515265455080329,0.00245808019046037,0.014155822376130792,0.0027507597736869003,0.022295416333404938,0.0194594667389918,0.00303012169897552,0.00148412692360574,0.02226806777394878,0.0194578301276637,0.00141249669250096,0.0013890555594116,1351.0,0.0008936357661538301,0.00115027666637848,0.01305494199117303,0.01264813904463378,0.9,1.0,0.01567126242096705,0.015997867016062692,0.5,0.3,1.0,1.0,1.0,1.0,0.0191692278499871,0.019709970053304,0.0,0.0
65,65.0,-4.633571528713e-05,0.01422820730248803,0.00437340271062661,0.014902397368428957,0.0033026307161125,0.0061022335938266895,0.0037542276647335006,23.44604676824529,11.214923736616038,0.06539150776807215,0.01249576723172033,0.00246346592176654,0.01422744164496637,0.00276506359711673,0.02269620991387762,0.019370336150667383,0.00236972034908826,0.0014642759226262,0.02231499312225482,0.0194885132612115,0.00150820310227566,0.0014514689566566999,1400.0,0.0008736816590292001,0.0011169328718014602,0.012822027133702863,0.012766031389730158,1.0,0.9,0.016337380118396003,0.01645367315269019,0.4,0.3,1.0,1.0,1.0,1.0,0.01876904612056829,0.019196564880630623,0.0,0.0
66,66.0,9.878832541209995e-05,0.014238312145102513,0.004392186042199099,0.014909600452321179,0.0033060222946867,0.006116259448967639,0.0037541608878848,21.114914088859223,11.010243752878159,0.0877443530131131,0.01249720078679211,0.00246542138402626,0.014229088907957418,0.00275940011322114,0.022516542407697744,0.01938004949016648,0.0018198969308286302,0.00145157191436733,0.022704291548398516,0.01937526427457875,0.00278503901790822,0.0014408839168026496,1401.0,0.00087867776714828,0.00112150536874214,0.012805566803789772,0.01277988647095909,1.0,0.9,0.016099915346075473,0.01628098403839421,0.4,0.3,1.0,1.0,1.0,1.0,0.019132810105935993,0.019744612281671257,0.0,0.0
67,67.0,2.3086099241910007e-05,0.014160299975138717,0.00449314782983278,0.01496891779886007,0.0035680014864617796,0.006206922782722319,0.0037509470969681,16.67962586975191,10.956880234275014,0.06280237967148418,0.012484250425169268,0.00244763100313397,0.014251739137332372,0.00278494572917423,0.022708802914228842,0.019323621411376862,0.005262793530710001,0.0015106080099939897,0.02253145718111848,0.01939035938306759,0.00209506060928101,0.0023114940384402404,1450.0,0.0008641996727742898,0.0010889698444566799,0.012764380981280729,0.01268990089617239,1.0,1.0,0.01613665449253477,0.016428852574858228,0.3,0.3,1.0,1.0,1.0,1.0,0.01908452050677626,0.019972005510587938,0.0,0.0
68,68.0,0.00011861321248405998,0.014168716614291288,0.00450921080850596,0.014970045602294087,0.003375583326023641,0.00620729029043736,0.0037508826703960005,15.384082918404602,10.362402572506108,0.03917282128240908,0.01248484261325086,0.0024483660851914403,0.01425172491414741,0.00277836552154847,0.022592361656486017,0.019325731688889517,0.00195701820775862,0.0021111579146235702,0.022710232047884908,0.019328413291165948,0.0015376311494037101,0.00150420600548381,1451.0,0.00086877583468528,0.00109338923571292,0.012759100255295142,0.012685262407024611,1.0,1.0,0.01607175907389072,0.01628756587874864,0.4,0.2,1.0,1.0,1.0,1.0,0.019351031876285653,0.01993801380284007,0.0,0.0
69,69.0,-0.00023525380064027347,0.014048128437880789,0.00455658872387536,0.01500561885539275,0.0035016448051531602,0.0062181797406668906,0.0037478423803772995,34.82269932120107,13.705156874773092,0.06974363462068137,0.01248700956876166,0.0024354676507789205,0.014346292217157868,0.00280340350596685,0.02318223849497867,0.019354432663242802,0.0019080361118539598,0.00159003629814828,0.022611757963855138,0.01937785895776971,0.0015736010158434101,0.00152515973895783,1499.0,0.00084688017963374,0.00106380499792913,0.01275824162482479,0.01262529427860779,1.0,0.9,0.016929355825552207,0.01689826491128209,0.3,0.0,1.0,1.0,1.0,1.0,0.01902019707104789,0.0199104087806052,0.0,0.0
70,70.0,-0.00021099693630993152,0.014042852034087977,0.004544258198354171,0.015002700960238901,0.00350056689123283,0.00621879798624331,0.0037477801036843996,31.63602289042901,14.18424950982444,0.041432676021940965,0.01248599884142775,0.00243565775719183,0.01434477569163245,0.0028086777475536395,0.023211070411555873,0.01936141987252148,0.00195810643490398,0.00153326513245697,0.023189799041494354,0.01935930013962976,0.00158566141035404,0.0015443741576745599,1500.0,0.0008513075340453299,0.0010680876673780202,0.01276067878039511,0.01262527881520458,1.0,0.9,0.01687158437310425,0.016883378777362512,0.3,0.0,1.0,1.0,1.0,1.0,0.019034543676171932,0.01993530380426303,0.0,0.0
71,71.0,-0.00021251432289307541,0.01404044111521185,0.00453023055866129,0.014999668223320151,0.00347516335935298,0.00621343716066752,0.0037477178693913994,35.1642835899489,12.524178899498656,0.04817408861126747,0.012484305661114681,0.00243497905556852,0.01434328512790716,0.00280832600271311,0.023207114040507428,0.019358824670082743,0.0019404744496568601,0.00155228918883945,0.023204063523045448,0.01935695334738742,0.0015587850473820601,0.00156020128633822,1501.0,0.0008557294503819298,0.0010723629099396198,0.01276277593695426,0.01262635229563128,1.0,0.9,0.01687390329058234,0.01688502345673778,0.3,0.0,1.0,1.0,1.0,1.0,0.019101501018061202,0.01991695231434036,0.0,0.0
72,72.0,-0.0003247180348679,0.01403394182350059,0.00458305050476578,0.015008271385851821,0.00359822445906869,0.00621253291428589,0.0037447191699531,39.0201955091441,17.57415149502922,0.03412924434524025,0.01246928060533233,0.00244381018539233,0.014351185592936572,0.0027948027866365496,0.02322169671069157,0.01933551932594896,0.00194327696226533,0.00158943796996022,0.023185585010096148,0.01935294673129598,0.004530886630527619,0.0015479611931368,1550.0,0.00083937557683493,0.0010434650223323301,0.01284980449928053,0.012505577744900992,1.0,1.0,0.01684508644064521,0.016796203430971157,0.3,0.1,1.0,1.0,1.0,1.0,0.019143177727856918,0.020062488842873472,0.0,0.0
73,73.0,-0.00032555115743370994,0.014027338867921308,0.004582668132444381,0.015005806990512311,0.00359822445906869,0.006210852767463789,0.0037446589852984996,39.0080768924905,17.012289049383252,0.027050455240532713,0.012468568283447602,0.0024436267234794096,0.01434939911146258,0.0027950190278931398,0.02321662671149157,0.019331255911556634,0.0019781102193518903,0.00165643831714982,0.02321545082270627,0.019331300927440603,0.0016170734539627599,0.00153860631398852,1551.0,0.0008436558328369099,0.0010476129336254901,0.01284992270079827,0.01250563727346759,1.0,1.0,0.01684164891351613,0.01679627321121645,0.3,0.1,1.0,1.0,1.0,1.0,0.019143177727856918,0.020062488842873472,0.0,0.0
74,74.0,-0.0004698540789567113,0.013932464200846512,0.00458793760977164,0.01498193012119373,0.003527227332438979,0.00617987908632941,0.0037417575001958995,43.350559140066615,14.220478663849644,0.04205215836409475,0.012460934155890741,0.0024581781172030898,0.01436397601143175,0.00279860069980182,0.02337998503494123,0.019374906325775466,0.0042459301184862306,0.0016438091639428797,0.02318873205207281,0.019307943664577693,0.00164266449864948,0.00158647941425436,1600.0,0.0008322993327001501,0.00102021297653885,0.01289880579486274,0.01257350578281401,0.9,1.0,0.01718650715533135,0.016968499069279767,0.2,0.0,1.0,1.0,1.0,1.0,0.01919008449689024,0.02013334292936824,0.0,0.0
75,75.0,-0.0004661506207657907,0.013922232201524309,0.004585255162417061,0.014981709256857592,0.003527227332438959,0.006184460051047851,0.0037416992359714995,36.617523315828294,14.255768209323287,0.03060138053260738,0.01246199461361002,0.0024580687786012897,0.014364065007602043,0.00279640761336644,0.02336556156884813,0.019372878045618987,0.00196041341405357,0.006563000637106559,0.02337095273774347,0.01936985830052495,0.0016504234634339202,0.00155639215372496,1601.0,0.00083645263783497,0.00102424919792929,0.01290290086232768,0.012577928093244201,0.9,1.0,0.01718296901070497,0.01696137758367693,0.2,0.0,1.0,1.0,1.0,1.0,0.01919008449689026,0.020133342929368258,0.0,0.0
76,76.0,-0.0006551317500586701,0.01378750300126504,0.0044557532829024495,0.014978687036158211,0.0035291731521470498,0.006144038162496901,0.0037388889293678,18.59503781965468,15.300291333324276,0.05452965041622515,0.01246181287419679,0.0024488135664744804,0.0144423602533752,0.0028199397163859202,0.02353650376376743,0.01933912296549853,0.0027793383924290004,0.0019681453704833503,0.023309623726690744,0.01932753057431342,0.0017489136662333798,0.0016082781832664698,1650.0,0.00082568694140197,0.0009984411599280002,0.0131449283245955,0.01244305147247328,0.9,1.0,0.017161462809345572,0.01733858983419418,0.3,0.0,1.0,1.0,1.0,1.0,0.01899283864995325,0.019983879624662828,0.0,0.0
77,77.0,-0.0006514403578881299,0.01377964574768844,0.00445191415674022,0.01497861919873524,0.00350973715058145,0.0061417592370109604,0.0037388324681656,21.167441955045796,13.518205409613438,0.036852290364913595,0.012463438987667599,0.00244946824381767,0.014447710178685128,0.00281937938722237,0.02353120626847046,0.01934264561224941,0.00215109167620534,0.0019977004732936003,0.023536014285211963,0.019337791556358442,0.00174468269105997,0.00161665345076467,1651.0,0.00082972179392294,0.0010023693832648902,0.013147111500202641,0.012442737812219062,0.9,1.0,0.017159371565074348,0.017334436630537603,0.3,0.0,1.0,1.0,1.0,1.0,0.01906943067075676,0.02013155772263562,0.0,0.0
78,78.0,-0.00050036983067158,0.013678278509069223,0.00454005165284456,0.015014996298278063,0.00354723731681798,0.0061427420788484795,0.003736107847423501,33.99728566461708,14.96956126135774,0.04083350726868952,0.012475416181802538,0.00245173702278487,0.01451780342419468,0.0028329317093524096,0.02344698922862333,0.019346698767709208,0.0022704471135511304,0.004879391589201931,0.023643107071394998,0.019392036295567558,0.0017845978029071802,0.00166925960220391,1700.0,0.00081061911956992,0.00097798895095185,0.0130617445709755,0.01223986079035975,0.9,1.0,0.01688018227362135,0.01701112444388387,0.3,0.0,1.0,1.0,1.0,1.0,0.01916799032668771,0.02017459263641299,0.0,0.0
79,79.0,-0.00049025832009457,0.013679613775774419,0.0045355325019877995,0.015011875144740722,0.00353004228941972,0.00613565775139006,0.0037360530822435995,36.262078733602536,16.514378784573637,0.03427996023092413,0.01247367305600049,0.00245131011756502,0.014516140091371532,0.00283397267083133,0.023456542719434516,0.01934356054398327,0.0021428869105875096,0.00201703147031362,0.02344398677386705,0.019342979035564343,0.0017753509106114,0.0016664623748510604,1701.0,0.00081452675559324,0.00098179764136074,0.013060408959814359,0.012237958674593189,0.9,1.0,0.01685595867741608,0.01701585232373054,0.3,0.0,1.0,1.0,1.0,1.0,0.0191662923657845,0.02016940352537754,0.0,0.0
80,80.0,-0.0004383813927044,0.01374003357182684,0.0044449429015054704,0.015026530759336729,0.00360371352236897,0.006134865008869389,0.0037334623327566997,27.61941555053927,16.62542612394318,0.019557419815100688,0.012473872904397599,0.0024445157376590198,0.014521004099700441,0.0028093435101887,0.023271532251847922,0.01932010815138977,0.00219020920339966,0.0018911711638792798,0.02345967589276418,0.01936008648428771,0.001798575092107,0.0059174571186303496,1749.0,0.0007965797225651199,0.0009591587314391701,0.013054042957299722,0.012247465365572188,0.8,1.0,0.016603062415255363,0.01682039411887972,0.3,0.0,1.0,1.0,1.0,1.0,0.01901494941055161,0.01997592744314488,0.0,0.0
81,81.0,-0.00044828344909991,0.013747984341376229,0.004443076429486039,0.015031207781914569,0.0036059771388161493,0.006135765082587719,0.0037334091347539,26.727727311640045,17.58975135886576,0.05418475940823551,0.01247531364777444,0.00244463672376324,0.014522425735921548,0.00281942641888816,0.023315043660160028,0.019321890080668078,0.00381151491310443,0.00192404112312939,0.023276493864071962,0.019321088015843802,0.0018054269021376599,0.0017009276663883996,1750.0,0.00080038952623216,0.0009628735827064699,0.01305445815518225,0.012251703814915568,0.8,1.0,0.016765484456085243,0.01691979114785962,0.2,0.0,1.0,1.0,1.0,1.0,0.019011334615758477,0.01997151202101502,0.0,0.0
82,82.0,-0.00042995137248859,0.013751419555799563,0.00443637065841209,0.015035245990293397,0.0035994871244845795,0.006139348060056579,0.0037333559678121,31.127951868786475,15.934585165022872,0.03585988874547179,0.012474764968662708,0.00244526316850765,0.01452171617932084,0.0028199003229602703,0.02331483708837786,0.01932783865497329,0.00210005857516074,0.00204083647113288,0.02332172242325078,0.019327039898622347,0.0018285695696249101,0.00169834750704463,1751.0,0.0008041923626413798,0.0009665811307542399,0.013057433800814599,0.012249471683031001,0.8,1.0,0.01669148868532644,0.016830971055227524,0.2,0.0,1.0,1.0,1.0,1.0,0.01901786584401674,0.019978603224366513,0.0,0.0
83,83.0,-0.00020955023555284,0.01340315211221355,0.004419589594154141,0.0150074768919107,0.0035530943140760197,0.00617414471499772,0.0037307881067379,27.83374542868696,16.618243680219166,0.04317617947235698,0.012473288411489699,0.0024447421869469104,0.014596203613767362,0.00282801868602151,0.02300601047919981,0.01933602649819878,0.00232049522455777,0.00200644466094668,0.02331623501179233,0.01932545198490039,0.0024477684637531204,0.0018562220968305603,1800.0,0.0007968248038953999,0.00094465912967638,0.013078732540628402,0.01222217204725927,0.8,1.0,0.016432162356522832,0.01657431153141243,0.3,0.0,1.0,1.0,1.0,1.0,0.01899155941753999,0.01998825865209648,0.0,0.0
84,84.0,-0.00019382138459435997,0.01339307991183893,0.0044244986269508105,0.015009518669411479,0.0035583254625027906,0.006177043608461819,0.0037307364484385997,29.00507972110063,16.119359828624873,0.03043509281706059,0.012472388593708101,0.0024452265815892997,0.014597658217786299,0.00284873460071757,0.0230588897583442,0.019340330941491464,0.00224169702269132,0.00197829050011927,0.023011489194012573,0.01934133080601151,0.00199496529530729,0.0018638761015608303,1801.0,0.00080052202928757,0.0009482745743843798,0.013078992989399171,0.01222706123623188,0.8,1.0,0.016599942651722245,0.01660548910898232,0.2,0.0,1.0,1.0,1.0,1.0,0.01896532979512055,0.019958038364802,0.0,0.0
85,85.0,-0.0004302209104994299,0.013324320143978052,0.00435654420149586,0.015050291632454893,0.00350968030241338,0.00614399967602326,0.0037282404659056004,29.29868253346067,16.98415319127962,0.02200918740127231,0.012488783289167842,0.00244261976921261,0.014694356729700117,0.00285993685541654,0.023305634228521603,0.01936138593952209,0.0021976058604195195,0.0020682863658293598,0.02307051459319418,0.019342609575825852,0.00208408858161414,0.0019137709634378,1850.0,0.0007980938233980099,0.00092722582639191,0.013221296748043138,0.012208767862601291,0.9,1.0,0.016982757702389516,0.016881212104671944,0.2,0.0,1.0,1.0,1.0,1.0,0.019515838540946948,0.020512403673565202,0.0,0.0
86,86.0,-0.00043799300312085006,0.0133240241286148,0.00435541458458147,0.015046736915915787,0.00350968030241338,0.0061392340830714,0.0037281902339540993,27.828781495103613,15.076021539419889,0.02801421571057285,0.012487787547672298,0.0024426886562931,0.01469262392833685,0.00285892316160074,0.0233099071293719,0.019360853553477282,0.0023702113423495898,0.0024653126485645197,0.02330219438503795,0.019359295517394508,0.0036605132743715895,0.0019021398853510199,1851.0,0.00080168438858918,0.00093074697433441,0.013223465514126962,0.0122077108054979,0.9,1.0,0.01688127730875041,0.01690205212954676,0.2,0.0,1.0,1.0,1.0,1.0,0.019515838540947027,0.020512403673565303,0.0,0.0
87,87.0,-0.00048327880474533,0.013307169168307782,0.00433870691639697,0.015046553245820871,0.003433370325851641,0.00612334629771699,0.0037257622604965,26.84540502461605,12.170518282963894,0.05309021074790502,0.012498728313132219,0.0024320178102745704,0.01473668306694419,0.00284336506196714,0.023303678160404743,0.01930139680500338,0.00256212980020785,0.00209650071337813,0.02331577009881254,0.0193760130758575,0.0021132780006154895,0.00476840520277615,1900.0,0.0007850376524563999,0.00091068851732814,0.01303429063345998,0.012224970412261069,1.0,1.0,0.01688981126629213,0.01683694445580525,0.2,0.0,1.0,1.0,1.0,1.0,0.019613360730530396,0.02069253802249963,0.0,0.0
88,88.0,-0.0004837006311469905,0.01330251616246097,0.00434458810201285,0.01504668527280315,0.00344579026621282,0.00612765035038213,0.0037257133791279992,28.192449063714594,12.923075134307146,0.04392245470080521,0.01249839159827413,0.0024312823857149902,0.014737270894788351,0.0028434134463046204,0.02330298147726495,0.01929747036248266,0.0024782427586614603,0.00209512270521367,0.023302072301272927,0.019298765946692803,0.00205765564460302,0.0019253731239586597,1901.0,0.0007885411634679798,0.0009141256272886299,0.013033222361388661,0.01222355802673829,1.0,1.0,0.01689113581299416,0.01683670521394718,0.2,0.0,1.0,1.0,1.0,1.0,0.01959543039943719,0.02066413884906979,0.0,0.0
89,89.0,-0.0004024086692801,0.01316216929942145,0.00439889059106915,0.015027273645635168,0.00347469704813791,0.00612465277047706,0.0037233498484115007,25.260456684348174,14.08364433797542,0.03623004683759061,0.012545667774892588,0.0024366315845106698,0.014823224334390369,0.00288493531569724,0.02330500424566034,0.019243124992036044,0.0024635905399918202,0.006320181395858479,0.02326687322440467,0.01927297764626004,0.00215137461200351,0.0020031932741403197,1950.0,0.00078789792763622,0.0008950440237063099,0.01298097531352135,0.01219463868596742,1.0,1.0,0.01712767730246375,0.01702878088620999,0.2,0.0,1.0,1.0,1.0,1.0,0.019240967669300786,0.02038534827717533,0.0,0.0
90,90.0,-0.00039238680251918993,0.01313976684324221,0.0044009209490389195,0.01502707662010087,0.0034779178030503997,0.00612720517867438,0.003723302247719399,23.878329138318076,13.965608157613314,0.033561196504160715,0.012545064734777298,0.00243588474929081,0.014823287891550718,0.0028863081895788905,0.02329478660768595,0.01924229366921767,0.0024225236615165605,0.0021956108277662997,0.0233046094740599,0.019242490721159543,0.00218904071953143,0.00201545336749399,1951.0,0.00079130535666564,0.00089839761493875,0.01298106633536095,0.01219457028559157,1.0,1.0,0.017117382171073857,0.01701411717241593,0.2,0.0,1.0,1.0,1.0,1.0,0.0192404140310153,0.020383422584000048,0.0,0.0
91,91.0,-0.0007348344841791998,0.01300169289724755,0.00441906575236962,0.015070936823730532,0.0035811714263151093,0.006222582619328418,0.0037210462741103,26.88890546732582,13.15890035913326,0.022961760521866343,0.012556930425623261,0.0024375966298608304,0.014896768720756088,0.0028638490363062,0.02355184383138293,0.01928274282665325,0.00247325182426716,0.0021068975329398797,0.023352710731919413,0.01928949373614412,0.00217406477313484,0.0020345433847978197,1999.0,0.00078052306195001,0.0008805932853471899,0.013004454767734541,0.01223264492914082,0.9,1.0,0.017178346663036862,0.017304158800607334,0.1,0.0,1.0,1.0,1.0,1.0,0.019449258649485986,0.020500628945720387,0.0,0.0
92,92.0,-0.00073404278523594,0.012999170288233738,0.00441805987797192,0.01507255251762229,0.003571437738554609,0.0062205587780739795,0.003720999865739801,26.90583518301137,15.24198354864493,0.03405568930320438,0.012556280558517503,0.0024372230195075797,0.014896418677710226,0.00286447712969326,0.023551950523228005,0.01928427739304157,0.0025130369234829604,0.0021956618875264696,0.02355478615463497,0.01928455577952496,0.00220555516425513,0.0020608976483344503,2000.0,0.0007838498249352199,0.00088387006895499,0.01300532611053348,0.012233022617643658,0.9,1.0,0.01717629380423236,0.01730095505094472,0.1,0.0,1.0,1.0,1.0,1.0,0.01945920893306643,0.0205080503586961,0.0,0.0
93,93.0,-0.0068934892945432,0.00076793499566458,-0.006893489292192701,0.0007679349957564099,-0.008333459886777661,-0.00833345988677764,0.0038422510789182995,1.4580123057821766,1.270731065585278,0.37897267010994257,4.791781217025919e-35,1.3056411662647317e-19,4.791781217025919e-35,1.3056411661852582e-19,0.0007679569799966098,0.0007679569792992299,0.0001219684490933441,7.34150176867803e-05,0.0,0.0,8.822220843284306e-05,6.265216507017612e-05,0.0,0.055100976031810314,0.015369005538441078,0.0411077699763442,0.04129187622529549,0.0,0.0,0.04110776998248558,0.04129187623145038,0.0,0.0,0.0,0.0,0.0,0.0,0.05126863111629858,0.05086836618453862,0.0,0.0
94,94.0,-0.004784583178689699,0.0030237201209213803,-0.004784583196491579,0.0030237201200939198,-0.00562023305344851,-0.005620233053448471,0.0038247778011525,3.0610019783489406,2.9321759168524295,0.4748542263871059,3.597383188430519e-35,8.073245173357984e-20,3.993151014188267e-35,1.2213274548913728e-19,0.00302372651164587,0.00302372651019342,0.00010214818175879382,7.720838766545057e-05,0.007010074099895573,0.007010074099610164,8.402040693907575e-05,7.200352847576141e-05,1.0,0.07088107353974774,0.05134316421810262,0.035422405400310705,0.03495888685964832,0.0,0.0,0.035422405316722735,0.03495888678560992,0.0,0.0,0.0,0.0,0.0,0.0,0.04264220057999461,0.042353752299534926,0.0,0.0
95,95.0,-0.0010664914685786803,0.0068203743402275195,-0.00106649147176019,0.0068203743429572595,-0.00254362872756827,-0.00162241981884836,0.003786203290560599,6.939744637487456,7.522222732985393,1.0834546231431887,3.3867783007477855e-35,8.60954277160282e-20,2.662100676125511e-35,9.334703638209931e-20,0.00682038715804968,0.00682038716219544,9.91583103313659e-05,8.180423174052802e-05,0.015444500063983752,0.015444500068110942,8.378734346478338e-05,7.840821053831947e-05,4.0,0.05985097509995233,0.053448888594408175,0.027766147872929147,0.026508913293408598,0.1,0.0,0.027766147856348216,0.02650891327027402,0.1,0.0,0.1,0.0,0.1,0.0,0.034019334256531024,0.032881272592771425,0.0,0.0
96,96.0,0.00023259503184743028,0.00787432035103435,0.00023260421368531984,0.00787432185526814,-0.0011127231122227497,-0.0004227060947596402,0.0037762435051436,9.368734144070185,7.087687472137622,0.7197250646073371,3.641425112975625e-35,8.897519326868757e-20,2.3958906085129596e-35,8.02790170789669e-20,0.00787427319455717,0.00787427358702154,0.00010219635441896853,7.969648577272633e-05,0.01086064869034454,0.01086064869397031,7.849629037081455e-05,7.544620893895417e-05,5.0,0.05743077516664702,0.052431448463224714,0.025981552885633592,0.02398852448812718,0.1,0.0,0.02598154262702882,0.02398850353713655,0.1,0.0,0.1,0.0,0.1,0.0,0.03136984172444725,0.02881871341023401,0.0,0.0
97,97.0,0.0012409450100666897,0.009521517117505898,0.0012412513707486,0.00952151569035032,0.00033835668440374017,0.0017060748673843,0.0037446117044905,16.255899215349928,9.217583999107593,1.2614766253856942,3.0999064729004436e-35,6.857839664892977e-20,1.7113504346521136e-35,4.3130923641506685e-20,0.00952148938152033,0.009521488895001418,0.00010667813476173283,7.282497826963664e-05,0.014092574023609968,0.01409255580813632,7.386300712823327e-05,7.653718348592326e-05,9.0,0.046792053811584675,0.04465882593703576,0.020027907993140935,0.02072504578764737,0.0,0.1,0.02002873623089019,0.020725962646974815,0.0,0.1,0.0,0.1,0.0,0.1,0.023379279105629844,0.022891530248687588,0.0,0.0
98,98.0,0.00107589568317598,0.00943079198671748,0.0010758327193440998,0.0094307966936762,0.00011196350370228005,0.0016440997367572403,0.003738158483565999,12.481137314531953,11.475629132054745,1.131301336386241,2.743504469020969e-35,7.73272820007457e-20,1.5972604056753063e-35,4.027982767974275e-20,0.00943075640663667,0.00943075709261588,0.00010453218128529218,7.972808089106795e-05,0.00946665315781993,0.0094666849084608,7.887631654739018e-05,7.690519560127698e-05,10.0,0.043920319867591956,0.04367340202546843,0.02024131975929369,0.020908557173953398,0.0,0.1,0.02024114410128492,0.020908360171365346,0.0,0.1,0.0,0.1,0.0,0.1,0.024385641604088834,0.02431959318338725,0.0,0.0
99,99.0,0.0009963966750696,0.0102769242372092,0.0008823564918198901,0.01006044003442102,0.0006763514974136999,0.00207073673220204,0.0037161321644509993,7.000687858322635,8.309211359755135,0.534027146641165,0.00141885666145349,0.0005703307753963599,0.0020332576394471802,0.0005692057526338701,0.011805049158472148,0.011699777338961732,9.952140972014942e-05,8.253944106400013e-05,0.01353894737346667,0.01353903588330448,7.935320027172566e-05,7.825202774256468e-05,14.0,0.03403006465731818,0.03699614381818214,0.0197676394741753,0.0195584398991537,0.0,0.0,0.01913477094141621,0.0193004200149203,0.0,0.0,0.2,0.2,0.2,0.3,0.020814352705839957,0.02062305391567423,0.0,0.0
100,100.0,0.0009605009456664199,0.01022780706185363,0.0013893828264490101,0.01032319476720103,-3.1896214843710016e-05,0.00209443220203721,0.0037113699019779003,6.203772333962843,6.90042986117769,0.2821381414076313,0.0016498750151700398,0.0006591763867582399,0.00244513945401073,0.00075573730547149,0.012454787567331722,0.01201569218066911,0.00010812231339510004,8.096110541372575e-05,0.01271072155313226,0.012705798032245169,7.954793982207775e-05,7.447828538715839e-05,15.0,0.03259588683855198,0.039740818204095814,0.017939544350293133,0.01772109254162917,0.0,0.0,0.018777266711032574,0.01912260674273522,0.0,0.0,0.1,0.2,0.2,0.3,0.02312117929093621,0.02226517866591816,0.0,0.0
101,101.0,0.00085071527315427,0.01048802451085048,0.0009221440298496201,0.00991684586207343,0.00010042213634539787,0.00200312475563407,0.0036944918281984996,9.97377417962998,11.8054450443713,0.6947884317720309,0.0029110523625107696,0.0009999626005271099,0.0037943070608971096,0.00109474589593154,0.01318779562937027,0.013028271091768049,0.00010932611767196727,0.005969984387047579,0.013830776673853,0.013285045305068388,9.137031156568227e-05,9.478018619117937e-05,19.0,0.027090794571214376,0.03760806075568905,0.01926593848157574,0.018796306522458513,0.1,0.0,0.01896367878280959,0.018996285997364144,0.2,0.1,0.2,0.7,0.2,0.5,0.02253554558764411,0.021896409041417087,0.0,0.0
102,102.0,0.0008909612198212001,0.01060270107960811,0.00055236097715057,0.01025983304529148,-0.00037309537353815,0.00192708042136873,0.0036907233383623008,14.48759773450438,14.112068994133733,0.682312329346314,0.00309595716844124,0.0010233047168022203,0.004055556600026331,0.00119508202069894,0.01350817806767011,0.01354448731594661,0.0001087736804037959,8.332014549523592e-05,0.01367030253588401,0.013407744806182939,8.201117161661386e-05,8.327800314873266e-05,20.0,0.026328691612290928,0.04196107721062063,0.0190264935151098,0.01857746294952898,0.1,0.0,0.018071080043910052,0.01801281843794142,0.2,0.1,0.4,0.6,0.2,0.3,0.023721923739482332,0.022998006013851727,0.0,0.0
103,103.0,0.002421905237381,0.011602535847996937,0.0028362208252020204,0.01144817554692182,0.0019574410600123,0.003638131318883,0.0036186861989236,5.580301661766134,8.39637760524638,0.500434864894487,0.007395006954262109,0.0018362503275536,0.00848152791345174,0.0019155491642533604,0.01586590710356762,0.01581192582616952,0.00013952015433456002,0.00011180338915432,0.019754169881454797,0.02016767077876578,0.00010953447781498,0.00010977836791421,50.0,0.011793869824397799,0.02118918652584593,0.014906581445433697,0.014594890850380498,0.1,0.2,0.0159376907709586,0.015206807236690063,0.2,0.1,1.0,0.9,1.0,1.0,0.01832751766189704,0.01873789904118103,0.0,0.0
104,104.0,0.00231405145982554,0.01158140296661464,0.00282146331626741,0.01144857231265816,0.0020620028891460505,0.00360047163609548,0.003617056483084499,5.0217481862287965,6.69347887064796,0.2941735175903887,0.0075140749062599,0.00185419232145444,0.0085720026373358,0.00201075905088944,0.01615168939165037,0.015877687330658342,0.0001444824971258,0.00011398014612490001,0.01586153168450354,0.015845068196514787,0.00011494441423559002,0.00011272232513871,51.0,0.01171654574125489,0.02093630476092679,0.01498767408410065,0.0146242221690913,0.1,0.2,0.016182734858579732,0.0154861324684609,0.2,0.1,1.0,0.9,1.0,1.0,0.01837009118926547,0.018537135140781442,0.0,0.0
105,105.0,0.00324830866718638,0.01232413309179599,0.00345644517225003,0.012055889856209862,0.00215419097941456,0.00391117515038172,0.0035606579755046,10.431102227047086,10.108195989602246,0.33677234896458685,0.009741473925155831,0.00226889357837161,0.010250847266293049,0.00221635471882702,0.017146376344930585,0.017221246478462036,0.00020152057986703,0.00016077242325986,0.01831414785514631,0.017677229205683535,0.00016264640726145,0.00015451051294799,100.0,0.006318210504368531,0.01101849939990164,0.014376869492899468,0.013626688043918811,0.2,0.2,0.014622424488450799,0.013858205466702082,0.2,0.2,1.0,1.0,1.0,1.0,0.01922216972380219,0.018129211232023663,0.0,0.0
106,106.0,0.0034292731224067003,0.012354890425229002,0.00326656158930247,0.01210011879193168,0.0020700180034672203,0.00394698569497859,0.0035598143113381,11.51534155155532,7.208885700325482,0.15284971403889355,0.00973989569445247,0.00225030052981008,0.01024188781648223,0.0022128228945104897,0.017064419726693092,0.0172603572630073,0.00018889363855119,0.00016570724546904,0.01720849095156846,0.01723971625488916,0.00016036131419234999,0.00015414145309472998,101.0,0.0063269863423542905,0.010981709810913131,0.01425239230582052,0.01376897275644089,0.1,0.2,0.01444007207971885,0.013681491397896919,0.2,0.3,1.0,1.0,1.0,1.0,0.01916669256078144,0.018226860058594,0.0,0.0
107,107.0,0.00391317168325223,0.012743920311947567,0.0037921453315576796,0.012876255395321768,0.002014111025966229,0.004567732087887909,0.0035261574366687006,4.651648124214262,12.432199546135962,0.24942467059008772,0.010533257422630787,0.00234814778061938,0.01091417630852523,0.0023053216799267503,0.017500935846522812,0.01771893378493476,0.00023362552747126,0.00020762160420413,0.018090542034546533,0.018457710384004462,0.0002510486170649,0.00019598766230041002,150.0,0.0043846981594645295,0.00750869647448862,0.01434615774045404,0.01351980252824607,0.3,0.3,0.01394007144710572,0.013327395405759428,0.2,0.4,1.0,1.0,1.0,1.0,0.020544359494473138,0.018746431350913518,0.0,0.0
108,108.0,0.00393143877450917,0.012762190732462857,0.00373449659738165,0.012884029871857081,0.001453565841282379,0.00456834610763197,0.0035255905739438,4.334693994605914,9.888556147413329,0.21684805704280735,0.01053918803549137,0.00235123385855481,0.010923323445780422,0.00230452709171373,0.017529118234961002,0.01770823031519179,0.00022507859393950001,0.00141037255525583,0.017530514504784264,0.0177446033989668,0.00020057347137474998,0.00019677237141872998,151.0,0.00440243952585643,0.007505878729987249,0.014299616160367309,0.013489568289491511,0.3,0.4,0.01392719030211686,0.01332199422305857,0.2,0.4,1.0,1.0,1.0,1.0,0.020265686205418527,0.018843083777007896,0.0,0.0
109,109.0,0.004157703114801559,0.012993910601393871,0.00418880004600863,0.01331269333578547,0.0027096572933029495,0.00513837883099707,0.003501596865183,10.293849300779403,7.723340477212332,0.19847743690479544,0.011165337752826809,0.00240773317605962,0.01148914870492707,0.0023847469349002697,0.017979614381024456,0.01774460589734077,0.0004386771703138499,0.00034003579057746995,0.018121277547872534,0.01837077779820782,0.00054137250408523,0.00025126778054976,200.0,0.00341295863255072,0.00573887221305898,0.013646519625337823,0.012876275478679191,0.6,0.6,0.0136031108794781,0.012886252119369451,0.4,0.5,1.0,1.0,1.0,1.0,0.0207221595355959,0.018541559791697613,0.0,0.0
110,110.0,0.00413338112389701,0.013004060697748659,0.0041700595567281794,0.01331275972867744,0.00267826854601588,0.005155609642205519,0.0035011709052328996,11.344168760464527,6.198146794131025,0.10105039814952758,0.011169969720379098,0.0024157261792129197,0.01149574567773765,0.0023764298560654397,0.017951246302899394,0.01779682359381815,0.00036198312882329,0.00044443421065802006,0.017979266999457767,0.01775674063165214,0.0006052785785868201,0.010798841901123481,201.0,0.0034312660945516804,0.005745894699304831,0.013608990562351028,0.012896334893674598,0.6,0.6,0.01363298829702626,0.012812225810558681,0.4,0.5,1.0,1.0,1.0,1.0,0.02076811132403292,0.0185367987515944,0.0,0.0
111,111.0,0.00399312504353739,0.01305193671777206,0.00393126370116933,0.01363407662418109,0.00302047877722171,0.0055213258361626995,0.0034825429945804,17.574753540591338,11.831383073399774,0.11250454538967455,0.0113592683183142,0.0024365802697564197,0.01156335009011163,0.0023629600176931997,0.01799319391293972,0.01825468689861946,0.0004535212181508199,0.00040603009983891994,0.018147773986145567,0.018192956510262752,0.00029215468093746997,0.00029091001488263,250.0,0.00280740808077835,0.004658082162173381,0.01380289388496483,0.01305830115553995,0.6,0.6,0.01328313762291885,0.012652231536057318,0.3,0.5,1.0,1.0,1.0,1.0,0.019245145845325093,0.018317414061285696,0.0,0.0
112,112.0,0.0038713688782109597,0.01303997750993691,0.00393925871541001,0.013623237596653598,0.00300650172433039,0.00549804060460682,0.0034822022531844,18.84759205582086,6.611569774826057,0.1402221714844927,0.011375784622169129,0.0024238440377152403,0.01157557351240902,0.0023694824553279,0.01806408842908518,0.01823752597372822,0.00043640010990197997,0.0021035791840403706,0.018002656686472017,0.01824890803665683,0.00057187275961036,0.00033086668699976,251.0,0.00282396779746467,0.00466731326684633,0.013799195446452039,0.013068368341902092,0.6,0.6,0.01344012173357376,0.01280222729703536,0.3,0.5,1.0,1.0,1.0,1.0,0.01929389076468507,0.01835200371418834,0.0,0.0
113,113.0,0.0043490190830404,0.013281840396031669,0.0038290124341437094,0.0136373249551316,0.00322163996501808,0.00564388503311977,0.0034669892523228997,12.463847184483893,6.751009244611486,0.14040108516346658,0.01159674576507622,0.00238069505119794,0.011775311522162619,0.00236231496778647,0.017967131740758542,0.0182204078995428,0.00304817059077317,0.00057752251159396,0.01824388497005298,0.018380154897360893,0.0004554493818431599,0.00034827694762494,300.0,0.0023935312480019297,0.00393809550584178,0.013696493038396821,0.01295343198671987,0.5,0.6,0.013270672564100462,0.012898777422762691,0.6,0.6,1.0,1.0,1.0,1.0,0.01850743283428686,0.01807417403511864,0.0,0.0
114,114.0,0.00422022825716907,0.0132706989174339,0.00398652407093906,0.013629035188384372,0.00319787423810629,0.005618671552467131,0.0034667055493364995,13.433096211543306,7.196030235523358,0.14275321650784462,0.01159930292934833,0.00238447385515734,0.011776842449329531,0.0023655652071417,0.01802047426908226,0.01826126066872967,0.0022036754759028193,0.00049336727242912,0.01798474103351281,0.01822532849712768,0.00208349018357688,0.00035913595929737,301.0,0.0024086005398133202,0.00394792448704402,0.01363528440290844,0.013026749363458911,0.5,0.6,0.0133529358209127,0.012931271987838411,0.5,0.6,1.0,1.0,1.0,1.0,0.018553538171924188,0.018168868551482968,0.0,0.0
115,115.0,0.004278610070185259,0.013286213873800828,0.004004627955035341,0.013630137961828789,0.0033360855703865196,0.0058454779883748195,0.0034538564432018,11.31238348952029,8.039134695427492,0.21233605942688877,0.01176295462415061,0.0024178535228754497,0.011869365344580099,0.00237285069611092,0.017951836906778804,0.01828367725335187,0.00053755340632047,0.00052534274291242,0.018094150663711988,0.01837844154361374,0.0006730218185111301,0.02474751800764349,350.0,0.0020969598143482397,0.00341940395978881,0.013747614445955241,0.01321097563120337,0.5,0.5,0.013358612973607839,0.01282494779095586,0.5,0.6,1.0,1.0,1.0,1.0,0.01787459065315184,0.017546123500368382,0.0,0.0
116,116.0,0.004272491067775491,0.013276706214951889,0.00402613508075894,0.01359350574158157,0.00323009668195981,0.00580823547780269,0.0034536135643494998,11.43559380962979,7.7351656332146375,0.06604241025634106,0.011757710028906321,0.00241820836049473,0.01186457679858949,0.0023715308150185996,0.01793987889450799,0.01826411820683,0.00122418229002502,0.0006201886571943299,0.01793713133666066,0.018265398367934643,0.00126059036701912,0.00040243396069849,351.0,0.0021105578143384594,0.00342918855049135,0.0137520614125819,0.013220259321787919,0.5,0.5,0.013363592963668961,0.012826685337182531,0.5,0.5,1.0,1.0,1.0,1.0,0.01844489477946971,0.01772896327079962,0.0,0.0
117,117.0,0.00390842272332212,0.01330095856196796,0.00394544874005905,0.01359792005220602,0.0029402450241120797,0.0057644756495475805,0.0034424973589891996,8.779289509006777,7.603350173425861,0.09308964104857291,0.011786295401616608,0.0024277233864765497,0.011934018646262052,0.00241114493002526,0.01822406977506148,0.01822450934736188,0.00231782370246942,0.00198818061035123,0.018066833812275078,0.018315684419030098,0.00055606679525222,0.00044439213816071003,400.0,0.0018766205788377198,0.0030339347639922304,0.013500634945435139,0.013225739457598959,0.5,0.6,0.013531329074354132,0.01313770926030072,0.5,0.5,1.0,1.0,1.0,1.0,0.017941970198012643,0.018368969736399975,0.0,0.0
118,118.0,0.00392504959539954,0.013279857334766129,0.00393687177127463,0.013610326774163193,0.00290471655319725,0.00574667328351759,0.0034422851276090004,7.981560004525818,8.020735964900814,0.0848696569446474,0.01179976607450238,0.00243074948382274,0.01195008296346267,0.0024084617022671097,0.01818880040968692,0.01824724191802652,0.0005592796485870701,0.00130946661811316,0.01822773015223667,0.01824690850303234,0.0011846201261505097,0.00043731839396055,401.0,0.00188928269654848,0.00304371074308643,0.01351144236922817,0.013228611620325839,0.5,0.6,0.01341536649432137,0.013114129854583451,0.5,0.5,1.0,1.0,1.0,1.0,0.01780708858211854,0.01836649286565313,0.0,0.0
119,119.0,0.00404612180551743,0.013528318208199669,0.00378965049511186,0.013950611415759335,0.0026795087667717096,0.00590092432966126,0.0034324933649362,10.314338515256532,7.148627391294577,0.16117295983713115,0.011904234454658309,0.00243190909378778,0.01201517557138711,0.00240090855826573,0.01830093885061699,0.01856397927546766,0.0018783918581902598,0.00061630061827595,0.01844780773061347,0.018576041670726618,0.00065202168188984,0.00054628162179139,450.0,0.0017060220932808296,0.00273315798537,0.01365488056008291,0.013236885407752561,0.5,0.6,0.013370552442956271,0.012906132845276991,0.5,0.7,1.0,1.0,1.0,1.0,0.01839978175755235,0.018845572351336447,0.0,0.0
120,120.0,0.0040823179349953505,0.0135459158829001,0.0037577769245735805,0.013946871133302032,0.0026680097673205698,0.005895166259131559,0.0034323049785174994,10.740683700540103,6.745974413724616,0.1780555958393961,0.011912645637292631,0.0024270686334975,0.01202038880621715,0.00239128661121998,0.01828472977241082,0.018571674628605938,0.0005990175530314002,0.0007199298357590501,0.01831749576992835,0.01856421677277962,0.0005928459111600499,0.0005528494948520799,451.0,0.0017175169098362399,0.00274237954317605,0.0137086268465549,0.013240160718605681,0.5,0.6,0.013351825450855512,0.012961866657904858,0.5,0.7,1.0,1.0,1.0,1.0,0.018395977738486058,0.018837760621059033,0.0,0.0
121,121.0,0.00418570358327964,0.013695845346121529,0.0039838641910103795,0.01401818727937939,0.00267140635898222,0.00593071625881177,0.003423558134293201,11.877607878460548,7.973985789297148,0.19354220046661796,0.01191537840290519,0.00241371565544392,0.01200003944433932,0.0024180656736064203,0.018521103266976972,0.01861049747137561,0.00063048771116877,0.0012123722350224299,0.01839506389476373,0.018721417502840974,0.0006381320301442901,0.0006113468902184999,500.0,0.00156526650296469,0.0024891387381856104,0.01379259451606436,0.013284976835278562,0.5,0.6,0.013587845393513358,0.013146996306006109,0.5,0.7,1.0,1.0,1.0,1.0,0.018780791402752257,0.01900529173325612,0.0,0.0
122,122.0,0.004184798646004009,0.0136948139426463,0.003989102771720149,0.01400339006352517,0.00268160741404872,0.005932147666150739,0.0034233888229879003,11.366860157251358,7.061203087051399,0.4342243368504569,0.011916535526516902,0.00241703405799259,0.01200357656663618,0.0024199377342226302,0.01851639788340024,0.018612847683030332,0.028388127405196372,0.0010082176886498401,0.01851529596103476,0.01861170380802545,0.00058744354173536,0.00061438365373756,501.0,0.00157603326086215,0.00249787755378812,0.01381220696493327,0.01327311530320619,0.5,0.6,0.01358520730807404,0.013142076673422718,0.5,0.7,1.0,1.0,1.0,1.0,0.01883833171939798,0.01902815640991462,0.0,0.0
123,123.0,0.003965097248678299,0.013702617276206069,0.00391461008318101,0.014026206134424521,0.0029659737811083904,0.005935399235575621,0.0034154872365956,9.684791113436223,9.28820484462194,0.19543356762733305,0.01209645094202629,0.0024475823406368193,0.01212494245855479,0.00245915316631923,0.018712413324753797,0.01874407521085348,0.00203837330918755,0.00469420421868557,0.018617874280529613,0.01873322629585094,0.00065169862937176,0.00059035457670683,550.0,0.0014509332572817002,0.0022899582205985003,0.013870180323746059,0.01328961522283896,0.5,0.6,0.013660403885637658,0.013283785878400432,0.5,0.7,1.0,1.0,1.0,1.0,0.019517315191700857,0.018970430114285845,0.0,0.0
124,124.0,0.00396911569142051,0.013687916691843518,0.00391893016556385,0.01403102635809774,0.0030792406163005002,0.00591698911349533,0.003415333527716,12.904631647327914,9.594712930731475,0.18011446681339288,0.012102973702448911,0.00244944548288275,0.012132120774559607,0.00246441043771617,0.018708052445370486,0.018746968505857633,0.00067569299135352,0.00344046263489867,0.01869800741866126,0.018729692998973268,0.0012114150682463799,0.00058235251344735,551.0,0.0014607740824978202,0.00229828550538693,0.013869130204457542,0.013348716608671532,0.5,0.6,0.01368574706292441,0.01325516573562962,0.5,0.7,1.0,1.0,1.0,1.0,0.01943436210190364,0.018804402460734383,0.0,0.0
125,125.0,0.00412016660044687,0.013939475122377889,0.0038854004436445705,0.014092357621311688,0.00269394385345026,0.00588911681032257,0.0034081296451784005,11.01421425335575,10.24687371077016,0.2045474315993488,0.01216967211971701,0.0024561444610891,0.012150668003587658,0.0024307442885949603,0.018580213504098553,0.018904119160483922,0.00083624017424877,0.00116809811443086,0.018805049999319062,0.01883716672605822,0.00068201574031258,0.00060290950350459,600.0,0.0013572755574356799,0.0021234726279265397,0.013718372926983751,0.013393120569954158,0.5,0.6,0.013351669723744719,0.013142564512641338,0.5,0.7,1.0,1.0,1.0,1.0,0.01969909562642135,0.01993690460172056,0.0,0.0
126,126.0,0.00409836694943204,0.01392958039409831,0.0038842804706095495,0.01408551274024113,0.00269681634612061,0.00588408941168219,0.0034079889325416,11.212159895780497,11.962036814680323,0.5488842331804336,0.01216724866706078,0.00245657745076928,0.01215034490425833,0.0024376505118465603,0.01860792506353911,0.01889084739372438,0.0009261604631319101,0.00098495169077063,0.0185676302550978,0.018890472568651437,0.014890424534678409,0.00063917590305204,601.0,0.00136641580025948,0.00213128377328813,0.01371891442754242,0.01339396700572223,0.5,0.6,0.013345026891202741,0.013156742384679922,0.5,0.7,1.0,1.0,1.0,1.0,0.01968749888427817,0.019927112525715152,0.0,0.0
127,127.0,0.00416039730020643,0.014104866883455528,0.00390815968236638,0.014242665154044543,0.00285798309386575,0.00590272901456167,0.0034013706414624005,14.302462869416923,15.110822601034306,0.13982388749718663,0.012176965371429878,0.0024598295274462,0.01226379598564354,0.00247378835534009,0.018762798289483462,0.019005212166899592,0.0008896873332559599,0.00116737112402911,0.01882550524110948,0.019083311235294137,0.0007680970942601199,0.0006798577029257399,650.0,0.0012774156210363298,0.0019821012069474505,0.013678535100010419,0.013156170322127708,0.6,0.8,0.013374455254538458,0.012887887208037161,0.6,0.7,1.0,1.0,1.0,1.0,0.02010242421620438,0.020582276267651738,0.0,0.0
128,128.0,0.0041829684004094205,0.01409647163610531,0.00391206499162753,0.014252875208423471,0.00287338381710467,0.0059124460415715405,0.003401240919630199,16.067784511647186,11.780654166243039,0.09170014141127462,0.01217679913985769,0.0024639383173078004,0.012266215299701871,0.00247039820298324,0.01872530420492094,0.019030131712945753,0.0009231561794876601,0.0010559848276897698,0.018771780896174754,0.01901179091259954,0.00074024912901217,0.0006759247044101,651.0,0.00128590162203518,0.00198949520878642,0.01369647114130853,0.013251753003191102,0.6,0.8,0.013260444416327729,0.01287205403885373,0.6,0.7,1.0,1.0,1.0,1.0,0.02010576142460407,0.02059849318751942,0.0,0.0
129,129.0,0.00432265665478188,0.01422592254807872,0.00421453913614433,0.01428090220707949,0.00289898213719716,0.005837196799242229,0.0033951210510151,11.73972029776778,9.487983558932319,0.13732108855620026,0.01217843611196252,0.0024334967852704106,0.012389419193038428,0.0024600866082975905,0.01860386801400138,0.01869167286096325,0.00100540281273418,0.0012071382487192303,0.01878210985417602,0.019055043247230632,0.00078014307655388,0.00074891909025605,700.0,0.0012088966552443697,0.00186088372479919,0.01315960391530189,0.012966737515116192,0.6,0.7,0.013205861409099651,0.01275764608420086,0.7,0.7,1.0,1.0,1.0,1.0,0.019752082635888436,0.02023311109528822,0.0,0.0
130,130.0,0.00431613175193179,0.01422142959141838,0.0040044884014037605,0.014274279311651327,0.0029124365966877,0.00584317391962022,0.0033950007440885993,10.51604472855106,9.418208927568049,0.1563439988065511,0.01217566944896637,0.0024492929153525204,0.01238839154305196,0.00245903466387896,0.018598632555465698,0.018904341001418256,0.00102754768449807,0.00263989281374957,0.018598346628451008,0.01868937610497696,0.0007697471184655501,0.0007344330893828901,701.0,0.00121684138019083,0.0018678927831606098,0.013297760115581671,0.013176965567063248,0.6,0.7,0.01320610363855497,0.01276519358664259,0.7,0.7,1.0,1.0,1.0,1.0,0.01973168860696453,0.02019210197672113,0.0,0.0
131,131.0,0.00419226878547894,0.014269670878856968,0.00414264535602792,0.014323688644144818,0.00315673596740709,0.005888525115419119,0.0033893101916192,8.741855814238079,11.494883131282403,0.08164599749725307,0.012214777744910709,0.00240407545122846,0.01246324503266399,0.00250271708242741,0.01890278231874721,0.018667171326684013,0.00099681550636884,0.00139048991259182,0.018650729254797528,0.01896187474502638,0.00333586628548797,0.00077965317759657,750.0,0.00115815250747524,0.0017553296293579203,0.013136508185883234,0.01284676788664833,0.6,0.8,0.013358374749632067,0.0128852656721997,0.7,0.8,1.0,1.0,1.0,1.0,0.02034626819711078,0.020645385301960563,0.0,0.0
132,132.0,0.00418242024062424,0.014259702885962922,0.00413952656759689,0.014318861633972052,0.0031563822466641003,0.005884865070816479,0.0033891980389187002,16.027283432357944,12.093561640474945,0.12329708798788483,0.01221034223869523,0.0024032965888838,0.0124604478431023,0.00250379498878909,0.0188920517226082,0.018657640630511042,0.0010366681031882198,0.00128382446710016,0.018891277047827996,0.01865721437706367,0.0008210909320041,0.0007914710091426402,751.0,0.00116560462811407,0.00176198731880662,0.01313787646423524,0.012847334345563158,0.6,0.8,0.013361649762217681,0.01288831180022298,0.7,0.8,1.0,1.0,1.0,1.0,0.02033927997930688,0.02064117858599256,0.0,0.0
133,133.0,0.00414179961431999,0.01419774216770068,0.00413956574811202,0.014279308277450182,0.0031032631151192,0.005805169199438331,0.0033838810965874004,12.76231368908193,9.292215035646223,0.08719705878756938,0.01221084769425022,0.0024281855206106503,0.01255611791096283,0.00252560300838868,0.01898046654160029,0.01869407447196906,0.00164662958122785,0.0020675054751336,0.01886507389526665,0.018642756687584035,0.0008639705134555201,0.0008144211489706799,800.0,0.00111298918738071,0.00166276490471529,0.01328160797225535,0.0129659231535042,0.5,0.7,0.01358082118396298,0.012828859478938309,0.5,0.8,1.0,1.0,1.0,1.0,0.02044813258943294,0.02112373281278854,0.0,0.0
134,134.0,0.0041366574343479805,0.0142013818826035,0.00419624400857688,0.01427990451486327,0.0031048647371182897,0.005789798752536291,0.0033837760739611,11.885933168162591,10.347824288299307,0.08686799886636429,0.012208583120092301,0.0024246128128306605,0.01255714166715938,0.0025259126770527393,0.018988737877322904,0.01866709626571749,0.00098775173537428,0.00136966463178391,0.01898625363980683,0.01869533747113586,0.0009289625100790801,0.0008094171062111299,801.0,0.0011200547536427603,0.0016691169495907,0.01329678687764096,0.01296214747891434,0.5,0.7,0.013585860618425588,0.01283086619851014,0.5,0.8,1.0,1.0,1.0,1.0,0.020441114407287832,0.02112230136769684,0.0,0.0
135,135.0,0.00431685308604424,0.01429637949449952,0.00431967830928089,0.014252368727853449,0.003151501514086981,0.005746025188881719,0.0033787871860105996,11.661255087098107,8.520228201639839,0.16907946362625803,0.012279896403997539,0.00244599082372866,0.01273109396306693,0.0025321017956402895,0.01875979486275927,0.018666666456583332,0.00113093012478198,0.00610042077023532,0.019056030296093096,0.01866658297028118,0.0009040525415911901,0.00085953336674715,850.0,0.00106770776406514,0.00158148712415975,0.013188925291988618,0.0129672108402486,0.6,0.7,0.013260645796665771,0.01265816378385198,0.6,0.7,1.0,1.0,1.0,1.0,0.020336722377514167,0.02099538428776337,0.0,0.0
136,136.0,0.004170372393367731,0.01431893318131569,0.00423897267069322,0.014268859218171268,0.003153962608182081,0.00574932800715243,0.0033786884502361005,13.579863354749978,9.217956949863582,0.07663719456177202,0.012282393715372309,0.0024468974053359397,0.01274789148245943,0.0025328854195343802,0.018774839981172027,0.01871185781880644,0.00110036111436778,0.00127146451268339,0.01877209479320492,0.0186787685185469,0.0009033006848766899,0.00084706647321577,851.0,0.00107439479520576,0.00158756495272338,0.01324369487678255,0.012955188184944257,0.6,0.7,0.013308546962400889,0.01268653996211,0.6,0.7,1.0,1.0,1.0,1.0,0.02033450739282858,0.02099267708425876,0.0,0.0
137,137.0,0.003866383437761149,0.014319853137829349,0.00443533552608558,0.01425530574004514,0.00306051807978503,0.00586688298677772,0.0033739898894989,11.14812379819341,12.729168939683586,0.10818257294595235,0.01228120321803363,0.00245688461470106,0.01288501755272749,0.00255377617077073,0.01876382205928915,0.01871336067762899,0.00121423325035716,0.0015374570153653098,0.018798756859474287,0.01874311330700635,0.0010229525854810598,0.0009643585188313699,900.0,0.0010283689358565298,0.0015089961619459903,0.013231159534364859,0.0127164961946389,0.7,0.8,0.013311787879293439,0.012570110666620041,0.6,0.8,1.0,1.0,1.0,1.0,0.020405101569447904,0.02099919067633903,0.0,0.0
138,138.0,0.00384375670560988,0.01431456526031798,0.00443573641504854,0.01425071487412064,0.0030340881634345297,0.0058597388880077,0.0033738967381003,13.868199884844945,12.485209108097479,0.12639215760864314,0.01227959140249249,0.00245620737348238,0.01288726634865212,0.00255770545807618,0.018783168712498518,0.01871026530521014,0.0072798704029991695,0.0014299498405307104,0.018761475953682633,0.018708641200479513,0.0010359766194596401,0.0009735406842082,901.0,0.0010347027154224597,0.00151479413619139,0.013235758010503931,0.01271870822024598,0.6,0.8,0.013365934385182571,0.01255331727995659,0.6,0.8,1.0,1.0,1.0,1.0,0.020363873009534492,0.02093273551578311,0.0,0.0
139,139.0,0.0038835616326259093,0.014303914673655122,0.004353294338407319,0.01427706592808185,0.0031246652376119605,0.00581593996067059,0.0033694569117959,12.858676507347264,11.223813010659068,0.07216089896392072,0.01232426957569274,0.0024273863139147004,0.013039630555044951,0.00256326392982913,0.018774472333318158,0.01858632050042743,0.0012687943875789303,0.0015642182901501299,0.01884729312945712,0.018760228477239765,0.00284318618942047,0.0010119307320564399,950.0,0.00099433083390629,0.00144446235551286,0.013154692497558879,0.012712212827461131,0.7,0.7,0.01305929964398104,0.012711753766032518,0.7,0.8,1.0,1.0,1.0,1.0,0.020298519707684155,0.020952897150482028,0.0,0.0
140,140.0,0.00389361440146349,0.0143020865050825,0.00435275012997134,0.014278055552289962,0.0031295813445652203,0.00581418414823262,0.0033693687534197,8.496898012026213,12.115365853300318,0.12948617953807112,0.01232102984570879,0.0024267881411701104,0.01303666273922236,0.00256122225434767,0.01876460810702693,0.018582638507501716,0.00126910514663901,0.00152503317221995,0.01876979616139803,0.01858451182878442,0.00176703273318704,0.0010022178525104497,951.0,0.0010003657194098698,0.00145001788441611,0.0131514115105476,0.012715451914767481,0.7,0.7,0.013056471973573281,0.01270811080848006,0.7,0.8,1.0,1.0,1.0,1.0,0.020293603600730896,0.02094921007026708,0.0,0.0
141,141.0,0.003690281257529334,0.014344822105022689,0.0043179700016448205,0.014335571198621569,0.0030366525122030603,0.005906354737811701,0.0033651609434228,19.353727185307072,11.499451125296764,0.041108019161038054,0.012365227643413069,0.0024278483155324797,0.013151474567479452,0.00258004356532677,0.01895666191249144,0.018577458919928312,0.00289999009110028,0.0027526632184162203,0.01878263956659238,0.018572717821971563,0.0011322131380438498,0.00107352193444962,1000.0,0.0009642179609564899,0.00138624827754645,0.01310105721300632,0.012762731354612181,0.7,0.7,0.0133500519266327,0.01297179123285257,0.7,0.7,1.0,1.0,1.0,1.0,0.02007763299988622,0.02076784575928372,0.0,0.0
142,142.0,0.003697010360347442,0.014357498012378941,0.00426359223955033,0.01435072627019704,0.00303594106979273,0.00591523907029205,0.0033650772756111,16.3053208084777,13.18996593360789,0.0760902053909376,0.012367573472126681,0.00242447388530391,0.013156484989786981,0.00257943699517072,0.01896122532845011,0.01857126022258009,0.00126970538403835,0.00318108191713687,0.018967688906505017,0.01859034869502545,0.0011065528728067598,0.0034836830804123994,1001.0,0.0009699932361088099,0.00139160642627977,0.013092526938838101,0.01280732694692922,0.7,0.7,0.01334280763473232,0.012965118553648522,0.7,0.7,1.0,1.0,1.0,1.0,0.02008019782461713,0.020769024643757718,0.0,0.0
143,143.0,0.0031602816177006394,0.01420183786276408,0.00413926518487079,0.01430888607169492,0.00309012307318542,0.005850240304008531,0.0033610786860622,13.20497185594868,13.91938184169121,0.0809194037923589,0.01235470110696901,0.0024479512105346295,0.013340971857828862,0.0026157669418693506,0.01946454247704111,0.01875885606237221,0.006445644237101029,0.00108916501048948,0.01901680766741244,0.01863740366007129,0.00108529906719919,0.00106361680664117,1050.0,0.0009317792091772,0.0013333688124573802,0.01321532603088554,0.012859337635674881,0.6,0.8,0.013671102925294559,0.01341193871320506,0.7,0.7,1.0,1.0,1.0,1.0,0.02041467584855158,0.021162341617824175,0.0,0.0
144,144.0,0.003168604762342868,0.01421478028016886,0.004137269659184919,0.01430877692355954,0.00309012307318542,0.00584826434615232,0.0033609990783138996,11.005984021979383,12.91499907656107,0.04417038294486699,0.012353716068375792,0.00244748767666712,0.013341302413079991,0.0026221147383346803,0.01948813389226874,0.01875563606927127,0.00281677369493986,0.00105382469482715,0.01946187533760961,0.018755392288605042,0.00107673865277316,0.00106190275400871,1051.0,0.0009373015636202801,0.0013384906624143399,0.01321607198128075,0.01285979378800669,0.6,0.8,0.01369237256171863,0.01343889225398007,0.7,0.7,1.0,1.0,1.0,1.0,0.02041467584855158,0.02116234161782418,0.0,0.0
145,145.0,0.0030196812538531,0.0142575207626597,0.004309387827726149,0.014308549061703979,0.0032789490403313305,0.0059075899897451205,0.0033571901048171,12.612137760850601,14.141869174246676,0.05134352813474828,0.01236677020921149,0.00246161253167644,0.013434986585067001,0.00264960825070589,0.01976056776541219,0.01876932108968553,0.0021090553607791096,0.0010985529748722398,0.01951138674868117,0.018795159501991454,0.00110378703102465,0.00108322906307871,1100.0,0.0009069471614351701,0.0012852262022680502,0.01312700921559174,0.01284319682833065,0.6,0.8,0.01377150838396933,0.013553819561855172,0.7,0.6,1.0,1.0,1.0,1.0,0.020118562766883917,0.02091657916184182,0.0,0.0
146,146.0,0.0030207480146097294,0.01425167855463694,0.00421921903503465,0.01430696221229518,0.0032789490403313305,0.00590643109207939,0.0033571141854961,14.219435766385867,9.46786003371235,0.034512332384474514,0.01236581788983865,0.0024740605740520903,0.01343535322751858,0.00265104163129082,0.0197567961946516,0.018840142095478518,0.0013662775512784,0.0011063789948820499,0.01975921899267859,0.018765245169431875,0.00110393576323979,0.0010938190855085202,1101.0,0.00091221076095195,0.0012901463699254798,0.01327389035686748,0.012983991062167818,0.6,0.8,0.013766087776527481,0.013549231034808599,0.7,0.6,1.0,1.0,1.0,1.0,0.020118562766883917,0.02091657916184182,0.0,0.0
147,147.0,0.002646234110617014,0.01423895407846855,0.00433174097664789,0.01425231004730217,0.00331184876135194,0.00593886562337254,0.0033534778468129996,17.68998444539029,10.598355616140179,0.055988652398809735,0.01245642694805847,0.002484089663139161,0.01371208382908142,0.00266319482920966,0.01985792839453224,0.01878330303249509,0.0014504050835966798,0.0013807926094159101,0.01973114796275733,0.01883214606060568,0.00115875403862441,0.00113291917368765,1150.0,0.0008945969116915401,0.0012425830764151904,0.013053175053488492,0.01292667140986518,0.7,0.8,0.01405850803684656,0.01390893628446499,0.5,0.7,1.0,1.0,1.0,1.0,0.01966848123256585,0.020291754060728962,0.0,0.0
148,148.0,0.0026461830043216883,0.01423974429517407,0.0043151131657175506,0.014249105911442572,0.0033153147237149397,0.00593772305705669,0.0033534052929017006,18.749590071057902,10.29435112173669,0.08016058630309995,0.0124572936123426,0.00248406627570094,0.013711643888309671,0.0026627281775485298,0.019852217813648293,0.01878182059022375,0.00135975873563433,0.00118365415837611,0.019854910131168007,0.01878061020346405,0.0011670569190754998,0.00113449592608953,1151.0,0.00089964004438603,0.0012473236521350602,0.013055036410202439,0.01292632467426989,0.7,0.8,0.01405973873427773,0.013912450240005989,0.5,0.7,1.0,1.0,1.0,1.0,0.01965567828892808,0.020280992162272284,0.0,0.0
149,149.0,0.0015272344544199935,0.014016205359380751,0.00420379727593126,0.01423798932671804,0.0032862887919057103,0.0059089117725415795,0.003349926783651599,22.05248555482831,11.247666786285118,0.06737925999332213,0.012474233472648482,0.00247137469458578,0.013840492955762913,0.00269641341108496,0.020604442912451195,0.01877903615113058,0.00208506339695298,0.00121311219409104,0.019854104811949082,0.018750847485511736,0.0012124982895329,0.00119109298102552,1200.0,0.0008788042547042,0.00120205395343365,0.01312428208583572,0.012864424703129637,0.6,0.9,0.014782875213061392,0.014717772775981807,0.5,0.5,1.0,1.0,1.0,1.0,0.02006075666478594,0.02079839917879531,0.0,0.0
150,150.0,0.0016550536279026438,0.01402609974007775,0.00416885390265322,0.01424623779477468,0.0032893507822418294,0.00591168127758483,0.0033498573126388006,17.166735566477293,12.742883881321177,0.0952612759079784,0.01247505221429323,0.0024722526052073997,0.013842016698380848,0.00269545211435226,0.020575143235284827,0.01879515536248034,0.00205262396484608,0.0023250333964824196,0.020617539571544642,0.01878686084387126,0.00121278027072544,0.00118149928748603,1201.0,0.0008836409585063701,0.0012066208121267199,0.013130826832313971,0.01286385071196329,0.6,0.9,0.01471952906717357,0.014636838913683378,0.5,0.5,1.0,1.0,1.0,1.0,0.02006807433168764,0.020810014248139257,0.0,0.0
151,151.0,0.0012533939279286191,0.014043352776564341,0.004307830274147721,0.014185028304913378,0.0033212606468455198,0.00602328006066146,0.0033465903384190003,15.333464964502491,10.518851640471258,0.05985374315641816,0.01249102885918961,0.00247818964689019,0.013911095359381028,0.00270011508480653,0.0207976376594738,0.018740642260419983,0.0014967930968850301,0.0024917689617722804,0.020595228137276878,0.01880094488185556,0.00246100474614645,0.0012316615320741603,1249.0,0.00086568593261367,0.00116600231671449,0.01301821042683858,0.012665033458411851,0.7,0.8,0.0149563351192357,0.014980145468474019,0.5,0.6,1.0,1.0,1.0,1.0,0.01987636696901482,0.02047521028394875,0.0,0.0
152,152.0,0.001245025572109093,0.0140443840711437,0.00428283047380448,0.014185144107734662,0.0033212606468455198,0.00602502198322683,0.0033465236473634004,13.897385967941954,11.058999648853206,0.04215065047610548,0.012492124146284148,0.00247563982368343,0.01391140158073828,0.0026972250844877,0.020783343321155858,0.018732729486998962,0.0015073341783135598,0.00123975118622179,0.020793719622059132,0.018737551874964432,0.00124443650711322,0.0012264222605153498,1250.0,0.00087036461811169,0.00117043031284578,0.013010443403612789,0.012642705374833352,0.7,0.8,0.01502959827911785,0.014943808433378888,0.5,0.6,1.0,1.0,1.0,1.0,0.019876366969014812,0.02047521028394875,0.0,0.0
153,153.0,0.0012549532591069345,0.01404218923532769,0.00426041587307824,0.01418298431709846,0.0033306134928840795,0.00601627135866475,0.0033464570107543,13.028195016109384,9.864473283500411,0.031086226273328032,0.01249612550354769,0.0024639419736099703,0.01391191717515781,0.0026984998614179795,0.02077286826693891,0.01871806636012119,0.00214515849947925,0.0012480435194447202,0.0207786539189412,0.0187302887461828,0.0012588033685459999,0.0012302553746848799,1251.0,0.0008750359058141901,0.0011748669666833901,0.01303516160998546,0.01263809801329632,0.7,0.8,0.01502469410674356,0.014938642377753861,0.5,0.6,1.0,1.0,1.0,1.0,0.019927029258924978,0.020554925702823072,0.0,0.0
154,154.0,0.0009924636588660427,0.013830352439805802,0.004188572271950091,0.01416479261819217,0.0032981446757657804,0.00602521080281477,0.0033432567378430004,11.646414550975896,7.84977485279087,0.035072975419461694,0.01252443702788981,0.00246377234563907,0.01407296224047378,0.00274345789019342,0.02115477988241401,0.018688752496201548,0.00174820958636697,0.00136072763707483,0.0207389358975206,0.01868545899969901,0.0013770047109573499,0.00133931383024897,1300.0,0.0008636669022408,0.00113588688481404,0.012961426165326043,0.012648541200865348,0.8,0.8,0.01520807210538232,0.015248609983318262,0.5,0.5,1.0,1.0,1.0,1.0,0.01969675366106849,0.020339934878789222,0.0,0.0
155,155.0,0.0009987270878173266,0.013836808903728199,0.00422690140253755,0.01416293934679424,0.0032841866214647296,0.00601918196708587,0.0033431927159187002,10.458170099090784,8.576651937072166,0.04211789253167804,0.012524196429626499,0.00247172618535132,0.01407289701418847,0.00273009606129717,0.02108019187561657,0.01870674291030801,0.0016207492910325,0.00452571078203613,0.02115344311768784,0.018686573572372266,0.00137551187071944,0.00132343047298485,1301.0,0.0008681425194600601,0.00114015924036145,0.01300587609026499,0.01259611312068539,0.8,0.8,0.015145360349106959,0.01519784962188494,0.5,0.5,1.0,1.0,1.0,1.0,0.01969064890492308,0.020308890748058733,0.0,0.0
156,156.0,0.00043010449484141773,0.01370591676987109,0.00405539226906999,0.014197944891595668,0.0031807899692177302,0.00612585701893624,0.0033401156855700992,10.813845585426316,9.934951168927364,0.08762612012214957,0.0125185187554084,0.00246806474698265,0.014159478998843853,0.0027549751506048903,0.02153691032676254,0.01874888721849079,0.00341145163401957,0.00192622027825558,0.02106726893766294,0.01871787781465774,0.00142899379134174,0.0014468000736087103,1350.0,0.0008469942609280001,0.00110382550523622,0.01306536953287439,0.012663305549265553,0.8,0.8,0.01563652930622749,0.015957897935278458,0.5,0.3,1.0,1.0,1.0,1.0,0.019166831146670758,0.019707512111038442,0.0,0.0
157,157.0,0.0004021594191943666,0.013697711320507677,0.00405280180331082,0.014194316350463526,0.0031778120232452897,0.00612257756173991,0.003340054083116501,10.8294361037435,8.149344625440426,0.07884349776431915,0.012515265455080329,0.0024679150924653,0.014155822376130792,0.0027550564310069104,0.02155731940691554,0.018744994440410327,0.006503303465433372,0.00138972683344031,0.02152974412351904,0.01874331878141735,0.00140928199980403,0.0013711927691474,1351.0,0.00085130241037923,0.00110794331060386,0.0130661452565934,0.01266453601072188,0.8,0.8,0.01566226622896812,0.01598670755154118,0.4,0.3,1.0,1.0,1.0,1.0,0.0191692278499871,0.019709970053304,0.0,0.0
158,158.0,-4.332663688654e-05,0.01347776784134394,0.00434517687921055,0.014144232604344859,0.0033026307161125,0.0061022335938266895,0.0033370912575408996,12.458587511349469,9.812673710472883,0.11021926186513151,0.01249576723172033,0.0024736062321305194,0.01422744164496637,0.0027688666980765103,0.021957811849811548,0.01865937315014366,0.0032420185394584702,0.00145398008171463,0.021578061673729422,0.0187750445205404,0.0014919121051206901,0.01857045337092128,1400.0,0.00083223369366985,0.00107548490644209,0.012840610907968699,0.012778330958530908,0.9,0.8,0.01632607560786029,0.016443998374523688,0.3,0.2,1.0,1.0,1.0,1.0,0.01876904612056829,0.019196564880630623,0.0,0.0
159,159.0,9.753340353675e-05,0.013488031549155649,0.0043632324342666,0.014151453366795639,0.0033060222946867,0.006116259448967639,0.0033370319003420005,12.460212701628915,9.50883056577295,0.06207478323485697,0.01249720078679211,0.00247544850111568,0.014229088907957418,0.0027633384378933598,0.021786029462349202,0.01866874228895483,0.0022136087063699293,0.0014641670510172201,0.02196585502076564,0.018664382233186914,0.00147888611536469,0.00142572810873386,1401.0,0.00083666432205278,0.00107949192364662,0.01282411972995288,0.01279062605051379,0.9,0.8,0.01609769374707182,0.01627716565551423,0.3,0.2,1.0,1.0,1.0,1.0,0.019132810105935993,0.019744612281671257,0.0,0.0
160,160.0,2.6113299123119973e-05,0.013409479755566101,0.004473645830002719,0.0142119491414607,0.0035680014864617796,0.006206922782722319,0.0033341751973049996,9.534314911183902,9.741357358149253,0.06976457126438612,0.012484250425169268,0.00245766017757187,0.014251739137332372,0.0027886132064560303,0.02196992875537353,0.01861222013496393,0.0018888809718191,0.0015038370387628203,0.02180176402683028,0.01868012832977615,0.00152987416367972,0.0014918668661266,1450.0,0.0008230307983874399,0.00104780097006981,0.01277468657984528,0.012697764421366931,0.9,0.8,0.01612156293723935,0.01641264875823557,0.3,0.2,1.0,1.0,1.0,1.0,0.01908452050677626,0.019972005510587938,0.0,0.0
161,161.0,0.00011760587424741,0.01341762045679994,0.0044978321678296705,0.014213199360576401,0.003375583326023641,0.00620729029043736,0.0033341179292408997,9.121143821650184,8.888553702714853,0.0730032701743766,0.01248484261325086,0.00245515397322622,0.01425172491414741,0.0027823345258341597,0.02186223969791471,0.018634363138559727,0.00309569698292755,0.0015123760793357502,0.021971478519738196,0.018617063364929513,0.0022129647666588098,0.00226065800525243,1451.0,0.00082706126233049,0.0010516746633581302,0.012799393975889481,0.01272822666583039,0.9,0.8,0.01606187731795599,0.01628128543669379,0.3,0.2,1.0,1.0,1.0,1.0,0.019351031876285653,0.01993801380284007,0.0,0.0
162,162.0,-0.0002305143206782634,0.0132998839752169,0.004529275948326869,0.01424830040924537,0.0035016448051531602,0.0062181797406668906,0.0033314154492243,22.915586739825084,9.52747153195087,0.08605307377874846,0.01248700956876166,0.00244588803768288,0.014346292217157868,0.0028055499160770598,0.022436443649575318,0.0186430574452573,0.00185938810463989,0.0015475681051611502,0.021881467932367532,0.018685837976912624,0.0015729450387879699,0.00154205027502024,1499.0,0.00080594546289276,0.00102287028118819,0.012771321548050663,0.01263798618656244,0.9,0.8,0.016908790126636424,0.016886035994403577,0.3,0.0,1.0,1.0,1.0,1.0,0.01902019707104789,0.0199104087806052,0.0,0.0
163,163.0,-0.00020705200934720253,0.013294375032351818,0.00451930713991416,0.014245309217573512,0.00350056689123283,0.00621879798624331,0.0033313600921639,25.693580703437327,14.315147314057686,0.04785763823892915,0.01248599884142775,0.0024461163474281,0.01434477569163245,0.0028108006717839805,0.02246537889464048,0.018650141567233637,0.004107685503549819,0.0015779930632560998,0.02244411844346726,0.018648088941124873,0.0038121845806016992,0.0015535713406279101,1500.0,0.0008098452367669301,0.00102662537009963,0.012774197867526621,0.01263782411081213,0.9,0.8,0.01685121463017767,0.016870569460760963,0.3,0.0,1.0,1.0,1.0,1.0,0.019034543676171932,0.01993530380426303,0.0,0.0
164,164.0,-0.00020895083869842731,0.013291901854605648,0.0045079395566431,0.014242293777848131,0.00347516335935298,0.00621343716066752,0.0033313047727924006,20.886481990944596,10.055049061705358,0.057396873901598124,0.012484305661114681,0.00244545768551972,0.01434328512790716,0.0028104917880593097,0.02246203710825199,0.01864718337915322,0.0018797441152855199,0.00154440109618004,0.02245841116135554,0.018645750776672868,0.0015986182959749798,0.00152623122557993,1501.0,0.0008137402842746499,0.0010303737438323401,0.012775609075869951,0.012639024392159378,0.9,0.8,0.016854103576294358,0.01687229835975575,0.3,0.0,1.0,1.0,1.0,1.0,0.019101501018061202,0.01991695231434036,0.0,0.0
165,165.0,-0.00032705102883842,0.013286049375062729,0.004563628434377191,0.014251503592471498,0.00359822445906869,0.00621253291428589,0.0033286392621805,28.271709022694267,12.938859128649346,0.05788182006217535,0.01246928060533233,0.00245312135117057,0.014351185592936572,0.00279623560342884,0.02248278310584001,0.0186188789667311,0.00280551628675306,0.0021700259298085703,0.022441905172890617,0.018641628714791685,0.0016033940948545302,0.00153205818496639,1550.0,0.0007981766380084901,0.00100226608350589,0.012850835463305468,0.012515493312702472,0.8,0.7,0.01683219864833548,0.016795370048365694,0.2,0.1,1.0,1.0,1.0,1.0,0.019143177727856918,0.020062488842873472,0.0,0.0
166,166.0,-0.00032790542713692996,0.013279411583542428,0.004563204904381729,0.014249077302440499,0.00359822445906869,0.006210852767463789,0.0033285857647098,30.87601853297092,11.729255023924633,0.0316591148031875,0.012468568283447602,0.0024529259036027698,0.01434939911146258,0.0027964630873131002,0.02247777090758387,0.01861464183995648,0.0021677589276805,0.0018161688698455098,0.022476553792154165,0.01861467136501265,0.0016566954553126703,0.0015288922004401202,1551.0,0.00080194726719654,0.00100590436798513,0.012851030540080449,0.01251559416744596,0.8,0.7,0.01682822933319123,0.01679518755247298,0.2,0.1,1.0,1.0,1.0,1.0,0.019143177727856918,0.020062488842873472,0.0,0.0
167,167.0,-0.0004628924104840387,0.013185840897633902,0.0045701639532250695,0.01422630231721741,0.003527227332438979,0.00617987908632941,0.0033260066668408,18.7439036547672,11.4030038545141,0.03681857699993994,0.012460934155890741,0.0024664814470962797,0.01436397601143175,0.0028053348453456603,0.02265127774535545,0.018652895338912293,0.00203926528338337,0.0018025168916210102,0.02245028728204142,0.01859183652826303,0.00185972009785467,0.00157219432294365,1600.0,0.00079134813148007,0.0009792617753187798,0.012895922635097368,0.01257558660712858,0.8,0.8,0.017164046297652787,0.01697347372608648,0.2,0.0,1.0,1.0,1.0,1.0,0.01919008449689024,0.02013334292936824,0.0,0.0
168,168.0,-0.00045949053655581644,0.01317554973901143,0.00456762678667387,0.01422616942920521,0.003527227332438959,0.006184460051047851,0.0033259548764191004,19.611777410469948,11.693666316242888,0.0487501386320218,0.01246199461361002,0.0024663383615221497,0.014364065007602043,0.0028031608445519603,0.02263727861713436,0.01865063329424851,0.00251467961352313,0.00170023837126787,0.0226422281584352,0.018647816414187078,0.0036377195036038203,0.0016299903625621999,1601.0,0.0007950079715437,0.00098280453163799,0.012899743477153613,0.01257968853063882,0.8,0.8,0.01716105733075616,0.016966700292914572,0.2,0.0,1.0,1.0,1.0,1.0,0.01919008449689026,0.020133342929368258,0.0,0.0
169,169.0,-0.0006576201839001701,0.01304125976186886,0.00442173711186067,0.014222168714338138,0.0035291731521470498,0.006144038162496901,0.0033234568261047,13.534511430049315,12.07029367473442,0.06543826262932269,0.01246181287419679,0.00246397286012135,0.0144423602533752,0.00282163738996724,0.02280016627071411,0.01865621897037653,0.00220438507385547,0.00244653541594738,0.022583373497712177,0.018605615955151016,0.00227541590575124,0.0016037571942433201,1650.0,0.00078496925070007,0.0009577234692260799,0.0131818971256629,0.012387558959381631,0.7,0.9,0.01714597050525105,0.01733000505226371,0.1,0.0,1.0,1.0,1.0,1.0,0.01899283864995325,0.019983879624662828,0.0,0.0
170,170.0,-0.0006538867483866699,0.01303359194097763,0.00441745421423401,0.014221901457431092,0.00350973715058145,0.0061417592370109604,0.0033234066383694,12.690297514107078,14.628038390958682,0.060625793156214025,0.012463438987667599,0.00246469098320327,0.014447710178685128,0.00282097995627109,0.02279463254482749,0.01866001850272843,0.006381986243650271,0.0026049640262499,0.022799705310763682,0.01865481825276835,0.00177246979437764,0.00162479733116919,1651.0,0.0007885258176910699,0.00096117340703305,0.013184704992194379,0.01238726087086944,0.7,0.9,0.017144099297716712,0.01732556781981791,0.1,0.0,1.0,1.0,1.0,1.0,0.01906943067075676,0.02013155772263562,0.0,0.0
171,171.0,-0.0005035207401481901,0.01293210969333416,0.00451763738250801,0.01425949474169719,0.00354723731681798,0.0061427420788484795,0.0033209847532653,23.378041011770257,10.032419175258838,0.06760614532977338,0.012475416181802538,0.00246070456421214,0.01451780342419468,0.00283401759619736,0.02271030689794768,0.018629686142671662,0.0035550741944461507,0.00195971399080004,0.022907321949099353,0.01870881164347065,0.0017737446818500298,0.00168575765565032,1700.0,0.00077012194368064,0.0009374917750625703,0.0130567550235102,0.012256679016567872,0.8,0.9,0.01686723645148122,0.016999597621534232,0.1,0.0,1.0,1.0,1.0,1.0,0.01916799032668771,0.02017459263641299,0.0,0.0
172,172.0,-0.00050394646318255,0.012933543577654203,0.0045130689634689004,0.014256336988699691,0.00353004228941972,0.00613565775139006,0.0033209360731053994,23.888282097969203,11.275277357990854,0.07414997839368875,0.01247367305600049,0.00246025437619647,0.014516140091371532,0.00283381524943403,0.022708296734573,0.01862654700629724,0.005976381432264989,0.0018617882393300099,0.02270733412658792,0.01862596948497285,0.00179093589540568,0.0017011924879624899,1701.0,0.0007735655780839,0.00094083646385139,0.013055447577865021,0.012254840542488649,0.8,0.9,0.01686843604164673,0.0169998140409933,0.1,0.0,1.0,1.0,1.0,1.0,0.0191662923657845,0.02016940352537754,0.0,0.0
173,173.0,-0.0004435923562448801,0.01299378645126536,0.00442723463118439,0.014271507457778793,0.00360371352236897,0.006134865008869389,0.0033186331846726006,14.819365231832489,12.017592534562572,0.06627986938692627,0.012473872904397599,0.00245270881956549,0.014521004099700441,0.00281123686343378,0.02253986773414454,0.018607641628587787,0.00215572188608344,0.0036185314878820997,0.022713440100301917,0.01864319230222562,0.00181188893038775,0.00172344562597567,1749.0,0.0007562681256759401,0.0009188471345500498,0.01295969329508739,0.012272216771837789,0.8,0.9,0.01659927467250185,0.016819616400425803,0.1,0.0,1.0,1.0,1.0,1.0,0.01901494941055161,0.01997592744314488,0.0,0.0
174,174.0,-0.00045353746922008,0.01300204177321603,0.00442530995679917,0.014276147144994469,0.0036059771388161493,0.006135765082587719,0.003318585897558999,17.32187165275682,12.094200666458345,0.04187320456840092,0.01247531364777444,0.0024529532422224703,0.014522425735921548,0.00282134455910781,0.022583090341468087,0.01860959279206514,0.0025545777985825596,0.0020634856075048,0.0225446860714918,0.01860861071280455,0.00189942710567262,0.0023473332403227297,1750.0,0.00075962714181209,0.0009221111982864001,0.0129603336150261,0.012276665549783308,0.8,0.9,0.01675671912631848,0.01691536954983631,0.1,0.0,1.0,1.0,1.0,1.0,0.019011334615758477,0.01997151202101502,0.0,0.0
175,175.0,-0.00043559370164229,0.01300547602670522,0.0044185225367468495,0.014280017234475677,0.0035994871244845795,0.006139348060056579,0.003318538638055201,15.476054119318723,12.78194368565455,0.05595873869024211,0.012474764968662708,0.00245349295988487,0.01452171617932084,0.0028219035792790303,0.022583207837812553,0.01861520605947674,0.00217655077576633,0.00178540002088988,0.02258979327446414,0.018614313201268627,0.00182791901752347,0.00171882263384754,1751.0,0.00076297971202969,0.00092536848014259,0.01296306407595206,0.01227397368581357,0.8,0.9,0.01668333921707562,0.016830042844024052,0.1,0.0,1.0,1.0,1.0,1.0,0.01901786584401674,0.019978603224366513,0.0,0.0
176,176.0,-0.00022557963538716004,0.012657909689171248,0.00439777094899423,0.01425404140962716,0.0035530943140760197,0.00617414471499772,0.0033162560948780994,19.362255539814942,10.819060159986838,0.03812017827294765,0.012473288411489699,0.0024545043446465697,0.014596203613767362,0.0028142084532509597,0.02223074527341151,0.018623150557247493,0.00219304200727488,0.00211444185115392,0.02258592178831069,0.018612260428314067,0.00202481253072614,0.0057587556308135,1800.0,0.0007562732533249301,0.00090410757910589,0.013081556885194478,0.012235912299882589,0.7,0.9,0.016405937793425678,0.01651559712697967,0.2,0.0,1.0,1.0,1.0,1.0,0.01899155941753999,0.01998825865209648,0.0,0.0
177,177.0,-0.00020964450673440003,0.01264768688337566,0.004402758366050979,0.014256175678846331,0.0035583254625027906,0.006177043608461819,0.0033162101763899,18.24123432347551,10.863353908318095,0.05788098121993239,0.012472388593708101,0.0024550213689096202,0.014597658217786299,0.00284333262288726,0.022314434909841443,0.018627516434466678,0.0059052129974588195,0.00199699830263848,0.022236441596632302,0.01862841024492248,0.0020044396165757898,0.00186838496010746,1801.0,0.00075953291198364,0.0009072854570804501,0.013081773542233591,0.0122410675234471,0.7,0.9,0.01652661066708469,0.016635890070600182,0.2,0.0,1.0,1.0,1.0,1.0,0.01896532979512055,0.019958038364802,0.0,0.0
178,178.0,-0.00043887868821565,0.012579892572114231,0.004348002125251431,0.014297018343696049,0.00350968030241338,0.00614399967602326,0.003313991525249401,22.134022996597924,11.376205416722224,0.035437162313610285,0.012488783289167842,0.0024471946796074395,0.014694356729700117,0.0028567017023293103,0.02257080043986335,0.01863138815742554,0.0023255853215232,0.0020191825926303398,0.02232374773711951,0.01862949232539133,0.00204461649991567,0.00192248008679593,1850.0,0.00075774233234906,0.0008868743353429199,0.01313142572306045,0.01227113855394157,0.7,0.9,0.01693797676825045,0.01685510321882968,0.2,0.0,1.0,1.0,1.0,1.0,0.019515838540946948,0.020512403673565202,0.0,0.0
179,179.0,-0.0004464650116568601,0.012579560766983262,0.004336933464687971,0.014293470338624343,0.00350968030241338,0.0061392340830714,0.0033139468746259003,22.06364399981685,10.64492223886773,0.036085289972834236,0.012487787547672298,0.0024518626735181197,0.01469262392833685,0.00285565573987463,0.022574700245698062,0.01864505726245049,0.0023136872798203796,0.0020938421832397197,0.022567335785169867,0.018629187109094787,0.0020545505685731205,0.00268754302524025,1851.0,0.0007609073415757101,0.00088996992732091,0.0132184800164266,0.01222268578565015,0.6,0.9,0.01683900187197588,0.016874834600650666,0.2,0.0,1.0,1.0,1.0,1.0,0.019515838540947027,0.020512403673565303,0.0,0.0
180,180.0,-0.00047950271858497,0.012563547210907588,0.0043162321461214,0.01429386122087497,0.003433370325851641,0.00612334629771699,0.0033117886759968995,19.40398930069059,9.559961415431463,0.055680446350015636,0.012498728313132219,0.0024420358305226797,0.01473668306694419,0.00284952151206931,0.02260194163372177,0.018592001650356252,0.00458883470855647,0.00211631660349663,0.022578171155721617,0.01866039106161174,0.00211302156094456,0.00195454743225121,1900.0,0.00074487628030323,0.00087052714517498,0.01304445176251175,0.012242513856793568,0.7,0.8,0.017023556709970907,0.016867360481946418,0.1,0.0,1.0,1.0,1.0,1.0,0.019613360730530396,0.02069253802249963,0.0,0.0
181,181.0,-0.00047972483248687,0.012558772094423517,0.00432188340379097,0.01429398668223891,0.00344579026621282,0.00612765035038213,0.003311745225891601,18.65490986916702,9.996325422124936,0.06462566154077644,0.01249839159827413,0.00244131091980297,0.014737270894788351,0.00284944392584653,0.022600711224432822,0.01858813568738274,0.00233351013157512,0.0022327289916574504,0.022600105666907608,0.018589419407225537,0.00211194159928704,0.00208335756324228,1901.0,0.00074796561176538,0.00087355007558603,0.01304360181313018,0.012240877904676529,0.7,0.8,0.01702437532044083,0.0168667450539569,0.1,0.0,1.0,1.0,1.0,1.0,0.01959543039943719,0.02066413884906979,0.0,0.0
182,182.0,-0.0004040402568347,0.01241860026961374,0.00437645063670494,0.01427506273293314,0.00347469704813791,0.00612465277047706,0.0033096443096991,17.2424079436576,9.5129064777866,0.024784516100771682,0.012545667774892588,0.0024467523634632503,0.014823224334390369,0.0028871700471073507,0.022574410446078764,0.01853530934170734,0.0023643555585294304,0.0020430814009159397,0.02256933372684429,0.018564693199967987,0.0027779604308306597,0.0019900304265319697,1950.0,0.0007479174828380299,0.0008550635789081201,0.012990693873002748,0.01221102703568633,0.8,0.8,0.01711229522508605,0.017026247571169502,0.1,0.0,1.0,1.0,1.0,1.0,0.019240967669300786,0.02038534827717533,0.0,0.0
183,183.0,-0.00039384003710300997,0.012396292366430611,0.00437834821598029,0.014274916334052961,0.0034779178030503997,0.00612720517867438,0.0033096019979727996,17.738153969752602,11.035164084751159,0.04158694250509136,0.012545064734777298,0.00244595047241748,0.014823287891550718,0.00288859691650829,0.02256444956130578,0.018534469875232933,0.00230915728025134,0.0021752859000116,0.02257406425674364,0.018534740229399098,0.0021458438830449797,0.0019933803938328703,1951.0,0.0007509215231554801,0.0008580137814286201,0.012990751544756369,0.01221101980115864,0.8,0.8,0.01710223983898659,0.0170115985645799,0.1,0.0,1.0,1.0,1.0,1.0,0.0192404140310153,0.020383422584000048,0.0,0.0
184,184.0,-0.00072924042002335,0.012260063365131597,0.004397172974781169,0.014319536691122908,0.0035811714263151093,0.006222582619328418,0.0033075966880980997,21.632115653529763,9.780891805212013,0.03883118308149273,0.012556930425623261,0.00244678176044798,0.014896768720756088,0.0028662979171486,0.022812326083889906,0.01857113752888983,0.00246981671079989,0.0021627888316288002,0.02262331909968368,0.018582794961645707,0.0022284923819824503,0.00219200772698963,1999.0,0.0007406951161899601,0.0008407653395871399,0.01301163549771125,0.01224498820366629,0.8,0.7,0.01715645108052253,0.017292420807904753,0.0,0.0,1.0,1.0,1.0,1.0,0.019449258649485986,0.020500628945720387,0.0,0.0
185,185.0,-0.0007284890593830001,0.01225754011448962,0.00439603384558219,0.0143211499318218,0.003571437738554609,0.0062205587780739795,0.0033075554362132003,19.261910622986033,9.604490211070516,0.036449208855628926,0.012556280558517503,0.00244637528984298,0.014896418677710226,0.00286687826116019,0.022812214280830342,0.0185724675911607,0.0023314214777200803,0.00218770075589415,0.022815228297872612,0.01857291456504106,0.00222693486139173,0.00206673541106278,2000.0,0.0007436285479623901,0.00084364879198217,0.013012357344531562,0.012245232515754349,0.8,0.7,0.01715448618887392,0.01728889188757634,0.0,0.0,1.0,1.0,1.0,1.0,0.01945920893306643,0.0205080503586961,0.0,0.0
186,186.0,-0.00701947102754161,-0.00019709074130978013,-0.00701947099659226,-0.0001970906971259,-0.008333459886777661,-0.00833345988677764,0.0033619696940535007,0.3357056237757206,0.6919545290991664,0.20971417268738152,4.791781217025919e-35,1.2799116736235698e-19,4.791781217025919e-35,1.2799116869248393e-19,-0.00019706633967568008,-0.00019706635760949012,0.00011461542453613891,7.43349781259861e-05,0.0,0.0,7.958398200571536e-05,6.107920780777931e-05,0.0,0.05317985049235112,0.013447879998981902,0.04169573206965616,0.04182691300035043,0.0,0.0,0.041695732101157824,0.04182691302515878,0.0,0.0,0.0,0.0,0.0,0.0,0.05126863111629858,0.05086836618453862,0.0,0.0
187,187.0,-0.00484660659848221,0.0020761378873153,-0.004846606599689441,0.00207613788744594,-0.00562023305344851,-0.005620233053448471,0.0033466805760083993,1.8346631691092625,2.8256230648839846,0.3184102558065206,3.597383188430519e-35,8.078109082865252e-20,3.993151014188267e-35,1.2159966900452071e-19,0.0020761482535818897,0.00207614825339214,0.00010458829347040786,7.976996712385786e-05,0.006185780342279959,0.00618578034288909,7.452105637639761e-05,7.31101492419839e-05,1.0,0.06944350562473443,0.049905596303089314,0.03564931518048426,0.035257901976058256,0.0,0.0,0.03564931518181294,0.035257901976068866,0.0,0.0,0.0,0.0,0.0,0.0,0.04264220057999461,0.042353752299534926,0.0,0.0
188,188.0,-0.00115394262252421,0.005900348310876911,-0.0011539426229837798,0.0059003483125468,-0.00254362872756827,-0.00162241981884836,0.0033129278792405,3.766077046492137,4.117368882568553,0.5698804014129564,3.3867783007477855e-35,8.786570234402039e-20,2.662100676125511e-35,9.374337312842179e-20,0.00590035449799131,0.00590035451547505,0.00010834017302837873,8.073442149906513e-05,0.014618809906248082,0.014618809907335273,7.439409382641316e-05,7.28231854736805e-05,4.0,0.0590876021321838,0.052685515626639624,0.027950272272578836,0.026710289509572566,0.1,0.0,0.027950272271181735,0.026710289500349742,0.1,0.0,0.1,0.0,0.1,0.0,0.034019334256531024,0.032881272592771425,0.0,0.0
189,189.0,7.281866500425992e-05,0.0069716420077146,7.282657506945001e-05,0.00697164509733854,-0.0011127231122227497,-0.0004227060947596402,0.0033042130670006995,4.2151175060775135,2.920385581208393,0.23659803222399206,3.641425112975625e-35,9.085622518256574e-20,2.3958906085129596e-35,7.888653930870355e-20,0.006971603000700301,0.00697160374792042,0.00010166619904337607,7.820220198481677e-05,0.009987688011779352,0.009987688028251049,7.396219298243523e-05,7.112021557986736e-05,5.0,0.05663749504298843,0.0516381683395661,0.02617363557969941,0.024301327359980095,0.1,0.0,0.02617355914324892,0.024301218998041253,0.1,0.0,0.1,0.0,0.1,0.0,0.03136984172444725,0.02881871341023401,0.0,0.0
190,190.0,0.00114747113474503,0.008641416551155408,0.00114742142668154,0.00864142078774599,0.00033835668440374017,0.0017060748673843,0.0032765352414292,6.148233507620171,4.02193414310459,0.3440098657272756,3.0999064729004436e-35,6.931961228994954e-20,1.7113504346521136e-35,4.393719576118859e-20,0.00864136594411592,0.00864136724502175,0.00010284937452523174,7.341220043599606e-05,0.0130790489570107,0.01307903776218285,7.240017876029015e-05,7.271836511790752e-05,9.0,0.046222865842285424,0.044089637967736524,0.020155044546322713,0.02088333564799902,0.0,0.0,0.02015485488290991,0.020883182495200204,0.0,0.0,0.0,0.0,0.0,0.0,0.023379279105629844,0.022891530248687588,0.0,0.0
191,191.0,0.0010102545674266598,0.00855095706445612,0.00101006651724164,0.00855094231173983,0.00011196350370228005,0.0016440997367572403,0.0032708886731202006,5.460813696216792,5.681056547886692,0.8085878853918984,2.743504469020969e-35,7.735129319201593e-20,1.5972604056753063e-35,4.1520088901422176e-20,0.00855091878586595,0.00855091681391392,0.0001015213783830215,8.746252860872654e-05,0.008589916406550319,0.00858991783620769,7.626106962561241e-05,7.77474138885699e-05,10.0,0.04331799144384026,0.043071073601716726,0.02036719916103415,0.02104231991392172,0.0,0.0,0.02036638198964772,0.02104165585777848,0.0,0.0,0.0,0.0,0.0,0.0,0.024385641604088834,0.02431959318338725,0.0,0.0
192,192.0,0.000968448851002,0.00941163500024539,0.0008566399916414178,0.009176624727636121,0.0006763514974136999,0.00207073673220204,0.0032516156438946,5.472391257947311,5.302953754062765,0.666787720611319,0.00141885666145349,0.00057386694180912,0.0020332576394471802,0.00057092449800118,0.01093686146552661,0.01082444834496811,0.00011237133294341033,8.477326482534366e-05,0.01270234824446979,0.01270256561692685,8.677421137689092e-05,8.541406132279712e-05,14.0,0.03352660516315205,0.03649268432401599,0.01978864266944392,0.01959925925304676,0.0,0.0,0.019142959815365207,0.019430205206453825,0.0,0.0,0.1,0.2,0.1,0.1,0.020814352705839957,0.02062305391567423,0.0,0.0
193,193.0,0.0009603505065973001,0.009363082909455468,0.0013372727314092398,0.009446415986455339,-3.1896214843710016e-05,0.00209443220203721,0.0032474486642306,4.667128166742623,4.359047620859928,0.47410151690710334,0.0016498750151700398,0.0006541663027421301,0.00244513945401073,0.00075253507907068,0.011595384143932548,0.01118566456206936,0.00011649553198361,8.298521861433983e-05,0.01184049469085576,0.011817042787732079,8.14900966361165e-05,0.0006609186762943711,15.0,0.03206594061322843,0.03921087197877222,0.018106439528937885,0.01805041303362629,0.0,0.0,0.018724992648813603,0.01904262459255895,0.0,0.0,0.1,0.2,0.2,0.1,0.02312117929093621,0.02226517866591816,0.0,0.0
194,194.0,0.00076799028458732,0.00962921179673875,0.0008828539914367599,0.00905240357727825,0.00010042213634539787,0.00200312475563407,0.0032326803496737005,6.25300108641386,13.666133767529391,0.7000578008359298,0.0029110523625107696,0.0010439993979152599,0.0037943070608971096,0.0011261656684066399,0.01248583556938451,0.012375251483856,0.0001111475285142352,0.0013945144135504872,0.012984837660962301,0.01249171273520606,8.4649957716465e-05,8.502402342855294e-05,19.0,0.026620761931064163,0.03713802811553885,0.01937537286939068,0.018763012900076717,0.1,0.0,0.01907516384661757,0.019057446084027152,0.1,0.0,0.2,0.4,0.2,0.4,0.02253554558764411,0.021896409041417087,0.0,0.0
195,195.0,0.0007378292955850501,0.00974201690129264,0.00045759100115337,0.009377034636283688,-0.00037309537353815,0.00192708042136873,0.003229382921067,5.416751519753598,10.537516363989562,0.5299933295231313,0.00309595716844124,0.0010357537430799799,0.004055556600026331,0.00122572402172698,0.012668035548763898,0.012743661776634153,0.00010599540546532469,9.006711188702845e-05,0.01296375163044797,0.01275145064571161,8.534807711839261e-05,8.017823565751315e-05,20.0,0.0258371267277021,0.04146951232603181,0.01909874498676088,0.01868352057226972,0.1,0.0,0.01855761469037002,0.0184766064001921,0.0,0.0,0.4,0.3,0.2,0.3,0.023721923739482332,0.022998006013851727,0.0,0.0
196,196.0,0.00241329196633644,0.01077008478141241,0.00282085654085854,0.010608229447694831,0.0019574410600123,0.003638131318883,0.0031663504240582,4.281594599504023,6.623574703070335,0.8082883854629472,0.007395006954262109,0.0018472943613643705,0.00848152791345174,0.0019250876397179102,0.015099719959850818,0.015025883171610983,0.00018357038497921,0.00011226404458280002,0.01915101595757588,0.01953926205707071,0.00010930455755437,0.00011182443704450999,50.0,0.0115738986580514,0.02096921535949953,0.01494460697582157,0.014645762125513892,0.1,0.1,0.01595011403240846,0.01520527867951113,0.2,0.1,0.9,0.9,1.0,1.0,0.01832751766189704,0.01873789904118103,0.0,0.0
197,197.0,0.002285112926716696,0.010749202268324843,0.00282792907081957,0.01060586951555652,0.0020620028891460505,0.00360047163609548,0.0031649244226989994,3.126290282048285,4.093239135388285,0.5222680820617824,0.0075140749062599,0.0018779964504371301,0.0085720026373358,0.00201258126832954,0.01537389786226812,0.015144448766345969,0.00014808031264687,0.00011747740209098,0.01508745397353691,0.01505627406458256,0.00011064121499654998,0.00011103330180043002,51.0,0.01148341901260188,0.02070317803227377,0.015006882364778321,0.014615765329197634,0.1,0.1,0.01623060868877324,0.01550426884599113,0.1,0.0,1.0,0.9,1.0,1.0,0.01837009118926547,0.018537135140781442,0.0,0.0
198,198.0,0.00321481713415223,0.011503324601546188,0.0034121626623948,0.011227136326790439,0.00215419097941456,0.00391117515038172,0.0031155757285665996,6.3078353544697165,5.388382356031798,0.2891286144498736,0.009741473925155831,0.0022779464956456702,0.010250847266293049,0.0022235108023083002,0.01636816539699925,0.01647836295594749,0.00018760650418693002,0.00015801051631565997,0.01755020208135378,0.01691945983026446,0.0001588434213772,0.00015375337097789,100.0,0.00618944115218648,0.010889730047719598,0.01434779717087109,0.013669777193143981,0.1,0.1,0.014647489819759298,0.01387396015021827,0.2,0.2,1.0,1.0,1.0,1.0,0.01922216972380219,0.018129211232023663,0.0,0.0
199,199.0,0.00339350225760813,0.011536321117234651,0.0032059492956860204,0.011273080433154802,0.0020700180034672203,0.00394698569497859,0.0031148375224208,4.753658951306716,5.628052051458508,0.2552531885448843,0.00973989569445247,0.00226510913624024,0.01024188781648223,0.0022197268766975197,0.01628933886511616,0.01654193438365233,0.0005882423371076,0.00016193252522494,0.01643320431313055,0.016497754784446633,0.00016786556225265,0.00015941348392510996,101.0,0.006190755433626811,0.01084547890218569,0.0143157617709778,0.013830316769587939,0.1,0.1,0.014460599854080622,0.013691975481345181,0.2,0.2,1.0,1.0,1.0,1.0,0.01916669256078144,0.018226860058594,0.0,0.0
200,200.0,0.00387254295533408,0.01193020744368555,0.00375892229070877,0.012058023300165609,0.002014111025966229,0.004567732087887909,0.0030853877570851005,4.634086845861748,11.404084883630276,0.2800110562937334,0.010533257422630787,0.0023578281248212095,0.01091417630852523,0.0023169425574538303,0.01676226524687955,0.01697639708655952,0.00023329369723791,0.00020321756601327998,0.017336522677201937,0.0177378318114949,0.00025233875494445,0.00020160761196163,150.0,0.0042868644843649896,0.0074108627993890504,0.014368579796594422,0.01352841399718455,0.2,0.3,0.013951536492822459,0.013322143806573677,0.2,0.3,1.0,1.0,1.0,1.0,0.020544359494473138,0.018746431350913518,0.0,0.0
201,201.0,0.0038743769608056795,0.01194904967123144,0.00369809681378553,0.01206554346090758,0.001453565841282379,0.00456834610763197,0.0030848917522008005,4.114701029076241,8.062561164144427,0.5988991803722457,0.01053918803549137,0.0023607905825657497,0.010923323445780422,0.0023153937055340303,0.01681285978358944,0.01696533911818495,0.00024162249173963996,0.00021449245978142,0.01679025240821968,0.01700049616245502,0.00020443757530296002,0.00020080357789987,151.0,0.004299451290819079,0.007402890494949919,0.014324500716116711,0.013499951264023318,0.2,0.3,0.01390228253551309,0.01334266865385474,0.2,0.3,1.0,1.0,1.0,1.0,0.020265686205418527,0.018843083777007896,0.0,0.0
202,202.0,0.0041188900807176505,0.012189777512373288,0.00417513433408026,0.012506901290009309,0.0027096572933029495,0.00513837883099707,0.0030638972570351006,5.214306309167296,5.028992750379257,0.20049993407446887,0.011165337752826809,0.0024231870505505098,0.01148914870492707,0.00239293203275001,0.017198323448529482,0.01700799529220682,0.00039551309309893997,0.00042515413369979,0.017409249164285098,0.01764114792809638,0.0006045746617018799,0.00027960985898967,200.0,0.0033307366836533097,0.00565665026416157,0.01365916943724296,0.012876886667209589,0.4,0.6,0.0136339028473937,0.01295453986915271,0.2,0.4,1.0,1.0,1.0,1.0,0.0207221595355959,0.018541559791697613,0.0,0.0
203,203.0,0.00410716923067425,0.01220075434259878,0.00415487599196329,0.012507594227546673,0.00267826854601588,0.005155609642205519,0.0030635245420788,7.639758205250837,3.2441456459928304,0.0875174300046637,0.011169969720379098,0.0024304612656533197,0.01149574567773765,0.0023933340689755002,0.01723048063021043,0.01705962501973685,0.00039627430960531996,0.00025669382885093,0.01719950109409361,0.01702150204443473,0.00065310290083283,0.00024203052744263,201.0,0.0033451183162858805,0.00565974692103899,0.013628834915563298,0.01289834176592087,0.4,0.6,0.013639111572864368,0.01289100088475334,0.2,0.4,1.0,1.0,1.0,1.0,0.02076811132403292,0.0185367987515944,0.0,0.0
204,204.0,0.00394234039613113,0.012258878211006281,0.00391442131517894,0.0128376605350314,0.00302047877722171,0.0055213258361626995,0.0030472251202578004,7.806791288102977,5.90237283189781,0.37121269572526217,0.0113592683183142,0.00244626471996806,0.01156335009011163,0.00237217512289859,0.01725753086157853,0.017504565618482744,0.00047293819952750997,0.00083607009146357,0.01745611423138765,0.01746381374314769,0.00200571008026593,0.00029276870191092,250.0,0.00273461860480425,0.00458529268619926,0.01381130143671018,0.013060406634493371,0.4,0.5,0.01333053173799709,0.01267267068403268,0.3,0.4,1.0,1.0,1.0,1.0,0.019245145845325093,0.018317414061285696,0.0,0.0
205,205.0,0.003857854904408439,0.01224503790043344,0.0039184007790831294,0.012825557896495499,0.00300650172433039,0.00549804060460682,0.0030469269715363997,14.703234433033504,4.768419131101109,0.12421780885197217,0.011375784622169129,0.0024337594547820503,0.01157557351240902,0.00237816856098798,0.017301523208119667,0.017490017558229688,0.0005497895646839801,0.00042346613481635,0.01726720710873974,0.01749851582196437,0.00054482058621938,0.00039262105710800003,251.0,0.0027480127719085997,0.00459135824129025,0.01380951283666829,0.013070546111774642,0.4,0.5,0.013456290520865619,0.012797507021481311,0.3,0.4,1.0,1.0,1.0,1.0,0.01929389076468507,0.01835200371418834,0.0,0.0
206,206.0,0.004317579210522669,0.012493885839234132,0.0038304331368697792,0.012845419005297249,0.00322163996501808,0.00564388503311977,0.0030336155957825,8.1986092568608,7.243789580021985,0.3608841564971953,0.01159674576507622,0.0023968011188674004,0.011775311522162619,0.0023674522831853297,0.01721396080252578,0.01750116703800695,0.0006363637046887999,0.00055073448456819,0.01748652769585478,0.0176397347027652,0.00053530149161811,0.00036075096577401,300.0,0.00232706775255973,0.0038716320103995795,0.01377622932743448,0.01298740686822499,0.4,0.4,0.013305243803795757,0.01290039990029547,0.3,0.5,1.0,1.0,1.0,1.0,0.01850743283428686,0.01807417403511864,0.0,0.0
207,207.0,0.0041910186940044,0.012482119007178157,0.004039481446291389,0.012836884109189728,0.00319787423810629,0.005618671552467131,0.0030333673556693997,8.298227480379865,4.179236137191765,0.18797670318745074,0.01159930292934833,0.00238155043386275,0.011776842449329531,0.0023589042288082096,0.017207425337576458,0.01745501657648362,0.00474805233534421,0.00230361185967917,0.017231694960005862,0.017506709652079976,0.00053961952216919,0.0003404568880796,301.0,0.0023394874502352904,0.00387881139746599,0.01366219762049527,0.013020954713698052,0.4,0.4,0.013393881345920507,0.012910198990284371,0.3,0.5,1.0,1.0,1.0,1.0,0.018553538171924188,0.018168868551482968,0.0,0.0
208,208.0,0.00426905868300111,0.01250375883774633,0.00396754125301001,0.01284372200152011,0.0033360855703865196,0.0058454779883748195,0.0030221243878016005,5.803513796092011,5.863313977490179,0.1313072513323277,0.01176295462415061,0.0024337535544893003,0.011869365344580099,0.0023903600349166306,0.01725415765075118,0.01757891585583715,0.0011903438717126497,0.0006304264767095101,0.01731439984303746,0.017602852712341483,0.00060114080552006,0.00040011410601433,350.0,0.0020350395550174797,0.0033574837004580298,0.013826374628301653,0.013255678917068789,0.4,0.4,0.013466318234651229,0.01290125507331839,0.4,0.4,1.0,1.0,1.0,1.0,0.01787459065315184,0.017546123500368382,0.0,0.0
209,209.0,0.00426359059807507,0.01249436432848206,0.00397287358450229,0.01280686566630177,0.00323009668195981,0.00580823547780269,0.0030219118688058,5.232710730168037,5.2724194911541415,0.09822121893521396,0.011757710028906321,0.00243437008099813,0.01186457679858949,0.00238896742287429,0.01724025486627562,0.01756218425494847,0.0004778715316205699,0.00063968359027054,0.017238318816700533,0.017560724282033112,0.00061364155262703,0.0003882980672642,351.0,0.0020463607005420806,0.0033649914366949705,0.01382935336390817,0.013267079281099822,0.4,0.4,0.01346990514811006,0.012902186878273918,0.4,0.4,1.0,1.0,1.0,1.0,0.01844489477946971,0.01772896327079962,0.0,0.0
210,210.0,0.0038822931992862804,0.01251713957969135,0.0038729847204676997,0.012813484986573271,0.0029402450241120797,0.0057644756495475805,0.0030121851891155003,5.581383750448003,4.123000358929858,0.1520624409429729,0.011786295401616608,0.0024250115213017504,0.011934018646262052,0.00241974014608701,0.01748132709224531,0.01748047414988706,0.00053902429062868,0.0007895440794526999,0.017357813842783128,0.017612863179511478,0.0005951535189523601,0.00043540031183507004,400.0,0.0018181252699339498,0.00297543945508849,0.0135250916152211,0.01324249881555491,0.5,0.4,0.013522536524383452,0.013141986552507982,0.4,0.4,1.0,1.0,1.0,1.0,0.017941970198012643,0.018368969736399975,0.0,0.0
211,211.0,0.0038992195061565795,0.012496087608760632,0.003866983927459651,0.012825017585371587,0.00290471655319725,0.00574667328351759,0.0030119994866577996,4.687646249309182,4.1024811291368675,0.10861092978157101,0.01179976607450238,0.0024291125221413794,0.01195008296346267,0.00241800517458578,0.01744839567988124,0.017503111447264214,0.0004938133526592901,0.00907125354278828,0.01748478611835342,0.017504851920620783,0.0029162393882870103,0.0004448686260729499,401.0,0.0018287922397738799,0.00298322028631185,0.013529163084851078,0.013239821487515572,0.5,0.4,0.01341400657986736,0.01312030804450158,0.4,0.4,1.0,1.0,1.0,1.0,0.01780708858211854,0.01836649286565313,0.0,0.0
212,212.0,0.004024227403435091,0.012745689358059508,0.0037571575901780506,0.013165713848782271,0.0026795087667717096,0.00590092432966126,0.0030034316943192,6.993942785961553,5.768956157239154,0.17018632141407578,0.011904234454658309,0.0024420817073980195,0.01201517557138711,0.00242029610405945,0.01762898506434772,0.0178260263648533,0.00075251390226181,0.0006895658560096701,0.01770603520368933,0.01783161681806434,0.0006219875300302701,0.0005419014720245699,450.0,0.0016502037717857504,0.00267733966387491,0.013654461986865221,0.013236583118772691,0.4,0.6,0.013408509523780402,0.01297319444454476,0.4,0.6,1.0,1.0,1.0,1.0,0.01839978175755235,0.018845572351336447,0.0,0.0
213,213.0,0.00403847402317894,0.01276241019653635,0.0037175165970207797,0.0131615078567862,0.0026680097673205698,0.005895166259131559,0.0030032668562028,6.854565690178424,6.80619151298888,0.26214725656900556,0.011912645637292631,0.00243798607311971,0.01202038880621715,0.00240012014738149,0.017553563735500377,0.01784147869849804,0.027581129409372768,0.0008394663687794901,0.01764792392549451,0.01782662040486805,0.00065342301968481,0.0005568313179537199,451.0,0.0016599237335295802,0.0026847863668694,0.013713175495063859,0.013240129090170891,0.5,0.6,0.01337352814153905,0.01297820415580718,0.4,0.5,1.0,1.0,1.0,1.0,0.018395977738486058,0.018837760621059033,0.0,0.0
214,214.0,0.0041458196641433595,0.012914657047195752,0.003947738059000549,0.013239420407793351,0.00267140635898222,0.00593071625881177,0.0029956133675065996,7.301070205308497,6.084102864400483,0.27336923957336695,0.01191537840290519,0.0024213209041460807,0.01200003944433932,0.00242336209088856,0.01778178953625012,0.01786542768783128,0.00096959271468217,0.029853515001013842,0.017660967436779196,0.017992401355446448,0.01748769069090481,0.0006034816149621701,500.0,0.0015116000122088803,0.0024354722474298103,0.013784000046509232,0.013263491673236222,0.5,0.6,0.01360210252328633,0.01316420931632408,0.5,0.5,1.0,1.0,1.0,1.0,0.018780791402752257,0.01900529173325612,0.0,0.0
215,215.0,0.0041453734696247,0.01291345706709571,0.003951025630588681,0.01322184927664625,0.00268160741404872,0.005932147666150739,0.0029954652201144003,6.880212928401306,4.742485966649838,0.14255360951647159,0.011916535526516902,0.0024271153908886297,0.01200357656663618,0.00242518544509358,0.017776711371651047,0.01790534502513081,0.0007308141095563299,0.00106211567763234,0.017776116846085138,0.01786123558143407,0.00059333150275046,0.0005830256035551,501.0,0.00152076884271376,0.00244261313563973,0.013751200175319528,0.013302239371736769,0.5,0.5,0.01359814163782167,0.013158838463833158,0.5,0.5,1.0,1.0,1.0,1.0,0.01883833171939798,0.01902815640991462,0.0,0.0
216,216.0,0.003954461991999179,0.012922725431294338,0.00387475870308273,0.01324686631601577,0.0029659737811083904,0.005935399235575621,0.0029885513320212003,3.3748920023441316,4.351610027928837,0.07559986840933558,0.01209645094202629,0.00245711235327768,0.01212494245855479,0.0024688503405484305,0.01799339506263009,0.01800810119759316,0.006617369572631949,0.0014144647167995098,0.017880947936560202,0.01803640735457948,0.00062741092406207,0.00059245347511019,550.0,0.0013990355766621998,0.002238060539979,0.01386585633922122,0.01328688809705117,0.5,0.6,0.01372518982402049,0.013277112972232979,0.4,0.5,1.0,1.0,1.0,1.0,0.019517315191700857,0.018970430114285845,0.0,0.0
217,217.0,0.0039560875515912,0.012908439173320319,0.00387197889623058,0.013250493997374959,0.0030792406163005002,0.00591698911349533,0.0029884168367514995,4.2590812319424005,3.4698310412233697,0.15122220949269832,0.012102973702448911,0.0024610606578046794,0.012132120774559607,0.00247051953717405,0.0179809632324432,0.01802396317284849,0.0008195133414118901,0.00082420115359122,0.01797899179383331,0.0179932801524612,0.00808431841433044,0.00056849222164596,551.0,0.00140742365461801,0.0022449350775071,0.013890528131762152,0.013359458396761208,0.5,0.5,0.013725218462838428,0.013274779576541579,0.4,0.5,1.0,1.0,1.0,1.0,0.01943436210190364,0.018804402460734383,0.0,0.0
218,218.0,0.00407136793527965,0.013165194543381359,0.0038461460319666892,0.01331441444548701,0.00269394385345026,0.00588911681032257,0.0029821134395311,5.214501612144522,6.200962554872968,1.0118878293782472,0.01216967211971701,0.0024662051966524404,0.012150668003587658,0.0024395565531746405,0.017884889594595225,0.018174071083739637,0.11130950092338024,0.01053426431026305,0.01807134022904394,0.018115907347292882,0.07591638164594766,0.0006216266658156701,600.0,0.0013068586387740603,0.0020730557092648897,0.013724352460456713,0.013397347695032109,0.5,0.5,0.013380124412385721,0.01313765373094981,0.5,0.5,1.0,1.0,1.0,1.0,0.01969909562642135,0.01993690460172056,0.0,0.0
219,219.0,0.00406915823043775,0.013155223807196631,0.0038449107681072106,0.013307595573168931,0.00269681634612061,0.00588408941168219,0.0029819903159739,10.785545158665627,5.5554923100629825,0.3118856166489422,0.01216724866706078,0.00246667938801929,0.01215034490425833,0.00244257927056359,0.01787016933689473,0.01816096160168997,0.0007661801297217001,0.0013794277561827999,0.017872227926692668,0.018160525313998747,0.00074861303437495,0.0013266336638479998,601.0,0.00131466738205402,0.0020795353550826603,0.01372501473112896,0.013398201063815979,0.5,0.5,0.013371713170322288,0.013169732787052909,0.5,0.4,1.0,1.0,1.0,1.0,0.01968749888427817,0.019927112525715152,0.0,0.0
220,220.0,0.0041634454762764,0.013329525712125109,0.0038768075682430203,0.01346595819610075,0.00285798309386575,0.00590272901456167,0.0029761993112795994,7.127262595342472,7.4448027176782485,0.15352364399004725,0.012176965371429878,0.0024773133444374296,0.01226379598564354,0.00248946672661149,0.018053560096095732,0.01830385615888749,0.0015835840255021701,0.00121342218481,0.018089670353808828,0.018355280631158027,0.0007806960726156401,0.0006974409334361,650.0,0.0012282573059308299,0.00193294289184195,0.013703174706995539,0.013253339210288812,0.5,0.6,0.01332638129394395,0.012964556348878577,0.5,0.5,1.0,1.0,1.0,1.0,0.02010242421620438,0.020582276267651738,0.0,0.0
221,221.0,0.00418613992203584,0.013320998135311268,0.0038777624636217303,0.01347644000744723,0.00287338381710467,0.0059124460415715405,0.0029760858046763996,7.305015299119987,7.043885493511334,0.22380111664533614,0.01217679913985769,0.0024758479242066598,0.012266215299701871,0.0024859633065055105,0.018018167811423836,0.01830644747749334,0.0008117042249068101,0.00117509833071376,0.01806303949387316,0.0183102526695164,0.00069484196137631,0.0006799779133870801,651.0,0.0012355145711941198,0.0019391081579454097,0.013704771425627229,0.01326099175671672,0.5,0.6,0.013217268123275769,0.01294734909691693,0.5,0.5,1.0,1.0,1.0,1.0,0.02010576142460407,0.02059849318751942,0.0,0.0
222,222.0,0.00428947810461826,0.01344856291397016,0.00416788099836868,0.013504001360893362,0.00289898213719716,0.005837196799242229,0.0029707309196382,6.871555631887167,6.021451336867176,0.22535975673235953,0.01217843611196252,0.0024473112133458702,0.012389419193038428,0.0024702403468253803,0.01788397988871585,0.01798317025917839,0.00099731788504865,0.0012319143163039903,0.018076284727829635,0.01832902851108343,0.0007830740883945902,0.00073201989289368,700.0,0.0011608219442207802,0.00181280901377561,0.013186784253363398,0.012992094901389029,0.5,0.6,0.013218239501997922,0.012779113624340348,0.4,0.5,1.0,1.0,1.0,1.0,0.019752082635888436,0.02023311109528822,0.0,0.0
223,223.0,0.004286097366807731,0.013443910420918961,0.00395365364003916,0.013497466483396722,0.0029124365966877,0.00584317391962022,0.0029706256510774994,5.197679420863278,6.254324930184521,0.22183093726634978,0.01217566944896637,0.00246220342398601,0.01238839154305196,0.00246928459614166,0.01787980413828331,0.01819344632308232,0.00106422486715014,0.00118021920789029,0.017878757172466404,0.017981023050430152,0.00076562501490112,0.00074980193749065,701.0,0.0011676261272347197,0.00181867753020451,0.013327296758163987,0.013199364454839218,0.5,0.5,0.013218624163507758,0.012786600674194501,0.4,0.5,1.0,1.0,1.0,1.0,0.01973168860696453,0.02019210197672113,0.0,0.0
224,224.0,0.00416670534694744,0.013495989042028408,0.00409482350461083,0.01354724226894324,0.00315673596740709,0.005888525115419119,0.0029656464176667998,6.9786139415809885,7.927987073850818,0.07952179948333649,0.012214777744910709,0.00242128421317185,0.01246324503266399,0.00251170067336194,0.01817387564555668,0.017970982229313516,0.030387228401377746,0.0016001465031876597,0.017932770896309742,0.01825092368396224,0.00256930028554046,0.0007789041381328699,750.0,0.00111102105101183,0.0017081981728944901,0.013167109969494679,0.0128837293498238,0.5,0.6,0.01335959305032169,0.012900176794734519,0.5,0.5,1.0,1.0,1.0,1.0,0.02034626819711078,0.020645385301960563,0.0,0.0
225,225.0,0.0041567348892849595,0.013486067365231242,0.004090863720167851,0.01354243697780313,0.0031563822466641003,0.005884865070816479,0.0029655482840538,8.633656232990324,6.68044529655017,0.13873462753836063,0.01221034223869523,0.00242049180581801,0.0124604478431023,0.00251266960245444,0.01816330560518123,0.01796182359323594,0.0010875337058677702,0.00110819891560818,0.018162362149006968,0.017961275475662005,0.0008604792412369901,0.0007801180006935601,751.0,0.00111740913703073,0.00171379182772327,0.013168892637605489,0.012884632073223148,0.5,0.6,0.013362712533524349,0.01290335476806002,0.5,0.5,1.0,1.0,1.0,1.0,0.02033927997930688,0.02064117858599256,0.0,0.0
226,226.0,0.00411558411562194,0.013423942188028698,0.0041532752985807804,0.01350374899212701,0.0031032631151192,0.005805169199438331,0.0029608959595140002,6.43753117818851,5.059792672470212,0.0994933623122051,0.01221084769425022,0.00244111122094352,0.01255611791096283,0.00253649467609538,0.018252920581453922,0.01796207242922289,0.012692783609963908,0.00136936686467374,0.01813693772965335,0.01794598828116176,0.0009206995368003299,0.00079506521578874,800.0,0.0010666866718363598,0.0016164623891709601,0.013307822881914849,0.01297412028724198,0.5,0.6,0.01357577554014403,0.012852855842319752,0.4,0.5,1.0,1.0,1.0,1.0,0.02044813258943294,0.02112373281278854,0.0,0.0
227,227.0,0.00411248349475615,0.013427503273724389,0.00416468351673375,0.01350306854821838,0.0031048647371182897,0.005789798752536291,0.0029608040647160004,6.21922212052159,5.227049579727463,0.1541024199919775,0.012208583120092301,0.00244129814976013,0.01255714166715938,0.0025368086008808895,0.018259597687292788,0.01796206533171884,0.0011489791097118898,0.00133329050149761,0.018258755671003428,0.01796255184801654,0.0024673963896929703,0.0008107042172923299,801.0,0.0010727551952366598,0.0016218173911845997,0.01330924658751623,0.012977203039656118,0.5,0.6,0.01358068232412388,0.012850061076391589,0.4,0.5,1.0,1.0,1.0,1.0,0.020441114407287832,0.02112230136769684,0.0,0.0
228,228.0,0.00428595449292989,0.01352141797919657,0.0042742791280776,0.01347635257785364,0.003151501514086981,0.005746025188881719,0.0029564387877593005,7.347446915716864,4.616140714311041,0.11616656880360095,0.012279896403997539,0.00246398621381636,0.01273109396306693,0.00254572407791591,0.0180527742333488,0.017970759940251952,0.0014211649307980603,0.0012978871585800698,0.01832782045269283,0.01796112849677031,0.00155689616221929,0.0008662064792588001,850.0,0.00102213982161252,0.00153591918170713,0.01321696906021031,0.0129896930923116,0.5,0.7,0.01327243335509222,0.012687808305812698,0.5,0.6,1.0,1.0,1.0,1.0,0.020336722377514167,0.02099538428776337,0.0,0.0
229,229.0,0.00413702986139339,0.01354391719959291,0.004198464105701431,0.013492795594322251,0.003153962608182081,0.00574932800715243,0.0029563523939565997,7.69236220929306,5.252197389164939,0.14007599626202133,0.012282393715372309,0.00246508317647126,0.01274789148245943,0.00254656012765174,0.018069088368834273,0.01801261432328082,0.00109012804459775,0.0017823785776271898,0.01806497329152982,0.017982830771727278,0.029767012107185957,0.00085815214551981,851.0,0.0010278889515463999,0.001541059109064,0.01326660346560846,0.01297668860788081,0.5,0.7,0.01331946343194596,0.01271729282173791,0.5,0.7,1.0,1.0,1.0,1.0,0.02033450739282858,0.02099267708425876,0.0,0.0
230,230.0,0.00383349487417673,0.013546732855726459,0.004376854225339491,0.01348095113613747,0.00306051807978503,0.00586688298677772,0.0029522411533115,7.618780101439915,6.435629180911929,0.3202168997377157,0.01228120321803363,0.00246709579135624,0.01288501755272749,0.0025668335413242898,0.018051895222802657,0.01801962202877725,0.00132043953053648,0.01376369348727163,0.01809382313024542,0.01804390573689216,0.02122610348742451,0.0009882317623122999,900.0,0.00098345673946354,0.00146408396555302,0.013326107519700942,0.012756953408832539,0.5,0.7,0.013317311944672047,0.012593811229744923,0.5,0.7,1.0,1.0,1.0,1.0,0.020405101569447904,0.02099919067633903,0.0,0.0
231,231.0,0.00380951456971666,0.01354219294393651,0.00437740887758125,0.013476301715829581,0.0030340881634345297,0.0058597388880077,0.0029521596458377997,9.356075549311935,6.16223608055152,0.2346518802922219,0.01227959140249249,0.00246646187453072,0.01288726634865212,0.0025699470312769298,0.01806940724778589,0.018016386370274313,0.01968548910226669,0.00131043358705932,0.01804920079901754,0.01801502017358085,0.01037091191392386,0.0009941837284713297,901.0,0.0009889052082265898,0.00146899662899552,0.013330598702713869,0.012758876348450198,0.5,0.7,0.01336762390068455,0.01257877983430413,0.5,0.7,1.0,1.0,1.0,1.0,0.020363873009534492,0.02093273551578311,0.0,0.0
232,232.0,0.0038316026587118203,0.013530278942066102,0.00431433001853443,0.01350156077954992,0.0031246652376119605,0.00581593996067059,0.0029482747978214,6.083984834421426,7.105927948257886,0.07969211412128056,0.01232426957569274,0.00244548656631271,0.013039630555044951,0.0025769431007886803,0.018078002906744432,0.01789125808046346,0.00123192036990071,0.00158436845522369,0.01813326961009237,0.01806630741667508,0.00111223924905057,0.00100553964730347,950.0,0.0009500078467976399,0.0014001393684042102,0.013195670964119739,0.01274086361496341,0.5,0.7,0.01308058689816718,0.01274465579873316,0.6,0.6,1.0,1.0,1.0,1.0,0.020298519707684155,0.020952897150482028,0.0,0.0
233,233.0,0.0038435356171793696,0.01352874713407905,0.00431314937024056,0.013502681202309718,0.0031295813445652203,0.00581418414823262,0.0029481976592421995,5.15005868379958,6.905399544746615,0.0674905660562217,0.01232102984570879,0.00244475883264855,0.01303666273922236,0.00257473147498265,0.018066684759269792,0.01788728395007876,0.0011842660838737398,0.0017001355998217597,0.01807342889644898,0.01788946416092346,0.0011414641048758602,0.00100140688009557,951.0,0.00095520448841316,0.00140485665341936,0.013192132021674472,0.01274409117004611,0.5,0.7,0.01307665699758584,0.012740375433893211,0.6,0.6,1.0,1.0,1.0,1.0,0.020293603600730896,0.02094921007026708,0.0,0.0
234,234.0,0.003659377057827232,0.01357284535298484,0.004285204474526081,0.01356140026249406,0.0030366525122030603,0.005906354737811701,0.0029445158254949,7.467377888574265,8.443456869572401,0.1276059341384098,0.012365227643413069,0.0024454344632383494,0.013151474567479452,0.00259191871238765,0.0182504389099165,0.017877721140073664,0.0013941219542174998,0.00159885119646782,0.018085873213068513,0.017879441186718043,0.0015521762194111402,0.0010712810093536501,1000.0,0.0009204274952536899,0.00134245781184365,0.01313674121747076,0.012789267348616698,0.5,0.7,0.01335864195775827,0.0129907757554308,0.5,0.6,1.0,1.0,1.0,1.0,0.02007763299988622,0.02076784575928372,0.0,0.0
235,235.0,0.003666168675697938,0.013585500838675862,0.00422277713290676,0.013576404287662588,0.00303594106979273,0.00591523907029205,0.0029444426161596995,8.096319989790208,8.549561422108672,0.1575321022653952,0.012367573472126681,0.00244344807145575,0.013156484989786981,0.0025913116955684303,0.018255349523791188,0.017871641595617584,0.00208733147010203,0.00148556686472143,0.01826148523518817,0.017890609379788442,0.0022675323067232397,0.0010662287706508602,1001.0,0.0009254068937645801,0.0013470200839355202,0.013158784977443702,0.01284842506371994,0.6,0.7,0.013351013952434812,0.012984178347834852,0.4,0.6,1.0,1.0,1.0,1.0,0.02008019782461713,0.020769024643757718,0.0,0.0
236,236.0,0.0031131401785963004,0.01343051072709801,0.00409425296487511,0.01353484555135841,0.00309012307318542,0.005850240304008531,0.0029409438503045005,6.518618458649144,7.736954020592384,0.13224988759029654,0.01235470110696901,0.0024648763788543498,0.013340971857828862,0.00262755779919013,0.01876999170605082,0.01806032898449374,0.0019325872184708197,0.00159054922405624,0.018311936141867772,0.01794056069377008,0.0010568138910456999,0.00103784680832173,1050.0,0.0008884725632431001,0.0012900621665232802,0.013244409407750022,0.01288251623398253,0.6,0.7,0.013698163091657861,0.01344358354103337,0.4,0.5,1.0,1.0,1.0,1.0,0.02041467584855158,0.021162341617824175,0.0,0.0
237,237.0,0.003121384177514243,0.01344395583574951,0.00409054849622017,0.01353473430909585,0.00309012307318542,0.00584826434615232,0.0029408741935246997,7.419554199161939,7.9255330785177645,0.1722647218732163,0.012353716068375792,0.00246458315422423,0.013341302413079991,0.0026329196729723498,0.01878980861656,0.018059137029669037,0.024271588283590943,0.00462025578599417,0.018767061050568308,0.018057109393755162,0.00277632912620898,0.00299028481822456,1051.0,0.00089323737664752,0.00129442647544161,0.0132485251448646,0.01288421230081702,0.6,0.7,0.01371696603493846,0.013467198719388018,0.4,0.5,1.0,1.0,1.0,1.0,0.02041467584855158,0.02116234161782418,0.0,0.0
238,238.0,0.00297347757800255,0.013487707666851739,0.00418267207654426,0.01353577153750512,0.0032789490403313305,0.0059075899897451205,0.0029375413417149997,7.591012558131479,8.561461395327933,0.24995345333591104,0.01236677020921149,0.0024882948771828297,0.013434986585067001,0.00265406723331422,0.019028633381977057,0.01813386805202824,0.0014814248774200197,0.0017791606020181902,0.01881542217162095,0.01809837073083584,0.0011158761102705802,0.00109141175635155,1100.0,0.0008640821786015199,0.00124236121943438,0.013328121814252261,0.01300451457629615,0.6,0.7,0.01376169921783546,0.01358082554262923,0.6,0.5,1.0,1.0,1.0,1.0,0.020118562766883917,0.02091657916184182,0.0,0.0
239,239.0,0.00297502015190373,0.01348164534539863,0.0041811830649647105,0.013534096358086539,0.0032789490403313305,0.00590643109207939,0.0029374749123090996,8.18302967583295,8.06175331408158,0.12876447606831787,0.01236581788983865,0.0024895967194672,0.01343535322751858,0.0026561712846135304,0.01902700061101788,0.018133362140500677,0.0013604959240182599,0.0011114499531685801,0.01902727657920131,0.018130782753362988,0.0016821791650726797,0.00112433591857547,1101.0,0.00086862308839631,0.00124655869736983,0.013329918883271882,0.013001961828826588,0.6,0.7,0.013758445122955409,0.01357659163313452,0.6,0.5,1.0,1.0,1.0,1.0,0.020118562766883917,0.02091657916184182,0.0,0.0
240,240.0,0.0026106209915950796,0.01347091931585521,0.00429111116628985,0.013481336893585471,0.00331184876135194,0.00593886562337254,0.0029342931159614003,9.993918948667124,9.739918619906529,0.11674085485283284,0.01245642694805847,0.0024988545937369494,0.01371208382908142,0.00267310317547174,0.019151921416998827,0.018084017346855216,0.0014827729668467798,0.009584904205985331,0.019004851249356212,0.0181284156132624,0.016081401961855556,0.0011415962129830899,1150.0,0.0008521368508090999,0.0012001230155327398,0.013093958016652441,0.01294627990070484,0.6,0.7,0.014074804640391741,0.0139253538868361,0.5,0.5,1.0,1.0,1.0,1.0,0.01966848123256585,0.020291754060728962,0.0,0.0
241,241.0,0.0026101372671174477,0.013471972049648248,0.00427918958235062,0.01347821214420648,0.0033153147237149397,0.00593772305705669,0.002934229631289,12.163904040539638,7.584668111777864,0.15483708975370972,0.0124572936123426,0.0024988260122968996,0.013711643888309671,0.0026726254987013,0.01914668178059736,0.01808158759942511,0.00143837085925038,0.00114951028954233,0.019149051574150498,0.018081322597683098,0.0015592421405016702,0.0011207130039110299,1151.0,0.0008564891135443099,0.0012041727212933398,0.013094717185632942,0.012945956686104801,0.6,0.7,0.01407572135984785,0.013929626852922861,0.5,0.5,1.0,1.0,1.0,1.0,0.01965567828892808,0.020280992162272284,0.0,0.0
242,242.0,0.0015277456166346093,0.013250839353030768,0.004170236504128151,0.013468709261924158,0.0032862887919057103,0.0059089117725415795,0.0029311859356952004,7.832744618481956,8.342445439868607,0.04767452816013242,0.012474233472648482,0.0024867156229474,0.013840492955762913,0.00270438039021124,0.01987909165781187,0.018074752105499574,0.00143330281134689,0.0012062010355293302,0.01914959167115604,0.01805279708788759,0.00120851311367,0.00121546641457821,1200.0,0.0008367168948275001,0.00115996659355692,0.01315269603675274,0.012880203262960072,0.6,0.8,0.014784891917664,0.01471331443727308,0.4,0.4,1.0,1.0,1.0,1.0,0.02006075666478594,0.02079839917879531,0.0,0.0
243,243.0,0.001632966818701331,0.013261022938949832,0.00414764449574276,0.01347684823791292,0.0032893507822418294,0.00591168127758483,0.0029311251485589006,10.338831029995344,7.298679337766953,0.09354516481980676,0.01247505221429323,0.00248762327148525,0.013842016698380848,0.002703604591756,0.01985824504605064,0.01808874787318767,0.0015698580769821398,0.005635300162248271,0.019892111468656954,0.01808259706091122,0.00123195040505374,0.00119912801310414,1201.0,0.00084089189456609,0.0011638717481864199,0.013157016373704108,0.01287931775547751,0.6,0.8,0.014729565787514259,0.014643286488974871,0.4,0.4,1.0,1.0,1.0,1.0,0.02006807433168764,0.020810014248139257,0.0,0.0
244,244.0,0.0012396911910007777,0.01327819377830288,0.00423637841890876,0.01341557646164956,0.0033212606468455198,0.00602328006066146,0.0029282665461165995,12.50927990109194,10.046097083529457,0.2409746215445921,0.01249102885918961,0.0024921224861313104,0.013911095359381028,0.00270618965534387,0.020070868993013698,0.01804621881467874,0.004006630182266171,0.0031952041434123698,0.019879086367451632,0.018095659217004942,0.00125563240144399,0.0012271132552995599,1249.0,0.00082390944135842,0.00112422582545926,0.013047386322632313,0.0126793302430751,0.4,0.8,0.014940754814250501,0.01499176549387434,0.3,0.6,1.0,1.0,1.0,1.0,0.01987636696901482,0.02047521028394875,0.0,0.0
245,245.0,0.0012325892148596482,0.01327916089333335,0.00423705277508773,0.013415642953677597,0.0033212606468455198,0.00602502198322683,0.0029282081914429004,7.9737882918445395,7.023087223758921,0.18581280261278152,0.012492124146284148,0.0024916145828243396,0.01391140158073828,0.00270343919721232,0.020057250540471618,0.01804009451958473,0.0015169712714850397,0.0012370362645014702,0.020066972555027478,0.01804291698418787,0.0012562414398416201,0.0012375902617349798,1250.0,0.00082795275828395,0.0011280184530180499,0.013046982054188772,0.01267698830895675,0.4,0.8,0.01500728867863163,0.01495838577704652,0.3,0.6,1.0,1.0,1.0,1.0,0.019876366969014812,0.02047521028394875,0.0,0.0
246,246.0,0.0012361603799577328,0.01327755611377603,0.0042227703461296,0.013413974849486069,0.0033306134928840795,0.00601627135866475,0.0029281498844100006,9.59248179581482,8.034120841184631,0.13086928362026806,0.01249612550354769,0.00248051551026618,0.01391191717515781,0.0027042268373224905,0.02004748088507901,0.018022372564149663,0.0014713899930938602,0.00126923837233329,0.020052563049503012,0.018037525422315757,0.0012601013062521302,0.0012354834470897401,1251.0,0.0008319897056803,0.0011318207665495298,0.013068013757243414,0.01266939316603698,0.4,0.8,0.015002672450702349,0.014953351321123663,0.3,0.6,1.0,1.0,1.0,1.0,0.019927029258924978,0.020554925702823072,0.0,0.0
247,247.0,0.0009554220976454173,0.01306852781442754,0.00415260354634658,0.01339674452000319,0.0032981446757657804,0.00602521080281477,0.0029253496456125997,9.443691370915621,7.751790282339789,0.1093319919891655,0.01252443702788981,0.00247932929820903,0.01407296224047378,0.00274907762348964,0.020440573504687358,0.017992293506789832,0.0017421577824279096,0.00135420749429608,0.02001019560551668,0.017991573184595742,0.00139781855978067,0.0013549247290938699,1300.0,0.0008215998332800299,0.00109381981585325,0.01299519604501575,0.012679579869930138,0.7,0.8,0.015219275087749387,0.01524121534709097,0.3,0.3,1.0,1.0,1.0,1.0,0.01969675366106849,0.020339934878789222,0.0,0.0
248,248.0,0.0009716641529506373,0.01307516204280636,0.00419044085900164,0.01339511319955527,0.0032841866214647296,0.00601918196708587,0.0029252936264288,6.982980496366508,7.516537247318775,0.07472061496227975,0.012524196429626499,0.0024871118839178597,0.01407289701418847,0.00275052569271133,0.02042733689908759,0.01800961229117062,0.00276652113534506,0.00138870279770339,0.020439318742683402,0.01799019847540932,0.0013913118280469898,0.0013392257271333998,1301.0,0.0008254658321373102,0.0010974825530387197,0.0130383283982096,0.0126266179087512,0.7,0.8,0.01521105050986891,0.015230655078191538,0.3,0.3,1.0,1.0,1.0,1.0,0.01969064890492308,0.020308890748058733,0.0,0.0
249,249.0,0.0004293896404780269,0.01294558432547192,0.004026664444288119,0.01343191042120393,0.0031807899692177302,0.00612585701893624,0.0029226012248739002,8.676877740281634,6.916432337765582,0.12018267051316796,0.0125185187554084,0.0024779736970200698,0.014159478998843853,0.0027626622408397803,0.02081114039774394,0.01803301064021885,0.00346923279575998,0.01131726831663395,0.02040881939690131,0.018022006294040223,0.005452317208982961,0.036418968834914224,1350.0,0.00080524763532711,0.00106207887963532,0.013087241959986808,0.012718371389917707,0.5,0.7,0.015633985938121216,0.015952067581293812,0.2,0.3,1.0,1.0,1.0,1.0,0.019166831146670758,0.019707512111038442,0.0,0.0
250,250.0,0.0004010776396785014,0.01293738712979709,0.00402379587217844,0.013428282324857621,0.0031778120232452897,0.00612257756173991,0.0029225473227268996,7.492668027547188,7.304526716331021,0.07923735792282963,0.012515265455080329,0.00247779730841842,0.014155822376130792,0.0027627317091561496,0.020831546549884068,0.01802913413255617,0.0017798706889151903,0.00139215490780767,0.020804071319535218,0.018027505499259928,0.00142418092582369,0.0013813547324388797,1351.0,0.0008089690546046099,0.00106560995482923,0.013088136448720372,0.012719548233792543,0.5,0.7,0.01565978141445916,0.015981029917998348,0.2,0.3,1.0,1.0,1.0,1.0,0.0191692278499871,0.019709970053304,0.0,0.0
251,251.0,-2.7001766604440004e-05,0.01272291619070473,0.00430944211666256,0.01338011358720027,0.0033026307161125,0.0061022335938266895,0.0029199548503483002,7.705076819681563,7.325329935061745,0.08215515767224127,0.01249576723172033,0.0024877562735935,0.01422744164496637,0.0027802291091447795,0.02125433235913137,0.017959721706306858,0.0017714706715195902,0.003432050463743451,0.020853612467987094,0.01805991192194005,0.00185924503020937,0.00144109267275776,1400.0,0.0007907857283104799,0.00103403694108272,0.01286631633444695,0.012796232885431668,0.6,0.7,0.0162592234553572,0.01643060492017694,0.2,0.1,1.0,1.0,1.0,1.0,0.01876904612056829,0.019196564880630623,0.0,0.0
252,252.0,0.00010838768247183513,0.012733250856826,0.004327110166174059,0.0133873809040596,0.0033060222946867,0.006116259448967639,0.0029199029127993,9.024789914768188,6.821722041931935,0.10419436248484995,0.01249720078679211,0.0024894353231396803,0.014229088907957418,0.00277488728367801,0.02109208257605514,0.01796874977900296,0.00405284534208471,0.00169856341090046,0.021262310099943622,0.0179648326634424,0.0014889588579535,0.00144134107977145,1401.0,0.0007946508769572801,0.00103747847855112,0.012849321089725979,0.012805955415536757,0.6,0.7,0.016041490485088638,0.01627155686069118,0.2,0.2,1.0,1.0,1.0,1.0,0.019132810105935993,0.019744612281671257,0.0,0.0
253,253.0,-2.079106904560017e-06,0.012654425186385099,0.00444549381577705,0.01344883002385005,0.0035680014864617796,0.006206922782722319,0.0029174032976419,7.7151450192322955,6.7000385101884605,0.14347823720891026,0.012484250425169268,0.0024712913449053096,0.014251739137332372,0.0027908423575074602,0.02129555260475941,0.01790925115288867,0.01098954470362511,0.0014921499183400998,0.02111027240661963,0.017981249583983557,0.0015636013820767,0.00148434811271721,1450.0,0.0007818619240005399,0.0010066320956829502,0.012769681070093361,0.012716044722084619,0.8,0.7,0.016125932756205396,0.01643002688323337,0.2,0.1,1.0,1.0,1.0,1.0,0.01908452050677626,0.019972005510587938,0.0,0.0
254,254.0,0.00012919638864451993,0.01266241055838688,0.00446774392027461,0.013450258845214131,0.003375583326023641,0.00620729029043736,0.0029173531880858005,7.532891048444435,8.445667965942993,0.07959331430029118,0.01248484261325086,0.00246840938573939,0.01425172491414741,0.0027933682658114697,0.02117085834873818,0.01793115888933077,0.0018651840044184998,0.0015070309862493798,0.02129730830682646,0.0179141729907226,0.00153715000487858,0.0014749150024726502,1451.0,0.0007853466899757199,0.00100996009100335,0.012796555213854652,0.012746582774387552,0.7,0.7,0.0159996186465342,0.0162696651476521,0.2,0.2,1.0,1.0,1.0,1.0,0.019351031876285653,0.01993801380284007,0.0,0.0
255,255.0,-0.00023172928274938992,0.012547568020553729,0.00449326145891062,0.01348528022691016,0.0035016448051531602,0.0062181797406668906,0.0029149885180713006,9.872745341528207,10.629581014555878,0.06387352878227825,0.01248700956876166,0.00246091058159222,0.014346292217157868,0.0028085635514997404,0.02168032923885737,0.01794542846214521,0.004226068314164831,0.0028583926847204197,0.02118752384900184,0.017976413199003227,0.00163292442448432,0.00155509230680759,1499.0,0.00076501074615178,0.0009819355644472,0.012794461554961228,0.012658327960242641,0.6,0.7,0.01675147415814175,0.01679978415956836,0.3,0.0,1.0,1.0,1.0,1.0,0.01902019707104789,0.0199104087806052,0.0,0.0
256,256.0,-0.00020699509964507997,0.0125420783362903,0.004486662307921931,0.013482271122394368,0.00350056689123283,0.00621879798624331,0.0029149400806434,10.493420442822389,9.376618670392782,0.10014468790031963,0.01248599884142775,0.00246119492618663,0.01434477569163245,0.0028130774393246897,0.021703836240822304,0.017952462161338282,0.00346569528337564,0.00156284815166139,0.0216881558343277,0.01795066783976536,0.00220454998780035,0.0022066950565203603,1500.0,0.0007683829394885501,0.00098516307282124,0.0127970363592843,0.01265861713419535,0.6,0.7,0.01668920406087491,0.0167789223535758,0.3,0.0,1.0,1.0,1.0,1.0,0.019034543676171932,0.01993530380426303,0.0,0.0
257,257.0,-0.00020941628938270844,0.012539337755804,0.004478858574054501,0.013479238116759978,0.00347516335935298,0.00621343716066752,0.0029148916761932995,9.231173361907713,9.262347492855042,0.09539814917370672,0.012484305661114681,0.00246058719728817,0.01434328512790716,0.0028127591160109796,0.0217009114527288,0.017948984830075454,0.0025274807354434903,0.00162877547554666,0.02169672602547304,0.0179482336428954,0.0015901820501312198,0.00154281009454275,1501.0,0.00077175111816737,0.0009883845777250697,0.01279791856878224,0.012659647205633109,0.6,0.7,0.01669299448268388,0.01678034310360315,0.3,0.0,1.0,1.0,1.0,1.0,0.019101501018061202,0.01991695231434036,0.0,0.0
258,258.0,-0.00032991765601285997,0.01253494632045608,0.00453916569974662,0.01348925341491308,0.00359822445906869,0.00621253291428589,0.0029125593544079005,10.748423465993255,8.501005136827008,0.0726201002253219,0.01246928060533233,0.0024667519340520793,0.014351185592936572,0.0027988540871075,0.021745353202278227,0.01791241510987402,0.00312026729807253,0.0016015120781957902,0.021681375878481852,0.01794355645289581,0.00204018838703627,0.00153666511178011,1550.0,0.000756977699182,0.0009610671446793999,0.012857426891892829,0.01253121535234045,0.6,0.7,0.01681756194697446,0.016798288998184828,0.2,0.0,1.0,1.0,1.0,1.0,0.019143177727856918,0.020062488842873472,0.0,0.0
259,259.0,-0.00033095488778033,0.012528242596701027,0.0045386390694536795,0.013486863974365909,0.00359822445906869,0.006210852767463789,0.0029125125441210003,10.162934251665138,8.44059904529713,0.08716012709774071,0.012468568283447602,0.00246653026803857,0.01434939911146258,0.0027991135075316705,0.02174070766936539,0.017908244961276656,0.00197630233597005,0.0036679502809419708,0.021739140666190378,0.01790823288887565,0.0015788954216986398,0.0015140590025111502,1551.0,0.00076023870155617,0.00096419580234477,0.01285775325076309,0.01253144964281018,0.6,0.7,0.01681323912051954,0.016798016366934405,0.2,0.0,1.0,1.0,1.0,1.0,0.019143177727856918,0.020062488842873472,0.0,0.0
260,260.0,-0.00046152031824914783,0.01243514245036323,0.0045468982460038,0.01346513646257028,0.003527227332438979,0.00617987908632941,0.0029102558334857006,9.89727903928142,10.732365225371904,0.05238180218730117,0.012460934155890741,0.0024787729568163295,0.01436397601143175,0.0028081468244494498,0.02190801538644341,0.01794077859375403,0.00200888137333089,0.00164341444615269,0.02171352749563702,0.017886053052959934,0.00162218220066275,0.00153793299105012,1600.0,0.00075039693026003,0.00093831057409872,0.01289606522414476,0.012584849755637109,0.6,0.7,0.017126774189982548,0.01696117386363747,0.1,0.0,1.0,1.0,1.0,1.0,0.01919008449689024,0.02013334292936824,0.0,0.0
261,261.0,-0.00045902654013150123,0.01242473219935591,0.0045444765275880995,0.01346510241787518,0.003527227332438959,0.006184460051047851,0.0029102105168666995,11.22617932795547,9.5631311400095,0.11899496403057123,0.01246199461361002,0.0024786081202882006,0.014364065007602043,0.00280602269382757,0.02189561452942293,0.017938675472195482,0.002790664602071,0.0016585915349423299,0.021898943836704602,0.01793568897321641,0.0044636584585531994,0.0022606638260185196,1601.0,0.00075356330525241,0.0009413598653467,0.012899969747659109,0.01258893679293932,0.6,0.7,0.01712495381029593,0.01695552023575261,0.1,0.0,1.0,1.0,1.0,1.0,0.01919008449689026,0.020133342929368258,0.0,0.0
262,262.0,-0.00066082884115909,0.012291544112778451,0.004397269759638111,0.013459633769974591,0.0035291731521470498,0.006144038162496901,0.0029080247228416003,8.021504712942988,7.936356937629171,0.090535596339032,0.01246181287419679,0.00247681440653823,0.0144423602533752,0.00282454744472491,0.022065954754383367,0.017947750830389818,0.00231463713571424,0.00444024361204352,0.021841761211078593,0.017893795709398242,0.0018154599005356,0.00318138122092928,1650.0,0.00074425155999814,0.0009170057785241701,0.013179858324712218,0.012411360943101461,0.4,0.7,0.017127801344547642,0.017321818076732467,0.1,0.0,1.0,1.0,1.0,1.0,0.01899283864995325,0.019983879624662828,0.0,0.0
263,263.0,-0.00065702839626868,0.012284095666169462,0.004392708480870979,0.013459163835707449,0.00350973715058145,0.0061417592370109604,0.0029079808085731994,8.354501894349232,8.750803415058181,0.09338064712937917,0.012463438987667599,0.0024775748980023103,0.014447710178685128,0.0028238140152318904,0.022060219124802282,0.017951700999099648,0.00208276847843075,0.0019532164558767897,0.02206552755926497,0.017946288738218488,0.0017690526088699199,0.0016230883076786599,1651.0,0.0007473298414592599,0.0009199774308012101,0.013182590321641097,0.01241108058417097,0.4,0.7,0.0171265620131619,0.017317324373783402,0.1,0.0,1.0,1.0,1.0,1.0,0.01906943067075676,0.02013155772263562,0.0,0.0
264,264.0,-0.0005076538214665601,0.01218271946387305,0.00448800378991837,0.013498551427339009,0.00354723731681798,0.0061427420788484795,0.0029058616591071005,10.556164224236273,13.547382375481538,0.16796783660538495,0.012475416181802538,0.00247391624149156,0.01451780342419468,0.00283613658249935,0.02197527740810437,0.01792337510847638,0.003562354180030469,0.0019133630674331898,0.022173793043673694,0.018002594474520572,0.00179577684029932,0.00170631459914143,1700.0,0.0007296247677913499,0.0008969945991732899,0.01305479753236509,0.01228195399847955,0.6,0.7,0.016853346817915883,0.0169865868273898,0.1,0.0,1.0,1.0,1.0,1.0,0.01916799032668771,0.02017459263641299,0.0,0.0
265,265.0,-0.00050809310324665,0.01218411351234166,0.0044832678007195505,0.01349537237439824,0.00353004228941972,0.00613565775139006,0.0029058190639672,10.70459997949656,11.27946323384531,0.06088539359625424,0.01247367305600049,0.00247345043796158,0.014516140091371532,0.00283597524317973,0.02197343658496475,0.01792026566463765,0.0032052034279331,0.00255420377943659,0.02197233321027315,0.017919656284542167,0.00182019378989929,0.0016572064487263203,1701.0,0.0007326044005745299,0.00089987528634204,0.01305328707513533,0.012280003481471591,0.6,0.7,0.01685455006823518,0.01698673439763156,0.1,0.0,1.0,1.0,1.0,1.0,0.0191662923657845,0.02016940352537754,0.0,0.0
266,266.0,-0.0004498573493574,0.012243880087154161,0.00440253813612162,0.01351073233582425,0.00360371352236897,0.006134865008869389,0.0029038040365884994,11.93033020333387,9.81451341426,0.08178071579895908,0.012473872904397599,0.00246632909154534,0.014521004099700441,0.0028236436869119703,0.021842150841092877,0.017902462517211278,0.00208754648920143,0.0019046082394197001,0.02197894399385182,0.01793689958922346,0.0017815238796174099,0.0017092958092689002,1749.0,0.00071595652878678,0.0008785355376608501,0.01296869996902889,0.012295043559428492,0.6,0.7,0.0166805174746606,0.01686770373577284,0.1,0.0,1.0,1.0,1.0,1.0,0.01901494941055161,0.01997592744314488,0.0,0.0
267,267.0,-0.00045561245851743007,0.012252046195878049,0.00440057833770032,0.013515324931795258,0.0036059771388161493,0.006135765082587719,0.0029037626603641994,11.833948214817791,8.665437525953166,0.10672799914609639,0.01247531364777444,0.00246666535750124,0.014522425735921548,0.00283037276489266,0.021867770624627032,0.017904750750005916,0.00230084096547212,0.00807504523545499,0.02184674523824355,0.017903401918290898,0.0018169019836931997,0.0017057218123226804,1750.0,0.0007188647573920001,0.0008813488138663299,0.01296970686996728,0.01229993956032224,0.6,0.7,0.016775039557457128,0.01686477902880003,0.1,0.0,1.0,1.0,1.0,1.0,0.019011334615758477,0.01997151202101502,0.0,0.0
268,268.0,-0.00045065473696683,0.01225578197145208,0.00439349266824726,0.01351926614866715,0.0035994871244845795,0.006139348060056579,0.0029037213082983003,10.588681203057059,9.245730512589216,0.06278704036958513,0.012474764968662708,0.0024671138454596905,0.01452171617932084,0.00282539820717878,0.021854449518553375,0.01791019919425423,0.0021271517965942197,0.0019879674771800097,0.02187441868661682,0.017909545705792233,0.0018362640170379904,0.00170508068986233,1751.0,0.0007217670614180799,0.0008841558295309401,0.012972355412353639,0.01229726695468104,0.6,0.7,0.01668131045226624,0.01687249668868529,0.1,0.0,1.0,1.0,1.0,1.0,0.01901786584401674,0.019978603224366513,0.0,0.0
269,269.0,-0.00023178179025109,0.01190937530495358,0.00436859317867305,0.013494246108723731,0.0035530943140760197,0.00617414471499772,0.0029017240830183006,12.793917888239957,7.098216691263952,0.05132891591638321,0.012473288411489699,0.0024685380933183697,0.014596203613767362,0.00281913529489228,0.02151066159346104,0.01792813088506181,0.00224793602246787,0.00199303524568671,0.02185793006168185,0.01790823950719068,0.00200772637035692,0.00187826985493297,1800.0,0.0007157217027544399,0.0008635560285354,0.01299366357520928,0.012262786087356972,0.6,0.7,0.01640821172701489,0.01652072741815451,0.1,0.0,1.0,1.0,1.0,1.0,0.01899155941753999,0.01998825865209648,0.0,0.0
270,270.0,-0.00021624136548481997,0.011899155134398199,0.004373505725007051,0.013496473487279382,0.0035583254625027906,0.006177043608461819,0.0029016839043411002,11.39103458528407,9.09199959607795,0.10889141226653005,0.012472388593708101,0.00246910939206135,0.014597658217786299,0.00284706641984691,0.021590282640640474,0.01793259418818312,0.00244580148719247,0.00208441747818138,0.02151622682069548,0.01793303978087141,0.04549730084836477,0.00187225213740014,1801.0,0.00071854379467966,0.00086629633977646,0.012993876635175853,0.012268319394352642,0.6,0.7,0.01652260223498532,0.01663497085109636,0.1,0.0,1.0,1.0,1.0,1.0,0.01896532979512055,0.019958038364802,0.0,0.0
271,271.0,-0.0004430702433313,0.011832317295790628,0.004322739858824089,0.01353819799708019,0.00350968030241338,0.00614399967602326,0.0028997425845932,12.825545910489746,8.827031013299711,0.039261678466573316,0.012488783289167842,0.0024612160902621498,0.014694356729700117,0.00286006688335344,0.021844077848098664,0.01792815109618451,0.0065812585642561,0.02027869268786156,0.021598695807157873,0.017935443297736664,0.00207344260998065,0.0026162482099607197,1850.0,0.0007173908413000901,0.0008465228442939701,0.013139778994301549,0.01229287971638084,0.6,0.7,0.01692532509862759,0.016856676982536203,0.1,0.0,1.0,1.0,1.0,1.0,0.019515838540946948,0.020512403673565202,0.0,0.0
272,272.0,-0.00045036233394160006,0.01183190515850384,0.004313132594101101,0.013534847274983811,0.00350968030241338,0.0061392340830714,0.0028997035152976,13.852588875731453,9.397988058626652,0.11308177690953011,0.012487787547672298,0.00246531801267977,0.01469262392833685,0.00285902505427524,0.021847649615949337,0.017938751815054953,0.0023647743742912604,0.0020232812967150805,0.02184057095471372,0.01792588410765212,0.0020522974897175497,0.0021204546792432197,1851.0,0.0007201302945622099,0.0008491928803074399,0.013221177395542277,0.012248817749529082,0.6,0.7,0.01682990304335813,0.01687578336228928,0.1,0.0,1.0,1.0,1.0,1.0,0.019515838540947027,0.020512403673565303,0.0,0.0
273,273.0,-0.00048297702463699,0.01181634770568441,0.0042894180280385,0.01353532681842767,0.003433370325851641,0.00612334629771699,0.0028978150914973004,15.293685928825289,6.179003855679184,0.08568713907152412,0.012498728313132219,0.0024612201945840703,0.01473668306694419,0.00285322285426269,0.02187576188521638,0.017910205645581052,0.00980201687198127,0.008809394272975588,0.02185097237608117,0.017954156837672118,0.0021067945053800602,0.0019769051810725803,1900.0,0.0007047149081501,0.00083036577302182,0.01309211503035684,0.012248850408214168,0.6,0.7,0.017004028064509076,0.01686860239993191,0.1,0.0,1.0,1.0,1.0,1.0,0.019613360730530396,0.02069253802249963,0.0,0.0
274,274.0,-0.00048308532841679,0.01181154373382939,0.00429506407474542,0.013535307597445251,0.00344579026621282,0.00612765035038213,0.0028977770726551005,16.376032566954382,6.838029417861253,0.09523812413681296,0.01249839159827413,0.0024604208996186804,0.014737270894788351,0.00285315264862164,0.02187426428634277,0.017905882082846374,0.00306411110796028,0.0020546466112136403,0.02187391846352853,0.017907675882769813,0.0021348488982766397,0.0019848952302708796,1901.0,0.00070739006006277,0.0008329745238834301,0.01309046479069036,0.012247507975279891,0.6,0.7,0.017004706987650282,0.016867695979874846,0.1,0.0,1.0,1.0,1.0,1.0,0.01959543039943719,0.02066413884906979,0.0,0.0
275,275.0,-0.00040625032830840003,0.01167179031754861,0.0043501641780335195,0.013517219364268659,0.00347469704813791,0.00612465277047706,0.0028959387709866996,9.795126996235922,10.796935431146995,0.06188793275505301,0.012545667774892588,0.0024656829561890297,0.014823224334390369,0.00289058264438168,0.02184634903842145,0.01785395335229711,0.0032283177599310604,0.0035448663402348098,0.02184359929456236,0.01788402821168209,0.0022032310022040602,0.00202304341364648,1950.0,0.00070793703803984,0.0008150831341099399,0.013038976885810039,0.012215540114389618,0.6,0.7,0.017094209520700582,0.017024807868422722,0.1,0.0,1.0,1.0,1.0,1.0,0.019240967669300786,0.02038534827717533,0.0,0.0
276,276.0,-0.0003957192221177199,0.011649596258037931,0.00435220338300187,0.013516971848434608,0.0034779178030503997,0.00612720517867438,0.0028959017482261995,10.335257022851147,7.526382583007217,0.04965582615695889,0.012545064734777298,0.0024648842761176805,0.014823287891550718,0.00289209849068995,0.021836877516727513,0.017853059173724657,0.00229235715232786,0.00214829675387586,0.02184606865035802,0.017853291457260816,0.00216071272734548,0.00203547938726839,1951.0,0.00071053768964536,0.0008176299479184599,0.01303898480699384,0.01221526325692448,0.6,0.7,0.0170848631347288,0.01701042126000742,0.1,0.0,1.0,1.0,1.0,1.0,0.0192404140310153,0.020383422584000048,0.0,0.0
277,277.0,-0.0007272876193792299,0.01151439285764054,0.004368737055349471,0.013562739957757548,0.0035811714263151093,0.006222582619328418,0.0028941471020858004,12.693479503388517,9.704554669721983,0.04812921797856683,0.012556930425623261,0.00246010504134905,0.014896768720756088,0.0028730704652176206,0.022088185564727976,0.01786998148718852,0.00262680826708669,0.00501480414532119,0.02189684062642518,0.017899248436605463,0.0022293909685685703,0.0020750295137986104,1999.0,0.0007008671704299101,0.00080093739382711,0.013024574300284439,0.01226579369311152,0.7,0.7,0.01717197898146199,0.01718794716725389,0.0,0.0,1.0,1.0,1.0,1.0,0.019449258649485986,0.020500628945720387,0.0,0.0
278,278.0,-0.0007266418515317899,0.0115119394398597,0.00436759851113638,0.01356434166319213,0.003571437738554609,0.0062205587780739795,0.0028941110066865,10.262983231456019,8.825942537747324,0.06006889073178169,0.012556280558517503,0.002464154214851,0.014896418677710226,0.00287353886643538,0.02208763687583832,0.01788667454886283,0.00248194285668427,0.004026205535046711,0.022090674555065578,0.01787170438894755,0.00285221026279027,0.0023362632840871296,2000.0,0.00070340727098958,0.0008034275150093299,0.01305853343748467,0.012245012630485492,0.6,0.7,0.0171700127120938,0.01718453071282897,0.0,0.0,1.0,1.0,1.0,1.0,0.01945920893306643,0.0205080503586961,0.0,0.0
279,279.0,-0.0071559898820587305,-0.0011810896026432502,-0.00715598988247858,-0.0011810895992183101,-0.008333459886777661,-0.00833345988677764,0.0028816883091886997,0.43248877248261125,0.2484931463841349,0.10797161138616498,4.791781217025919e-35,1.3419764263144742e-19,4.791781217025919e-35,1.3419764054781758e-19,-0.00118106935209939,-0.00118106934448776,0.00012045514304188012,7.295524701476098e-05,0.0,0.0,7.66603043302863e-05,7.118117064237594e-05,0.0,0.051258724952891924,0.0115267544595227,0.042329614163281175,0.04250058196267667,0.0,0.0,0.04232961411695964,0.04250058192602488,0.0,0.0,0.0,0.0,0.0,0.0,0.05126863111629858,0.05086836618453862,0.0,0.0
280,280.0,-0.00485185023074018,0.0011120631139329101,-0.00485185024396853,0.0011120631128273702,-0.00562023305344851,-0.005620233053448471,0.0028685833508644005,1.1309048333670944,0.7230000741546974,0.1655007432680577,3.597383188430519e-35,8.308481951410694e-20,3.993151014188267e-35,1.2676869967821432e-19,0.00111207535308967,0.0011120753524159598,9.179098997264149e-05,7.416196167469025e-05,0.00531698585166402,0.005316985860025861,6.875423714518547e-05,7.074330933392048e-05,1.0,0.06800593770972113,0.04846802838807601,0.03604583694531486,0.03566112593148781,0.0,0.0,0.03604583691057042,0.03566112589871495,0.0,0.0,0.0,0.0,0.0,0.0,0.04264220057999461,0.042353752299534926,0.0,0.0
281,281.0,-0.0012531090416764603,0.0049684007530820685,-0.0012531089626501598,0.004968400776273586,-0.00254362872756827,-0.00162241981884836,0.0028396524679204006,1.5116686358582228,1.6504697265103458,0.30341186043806373,3.3867783007477855e-35,8.705622430701986e-20,2.662100676125511e-35,9.329698798779253e-20,0.004968404322716119,0.004968404352137594,9.25983069464461e-05,7.428508251905441e-05,0.013939951769206978,0.01393995178704703,7.116105407476426e-05,6.665296386927366e-05,4.0,0.058324229164415244,0.05192214265887107,0.028149514186104757,0.026832366508417922,0.0,0.0,0.028149514301389556,0.02683236663195998,0.0,0.0,0.0,0.0,0.0,0.0,0.034019334256531024,0.032881272592771425,0.0,0.0
282,282.0,0.0001444193458564799,0.006055874904039001,0.00014440165727425992,0.00605587535450087,-0.0011127231122227497,-0.0004227060947596402,0.0028321826288577002,4.3873228599317375,2.9850621863268314,0.2840743814827874,3.641425112975625e-35,9.463765827442397e-20,2.3958906085129596e-35,8.227469557938393e-20,0.00605585337876247,0.00605585344833006,0.00010430745314804223,8.171219378709589e-05,0.00907187805056295,0.00907187804931804,0.0024451320292428113,7.957941852509273e-05,5.0,0.05584421491932984,0.05084488821590751,0.026353274739196325,0.02440828155580507,0.0,0.0,0.02635330776910235,0.02440831218398949,0.0,0.0,0.0,0.0,0.0,0.0,0.03136984172444725,0.02881871341023401,0.0,0.0
283,283.0,0.00103042999868465,0.007751655810391634,0.0010304608777653799,0.007751656211465639,0.00033835668440374017,0.0017060748673843,0.0028084587783678,4.576826005894691,4.089585803286172,0.9653671165229752,3.0999064729004436e-35,7.138982871547835e-20,1.7113504346521136e-35,4.621898872918063e-20,0.007751625371225583,0.007751625617577948,0.00010922739747908482,8.194707334040476e-05,0.012263416401727872,0.012263448574083919,8.006910793482394e-05,7.533004973083288e-05,9.0,0.045653677872986166,0.04352044999843726,0.020341499007648582,0.021108467432566086,0.0,0.0,0.02034142101315133,0.0211084160434469,0.0,0.0,0.0,0.0,0.0,0.0,0.023379279105629844,0.022891530248687588,0.0,0.0
284,284.0,0.00089468223978199,0.007661352101233173,0.0008946989363602502,0.007661366372908041,0.00011196350370228005,0.0016440997367572403,0.0028036188626744995,6.034761793375947,4.360682445392013,0.5850817919941619,2.743504469020969e-35,7.74869963539795e-20,1.5972604056753063e-35,4.304169244295887e-20,0.007661321257117121,0.007661323301145882,9.919030126183422e-05,7.884118240325911e-05,0.007715932647069999,0.00771593533296671,7.939329370856285e-05,8.372918236999302e-05,10.0,0.04271566302008858,0.04246874517796505,0.02067467163640366,0.02129412908185959,0.0,0.0,0.02067467136240591,0.021294132022305932,0.0,0.0,0.0,0.0,0.0,0.0,0.024385641604088834,0.02431959318338725,0.0,0.0
285,285.0,0.00103623987401916,0.008533181981748569,0.0007787535201837,0.0082822307158203,0.0006763514974136999,0.00207073673220204,0.0027870991233382996,4.040236472827383,3.899640239099972,0.4366509679006413,0.00141885666145349,0.00059816708192497,0.0020332576394471802,0.00057069125912568,0.01005220476601082,0.01000217074595154,0.00010663005523381562,0.015818113950081168,0.01184359154645569,0.011843609091388058,8.084408473223448e-05,7.757213898003101e-05,14.0,0.03302314566898591,0.035989224829849904,0.02000982729890217,0.01975169887930903,0.0,0.0,0.01894257774709952,0.01923782725957211,0.0,0.0,0.1,0.2,0.0,0.1,0.020814352705839957,0.02062305391567423,0.0,0.0
286,286.0,0.0009485356082456698,0.00848756975412638,0.00125783112230797,0.0085490516017944,-3.1896214843710016e-05,0.00209443220203721,0.0027835274264833994,2.369935715687461,2.8611923615448176,0.41529194959439336,0.0016498750151700398,0.0006574161487541399,0.00244513945401073,0.0007521941738215401,0.010727270022150091,0.010313624610935471,0.0001339253038167649,8.31650104373625e-05,0.01092387590155678,0.011031655978292391,8.295420557259389e-05,8.768048137425454e-05,15.0,0.03153599438790484,0.03868092575344864,0.0182276866350615,0.01813610264421149,0.0,0.0,0.018691321011928268,0.01900892624974937,0.0,0.0,0.1,0.1,0.0,0.1,0.02312117929093621,0.02226517866591816,0.0,0.0
287,287.0,0.0007360908853884501,0.00875997228769382,0.0007802036404701001,0.008178078480484829,0.00010042213634539787,0.00200312475563407,0.0027708688711488003,8.375940513098612,7.125387587118894,0.9025001031346619,0.0029110523625107696,0.0010455484336440697,0.0037943070608971096,0.00112189837992102,0.01155826682012166,0.011442401690457172,0.000122884334996319,0.0001044044736772659,0.012138244279268299,0.01162794098528398,9.778824169187213e-05,8.917809464036326e-05,19.0,0.026150729290913933,0.036667995475388605,0.019459626719107306,0.018909288983005097,0.0,0.0,0.01909466320799252,0.01902845605785628,0.0,0.0,0.2,0.2,0.2,0.2,0.02253554558764411,0.021896409041417087,0.0,0.0
288,288.0,0.00081811754935318,0.00887118719958012,0.00034092306690889994,0.00847939750346477,-0.00037309537353815,0.00192708042136873,0.0027680425037717,4.190941275889054,3.1113734039710836,0.45929194455966355,0.00309595716844124,0.00106469986944788,0.004055556600026331,0.00124682639500809,0.011751189022382012,0.0120040289484425,0.00011706019286060999,9.355109650640766e-05,0.012041781261721932,0.01179742631576097,8.651704993097826e-05,8.113097865134478e-05,20.0,0.025345561843113245,0.040977947441442966,0.01924491237841183,0.018936988160134168,0.0,0.0,0.01865217254303573,0.01844718742135493,0.0,0.0,0.3,0.3,0.2,0.3,0.023721923739482332,0.022998006013851727,0.0,0.0
289,289.0,0.0023157000242207,0.00992676788458264,0.00278465021115959,0.009756762634594098,0.0019574410600123,0.003638131318883,0.0027140146491927,2.259746099775657,2.778022784460336,0.4914854854345322,0.007395006954262109,0.00189535663800206,0.00848152791345174,0.00193604137148643,0.01437290930269067,0.014346208085081611,0.00014035718049850001,0.00011362230870868,0.018394384017964453,0.018868666537860602,0.00011417930945750001,0.00011275098659093001,50.0,0.011353927491705001,0.020749244193153125,0.01499245097426578,0.014697047218943502,0.1,0.1,0.01606540375388264,0.015321626770497804,0.1,0.0,0.9,0.9,1.0,0.9,0.01832751766189704,0.01873789904118103,0.0,0.0
290,290.0,0.00229207863698751,0.00990686376018738,0.00280769597159106,0.009751860163395432,0.0020620028891460505,0.00360047163609548,0.0027127923623134,2.6967736064456402,2.7213502130704,0.15506358556449412,0.0075140749062599,0.00192688385296165,0.0085720026373358,0.0020190566297311205,0.014573470132082142,0.014453590807845137,0.00014653648249799003,0.00011935774236913999,0.01435400259737491,0.014369141557648851,0.00011418920475986,0.00011182606685902,51.0,0.01125029228394883,0.02047005130362073,0.01504470812550111,0.014643008571559821,0.1,0.1,0.01620823559357313,0.01546347000392928,0.1,0.0,0.9,0.9,1.0,1.0,0.01837009118926547,0.018537135140781442,0.0,0.0
291,291.0,0.003175645141034129,0.01067186300706287,0.0033772584635469297,0.010383734846931832,0.00215419097941456,0.00391117515038172,0.0026704934816285,4.429618546064011,3.6947081631282344,0.5056616725632921,0.009741473925155831,0.00228638378816333,0.010250847266293049,0.00223700768082143,0.01559801769702801,0.01570903821048689,0.00019245559815311998,0.0001699246000498,0.016760305515199213,0.01629421320740796,0.00016468255780632,0.00016192428302015,100.0,0.0060606718000044395,0.010760960695537553,0.014365709406323951,0.01367303244239385,0.1,0.1,0.014683032387250999,0.01389916613152337,0.1,0.1,1.0,1.0,1.0,1.0,0.01922216972380219,0.018129211232023663,0.0,0.0
292,292.0,0.00334283542908585,0.010707070484169027,0.00317334484243217,0.010433104395031822,0.0020700180034672203,0.00394698569497859,0.0026698607335035,4.763251761719585,3.059824319253676,0.2657502833288163,0.00973989569445247,0.0022766183130460897,0.01024188781648223,0.00223252505588191,0.015530949395937568,0.01577982044583991,0.00019037453457708002,0.00016199646051967003,0.01566728192672186,0.015729497550936708,0.00015488027129317,0.00015210320707405,101.0,0.00605452452489937,0.01070924799345822,0.014343694548267219,0.013837889848190659,0.1,0.1,0.014497496389710849,0.013718728340764009,0.1,0.1,1.0,1.0,1.0,1.0,0.01916669256078144,0.018226860058594,0.0,0.0
293,293.0,0.00381562165881462,0.01110593289444697,0.0037162416109989107,0.01122642997582053,0.002014111025966229,0.004567732087887909,0.0026446180775015,2.761007974506356,3.6123153899796305,0.3648900415049866,0.010533257422630787,0.0023637089902127798,0.01091417630852523,0.00233666955362325,0.016055324325182495,0.016233369685662188,0.022178457560948973,0.00021237074397497998,0.01660599687219593,0.016998642388034942,0.00020469583105291,0.00020221753511573005,150.0,0.00418903080926542,0.00731302912428951,0.014316085757561181,0.013524161079872591,0.1,0.2,0.013973541118988528,0.01332483289325746,0.1,0.1,1.0,1.0,1.0,1.0,0.020544359494473138,0.018746431350913518,0.0,0.0
294,294.0,0.0038177906626297394,0.01112471801595655,0.0036536230101441303,0.011233549659489719,0.001453565841282379,0.00456834610763197,0.0026441929304578003,3.7979328860063104,5.133463951852173,0.7787656708387658,0.01053918803549137,0.0023657497646192597,0.010923323445780422,0.0023340554297214297,0.01609752372869442,0.016222164433926815,0.00023911069147284996,0.00021754156332457999,0.01608098537699576,0.01625465601365204,0.0014123605098574801,0.00020885644480581996,151.0,0.00419646305578172,0.007299902259912549,0.01427890010967332,0.013498464344578128,0.1,0.2,0.01392758798150621,0.01334107792471497,0.1,0.1,1.0,1.0,1.0,1.0,0.020265686205418527,0.018843083777007896,0.0,0.0
295,295.0,0.00401962694059533,0.01137585285487264,0.004146101553107439,0.011688071070545801,0.0027096572933029495,0.00513837883099707,0.0026261976488873005,5.176569189457223,3.497809790750034,0.22896176583599298,0.011165337752826809,0.0024480543806022193,0.01148914870492707,0.00240907125351433,0.016477278458897907,0.016274980620500486,0.00029973778873676005,0.00035494489129628,0.016696464734622038,0.016926220424960812,0.00072708688676351,0.00025676249060775,200.0,0.0032485147347559003,0.00557442831526415,0.01367788469198802,0.012901449699792922,0.2,0.3,0.013688073120163919,0.01298436496702246,0.2,0.2,1.0,1.0,1.0,1.0,0.0207221595355959,0.018541559791697613,0.0,0.0
296,296.0,0.00402596268028832,0.01138790975238499,0.00412320237144307,0.011689602340926569,0.00267826854601588,0.005155609642205519,0.0026258781789247,3.667211531242356,3.3302656994434074,0.30884990689810365,0.011169969720379098,0.00245359039551397,0.01149574567773765,0.00240563068464578,0.01646044428664362,0.016326383501659218,0.00223815620411184,0.00025574963074173997,0.016480002527932712,0.01629047523272325,0.00047671862412238,0.0002550078555941,201.0,0.0032589705380200703,0.005573599142773189,0.013657102453949941,0.01292536494736522,0.2,0.3,0.01369067466416008,0.012966209147769739,0.2,0.2,1.0,1.0,1.0,1.0,0.02076811132403292,0.0185367987515944,0.0,0.0
297,297.0,0.0038879723283454194,0.01145660562591604,0.00389073216447558,0.012033382043289811,0.00302047877722171,0.0055213258361626995,0.0026119072459353,3.4350587724940853,4.447546399850398,0.14757365996483712,0.0113592683183142,0.0024611115789613,0.01156335009011163,0.0023927836242763497,0.016551716315693958,0.01677097348799694,0.0003887032391503,0.00036336309276517,0.016721399886304646,0.01674494827320478,0.00029477989301082,0.00029049604199821,250.0,0.00266182912883011,0.004512503210225109,0.013827498737528148,0.013072319451702572,0.2,0.4,0.013373997129125351,0.01275743499868158,0.3,0.3,1.0,1.0,1.0,1.0,0.019245145845325093,0.018317414061285696,0.0,0.0
298,298.0,0.0038397021120956504,0.011442765097681818,0.00389132451019516,0.01201992575778326,0.00300650172433039,0.00549804060460682,0.0026116516898882997,2.6521592378150673,3.3808639117283747,0.13963587589096277,0.011375784622169129,0.00244919004630153,0.01157557351240902,0.00239137721595381,0.016548905724847778,0.01675884548311661,0.00046591728460038,0.0027387100271880002,0.016561736502474528,0.01676447781181106,0.0018187321955337801,0.0021206184988840906,251.0,0.00267205774635252,0.004515403215734201,0.013828886947466118,0.01308216053503966,0.3,0.3,0.01348513288916262,0.01279797246137963,0.3,0.3,1.0,1.0,1.0,1.0,0.01929389076468507,0.01835200371418834,0.0,0.0
299,299.0,0.004215117734304571,0.01169934404511175,0.00390547013110666,0.01204419169999304,0.00322163996501808,0.00564388503311977,0.0026002419392422006,4.984246653853916,1.9788134437287226,0.36383191095665096,0.01159674576507622,0.0024093993637070597,0.011775311522162619,0.0023791425297406904,0.01650495727384134,0.01677605123008415,0.0005736356368287998,0.0005035313079133199,0.016740897199888312,0.0169160356340946,0.00065528790000819,0.0003424698952585,300.0,0.0022606042571175302,0.003805168514957381,0.013742621659881299,0.013031231269480432,0.4,0.3,0.013445523501249371,0.012870200616530608,0.3,0.4,1.0,1.0,1.0,1.0,0.01850743283428686,0.01807417403511864,0.0,0.0
300,300.0,0.00415141030836466,0.01168733351154159,0.00395081141019764,0.0120353296200497,0.00319787423810629,0.005618671552467131,0.0026000291620023003,4.18644324943889,2.7009075314039364,0.3134584494866431,0.01159930292934833,0.0024190767533987,0.011776842449329531,0.00236649064086127,0.01646946288579229,0.016831459078680513,0.01146634335163978,0.00047165222931647995,0.01652124587447451,0.01678272791267297,0.00052145048975939,0.00034265094436701,301.0,0.00227037436065728,0.0038096983078879597,0.013739472423543491,0.013090770803056812,0.3,0.3,0.013477871260595912,0.012872391206577618,0.3,0.3,1.0,1.0,1.0,1.0,0.018553538171924188,0.018168868551482968,0.0,0.0
301,301.0,0.00423071260268521,0.01171327770390215,0.0039356921629665805,0.0120487499246864,0.0033360855703865196,0.0058454779883748195,0.0025903923324014006,3.625315701914951,3.2231815444072707,0.21776743938680737,0.01176295462415061,0.00244661172446643,0.011869365344580099,0.00241176173998692,0.01657778262553051,0.01684980210796707,0.00131311786826695,0.00121350218541916,0.016589536925653642,0.01696861490313265,0.0005939218215643799,0.00039640709292138,350.0,0.00197311929568673,0.0032955634411272897,0.01385202305670714,0.013259181433438311,0.3,0.3,0.01352322609242739,0.01292004351825296,0.3,0.3,1.0,1.0,1.0,1.0,0.01787459065315184,0.017546123500368382,0.0,0.0
302,302.0,0.00422508764056847,0.01170396411254637,0.00394293355144559,0.012011893108197742,0.00323009668195981,0.00580823547780269,0.0025902101732621003,3.7779470587614923,2.2354154172120615,0.11046515570487822,0.011757710028906321,0.0024475483893196003,0.01186457679858949,0.00241027682905705,0.01656505024497009,0.01683465883871944,0.00046846608165646995,0.0006440066266804401,0.0165633491626929,0.01683187958681722,0.00066664898768062,0.00040551607962694,351.0,0.0019821635867456797,0.00330079432289859,0.01385391701475489,0.013270498234554621,0.3,0.3,0.013527128910681429,0.012920853043309139,0.3,0.3,1.0,1.0,1.0,1.0,0.01844489477946971,0.01772896327079962,0.0,0.0
303,303.0,0.00383703595185593,0.01172586624382145,0.0038707749048127,0.01201970097903466,0.0029402450241120797,0.0057644756495475805,0.0025818730192418995,3.925207459065132,2.606321914982982,0.16783891003578896,0.011786295401616608,0.0024572388571587798,0.011934018646262052,0.00243796970819024,0.01679474117057448,0.01677831367012742,0.00068656499497586,0.0023921137908473203,0.016679125953318427,0.016888048004853558,0.00061637349426741,0.0004575003869831,400.0,0.00175962996103021,0.00291694414618471,0.013524318181489262,0.01322727275720004,0.4,0.3,0.013525917326336739,0.01310964019464785,0.3,0.2,1.0,1.0,1.0,1.0,0.017941970198012643,0.018368969736399975,0.0,0.0
304,304.0,0.00385482554061395,0.011704690098572189,0.0038595670894209697,0.012030076675887043,0.00290471655319725,0.00574667328351759,0.0025817138457066994,3.5144088316941633,3.300361078279093,0.1950039360206574,0.01179976607450238,0.0024605923383175096,0.01195008296346267,0.00243730150973056,0.01676399957135922,0.01680115006706679,0.00058951047249133,0.00075926817953582,0.01679777111770909,0.01680096189952321,0.0005969175836071,0.00044495218899097004,401.0,0.0017683017829993,0.00292272982953725,0.013531823977840049,0.01322886073228611,0.4,0.3,0.013430690457421679,0.013090491504133281,0.3,0.2,1.0,1.0,1.0,1.0,0.01780708858211854,0.01836649286565313,0.0,0.0
305,305.0,0.0039816117681815795,0.011951369189702441,0.00372178793534919,0.01237191718644875,0.0026795087667717096,0.00590092432966126,0.0025743700237022,4.4529837554320695,3.2651340233860537,0.20322316016536202,0.011904234454658309,0.00246012395977866,0.01201517557138711,0.0024409091058360506,0.016920334667604973,0.017125175038578917,0.00096885848324741,0.0007143448572605399,0.01701268357988972,0.017135877527792057,0.00060100627597417,0.0005407912423833701,450.0,0.0015943854502906603,0.0026215213423798093,0.013665971686446482,0.01326740847349649,0.3,0.3,0.0134344956981964,0.012963699213639851,0.3,0.4,1.0,1.0,1.0,1.0,0.01839978175755235,0.018845572351336447,0.0,0.0
306,306.0,0.0039874037517771506,0.01197014454977319,0.0036673268653900997,0.01236704646131863,0.0026680097673205698,0.005895166259131559,0.0025742287338881005,3.095716829993762,3.9161671317648143,0.2275441530160606,0.011912645637292631,0.0024543178780699,0.01202038880621715,0.00242026900315031,0.01684721615162145,0.01712532302638545,0.00069448200520122,0.00113990507088595,0.0169398657610089,0.017125447769771866,0.00059535747859622,0.0021222695009782207,451.0,0.0016023305572229099,0.00262719319056273,0.013725414917923229,0.01325082422915386,0.3,0.3,0.013395130645046091,0.01296688125429247,0.3,0.4,1.0,1.0,1.0,1.0,0.018395977738486058,0.018837760621059033,0.0,0.0
307,307.0,0.0040908196124463895,0.01212556734974973,0.003916673011880379,0.012449718788749389,0.00267140635898222,0.00593071625881177,0.0025676686007199,4.384343031025492,3.7235043695895,0.14333788661751895,0.01191537840290519,0.0024241010584973802,0.01200003944433932,0.00243226141806492,0.01705653684930292,0.01715526778480992,0.00066984074655917,0.005689152306877031,0.016923677967646426,0.01727902238563448,0.00060750779230143,0.0005832354072480801,500.0,0.00145793352145308,0.002381805756674,0.013724796503058013,0.01327929647504211,0.5,0.4,0.01362633222957737,0.013192719758636631,0.3,0.5,1.0,1.0,1.0,1.0,0.018780791402752257,0.01900529173325612,0.0,0.0
308,308.0,0.0040909424343656305,0.01212421369669167,0.00390688772166373,0.012431582828478569,0.00268160741404872,0.005932147666150739,0.0025675416172409,4.250641118129716,4.100706705008633,0.35107236905023453,0.011916535526516902,0.00243733569942112,0.01200357656663618,0.00243423513118477,0.01705098293054964,0.01716148179442664,0.0007903609890490299,0.0008390774019062101,0.01705102846879826,0.01715223103315573,0.0005899286828934601,0.0005981904454528599,501.0,0.0014655044245653697,0.0023873487174913303,0.013735838989007898,0.013298640758210559,0.4,0.4,0.01362142609567148,0.01318696428816137,0.3,0.5,1.0,1.0,1.0,1.0,0.01883833171939798,0.01902815640991462,0.0,0.0
309,309.0,0.0039011613475448807,0.01213443536255177,0.0038205438391524203,0.0124590699269092,0.0029659737811083904,0.005935399235575621,0.0025616154274466997,4.6863545186351985,3.038795982254669,0.12355597675777967,0.01209645094202629,0.00247228036416245,0.01212494245855479,0.0024803041944523796,0.017279992936339313,0.01728729350290656,0.00073477302212265,0.0009500625543295701,0.01715902995751957,0.01729284537396429,0.00062422964256252,0.0005771297961473001,550.0,0.00134713789604271,0.00218616285935951,0.013867859249763451,0.0132882904896461,0.3,0.4,0.013764958542136918,0.013317804457873261,0.2,0.3,1.0,1.0,1.0,1.0,0.019517315191700857,0.018970430114285845,0.0,0.0
310,310.0,0.00390293510454249,0.012119751652845682,0.0038091110300995296,0.01246129416867913,0.0030792406163005002,0.00591698911349533,0.0025615001457870005,2.683772344351746,2.5350456357235087,0.24071205202490092,0.012102973702448911,0.0024755309329431902,0.012132120774559607,0.0024821642907741897,0.017268319423916906,0.017294220033881102,0.00071379500441247,0.00104292356409127,0.017265519288295693,0.017272115142724302,0.0030816250247880294,0.01712480371352281,551.0,0.0013540732267381902,0.00219158464962727,0.0138932859466915,0.01330759667521845,0.3,0.4,0.013764971185448107,0.013315787427949307,0.2,0.3,1.0,1.0,1.0,1.0,0.01943436210190364,0.018804402460734383,0.0,0.0
311,311.0,0.00404953995268031,0.012384260604503377,0.00379157426228872,0.01252800246116748,0.00269394385345026,0.00588911681032257,0.0025560972338838006,3.3563749039545656,2.819593146000989,0.3684035339858383,0.01216967211971701,0.0024826521769757397,0.012150668003587658,0.00245450226060046,0.01717602865166114,0.01746236018053198,0.051411205576732746,0.0040006391238420706,0.01735820759729361,0.01738910302475536,0.00068318783305579,0.00061985438223924,600.0,0.0012564417201124602,0.0020226387906032497,0.013741183100204179,0.01341297188799274,0.4,0.4,0.013423821118418559,0.013281450013556689,0.3,0.3,1.0,1.0,1.0,1.0,0.01969909562642135,0.01993690460172056,0.0,0.0
312,312.0,0.0040278325290025304,0.01237443617564417,0.00379011960181408,0.012521251005056027,0.00269681634612061,0.00588408941168219,0.0025559916994062,3.154751426773146,2.5001069389516486,0.27790574643295257,0.01216724866706078,0.00248311031643327,0.01215034490425833,0.00245104930354282,0.01714635088859006,0.017449471301755733,0.00101701361127193,0.0011648230720311,0.01716338196408147,0.017448924880706547,0.0007095441222190401,0.0006294847931712199,601.0,0.00126291896384856,0.0020277869368772,0.01374197330687047,0.0134139927185277,0.4,0.4,0.01341610729045814,0.01319558088388495,0.3,0.3,1.0,1.0,1.0,1.0,0.01968749888427817,0.019927112525715152,0.0,0.0
313,313.0,0.00413012239126495,0.01254690969070196,0.0038358596065313603,0.012680411004230632,0.00285798309386575,0.00590272901456167,0.0025510279810967997,3.30104523031041,3.302793951425701,0.20569625662174076,0.012176965371429878,0.0024950013089262,0.01226379598564354,0.0024998508544925397,0.017329428864058447,0.01759085846400857,0.01627277587540442,0.0037539164768531303,0.01736794292583343,0.017645614579862273,0.0015966941136866402,0.0032642513280734,650.0,0.0011790989908253499,0.0018837845767364597,0.01370997772517916,0.013268553718423831,0.4,0.4,0.01334731829174671,0.01297397503417419,0.3,0.4,1.0,1.0,1.0,1.0,0.02010242421620438,0.020582276267651738,0.0,0.0
314,314.0,0.00415318167922781,0.01253816890724278,0.003837333115773099,0.012691447974395332,0.00287338381710467,0.0059124460415715405,0.0025509306897226994,3.2952801702544092,3.1143613232765346,0.16479775842744857,0.01217679913985769,0.0024931798724667506,0.012266215299701871,0.00249700428916555,0.017296426898996888,0.017592376485290318,0.0010321649024262701,0.0010375997051596197,0.01733956136438736,0.017598069642228188,0.00071070767007764,0.0006790968123822899,651.0,0.00118512752035311,0.00188872110710436,0.013711239613051452,0.013277487206030298,0.4,0.4,0.013245764787602208,0.012953899673325758,0.3,0.4,1.0,1.0,1.0,1.0,0.02010576142460407,0.02059849318751942,0.0,0.0
315,315.0,0.00424034638396102,0.01266272485925772,0.004102659627665281,0.012717959175736471,0.00289898213719716,0.005837196799242229,0.0025463407882613002,2.4940068174386396,5.414879549434408,0.17702561379410325,0.01217843611196252,0.0024692118340112904,0.012389419193038428,0.00248667190305597,0.01718891375155327,0.01730111463423526,0.00104918964207168,0.00123462327755981,0.017351107407482542,0.017612513745352103,0.011491210758686029,0.00073859298136081,700.0,0.0011127472331972199,0.00176473430275202,0.013233709337492188,0.013036248373453208,0.4,0.4,0.013241194745097471,0.01282516515177438,0.4,0.4,1.0,1.0,1.0,1.0,0.019752082635888436,0.02023311109528822,0.0,0.0
316,316.0,0.00423739900093069,0.01265787904458383,0.0038827998869941497,0.012711622679676118,0.0029124365966877,0.00584317391962022,0.0025462505580664996,3.59865231574513,4.44454061051365,0.18576441139448435,0.01217566944896637,0.00248267477273887,0.01238839154305196,0.00248569839695985,0.017184599396404716,0.017508507230383913,0.0016186005435883499,0.00123570933938021,0.01718407677684567,0.017299148696642272,0.0016409777803345904,0.00075161708518857,701.0,0.0011184108742786202,0.0017694622772484099,0.01337733706346426,0.01324130169272581,0.4,0.4,0.013241496492828889,0.012832305826318498,0.4,0.4,1.0,1.0,1.0,1.0,0.01973168860696453,0.02019210197672113,0.0,0.0
317,317.0,0.004089118331271841,0.012714143351472881,0.00402419628444604,0.012760708068673141,0.00315673596740709,0.005888525115419119,0.0025419826437144,4.37697687309701,3.8533028732752426,0.18362854551523922,0.012214777744910709,0.00245628782130982,0.01246324503266399,0.00253595913041342,0.017493820893228214,0.01735122216319173,0.00242824982851738,0.00886835211422289,0.017238702596131188,0.017565632865275828,0.0008538516703992399,0.00078407418914133,750.0,0.00106388959454843,0.0016610667164310602,0.013288252193847907,0.012986862178180208,0.4,0.4,0.01340823118286017,0.012993611717421357,0.3,0.4,1.0,1.0,1.0,1.0,0.02034626819711078,0.020645385301960563,0.0,0.0
318,318.0,0.00408016060208108,0.012704152874273641,0.004019655429861031,0.0127559586737927,0.0031563822466641003,0.005884865070816479,0.0025418985291889994,4.487889484781772,5.277164512779564,0.25539468764327466,0.01221034223869523,0.0024555367848123804,0.0124604478431023,0.00253372112756833,0.01748512464393221,0.01734214972841439,0.00101680280640716,0.0010742427082731998,0.01748217920392097,0.017341772491370522,0.01089144935831424,0.00137495950330044,751.0,0.00106921364594737,0.0016655963366399302,0.013290640805378909,0.012987507682371368,0.4,0.4,0.01342655803806544,0.0130029817792053,0.3,0.4,1.0,1.0,1.0,1.0,0.02033927997930688,0.02064117858599256,0.0,0.0
319,319.0,0.004079420829861411,0.01264182213997311,0.00410873542230685,0.012717170323088708,0.0031032631151192,0.005805169199438331,0.0025379108224405996,5.153752500447444,6.282204372086563,0.1967256884090602,0.01221084769425022,0.00246629746717897,0.01255611791096283,0.0025536199353225998,0.01754218084707395,0.01728469262212958,0.0012317752698436098,0.00127177450340236,0.017453119975195018,0.017326507712169828,0.0009118845686316001,0.0008224121993407099,800.0,0.001020384156292,0.00157015987362658,0.01333214627322212,0.013003984491317223,0.4,0.5,0.01357466986747947,0.01289471942111019,0.4,0.4,1.0,1.0,1.0,1.0,0.02044813258943294,0.02112373281278854,0.0,0.0
320,320.0,0.0040793043648041805,0.012645554770434969,0.00412034589171821,0.012716362093736111,0.0031048647371182897,0.005789798752536291,0.0025378320554707997,4.303572074021213,2.3372804258484394,0.10931190962437538,0.012208583120092301,0.00246686536368337,0.01255714166715938,0.0025538393223413203,0.01754618987986723,0.017285836195963546,0.00100076638627792,0.00127003144007169,0.017548069080115504,0.017285227782675834,0.0008913273457437301,0.0008089081151410401,801.0,0.0010254556368305598,0.0015745178327785,0.013334755256426958,0.01300752526137377,0.4,0.5,0.013578297458598959,0.0128847880234437,0.4,0.4,1.0,1.0,1.0,1.0,0.020441114407287832,0.02112230136769684,0.0,0.0
321,321.0,0.00424248033201506,0.01273684843808213,0.004213143190856681,0.01268984515841962,0.003151501514086981,0.005746025188881719,0.0025340903895080006,2.987338785803877,2.131890516914427,0.15240771835669872,0.012279896403997539,0.0024921063071706297,0.01273109396306693,0.00256725628033192,0.017371597484074443,0.01730727620012188,0.00110848781187082,0.0013490036129950897,0.01761514604130541,0.017284171841102158,0.0009016702184453199,0.0008489782921969399,850.0,0.00097657187915985,0.00149035123925448,0.013262295572517199,0.0130279074339096,0.5,0.5,0.013300069434595302,0.01273998589430777,0.4,0.5,1.0,1.0,1.0,1.0,0.020336722377514167,0.02099538428776337,0.0,0.0
322,322.0,0.004090082545805699,0.012759254868149208,0.004141330214447289,0.01270622786233685,0.003153962608182081,0.00574932800715243,0.0025340163376771003,3.1789781634230168,3.0311300579225646,0.12627562095876782,0.012282393715372309,0.0024933163147997,0.01274789148245943,0.0025680372528155597,0.017389790005590537,0.01734538705327706,0.0010410727700218099,0.0019908714573829795,0.01738363921363743,0.01731928607997613,0.00138860100414598,0.0008770003914832699,851.0,0.00098138310788703,0.0014945532654046202,0.013309046461843338,0.013020034894814788,0.5,0.6,0.01334587629905965,0.012772202351395891,0.4,0.4,1.0,1.0,1.0,1.0,0.02033450739282858,0.02099267708425876,0.0,0.0
323,323.0,0.003788814523270039,0.01276451163093965,0.00432599721268326,0.01269664865363799,0.00306051807978503,0.00586688298677772,0.0025304924171241994,3.7095864868257196,3.2056792185408995,0.1480196496704593,0.01228120321803363,0.0024926416128081704,0.01288501755272749,0.00258719273961418,0.017363670693271598,0.017342639595408244,0.00125427125021811,0.0014144677203148201,0.01741525067680542,0.017376356775728848,0.00100104284938419,0.0009363387711345698,900.0,0.00093854454307059,0.0014191717691600801,0.01336203135588838,0.01279511751965702,0.4,0.7,0.01333114016184104,0.012635535057118518,0.4,0.4,1.0,1.0,1.0,1.0,0.020405101569447904,0.02099919067633903,0.0,0.0
324,324.0,0.00376208119152103,0.0127610281603656,0.004324020885807521,0.01269199297549516,0.0030340881634345297,0.0058597388880077,0.0025304225535752,3.1400093221105636,3.3603339171502737,0.1997173584997654,0.01227959140249249,0.0024916263878345902,0.01288726634865212,0.0025889912876929295,0.01737735492320262,0.017337332567511708,0.021887402771972073,0.00529542341828341,0.01736047375249826,0.017338221814026167,0.00102258159313347,0.00228175709489729,901.0,0.00094310770103073,0.00142319912179967,0.013364999716154532,0.01279607598846301,0.4,0.7,0.0133772630651044,0.01262323830080549,0.3,0.4,1.0,1.0,1.0,1.0,0.020363873009534492,0.02093273551578311,0.0,0.0
325,325.0,0.0037593645711002793,0.01274663262981382,0.004267682551557071,0.012715329760237922,0.0031246652376119605,0.00581593996067059,0.0025270926838469004,2.908413212327287,4.520792377321049,0.24974937192164356,0.01232426957569274,0.0024730510809640198,0.013039630555044951,0.0025984332416910797,0.01741434255067591,0.01722197630926495,0.00791375981643791,0.0038383388658985,0.01744101431884888,0.01738591574461353,0.00113782533444459,0.03413391408976163,950.0,0.00090568485968897,0.0013558163812955502,0.01324366369928356,0.01279038264782538,0.4,0.6,0.01311645995852082,0.012798132191966152,0.3,0.4,1.0,1.0,1.0,1.0,0.020298519707684155,0.020952897150482028,0.0,0.0
326,326.0,0.0037739038623691907,0.012745559263774593,0.004265521758923271,0.01271652047489159,0.0031295813445652203,0.00581418414823262,0.0025270265650647996,4.914134983764962,4.767834865744225,0.11365725845098491,0.01232102984570879,0.00247220097450126,0.01303666273922236,0.00259593710364773,0.01740004064172148,0.017218167377397297,0.005797598604112801,0.0035390259232371503,0.017409887105036152,0.01722018642001465,0.0017818668624385698,0.0023472229251637507,951.0,0.0009100432574164098,0.00135969542242263,0.01324186054423713,0.01279173146939223,0.4,0.6,0.013111087648722342,0.01279175864998068,0.3,0.4,1.0,1.0,1.0,1.0,0.020293603600730896,0.02094921007026708,0.0,0.0
327,327.0,0.0035971477970704693,0.0127907170103761,0.004251461135351779,0.012776427270872298,0.0030366525122030603,0.005906354737811701,0.0025238707075671,4.234261278552003,4.102897043875418,0.12106730705127118,0.012365227643413069,0.0024746325529911304,0.013151474567479452,0.00261315334354939,0.017576318735423962,0.017209311125538064,0.0012609275290741903,0.00164416539482767,0.017420451198403738,0.017212203690687957,0.0011056798743083501,0.0010298818815498998,1000.0,0.0008766370295509101,0.00129866734614086,0.01323000746113242,0.012841958437043777,0.5,0.6,0.013402874996753012,0.01300455389131119,0.3,0.4,1.0,1.0,1.0,1.0,0.02007763299988622,0.02076784575928372,0.0,0.0
328,328.0,0.00360392607202917,0.01280330777993963,0.004152602508283091,0.01279121908278641,0.00303594106979273,0.00591523907029205,0.0025238079567082997,3.8732631160877644,5.0240343291079625,0.18507400862872597,0.012367573472126681,0.00247169357365478,0.013156484989786981,0.00261260454716775,0.01758128477078194,0.017210967502911192,0.0014546981779857801,0.0014139128616079098,0.01758735546195293,0.01722222857615743,0.00110442687291646,0.0016487702960147799,1001.0,0.0008808205514203301,0.00130243374159129,0.013228792139216728,0.012904944135817031,0.5,0.6,0.01339516895945032,0.012998035156247681,0.3,0.4,1.0,1.0,1.0,1.0,0.02008019782461713,0.020769024643757718,0.0,0.0
329,329.0,0.00305884668892827,0.01264953094817065,0.0040322857591671,0.0127503340751148,0.00309012307318542,0.005850240304008531,0.0025208090145467,4.254774821246974,4.652781529561617,0.17723191536497324,0.01235470110696901,0.00249150228831174,0.013340971857828862,0.00264582658836718,0.018090099787841762,0.017393377353475493,0.0012729095760732499,0.00428586003836241,0.01763985285571544,0.01728048316919292,0.00106641978491093,0.00105266079772259,1050.0,0.000845165917309,0.00124675552058918,0.01329132753885122,0.012927918026676852,0.4,0.7,0.01372287384302602,0.01348307279748268,0.3,0.4,1.0,1.0,1.0,1.0,0.02041467584855158,0.021162341617824175,0.0,0.0
330,330.0,0.003066593681437382,0.01266362178191439,0.00402810468876213,0.012750244177201229,0.00309012307318542,0.00584826434615232,0.0025207493087354006,5.374401316512376,3.1369823842775078,0.11496550692245362,0.012353716068375792,0.00249117786720858,0.013341302413079991,0.0026499783267209197,0.01810508036418745,0.01739225360176614,0.0012689422816037502,0.0011645452352240199,0.018087162901215776,0.01739047419049807,0.0010705140186473099,0.00105860489420588,1051.0,0.00084917318967474,0.00125036228846884,0.0132949146078846,0.0129296018656224,0.4,0.7,0.01373832246401282,0.013503672798410183,0.3,0.4,1.0,1.0,1.0,1.0,0.02041467584855158,0.02116234161782418,0.0,0.0
331,331.0,0.00293735213954784,0.01270807166725008,0.004119882944343961,0.012752417598306998,0.0032789490403313305,0.0059075899897451205,0.0025178925786128003,4.452423230139539,4.346752203116194,0.14611500035971403,0.01236677020921149,0.0025129558209466803,0.013434986585067001,0.00267062850857782,0.01833752047527074,0.01746004401940823,0.00438636003527786,0.0017799059394746498,0.01813383402989711,0.017430663846509563,0.0011168808443471402,0.0010841309092938299,1100.0,0.0008212171957678501,0.0011994962366007197,0.0133743480942119,0.01303925135342707,0.4,0.6,0.01379065254152689,0.01360464376609794,0.3,0.4,1.0,1.0,1.0,1.0,0.020118562766883917,0.02091657916184182,0.0,0.0
332,332.0,0.00293894119264035,0.012701600676437802,0.004118305360467481,0.012750623266326842,0.0032789490403313305,0.00590643109207939,0.0025178356391220994,5.412068736786023,4.705208519776352,0.0393413902027532,0.01236581788983865,0.00251446130402019,0.01343535322751858,0.0026729962148063897,0.018336499648103362,0.01745995900822282,0.00418392678257073,0.00109857704956079,0.0183361361432654,0.01745704175768233,0.00319654797203832,0.00211423919536168,1101.0,0.0008250354158406501,0.0012029710248141702,0.013375870647917681,0.013036634111760098,0.4,0.6,0.013788421395872094,0.013600238703513711,0.3,0.4,1.0,1.0,1.0,1.0,0.020118562766883917,0.02091657916184182,0.0,0.0
333,333.0,0.00256491393530707,0.012693692209897828,0.00423471586915862,0.012700105359897029,0.00331184876135194,0.00593886562337254,0.0025151083851097,5.476655048225075,3.3718751582782716,0.11277487170882523,0.01245642694805847,0.0025223002586959903,0.01371208382908142,0.0026888406311781203,0.018467999350784466,0.01741225650155991,0.00153881309088314,0.00213515276554969,0.018316268714539858,0.01745776016947968,0.0027726261178030896,0.00113858999684449,1150.0,0.0008096767899266399,0.0011576629546503,0.013158585717180782,0.01298273536775626,0.4,0.5,0.01410415405679516,0.013951845408273161,0.4,0.4,1.0,1.0,1.0,1.0,0.01966848123256585,0.020291754060728962,0.0,0.0
334,334.0,0.0025616069064101697,0.012694989543403281,0.00422779110164074,0.01269705117071771,0.0033153147237149397,0.00593772305705669,0.0025150539696763004,4.177182139083743,3.2145452541764827,0.1188936719903722,0.0124572936123426,0.00252221481516174,0.013711643888309671,0.0026885073594741194,0.018465276675174454,0.017408970504369358,0.0013910926878451901,0.0012277003843336701,0.018465290834876656,0.01740954427746465,0.00116959826555098,0.0011358259711414201,1151.0,0.00081333818270257,0.0011610217904515802,0.013157959947093689,0.01298264558598434,0.4,0.5,0.014105624567998512,0.0139594030164959,0.4,0.4,1.0,1.0,1.0,1.0,0.01965567828892808,0.020280992162272284,0.0,0.0
335,335.0,0.001494411403387747,0.01247772790895163,0.004136874593223089,0.012689625264777729,0.0032862887919057103,0.0059089117725415795,0.0025124450877387,5.300427645538003,4.30601172237657,0.0878244451479986,0.012474233472648482,0.00251048681931043,0.013840492955762913,0.0027175180930839303,0.019181852967729514,0.017393437410784883,0.0014009028906002098,0.0011982182972132599,0.018469158635695867,0.017383177164820178,0.00120134409517045,0.0015059039462357198,1200.0,0.00079462953495078,0.0011178792336802097,0.01319645448016164,0.012910653977119949,0.4,0.5,0.01480507119160555,0.014738176222835348,0.4,0.3,1.0,1.0,1.0,1.0,0.02006075666478594,0.02079839917879531,0.0,0.0
336,336.0,0.0015830037728883906,0.012487884873637821,0.004119204640373599,0.01269763366106944,0.0032893507822418294,0.00591168127758483,0.0025123929844791002,5.732697816495784,5.065144850220531,0.19689640917349605,0.01247505221429323,0.0025114537554017696,0.013842016698380848,0.00271521743757992,0.01915939690650833,0.017406481767762612,0.0015446231001987499,0.00144268409349018,0.01919485660694631,0.017401308686987006,0.0012030951213091,0.0011833772296085498,1201.0,0.0007981428306257999,0.00112112268424613,0.01320026966261629,0.01290974730801898,0.4,0.5,0.01476927773229382,0.01464581185414956,0.4,0.3,1.0,1.0,1.0,1.0,0.02006807433168764,0.020810014248139257,0.0,0.0
337,337.0,0.0012050349599953094,0.01250390453146403,0.004181983038304171,0.012635893467345533,0.0033212606468455198,0.00602328006066146,0.0025099427538142,5.035658986354247,3.137259221333079,0.10738136095460502,0.01249102885918961,0.0025168791762630303,0.013911095359381028,0.0027233138355490802,0.01939869956232869,0.01737746436641178,0.0015101248864083899,0.0042672360781579695,0.01917974388966144,0.017414398146890258,0.0013719459064304297,0.0012515863869338902,1249.0,0.00078213295010319,0.0010824493342040098,0.01310157973213898,0.01273330572221614,0.4,0.5,0.0149559859716509,0.015040697908247103,0.3,0.3,1.0,1.0,1.0,1.0,0.01987636696901482,0.02047521028394875,0.0,0.0
338,338.0,0.0011997518787913854,0.01250475036910087,0.00418273560932495,0.012636150709896949,0.0033212606468455198,0.00602502198322683,0.0025098927355225,4.924187219562009,6.187478397530503,0.0978654692880809,0.012492124146284148,0.00251623774604806,0.01391140158073828,0.00272074776082312,0.019385863080149633,0.01737098896838107,0.0015125551726668702,0.00128802829422053,0.01939476389951918,0.01737427865947105,0.00153086637146767,0.00123324636369938,1250.0,0.0007855408984561999,0.00108560659319029,0.013101091592729366,0.012729795644038469,0.4,0.5,0.0150131579992431,0.015011551801116099,0.3,0.3,1.0,1.0,1.0,1.0,0.019876366969014812,0.02047521028394875,0.0,0.0
339,339.0,0.0012031662912397475,0.012503149637592742,0.00418237847063984,0.012634621931969089,0.0033306134928840795,0.00601627135866475,0.0025098427580656996,5.796995200356468,3.8483949590008706,0.06955340923741454,0.01249612550354769,0.00251516676662083,0.01391191717515781,0.0027215093322545602,0.01937637413678018,0.017369841606487663,0.0015141809824853602,0.0012714646290987101,0.019381109252951258,0.0173681483518666,0.00126097220927472,0.0012451564194634,1251.0,0.00078894350554641,0.00108877456641563,0.013102618747271358,0.012732170820156069,0.4,0.5,0.0150093000683711,0.01500693586484495,0.3,0.3,1.0,1.0,1.0,1.0,0.019927029258924978,0.020554925702823072,0.0,0.0
340,340.0,0.0009391326573714462,0.01229775986514697,0.00410713439627113,0.01261930363086231,0.0032981446757657804,0.00602521080281477,0.0025074425533823,4.13840288692154,3.445021052984521,0.0772934976033866,0.01252443702788981,0.00250248499896065,0.01407296224047378,0.00276318235362978,0.0197363788432749,0.01731620844364421,0.00178353385999795,0.00540054133161897,0.019341758792308712,0.01734399535953617,0.0013666325714438601,0.0013548956019803402,1300.0,0.0007795327643192301,0.0010517527468924702,0.01304974778253494,0.012729005368067692,0.4,0.6,0.01520983912817031,0.015259286121282658,0.3,0.3,1.0,1.0,1.0,1.0,0.01969675366106849,0.020339934878789222,0.0,0.0
341,341.0,0.0009585791879206674,0.01230431970710556,0.00414434943747987,0.012617892461515758,0.0032841866214647296,0.00601918196708587,0.002507394536939,4.042951225256547,3.9640077147400006,0.14693834569770842,0.012524196429626499,0.0025100981634184295,0.01407289701418847,0.0027647971306778195,0.01972377829489112,0.01733256102319588,0.0016737814294173902,0.00132758058607572,0.019735225468221543,0.01731422306295075,0.00197539820801462,0.0013430373743175898,1301.0,0.0007827891448145801,0.00105480586571596,0.013091012890988041,0.012675721313933557,0.4,0.6,0.015203325792170121,0.015249381233479808,0.2,0.3,1.0,1.0,1.0,1.0,0.01969064890492308,0.020308890748058733,0.0,0.0
342,342.0,0.0004122098203936201,0.012176994755951409,0.00398750005512603,0.012656276113712011,0.0031807899692177302,0.00612585701893624,0.0025050867641776,4.405383069813252,3.386782668111846,0.2779028862249106,0.0125185187554084,0.00250055511861656,0.014159478998843853,0.00277860169513821,0.020113109983775062,0.017356878167721114,0.01751930587925012,0.008122614282183301,0.0197060124888119,0.01734613312227292,0.0015374072361737,0.0019683944061398,1350.0,0.0007635010097262099,0.00102033225403442,0.013124818690260448,0.012764428297698121,0.4,0.6,0.015640707853174698,0.01600955141243505,0.1,0.3,1.0,1.0,1.0,1.0,0.019166831146670758,0.019707512111038442,0.0,0.0
343,343.0,0.00038337563518851,0.0121687752274178,0.00398461479808443,0.01265263541250955,0.0031778120232452897,0.00612257756173991,0.0025050405623373998,4.817032752139494,4.591953646624461,0.17960140861105173,0.012515265455080329,0.00250040637844105,0.014155822376130792,0.00277865259981824,0.020133850955381,0.017353262577070948,0.0017045094398781102,0.00140204983763392,0.0201061450808772,0.01735143116814308,0.00144562101922925,0.00139390076510604,1351.0,0.0007666356988299801,0.0010232765990545998,0.013125911059389747,0.0127657742105287,0.4,0.6,0.01566740322398949,0.016038738233200397,0.1,0.2,1.0,1.0,1.0,1.0,0.0191692278499871,0.019709970053304,0.0,0.0
344,344.0,-1.3767694291927385e-05,0.01196199902503365,0.00424941690388477,0.01260669975001219,0.0033026307161125,0.0061022335938266895,0.0025028184431557,5.000831732433289,4.4403267206158485,0.15035680860746647,0.01249576723172033,0.0025082665204325502,0.01422744164496637,0.0027859926961338096,0.020525243513299256,0.017276712459555966,0.0023995006224140102,0.0014497558819129598,0.020158514819058886,0.01738543530742274,0.0014631723053752902,0.00142774889245624,1400.0,0.00074933776295112,0.00099258897572337,0.01285800261555455,0.01283409059833803,0.4,0.6,0.01621414464659028,0.01635720207409253,0.1,0.0,1.0,1.0,1.0,1.0,0.01876904612056829,0.019196564880630623,0.0,0.0
345,345.0,0.00013134652710684373,0.0119717533399101,0.004276724836898371,0.012614054299404579,0.0033060222946867,0.006116259448967639,0.0025027739252565,5.380050576850772,5.31533288822975,0.09830065856222059,0.01249720078679211,0.00251045490810409,0.014229088907957418,0.00279041587810055,0.020381014794689532,0.01728647815718195,0.0021875676233320805,0.007861139252781809,0.02053346620476872,0.01728241444022572,0.0014958281302824101,0.00210666968487198,1401.0,0.0007526374318617801,0.0009954650334556,0.012873298333962191,0.012838827049875162,0.4,0.6,0.015971574134885088,0.01611115948093978,0.2,0.1,1.0,1.0,1.0,1.0,0.019132810105935993,0.019744612281671257,0.0,0.0
346,346.0,5.970192186409987e-06,0.0118931884021097,0.004408993703789719,0.012676144557584802,0.0035680014864617796,0.006206922782722319,0.0025006313979787005,4.903106546332128,4.287354541546665,0.11055588405579327,0.012484250425169268,0.0024929172656631303,0.014251739137332372,0.0028003746077683205,0.0205650917276431,0.01721812474962043,0.00393704846501345,0.00372016089968378,0.020396011119997823,0.017297952044866262,0.0015200242167338301,0.0014979080762713602,1450.0,0.00074069304961367,0.0009654632212960599,0.01278732612561741,0.012732821840849229,0.4,0.7,0.01610819668188096,0.0164062612575494,0.1,0.0,1.0,1.0,1.0,1.0,0.01908452050677626,0.019972005510587938,0.0,0.0
347,347.0,0.00012683077733008998,0.0119009393779971,0.00442868661298046,0.012677895211554917,0.003375583326023641,0.00620729029043736,0.0025005884469306004,4.0705392140196635,4.6125779123744,0.09066630913875993,0.01248484261325086,0.0024898836653989604,0.01425172491414741,0.00280312390628843,0.020457331893553487,0.017239492323994618,0.0017821287736296202,0.0015441171824931701,0.02056706951772411,0.01722316149475444,0.00154742598533625,0.0021178018301724905,1451.0,0.00074363211762092,0.00096824551864857,0.01281670884452569,0.01276163279693866,0.4,0.7,0.015993888890401438,0.01626426643852389,0.1,0.1,1.0,1.0,1.0,1.0,0.019351031876285653,0.01993801380284007,0.0,0.0
348,348.0,-0.00021241032632372995,0.0117887381842614,0.0044546835669135604,0.012713345330393028,0.0035016448051531602,0.0062181797406668906,0.0024985615869182005,5.385405038739554,5.730336285079829,0.08850700512994075,0.01248700956876166,0.00248368778226673,0.014346292217157868,0.0028186715624841,0.02096402215311353,0.017253858514500942,0.0018278618576004703,0.0015467670978977699,0.02047309774085598,0.017283001312374417,0.0015711732674389598,0.0015238159801810598,1499.0,0.0007240760294108201,0.0009410008477062301,0.01284319625202327,0.01267892546076702,0.4,0.7,0.016675712721191706,0.016781871561984022,0.2,0.0,1.0,1.0,1.0,1.0,0.01902019707104789,0.0199104087806052,0.0,0.0
349,349.0,-0.00020050226993474003,0.01178407434338077,0.00445341514082571,0.01271029263588123,0.00350056689123283,0.00621879798624331,0.0024985200691228994,6.83139489563182,7.147943619848229,0.09597454753238706,0.01248599884142775,0.0024841021125207403,0.01434477569163245,0.00281844063416366,0.02095906005393716,0.01726119759080219,0.00183852070476855,0.00155713818967336,0.02097168826728766,0.0172594065618252,0.0016063172137364503,0.0015621570171787899,1500.0,0.00072692064221016,0.0009437007755428401,0.01284556046813937,0.01268041015773044,0.4,0.7,0.01666495871487919,0.01676453477654013,0.2,0.0,1.0,1.0,1.0,1.0,0.019034543676171932,0.01993530380426303,0.0,0.0
350,350.0,-0.00020354859459927,0.0117812411186583,0.004452089240016781,0.01270725494274225,0.00347516335935298,0.00621343716066752,0.0024984785795943002,5.554093804792501,4.8480006698984655,0.11989094701129943,0.012484305661114681,0.0024834966482886003,0.01434328512790716,0.0028181985628317396,0.02095696318428058,0.017255244081696132,0.00268775934819127,0.0015774315455927997,0.02095201593573166,0.01725720621902436,0.0015735101886093102,0.0015165647957473502,1501.0,0.00072976195206007,0.00094639541161779,0.012842852198888898,0.01267807252331644,0.4,0.7,0.016669878253430685,0.01676629942363374,0.2,0.0,1.0,1.0,1.0,1.0,0.019101501018061202,0.01991695231434036,0.0,0.0
351,351.0,-0.00033383810869645005,0.01177914733997915,0.0045061569181324606,0.012718420569124058,0.00359822445906869,0.00621253291428589,0.0024964794466353995,6.255227585369721,7.385075252596289,0.09668295821174976,0.01246928060533233,0.0024880137483174304,0.014351185592936572,0.0028034759971945896,0.02101191433380063,0.017224381731972445,0.028421911038458304,0.00242645950056607,0.020939147881777316,0.017251199968032337,0.00165095652919258,0.0039052874548360103,1550.0,0.00071577876035551,0.0009198682058529199,0.012869616462765882,0.01255591728938003,0.4,0.7,0.01680307398430331,0.016808430896506733,0.2,0.0,1.0,1.0,1.0,1.0,0.019143177727856918,0.020062488842873472,0.0,0.0
352,352.0,-0.00033485673392363,0.011772351792194099,0.004505574933489371,0.01271606800091285,0.00359822445906869,0.006210852767463789,0.0024964393235323004,7.431608832417988,6.833030451741069,0.08254956218879665,0.012468568283447602,0.0024877418003880795,0.01434939911146258,0.00280376460962804,0.02100740889057234,0.01722015086924214,0.0025759707903489,0.0041800015373155,0.021005709068871455,0.01722019113093051,0.0018143527675419501,0.00156705118715759,1551.0,0.0007185301359157999,0.00092248723670438,0.012869931616791699,0.01255617271430437,0.4,0.7,0.016798146495349348,0.01680767954018731,0.2,0.0,1.0,1.0,1.0,1.0,0.019143177727856918,0.020062488842873472,0.0,0.0
353,353.0,-0.00045998869409353524,0.01167889840795568,0.00451154474216057,0.012695364936037862,0.003527227332438979,0.00617987908632941,0.0024945050001306006,5.39470018511638,6.207835578825325,0.057341548823751455,0.012460934155890741,0.0024978693163506802,0.01436397601143175,0.0028134361268990194,0.02116829000921524,0.01724644041731701,0.0021790268365293195,0.00238614755216982,0.02098031851987811,0.01719855822520973,0.0016990215750410597,0.00154961992520834,1600.0,0.00070944572903993,0.00089735937287865,0.012902731698606548,0.01260375445184162,0.4,0.7,0.017079733045123342,0.016952489495502526,0.1,0.0,1.0,1.0,1.0,1.0,0.01919008449689024,0.02013334292936824,0.0,0.0
354,354.0,-0.0004581636132183381,0.011668381902147622,0.0045093959540226,0.012695474621403718,0.003527227332438959,0.006184460051047851,0.0024944661573143003,3.868553790799342,4.640130674978718,0.05329579978715624,0.01246199461361002,0.0024977297709407,0.014364065007602043,0.0028113891933968195,0.02115704762769843,0.017244194439651313,0.0031955473124980205,0.00174641257617619,0.021159252208972024,0.017241336089080742,0.00161761415656652,0.0023730870801955,1601.0,0.00071211863896112,0.0008999151990554399,0.01290676902472182,0.01260726781213023,0.4,0.7,0.0170784911749293,0.01694797243608968,0.1,0.0,1.0,1.0,1.0,1.0,0.01919008449689026,0.020133342929368258,0.0,0.0
355,355.0,-0.00066529303571445,0.01153629135802537,0.0043651810882285,0.012688115633837222,0.0035291731521470498,0.006144038162496901,0.0024925926195785006,4.202793676964939,6.444269527681172,0.09793672254309056,0.01246181287419679,0.0024973246066389205,0.0144423602533752,0.00283774101933118,0.02136213414475918,0.01726198671846614,0.00794810259249057,0.00202568357344711,0.02110311656389386,0.017199368008971268,0.00184345697052774,0.00163101830985392,1650.0,0.00070353386929622,0.00087628808782223,0.013124285562291022,0.01244089895079725,0.3,0.7,0.017187106334297934,0.017359273322604528,0.0,0.0,1.0,1.0,1.0,1.0,0.01899283864995325,0.019983879624662828,0.0,0.0
356,356.0,-0.00066142834214374,0.01152915393134747,0.0043584682643814,0.012687584168472871,0.00350973715058145,0.0061417592370109604,0.0024925549787770005,5.5823806066298856,6.443507892661728,0.06464367459993806,0.012463438987667599,0.0024981798326457303,0.014447710178685128,0.00283683036842299,0.02135570936877645,0.017263491862456782,0.0033953068777918304,0.0019766772864385903,0.02136132992137923,0.017260433391383813,0.00176835793536151,0.00161464638076719,1651.0,0.0007061338652274301,0.00087878145456939,0.013186368920211761,0.01245480745922726,0.3,0.7,0.01718619163572868,0.01735435945507052,0.0,0.0,1.0,1.0,1.0,1.0,0.01906943067075676,0.02013155772263562,0.0,0.0
357,357.0,-0.00051311580155058,0.011428358403162262,0.004451012032163039,0.012729038286469346,0.00354723731681798,0.0061427420788484795,0.002490738564949,6.331503733829595,5.430179629707709,0.07843567279633132,0.012475416181802538,0.0024934248592652095,0.01451780342419468,0.00284026650982745,0.021245443713578872,0.01723486203945203,0.00277326626237477,0.00200229051988566,0.021473054421175933,0.017317135281141267,0.0018388909054919598,0.0016738614067434699,1700.0,0.00068912759190206,0.0008564974232840101,0.01301142391655492,0.01229648974497099,0.4,0.7,0.01684037567778057,0.016975125473854512,0.1,0.0,1.0,1.0,1.0,1.0,0.01916799032668771,0.02017459263641299,0.0,0.0
358,358.0,-0.0005135436501070999,0.011429722935113462,0.004446045292311421,0.01272582709822164,0.00353004228941972,0.00613565775139006,0.002490702054829,6.050163975008763,6.2107669281074775,0.13226199399214233,0.01247367305600049,0.00249298411544535,0.014516140091371532,0.0028401628471430304,0.02124385439430395,0.017231708286811108,0.0028977186186238497,0.00255305066239084,0.021242532097224064,0.017231135558673637,0.0035546855302526895,0.00168819159734988,1701.0,0.0006916432230651899,0.00085891410883265,0.013009541545008479,0.012294308424105359,0.4,0.7,0.01684175442771039,0.01697554165126957,0.1,0.0,1.0,1.0,1.0,1.0,0.0191662923657845,0.02016940352537754,0.0,0.0
359,359.0,-0.00045940801065713,0.011488684127948429,0.00437140627349191,0.01274118033583323,0.00360371352236897,0.006134865008869389,0.0024889748885045,4.880357856466435,4.674367001396604,0.03851911497768011,0.012473872904397599,0.00248681284617092,0.014521004099700441,0.0028291802215899805,0.02112209542736858,0.017217872563572982,0.00207693064585323,0.0019223961513488998,0.02124956823614441,0.017247409555501282,0.00250689075328403,0.00172417769208546,1749.0,0.00067564493189762,0.00083822394077167,0.01294229494136287,0.01231073659306844,0.5,0.7,0.01668609695223629,0.01687206106981359,0.1,0.0,1.0,1.0,1.0,1.0,0.01901494941055161,0.01997592744314488,0.0,0.0
360,360.0,-0.00046530797937739,0.011496410463665212,0.004369251607847171,0.012745661249163959,0.0036059771388161493,0.006135765082587719,0.0024889394231693003,4.316078046499752,5.943897740566172,0.07563022763933984,0.01247531364777444,0.00248723663785938,0.014522425735921548,0.0028359507165462297,0.021149474290262826,0.01722031513934376,0.0026857944205402797,0.00337053707335139,0.02112640669544885,0.01721876570249505,0.0019496772438287297,0.0017170505132525602,1750.0,0.0006781023729719501,0.0008405864294462699,0.01294392416204285,0.012316275438907651,0.5,0.7,0.01677460604796652,0.016872224991981523,0.1,0.0,1.0,1.0,1.0,1.0,0.019011334615758477,0.01997151202101502,0.0,0.0
361,361.0,-0.00046226545888663,0.011500338794592422,0.00436230207334708,0.012749753633106379,0.0035994871244845795,0.006139348060056579,0.0024889039785414005,6.105986326513812,5.51541040178854,0.11140500586479898,0.012474764968662708,0.0024876158185054504,0.01452171617932084,0.0028365658709608495,0.02115191748550726,0.01722556487740748,0.00223590286914255,0.00181019986048336,0.02115614270003712,0.017225031740985948,0.0018338629743083802,0.0016960636246948799,1751.0,0.0006805544108063799,0.0008429431789192899,0.0129469664835938,0.012313359412787262,0.5,0.7,0.01676715619464179,0.01687043932656599,0.1,0.0,1.0,1.0,1.0,1.0,0.01901786584401674,0.019978603224366513,0.0,0.0
362,362.0,-0.00024157008897693005,0.01115614960108759,0.00433083144763052,0.012724902441422251,0.0035530943140760197,0.00617414471499772,0.0024871920711585995,5.803892075573094,4.8122065653791655,0.10813007163815196,0.012473288411489699,0.00248883419428473,0.014596203613767362,0.0028267048440629803,0.020800956144171007,0.01723964245682438,0.00357558217365291,0.00205446761101481,0.0211600871106618,0.017223834182031703,0.0019612481584772,0.011301767593249629,1800.0,0.00067517015218394,0.0008230044779648999,0.01301069323556304,0.012299643900379329,0.5,0.7,0.016417082918563024,0.01653730133276497,0.1,0.0,1.0,1.0,1.0,1.0,0.01899155941753999,0.01998825865209648,0.0,0.0
363,363.0,-0.00023343923576004004,0.0111457547869084,0.00433574817620932,0.012727197453611089,0.0035583254625027906,0.006177043608461819,0.0024871576322923997,3.742193529009819,3.8839992650551722,0.11043687106575813,0.012472388593708101,0.0024895323653890103,0.014597658217786299,0.00284645682167282,0.02085528267344422,0.0172443786154644,0.00238652036059643,0.0020277705974876305,0.02080633628848088,0.017244492854624583,0.0032627241685985998,0.0018500661244615399,1801.0,0.00067755467737573,0.0008253072224725398,0.01301093845864294,0.012305248036480022,0.5,0.7,0.016484311628831128,0.016643846016077234,0.1,0.0,1.0,1.0,1.0,1.0,0.01896532979512055,0.019958038364802,0.0,0.0
364,364.0,-0.00044886771567158,0.011080023603526428,0.004290643589087361,0.012770222283926089,0.00350968030241338,0.00614399967602326,0.0024854936439371,5.7856286006048325,4.911776439868845,0.06423783269710834,0.012488783289167842,0.00248131610045023,0.014694356729700117,0.00286565837587138,0.021124278949438597,0.01724610185829978,0.00238704152870918,0.00284690165426577,0.0208622507320605,0.01724623863942968,0.00200502742081876,0.0032810786971821703,1850.0,0.0006770393502511,0.000806171353245,0.013031680869100762,0.012313480498921342,0.3,0.7,0.01691245787037725,0.016862423735553737,0.1,0.0,1.0,1.0,1.0,1.0,0.019515838540946948,0.020512403673565202,0.0,0.0
365,365.0,-0.00045568721357442006,0.011079496594693098,0.00428249028854457,0.01276715989195033,0.00350968030241338,0.0061392340830714,0.0024854601559693994,6.899928846908733,5.492958582052961,0.10315514297690238,0.012487787547672298,0.0024849371030838396,0.01469262392833685,0.0028647017600029598,0.021128084736464818,0.01725417180577665,0.01475218832492825,0.015531513676978614,0.0211207087121495,0.01724390346209591,0.00208980373572554,0.00190378297120328,1851.0,0.00067935324754872,0.00080841583329395,0.01310462757016977,0.012274122818581593,0.3,0.7,0.01682233598264114,0.0168809471269084,0.1,0.0,1.0,1.0,1.0,1.0,0.019515838540947027,0.020512403673565303,0.0,0.0
366,366.0,-0.00049749704595942,0.011063974665529419,0.0042439395205201,0.01276729152267958,0.003433370325851641,0.00612334629771699,0.0024838415069977004,8.031231691571884,4.538592566363514,0.11456695070955898,0.012498728313132219,0.0024786418908106607,0.01473668306694419,0.00285921158408645,0.021153463015996476,0.01721337395168932,0.00247478869277978,0.0027315902989357302,0.02113102510012962,0.01727696843878561,0.0020729913841932403,0.0019330961862578499,1900.0,0.00066455353599691,0.0007902044008686702,0.01309700969215773,0.012328646632761871,0.4,0.7,0.016856721227043247,0.016873369246642102,0.1,0.0,1.0,1.0,1.0,1.0,0.019613360730530396,0.02069253802249963,0.0,0.0
367,367.0,-0.0004997964999557301,0.011058724159213,0.00424958193315536,0.0127673114736578,0.00344579026621282,0.00612765035038213,0.0024838089194187006,8.149771601613612,4.689518530014903,0.22733781116548926,0.01249839159827413,0.00247777042313196,0.014737270894788351,0.00285474237742583,0.02114219072898346,0.01720871098907454,0.0059561141300946,0.0036593390861525696,0.021151601563990242,0.01721097190155719,0.0036879055900499004,0.0034374296432360596,1901.0,0.00066681450836015,0.0007923989721808202,0.013094851747393318,0.01232721966545281,0.4,0.7,0.01692503678495166,0.016753576007213788,0.1,0.0,1.0,1.0,1.0,1.0,0.01959543039943719,0.02066413884906979,0.0,0.0
368,368.0,-0.00040932053649860993,0.010919971458031169,0.00431042634109028,0.012750380636648661,0.00347469704813791,0.00612465277047706,0.0024822332322743004,5.89049569601193,4.081904892064631,0.15426268628798426,0.012545667774892588,0.0024881669980368402,0.014823224334390369,0.00289635927168647,0.02112450542542361,0.01717679997887093,0.0031558222835883,0.00423882699105884,0.021108550551450687,0.01718984705621373,0.00214312875177708,0.01352119192015375,1950.0,0.00066795659324168,0.0007751026893117601,0.01307238597456652,0.01226857734042775,0.3,0.7,0.017073138545089947,0.017027469764907658,0.1,0.0,1.0,1.0,1.0,1.0,0.019240967669300786,0.02038534827717533,0.0,0.0
369,369.0,-0.00039840283393976995,0.010897923257903532,0.00431249582489558,0.012750255960383653,0.0034779178030503997,0.00612720517867438,0.0024822014984796003,6.051060123858042,4.896167129743844,0.05922626312822099,0.012545064734777298,0.0024873089579586305,0.014823287891550718,0.0028978897869980104,0.02111517096515745,0.017175827202927468,0.007576658669859131,0.00525023445952677,0.021124309825113,0.01717627608850379,0.0021710585802793203,0.0025893277022987203,1951.0,0.00067015385613523,0.0007772461144083501,0.0130723036773925,0.01226801960500032,0.3,0.7,0.01706431385481206,0.01701328412529516,0.1,0.0,1.0,1.0,1.0,1.0,0.0192404140310153,0.020383422584000048,0.0,0.0
370,370.0,-0.00071817552639545,0.010763756061584629,0.00431951034446714,0.01279697319712635,0.0035811714263151093,0.006222582619328418,0.0024806975160735,8.184967128117568,4.2656984646106135,0.05546032912097868,0.012556930425623261,0.00248160105487598,0.014896768720756088,0.00287906626604923,0.02134957493393537,0.017193499667411457,0.00252011280972505,0.0026986562879755503,0.021176442647065488,0.01722398934115248,0.00506771504878993,0.0021352129289880003,1999.0,0.00066103922466989,0.00076110944806708,0.01306357940973242,0.012322970456868799,0.4,0.7,0.017139665559576918,0.01717751344147152,0.0,0.0,1.0,1.0,1.0,1.0,0.019449258649485986,0.020500628945720387,0.0,0.0
371,371.0,-0.00071751453752419,0.010761346247477939,0.00431744879529129,0.012798374783044481,0.003571437738554609,0.0062205587780739795,0.0024806665771598996,7.08885394053068,3.9981713606975973,0.12592341576237226,0.012556280558517503,0.00248125484100994,0.014896418677710226,0.0028794421396783902,0.02134842101939386,0.01719490773396368,0.01826535076834257,0.0021073657087981304,0.02135200170558239,0.01719513873708914,0.0022252509836106897,0.006292663980275332,2000.0,0.00066318599401671,0.00076320623803649,0.01306498875051167,0.01232352744134287,0.4,0.7,0.01713740899906257,0.01717364307436016,0.0,0.0,1.0,1.0,1.0,1.0,0.01945920893306643,0.0205080503586961,0.0,0.0
372,372.0,-0.007302598819852629,-0.002189849556543175,-0.007302599397363871,-0.0021898494000916952,-0.008333459886777661,-0.00833345988677764,0.0024014069243239,0.4937695581233129,0.2951457190094516,0.19940554720815268,4.791781217025919e-35,1.3594353333145696e-19,4.791781217025919e-35,1.3594387927171863e-19,-0.002189834808709515,-0.0021898347814642964,0.0024014298804104,7.72712985053567e-05,0.0,0.0,8.476637303828481e-05,7.408810779451467e-05,0.0,0.049337599413432756,0.009605628920063511,0.04316412915756668,0.043250822140147534,0.0,0.0,0.0431640393685643,0.04325075905456386,0.0,0.0,0.0,0.0,0.0,0.0,0.05126863111629858,0.05086836618453862,0.0,0.0
373,373.0,-0.004847215296482001,0.00012833894146461555,-0.00484721528694394,0.00012833894163896648,-0.00562023305344851,-0.005620233053448471,0.0023904861257203,1.1797454768093303,0.6858631286770105,0.1671860356582328,3.597383188430519e-35,8.388216427147797e-20,3.993151014188267e-35,1.2853316989017243e-19,0.00012834604455365942,0.00012834604420270754,9.498025756328564e-05,7.633313070982231e-05,0.00455032695445734,0.004550327010258889,7.090936414896892e-05,6.962702609598636e-05,1.0,0.06656836979470784,0.04703046047306273,0.03639082123211252,0.03591327044081637,0.0,0.0,0.036390821239531704,0.035913270452561846,0.0,0.0,0.0,0.0,0.0,0.0,0.04264220057999461,0.042353752299534926,0.0,0.0
374,374.0,-0.0013421514680620695,0.00402237705106374,-0.0013421514585283,0.0040223770472112095,-0.00254362872756827,-0.00162241981884836,0.0023663770566003,1.9325888115912675,1.2956822524778544,0.21065705239307136,3.3867783007477855e-35,8.871122858708052e-20,2.662100676125511e-35,9.553258504040235e-20,0.00402238189350906,0.00402238188803049,9.55992378294303e-05,7.554027251899242e-05,0.013197714126003169,0.013197714150054479,6.937917787581682e-05,6.767925806343556e-05,4.0,0.05756085619664671,0.051158769691102536,0.028367532508396475,0.02715965290115251,0.0,0.0,0.028367532549188883,0.027159652939748986,0.0,0.0,0.0,0.0,0.0,0.0,0.034019334256531024,0.032881272592771425,0.0,0.0
375,375.0,0.00015091106442102,0.00512370612170991,0.00015100908655274028,0.005123709207912891,-0.0011127231122227497,-0.0004227060947596402,0.0023601521907147998,2.6138437191955743,2.6624638609122484,0.3709977573947981,3.641425112975625e-35,8.686885722935881e-20,2.3958906085129596e-35,8.668694266320168e-20,0.00512365440735643,0.005123654330750371,0.00010183632839470115,7.60842114686966e-05,0.00814537828221033,0.00814537828293691,7.649322506040335e-05,6.990514229983091e-05,5.0,0.05505093479567125,0.05005160809224892,0.026500704955069475,0.024620728585696323,0.0,0.0,0.0265007333771042,0.02462072574540459,0.0,0.0,0.0,0.0,0.0,0.0,0.03136984172444725,0.02881871341023401,0.0,0.0
376,376.0,0.00092748263955072,0.006849868189647021,0.0009274644262960701,0.00684987083162204,0.00033835668440374017,0.0017060748673843,0.0023403823153064995,5.531840713787824,4.2576339395716785,0.6435932472348214,3.0999064729004436e-35,7.374229494626896e-20,1.7113504346521136e-35,4.8095269372429367e-20,0.0068498143618809905,0.0068498147307721104,0.00010069236159322226,7.624407298862934e-05,0.011456878014286891,0.01145699994114189,7.19455536454916e-05,7.155018392950297e-05,9.0,0.04508448990368692,0.042951262029138,0.02040285321394833,0.02116484143844497,0.0,0.0,0.02040305663562726,0.021164853413010613,0.0,0.0,0.0,0.0,0.0,0.0,0.023379279105629844,0.022891530248687588,0.0,0.0
377,377.0,0.0007136980525622802,0.00675941852702072,0.00071354474340428,0.00675942709984885,0.00011196350370228005,0.0016440997367572403,0.0023363490522286994,5.574539549276233,4.294777276879176,1.0155663245823234,2.743504469020969e-35,7.686846505302895e-20,1.5972604056753063e-35,4.505592368427846e-20,0.00675936769264536,0.00675936926136662,0.000282922899350503,8.41832021251205e-05,0.006817675022058889,0.00681767553909744,8.41300934553139e-05,7.618837989866371e-05,10.0,0.042113334596336906,0.041866416754213376,0.02093297295581138,0.02142124517780135,0.0,0.0,0.02093259340390593,0.02142102248712665,0.0,0.0,0.0,0.0,0.0,0.0,0.024385641604088834,0.02431959318338725,0.0,0.0
378,378.0,0.0010511392939629401,0.0076358442172610105,0.0006600879176284999,0.007369536381277719,0.0006763514974136999,0.00207073673220204,0.0023225826027819005,3.0652053100056946,2.8602520985295996,0.6710108223138377,0.00141885666145349,0.00061050354883524,0.0020332576394471802,0.0005795937068169,0.00914697339318873,0.009114176457296588,0.00010688451584424143,8.926710579544005e-05,0.010808552741218039,0.01080828281451932,8.524120785294099e-05,0.05014748377725482,14.0,0.032519686174819804,0.03548576533568378,0.020145100895943967,0.020007770773234963,0.0,0.0,0.01888903403528874,0.01917062962626927,0.0,0.0,0.1,0.1,0.0,0.1,0.020814352705839957,0.02062305391567423,0.0,0.0
379,379.0,0.0009408758384988001,0.00759656927289324,0.00120731415650924,0.007633577958217031,-3.1896214843710016e-05,0.00209443220203721,0.0023196061887361995,2.937024728790857,2.67835854482837,0.5066731937928125,0.0016498750151700398,0.0006731643475185301,0.00244513945401073,0.0007542536680268599,0.00983867524670219,0.0094670014055172,0.00010509933345016664,8.156709372997284e-05,0.0100463998756545,0.01013105689003755,7.970018777996302e-05,8.185410406439913e-05,15.0,0.031006048162581252,0.03815097952812509,0.01843254358374279,0.01842048348603415,0.0,0.0,0.0186650087712553,0.018975019224226584,0.0,0.0,0.1,0.1,0.0,0.0,0.02312117929093621,0.02226517866591816,0.0,0.0
380,380.0,0.00063344466542543,0.00787789912674583,0.00066282156528869,0.00728471054859295,0.00010042213634539787,0.00200312475563407,0.0023090573926239995,2.818338537728414,2.9734624475007876,1.062183737847954,0.0029110523625107696,0.00104829947208303,0.0037943070608971096,0.0011488752494859201,0.010678008998408619,0.01052423196691119,0.0012439711019396333,8.915718644855782e-05,0.011280057246434359,0.010837734911750718,9.5796212553966e-05,8.390222210436135e-05,19.0,0.025680696650763706,0.036197962835238386,0.0195852721381208,0.019104889575661692,0.0,0.0,0.01946092825881587,0.019278833308198743,0.0,0.0,0.2,0.2,0.2,0.2,0.02253554558764411,0.021896409041417087,0.0,0.0
381,381.0,0.00076593175879817,0.00798476317983988,0.00036763724425191923,0.00756337877018356,-0.00037309537353815,0.00192708042136873,0.0023067020864764,2.6582077093655245,2.444396874913946,0.751886613224633,0.00309595716844124,0.0011000381948920901,0.004055556600026331,0.0012687974032102897,0.011019159143266802,0.01112824679441515,0.00011225135531274168,9.65693965554093e-05,0.011160160617446369,0.01096446009852098,8.858619257806115e-05,8.572004735469177e-05,20.0,0.024853996958524423,0.04048638255685414,0.019370580947668498,0.019088331562916328,0.0,0.0,0.018657554947343547,0.018459566957074888,0.0,0.0,0.3,0.2,0.2,0.1,0.023721923739482332,0.022998006013851727,0.0,0.0
382,382.0,0.0022892614939416097,0.00906990125386729,0.0027299124625190995,0.00888960257595288,0.0019574410600123,0.003638131318883,0.0022616788743272,1.8576024433830753,1.7452848012791946,1.015028179436922,0.007395006954262109,0.0019191024803587402,0.00848152791345174,0.0019489922487861597,0.013565456990292149,0.01361150916488863,0.00013858841266479,0.00012097340077157998,0.017896489864555297,0.01830215125421639,0.00011439530644561001,0.01063095112331206,50.0,0.011133956325358579,0.02052927302680673,0.01509246460659745,0.01489667658040116,0.1,0.0,0.01607924471085407,0.01535015097358915,0.1,0.0,0.6,0.9,0.9,0.8,0.01832751766189704,0.01873789904118103,0.0,0.0
383,383.0,0.00227164076415091,0.00905294896566925,0.00276066767464816,0.008880801917807,0.0020620028891460505,0.00360047163609548,0.0022606603019278,1.8330950296949595,1.523761553876102,0.7007524021435529,0.0075140749062599,0.0019520926314985706,0.0085720026373358,0.00203251920903364,0.013748479881865321,0.013705105197689851,0.00014727609232063,0.00011948074679818,0.013545363289810939,0.013624265931742601,0.00011705160140986,0.00011605205945665002,51.0,0.011017165555295791,0.02023692457496768,0.015138603179627032,0.014817652858285037,0.1,0.0,0.016153894332267122,0.0154209940719866,0.0,0.0,0.7,0.9,0.9,1.0,0.01837009118926547,0.018537135140781442,0.0,0.0
384,384.0,0.00307691715245717,0.00982043070878182,0.00330692576391261,0.009522736545776633,0.00215419097941456,0.00391117515038172,0.0022254112346903995,2.184200294688344,1.586567525775172,0.43456359119154514,0.009741473925155831,0.00229998750174554,0.010250847266293049,0.0022804744301294505,0.01494460400284758,0.01494174693279603,0.0023329687071963704,0.00016848142258818,0.015924793242380657,0.015535213010472537,0.00015678552445021,0.00015720319934184,100.0,0.0059319024478224,0.01063219134335551,0.014499392612520182,0.01385303803107998,0.1,0.1,0.014806322353340697,0.01403442090039542,0.1,0.0,1.0,1.0,1.0,1.0,0.01922216972380219,0.018129211232023663,0.0,0.0
385,385.0,0.00326619743101903,0.00985931716055927,0.0031341373827080397,0.00957437249013117,0.0020700180034672203,0.00394698569497859,0.0022248839445862994,2.350088913552463,2.0397828966379166,0.23261013387236745,0.00973989569445247,0.00228654894433929,0.01024188781648223,0.0022602368086361104,0.01482898569272727,0.01495534916443059,0.00018172550480807,0.00137120301369571,0.015032029363739357,0.014963736582658049,0.00015277927741402,0.00014889037702228003,101.0,0.00591829361617191,0.01057301708473079,0.01449340255936433,0.013968599315115321,0.1,0.1,0.014573630836716308,0.013790674598467889,0.1,0.0,1.0,1.0,1.0,1.0,0.01916669256078144,0.018226860058594,0.0,0.0
386,386.0,0.00373075398725192,0.010263562512735334,0.0036529066264274304,0.01036863973884715,0.002014111025966229,0.004567732087887909,0.0022038483979179005,1.9703894481761381,3.9660588916158304,0.47627395670861006,0.010533257422630787,0.00241148374342256,0.01091417630852523,0.0023859969515895403,0.015465732084230122,0.015658979171198507,0.0083182711154222,0.00020949374884361997,0.015942149867679008,0.01621842401842813,0.00026661304291334,0.00020058830268674998,150.0,0.004091197134165871,0.007215195449189931,0.01447201030693939,0.013628764597461701,0.1,0.1,0.014020217733863458,0.013304388030941158,0.1,0.0,1.0,1.0,1.0,1.0,0.020544359494473138,0.018746431350913518,0.0,0.0
387,387.0,0.0037412556196419096,0.010282691526490662,0.0035825685467411605,0.0103748972496842,0.001453565841282379,0.00456834610763197,0.0022034941087148005,1.933110820152797,1.9201464544283227,0.33014991907402874,0.01053918803549137,0.0024143565233959202,0.010923323445780422,0.0023799061548135094,0.01546591934080671,0.01565235149596113,0.00022655359935009,0.00020859467331315,0.0154802660771988,0.01567483433049874,0.00021076472476120006,0.00021287978161121002,151.0,0.00409347482074434,0.007196914024875172,0.014450354365224719,0.013611276210588368,0.1,0.1,0.01400638774940188,0.013295497558568861,0.1,0.0,1.0,1.0,1.0,1.0,0.020265686205418527,0.018843083777007896,0.0,0.0
388,388.0,0.0038743308580908506,0.010543139462599998,0.00412050691696978,0.010849754336686779,0.0027096572933029495,0.00513837883099707,0.0021884980407393994,2.252637275145389,2.134934134106152,0.3298117567319423,0.011165337752826809,0.00249039706016481,0.01148914870492707,0.0024608132229015796,0.015885169568220992,0.015614606490088317,0.0004136631963774,0.0003309169551357,0.01605051019473066,0.0163544308219499,0.00056871850974854,0.00027333097532386,200.0,0.0031662927858584905,0.00549220636636673,0.01374846312981024,0.012935142642031569,0.1,0.0,0.013843913121864417,0.013030481921515288,0.2,0.1,1.0,1.0,1.0,1.0,0.0207221595355959,0.018541559791697613,0.0,0.0
389,389.0,0.00386596811239191,0.01055674978583455,0.00409895474306044,0.010852460250019161,0.00267826854601588,0.005155609642205519,0.0021882318157704994,3.529963690484874,3.4687265802407636,0.3515410634456202,0.011169969720379098,0.0024948147430148898,0.01149574567773765,0.0024502618210162897,0.01585060131727363,0.01566534162385596,0.03459843054879451,0.00030582498293365006,0.015889990284523876,0.015632899024864772,0.00052173440344626,0.029565161094069432,201.0,0.00317282275975425,0.0054874513645073895,0.01373988494308381,0.01295478942629021,0.1,0.1,0.01385065872315933,0.01300491084045409,0.2,0.2,1.0,1.0,1.0,1.0,0.02076811132403292,0.0185367987515944,0.0,0.0
390,390.0,0.0038053310260903104,0.010639353144756749,0.00385613753737264,0.01121591173371902,0.00302047877722171,0.0055213258361626995,0.0021765893716126994,3.5430417991476135,2.6410736977355556,0.31777030450757593,0.0113592683183142,0.0024870958721279696,0.01156335009011163,0.0024175123723092296,0.01584436644405769,0.01607807064606798,0.00039336709305641,0.00122179121244694,0.01614305001451329,0.01609072651512394,0.0003048117505386,0.00029229260981079,250.0,0.0025890396528559503,0.004439713734250979,0.01386023737277455,0.013102346284409122,0.1,0.1,0.013527748969643968,0.012798381151956662,0.2,0.2,1.0,1.0,1.0,1.0,0.019245145845325093,0.018317414061285696,0.0,0.0
391,391.0,0.00377154765873478,0.010628062361613639,0.00385505555115368,0.0112009170816245,0.00300650172433039,0.00549804060460682,0.0021763764082403,2.3900878967018797,3.843272146442905,0.12205245709046719,0.011375784622169129,0.0024805305450909003,0.01157557351240902,0.0024176058832891495,0.015866568783225097,0.0160723894960593,0.00039914308581494003,0.0004173651104792399,0.01585345797070749,0.01607078926442844,0.00060331965796646,0.00032393087167288995,251.0,0.0025961027207964706,0.00443944819017813,0.013865282195305039,0.013106572087215121,0.1,0.1,0.01358566555382571,0.01283325575188847,0.2,0.2,1.0,1.0,1.0,1.0,0.01929389076468507,0.01835200371418834,0.0,0.0
392,392.0,0.0041434504939245696,0.010894531704273592,0.0038660744066434396,0.01122840161360859,0.00322163996501808,0.00564388503311977,0.0021668682827018005,1.9435335515299812,0.7555866158567369,0.10097482767887409,0.01159674576507622,0.0024527714678018,0.011775311522162619,0.0023945180073446795,0.01579840973430397,0.01614839523719072,0.0004118501208722,0.00045102916192258003,0.016076832469027618,0.01623967283117713,0.00055059541482474,0.00034410289954389,300.0,0.00219414076167533,0.003738705019515181,0.013856823562469228,0.013135303230143012,0.2,0.2,0.013609765916434698,0.012928851885767301,0.2,0.2,1.0,1.0,1.0,1.0,0.01850743283428686,0.01807417403511864,0.0,0.0
393,393.0,0.0040918419578063895,0.01088321416033811,0.003899060096332831,0.01121925755748313,0.00319787423810629,0.005618671552467131,0.0021666909683353,2.2836191881680863,2.036776345712133,0.3222532657673582,0.01159930292934833,0.0024643005288532394,0.011776842449329531,0.00239620213627234,0.01582455031890225,0.01620007323296251,0.0005564666120334799,0.00046832030639049,0.01581049245400223,0.01615606850515051,0.00051596849225457,0.00035681005101647,301.0,0.0022012612710792497,0.00374058521830994,0.01385436494006773,0.013193521253165821,0.2,0.2,0.013645635767506142,0.01294127208649495,0.2,0.2,1.0,1.0,1.0,1.0,0.018553538171924188,0.018168868551482968,0.0,0.0
394,394.0,0.00414905406113273,0.01091191317020707,0.00390467504964022,0.011241545946858781,0.0033360855703865196,0.0058454779883748195,0.0021586602770010998,1.3504227219847962,0.9509990462800488,0.09640273971017445,0.01176295462415061,0.0024728754663646594,0.011869365344580099,0.0024214768586095503,0.015874900567710397,0.016149292711703442,0.00053184127900745,0.00045117530971760004,0.01594618246379164,0.0163346674003901,0.0006514208158477599,0.00038167606107885,350.0,0.00191119903635595,0.0032336431817965297,0.013841793676994152,0.01324714973207836,0.2,0.3,0.013496245227938042,0.012831844514876938,0.2,0.3,1.0,1.0,1.0,1.0,0.01787459065315184,0.017546123500368382,0.0,0.0
395,395.0,0.00421396652363836,0.01090288149811118,0.00390208753899256,0.01120434082492998,0.00323009668195981,0.00580823547780269,0.0021585084777184,1.4154801295837387,0.7193638994824141,0.051983114355243686,0.011757710028906321,0.00247404800030076,0.01186457679858949,0.0024296694384834,0.01585472116492734,0.016138572081968217,0.0005602955585345099,0.00047843032516534,0.01586068087733546,0.01613173111940442,0.00065475387964393,0.00038207604084159006,351.0,0.0019179664729493198,0.00323659720910221,0.013841859776093571,0.013260419611783822,0.1,0.3,0.01355314532609253,0.012904422157334821,0.2,0.3,1.0,1.0,1.0,1.0,0.01844489477946971,0.01772896327079962,0.0,0.0
396,396.0,0.0037914457005326905,0.010923311175987821,0.0038166962516259693,0.01121201102436234,0.0029402450241120797,0.0057644756495475805,0.0021515608493682006,0.9876806532265618,0.8152079631807283,0.25573534837458284,0.011786295401616608,0.0024864060918907203,0.011934018646262052,0.0024618267752232704,0.016088106044663073,0.01610573575360756,0.0005228464026003699,0.00069354095030569,0.015970767681963337,0.01618430405794476,0.00057958059478545,0.00043469520751382993,400.0,0.00170113465212645,0.0028584488372809897,0.01364837574124383,0.01331288148270555,0.1,0.3,0.013522682768865849,0.01314553100778664,0.2,0.2,1.0,1.0,1.0,1.0,0.017941970198012643,0.018368969736399975,0.0,0.0
397,397.0,0.0038098922314466696,0.01090178892727731,0.0037946208541728707,0.01122130731770331,0.00290471655319725,0.00574667328351759,0.0021514282047555996,0.8705564171308652,1.2104890376329422,0.13023005882278083,0.01179976607450238,0.0024875088033608694,0.01195008296346267,0.0024625150521454197,0.01606194211559091,0.016122286639621168,0.00058214743621642,0.0007673488231375299,0.016090646839691112,0.01612786490259604,0.0005900806747376399,0.00044070119038219,401.0,0.0017078113262247198,0.0028622393727626696,0.01360529099287058,0.01325889720033401,0.1,0.3,0.013446885832132698,0.01313191739039001,0.2,0.2,1.0,1.0,1.0,1.0,0.01780708858211854,0.01836649286565313,0.0,0.0
398,398.0,0.00391691422223055,0.01114387663955856,0.0036741911797930097,0.011561210359485732,0.0026795087667717096,0.00590092432966126,0.0021453083530851005,0.9667628335766494,1.6762171435169875,0.21733512892387802,0.011904234454658309,0.00250008852296275,0.01201517557138711,0.0024634737888296204,0.016207793272238882,0.0164703771004311,0.0006650740047916201,0.0008737792028113799,0.016307194971499198,0.016460029063585492,0.0012026200536638,0.00053255560342219,450.0,0.00153856712879556,0.00256570302088472,0.01381178397511502,0.013303764442984239,0.2,0.3,0.013526144496060408,0.01301779534956019,0.2,0.3,1.0,1.0,1.0,1.0,0.01839978175755235,0.018845572351336447,0.0,0.0
399,399.0,0.00390626462822107,0.01116512018317632,0.00358940860545725,0.01155654862502424,0.0026680097673205698,0.005895166259131559,0.0021451906115734004,1.2089602848747745,1.689552882872522,0.09373071521986272,0.011912645637292631,0.0024864062852190502,0.01202038880621715,0.0024396401657435797,0.01614116533612507,0.016459219298094054,0.00120084511581803,0.00082366908900434,0.01622818703073496,0.016471917345155192,0.00121826932299877,0.00054385736584659,451.0,0.00154473738091624,0.0025696000142560703,0.01381062717320503,0.013278796253449267,0.2,0.3,0.01343099755433825,0.01300587967315182,0.2,0.3,1.0,1.0,1.0,1.0,0.018395977738486058,0.018837760621059033,0.0,0.0
400,400.0,0.003996027217610309,0.01132278234554487,0.00383931190977483,0.011644097879727481,0.00267140635898222,0.00593071625881177,0.0021397238339333,0.8434330477379263,2.992390212207101,0.12296000891365111,0.01191537840290519,0.0024470864911263898,0.01200003944433932,0.002447588353496181,0.0163607699007381,0.016449879480475767,0.0006565769901498602,0.0010902938432991002,0.01621604978507727,0.016619638318251688,0.0006007937015965199,0.0005837926641106201,500.0,0.00140426703069728,0.0023281392659181997,0.013742873841872569,0.01329748690444324,0.2,0.3,0.01367480866649572,0.01322273105322593,0.2,0.3,1.0,1.0,1.0,1.0,0.018780791402752257,0.01900529173325612,0.0,0.0
401,401.0,0.00399210244560255,0.01132115579232837,0.00382722646639362,0.01162622434882056,0.00268160741404872,0.005932147666150739,0.0021396180143673994,0.8979318724013865,1.7024777828715743,0.1911107709398493,0.011916535526516902,0.0024509145579133503,0.01200357656663618,0.0024503287576721202,0.016361399216336312,0.016457379263902026,0.00074421123135829,0.0009791506687178901,0.01635542423917643,0.01644682634259943,0.0005730925127863499,0.0005828427849336901,501.0,0.0014102400064169801,0.00233208429934294,0.01376513880104109,0.013307745008834559,0.2,0.3,0.013678705637393231,0.01322296144045298,0.2,0.3,1.0,1.0,1.0,1.0,0.01883833171939798,0.01902815640991462,0.0,0.0
402,402.0,0.00382378722473495,0.011332642289830951,0.003727206296103539,0.011656106781979161,0.0029659737811083904,0.005935399235575621,0.0021346795228722004,1.5712001028936355,1.298511546291411,0.12354992728214706,0.01209645094202629,0.00250655777949325,0.01212494245855479,0.00250053783800656,0.01660178643963542,0.016654094942223387,0.00078166418243194,0.00080393410753453,0.01647209494510953,0.01657786827777263,0.00063826870173211,0.00056589546147729,550.0,0.00129524021542322,0.00213426517874002,0.01391526724351615,0.01335000419194172,0.2,0.3,0.01383995807614766,0.01339488991634855,0.2,0.1,1.0,1.0,1.0,1.0,0.019517315191700857,0.018970430114285845,0.0,0.0
403,403.0,0.0038257954087850396,0.011317278990601089,0.003716627747471171,0.011655763112880989,0.0030792406163005002,0.00591698911349533,0.0021345834548225006,1.2546322078909724,1.2407804222544656,0.15386673551984129,0.012102973702448911,0.00251003831508577,0.012132120774559607,0.00250294362681439,0.01659214963613739,0.01665897514032265,0.0013980285730212402,0.00085718734189862,0.016587169103434482,0.016638050011237325,0.0006097647361456899,0.00056068561971182,551.0,0.0013007227988583703,0.0021382342217474704,0.01392001132962523,0.01335715113866916,0.2,0.4,0.013840221649914669,0.013392786861893291,0.2,0.1,1.0,1.0,1.0,1.0,0.01943436210190364,0.018804402460734383,0.0,0.0
404,404.0,0.00398083119505097,0.01159105716829267,0.0037151190596322304,0.011726789643903439,0.00269394385345026,0.00588911681032257,0.0021300810282364998,1.904050727887079,1.435323256137781,0.20359505491796875,0.01216967211971701,0.0025143119106505103,0.012150668003587658,0.0024702554862528502,0.01648253286720505,0.016801175406574352,0.01064983548130835,0.00098920869641001,0.01668225229179412,0.016752944454709116,0.00119405819568776,0.0006120047066360299,600.0,0.00120602480145081,0.0019722218719416405,0.01378571490678944,0.01346871596910886,0.2,0.3,0.01350112330372744,0.01334072302701914,0.2,0.2,1.0,1.0,1.0,1.0,0.01969909562642135,0.01993690460172056,0.0,0.0
405,405.0,0.003981631759903721,0.011581760667989171,0.00371347335266265,0.01172011165077924,0.00269681634612061,0.00588408941168219,0.0021299930828385,1.367596060130745,0.9262665062211454,0.16211830012034623,0.01216724866706078,0.0025146953412020197,0.01215034490425833,0.00247303808670345,0.016468604542590547,0.01678869202809812,0.0007583441678434101,0.00112527094315732,0.0164698360849169,0.01678785592801449,0.0006782429758458799,0.0006094834534450899,601.0,0.0012111705456430701,0.0019760385186717304,0.01378679864755152,0.01346988138523729,0.2,0.3,0.01349568023804674,0.013357828252673102,0.2,0.2,1.0,1.0,1.0,1.0,0.01968749888427817,0.019927112525715152,0.0,0.0
406,406.0,0.004086476042850189,0.011751314310713051,0.0037778893378130596,0.01188102401839123,0.00285798309386575,0.00590272901456167,0.0021258566509139995,1.9153583055362104,3.3272040511947125,0.3338935889303684,0.012176965371429878,0.00252499859886594,0.01226379598564354,0.0025201537796299502,0.01666151446377718,0.01691142494901595,0.0008264721371233,0.08704538990277795,0.016700656403842492,0.01698349659347528,0.00074870509561147,0.00113115727435792,650.0,0.0011299406757198699,0.0018346262616309801,0.013727893389496797,0.013308599714286112,0.2,0.3,0.013378475292887899,0.01297741276920504,0.2,0.3,1.0,1.0,1.0,1.0,0.02010242421620438,0.020582276267651738,0.0,0.0
407,407.0,0.00410753400740238,0.01174195409997697,0.0037797547732308806,0.01189285539780027,0.00287338381710467,0.0059124460415715405,0.0021257755747688995,2.4552078855223956,1.6676156204426662,0.12327547718305139,0.01217679913985769,0.00252277322264911,0.012266215299701871,0.0025180301775181396,0.01663222776096192,0.01691127350174208,0.00139934972394252,0.0017707124352454601,0.016671559803120788,0.016919827078319738,0.00072065491694953,0.0006717339390888298,651.0,0.00113474046951208,0.0018383340562633202,0.01372782208125943,0.01331833410029035,0.2,0.3,0.013287239403406578,0.01295698575820571,0.2,0.3,1.0,1.0,1.0,1.0,0.02010576142460407,0.02059849318751942,0.0,0.0
408,408.0,0.004145175346188629,0.011861947567224569,0.004025099375894381,0.011916446416038659,0.00289898213719716,0.005837196799242229,0.0021219506568843994,1.536080811941065,1.647605123720132,0.18891047013457865,0.01217843611196252,0.00251115839970873,0.012389419193038428,0.0025128803708958404,0.016539362961873683,0.01667588462525867,0.0030928640393539804,0.0011507421964778901,0.01669217707523959,0.01692740556163442,0.0007680531358345799,0.0007582031190395001,700.0,0.0010646725221736498,0.00171665959172843,0.01331193284649571,0.013158078263147941,0.3,0.3,0.01331216552388014,0.012876842285514547,0.3,0.2,1.0,1.0,1.0,1.0,0.019752082635888436,0.02023311109528822,0.0,0.0
409,409.0,0.00414217253246961,0.01185690706026948,0.00379015957147382,0.01191054333974643,0.0029124365966877,0.00584317391962022,0.0021218754650553996,1.8639889495214448,3.9368766930652783,0.2814454391365871,0.01217566944896637,0.0025174047825406503,0.01238839154305196,0.0025116966490322796,0.016534783141699823,0.01687302166601731,0.0009181466186418601,0.0199581647990271,0.0165350343355055,0.016674175938054175,0.00074710089247669,0.00073740084189917,701.0,0.00106919562132251,0.00172024702429231,0.01347192623779742,0.01332168775224526,0.3,0.3,0.013311623535841699,0.01288357430195899,0.3,0.2,1.0,1.0,1.0,1.0,0.01973168860696453,0.02019210197672113,0.0,0.0
410,410.0,0.0040732681399185304,0.01191994754069996,0.0039252288471339,0.01195737145519955,0.00315673596740709,0.005888525115419119,0.002118318869762,3.1677708335919306,2.6161059494828804,0.20544287364464248,0.012214777744910709,0.00249988128839968,0.01246324503266399,0.0025496776072390604,0.016767288005941648,0.01674610271294462,0.0009898785501718198,0.0011303169419988502,0.01658652065978524,0.01692821188126702,0.00083452817052598,0.030156882479786828,750.0,0.00101675813808502,0.00161393525996763,0.013384783159733692,0.01308269158720611,0.3,0.3,0.013389800382505219,0.012977946442993687,0.3,0.3,1.0,1.0,1.0,1.0,0.02034626819711078,0.020645385301960563,0.0,0.0
411,411.0,0.00406366150408959,0.01190976057095856,0.003921138260872229,0.01195266241532376,0.0031563822466641003,0.005884865070816479,0.0021182487743241006,3.241514612780884,2.313404114358127,0.1878334460780024,0.01221034223869523,0.0024991810919004894,0.0124604478431023,0.0025480554886547803,0.016757706690987383,0.016738041170717668,0.0010138468118384002,0.00107019401621069,0.016756018612299323,0.016737083187610937,0.0008110342314466199,0.0007835630327462601,751.0,0.0010210181548640502,0.00161740084555658,0.013386038525051191,0.013084349830147399,0.3,0.3,0.01340708755474953,0.01298814032192248,0.3,0.3,1.0,1.0,1.0,1.0,0.02033927997930688,0.02064117858599256,0.0,0.0
412,412.0,0.004027953179989521,0.01184600635832192,0.004041573415749089,0.011914035486163741,0.0031032631151192,0.005805169199438331,0.0021149256853671,1.6737200193339958,1.8638576751342044,0.21945696691982444,0.01221084769425022,0.00250927291327999,0.01255611791096283,0.00258048652796151,0.016856155986214157,0.01666269127297563,0.00095150258857752,0.0186499350937083,0.01673193111758725,0.016721128894251723,0.0009056504350155,0.00108553294558072,800.0,0.00097408164074766,0.0015238573580822197,0.013387152942813691,0.013083625109982589,0.3,0.3,0.013587703819633428,0.012957271284142821,0.3,0.3,1.0,1.0,1.0,1.0,0.02044813258943294,0.02112373281278854,0.0,0.0
413,413.0,0.004029162586484921,0.01185019078267923,0.00405861432282043,0.01191274591683357,0.0031048647371182897,0.005789798752536291,0.0021148600462257,2.7502866393188015,1.9538244321243838,0.1632232802221551,0.012208583120092301,0.00252152730136666,0.01255714166715938,0.0025810111250397097,0.01686069223076382,0.016697514140919058,0.0010139315156265701,0.0013122115051373401,0.01686211381411399,0.016663281518656446,0.00149620401207353,0.0008032549871131199,801.0,0.00097815607842446,0.0015272182743724,0.0134129240620374,0.013098552371727601,0.3,0.3,0.013591052431864361,0.01294621013400353,0.3,0.3,1.0,1.0,1.0,1.0,0.020441114407287832,0.02112230136769684,0.0,0.0
414,414.0,0.004167710575676141,0.011936003723064751,0.004121671921660139,0.01188537578758086,0.003151501514086981,0.005746025188881719,0.0021117419912566006,3.1697611398296432,2.1280566370580347,0.2995224004378542,0.012279896403997539,0.00254100701906235,0.01273109396306693,0.00260416994451933,0.01674569210367839,0.016710207175719752,0.00403224385809149,0.0013048395281657,0.01693028026289417,0.0166849294191874,0.00088112435769284,0.0008280935930087701,850.0,0.00093100393670723,0.00144478329680183,0.01335736671734582,0.013116570276553972,0.2,0.3,0.01336215748988245,0.01285646654371612,0.3,0.3,1.0,1.0,1.0,1.0,0.020336722377514167,0.02099538428776337,0.0,0.0
415,415.0,0.004018905576390641,0.011958103562246681,0.00405559974912874,0.01190165048054935,0.003153962608182081,0.00574932800715243,0.0021116802813976004,1.5895132547710091,2.130267982603982,0.16648232997395096,0.012282393715372309,0.0025425298041038802,0.01274789148245943,0.00260603008468126,0.01676971214247414,0.01674296050802989,0.0015756780048831799,0.0027444531442596897,0.016757509420910012,0.01672209099044083,0.0009134365245699301,0.00085389625746751,851.0,0.0009348772642276501,0.00144804742174525,0.01339838218817592,0.01311778609234055,0.2,0.3,0.013404470886579239,0.012895565864412312,0.3,0.3,1.0,1.0,1.0,1.0,0.02033450739282858,0.02099267708425876,0.0,0.0
416,416.0,0.00371354513807709,0.01196663907327017,0.00422925788511618,0.011895525121598699,0.00306051807978503,0.00586688298677772,0.0021087436809368,2.018957913503982,1.4812218306818976,0.18827161802910264,0.01228120321803363,0.00253265600412879,0.01288501755272749,0.0026146324770946797,0.016708005995563047,0.01670925748749656,0.0022099778987466796,0.0025591407902538104,0.01679593765369179,0.016772247854808513,0.00100007080473002,0.0009528583614155201,900.0,0.0008936323466776098,0.0013742595727670801,0.013460062875363037,0.012892889133156338,0.2,0.3,0.013292959042063549,0.01270199725235786,0.3,0.4,1.0,1.0,1.0,1.0,0.020405101569447904,0.02099919067633903,0.0,0.0
417,417.0,0.0036897494278677703,0.01196465406273277,0.0042368630176633105,0.01189118767347353,0.0030340881634345297,0.0058597388880077,0.0021086854613126997,2.051929102814756,1.7340692206984385,0.25184420270379626,0.01227959140249249,0.0025352825252948795,0.01288726634865212,0.00261518803722452,0.01671456479569693,0.01671470411716666,0.00132276860531413,0.0024765576468780094,0.01670419194308036,0.016705084812368567,0.00266580365132536,0.00096253571100526,901.0,0.0008973101938348601,0.00137740161460379,0.01344099305925158,0.01289038276360778,0.2,0.2,0.013331638282191438,0.01268972772134359,0.3,0.4,1.0,1.0,1.0,1.0,0.020363873009534492,0.02093273551578311,0.0,0.0
418,418.0,0.00365046069274123,0.01194591951593871,0.004186347258639441,0.011911057448937631,0.0031246652376119605,0.00581593996067059,0.0021059105698724005,1.69778973700013,3.379480830929242,0.24807994372677059,0.01232426957569274,0.00253174143385647,0.013039630555044951,0.00263709534046649,0.01681715152023556,0.01666094223976661,0.0012936726910992898,0.02179834595881398,0.01677657217692154,0.016761625252583352,0.0011089110514148602,0.0009968972997739399,950.0,0.00086136187258031,0.0013114933941868999,0.01328065947037283,0.01288628664261838,0.2,0.2,0.01319003321155571,0.0129045722901658,0.3,0.4,1.0,1.0,1.0,1.0,0.020298519707684155,0.020952897150482028,0.0,0.0
419,419.0,0.003669255633517989,0.01194547990813172,0.0041862643156083,0.01191176307603821,0.0031295813445652203,0.00581418414823262,0.0021058554708872994,2.6952563961269336,3.901308636670001,0.32140451930463315,0.01232102984570879,0.00253120582217527,0.01303666273922236,0.0026337420203394997,0.016796505569860218,0.016657617254054492,0.0012884162832050901,0.021219410933554134,0.01681283317559974,0.016659076423011232,0.0011077618924900299,0.00101258079521354,951.0,0.00086488202641967,0.00131453419142591,0.0132828988578055,0.012882816891469969,0.2,0.2,0.013182049025277098,0.01289077685029284,0.3,0.4,1.0,1.0,1.0,1.0,0.020293603600730896,0.02094921007026708,0.0,0.0
420,420.0,0.0035321147174893833,0.01199129024370994,0.00416910640716738,0.0119730628823738,0.0030366525122030603,0.005906354737811701,0.0021032255896391997,2.7827422593021764,3.6560532408533617,0.3791579431621358,0.012365227643413069,0.0025215867368005803,0.013151474567479452,0.0026470468527342098,0.01694849299162364,0.01660256452944957,0.0013997118454426101,0.00387715282849962,0.016818811760211803,0.016647213122245548,0.0011153379688038797,0.00278863655403251,1000.0,0.0008328465638481299,0.00125487688043806,0.013324804127159667,0.0129305501312687,0.3,0.3,0.0134425780960415,0.013083100814208121,0.3,0.4,1.0,1.0,1.0,1.0,0.02007763299988622,0.02076784575928372,0.0,0.0
421,421.0,0.003539590364070166,0.012003535995082509,0.00405616670367517,0.01198779669550692,0.00303594106979273,0.00591523907029205,0.0021031732972569,2.9938098311191426,3.1186145414132627,0.22984913226682688,0.012367573472126681,0.00251920448516351,0.013156484989786981,0.00264201392486392,0.01695063247812221,0.016613796388350876,0.00203330738004293,0.00141700659878547,0.016959536562723622,0.01661537486224982,0.00489938147366042,0.0010564748896285403,1001.0,0.00083623420907611,0.00125784739924707,0.01333449540103552,0.013004103493221082,0.3,0.2,0.013469083751895289,0.01305289453060778,0.3,0.4,1.0,1.0,1.0,1.0,0.02008019782461713,0.020769024643757718,0.0,0.0
422,422.0,0.002993229879604106,0.01185193171307293,0.00393937697656712,0.011947834168265961,0.00309012307318542,0.005850240304008531,0.0021006741787889,1.6447535329731182,2.656752231880091,0.1329174340236932,0.01235470110696901,0.0025359964380711596,0.013340971857828862,0.00268071819391796,0.01747064595664659,0.01679899982181764,0.009587635775096661,0.0010955751175060597,0.01701420623134232,0.016683202004552512,0.00106686700601125,0.00105598785448814,1050.0,0.0008018592713749,0.0012034488746550799,0.013364729731951968,0.013033320493840659,0.3,0.2,0.013801543020357562,0.01356383212940672,0.3,0.4,1.0,1.0,1.0,1.0,0.02041467584855158,0.021162341617824175,0.0,0.0
423,423.0,0.003000119908824964,0.011867058340626669,0.003935098022809101,0.01194778888419725,0.00309012307318542,0.00584826434615232,0.0021006244239462,1.8938851388404145,2.681168831884861,0.13484857077710327,0.012353716068375792,0.0025356541542345705,0.013341302413079991,0.00268280174287453,0.01747794371915099,0.016797612816218742,0.00239430933725084,0.00104929266963151,0.0174682313702992,0.01679654689072585,0.024787750793620892,0.0010577607899903802,1051.0,0.00080510900270198,0.00120629810149604,0.01336732607675476,0.013034943151128128,0.3,0.2,0.013814078913599759,0.013578192882902632,0.3,0.4,1.0,1.0,1.0,1.0,0.02041467584855158,0.02116234161782418,0.0,0.0
424,424.0,0.0028929803644643995,0.011912374509326518,0.0040316521949869105,0.011951422963405182,0.0032789490403313305,0.0059075899897451205,0.0020982438155107,2.235016598389484,2.1845670484006403,0.12584731818642464,0.01236677020921149,0.00255614054771129,0.013434986585067001,0.0027033097199045198,0.017696999257919836,0.016845516108862712,0.00138747091405089,0.00197661125566806,0.01750964906294165,0.016836291615825772,0.0011036302661522899,0.00108411456458266,1100.0,0.00077835221293417,0.00115663125376704,0.01346085334977781,0.013116238152022,0.3,0.2,0.013871022505923319,0.013667284676518902,0.3,0.4,1.0,1.0,1.0,1.0,0.020118562766883917,0.02091657916184182,0.0,0.0
425,425.0,0.0028947168760068602,0.01190538566141402,0.004029540677876429,0.01194944634681824,0.0032789490403313305,0.00590643109207939,0.0020981963659350996,2.8831793998600914,1.7270658393856138,0.11007720187772063,0.01236581788983865,0.00255797646161472,0.01343535322751858,0.00270605823665516,0.01769756097166384,0.016846510737608657,0.00138892687391485,0.00110820410773152,0.01769557087516882,0.016842594813242198,0.00113075394183392,0.0019142231438308403,1101.0,0.000781447743285,0.0011593833522585198,0.0134625615970246,0.013113187018157038,0.3,0.3,0.01387171349259676,0.013663005870388512,0.3,0.4,1.0,1.0,1.0,1.0,0.020118562766883917,0.02091657916184182,0.0,0.0
426,426.0,0.00252602981804038,0.011899285715761671,0.00415005131040102,0.01190137803416856,0.00331184876135194,0.00593886562337254,0.0020959236542580995,2.543466652999632,1.9107195826247334,0.07875363531056788,0.01245642694805847,0.00256388126183203,0.01371208382908142,0.0027132363331126403,0.017788128699254172,0.01679948469615821,0.0013148257043212297,0.00114663688000286,0.01767869731006414,0.01684776158518871,0.0011534291319548503,0.00113316606730217,1150.0,0.00076721672904422,0.0011152028937678402,0.01327425339005687,0.013061245386473203,0.3,0.3,0.014027341771811802,0.01393310666568974,0.3,0.2,1.0,1.0,1.0,1.0,0.01966848123256585,0.020291754060728962,0.0,0.0
427,427.0,0.00252227335095553,0.011900761830726619,0.00415152272896045,0.011898422364438908,0.0033153147237149397,0.00593772305705669,0.0020958783080636005,2.1289479238912463,1.4574996272800491,0.12281768103130157,0.0124572936123426,0.00256374436766636,0.013711643888309671,0.00271275803049488,0.01778591816475538,0.01679496021960712,0.0041457217652350106,0.00115696911234403,0.01778570758847883,0.016796719336866283,0.00116658902261402,0.0011431790189817101,1151.0,0.0007701872518608101,0.00111787085960984,0.013271681006203398,0.01306038912465959,0.3,0.3,0.014028182903036918,0.01394144069841469,0.3,0.2,1.0,1.0,1.0,1.0,0.01965567828892808,0.020280992162272284,0.0,0.0
428,428.0,0.0014244882359188262,0.011690043537572189,0.004085537684543299,0.011893929084051132,0.0032862887919057103,0.0059089117725415795,0.0020937042397822,2.0810735163511707,2.301112256292254,0.14566552566830068,0.012474233472648482,0.0025515973391034294,0.013840492955762913,0.0027385660519134497,0.01853116264751075,0.01676522076013711,0.0016593314474448097,0.00120191611349577,0.017778383394825927,0.01677367896923578,0.0011923003010451299,0.0017821026500313899,1200.0,0.00075254217507405,0.0010757918738034699,0.013280741025590492,0.012979880870359672,0.3,0.2,0.01483789503688586,0.01477409357111929,0.3,0.1,1.0,1.0,1.0,1.0,0.02006075666478594,0.02079839917879531,0.0,0.0
429,429.0,0.0015517072792014578,0.01170026712887063,0.00407690190393392,0.011901725374641531,0.0032893507822418294,0.00591168127758483,0.0020936608203992,2.648308654525317,1.7892531420337037,0.08417910838033998,0.01247505221429323,0.0025527924153271398,0.013842016698380848,0.0027365644328540602,0.01849728341961853,0.01677843534720535,0.0013889577938243198,0.00119026745669539,0.01854412208896038,0.01677310435260352,0.0012101662345230099,0.0012076709419488502,1201.0,0.0007553937666855,0.00107837362030584,0.01328436698481621,0.012979341977864928,0.3,0.2,0.01478073971911853,0.014685926090474196,0.3,0.1,1.0,1.0,1.0,1.0,0.02006807433168764,0.020810014248139257,0.0,0.0
430,430.0,0.0011529443034538518,0.011714985970726042,0.0041135392279810406,0.011839062409464298,0.0033212606468455198,0.00602328006066146,0.0020916189615118003,2.2150257463334126,1.9482601023977622,0.18418868302833288,0.01249102885918961,0.00255795983287757,0.013911095359381028,0.0027540134694260003,0.01878407559621501,0.01675817068599116,0.0014475600095465299,0.00124275032430883,0.01852074377258018,0.01678714292675911,0.00123624519910659,0.0012160633457824102,1249.0,0.0007403564588479499,0.0010406728429487898,0.01319731984819722,0.01284235789350896,0.3,0.3,0.015007010850169308,0.01514207043671017,0.3,0.2,1.0,1.0,1.0,1.0,0.01987636696901482,0.02047521028394875,0.0,0.0
431,431.0,0.001150118795944331,0.01171562885984683,0.00411448750755024,0.01183961293741465,0.0033212606468455198,0.00602502198322683,0.0020915772796020996,1.8356290145544336,1.7547913018614054,0.12700601743999868,0.012492124146284148,0.0025570314982692197,0.01391140158073828,0.0027518123619105495,0.01877282505510578,0.016750698058563582,0.0014712079893797099,0.00124333719722921,0.018780056037752756,0.016755154481595598,0.0018884981283917499,0.00179912808816876,1250.0,0.00074312903862846,0.00104319473336255,0.01319598297288419,0.01283746259391593,0.3,0.3,0.0150485476000729,0.015117768234571722,0.3,0.2,1.0,1.0,1.0,1.0,0.019876366969014812,0.02047521028394875,0.0,0.0
432,432.0,0.0011533902418681774,0.011714008243428699,0.00411404939500027,0.011837916866365709,0.0033306134928840795,0.00601627135866475,0.0020915356317214,2.2084511178545654,1.5523839414818212,0.07841715770773587,0.01249612550354769,0.0025560882718880505,0.01391191717515781,0.00275255128657064,0.018763634356707398,0.01674978628113362,0.0023636645870282803,0.0030605175998061297,0.01876795112448402,0.01674744864673059,0.0012469062814488498,0.00121877039782697,1251.0,0.0007458973054125299,0.00104572836628174,0.01319799585113017,0.012840451613259802,0.3,0.3,0.015045015316871219,0.01511371026799789,0.3,0.2,1.0,1.0,1.0,1.0,0.019927029258924978,0.020554925702823072,0.0,0.0
433,433.0,0.0009240139424628276,0.011514311650085478,0.00403877319020453,0.01182604064719832,0.0032981446757657804,0.00602521080281477,0.0020895354611519005,1.6873815481783823,1.232003132905811,0.07776983552612361,0.01252443702788981,0.0025422646980238703,0.01407296224047378,0.0027893786593313,0.019063775234327198,0.01669342966944002,0.0028152592247351594,0.00135374660603698,0.018732182252950265,0.016726092568928312,0.0013549466151743601,0.00135550657287237,1300.0,0.0007374656953584599,0.0010096856779316901,0.013158520394043772,0.01282614007875238,0.3,0.3,0.015200647622565792,0.015301023376551592,0.2,0.2,1.0,1.0,1.0,1.0,0.01969675366106849,0.020339934878789222,0.0,0.0
434,434.0,0.0009484681514419068,0.011520780541191161,0.00407501858481754,0.011824940727646331,0.0032841866214647296,0.00601918196708587,0.0020894954474490997,1.3244171797065065,1.0861214262666181,0.10659860752057282,0.012524196429626499,0.0025494979311584598,0.01407289701418847,0.00279125322247927,0.01905133895154804,0.016708109916470697,0.049850346171297084,0.057776684500276974,0.019062760033224983,0.016691583737915617,0.00141253464389588,0.00134454658254977,1301.0,0.00074011245749184,0.00101212917839322,0.01319643953691636,0.012773146262927582,0.3,0.3,0.01519694909056346,0.01529329595794563,0.2,0.2,1.0,1.0,1.0,1.0,0.01969064890492308,0.020308890748058733,0.0,0.0
435,435.0,0.00040574519044885,0.0113965113517534,0.00392572207654509,0.011865307479826,0.0031807899692177302,0.00612585701893624,0.0020875723034812998,1.595098907756619,1.994009589869529,0.08839226542040704,0.0125185187554084,0.00253893047877969,0.014159478998843853,0.0028006293087083503,0.019413973642569433,0.01672952426900154,0.00166151339653875,0.00409630448557431,0.019034503944670093,0.016723390861477512,0.0039179769111796605,0.0035343589726835,1350.0,0.0007217543841253199,0.00097858562843352,0.01320273118117329,0.01285548111019052,0.3,0.3,0.01567157820726579,0.01598086345754145,0.1,0.1,1.0,1.0,1.0,1.0,0.019166831146670758,0.019707512111038442,0.0,0.0
436,436.0,0.00037435595494847006,0.01138821106611073,0.00392254079217538,0.01186168413614147,0.0031778120232452897,0.00612257756173991,0.0020875338019477998,2.2628623851342127,1.7279241147916764,0.17409349998924878,0.012515265455080329,0.0025387859423910302,0.014155822376130792,0.00280140658145889,0.0194392044372992,0.016726248978801303,0.00173038290813559,0.0013838066952302698,0.01940717633331347,0.01672420352274921,0.00139561994001263,0.00334317549131805,1351.0,0.0007243023430553801,0.00098094324327999,0.01320420919852052,0.012857052621229182,0.3,0.3,0.01570049743528376,0.016015579299772837,0.1,0.1,1.0,1.0,1.0,1.0,0.0191692278499871,0.019709970053304,0.0,0.0
437,437.0,-5.925303154981473e-07,0.011190227378958688,0.00418011969293734,0.011817547514145479,0.0033026307161125,0.0061022335938266895,0.0020856820359630005,2.513901108899154,2.523294815141708,0.14272063970565793,0.01249576723172033,0.00254553457354738,0.01422744164496637,0.0028050684738139702,0.019816738272460478,0.016647133968973802,0.00183531979564573,0.0014566968660801,0.019475873791852817,0.016760214408650914,0.00147150969132776,0.0014365318929776,1400.0,0.0007078897975917799,0.0009511410103640001,0.012949621680785681,0.012901230144339351,0.3,0.3,0.01613542583414017,0.01630322062307612,0.0,0.0,1.0,1.0,1.0,1.0,0.01876904612056829,0.019196564880630623,0.0,0.0
438,438.0,0.00012353771483339032,0.011199848103058938,0.0041958568573578995,0.01182522854904455,0.0033060222946867,0.006116259448967639,0.0020856449377138,2.65575845958665,1.569910458335653,0.07498509993311013,0.01249720078679211,0.0025468948010979597,0.014229088907957418,0.00280761394625674,0.019702682571540443,0.01665496791606868,0.00171319267246866,0.007311888528056388,0.0198236705941747,0.016652928027735343,0.00154771690722551,0.00141762667335566,1401.0,0.0007106239867662801,0.0009534515883601,0.012931950427797313,0.01290163295348255,0.3,0.3,0.01602324408345472,0.01614596550297806,0.1,0.0,1.0,1.0,1.0,1.0,0.019132810105935993,0.019744612281671257,0.0,0.0
439,439.0,5.474934943503997e-05,0.0111218376287617,0.00435177646077793,0.01188697996608353,0.0035680014864617796,0.006206922782722319,0.0020838594983156006,1.888797202031128,2.3016137071885168,0.11171037717722354,0.012484250425169268,0.00253989888975559,0.014251739137332372,0.0028253750517111304,0.01983303715150134,0.016625965463365446,0.00236651638988402,0.0022128551965578903,0.01971911432500321,0.016668618450518362,0.00152194108813995,0.00149604685138906,1450.0,0.0006995241752268201,0.00092429434690919,0.012860703393314233,0.012795402164880681,0.2,0.4,0.0160367199027302,0.01635455980340684,0.1,0.0,1.0,1.0,1.0,1.0,0.01908452050677626,0.019972005510587938,0.0,0.0
440,440.0,0.00012306994041895,0.01112937139220901,0.00437086006871132,0.01188923625968246,0.003375583326023641,0.00620729029043736,0.0020838237057754995,2.014701395505108,2.163717816863209,0.10419463282451032,0.01248484261325086,0.00253605329701769,0.01425172491414741,0.0028205102685648397,0.019769735507992943,0.01664206163995375,0.00186635300051416,0.0015169073129072102,0.019835346076565015,0.016631139909018634,0.0015423430828377298,0.0014842068776487701,1451.0,0.00070191754526614,0.0009265309462937798,0.012887586253332509,0.012814795042228568,0.2,0.4,0.01599975183375846,0.01627128661694077,0.1,0.0,1.0,1.0,1.0,1.0,0.019351031876285653,0.01993801380284007,0.0,0.0
441,441.0,-0.00020161112828517998,0.01102152956206675,0.00438286367198365,0.0119254382892609,0.0035016448051531602,0.0062181797406668906,0.0020821346557651998,2.3748353246599434,2.1549558544298635,0.10398090721573676,0.01248700956876166,0.00252936908149944,0.014346292217157868,0.00282868854731931,0.02022128414856047,0.016653886189271404,0.00189074729569252,0.0015331840841099102,0.01978371965762602,0.0166834323675359,0.0015790091361850098,0.0015356042655184502,1499.0,0.0006831413126698599,0.0009000661309652399,0.01290887569264032,0.01275196877580444,0.3,0.5,0.01665268961096044,0.01677185081402075,0.0,0.0,1.0,1.0,1.0,1.0,0.01902019707104789,0.0199104087806052,0.0,0.0
442,442.0,-0.00019109583620281,0.01101768324988939,0.00438208527696888,0.011922375893329569,0.00350056689123283,0.00621879798624331,0.0020821000576023998,2.5160960448672993,1.8660065005300566,0.09676845869980749,0.01248599884142775,0.00252967678722973,0.01434477569163245,0.00282854488172061,0.02021904739591241,0.016660924214036647,0.01161546600051219,0.0021897527854889296,0.020229172330945074,0.016659942675209358,0.020440645818598526,0.0028051635948940696,1500.0,0.00068545834493177,0.0009022384782644401,0.01291046840050796,0.01275285547720113,0.3,0.5,0.0166423752991229,0.01675593307066573,0.0,0.0,1.0,1.0,1.0,1.0,0.019034543676171932,0.01993530380426303,0.0,0.0
443,443.0,-0.00019525015856647002,0.011014711026223718,0.004380919144527521,0.011919278227335971,0.00347516335935298,0.00621343716066752,0.0020820654829952,3.229854258405976,2.3438058288767936,0.19532992683816702,0.012484305661114681,0.00252928135995171,0.01434328512790716,0.00282832481136878,0.02021816116709054,0.016655295426659392,0.0018055407563224001,0.0020138045074417797,0.020212089699806528,0.016657229413345628,0.0016169542679562797,0.00153441331349309,1501.0,0.00068777278595277,0.00090440624551049,0.01290714754208161,0.01275069026519025,0.3,0.5,0.01664794223128267,0.01675928060253091,0.0,0.0,1.0,1.0,1.0,1.0,0.019101501018061202,0.01991695231434036,0.0,0.0
444,444.0,-0.00033986155987728,0.01101549809301745,0.00444576602261918,0.011933091117719369,0.00359822445906869,0.00621253291428589,0.0020803995388627996,2.2996527404757217,2.7208621056750415,0.144626544858329,0.01246928060533233,0.0025301009747872296,0.014351185592936572,0.00281298017160288,0.020288620139053217,0.016609909178117648,0.01683023618534203,0.00547072931658472,0.020202510957143434,0.01664829433789467,0.0016231464920565,0.0015150980092584498,1550.0,0.0006745798215290399,0.00087866926702646,0.012937475050159158,0.01256383119011304,0.3,0.5,0.01679399881236755,0.01682455042949941,0.0,0.0,1.0,1.0,1.0,1.0,0.019143177727856918,0.020062488842873472,0.0,0.0
445,445.0,-0.00034142811410669004,0.011008612397447739,0.00444500355942697,0.0119307889658878,0.00359822445906869,0.006210852767463789,0.0020803661029435996,3.1490601693745703,2.7473065251717346,0.07724018241278821,0.012468568283447602,0.00252981323827572,0.01434939911146258,0.0028133969813608603,0.02028538040247261,0.016605684936318352,0.00248118976596737,0.0016525967046618,0.02028238399239882,0.01660566164531096,0.0016381692839786,0.00151689900085326,1551.0,0.00067682157027544,0.00088077867106403,0.01293790126942738,0.012564196830062279,0.3,0.5,0.01678868774368671,0.016824556307181802,0.0,0.0,1.0,1.0,1.0,1.0,0.019143177727856918,0.020062488842873472,0.0,0.0
446,446.0,-0.0004561825165863004,0.010913609710238449,0.00444601241699065,0.011910714698398762,0.003527227332438979,0.00617987908632941,0.0020787541667754996,2.144447150058113,2.9477885858621447,0.09581900625489649,0.012460934155890741,0.00253663553030973,0.01436397601143175,0.0028240171653556904,0.020437741208515412,0.01662269232948765,0.004319779109209729,0.0031194151146336996,0.02025800813044776,0.0165842643837914,0.0019200793001800398,0.0021346795605495096,1600.0,0.00066849452781987,0.0008564081716585801,0.012962081316876869,0.012591825465583458,0.3,0.4,0.01703215075122779,0.01695626752378106,0.0,0.0,1.0,1.0,1.0,1.0,0.01919008449689024,0.02013334292936824,0.0,0.0
447,447.0,-0.0004554756776569568,0.010902877517558543,0.00442632223880148,0.01191052807676576,0.003527227332438959,0.006184460051047851,0.0020787217977619,2.9566764164250343,3.616198158496991,0.10758861731737848,0.01246199461361002,0.0025353956591837703,0.014364065007602043,0.0028219813321839803,0.02042851513106153,0.01661991977677818,0.00287651671096678,0.0025001985719426997,0.02042875936392545,0.016617525260561032,0.00168114849366243,0.0015750471036880698,1601.0,0.00067067397266984,0.00085847053276417,0.012991169529855401,0.012549531858997601,0.3,0.5,0.017032446807983704,0.016953092396720982,0.0,0.0,1.0,1.0,1.0,1.0,0.01919008449689026,0.020133342929368258,0.0,0.0
448,448.0,-0.00066410748041055,0.010771431855548469,0.00431153183181565,0.01190080465013022,0.0035291731521470498,0.006144038162496901,0.0020771605163154004,2.5482862163567916,2.951024219114333,0.08022320759482676,0.01246181287419679,0.0025280546283238696,0.0144423602533752,0.00285315654576107,0.02067151031164617,0.01659677175913863,0.0019694143440574,0.00207232364919032,0.02037474145818112,0.01656880562769606,0.0018113516969605898,0.0032318983925506096,1650.0,0.00066281617859428,0.0008355703971203198,0.01310773259751355,0.01257356975362689,0.2,0.5,0.01720717807762864,0.01735495958182945,0.0,0.0,1.0,1.0,1.0,1.0,0.01899283864995325,0.019983879624662828,0.0,0.0
449,449.0,-0.0006644413401197,0.0107645726836805,0.00430601705514578,0.01190023356551358,0.00350973715058145,0.0061417592370109604,0.0020771291489809006,1.6894929709611461,2.9405829249648376,0.12818543177563696,0.012463438987667599,0.00252938043744826,0.014447710178685128,0.0028488703059767703,0.020644719731064378,0.016603004010764165,0.0027363904519006103,0.00188055410981173,0.020670637817157382,0.01659507352938744,0.00176731271203601,0.00163941627833986,1651.0,0.00066493788899556,0.00083758547833754,0.013110268184795121,0.012574602406413778,0.2,0.5,0.017197580899214932,0.017301147330672343,0.0,0.0,1.0,1.0,1.0,1.0,0.01906943067075676,0.02013155772263562,0.0,0.0
450,450.0,-0.0005196851622739799,0.0106658910124071,0.0043907984020353594,0.01194521756211059,0.00354723731681798,0.0061427420788484795,0.0020756154707907994,2.9480252532754094,2.963062385516241,0.16777099492028352,0.012475416181802538,0.00252769245151964,0.01451780342419468,0.00284844184255741,0.02052596211566764,0.01658976309841613,0.0031582441413774602,0.0025371208088472,0.020760508403739747,0.01666073097402479,0.00179537578951563,0.0016844384837895097,1700.0,0.0006486304160127601,0.0008160002473947198,0.01299281069619466,0.01237644516698109,0.2,0.5,0.01683067860816606,0.016964960831153092,0.0,0.0,1.0,1.0,1.0,1.0,0.01916799032668771,0.02017459263641299,0.0,0.0
451,451.0,-0.0005201397029864701,0.010667189053000778,0.00438547566001806,0.011941996350467362,0.00353004228941972,0.00613565775139006,0.0020755850456909,3.426381821325049,2.960919102164916,0.115296505857259,0.01247367305600049,0.0025272002662919298,0.014516140091371532,0.00284842475196013,0.020524746820544757,0.01658673380914304,0.00208144267089662,0.0018663029652088302,0.020523086767647074,0.01658600320664478,0.0017982476856559,0.0017027646070345598,1701.0,0.0006506820455558199,0.0008179529313233101,0.0129905110020127,0.01237381040860105,0.2,0.5,0.016832265764405795,0.01696524667467559,0.0,0.0,1.0,1.0,1.0,1.0,0.0191662923657845,0.02016940352537754,0.0,0.0
452,452.0,-0.00047776281950498,0.010724527075118239,0.00432113379857942,0.01195749757485318,0.00360371352236897,0.006134865008869389,0.0020741457404203994,2.897468893160112,2.6301039445446803,0.13336504956241696,0.012473872904397599,0.0025227057708197198,0.014521004099700441,0.00284560247517707,0.020438682313408015,0.01657446157273349,0.052263784664683,0.014194450504146458,0.02053057159366772,0.01659775602909985,0.004069120716303549,0.00303500581067051,1749.0,0.00063533333500844,0.0007979123438825499,0.01298862842261407,0.01239305297941182,0.2,0.4,0.01678672985834693,0.01688954662997877,0.0,0.0,1.0,1.0,1.0,1.0,0.01901494941055161,0.01997592744314488,0.0,0.0
453,453.0,-0.00048291788094301,0.01073171632230927,0.004318703947830881,0.011961813308960869,0.0036059771388161493,0.006135765082587719,0.0020741161859744,3.260335111268796,2.6613224360859022,0.14454884247388686,0.01247531364777444,0.0025233286708901204,0.014522425735921548,0.0028466889670641,0.020449827298100198,0.016577621293317076,0.0027106544934212802,0.00256246214266862,0.02044126276668147,0.01657526674171193,0.0018419248051941,0.0017054786672815099,1750.0,0.0006373399885518901,0.0007998240450261899,0.012991679623700191,0.012399745314573529,0.2,0.4,0.016793656266759174,0.01690199881013088,0.0,0.0,1.0,1.0,1.0,1.0,0.019011334615758477,0.01997151202101502,0.0,0.0
454,454.0,-0.00047981657888214994,0.010735562567799149,0.00425317085356889,0.011966057691290218,0.0035994871244845795,0.006139348060056579,0.0020740866487845002,3.559993837308139,3.1889461259823295,0.10186490332707758,0.012474764968662708,0.00252411076765873,0.01452171617932084,0.00284744506906326,0.02045263985463739,0.016596781107831797,0.00283818631432946,0.0019589573144912103,0.02045649955471997,0.016582449046643445,0.0024100507609545597,0.00171023833099748,1751.0,0.0006393417601947498,0.0008017305283076401,0.013033507501971528,0.01243444926870715,0.2,0.4,0.0167860851086022,0.01690117362347271,0.0,0.0,1.0,1.0,1.0,1.0,0.01901786584401674,0.019978603224366513,0.0,0.0
455,455.0,-0.00025629114633938,0.01039538233874729,0.004274550049038091,0.011942076642394949,0.0035530943140760197,0.00617414471499772,0.0020726600592987994,3.3559490762418136,1.5692644318798556,0.08154494164045897,0.012473288411489699,0.0025237107830321103,0.014596203613767362,0.0028394389925093405,0.020108483839483878,0.016591881713545392,0.004496411071158891,0.0034333069110288905,0.020462431723687412,0.01659807413718354,0.0019845132483168903,0.0018712230492382697,1800.0,0.0006346186016134599,0.0007824529273944,0.013050005790000018,0.01237342681331172,0.2,0.4,0.016435574399234508,0.01657037620113787,0.1,0.0,1.0,1.0,1.0,1.0,0.01899155941753999,0.01998825865209648,0.0,0.0
456,456.0,-0.00024805581416751,0.01038490425456395,0.00427938833674618,0.011944385987000908,0.0035583254625027906,0.006177043608461819,0.0020726313602436003,3.8705761994468046,1.8641663280082867,0.08176239188760517,0.012472388593708101,0.0025245819567845,0.014597658217786299,0.0028574527816182397,0.020156419853894353,0.016597428329744125,0.0027667535236104803,0.0020847837440669203,0.02011359003401865,0.01659663015917989,0.00290513888467097,0.0018769109155982202,1801.0,0.00063656556007175,0.0007843181051685599,0.013049932695677691,0.012379022156862018,0.2,0.4,0.01649251144540256,0.01666143123996374,0.1,0.0,1.0,1.0,1.0,1.0,0.01896532979512055,0.019958038364802,0.0,0.0
457,457.0,-0.0004613773747976901,0.010319047383851549,0.00424013425577858,0.011986876526723702,0.00350968030241338,0.00614399967602326,0.0020712447032808995,4.029330886714161,2.6640328221954404,0.08036014945246274,0.012488783289167842,0.00251641283629782,0.014694356729700117,0.00286841885455752,0.02039837562236641,0.01659673830848816,0.0023075690260156703,0.0021016957238316103,0.020161032371529487,0.01659758755999947,0.0020375323947518596,0.0019136532908305103,1850.0,0.00063668785920213,0.00076581986219601,0.01307746365629856,0.01238964923430533,0.2,0.4,0.016990334314798072,0.016745769067667917,0.0,0.0,1.0,1.0,1.0,1.0,0.019515838540946948,0.020512403673565202,0.0,0.0
458,458.0,-0.00046780201401326995,0.01031839998296504,0.00423918387328709,0.011983770012774838,0.00350968030241338,0.0061392340830714,0.0020712167966411995,4.731981507316232,2.2347826579585672,0.1623582089319825,0.012487787547672298,0.00251683148782549,0.01469262392833685,0.00286754640463118,0.02040218046975135,0.016596958121834822,0.0316713323583826,0.0022138068918138402,0.02039472269260116,0.01659439931735125,0.017567574814893253,0.0019230979960411301,1851.0,0.0006385762005352199,0.00076763878628046,0.01307887490334526,0.01238908413527439,0.2,0.4,0.01690885693981382,0.01676448630818708,0.0,0.0,1.0,1.0,1.0,1.0,0.019515838540947027,0.020512403673565303,0.0,0.0
459,459.0,-0.0004985741959194301,0.01030195535176755,0.0041962594753894794,0.011984804676779379,0.003433370325851641,0.00612334629771699,0.0020698679224980003,3.7561052956851197,1.4844077746151014,0.06853995292913163,0.012498728313132219,0.0025157778448663395,0.01473668306694419,0.0028678632393086705,0.020450134422142788,0.0165707213918332,0.0024268124019726596,0.00202818750403818,0.020403117462570532,0.01661897564296897,0.00349500519223506,0.00194132018368687,1900.0,0.00062439216384377,0.0007500430287155,0.013136726595013392,0.012404066194086351,0.2,0.4,0.016997167272713692,0.016833399570555803,0.0,0.0,1.0,1.0,1.0,1.0,0.019613360730530396,0.02069253802249963,0.0,0.0
460,460.0,-0.0004978587178033,0.010296478514550969,0.00420167638573965,0.01198489305908976,0.00344579026621282,0.00612765035038213,0.0020698407661822005,4.749799374537543,2.033170187752694,0.18446873484645035,0.01249839159827413,0.0025148625052635702,0.014737270894788351,0.0028677337831555898,0.02044705598679617,0.01656565113498972,0.009789627999998569,0.02173395687714212,0.02044780430081663,0.016568528312591018,0.00207905650604511,0.00988232647068793,1901.0,0.00062623895665755,0.00075182342047822,0.013134252221850912,0.012402517591250802,0.2,0.4,0.01699623973455327,0.01683007468636501,0.0,0.0,1.0,1.0,1.0,1.0,0.01959543039943719,0.02066413884906979,0.0,0.0
461,461.0,-0.00041424177147171006,0.01015991923747352,0.0042569410520347595,0.01196929024272211,0.00347469704813791,0.00612465277047706,0.0020685276935619,4.629638611176051,2.2893645296338945,0.11419149560388173,0.012545667774892588,0.00252438155175976,0.014823224334390369,0.0029065185757721898,0.0204146899713923,0.016536587270810178,0.00721201552078123,0.00245619339402761,0.02041787386729526,0.01654907839315638,0.00213159562554206,0.003337039775215029,1950.0,0.0006279761484434799,0.0007351222445135901,0.013121156162492301,0.01235732080591181,0.2,0.5,0.017049005597587936,0.017041846856154265,0.1,0.0,1.0,1.0,1.0,1.0,0.019240967669300786,0.02038534827717533,0.0,0.0
462,462.0,-0.00040276902814637,0.01013809846508551,0.0042500312417622504,0.01196928566642743,0.0034779178030503997,0.00612720517867438,0.002068501248733,3.7092075992841274,2.213783177477308,0.1074659706559032,0.012545064734777298,0.00252072436722348,0.014823287891550718,0.0029081552773101605,0.02040576651041017,0.01652768332353615,0.026817016815766648,0.00387779432348903,0.02041462481305529,0.01653625778658861,0.00216795490123326,0.00243311743251974,1951.0,0.00062977002262508,0.00073686228089821,0.0131071606867635,0.01238644508249181,0.2,0.5,0.017041244823492917,0.017028292747663203,0.1,0.0,1.0,1.0,1.0,1.0,0.0192404140310153,0.020383422584000048,0.0,0.0
463,463.0,-0.00070431468106636,0.01000557390092012,0.004270308655869161,0.012017177258383551,0.0035811714263151093,0.006222582619328418,0.0020672479300613,3.8426325062988327,1.864900798536837,0.10275900685228403,0.012556930425623261,0.00251496493572717,0.014896768720756088,0.00288950373973271,0.020616236830943317,0.01654110638897856,0.0035100974841043007,0.0038967849919571895,0.020468683096424377,0.016578171607923072,0.0035944636445491797,0.00205948948860163,1999.0,0.0006212112789098399,0.0007212815023070201,0.01309992333318317,0.012390249512445998,0.3,0.5,0.01710431178167465,0.01716754459364023,0.0,0.0,1.0,1.0,1.0,1.0,0.019449258649485986,0.020500628945720387,0.0,0.0
464,464.0,-0.0007038197150036698,0.01000319865587311,0.0042682406306644395,0.012018634341480292,0.003571437738554609,0.0062205587780739795,0.0020672221476332004,4.894098030566238,2.2793481666827575,0.14601830462925133,0.012556280558517503,0.0025143846878135103,0.014896418677710226,0.0028897433332585702,0.020614544644028326,0.0165414139783056,0.0022680890979244798,0.00216931020840998,0.02061856498565847,0.016542620731232423,0.00224011093378063,0.0020646024728193497,2000.0,0.0006229647170438799,0.00072298496106366,0.01310061535310863,0.012389949346052599,0.3,0.5,0.017102227881215886,0.01716318934091807,0.0,0.0,1.0,1.0,1.0,1.0,0.01945920893306643,0.0205080503586961,0.0,0.0
465,465.0,-0.00747906182370825,-0.0032296468783804414,-0.0074790618224267495,-0.003229646877956716,-0.008333459886777661,-0.00833345988677764,0.0019211255394591003,0.3100658186012879,0.29485510787926617,0.16256193765439092,4.791781217025919e-35,1.3843234682289768e-19,4.791781217025919e-35,1.3843234682669227e-19,-0.0032296346503776266,-0.0032296346485403186,0.0001167282927780937,8.157100528478622e-05,0.0,0.0,8.07882053777439e-05,7.101413793860656e-05,0.0,0.04741647387397359,0.007684503380604309,0.0442433028740176,0.04421897761929879,0.0,0.0,0.044243302878103866,0.044218977622747395,0.0,0.0,0.0,0.0,0.0,0.0,0.05126863111629858,0.05086836618453862,0.0,0.0
466,466.0,-0.00501719797425072,-0.0008839115400998021,-0.0050171979839044,-0.0008839115445491928,-0.00562023305344851,-0.005620233053448471,0.0019123889005762,0.3602383182151243,0.33466234721709043,0.2276771314209327,3.597383188430519e-35,8.603483496838293e-20,3.993151014188267e-35,1.3206530911207522e-19,-0.0008839052834321069,-0.0008839052766345826,9.203995577989328e-05,7.363106124103069e-05,0.0038044547949967708,0.0038044547961812044,6.787909660488367e-05,6.605815142393112e-05,1.0,0.06513080187969456,0.04559289255804945,0.037215272506548255,0.03665289565032177,0.0,0.0,0.037215272489776505,0.03665289564373893,0.0,0.0,0.0,0.0,0.0,0.0,0.04264220057999461,0.042353752299534926,0.0,0.0
467,467.0,-0.0014585719590485399,0.003054461920405466,-0.0014585719619373398,0.00305446192266806,-0.00254362872756827,-0.00162241981884836,0.0018931016452802996,1.1496988513274118,1.2261989268939941,0.5346769331255927,3.3867783007477855e-35,7.962202770959799e-20,2.662100676125511e-35,1.0698880631462035e-19,0.003054472357406609,0.0030544723584507386,9.710520971563883e-05,7.764205802231791e-05,0.01270552586570114,0.012705525842311308,7.392331026494503e-05,6.989508401602506e-05,4.0,0.056797483228878134,0.050395396723333964,0.02878957912454943,0.0276585590128533,0.0,0.0,0.028789579105310565,0.027658558997497966,0.0,0.0,0.0,0.0,0.0,0.0,0.034019334256531024,0.032881272592771425,0.0,0.0
468,468.0,-7.69137896637503e-05,0.00416339391342116,-7.694510359399004e-05,0.00416339813791307,-0.0011127231122227497,-0.0004227060947596402,0.0018881217525718,1.2770777962403372,1.0578706765314565,0.3881788552971557,3.641425112975625e-35,9.445721546697783e-20,2.3958906085129596e-35,9.664144347159419e-20,0.00416336093720275,0.004163361676891979,0.00010080540087071407,7.407208904623986e-05,0.00734872705797468,0.007348727063292801,7.840809412300587e-05,7.347704377025366e-05,5.0,0.054257654672012656,0.049258327968590324,0.026879201070949554,0.02509493079393666,0.0,0.0,0.026879095784688813,0.02509483467514533,0.0,0.0,0.0,0.0,0.0,0.0,0.03136984172444725,0.02881871341023401,0.0,0.0
469,469.0,0.0007211573822664501,0.005929461634941241,0.0007211698073315301,0.00592945653457,0.00033835668440374017,0.0017060748673843,0.0018723058522451996,1.6850095644360408,1.5812096834648401,0.9568196902284398,3.0999064729004436e-35,7.496376840171002e-20,1.7113504346521136e-35,4.80586949863127e-20,0.0059294241580680595,0.005929423380086641,0.00010502443183211307,0.023183372453786422,0.01062810279104689,0.01062813649430811,9.310634341089683e-05,0.0004928934387862516,9.0,0.04451530193438765,0.04238207405983873,0.02098408340447126,0.021548039777372137,0.0,0.0,0.02098406816255747,0.02154800923354951,0.0,0.0,0.0,0.0,0.0,0.0,0.023379279105629844,0.022891530248687588,0.0,0.0
470,470.0,0.0005597740646346899,0.0058404349100580994,0.0005597581275930499,0.00584043712312627,0.00011196350370228005,0.0016440997367572403,0.0018690792417829995,2.567332118540071,2.7401178532280026,1.0553900522179902,2.743504469020969e-35,6.852758783569417e-20,1.5972604056753063e-35,4.3245688227574e-20,0.0058404136383949,0.00584041398034477,0.00010411930270490277,8.188199717550939e-05,0.00591535479206889,0.0059153544678694995,7.986030541359112e-05,0.027970634191296993,10.0,0.04151100617258522,0.041264088330461676,0.021148365333001188,0.021566029619339937,0.0,0.0,0.02114840213415486,0.021566044279119213,0.0,0.0,0.0,0.0,0.0,0.0,0.024385641604088834,0.02431959318338725,0.0,0.0
471,471.0,0.0009494299750330001,0.00671215291254332,0.00055876730629108,0.00643335038901752,0.0006763514974136999,0.00207073673220204,0.0018580660822254996,2.62712948191911,1.1796827570302413,0.37995820352807635,0.00141885666145349,0.00060893502589977,0.0020332576394471802,0.00058491402282206,0.008228571850623069,0.008209873053333672,0.00010144929401575209,8.244814816862267e-05,0.009823174611613219,0.009823207088208401,7.914605084806681e-05,7.609508465975524e-05,14.0,0.03201622668065368,0.034982305841517625,0.020313370395018022,0.020217634165552566,0.0,0.0,0.019101386915118413,0.0193967049996767,0.0,0.0,0.1,0.0,0.0,0.1,0.020814352705839957,0.02062305391567423,0.0,0.0
472,472.0,0.00086084026143929,0.006673570157935541,0.00086741528212199,0.006683751749910198,-3.1896214843710016e-05,0.00209443220203721,0.0018556849509888998,1.5237003149697557,1.0940373737132176,0.38816035659983755,0.0016498750151700398,0.00068555392618701,0.00244513945401073,0.0007615016098245599,0.008867439356718241,0.00865667381795407,0.00010467825923112577,8.482022676616778e-05,0.009161598880050751,0.009213522490108868,8.177238050847678e-05,7.772538810968399e-05,15.0,0.030476101937257673,0.0376210333028015,0.01915913274147289,0.019184949249138432,0.0,0.0,0.018889148405449273,0.019133454046201922,0.0,0.0,0.1,0.0,0.0,0.0,0.02312117929093621,0.02226517866591816,0.0,0.0
473,473.0,0.0006228495239452401,0.00697462283597811,0.00054277504165474,0.006354986643697491,0.00010042213634539787,0.00200312475563407,0.0018472459140992,1.7288056310499087,1.5817478686803952,0.6841487658908589,0.0029110523625107696,0.00108531301123292,0.0037943070608971096,0.00113031260771353,0.009716707363231087,0.009720175240797142,0.00010196303483096529,8.882640395312012e-05,0.0104561133108763,0.010178401035011459,8.202122990041971e-05,9.126912336795581e-05,19.0,0.025210664010613486,0.03572793019508815,0.01952696525740715,0.019168047669192428,0.0,0.0,0.01947143979752381,0.019247486358971867,0.0,0.0,0.2,0.1,0.1,0.1,0.02253554558764411,0.021896409041417087,0.0,0.0
474,474.0,0.00068905049874073,0.007079288934090579,0.00020590118933857,0.006611412459377601,-0.00037309537353815,0.00192708042136873,0.0018453616691811,1.7447853261139243,1.2838501812890173,0.41199934484902767,0.00309595716844124,0.00115442522824681,0.004055556600026331,0.0012667281493252002,0.010010183357138668,0.01042297309874109,0.00010309829376635347,8.873515762388216e-05,0.01010543641960933,0.01020465940581523,8.21282621473074e-05,8.29704338684678e-05,20.0,0.024362432073935604,0.03999481767226531,0.019602247491001083,0.01943803069347442,0.0,0.0,0.018743318315532755,0.01859804185232709,0.0,0.0,0.1,0.2,0.2,0.0,0.023721923739482332,0.022998006013851727,0.0,0.0
475,475.0,0.00223861614508419,0.008188749428287541,0.00255782314312131,0.007997375896873089,0.0019574410600123,0.003638131318883,0.0018093430994618,0.8212629772955552,0.9064477566629648,0.6629627606133,0.007395006954262109,0.0019494105069146298,0.00848152791345174,0.0020066664776550998,0.012838205510722362,0.012878579638764731,0.0001347955083474,0.00011496529914433,0.01717360676329718,0.018031299749112478,0.022060196311213018,0.0001100914319976767,50.0,0.01091398515901218,0.020309301860460333,0.01545431317878013,0.015111231154454318,0.1,0.0,0.0161583650569408,0.015489548360807643,0.0,0.0,0.6,0.9,0.9,0.8,0.01832751766189704,0.01873789904118103,0.0,0.0
476,476.0,0.0022739843509709005,0.008173330901248041,0.00263473152480245,0.00798592933696368,0.0020620028891460505,0.00360047163609548,0.0018085282415422,0.8417663884349167,0.6765503937378525,0.4849014991894364,0.0075140749062599,0.00197930248100335,0.0085720026373358,0.0020538545075236697,0.013006506579699827,0.012949364233866039,0.00014036840293550002,0.00019100045319641,0.01282463567433933,0.01287852196557705,0.00011341958306724999,0.00011441574897613001,51.0,0.01078403882664276,0.020003797846314664,0.015356102156560681,0.014936023044803789,0.1,0.0,0.0159484420800025,0.015337260590426083,0.0,0.0,0.7,0.8,0.9,0.9,0.01837009118926547,0.018537135140781442,0.0,0.0
477,477.0,0.00298157421809241,0.00892706308116956,0.00325370549554863,0.008631735105271942,0.00215419097941456,0.00391117515038172,0.0017803289877523,1.1639460060046987,0.6542721365578472,0.19826640109531576,0.009741473925155831,0.0023376547894152903,0.010250847266293049,0.0023398208609870298,0.01427970982594971,0.014241718376724092,0.00019046484958375,0.00016368527431036002,0.015133421212000073,0.01486080900709311,0.00015575645957137,0.00015783749986436,100.0,0.00580313309564034,0.010503421991173451,0.0145956171186194,0.01393621434932272,0.1,0.0,0.015023644993124068,0.014197631503236302,0.0,0.0,1.0,1.0,1.0,1.0,0.01922216972380219,0.018129211232023663,0.0,0.0
478,478.0,0.00314068158074067,0.008971349021251889,0.00308129009021062,0.008689138855086851,0.0020700180034672203,0.00394698569497859,0.0017799071556689997,2.06001554755494,1.1290738124167548,0.3549352128757164,0.00973989569445247,0.0023265227444236396,0.01024188781648223,0.00233417841408647,0.01423679536515474,0.01428779984940815,0.00018990652170028,0.00016556461341673,0.014371352322884442,0.014273199980107648,0.00015992426779116002,0.024876584601588505,101.0,0.00578206270744446,0.010436786176003299,0.014583621019151657,0.014008050185113433,0.1,0.0,0.014815671933992181,0.013969764015671248,0.0,0.0,1.0,1.0,1.0,1.0,0.01916669256078144,0.018226860058594,0.0,0.0
479,479.0,0.0036242198695968404,0.009394072627767609,0.00349018979874867,0.00947024277328318,0.002014111025966229,0.004567732087887909,0.0017630787183343,1.3146919088670983,1.7567698634695261,0.3261830300325528,0.010533257422630787,0.0024633691301473998,0.01091417630852523,0.0024361918117348997,0.01488035757574083,0.015091906677729519,0.00022556767798955,0.00020321568008507002,0.01537149757479873,0.015605978525756597,0.00024708672426635,0.00019576260820025002,150.0,0.003993363459066311,0.00711736177409038,0.014684215233320589,0.013784699153382532,0.0,0.0,0.01414121101971757,0.01338832407600134,0.1,0.0,1.0,1.0,1.0,1.0,0.020544359494473138,0.018746431350913518,0.0,0.0
480,480.0,0.0036243244004134497,0.00941601403289838,0.0034087099969787905,0.009472702906252382,0.001453565841282379,0.00456834610763197,0.0017627952869719,0.8572681508492679,0.8560393997468054,0.28779618062544615,0.01053918803549137,0.00247385805976702,0.010923323445780422,0.00242626898632405,0.01485751368575311,0.015128749390335353,0.00021436668466772,0.00020544861908999,0.014893573315606302,0.015091989009644449,0.00019579038489605,0.00019573152530933999,151.0,0.0039904865857069895,0.007093925789837821,0.014743293189056381,0.013814623527988823,0.0,0.0,0.014188933557874511,0.013380976280580329,0.1,0.0,1.0,1.0,1.0,1.0,0.020265686205418527,0.018843083777007896,0.0,0.0
481,481.0,0.0036910164335627,0.00967814158932288,0.00403426221574461,0.009974907419720272,0.0027096572933029495,0.00513837883099707,0.0017507984325915,0.9332770527340472,0.7627815175568685,0.0946877792710438,0.011165337752826809,0.00257593933665032,0.01148914870492707,0.00252037718697291,0.01531734155630258,0.01512618467938861,0.00041735407430673003,0.00045425344724201003,0.015439611861920142,0.015837300928692937,0.00053110346198077,0.00140550737269217,200.0,0.0030840708369610703,0.005409984417469321,0.01399161167244301,0.013099703106499699,0.0,0.0,0.014015736118604691,0.013186924432953228,0.0,0.0,1.0,1.0,1.0,1.0,0.0207221595355959,0.018541559791697613,0.0,0.0
482,482.0,0.0037307914991834396,0.00969503873156736,0.00401373581111705,0.009979158198048059,0.00267826854601588,0.005155609642205519,0.0017505854526164003,0.9271257310640066,0.7158465908374637,0.15904069354292003,0.011169969720379098,0.0025790614279753697,0.01149574567773765,0.00251641576099103,0.0152912298586731,0.015175855268219041,0.00029925778508181,0.00029910083394493997,0.015326283218845091,0.01514832610138031,0.00075762199703599,0.00024601737968619,201.0,0.0030866749814884298,0.00540130358624157,0.01399725919511608,0.01311206057552329,0.0,0.0,0.01403857476717348,0.013151130593385681,0.0,0.0,1.0,1.0,1.0,1.0,0.02076811132403292,0.0185367987515944,0.0,0.0
483,483.0,0.0037544211476712797,0.009798022501017311,0.00375779523370056,0.01037328391314347,0.00302047877722171,0.0055213258361626995,0.0017412714972902,0.6729715060442686,0.8213815034134313,0.1997764887753874,0.0113592683183142,0.00254439922408949,0.01156335009011163,0.0024696782736126303,0.01523767824388512,0.0154824189744354,0.00033252595458173995,0.00033651387784624994,0.015623857748775772,0.01561201599696363,0.00092486960347739,0.00029914069455112005,250.0,0.00251625017688185,0.00436692425827686,0.01395326924790038,0.01319736480196452,0.1,0.0,0.01366856814489387,0.012909446323304008,0.1,0.0,1.0,1.0,1.0,1.0,0.019245145845325093,0.018317414061285696,0.0,0.0
484,484.0,0.00375758508297921,0.00978961998699061,0.0037683104426187797,0.010356899133137221,0.00300650172433039,0.00549804060460682,0.0017411011265922,0.8673799491021782,0.8164444836555049,0.2555807259399444,0.011375784622169129,0.0025349237449534497,0.01157557351240902,0.00246466656928423,0.015219587434161418,0.01546893426551654,0.00045506109017875,0.00041471600998187007,0.01524816831530971,0.015475110009244461,0.00063515361398455,0.0003341929288580499,251.0,0.00252014769524039,0.00436349316462205,0.01395371269687264,0.013195798714209362,0.1,0.0,0.01367592868193448,0.012919745975791031,0.1,0.0,1.0,1.0,1.0,1.0,0.01929389076468507,0.01835200371418834,0.0,0.0
485,485.0,0.004065082756665771,0.010074484785903701,0.0038302015592114693,0.01038325289915524,0.00322163996501808,0.00564388503311977,0.0017334946261613996,0.7298768931766972,0.3851707230554894,0.19076229969505218,0.01159674576507622,0.0025127646706660503,0.011775311522162619,0.00242917413946106,0.015127801166203231,0.015546354259195181,0.00038052704185242005,0.00048165153712030997,0.01541649696915674,0.015643408739643084,0.0006663209293037099,0.00034704499412322994,300.0,0.00212767726623313,0.00367224152407298,0.01392903106011426,0.013247458023252782,0.0,0.1,0.013776221768174052,0.012998550575221072,0.1,0.2,1.0,1.0,1.0,1.0,0.01850743283428686,0.01807417403511864,0.0,0.0
486,486.0,0.00403677612701685,0.01006411885043838,0.00381111685207966,0.01037353239421771,0.00319787423810629,0.005618671552467131,0.0017333527746682003,0.9705477411625907,0.7792048779316246,0.1513777072541415,0.01159930292934833,0.0025211157675889997,0.011776842449329531,0.0024301570560438398,0.01514701548718187,0.015574815164168051,0.0005677715176715801,0.00051644349005068,0.01514052140693593,0.01555585166590561,0.02229330141562964,0.00036848599556827,301.0,0.00213214818150123,0.00367147212873193,0.01393805538324223,0.01326779706144239,0.1,0.1,0.013795011194709359,0.013002542925177047,0.1,0.2,1.0,1.0,1.0,1.0,0.018553538171924188,0.018168868551482968,0.0,0.0
487,487.0,0.00410599264336246,0.010091367022155991,0.00385338134598076,0.010412624290627979,0.0033360855703865196,0.0058454779883748195,0.0017269282216009,1.8531781445024536,1.011335122026503,0.2273209690116346,0.01176295462415061,0.0025260979323402004,0.011869365344580099,0.0024593040020340603,0.015204521847345932,0.01552709463918529,0.00053745761979367,0.00050123233813788,0.0152939797730211,0.01572341999607973,0.006440149853005948,0.0016932944301515196,350.0,0.0018492787770252102,0.00317172292246577,0.01387238662248968,0.01328396569951798,0.1,0.0,0.013571204042499757,0.012906378408429838,0.1,0.1,1.0,1.0,1.0,1.0,0.01787459065315184,0.017546123500368382,0.0,0.0
488,488.0,0.004101065331597829,0.01008268009054759,0.00383491429845143,0.010374932778253899,0.00323009668195981,0.00580823547780269,0.0017268067821747004,1.4496311503229662,1.204771835077554,0.23121682277414948,0.011757710028906321,0.00252761088779821,0.01186457679858949,0.00245765282989674,0.0151911413923422,0.015522432091067628,0.0005791014293208299,0.00042596729472275,0.01519085649797948,0.015510008293655952,0.00064286978449669,0.00038303891196842,351.0,0.0018537693591529302,0.00317240009530581,0.013880728127571438,0.013299015456799018,0.1,0.0,0.013573825078248631,0.01290741016301462,0.1,0.1,1.0,1.0,1.0,1.0,0.01844489477946971,0.01772896327079962,0.0,0.0
489,489.0,0.0037084150198342797,0.010098916875860741,0.0037064889897929104,0.01038257363449048,0.0029402450241120797,0.0057644756495475805,0.0017212486794945998,0.7470999721670524,0.6075147159164771,0.20163973635062576,0.011786295401616608,0.0025312862337565,0.011934018646262052,0.0025175746962839505,0.01546477623836574,0.01548224917686487,0.0006585797760635199,0.0007082020398229,0.015294684938821471,0.015554151989398862,0.00054898564703758,0.00044980421662325996,400.0,0.0016426393432227098,0.00279995352837721,0.01377343362367631,0.01336680510200135,0.0,0.0,0.0135531672290269,0.01326862033620608,0.1,0.1,1.0,1.0,1.0,1.0,0.017941970198012643,0.018368969736399975,0.0,0.0
490,490.0,0.00375075270565315,0.0100767905371227,0.0036826710874638497,0.01038991683989335,0.00290471655319725,0.00574667328351759,0.0017211425638045002,0.5986109014134854,0.6903801161795855,0.09262138505000615,0.01179976607450238,0.0025339782911031504,0.01195008296346267,0.00251713122183785,0.015448723902432997,0.0155030654447811,0.0006540948757901199,0.00048572211526329994,0.015466673206180486,0.01550350794565962,0.0007656639907508601,0.06121351900510487,401.0,0.00164732086945013,0.00280174891598808,0.01374563140182675,0.013325197133336648,0.1,0.0,0.013522438313081331,0.01326580417735473,0.1,0.1,1.0,1.0,1.0,1.0,0.01780708858211854,0.01836649286565313,0.0,0.0
491,491.0,0.0037821482572443104,0.01031456894771916,0.0035356003478482596,0.01072306231472045,0.0026795087667717096,0.00590092432966126,0.0017162466824681,1.4229794087586924,1.9056652210419998,0.27749180148821323,0.011904234454658309,0.0025410561403695297,0.01201517557138711,0.0024984821655620504,0.01556441224272705,0.01582144355308209,0.08503870819695289,0.00255088126286859,0.01569075597519119,0.015838435399077488,0.00060875166673209,0.0024245618376880205,450.0,0.00148274880730047,0.00250988469938963,0.01381040961909499,0.013389055634445248,0.1,0.1,0.013620971461895278,0.013136717456256419,0.2,0.1,1.0,1.0,1.0,1.0,0.01839978175755235,0.018845572351336447,0.0,0.0
492,492.0,0.00376030704082804,0.010337375003627549,0.0036019027475126197,0.01071904224928242,0.0026680097673205698,0.005895166259131559,0.0017161524892587003,1.5166327783837914,1.0272943813819437,0.18027123259380456,0.011912645637292631,0.0025341570049211798,0.01202038880621715,0.00248630702692076,0.015527651344801921,0.01582763862049997,0.0005948145175352301,0.003654583124443831,0.015585257869057378,0.01582397495329551,0.0005501135019584999,0.0005359082715585099,451.0,0.0014871442046095803,0.0025120068379494097,0.013814893593656041,0.013416901533492362,0.1,0.1,0.01358925408449444,0.013099732384088219,0.2,0.2,1.0,1.0,1.0,1.0,0.018395977738486058,0.018837760621059033,0.0,0.0
493,493.0,0.0039123286061721,0.010497487090819779,0.0037402632587141297,0.010815455731052312,0.00267140635898222,0.00593071625881177,0.0017117790671466004,1.0950613480061293,0.7471118211513386,0.17215386964380738,0.01191537840290519,0.0024898745708321,0.01200003944433932,0.00247666605837911,0.01569057872529054,0.01580664350712957,0.00078331513795998,0.020624887384474228,0.015602269800384977,0.01599239847354106,0.0006190158193930401,0.0005948384758084301,500.0,0.0013506005399414802,0.0022744727751623796,0.013799521983816898,0.01334218603224999,0.0,0.1,0.01369909079775824,0.01331212259367639,0.1,0.1,1.0,1.0,1.0,1.0,0.018780791402752257,0.01900529173325612,0.0,0.0
494,494.0,0.00391159697288619,0.01049489020681051,0.0037317997229389306,0.010798462766123899,0.00268160741404872,0.005932147666150739,0.0017116944114938999,0.8106005971319974,0.9342979604611173,0.2316383637720719,0.011916535526516902,0.0024902360555531097,0.01200357656663618,0.0024789324284782,0.015688227091500966,0.01579811805678241,0.0045833804178982505,0.0013979424256830998,0.015685607944604902,0.015803709055385882,0.0011906679952516598,0.00060545352753248,501.0,0.0013549755882685999,0.00227681988119455,0.013802366924341081,0.01334296792067633,0.0,0.1,0.013701589156909357,0.013311153189751748,0.1,0.1,1.0,1.0,1.0,1.0,0.01883833171939798,0.01902815640991462,0.0,0.0
495,495.0,0.0037088622210027294,0.01050552814441587,0.003642204074254721,0.010826005298972098,0.0029659737811083904,0.005935399235575621,0.0017077436182978,0.6995590856531635,0.6951100256759674,0.11477943218778816,0.01209645094202629,0.00255986432434157,0.01212494245855479,0.0025402564474469496,0.01601270490766123,0.01606812560510874,0.00085412326734509,0.00150545686483377,0.01580031525209807,0.01592256807096323,0.0005907846614717999,0.0005890144966542101,550.0,0.0012433425348037201,0.00208236749812053,0.01397164114311957,0.013399258952219151,0.1,0.1,0.01400409883923515,0.01354476118420738,0.0,0.1,1.0,1.0,1.0,1.0,0.019517315191700857,0.018970430114285845,0.0,0.0
496,496.0,0.00370489554431613,0.010489305201988841,0.0036392317259638096,0.01082365743744306,0.0030792406163005002,0.00591698911349533,0.001707666763858,0.9346644395496696,0.6097657934296876,0.15042408911976962,0.012102973702448911,0.0025658130447161797,0.012132120774559607,0.0025420456069319103,0.016002068170301316,0.01607942189250381,0.0007057919166981701,0.00078141915146256,0.01599777182461333,0.01605173903941137,0.0006157496944069299,0.0005592465633525901,551.0,0.00124737237097853,0.00208488379386764,0.0139819833324479,0.013412973995837879,0.1,0.1,0.013992816723504758,0.01353887087641451,0.0,0.1,1.0,1.0,1.0,1.0,0.01943436210190364,0.018804402460734383,0.0,0.0
497,497.0,0.0038190004815533397,0.010775265710682809,0.0035877018847998896,0.010897905417807078,0.00269394385345026,0.00588911681032257,0.0017040648225892002,1.0952011493965983,0.9101976353675127,0.33411693742964416,0.01216967211971701,0.00257487963321626,0.012150668003587658,0.00250971839523705,0.0158830009806937,0.01623071699429371,0.00074924586806442,0.00108668589964505,0.01609323059804735,0.01617480049674777,0.0016642581671476,0.00060082557611162,600.0,0.0011556078827891798,0.00192180495328003,0.0139630103090055,0.013572525393663982,0.0,0.1,0.013739202569508521,0.01353840607770786,0.1,0.1,1.0,1.0,1.0,1.0,0.01969909562642135,0.01993690460172056,0.0,0.0
498,498.0,0.003815678046088859,0.010767050021002028,0.00358441597414485,0.01089132197590779,0.00269681634612061,0.00588408941168219,0.0017039944662708,1.2397215355886146,1.0225828056223691,0.3454454094870016,0.01216724866706078,0.0025749855246719596,0.01215034490425833,0.00251236382623277,0.01587032874011845,0.01621855339020651,0.00100634680129583,0.006361936172470391,0.015870059337599093,0.01621742756769163,0.0007465000962838001,0.00061966790817673,601.0,0.0011594221274376201,0.0019242901004662596,0.01396364604853315,0.013574462486613838,0.0,0.1,0.01373863542802362,0.013548459225773468,0.1,0.1,1.0,1.0,1.0,1.0,0.01968749888427817,0.019927112525715152,0.0,0.0
499,499.0,0.00399747247304221,0.010932384682925168,0.00371162888981773,0.01104677996098662,0.00285798309386575,0.00590272901456167,0.0017006853207312002,1.0528295438736677,1.2711760558420793,0.41118261152878405,0.012176965371429878,0.0026065990223738803,0.01226379598564354,0.00255989624318543,0.016041632809817057,0.01641888710983354,0.00085497531108553,0.00133058549836274,0.01610872487573669,0.01641784451411349,0.0007617159979417399,0.00067782877013082,650.0,0.00108078236061437,0.0017854679465254901,0.013897718450429511,0.013548483606454723,0.0,0.0,0.013501432540093599,0.013081549454883313,0.2,0.2,1.0,1.0,1.0,1.0,0.02010242421620438,0.020582276267651738,0.0,0.0
500,500.0,0.004019089656325079,0.01092247028318319,0.0037106447761006897,0.01106198996899133,0.00287338381710467,0.0059124460415715405,0.0017006204598150995,1.3088977679377423,0.9842349267099053,0.20747017809189855,0.01217679913985769,0.0026032521716784,0.012266215299701871,0.00255951815699043,0.016021162751822218,0.016417161564106757,0.00175352389924224,0.0013188567012547999,0.01605315713121499,0.01643131148811477,0.00071803301107134,0.00066033089533443,651.0,0.00108435341867105,0.00178794700542231,0.013893687260332122,0.01355602542003862,0.0,0.0,0.01343032280333598,0.01305867046293174,0.2,0.2,1.0,1.0,1.0,1.0,0.02010576142460407,0.02059849318751942,0.0,0.0
501,501.0,0.00400242243697551,0.01103194839587331,0.003934753931969391,0.011087270732604468,0.00289898213719716,0.005837196799242229,0.0016975605255074998,1.217054909747094,1.0789488239679486,0.2637491493951529,0.01217843611196252,0.0025801578092447303,0.012389419193038428,0.0025853342868282906,0.01605605889109458,0.01613078637182731,0.0020324767101555503,0.0012869475875049402,0.01606702634601683,0.01642639221729954,0.00074392715468998,0.0007506668800487601,700.0,0.00101659781115006,0.0016685848807048698,0.01348022069908246,0.01331826628468973,0.1,0.1,0.013497664022119748,0.013146105227897931,0.3,0.2,1.0,1.0,1.0,1.0,0.019752082635888436,0.02023311109528822,0.0,0.0
502,502.0,0.003999795683264241,0.01102678246594152,0.0036881592133604707,0.0110820111148427,0.0029124365966877,0.00584317391962022,0.0016975003720442997,0.9659925630083308,1.0943645128514619,0.30848285763058814,0.01217566944896637,0.00258381878153855,0.01238839154305196,0.00258377949651915,0.016050621496347988,0.016321142755253114,0.00091936953831459,0.02391334148123855,0.01605244156726393,0.01612934438339698,0.00076262312941248,0.00073620895855123,701.0,0.0010199803683664,0.0016710317713362001,0.013639146668026311,0.013492284425184612,0.1,0.0,0.01349593932729341,0.013151780824441189,0.3,0.2,1.0,1.0,1.0,1.0,0.01973168860696453,0.02019210197672113,0.0,0.0
503,503.0,0.003993699185338871,0.01109944267795914,0.0038256224956295403,0.011122758785880042,0.00315673596740709,0.005888525115419119,0.0016946550958096,1.43985809199512,1.2180023542838172,0.12683185574132946,0.012214777744910709,0.0025841108759707197,0.01246324503266399,0.00259716930656283,0.016126533730644228,0.016255571446549672,0.0014323376584797602,0.0012560463044791802,0.01610313064339116,0.01637052161838643,0.0008129881927743099,0.0007812371477484199,750.0,0.00096962668162157,0.00156680380350422,0.013548362426460809,0.0132831186445319,0.1,0.1,0.01347843729627286,0.013124340395706499,0.2,0.2,1.0,1.0,1.0,1.0,0.02034626819711078,0.020645385301960563,0.0,0.0
504,504.0,0.0039830266372309795,0.011089309110650902,0.0038238419852751004,0.011118170113768488,0.0031563822466641003,0.005884865070816479,0.0016945990194592998,0.9858816550578922,1.1230006641941146,0.21937965287361288,0.01221034223869523,0.0025831889203760798,0.0124604478431023,0.0025975814460541496,0.01611581863347754,0.016245218642051314,0.0009237003047018801,0.0027141981292515506,0.016115782723174554,0.0162471505511244,0.0013687346829101001,0.00079627817030991,751.0,0.0009728226637807001,0.00156920535447325,0.013546026661674721,0.013283129005758149,0.1,0.1,0.013479852161755948,0.01312960636232444,0.2,0.2,1.0,1.0,1.0,1.0,0.02033927997930688,0.02064117858599256,0.0,0.0
505,505.0,0.00394531206681241,0.01102544885821074,0.00387593834181335,0.011077169930355632,0.0031032631151192,0.005805169199438331,0.0016919405482937002,0.5642350101610646,0.8527913127327338,0.14212849596515295,0.01221084769425022,0.00260917853022639,0.01255611791096283,0.00263744452367462,0.01625550866742763,0.016240897195517013,0.00106095373630519,0.00134514279197898,0.01609202551813463,0.01622603865651282,0.00086264009587462,0.0007990025449543701,800.0,0.0009277791252032999,0.00147755484253787,0.013567296040011851,0.01330146173000562,0.1,0.0,0.013654658962164229,0.01309890281570882,0.2,0.2,1.0,1.0,1.0,1.0,0.02044813258943294,0.02112373281278854,0.0,0.0
506,506.0,0.003946530062726,0.01102982958532583,0.00389619299395522,0.01107516067190634,0.0031048647371182897,0.005789798752536291,0.0016918880369804997,0.6657400481402874,1.0259799299063161,0.16333143434021619,0.012208583120092301,0.00261075012265928,0.01255714166715938,0.00263872061230052,0.016262224903634978,0.016244504875150667,0.00103361888322975,0.00134701933711761,0.01626158411597811,0.01624206981326792,0.0008364494191482099,0.0007933581247925399,801.0,0.0009308565200183598,0.0014799187159663,0.01357052501828335,0.01330729379733156,0.1,0.0,0.013659014733674599,0.013089094337443503,0.2,0.2,1.0,1.0,1.0,1.0,0.020441114407287832,0.02112230136769684,0.0,0.0
507,507.0,0.00403467846767412,0.011102947806058468,0.00394715075896789,0.01104528063135081,0.003151501514086981,0.005746025188881719,0.0016893935930052998,0.6991315096383914,1.0089562160661445,0.23531121015548706,0.012279896403997539,0.0026398608810664203,0.01273109396306693,0.0026898352485263096,0.016289173470695247,0.016285829678004033,0.01055324859917159,0.0012759434292092398,0.0163282125141938,0.01622898461266069,0.00242268033325668,0.0008523012045770301,850.0,0.00088543599425457,0.0013992153543491898,0.01358801052277327,0.013367008939495731,0.1,0.1,0.01354015960465627,0.013120945504578648,0.2,0.2,1.0,1.0,1.0,1.0,0.020336722377514167,0.02099538428776337,0.0,0.0
508,508.0,0.00389889520711552,0.011124157083321649,0.0038999255134732104,0.01106138287556503,0.003153962608182081,0.00574932800715243,0.001689344225118,0.7921983676264063,1.0166088311001658,0.11203811187297101,0.012282393715372309,0.00264238656854927,0.01274789148245943,0.00269417390856992,0.01632466304029975,0.0163166146295219,0.00101562959607685,0.00498809602577234,0.0163005999460347,0.01629741494481357,0.0009115934371947699,0.0008553835097699798,851.0,0.00088837142056826,0.00140154157808588,0.01361039144271054,0.013393215510439796,0.1,0.1,0.013577980209055679,0.01316625602194339,0.2,0.2,1.0,1.0,1.0,1.0,0.02033450739282858,0.02099267708425876,0.0,0.0
509,509.0,0.00358474655497617,0.011138483533207334,0.0040773966861837605,0.01106104626390175,0.00306051807978503,0.00586688298677772,0.0016869949447494005,1.0401850918540732,0.9683111168909818,0.23204100751318038,0.01228120321803363,0.00262598050002814,0.01288501755272749,0.0026920052320441898,0.016228173237927117,0.01625453932617289,0.004645422706380439,0.0032798455795272595,0.0163551179120449,0.016342660467196287,0.00103303871583188,0.0009638657094910399,900.0,0.0008487201502846301,0.0013293473763741001,0.013657814110594569,0.013132181787905439,0.1,0.0,0.013435962900691508,0.012931362542896212,0.2,0.2,1.0,1.0,1.0,1.0,0.020405101569447904,0.02099919067633903,0.0,0.0
510,510.0,0.0035696129710389704,0.011137827450394388,0.004075113008740931,0.011057330160481053,0.0030340881634345297,0.0058597388880077,0.0016869483690500997,0.9282899586251006,1.1999933748971672,0.25260690490249543,0.01227959140249249,0.0026242881755468997,0.01288726634865212,0.00268935696411222,0.01622515144611108,0.01624627783870613,0.00123565928079183,0.0015081572812050098,0.016223916300554843,0.01625069976366346,0.00100205093622201,0.0009397418005391598,901.0,0.00085151268663899,0.00133160410740792,0.013658682625961599,0.013128131644040942,0.1,0.0,0.01344025011261903,0.012913276839183838,0.2,0.2,1.0,1.0,1.0,1.0,0.020363873009534492,0.02093273551578311,0.0,0.0
511,511.0,0.0035048233896773904,0.01111163075742464,0.0040558300391588505,0.01107057768257022,0.0031246652376119605,0.00581593996067059,0.0016847284558978996,0.7335458863759413,1.1336256006965413,0.1985109970672056,0.01232426957569274,0.0026327433712447896,0.013039630555044951,0.00271265541359275,0.016353840734223118,0.01624564361644985,0.0012348202988504702,0.0013876606710254598,0.01628342929759187,0.016289815233583173,0.00110261598601932,0.00099421627819533,950.0,0.00081703888547166,0.0012671704070782099,0.01348535422072808,0.01313253852318709,0.1,0.0,0.013318448661954588,0.01312640063039989,0.3,0.2,1.0,1.0,1.0,1.0,0.020298519707684155,0.020952897150482028,0.0,0.0
512,512.0,0.0035158697316272102,0.011112650219661482,0.00405653004127185,0.01107091342929108,0.0031295813445652203,0.00581418414823262,0.0016846843767097997,1.148097377596423,1.4622115473262967,0.09169556889683003,0.01232102984570879,0.00263256530400751,0.01303666273922236,0.0027082089352244198,0.01633431139566948,0.01624334038624901,0.00117237123195077,0.00196899822913104,0.01634973197290931,0.01624365890571348,0.00110018290579314,0.00098930364474649,951.0,0.00081972079542297,0.0012693729604291598,0.01348879445784425,0.013129305072999909,0.1,0.0,0.01331392303292886,0.013106221086551573,0.3,0.2,1.0,1.0,1.0,1.0,0.020293603600730896,0.02094921007026708,0.0,0.0
513,513.0,0.003415828904656848,0.011159308174553139,0.00405250503098511,0.01113392240389517,0.0030366525122030603,0.005906354737811701,0.0016825804717114,0.6692998457001522,0.8218758800067008,0.16078078697901219,0.012365227643413069,0.00262152286432848,0.013151474567479452,0.0027148636429978,0.016465221945282063,0.016194989750021548,0.02263086652383204,0.007303066668100588,0.01635708378554604,0.016237151678710877,0.00109033409971739,0.00105471182614559,1000.0,0.0007890560981453401,0.0012110864147352803,0.01353983785609244,0.01314798041716721,0.1,0.1,0.013562909027902682,0.013264845827974289,0.3,0.1,1.0,1.0,1.0,1.0,0.02007763299988622,0.02076784575928372,0.0,0.0
514,514.0,0.003422765812564596,0.011171039348518088,0.0038980669060855004,0.011148386550720268,0.00303594106979273,0.00591523907029205,0.0016825386378054997,0.7332156507531181,0.8283277495997027,0.02279281306546177,0.012367573472126681,0.00262275395903874,0.013156484989786981,0.00271382946695348,0.01646686112225665,0.01621250335774554,0.00122163428459311,0.00267546449322248,0.016475769597625346,0.01620747714907887,0.00113329095765943,0.00105639288667584,1001.0,0.0007916478667318901,0.00121326105690282,0.01355644642455139,0.013248369364501082,0.1,0.1,0.01355370700454509,0.013259017747777279,0.3,0.1,1.0,1.0,1.0,1.0,0.02008019782461713,0.020769024643757718,0.0,0.0
515,515.0,0.0028654111550112495,0.011021849551052,0.0037809028045008306,0.01110874098231766,0.00309012307318542,0.005850240304008531,0.0016805393430311,0.787164669437334,0.5078974179690704,0.08281836204696444,0.01235470110696901,0.00264011069808645,0.013340971857828862,0.00274618850648517,0.01698478984498576,0.01640740822339028,0.00133617643732572,0.0010664648842066003,0.016536014332166837,0.01628164856660861,0.00188608290627593,0.0010504388250410098,1050.0,0.00075855262544079,0.0011601422287209802,0.013675116264303039,0.01328781236725525,0.0,0.0,0.0139337693104493,0.01372191977569397,0.3,0.2,1.0,1.0,1.0,1.0,0.02041467584855158,0.021162341617824175,0.0,0.0
516,516.0,0.002870616798428266,0.01103741708810643,0.0037770747954843607,0.0111085118088333,0.00309012307318542,0.00584826434615232,0.0016804995391569,0.7791758488863707,2.6315375603036957,0.1248103326652199,0.012353716068375792,0.00263941650864952,0.013341302413079991,0.0027405918256639,0.01696454913450007,0.01640420038679226,0.0012558093992992801,0.00128906662575896,0.01698164677302124,0.016404883592750767,0.0010598518652840797,0.00607860847376282,1051.0,0.00076104481572921,0.0011622339145232802,0.013675906828053608,0.01328817728116694,0.0,0.0,0.01393319802992996,0.013717708757603008,0.3,0.2,1.0,1.0,1.0,1.0,0.02041467584855158,0.02116234161782418,0.0,0.0
517,517.0,0.0027991381531811002,0.01108667257210893,0.00390180352227211,0.011115605846145099,0.0032789490403313305,0.0059075899897451205,0.0016785950524084996,0.9781934914877638,0.8451971555594355,0.10698754871264096,0.01236677020921149,0.00264655450872719,0.013434986585067001,0.0027683191329254805,0.01718523585124456,0.01637231286867176,0.013135614991188007,0.0058750258293002395,0.01700268442243098,0.01643726637255627,0.0011006602318957101,0.0016520375153049299,1100.0,0.0007354872301005,0.0011137662709333799,0.01362134371965629,0.013295394136884079,0.0,0.0,0.014002401920952912,0.013836535808260211,0.3,0.2,1.0,1.0,1.0,1.0,0.020118562766883917,0.02091657916184182,0.0,0.0
518,518.0,0.00280141015232246,0.011078870600624919,0.0038763816286074898,0.011113321197839119,0.0032789490403313305,0.00590643109207939,0.0016785570927480005,1.8489432947710156,1.0525588311022147,0.1992908194195479,0.01236581788983865,0.0026517718489043403,0.01343535322751858,0.0027721678779761604,0.01718826216969777,0.016402612189179152,0.0012694663600995703,0.00109489310998465,0.017183725258067842,0.01636927803539957,0.0011045759776606601,0.0016794633585959198,1101.0,0.00073786007072935,0.00111579567970287,0.013663375084509188,0.013332477633367371,0.0,0.0,0.01400444282032034,0.013831935459301722,0.3,0.2,1.0,1.0,1.0,1.0,0.020118562766883917,0.02091657916184182,0.0,0.0
519,519.0,0.0023928114031514396,0.01107314786586812,0.00400215788451273,0.01106874357588603,0.00331184876135194,0.00593886562337254,0.0016767389234064998,1.5012019898509608,1.218767767213285,0.1707220013719052,0.01245642694805847,0.00265113849218932,0.01371208382908142,0.0027789013534516302,0.01732051178316329,0.01633868355985343,0.00123564130626614,0.0028671762906014404,0.017173094343361315,0.016408555068849123,0.00113688413985069,0.00112451796885575,1150.0,0.00072475666816175,0.0010727428328854,0.01352048503608074,0.01326896236875596,0.0,0.0,0.01421253907043964,0.01412097595766569,0.3,0.1,1.0,1.0,1.0,1.0,0.01966848123256585,0.020291754060728962,0.0,0.0
520,520.0,0.002390427842512,0.011075024743381399,0.004003567433379979,0.01106590839119416,0.0033153147237149397,0.00593772305705669,0.0016767026464508,1.5504841847810895,0.9582591023296118,0.11386280406732108,0.0124572936123426,0.00265096845243361,0.013711643888309671,0.00277747912314417,0.01731606120574019,0.01633421149994041,0.00141270100139076,0.0011792460922151302,0.017319189645377493,0.016335756667354998,0.00115170883946115,0.0011393438093363901,1151.0,0.00072703632101908,0.0010747199287681002,0.013518363558167578,0.013268202503225112,0.0,0.0,0.014235697583035204,0.01414295760153488,0.3,0.1,1.0,1.0,1.0,1.0,0.01965567828892808,0.020280992162272284,0.0,0.0
521,521.0,0.0013527384896433498,0.010876878293783889,0.003998091652260021,0.011066096579775371,0.0032862887919057103,0.0059089117725415795,0.0016749633918257995,1.3736479062819853,1.0553058957215398,0.13995252242311834,0.012474233472648482,0.0026338742275795204,0.013840492955762913,0.0027886478705031305,0.017979855944871812,0.016266818049310912,0.004025054187513829,0.0012383021647110097,0.017313806637795998,0.01631894499616195,0.0012026433600112398,0.0017046265071257402,1200.0,0.00071045481519733,0.0010337045139267602,0.013471836427312579,0.013146979036954817,0.1,0.0,0.01495577597460535,0.014914090797122581,0.3,0.0,1.0,1.0,1.0,1.0,0.02006075666478594,0.02079839917879531,0.0,0.0
522,522.0,0.0014912720500284307,0.01088689692867237,0.00399368220895115,0.01107325899656208,0.0032893507822418294,0.00591168127758483,0.0016749286563194003,1.1214165376499294,1.039049742789939,0.11539009751286353,0.01247505221429323,0.00263627711172164,0.013842016698380848,0.0027860469146810196,0.017941616318867978,0.01628648165433912,0.0014402839355170199,0.0011945314006879498,0.01799270848624965,0.01627463674098839,0.0011919453507288702,0.00117777022533115,1201.0,0.00071264470274522,0.00103562455636556,0.013480998332130309,0.01315036456831887,0.1,0.0,0.014896840322913548,0.0148084789004202,0.3,0.0,1.0,1.0,1.0,1.0,0.02006807433168764,0.020810014248139257,0.0,0.0
523,523.0,0.001063284457345564,0.01089790381567574,0.003993569177428189,0.01100942874381941,0.0033212606468455198,0.00602328006066146,0.0016732951692095001,0.8012053304351866,0.6279823452001437,0.1712064801948145,0.01249102885918961,0.00264521840816418,0.013911095359381028,0.00282001889691934,0.018325833173061898,0.016304007669764135,0.00155348330736154,0.00124501325190063,0.01796337066863,0.016296524905527722,0.014743690611794527,0.00883209172170604,1249.0,0.0006985799675926999,0.0009988963516935102,0.013443557495567412,0.013081128490625349,0.1,0.0,0.015177079708029648,0.01539644769747446,0.3,0.0,1.0,1.0,1.0,1.0,0.01987636696901482,0.02047521028394875,0.0,0.0
524,524.0,0.0010651754337501656,0.010898034281353419,0.0039951785373802,0.011010206790441792,0.0033212606468455198,0.00602502198322683,0.0016732618236817002,1.5588610174367203,0.8507918332470581,0.11569701230619103,0.012492124146284148,0.00264402293114068,0.01391140158073828,0.00281936228716182,0.018318107712926305,0.01629528687812007,0.0014961655018850598,0.0012289903825148502,0.018321565133463398,0.01630093720007282,0.00122925944160667,0.0012134941993280802,1250.0,0.0007007171788007001,0.0010007828735348,0.0134426174627006,0.01307353218423018,0.1,0.0,0.01519274819476286,0.015379974983458989,0.3,0.0,1.0,1.0,1.0,1.0,0.019876366969014812,0.02047521028394875,0.0,0.0
525,525.0,0.0010684798713254077,0.010896394355541291,0.00399464009855801,0.011008179035450722,0.0033306134928840795,0.00601627135866475,0.0016732285053771,1.3320559365674853,1.351386094163172,0.13097457217518238,0.01249612550354769,0.0026434993911650497,0.01391191717515781,0.0028201323021398,0.01830915401702689,0.016295515758636282,0.00203622025437647,0.00123990238644178,0.01831297842844641,0.01629149345477639,0.00188003308139737,0.00972344339825208,1251.0,0.00070285110527863,0.0010026821661478697,0.013446573795177368,0.013078022362678429,0.1,0.0,0.015190107995550742,0.015376542628905579,0.3,0.0,1.0,1.0,1.0,1.0,0.019927029258924978,0.020554925702823072,0.0,0.0
526,526.0,0.0009060125135344538,0.010706522628703169,0.0039264736191897305,0.0109995023360543,0.0032981446757657804,0.00602521080281477,0.0016716283689215002,1.1022045532939955,1.1080172392772512,0.20953907095827162,0.01252443702788981,0.00262820608300218,0.01407296224047378,0.0028420858855812,0.018473021822850422,0.01623200536835632,0.0017326863482593903,0.01044185631908472,0.01828241031439819,0.0162748212830536,0.00134753142483527,0.0013598847668617302,1300.0,0.0006953986263977,0.0009676186089709298,0.01340487673694463,0.013045506607535371,0.0,0.0,0.015233900283106488,0.015456650759585421,0.2,0.0,1.0,1.0,1.0,1.0,0.01969675366106849,0.020339934878789222,0.0,0.0
527,527.0,0.0009394066956198219,0.01071282739587025,0.00396999518960016,0.010998517547469399,0.0032841866214647296,0.00601918196708587,0.0016715963579592998,0.9703499776544049,0.5671351235127077,0.08939973050728436,0.012524196429626499,0.0026394761047166,0.01407289701418847,0.0028445942402649397,0.018458854806125347,0.016250155844957436,0.00212638066150243,0.0013358966214582,0.0184722044784594,0.01623033405340283,0.00135099359322335,0.0042619360843672805,1301.0,0.0006974357701690901,0.0009694524910704901,0.013459475600783987,0.013000726830021441,0.0,0.0,0.01523305424904845,0.015449671839987762,0.2,0.0,1.0,1.0,1.0,1.0,0.01969064890492308,0.020308890748058733,0.0,0.0
528,528.0,0.00041753688797792007,0.010596986295878909,0.00382526379360024,0.01104377105121122,0.0031807899692177302,0.00612585701893624,0.0016700578427850002,1.162262922967784,1.1701222750125453,0.16921524668578053,0.0125185187554084,0.0026243892630022003,0.014159478998843853,0.0028334599167800303,0.0187453942682654,0.01626305247557626,0.00168953272514041,0.00138554070144887,0.01844365755760297,0.016266120254923938,0.00282422171439971,0.0013870106544345,1350.0,0.0006800077585244301,0.0009368390028326298,0.0134053720365391,0.01306706100605121,0.0,0.0,0.01571818024402439,0.01605605511884281,0.1,0.0,1.0,1.0,1.0,1.0,0.019166831146670758,0.019707512111038442,0.0,0.0
529,529.0,0.00038501769277425997,0.01058865319128071,0.0038216712655305502,0.01104016966775073,0.0031778120232452897,0.00612257756173991,0.0016700270415582002,1.3413539482746273,1.3701743581332266,0.37464520120993255,0.012515265455080329,0.0026243031806572298,0.014155822376130792,0.0028340994632301197,0.018771908647329607,0.0162603188258287,0.03225648612715298,0.0022961781360208502,0.018739062490176168,0.016257993415654762,0.0014114177785813403,0.0018242778955026902,1351.0,0.0006819689872807601,0.00093860988750539,0.013407138295909568,0.01306874251526029,0.0,0.0,0.01574710073173105,0.016091235296996208,0.1,0.0,1.0,1.0,1.0,1.0,0.0191692278499871,0.019709970053304,0.0,0.0
530,530.0,1.0542304890919987e-05,0.010401004135029871,0.00406575504127817,0.01099718821168864,0.0033026307161125,0.0061022335938266895,0.0016685456287704003,1.4912062999326736,1.2623660252662376,0.22219649909529834,0.01249576723172033,0.00262864000475846,0.01422744164496637,0.0028423227756534802,0.01917165791787051,0.01617269699768941,0.00184356090612704,0.0014211687259375499,0.01880783961422006,0.01629521641637033,0.00143836580682542,0.00142462481744582,1400.0,0.00066644183223238,0.0009096930450046298,0.01316738100790014,0.013067136865098718,0.0,0.0,0.01616762500156277,0.016363931008651262,0.0,0.0,1.0,1.0,1.0,1.0,0.01876904612056829,0.019196564880630623,0.0,0.0
531,531.0,0.00011637699455905001,0.01041104163388012,0.00407249256551669,0.011005180526345481,0.0033060222946867,0.006116259448967639,0.0016685159501710002,1.0794077687663957,1.1340083060553297,0.19862438549753278,0.01249720078679211,0.00262936964850415,0.014229088907957418,0.0028443713209736396,0.0190815488723678,0.016174750103679678,0.00165881654247636,0.0014199856203048898,0.019178344566619352,0.016178583344292806,0.00144296090584244,0.0014076467836275101,1401.0,0.0006686105416707701,0.00091143814326459,0.01315849802070806,0.01306373064428335,0.1,0.0,0.01607739776403134,0.01623840933572156,0.1,0.0,1.0,1.0,1.0,1.0,0.019132810105935993,0.019744612281671257,0.0,0.0
532,532.0,3.508509810692999e-05,0.01033117820356869,0.00424802311727236,0.011066727818856311,0.0035680014864617796,0.006206922782722319,0.0016670875986524998,1.9532640919089317,1.6798694247147068,0.12348844173829998,0.012484250425169268,0.0026125698000602202,0.014251739137332372,0.0028539126683601096,0.01921188272303475,0.016105909986998103,0.003968545189127271,0.00147416891995811,0.01910312330372748,0.016190992803630212,0.0021135253598912897,0.0014639112865551798,1450.0,0.0006583553008399401,0.0008831254725223401,0.013026064396799129,0.012947464190101409,0.1,0.0,0.01612541205316862,0.016396479783653634,0.0,0.0,1.0,1.0,1.0,1.0,0.01908452050677626,0.019972005510587938,0.0,0.0
533,533.0,0.00011538391259517002,0.0103385391307932,0.0042664674715169795,0.01106970610177313,0.003375583326023641,0.00620729029043736,0.0016670589646204,0.9016364773502573,1.2760199760319666,0.24757133245002477,0.01248484261325086,0.00260766311644246,0.01425172491414741,0.00285640915056812,0.01915389873813146,0.01611405167243012,0.00173635389655824,0.00149592219386246,0.019214504501882272,0.01611171114767948,0.0015160999959334298,0.0025894504273309797,1451.0,0.0006602029729113401,0.000884816373939,0.01304437619546124,0.0129538418362696,0.1,0.0,0.01604855164619346,0.01632016017615199,0.1,0.0,1.0,1.0,1.0,1.0,0.019351031876285653,0.01993801380284007,0.0,0.0
534,534.0,-0.00017848266075154,0.010238912032749539,0.00426345576323264,0.011106001155207922,0.0035016448051531602,0.0062181797406668906,0.0016657077246120997,1.021610436635092,0.6549678100505844,0.17624359854962676,0.01248700956876166,0.0026051893305919097,0.014346292217157868,0.0028569264108414807,0.019517581307925698,0.016144422839329892,0.0017683388898148702,0.0015306100947782002,0.0191646775499691,0.01615320983236148,0.0015722650801762502,0.0015540582127868603,1499.0,0.00064220659592888,0.00085913141422429,0.01310725186510044,0.012915094752436029,0.1,0.0,0.01670313246869268,0.016781533081137036,0.0,0.0,1.0,1.0,1.0,1.0,0.01902019707104789,0.0199104087806052,0.0,0.0
535,535.0,-0.00017666488229074997,0.01023576916535936,0.00426230250975154,0.011103057963487279,0.00350056689123283,0.00621879798624331,0.0016656800460819001,0.9186348807765171,0.8783096032449975,0.13467815704643726,0.01248599884142775,0.00260561631866268,0.01434477569163245,0.0028502904359604202,0.0194998748671511,0.01615229861538532,0.00168263367377217,0.00153113610576832,0.019525841704061124,0.016150882837483123,0.0015544932335614498,0.0015549110015853703,1500.0,0.0006439960476533702,0.0008607761809860399,0.01310791543896006,0.012916220419898889,0.1,0.0,0.016631454434280137,0.01677150280059444,0.0,0.0,1.0,1.0,1.0,1.0,0.019034543676171932,0.01993530380426303,0.0,0.0
536,536.0,-0.00018278731137013002,0.010232634764362798,0.004260879343397009,0.011099843291395342,0.00347516335935298,0.00621343716066752,0.0016656523863962003,1.3266799370525404,1.0342126016505062,0.1961934226565063,0.012484305661114681,0.0026056424368635705,0.01434328512790716,0.0028500345793321304,0.01950068283351341,0.01614773587546469,0.00172236878424878,0.0015428821789100298,0.019493055254424706,0.016149073867029552,0.0096573202637955,0.0028632423607632103,1501.0,0.0006457836198455,0.00086241707940319,0.01310458774202273,0.012915288398561861,0.1,0.0,0.016638787204663042,0.01677627921701494,0.0,0.0,1.0,1.0,1.0,1.0,0.019101501018061202,0.01991695231434036,0.0,0.0
537,537.0,-0.00034715076349485995,0.01023737725666684,0.00435931497516363,0.011117289975111992,0.00359822445906869,0.00621253291428589,0.0016643196310902,1.9500509690959007,1.019713047868572,0.0939988366095349,0.01246928060533233,0.0026060944093616797,0.014351185592936572,0.0028334396249586396,0.0195915765979863,0.01607225958903968,0.0018276299815624599,0.00167665567714716,0.019488084659317083,0.01614112866807183,0.00160246936138714,0.00590082341805095,1550.0,0.0006333808827025901,0.0008374703282,0.013048647214428399,0.012709896397144111,0.1,0.0,0.016796920246875287,0.016872825097150372,0.0,0.0,1.0,1.0,1.0,1.0,0.019143177727856918,0.020062488842873472,0.0,0.0
538,538.0,-0.00035055511264897994,0.01023036349150798,0.00435857157944647,0.011115067121769082,0.00359822445906869,0.006210852767463789,0.0016642928823549,1.6878931195475162,1.1466719930060207,0.18073220036458224,0.012468568283447602,0.0026057351909718205,0.01434939911146258,0.00283412206254608,0.01959250135052466,0.016067920843532448,0.0020013952860608196,0.00167905166745182,0.01958527702696341,0.01606792095312213,0.00162670020945366,0.004239177750423489,1551.0,0.00063511300463506,0.00083907010542366,0.013049131078046792,0.01271025374376408,0.1,0.0,0.01679272963983279,0.01687571179381424,0.0,0.0,1.0,1.0,1.0,1.0,0.019143177727856918,0.020062488842873472,0.0,0.0
539,539.0,-0.00044548856259866553,0.01013244461018183,0.0043489495993382695,0.01109556053868394,0.003527227332438979,0.00617987908632941,0.0016630033334204,0.9123181019676849,0.8709698668913916,0.14286400920245793,0.012460934155890741,0.0026086258999180297,0.01436397601143175,0.0028478581950497498,0.019738841875484938,0.01607519046163899,0.0020693706348537803,0.00166296665556724,0.01956433240756298,0.01604756148073101,0.00167056538630269,0.00156453733798111,1600.0,0.0006275433265998101,0.0008154569704385099,0.013071915946272838,0.012681235054619511,0.1,0.0,0.017006643641435653,0.01698523051939993,0.0,0.0,1.0,1.0,1.0,1.0,0.01919008449689024,0.02013334292936824,0.0,0.0
540,540.0,-0.0004465201842762922,0.010121379451148892,0.00434762659401477,0.01109494065803425,0.003527227332438959,0.006184460051047851,0.0016629774382094999,1.2850051912711933,1.2981726597528904,0.15931566141080106,0.01246199461361002,0.0026071849815976,0.014364065007602043,0.00284603258905925,0.019732539788083564,0.01606741359078896,0.0045007696840911595,0.019184031360782637,0.019729923301129812,0.01606992600788094,0.0019047170877456096,0.0015670284396037098,1601.0,0.00062922930637856,0.00081702586647288,0.013072244197606258,0.012682378804882192,0.1,0.0,0.017009314468769167,0.01698488818952441,0.0,0.0,1.0,1.0,1.0,1.0,0.01919008449689026,0.020133342929368258,0.0,0.0
541,541.0,-0.00067610786150635,0.009990373013081469,0.00422901704118012,0.01108305339875789,0.0035291731521470498,0.006144038162496901,0.0016617284130522997,1.4376454029465093,1.8460059166187421,0.19482418827246872,0.01246181287419679,0.0026112362086461796,0.0144423602533752,0.0028716397168986,0.019972644867231177,0.01610469028436922,0.023854463896714077,0.0019701233366503697,0.01967951778944525,0.016016046759751098,0.007992841163650111,0.0035640710033475903,1650.0,0.0006220984878923701,0.00079485270641841,0.013203134453236282,0.012766674140111622,0.1,0.0,0.017188790420702288,0.0173762938290263,0.0,0.0,1.0,1.0,1.0,1.0,0.01899283864995325,0.019983879624662828,0.0,0.0
542,542.0,-0.00067523509249768,0.00998433175533087,0.004221756567008491,0.011082373653427268,0.00350973715058145,0.0061417592370109604,0.0016617033191847,1.5753677170956508,1.7211649575270713,0.24787644136231393,0.012463438987667599,0.002612644318264,0.014447710178685128,0.00286708638649301,0.019946020062320678,0.01611218990181739,0.019247540598735183,0.0019003353314473704,0.019971967393135132,0.0161026861897486,0.0017306907102465098,0.03027316767256702,1651.0,0.0006237419127637499,0.0007963895021057,0.013205639839037489,0.01277006816318491,0.1,0.0,0.01718243742634066,0.017328235570070308,0.0,0.0,1.0,1.0,1.0,1.0,0.01906943067075676,0.02013155772263562,0.0,0.0
543,543.0,-0.00053273490446762,0.00988820119652828,0.004289260338164749,0.01113261154963412,0.00354723731681798,0.0061427420788484795,0.0016604923766326,2.3583390068029986,2.1899497278034685,0.24577689997386187,0.012475416181802538,0.0026084230297483907,0.01451780342419468,0.00286811916618679,0.01984049080293781,0.01608597862557746,0.01904670500662173,0.00213624255266036,0.020062473474691138,0.016175306509560637,0.02058744728565211,0.035206960095092596,1700.0,0.00060813324012346,0.0007755030715054301,0.013153500778415681,0.012590296067990062,0.1,0.1,0.016834028657684852,0.016989794822922573,0.0,0.0,1.0,1.0,1.0,1.0,0.01916799032668771,0.02017459263641299,0.0,0.0
544,544.0,-0.00053304331992469,0.009889409309629041,0.00428332660845398,0.011129373882872742,0.00353004228941972,0.00613565775139006,0.0016604680365526997,2.3002469402505086,2.134630646626465,0.21724317194893955,0.01247367305600049,0.0026077780959276797,0.014516140091371532,0.0028681044015645306,0.01983902236227764,0.016082919982603923,0.00907566142268473,0.03766872072592374,0.01983766579817375,0.016082106338318268,0.020878699934110012,0.0016613175859674198,1701.0,0.00060972086804646,0.00077699175381394,0.01315047569854951,0.01258733330748527,0.1,0.1,0.01683589817630183,0.01698976289619698,0.0,0.0,1.0,1.0,1.0,1.0,0.0191662923657845,0.02016940352537754,0.0,0.0
545,545.0,-0.0005039665472134399,0.00994497203088754,0.00425459929637598,0.011144611801624819,0.00360371352236897,0.006134865008869389,0.0016593165923363003,1.6756672197720035,0.9934154717484489,0.1425311458064243,0.012473872904397599,0.0026093085116302697,0.014521004099700441,0.00286745525255444,0.01977568119897703,0.01607731736170075,0.01979685910046098,0.0018826722400262694,0.019845251282837928,0.01609234065304189,0.0017449936131015,0.00171335157938297,1749.0,0.0005950217381192799,0.00075760074699335,0.0131460625164093,0.01256522626553489,0.1,0.2,0.01683994481075591,0.01696343525040807,0.0,0.0,1.0,1.0,1.0,1.0,0.01901494941055161,0.01997592744314488,0.0,0.0
546,546.0,-0.00050743687961632,0.00995171359595266,0.0042517775000887,0.011148704828095329,0.0036059771388161493,0.006135765082587719,0.0016592929487794996,1.750434817909263,1.672109645511955,0.18950833396520467,0.01247531364777444,0.0026102404182596598,0.014522425735921548,0.0028683952545140896,0.019793546234296692,0.01608139526758551,0.00214267391711467,0.0018981610191985496,0.019777777678422682,0.01607794331063165,0.005367192509584071,0.0017121886368840701,1750.0,0.00059657760413179,0.00075906166060611,0.013150889889938669,0.01257372697999273,0.1,0.2,0.016860747918172266,0.01690036394199311,0.0,0.0,1.0,1.0,1.0,1.0,0.019011334615758477,0.01997151202101502,0.0,0.0
547,547.0,-0.00050406076832763,0.00995541515442642,0.00419594003800882,0.011153424101696228,0.0035994871244845795,0.006139348060056579,0.0016592693190276005,1.314953138306737,1.8318230549339205,0.3728859369875863,0.012474764968662708,0.00261051617335952,0.01452171617932084,0.0028693859308423298,0.019796851790127117,0.01609956271416218,0.056763912434689645,0.0018704497488215004,0.01980019480560851,0.016086820639390074,0.03315092369448391,0.05055813170038159,1751.0,0.00059812910958308,0.00076051787769598,0.01318528222076486,0.012603023746097019,0.1,0.1,0.01685218859303193,0.016900987963301122,0.0,0.0,1.0,1.0,1.0,1.0,0.01901786584401674,0.019978603224366513,0.0,0.0
548,548.0,-0.00028796044245574,0.00962051843114062,0.00418175393338688,0.01113358804634995,0.0035530943140760197,0.00617414471499772,0.0016581280474390002,1.9671011933591216,1.3667890588054434,0.1697133497800678,0.012473288411489699,0.00259371881779798,0.014596203613767362,0.00286751472336235,0.01947723112111082,0.01605156369612943,0.0022638399386778,0.00194372241385277,0.019811476871999568,0.016105132042966392,0.0020147034665569303,0.0018720529275014501,1800.0,0.00059406705104297,0.00074190137682394,0.013153643794856121,0.012538279349801382,0.1,0.2,0.01644651264663843,0.01662313218168771,0.0,0.0,1.0,1.0,1.0,1.0,0.01899155941753999,0.01998825865209648,0.0,0.0
549,549.0,-0.00027244415874342004,0.009610418681480689,0.004186380862262969,0.011135848713041508,0.0035583254625027906,0.006177043608461819,0.0016581050881948997,1.942871459503658,1.3423089883988724,0.17253274982795117,0.012472388593708101,0.00259496539369609,0.014597658217786299,0.0028805205567585105,0.01950336668590839,0.01605849896636498,0.00919160523917521,0.0019613593583926,0.019482145672673302,0.016056104319715648,0.00255083693191404,0.00955269422847772,1801.0,0.0005955764427678099,0.0007433289878646301,0.013154751293133909,0.012545613766109593,0.1,0.2,0.01653778823538861,0.01671103229952909,0.0,0.0,1.0,1.0,1.0,1.0,0.01896532979512055,0.019958038364802,0.0,0.0
550,550.0,-0.00047377480553983004,0.00954227550306082,0.00415578163658474,0.011177470833866051,0.00350968030241338,0.00614399967602326,0.0016569957626247005,2.310259617911652,1.3746962665347382,0.1628945550182834,0.012488783289167842,0.00258717508147332,0.014694356729700117,0.00289107961943627,0.01973738454520044,0.016058311331172394,0.0022176311118527903,0.0019965863553806796,0.01950411984294288,0.01605519897999642,0.0020312335109337705,0.0018860560841857804,1850.0,0.0005963363681531799,0.0007254683711470501,0.013188900822991201,0.01256125673670041,0.1,0.2,0.0169942425155216,0.01679866501525542,0.0,0.0,1.0,1.0,1.0,1.0,0.019515838540946948,0.020512403673565202,0.0,0.0
551,551.0,-0.00047968604086591005,0.00954142002473329,0.004154683482074069,0.01117422258146096,0.00350968030241338,0.0061392340830714,0.0016569734373128998,1.9810278788208961,1.4170212196884677,0.13077046175021673,0.012487787547672298,0.0025878115496904197,0.01469262392833685,0.0028901947184006996,0.019740299199645612,0.016058652189945108,0.007678807619959061,0.00202632253058251,0.01973356147756506,0.01605577468072912,0.002602944872342,0.0044624219415709,1851.0,0.00059779915352174,0.00072686173926697,0.013190850959563022,0.0125608138956339,0.1,0.2,0.01692820294968972,0.016817616503991304,0.0,0.0,1.0,1.0,1.0,1.0,0.019515838540947027,0.020512403673565303,0.0,0.0
552,552.0,-0.00051596466739916,0.00952390574496613,0.00410357529496756,0.01117300365778246,0.003433370325851641,0.00612334629771699,0.0016558943379984003,2.351379684265703,1.0463115976424888,0.10659495415166013,0.012498728313132219,0.00259750166765693,0.01473668306694419,0.0028873687129398395,0.0197669415698748,0.01607761739254726,0.006853660359047301,0.006664456916041631,0.019739413678092073,0.016079343011635192,0.00208336357027288,0.00250334255397315,1900.0,0.00058423079169061,0.00070988165656236,0.01325108528142618,0.012577528188143162,0.1,0.1,0.01697359015688898,0.016798878430530878,0.0,0.0,1.0,1.0,1.0,1.0,0.019613360730530396,0.02069253802249963,0.0,0.0
553,553.0,-0.00051453436902974,0.009518218597971851,0.004108483914802371,0.011173155174086988,0.00344579026621282,0.00612765035038213,0.0016558726129458005,2.0224411358125507,1.0816424132557585,0.1630390613339841,0.01249839159827413,0.0025964659903177398,0.014737270894788351,0.00288729982189763,0.01976263547260355,0.01607197049549676,0.00375460810028011,0.0020029932959004706,0.019764243218312657,0.01607547886041612,0.0021275328006594902,0.00197959311772133,1901.0,0.00058566340495495,0.00071124786877561,0.013248420356900692,0.01257506155308127,0.1,0.1,0.016971041886142547,0.016794074606452762,0.0,0.0,1.0,1.0,1.0,1.0,0.01959543039943719,0.02066413884906979,0.0,0.0
554,554.0,-0.00042234420901984007,0.009384781587766369,0.00416997857985572,0.011160775848995011,0.00347469704813791,0.00612465277047706,0.0016548221548495002,2.9136297947494314,1.2564781499560922,0.29025309088174256,0.012545667774892588,0.00259851536914457,0.014823224334390369,0.00292817798743348,0.019743968421046067,0.01601162211111646,0.00460497802123422,0.06414636620320374,0.0197389754223979,0.01605934757461667,0.00212397782597687,0.02177671715617175,1950.0,0.0005879957036452899,0.00069514179971539,0.013179124641842389,0.012547703205775067,0.1,0.1,0.01703837133209527,0.017080893767463433,0.0,0.0,1.0,1.0,1.0,1.0,0.019240967669300786,0.02038534827717533,0.0,0.0
555,555.0,-0.0004103895751606,0.009363174650108238,0.00417210916619752,0.01116103291205578,0.0034779178030503997,0.00612720517867438,0.0016548009989863998,2.577352210995741,1.1358496675733476,0.19504388959612695,0.012545064734777298,0.0025971626759251102,0.014823287891550718,0.0029314097656798397,0.01973967930146057,0.01600971052443411,0.00597462705336505,0.0020654398249461596,0.01974416026874057,0.01601151685999433,0.0021572277182712696,0.00200551771558818,1951.0,0.0005893861891149501,0.0006964784473880599,0.013177977350229911,0.012546234678788279,0.1,0.1,0.01701275504203866,0.01714949203180115,0.0,0.0,1.0,1.0,1.0,1.0,0.0192404140310153,0.020383422584000048,0.0,0.0
556,556.0,-0.00068309002198564,0.009233360955767819,0.0041904858637960805,0.01121263828809324,0.0035811714263151093,0.006222582619328418,0.0016537983440489995,2.4255782913649453,1.3343707128893585,0.10266112722456451,0.012556930425623261,0.00258117956673103,0.014896768720756088,0.00291300637082555,0.01991559198912274,0.01597680421267222,0.0036269041011109497,0.0021097236545756,0.019804993972283406,0.01606229301996235,0.00221066095400596,0.00204333243891591,1999.0,0.00058138333314981,0.0006814535565469999,0.01316268935598584,0.012537744835619372,0.1,0.2,0.01706030283776415,0.017257596478213292,0.0,0.0,1.0,1.0,1.0,1.0,0.019449258649485986,0.020500628945720387,0.0,0.0
557,557.0,-0.00068281810410654,0.009231103982659,0.004187336173761149,0.011214119469031551,0.003571437738554609,0.0062205587780739795,0.0016537777181066002,2.4209281202871353,0.7695337995653972,0.08749456326477226,0.012556280558517503,0.00258071554808969,0.014896418677710226,0.00291296151161643,0.01991268780291442,0.01597729394411831,0.00501625183969733,0.00622352543286976,0.01991773925524399,0.0159779014404298,0.00277384626679119,0.0020482635358348095,2000.0,0.00058274344007108,0.00068276368409083,0.013164570386769108,0.01253806729701091,0.1,0.2,0.017057676184410692,0.017252234180821745,0.0,0.0,1.0,1.0,1.0,1.0,0.01945920893306643,0.0205080503586961,0.0,0.0
558,558.0,-0.00774592322189335,-0.00432923719766884,-0.0077459232246549214,-0.004329237198704259,-0.008333459886777661,-0.00833345988677764,0.0014408441545942998,0.17111841400619596,0.18047942565754052,0.33132497607730327,4.791781217025919e-35,1.4119653326725066e-19,4.791781217025919e-35,1.411965332723037e-19,-0.00432921539119199,-0.004329215387720841,0.00012797238305206,6.988029927015304e-05,0.0,0.0,8.556130342185023e-05,6.298830267041922e-05,0.0,0.04549534833451439,0.00576337784114511,0.0460268482864051,0.04574858959741919,0.0,0.0,0.046026848282376284,0.045748589593024296,0.0,0.0,0.0,0.0,0.0,0.0,0.05126863111629858,0.05086836618453862,0.0,0.0
559,559.0,-0.00519231030806912,-0.00194234359341608,-0.00519231028280193,-0.00194234358808038,-0.00562023305344851,-0.005620233053448471,0.0014342916754322003,0.44925765625666825,0.3726929710013792,0.33382635191082954,3.597383188430519e-35,8.806456501233328e-20,3.993151014188267e-35,1.35460846666675e-19,-0.00194233390517158,-0.00194233391770894,9.151827543973195e-05,8.313618600367782e-05,0.00316269690622538,0.0031626969088742697,7.816920988261605e-05,7.61432806029863e-05,1.0,0.06369323396468125,0.04415532464303615,0.03821578737398098,0.037567676604017115,0.0,0.0,0.03821578755571742,0.03756767676343974,0.0,0.0,0.0,0.0,0.0,0.0,0.04264220057999461,0.042353752299534926,0.0,0.0
560,560.0,-0.0015564172420298801,0.0020375688970448494,-0.0015564172503937605,0.0020375688938399404,-0.00254362872756827,-0.00162241981884836,0.0014198262339602003,1.219734675460495,1.0593022380955517,0.490791923715733,3.3867783007477855e-35,8.40627418818919e-20,2.662100676125511e-35,1.0780864918628538e-19,0.0020375823712207902,0.00203758236853193,9.357945527880323e-05,8.234211709348968e-05,0.01217402578436678,0.01217402568638037,7.413849234580994e-05,7.079020142555236e-05,4.0,0.05603411026110959,0.049632023755565406,0.029103288727461863,0.028058566894735598,0.0,0.0,0.02910328871258891,0.028058566875555253,0.0,0.0,0.0,0.0,0.0,0.0,0.034019334256531024,0.032881272592771425,0.0,0.0
561,561.0,-0.0003834794514047697,0.00315659994627586,-0.00038348166991865004,0.00315660071210851,-0.0011127231122227497,-0.0004227060947596402,0.0014160913144288,1.316882641776465,0.7161563627421856,0.3235280903056264,3.641425112975625e-35,9.657555191891165e-20,2.3958906085129596e-35,9.993489856797193e-20,0.0031565695809681596,0.00315656967600583,9.785429574548133e-05,7.48153775930351e-05,0.00635738200739288,0.006357382012395429,7.178632076829672e-05,7.031310815364122e-05,5.0,0.053464374548354045,0.04846504784493173,0.02737246333141255,0.025660050627047775,0.0,0.0,0.02737244687127115,0.02566002526045999,0.0,0.0,0.0,0.0,0.0,0.0,0.03136984172444725,0.02881871341023401,0.0,0.0
562,562.0,0.0006801797589262,0.00497928636864465,0.00068016858921478,0.004979282644838009,0.00033835668440374017,0.0017060748673843,0.0014042293891839,1.2602581687970087,1.3805950548965484,0.9253352858358994,3.0999064729004436e-35,7.498754162995618e-20,1.7113504346521136e-35,4.917321394825398e-20,0.00497922405867006,0.00497922313285406,0.00010089734569189984,8.006307762115773e-05,0.00989794977365126,0.009897945887790579,8.195822592823839e-05,7.494429592042871e-05,9.0,0.0439461139650884,0.04181288609053948,0.021306036446303717,0.021806209284128547,0.0,0.0,0.02130577902432705,0.0218058738994271,0.0,0.0,0.0,0.0,0.0,0.0,0.023379279105629844,0.022891530248687588,0.0,0.0
563,563.0,0.00041979933786217996,0.00489846224417825,0.0004198020209461698,0.0048984620819254605,0.00011196350370228005,0.0016440997367572403,0.0014018094313372003,2.0062677545472978,1.636201612907462,1.0759864650433884,2.743504469020969e-35,7.633634456599013e-20,1.5972604056753063e-35,4.464147068795013e-20,0.004898416615107421,0.00489841670066252,0.0001001053256913736,8.034722413867578e-05,0.00498224512096975,0.00498224250213536,7.743632886558771e-05,7.033632136881352e-05,10.0,0.04090867774883355,0.04066175990671003,0.02182448875569586,0.022182502831673022,0.0,0.0,0.02182448897400165,0.022182502735306732,0.0,0.0,0.0,0.0,0.0,0.0,0.024385641604088834,0.02431959318338725,0.0,0.0
564,564.0,0.00083701802292772,0.0057483942339044605,0.00052163843328251,0.005452777926286721,0.0006763514974136999,0.00207073673220204,0.0013935495616690997,1.8892936078365892,1.9353955145459623,0.9278401337563992,0.00141885666145349,0.0006331263668865,0.0020332576394471802,0.00060074533811556,0.007250748138967001,0.007336732209853809,0.0001002002041786725,7.889231201260907e-05,0.00909187951024493,0.00909188313389963,8.031036704777964e-05,7.820636965333931e-05,14.0,0.031512767186487545,0.0344788463473515,0.020422848500782624,0.0204498147285085,0.0,0.0,0.01956118266096083,0.019844254914039038,0.0,0.0,0.0,0.0,0.0,0.0,0.020814352705839957,0.02062305391567423,0.0,0.0
565,565.0,0.00073178761453164,0.0057029080831632615,0.0005768002651983,0.00567088481162233,-3.1896214843710016e-05,0.00209443220203721,0.0013917637132416997,1.4521744188386947,1.3411021795589477,0.8878232869552448,0.0016498750151700398,0.0006906894788281101,0.00244513945401073,0.0007652563772880601,0.00789900944944539,0.007690135306048019,0.00010471732821313781,8.096816018223231e-05,0.00822901779843318,0.00823933463961838,8.1583042629058e-05,7.929140701889658e-05,15.0,0.029946155711934125,0.03709108707747792,0.019723038633772248,0.019729784256184005,0.0,0.0,0.019224815775435458,0.01955562054801919,0.0,0.0,0.0,0.0,0.0,0.0,0.02312117929093621,0.02226517866591816,0.0,0.0
566,566.0,0.0006396298547269301,0.006025615138449241,0.00045426224360987,0.00538244966248255,0.00010042213634539787,0.00200312475563407,0.0013854344355744002,1.5104851397220045,0.7798887691926211,0.7628238115692512,0.0029110523625107696,0.00108657478793981,0.0037943070608971096,0.0011622010839108599,0.00874357756287095,0.00876169065696711,0.00011394736357028382,9.050224907695169e-05,0.00965816524838943,0.0093923296472815,9.242531377821284e-05,8.447340223937834e-05,19.0,0.02474063137046326,0.03525789755493795,0.019513961562021023,0.01915047736716994,0.0,0.0,0.019550403467924436,0.019213092795039095,0.0,0.0,0.1,0.1,0.1,0.0,0.02253554558764411,0.021896409041417087,0.0,0.0
567,567.0,0.0005140824676734268,0.006126658196857501,7.219827510553e-05,0.005598985326163801,-0.00037309537353815,0.00192708042136873,0.0013840212518857998,1.7077420541318133,0.7323968378594146,0.8679761290317402,0.00309595716844124,0.0011849202373021902,0.004055556600026331,0.0013179374440382197,0.00920195406793228,0.00952540934965746,0.00010795022826638856,0.03950247089378535,0.009151288456781688,0.0092104759712469,8.78694700077049e-05,8.286137599497515e-05,20.0,0.02387086718934675,0.039503252787676475,0.01990619419030592,0.01992361167911657,0.0,0.0,0.019135034924253287,0.01886700439667835,0.0,0.0,0.1,0.2,0.2,0.0,0.023721923739482332,0.022998006013851727,0.0,0.0
568,568.0,0.0022106463109331665,0.007265371017790021,0.0024884509722673705,0.0070624459397957305,0.0019574410600123,0.003638131318883,0.0013570073245963,1.0240031834691763,0.6419586660806089,1.0499806196196004,0.007395006954262109,0.00202047413355677,0.00848152791345174,0.0020620057586890903,0.0123099120330931,0.012252127646706322,0.00014525614678854,0.00012583632487798998,0.01687045408497375,0.01763868303520839,0.00011570139322425002,0.00011234846897417998,50.0,0.010694013992665778,0.020089330694113932,0.015740620263541682,0.01536183889109291,0.0,0.0,0.016115693908990352,0.015573268263179983,0.0,0.0,0.6,0.8,0.5,0.6,0.01832751766189704,0.01873789904118103,0.0,0.0
569,569.0,0.00237283193429983,0.00724910193312404,0.0025602908359528497,0.0070486319051466005,0.0020620028891460505,0.00360047163609548,0.0013563961811567,0.8995630792109296,0.6472249599872156,0.7068508413154632,0.0075140749062599,0.00202344209003987,0.0085720026373358,0.00211515919921452,0.01240724571611991,0.012221371575266352,0.00014004339464005,0.00011543817818159998,0.01228867281959443,0.012219365114631049,0.00012127542868251,0.00011628444772207002,51.0,0.010550912097989721,0.01977067111766162,0.015618435330393948,0.015140831118217301,0.0,0.0,0.01595470932259791,0.015340886513191921,0.0,0.0,0.7,0.8,0.5,0.7,0.01837009118926547,0.018537135140781442,0.0,0.0
570,570.0,0.00275534821813858,0.00797279669557153,0.00313538942954186,0.007681593807786519,0.00215419097941456,0.00391117515038172,0.0013352467408142,0.38832207438535987,0.604621876985766,0.3227337411371991,0.009741473925155831,0.0024093317816383996,0.010250847266293049,0.00240410521774963,0.013714381934540018,0.013723483005258202,0.00558524793013925,0.00017002760432656,0.01443249144633831,0.014228381367512949,0.00016346229240292,0.00016638650558883998,100.0,0.005674363743458319,0.01037465263899141,0.014996669100652522,0.014227267325468551,0.0,0.0,0.015446500260659381,0.014579745264160901,0.0,0.0,0.8,1.0,0.9,1.0,0.01922216972380219,0.018129211232023663,0.0,0.0
571,571.0,0.00287382795573356,0.008016030362139059,0.00309438378312246,0.007746383991532491,0.0020700180034672203,0.00394698569497859,0.0013349303667517,0.41717520232778044,0.5371947460342199,0.16186646150890735,0.00973989569445247,0.00240022763081119,0.01024188781648223,0.0024021410986202105,0.013735170662497059,0.013774249276102723,0.00019405118655408,0.00016705349553373,0.01381646218262073,0.013768643132803793,0.006541594280861251,0.00015569548122579,101.0,0.00564583179871701,0.010300555267275888,0.01485053103515486,0.01419529118029847,0.0,0.0,0.015266919919950711,0.014370827909955999,0.0,0.0,0.9,1.0,0.9,1.0,0.01916669256078144,0.018226860058594,0.0,0.0
572,572.0,0.0033525571876395002,0.008469183724621219,0.0033479135276806597,0.00851356153027735,0.002014111025966229,0.004567732087887909,0.0013223090387506997,0.47875399007461966,0.6449173835339025,0.29991106954403224,0.010533257422630787,0.0025899984968817,0.01091417630852523,0.0025663608365394408,0.01460803465532105,0.01480371283845496,0.00022906675003462996,0.00021165558136992997,0.01497850271296557,0.015080160232875308,0.00019915264565494001,0.00020305633079256997,150.0,0.00389552978396673,0.00701952809899081,0.01507848479839885,0.01413164029047008,0.0,0.0,0.014573392937579269,0.01372840270968855,0.0,0.0,1.0,1.0,1.0,1.0,0.020544359494473138,0.018746431350913518,0.0,0.0
573,573.0,0.0033292484201325897,0.008492933168528349,0.0032642107748105604,0.00851212812028959,0.001453565841282379,0.00456834610763197,0.0013220964652289001,0.5351083562476561,0.3806977983331308,0.22624335677828636,0.01053918803549137,0.00258700623447518,0.010923323445780422,0.00255135177571004,0.014588048974796833,0.014770975543814471,0.00023669579531992996,0.00020920748356726004,0.014618194684438751,0.014791350004951982,0.00020357861649241004,0.00030323979444794,151.0,0.0038874983506696293,0.006990937554800451,0.015054351084432083,0.01413306551297647,0.0,0.0,0.014640326481391292,0.013708087751709511,0.0,0.0,1.0,1.0,1.0,1.0,0.020265686205418527,0.018843083777007896,0.0,0.0
574,574.0,0.0034725136974065795,0.00874897000817757,0.0038225934679734703,0.009022612000143931,0.0027096572933029495,0.00513837883099707,0.0013130988244436002,0.3053930622758344,0.40670923253055663,0.17684222804382443,0.011165337752826809,0.00274962084645798,0.01148914870492707,0.0026402246105852794,0.014934989737576301,0.015001658299874519,0.00039913184009488,0.0003067239420488,0.01520920625592281,0.01547466466264836,0.0005890056258066998,0.00024836277589197997,200.0,0.0030018488880636496,0.00532776246857192,0.01451269884495314,0.01358976044084893,0.0,0.0,0.014407605076330997,0.01349951819556022,0.0,0.0,1.0,1.0,1.0,1.0,0.0207221595355959,0.018541559791697613,0.0,0.0
575,575.0,0.00349028751829897,0.008770702630997041,0.00379272656972533,0.009028242771736578,0.00267826854601588,0.005155609642205519,0.0013129390894622997,0.2890867044683546,0.5283616365399212,0.11738783007021994,0.011169969720379098,0.00275333130564895,0.01149574567773765,0.0026269130716354006,0.014892108779924789,0.01506492047016802,0.00042599029839034,0.0010246015153824901,0.01495120251207219,0.015026232629844413,0.00045183938927944,0.00024970467202361,201.0,0.00300052720322262,0.00531515580797576,0.01455329373786259,0.01360425467565032,0.0,0.0,0.014406948748146903,0.013457998236485002,0.0,0.0,1.0,1.0,1.0,1.0,0.02076811132403292,0.0185367987515944,0.0,0.0
576,576.0,0.00363949354206976,0.00890658497876112,0.003567652894812091,0.00946954852215572,0.00302047877722171,0.0055213258361626995,0.0013059536229676,1.0029039009474219,0.4884072104934603,0.08450530886184421,0.0113592683183142,0.0026843667704045298,0.01156335009011163,0.0025958723538401203,0.014781100125116062,0.01526122818377964,0.0010046004084869802,0.00034378203563386993,0.01528101012385824,0.01552667488702313,0.00029127388261254,0.00247288821265098,250.0,0.00244346070090769,0.00429413478230271,0.01431615557183619,0.01353084587928434,0.0,0.0,0.01398439840735404,0.013251549335782039,0.0,0.0,1.0,1.0,1.0,1.0,0.019245145845325093,0.018317414061285696,0.0,0.0
577,577.0,0.003644299122289011,0.0089015624420852,0.0035650183201745207,0.009453145344552933,0.00300650172433039,0.00549804060460682,0.0013058258449441002,0.5784143342170864,0.6919826457742602,0.17271978133358057,0.011375784622169129,0.0026815627402221,0.01157557351240902,0.0025891301653473394,0.01474839430301834,0.01524152749323798,0.0005461164051666401,0.00039670108817512997,0.014792461866151713,0.015253796658828889,0.00057853274047369,0.0017246122239156802,251.0,0.00244419266968431,0.00428753813906599,0.01432242121867599,0.013516344824415768,0.0,0.0,0.01398227794085248,0.01324655752762259,0.0,0.0,1.0,1.0,1.0,1.0,0.01929389076468507,0.01835200371418834,0.0,0.0
578,578.0,0.0039158333406373305,0.009220146934765552,0.0037520133515543596,0.00948261592784828,0.00322163996501808,0.00564388503311977,0.0013001209696211003,0.5959463923703879,0.4334854527376592,0.22624120416585355,0.01159674576507622,0.00266152736588567,0.011775311522162619,0.00249972564810355,0.014573578637746562,0.01524594702121273,0.0004664783366024001,0.00046204319223758,0.01499222359412064,0.01543133288780813,0.00059502145741129,0.00037580020725722004,300.0,0.0020612137707909295,0.00360577802863078,0.01422541824010887,0.013559728896696368,0.0,0.0,0.01403627229805611,0.013198840705949491,0.0,0.0,1.0,1.0,1.0,1.0,0.01850743283428686,0.01807417403511864,0.0,0.0
579,579.0,0.003926633179093459,0.0092106442769691,0.00373280860122875,0.00947241517422757,0.00319787423810629,0.005618671552467131,0.0013000145810011,0.8647885967977345,0.4866458859527484,0.22442214661277832,0.01159930292934833,0.0026680303600417703,0.011776842449329531,0.00249936732886367,0.014573169627436692,0.015272885348133453,0.00049906023778017,0.00303991162218148,0.01458713148324795,0.015259118311721812,0.00201301688794041,0.00034651190508151,301.0,0.0020630350919232,0.00360235903915389,0.014224585773332021,0.01356623334224499,0.0,0.0,0.014017844937540418,0.01318337012886299,0.0,0.0,1.0,1.0,1.0,1.0,0.018553538171924188,0.018168868551482968,0.0,0.0
580,580.0,0.00398879344342008,0.00922911727689761,0.00375795849233213,0.00953451917434096,0.0033360855703865196,0.0058454779883748195,0.0012951961662007003,0.6302164366235956,0.2427740530576557,0.15180866608861832,0.01176295462415061,0.00265449635714639,0.011869365344580099,0.00254659259375326,0.01467612602817256,0.015159799041373132,0.01515844527166332,0.018536575674079313,0.0147489357207925,0.01544027421239714,0.00063721667975185,0.00038060098886484004,350.0,0.00178735851769444,0.0031098026631350096,0.01413233693483289,0.013502522445724599,0.0,0.0,0.01375662858518567,0.01317895712666795,0.0,0.0,1.0,1.0,1.0,1.0,0.01787459065315184,0.017546123500368382,0.0,0.0
581,581.0,0.00398225430803951,0.00922041304369048,0.00370811123315975,0.009496918172225529,0.00323009668195981,0.00580823547780269,0.0012951050866310003,0.6494136187480762,0.49244889474939557,0.17457773881033062,0.011757710028906321,0.0026575708880045698,0.01186457679858949,0.00254536128637352,0.01466767933529331,0.015170411963252866,0.0005428235279395699,0.0005102512892335199,0.0146632547662244,0.015143219551942703,0.0006103506078943099,0.00038942000828678,351.0,0.00178957224535654,0.0031082029815094198,0.014142864408407499,0.013525633767172663,0.0,0.0,0.013763569684322349,0.013181673764767901,0.0,0.0,1.0,1.0,1.0,1.0,0.01844489477946971,0.01772896327079962,0.0,0.0
582,582.0,0.0035599403709674895,0.0092231083430834,0.0035620886608839102,0.00950492399752268,0.0029402450241120797,0.0057644756495475805,0.0012909365096209003,0.44328553341329097,0.5940414948156103,0.23811417361721396,0.011786295401616608,0.00264172507680203,0.011934018646262052,0.00263912155404174,0.015079926481857017,0.0150585573092426,0.0006562398513778599,0.00240957993082699,0.014756643722112928,0.015176842372694867,0.0026264094049110597,0.00043809930793937,400.0,0.00158414403431895,0.0027414582194734897,0.01398391684925103,0.013556212866224087,0.0,0.0,0.01376377720391205,0.013590227823674292,0.0,0.0,1.0,1.0,1.0,1.0,0.017941970198012643,0.018368969736399975,0.0,0.0
583,583.0,0.0035996119570674105,0.009199121357213909,0.0035345573570225697,0.009508077892601599,0.00290471655319725,0.00574667328351759,0.0012908569228533002,0.313818479841575,0.9075781567720697,0.16894227070733903,0.01179976607450238,0.00264752165030808,0.01195008296346267,0.0026412717743242798,0.0150678381694876,0.01508894674767813,0.0006114367162808299,0.00075976729858662,0.01508007832410387,0.01507818789640349,0.0005909886909648201,0.00045453424099827,401.0,0.0015868304126755398,0.00274125845921349,0.01398062635304435,0.013546290270976041,0.0,0.0,0.01375640504190779,0.013602922368439291,0.0,0.0,1.0,1.0,1.0,1.0,0.01780708858211854,0.01836649286565313,0.0,0.0
584,584.0,0.0035980157294433603,0.00943660625757874,0.0034763002773672397,0.00982991301671729,0.0026795087667717096,0.00590092432966126,0.0012871850118511,0.49742998303845526,0.4507304177386686,0.22153415894135833,0.011904234454658309,0.0026520466891240798,0.01201517557138711,0.00258667541288548,0.015151387309450528,0.015437761309608328,0.00129830650985234,0.0331004551146179,0.015307677253885349,0.015424134564844181,0.048322283779270905,0.0005314541747793101,450.0,0.0014269304858053901,0.00245406637789457,0.01400291789834383,0.013636229824604624,0.0,0.0,0.01389365678103227,0.013419095871950847,0.0,0.0,1.0,1.0,1.0,1.0,0.01839978175755235,0.018845572351336447,0.0,0.0
585,585.0,0.0035548552844151303,0.00945952205036584,0.0034745601055340496,0.0098274831076121,0.0026680097673205698,0.005895166259131559,0.001287114366944,0.8412194131873548,0.45250268862582743,0.12383952590171246,0.011912645637292631,0.00265288380011791,0.01202038880621715,0.00259167314733016,0.015193114390183426,0.0154273548844166,0.0006603896152227501,0.0007171011064201099,0.015174514806450882,0.015442093946220162,0.00058322472032154,0.0005322686629369401,451.0,0.00142955102830294,0.0024544136616427405,0.014058294476781788,0.013642765428901369,0.0,0.0,0.013931695413430898,0.01345600252571858,0.0,0.0,1.0,1.0,1.0,1.0,0.018395977738486058,0.018837760621059033,0.0,0.0
586,586.0,0.0037484712380976897,0.009624099170729431,0.00355353165795989,0.009939274937097689,0.00267140635898222,0.00593071625881177,0.0012838343003598997,0.40722982489969584,0.374003069777973,0.16482625661883502,0.01191537840290519,0.0025912461765383197,0.01200003944433932,0.0025642827483835402,0.01519827534735178,0.015348289618630832,0.00070897114928808,0.0010591848986222698,0.015251403610813572,0.015602103220582569,0.0006421665893866999,0.00056779461447144,500.0,0.0012969340491856799,0.00222080628440658,0.01392054352777845,0.013548962503093839,0.0,0.0,0.013940953951015292,0.013597836436076271,0.0,0.0,1.0,1.0,1.0,1.0,0.018780791402752257,0.01900529173325612,0.0,0.0
587,587.0,0.003750031215745,0.009621770299507861,0.0035434228316758797,0.00992430303934123,0.00268160741404872,0.005932147666150739,0.0012837708086204,0.23502000370062884,0.368876547482796,0.11372920102439818,0.011916535526516902,0.00259070142497284,0.01200357656663618,0.0025630057640584902,0.015179797824551302,0.01534071985329814,0.00313647221773859,0.0025480176089331097,0.015194271131701922,0.015345307970258132,0.00128526668995614,0.00058347077574577,501.0,0.0012997111701202203,0.00222155546304615,0.013922291849972072,0.013551796409664241,0.0,0.0,0.013926461926056769,0.01357352514147297,0.0,0.0,1.0,1.0,1.0,1.0,0.01883833171939798,0.01902815640991462,0.0,0.0
588,588.0,0.0035685099723203407,0.009625351348144668,0.0034381977701618905,0.00993658015024702,0.0029659737811083904,0.005935399235575621,0.0012808077137232998,0.17886127503588795,0.30380187802948055,0.16388445321936157,0.01209645094202629,0.0027076898291055205,0.01212494245855479,0.00262887524391881,0.01557472057352392,0.015820062702684812,0.0006213915534317,0.0009478015126660099,0.015307662453194898,0.01546227786687176,0.00112082811538125,0.0005606745835393199,550.0,0.00119144485418423,0.0020304698175010296,0.01426433415851772,0.01373438055862199,0.0,0.0,0.014282736789986223,0.01380535343078049,0.0,0.0,1.0,1.0,1.0,1.0,0.019517315191700857,0.018970430114285845,0.0,0.0
589,589.0,0.00356222037453151,0.00960824078523221,0.00345407386632537,0.00992918233589143,0.0030792406163005002,0.00591698911349533,0.0012807500728935003,0.3032347752479836,0.32314659261610357,0.03132201840635386,0.012102973702448911,0.00272176467256988,0.012132120774559607,0.0026307827273529603,0.01555975285238167,0.015852115425498553,0.0008520570816471799,0.0007682591909542201,0.015559261450338164,0.01580277916749368,0.0006187485530971899,0.00056917641777541,551.0,0.0011940219430987302,0.0020315333659878297,0.014308176587308031,0.01376044852987778,0.0,0.0,0.014263848243081582,0.013794030203272079,0.0,0.0,1.0,1.0,1.0,1.0,0.01943436210190364,0.018804402460734383,0.0,0.0
590,590.0,0.00366498604166419,0.009912167854918889,0.00336499896512613,0.010006295867174901,0.00269394385345026,0.00588911681032257,0.0012780486169419003,0.27590991253964603,0.23340947469696402,0.2863845576066524,0.01216967211971701,0.0027416198712663896,0.012150668003587658,0.00260943251784354,0.0155052830777578,0.01601459584760249,0.0007498868508264001,0.00101597055327141,0.01565143777695895,0.01595199386646183,0.0006829358637332401,0.00060615551192308,600.0,0.0011051909641275602,0.00187138803461839,0.014285987350249201,0.013975487243391241,0.0,0.0,0.014129125190998598,0.01388844191091686,0.0,0.0,1.0,1.0,1.0,1.0,0.01969909562642135,0.01993690460172056,0.0,0.0
591,591.0,0.0036674045852325304,0.00990364036893605,0.0033606374961225698,0.00999992646813666,0.00269681634612061,0.00588408941168219,0.0012779958497031,0.36440968320239336,0.24862713816110044,0.2651728271972388,0.01216724866706078,0.00274081216482648,0.01215034490425833,0.0026113158838098503,0.0154862364392579,0.01600028965100853,0.00076075789984311,0.048171799816191144,0.01549170223339005,0.01600051196351458,0.0006947849644347601,0.0006251306040211898,601.0,0.0011076737092321398,0.00187254168226079,0.014284751149582192,0.01397711286877496,0.0,0.0,0.01411462723993596,0.013876422026302682,0.0,0.0,1.0,1.0,1.0,1.0,0.01968749888427817,0.019927112525715152,0.0,0.0
592,592.0,0.0038333658798168093,0.01006279448600549,0.0034677180049941603,0.01014582803010986,0.00285798309386575,0.00590272901456167,0.0012755139905483999,0.4998118709539995,0.5113765278132633,0.2525749598396942,0.012176965371429878,0.0027835290303228405,0.01226379598564354,0.00266221801374658,0.01564946662372978,0.01625520871570045,0.036262743989936966,0.0015998400747775602,0.015726418198094942,0.016192186933336062,0.00073756787460293,0.029910055478103426,650.0,0.0010316240455088897,0.0017363096314199997,0.01427853429322586,0.013904895942277059,0.0,0.0,0.013854161726182429,0.01336745564435055,0.1,0.1,1.0,1.0,1.0,1.0,0.02010242421620438,0.020582276267651738,0.0,0.0
593,593.0,0.0038590751201471605,0.01005287499188651,0.0034687663023710105,0.01016446995221661,0.00287338381710467,0.0059124460415715405,0.0012754653448612998,0.8982225209241733,0.5592937413137407,0.28304701822344214,0.01217679913985769,0.0027752274841962702,0.012266215299701871,0.00266686336159891,0.015651665212879997,0.01623433477857823,0.0009183176327496199,0.00112933502532538,0.01566393360470888,0.01627215761912019,0.0007074559340252901,0.0006698988843708801,651.0,0.0010339663678300098,0.0017375599545812696,0.014250136805453631,0.013911199351696607,0.0,0.0,0.013827432114526412,0.013389697967814137,0.1,0.1,1.0,1.0,1.0,1.0,0.02010576142460407,0.02059849318751942,0.0,0.0
594,594.0,0.0038376845321088293,0.010138269591054311,0.00373213169961899,0.010190497534911561,0.00289898213719716,0.005837196799242229,0.0012731703941306,0.5707201751414687,0.3966832421720028,0.276179370819591,0.01217843611196252,0.0027809864197962803,0.012389419193038428,0.00272592700502684,0.01578427886498897,0.0160321612485934,0.000966039346531,0.00149546114262187,0.01567020807023021,0.01621931508677301,0.0008573154220357001,0.02950422235298895,700.0,0.0009685231001264699,0.0016205101696812898,0.013965110328397898,0.013847901488417252,0.0,0.0,0.01386638072885114,0.013648165705666241,0.1,0.1,1.0,1.0,1.0,1.0,0.019752082635888436,0.02023311109528822,0.0,0.0
595,595.0,0.00383629465802248,0.01013333807221771,0.00345505316391296,0.010186466674701772,0.0029124365966877,0.00584317391962022,0.0012731252790331997,0.29073186400346457,0.4970321906264871,0.22415201938711107,0.01217566944896637,0.00277817144423684,0.01238839154305196,0.00272268417198349,0.01577345609085904,0.016209503714125228,0.00092570220585908,0.0013863217784091397,0.015782268789602222,0.016030660209483107,0.00076138221193103,0.0007503180066123,701.0,0.0009707651154103001,0.00162181651838008,0.014134735633045311,0.014045343436417848,0.0,0.0,0.013858086016828761,0.01364892702440702,0.1,0.1,1.0,1.0,1.0,1.0,0.01973168860696453,0.02019210197672113,0.0,0.0
596,596.0,0.0038804356485635204,0.01022694726132871,0.0036811341628620194,0.010213599466889258,0.00315673596740709,0.005888525115419119,0.0012709913218572,0.6007159769767896,0.6012722394429147,0.25352600833866745,0.012214777744910709,0.0028239810133924093,0.01246324503266399,0.00272157981177066,0.01573862321629904,0.016263193517459883,0.0008989712223409999,0.0012119012651964599,0.0158281155551448,0.01624079657400865,0.0008201502729206798,0.00077333503868426,750.0,0.00092249522515813,0.00151967234704079,0.01405758196229229,0.01391848477128714,0.0,0.0,0.01366263022202251,0.013429444349545789,0.2,0.1,1.0,1.0,1.0,1.0,0.02034626819711078,0.020645385301960563,0.0,0.0
597,597.0,0.00386851994894651,0.010216876533026059,0.0036770907995453002,0.010209250826211321,0.0031563822466641003,0.005884865070816479,0.0012709492645944997,0.5130439678905532,0.8579025625251233,0.33790426095947623,0.01221034223869523,0.0028234575311388995,0.0124604478431023,0.0027218673730712503,0.01573001073968135,0.016254140009543,0.0009888515342026498,0.0011506700655445,0.015728757903967626,0.01625559145500121,0.0007907310733571199,0.07965032646898176,751.0,0.0009246271726973601,0.0015210098633899,0.01405463200241142,0.0139210450958368,0.0,0.0,0.013663431400981713,0.013436580203731141,0.2,0.1,1.0,1.0,1.0,1.0,0.02033927997930688,0.02064117858599256,0.0,0.0
598,598.0,0.0037728772927119194,0.010144280880662252,0.0035587738992429404,0.010157395933850611,0.0031032631151192,0.005805169199438331,0.0012689554112202998,1.0873278729151934,0.4491589934332296,0.1702042473014444,0.01221084769425022,0.0028639044785105207,0.01255611791096283,0.0027771670645338397,0.01593891916634872,0.016376890290056574,0.0009459965396672,0.00131859353277827,0.01570929197006388,0.01622758136629488,0.0008577606873586399,0.0007968810852616601,800.0,0.00088147660965895,0.0014312523269935198,0.01413742929434802,0.014047229155525582,0.0,0.0,0.013885171131084062,0.013542077930016319,0.2,0.1,1.0,1.0,1.0,1.0,0.02044813258943294,0.02112373281278854,0.0,0.0
599,599.0,0.003781050381807131,0.010147239628610529,0.0035640390177030996,0.010153808736992611,0.0031048647371182897,0.005789798752536291,0.0012689160277353998,0.667399731441401,0.5407387161860242,0.19930843608453866,0.012208583120092301,0.00287314878615873,0.01255714166715938,0.0027850451249450204,0.01597079762357716,0.016415262249166052,0.0009050197666510499,0.00140545782633121,0.01594499894076842,0.016377802894246153,0.0008770533138885801,0.00287712318822736,801.0,0.0008835569616122598,0.0014326191575602001,0.014162747533086339,0.01409022744440829,0.0,0.0,0.01390702074364093,0.013540519496387921,0.2,0.1,1.0,1.0,1.0,1.0,0.020441114407287832,0.02112230136769684,0.0,0.0
600,600.0,0.00382463945429641,0.01019671279008462,0.0036077920178589013,0.01011740507682091,0.003151501514086981,0.005746025188881719,0.0012670451947540003,0.7050721150124446,0.8713142482563854,0.18724175870884208,0.012279896403997539,0.00291721444789435,0.01273109396306693,0.0028700281174153805,0.01617737018477478,0.01649489970419216,0.0011268500005826,0.0013463105540721999,0.016035371449766602,0.01640512930878285,0.00173883121460673,0.0008558504283427699,850.0,0.00083986805180193,0.0013536474118965298,0.014250432896063248,0.014177694100136858,0.0,0.0,0.013983756170469389,0.01372184345399038,0.1,0.0,1.0,1.0,1.0,1.0,0.020336722377514167,0.02099538428776337,0.0,0.0
601,601.0,0.0037008183795161796,0.010217589516122848,0.0036099404502414507,0.010132742254731139,0.003153962608182081,0.00574932800715243,0.0012670081688385003,0.9038972178474068,0.7029085455695168,0.24272424238733947,0.012282393715372309,0.00292099521354121,0.01274789148245943,0.0028754416938028497,0.01623031283176219,0.01651157228400109,0.0011189218610524498,0.0012928876327350301,0.016188694714566347,0.01650574468049341,0.0008967201923951,0.00084232506342227,851.0,0.0008418655769089,0.0013550357344265,0.014259260757602948,0.014171034801703009,0.0,0.0,0.01403339741144866,0.013759789438689909,0.1,0.0,1.0,1.0,1.0,1.0,0.02033450739282858,0.02099267708425876,0.0,0.0
602,602.0,0.0033380421338777603,0.01024357219363104,0.00377468605706528,0.010146396575906281,0.00306051807978503,0.00586688298677772,0.0012652462085620997,0.24991385268513108,0.5579935096669942,0.20098282494582237,0.01228120321803363,0.00289017884895007,0.01288501755272749,0.00286615934680529,0.016140860914010728,0.016404723655524492,0.00122956642881031,0.00153829422779376,0.0162698749161899,0.016532813336104034,0.0010155648225918,0.0022548709530382798,900.0,0.0008038079538916401,0.0012844351799811203,0.014314128005794641,0.01388600869150855,0.0,0.0,0.013853014050528639,0.01355019640848881,0.1,0.0,1.0,1.0,1.0,1.0,0.020405101569447904,0.02099919067633903,0.0,0.0
603,603.0,0.003341494376829251,0.010242740223694253,0.0037692975095195503,0.010142961814625921,0.0030340881634345297,0.0058597388880077,0.0012652112767876,0.32059305380098524,0.5714166718767956,0.2585004192078486,0.01227959140249249,0.00288910560346106,0.01288726634865212,0.00286714155980051,0.01614886718114718,0.016399688178440723,0.0027673749253153503,0.00153495308477426,0.01613585959440858,0.01640127889427314,0.0009982887422665201,0.0009434606879949001,901.0,0.0008057151794431401,0.00128580660021207,0.014324386982493059,0.013884814689530811,0.0,0.0,0.013841841886263343,0.013569925641365652,0.1,0.0,1.0,1.0,1.0,1.0,0.020363873009534492,0.02093273551578311,0.0,0.0
604,604.0,0.00320417690340745,0.01020398968319913,0.00377213135586829,0.01014150461983415,0.0031246652376119605,0.00581593996067059,0.0012635463419234,0.40457875430583956,0.5696920108282939,0.19492876555304975,0.01232426957569274,0.00291401369613655,0.013039630555044951,0.0028964742660348504,0.01635411304144771,0.016488770478120713,0.00117443928029383,0.00230425538029516,0.01619784980818376,0.01644584843716267,0.0017336574615910102,0.0016049825120716802,950.0,0.0007727158983630001,0.0012228474199695797,0.014215158997044508,0.014003379449493281,0.0,0.0,0.01384128605511624,0.013872519117936761,0.2,0.1,1.0,1.0,1.0,1.0,0.020298519707684155,0.020952897150482028,0.0,0.0
605,605.0,0.003219201508286469,0.010207332640655941,0.00376276648403564,0.01014183211031232,0.0031295813445652203,0.00581418414823262,0.0012635132825323998,0.4557401189347729,0.51810648876708,0.15959305881988256,0.01232102984570879,0.00290482395381856,0.01303666273922236,0.0028897004031815396,0.01632270045620979,0.016448379217807483,0.0012502733850851102,0.00138547872193152,0.016350067129821,0.016488140908517072,0.00110192096326496,0.0010072806151583302,951.0,0.0007745595644262201,0.00122421172943243,0.0142022668503381,0.01395289792079613,0.0,0.0,0.01383211071082251,0.013830288902453618,0.2,0.1,1.0,1.0,1.0,1.0,0.020293603600730896,0.02094921007026708,0.0,0.0
606,606.0,0.0031717619320828145,0.010249876990311612,0.003775394147427359,0.01020710380053797,0.0030366525122030603,0.005906354737811701,0.0012619353537834997,0.33312508373055605,0.7486114986008033,0.2217547545908019,0.012365227643413069,0.00289758099354297,0.013151474567479452,0.0028955717421233597,0.01640758452181544,0.016376602558340888,0.00121465218253429,0.0016251763096078804,0.01634551000333647,0.01645281717680373,0.00108899504411961,0.00103767791297282,1000.0,0.00074526563244254,0.0011672959490324798,0.01426466848946489,0.013973852481595961,0.0,0.0,0.01406304538146454,0.013958245109961931,0.1,0.1,1.0,1.0,1.0,1.0,0.02007763299988622,0.02076784575928372,0.0,0.0
607,607.0,0.0031800449930182682,0.010261245358733689,0.0037159779131382903,0.01022063283826307,0.00303594106979273,0.00591523907029205,0.0012619039783541002,0.5787474104901775,1.017509068804793,0.24869046101812273,0.012367573472126681,0.00289912119550603,0.013156484989786981,0.00289479506105471,0.01641010657009443,0.01638996171837049,0.00124029857106502,0.00156292102765286,0.016417649580697462,0.016388040896150896,0.0010993527714162701,0.00104974203277375,1001.0,0.00074706152438763,0.00116867471455859,0.014252710484212169,0.013961850276956131,0.0,0.0,0.014057962717436239,0.01395626847224799,0.1,0.1,1.0,1.0,1.0,1.0,0.02008019782461713,0.020769024643757718,0.0,0.0
608,608.0,0.0026010847864053038,0.010122586109445377,0.00351658698164435,0.01018470924196679,0.00309012307318542,0.005850240304008531,0.0012604045072732999,0.4293944380711764,0.5078422504477202,0.1264168383087963,0.01235470110696901,0.00290907176914047,0.013340971857828862,0.0029192181611383404,0.016916725554968363,0.016620637952349655,0.0012485242448746802,0.00108641202095893,0.01648768504002423,0.01646260464405663,0.0010576711269095,0.00104593089781694,1050.0,0.0007152459795066899,0.00111683558278688,0.014392973719148328,0.014070214628160887,0.0,0.0,0.014406391024858889,0.01434513942847862,0.2,0.0,1.0,1.0,1.0,1.0,0.02041467584855158,0.021162341617824175,0.0,0.0
609,609.0,0.0026229451114093156,0.01014098640378406,0.00351247288565749,0.010185055864714491,0.00309012307318542,0.00584826434615232,0.0012603746543677003,0.3224666787777096,0.6426348615204915,0.14319023122079672,0.012353716068375792,0.002908073035121539,0.013341302413079991,0.00290793739253825,0.01686829074116388,0.016618261651539668,0.0012316782725974502,0.0010470049921422501,0.016915942700261942,0.0166211768108219,0.0010506798978894502,0.0014746539760380397,1051.0,0.00071698062875644,0.0011181697275505303,0.014391963209069592,0.014068120084480593,0.0,0.0,0.01438565161715837,0.014292237882808381,0.2,0.0,1.0,1.0,1.0,1.0,0.02041467584855158,0.02116234161782418,0.0,0.0
610,610.0,0.00262433404500517,0.01018810295412375,0.0035677001152167203,0.010192297914865958,0.0032789490403313305,0.0059075899897451205,0.0012589462893064002,0.28690856299363077,0.2653786515118554,0.1562621573451906,0.01236677020921149,0.0029188582048963697,0.013434986585067001,0.0029386122670825203,0.017081289495095693,0.01660935335326208,0.00129472541157151,0.0010890869190916,0.016910871686117428,0.016637233907784536,0.004766899743117341,0.00108660792466249,1100.0,0.0006926222472668501,0.0010709012880996999,0.014403643489888132,0.014170739790861957,0.0,0.0,0.014433750398110689,0.01436945245251553,0.2,0.0,1.0,1.0,1.0,1.0,0.020118562766883917,0.02091657916184182,0.0,0.0
611,611.0,0.00261887746270424,0.01017892806725814,0.0035643935371933097,0.01018943083853441,0.0032789490403313305,0.00590643109207939,0.0012589178195610003,0.23479787097312504,0.29373478775378314,0.11754920480307188,0.01236581788983865,0.00292285237330685,0.01343535322751858,0.00294372536121702,0.01709056060904854,0.01661864087634042,0.00139268559869375,0.0011116992216557002,0.01707999962259056,0.016606604037533966,0.00115033776964987,0.00108942312654104,1101.0,0.00069427239817369,0.0010722080071472202,0.014414638148295262,0.014167308570771678,0.0,0.0,0.014434473302665302,0.014366842079159092,0.2,0.0,1.0,1.0,1.0,1.0,0.020118562766883917,0.02091657916184182,0.0,0.0
612,612.0,0.0021503405689057,0.010170795070580139,0.0037219153303971594,0.01014934428175366,0.00331184876135194,0.00593886562337254,0.0012575541925547997,0.7173566408921033,0.374382052058354,0.17581483451649543,0.01245642694805847,0.0029052709929579803,0.01371208382908142,0.0029506873265439,0.017325577111685298,0.016519083650364492,0.00145203585270786,0.00114453216083343,0.01708247790578048,0.01663779407810251,0.0011467177886515499,0.00112979416735464,1150.0,0.0006822966072793199,0.00103028277200294,0.014310538303983312,0.014016918178232609,0.0,0.0,0.01482438051899083,0.01474544641092893,0.2,0.0,1.0,1.0,1.0,1.0,0.01966848123256585,0.020291754060728962,0.0,0.0
613,613.0,0.0021440459852764696,0.010173191962544311,0.00372372589075677,0.010146659717829621,0.0033153147237149397,0.00593772305705669,0.0012575269848381,0.39445480320136994,0.20184999010525645,0.051240532821975604,0.0124572936123426,0.00290463134199141,0.013711643888309671,0.00295030726195782,0.01732553185136084,0.01651233880913309,0.0016188553534447602,0.0011631511617451501,0.017324539286822878,0.01651547747628163,0.0011568540707230098,0.00114025708753612,1151.0,0.00068388539017733,0.00103156899792636,0.01430687722867526,0.01401443341846027,0.0,0.0,0.014824456392840791,0.014758271872458758,0.2,0.0,1.0,1.0,1.0,1.0,0.01965567828892808,0.020280992162272284,0.0,0.0
614,614.0,0.0011920013293030504,0.010004013089827608,0.00379578164079009,0.010155898435623272,0.0032862887919057103,0.0059089117725415795,0.0012562225438693,0.24591544687282293,0.45665013866964727,0.12760020256973797,0.012474233472648482,0.0028818054972713503,0.013840492955762913,0.00292401523985221,0.01781956493595834,0.016389571520956252,0.0014142388012259699,0.0014085588278248402,0.01733477478525097,0.016498128566706058,0.00120983715169125,0.00120221597608174,1200.0,0.0006683674553206,0.00099161715405005,0.01418057153129478,0.01385685577151263,0.0,0.0,0.015389126465990957,0.015415327973002537,0.0,0.0,1.0,1.0,1.0,1.0,0.02006075666478594,0.02079839917879531,0.0,0.0
615,615.0,0.00133574086111651,0.01001557301661416,0.0037929340870309198,0.01016145771529291,0.0032893507822418294,0.00591168127758483,0.0012561964922395,0.1884857765864581,0.4796392062678933,0.128677190747112,0.01247505221429323,0.0028833744302057497,0.013842016698380848,0.00292086936684387,0.01777128403219786,0.016403238227453328,0.0033300231443717603,0.0012080863118171098,0.017831920616783868,0.016396571360300656,0.00284732475411142,0.00245467587374146,1201.0,0.0006698956388049399,0.00099287549242527,0.014181653482619221,0.01385561486860464,0.0,0.0,0.0153276755993997,0.01529358161484563,0.1,0.0,1.0,1.0,1.0,1.0,0.02006807433168764,0.020810014248139257,0.0,0.0
616,616.0,0.0009147584515039095,0.01001682822820064,0.0037308979384202503,0.010101148240378522,0.0033212606468455198,0.00602328006066146,0.0012549713769071,0.5427449771203101,0.6224250182509422,0.23210271706338972,0.01249102885918961,0.00286100261102245,0.013911095359381028,0.00297868330256412,0.01828912281472859,0.01635068500138787,0.0015467450721188903,0.00121626930776977,0.017791098935768822,0.01641109222978201,0.0201965314801782,0.0012243931880220199,1249.0,0.00065680347633747,0.00095711986043829,0.014111387513896827,0.013890783791019382,0.0,0.0,0.015773891404672762,0.01599306022338331,0.2,0.0,1.0,1.0,1.0,1.0,0.01987636696901482,0.02047521028394875,0.0,0.0
617,617.0,0.0009202397368350959,0.010015808146949471,0.0037339948100985803,0.01010255517779168,0.0033212606468455198,0.00602502198322683,0.0012549463677612,0.4432316763326526,0.8962187178898603,0.10799305182881651,0.012492124146284148,0.00285866639412149,0.01391140158073828,0.0029810819249156397,0.018287166743704612,0.01633783854791022,0.00144219784997398,0.00123620952945199,0.0182843345273096,0.016347555329126313,0.00124766440130766,0.0012830975232645402,1250.0,0.0006583053189729599,0.0009583710137070501,0.01410856096349783,0.013873620572641132,0.0,0.0,0.015760465252601514,0.015984690539874467,0.2,0.0,1.0,1.0,1.0,1.0,0.019876366969014812,0.02047521028394875,0.0,0.0
618,618.0,0.0009222966536190988,0.010014183788777541,0.0037352268141583695,0.01009997826983636,0.0033306134928840795,0.00601627135866475,0.0012549213790328001,0.5368818383431062,0.45213373058941214,0.2820973513647914,0.01249612550354769,0.00285834802521932,0.01391191717515781,0.00298309341900636,0.01828934471316757,0.01633622871874036,0.00147110000252718,0.00122818017844105,0.01828151274805632,0.016332143363107447,0.00122281920630479,0.00122382144909346,1251.0,0.0006598049051447298,0.0009596359660139799,0.01411144489522744,0.013879967973082219,0.0,0.0,0.01577505048435381,0.01599401554664692,0.2,0.0,1.0,1.0,1.0,1.0,0.019927029258924978,0.020554925702823072,0.0,0.0
619,619.0,0.0009097809065527401,0.009843911303245481,0.00367405759496668,0.01009993925672476,0.0032981446757657804,0.00602521080281477,0.0012537212766911,0.6381929202238098,0.6076599101768807,0.18966221469454467,0.01252443702788981,0.0028354560897038703,0.01407296224047378,0.0029952369844935198,0.01821734710352616,0.016239961543741778,0.00212606282439077,0.0013287586858495703,0.018262698137289084,0.016322593163195138,0.0013403235469012903,0.00131327770650382,1300.0,0.0006533315574369299,0.0009255515400101501,0.01406329566422175,0.013785551774086,0.0,0.0,0.015515612520068531,0.01584170093600294,0.1,0.0,1.0,1.0,1.0,1.0,0.01969675366106849,0.020339934878789222,0.0,0.0
620,620.0,0.0009476701799668998,0.00985008308186896,0.0037061509112077395,0.01009922215676685,0.0032841866214647296,0.00601918196708587,0.0012536972684695,0.4435904171783477,0.6043128352612257,0.1726692956406623,0.012524196429626499,0.00284159327707549,0.01407289701418847,0.002990782212762141,0.01818521394883072,0.01625147061016568,0.0015957934781908399,0.00133025443647052,0.01821670973419496,0.01623842149880687,0.00135540079791094,0.00136127667501564,1301.0,0.0006547590828463501,0.0009267758037477501,0.014094732985534658,0.013745796272419352,0.0,0.0,0.015518853060018762,0.0158026310928125,0.1,0.0,1.0,1.0,1.0,1.0,0.01969064890492308,0.020308890748058733,0.0,0.0
621,621.0,0.00040456448310586006,0.00975611221317757,0.0035787468985166693,0.01014779436452161,0.0031807899692177302,0.00612585701893624,0.0012525433820888,0.7628647614968941,0.31322816228494044,0.13260149797424672,0.0125185187554084,0.0028375251486152703,0.014159478998843853,0.00293282847314904,0.01830859749612167,0.016287922599350142,0.0015903141116723099,0.00138185457326467,0.01817489199051164,0.01626911874158333,0.0013934517279266798,0.00137090277858073,1350.0,0.00063826113292354,0.00089509237723173,0.014018092689909431,0.01377347273520769,0.0,0.0,0.01590539863734538,0.0162886594114558,0.0,0.0,1.0,1.0,1.0,1.0,0.019166831146670758,0.019707512111038442,0.0,0.0
622,622.0,0.00037311393901098995,0.009747205416570889,0.00357401896561501,0.01014421204964849,0.0031778120232452897,0.00612257756173991,0.0012525202811686999,0.6074979530880228,0.5784491200465709,0.12695151178631928,0.012515265455080329,0.00283747792411228,0.014155822376130792,0.0029360851510830998,0.01834171952015635,0.01628702585059357,0.00158861526288086,0.00138220549561077,0.01830347363024221,0.01628323265446517,0.00688022973481562,0.00541202111635353,1351.0,0.00063963563150613,0.0008962765317307899,0.014021614053225228,0.01377637994774383,0.0,0.0,0.015881708465604102,0.016289693422813924,0.0,0.0,1.0,1.0,1.0,1.0,0.0191692278499871,0.019709970053304,0.0,0.0
623,623.0,-8.708604096400194e-07,0.009573281419737739,0.00378917919726462,0.010103966544110301,0.0033026307161125,0.0061022335938266895,0.0012514092215778,0.5599479000084102,0.35292979967780413,0.26859324288088826,0.01249576723172033,0.0028373480448691504,0.01422744164496637,0.0029272005543412,0.018716900021248345,0.01619792163658629,0.0016814897535368297,0.00143447790760541,0.01837595212639409,0.016328495465041126,0.00146276000887153,0.0014257728122174201,1400.0,0.0006249938668730301,0.00086824507964527,0.01380444198275702,0.01367638815791844,0.0,0.0,0.01646264181023762,0.016578524542450387,0.0,0.0,1.0,1.0,1.0,1.0,0.01876904612056829,0.019196564880630623,0.0,0.0
624,624.0,7.891760276929e-05,0.0095839971387269,0.0037988900951076597,0.010112539187689059,0.0033060222946867,0.006116259448967639,0.0012513869626281998,0.6622466943459585,0.29507004874758425,0.27155111434403806,0.01249720078679211,0.00283719878204136,0.014229088907957418,0.00292829766910255,0.01866377219842814,0.0161940646821858,0.00726520956959569,0.00191933091264214,0.01872386850999509,0.0162043777235503,0.0014604099793358999,0.0014260207535698502,1401.0,0.0006265970965752701,0.0008694246981690702,0.013786337830609351,0.013667077859910639,0.0,0.0,0.01637240140608538,0.016483211067068612,0.0,0.0,1.0,1.0,1.0,1.0,0.019132810105935993,0.019744612281671257,0.0,0.0
625,625.0,8.541259660380001e-05,0.009497869632842122,0.00402459637530106,0.010183706464515151,0.0035680014864617796,0.006206922782722319,0.0012503156989893001,1.2955136876087636,1.1283189026871696,0.2335566071793437,0.012484250425169268,0.00279344645025695,0.014251739137332372,0.00295861292015934,0.018795320235262286,0.0159685161741651,0.00174071171786631,0.0015475748572498101,0.018688498962803852,0.0162146718302427,0.0030269886367022404,0.0014632390346377702,1450.0,0.00061718642645305,0.00084195659813545,0.013466220423301308,0.01343788056454535,0.0,0.0,0.01632089059090539,0.016552661501773546,0.0,0.0,1.0,1.0,1.0,1.0,0.01908452050677626,0.019972005510587938,0.0,0.0
626,626.0,7.781963079889997e-05,0.00950498159317612,0.0040423896936308,0.0101879504265589,0.003375583326023641,0.00620729029043736,0.0012502942234653002,0.9760433160234243,1.2434603757457807,0.23620811542496084,0.01248484261325086,0.0027886945916909102,0.01425172491414741,0.00295567104173142,0.018800570390736928,0.01596760064629231,0.00174041257705535,0.034842793038114855,0.018798550864091934,0.0159752133848567,0.00151080682408059,0.00146546587347979,1451.0,0.00061848840055655,0.00084310180158422,0.01346941484989193,0.013427262529687048,0.0,0.0,0.016317919570568197,0.01655014044552992,0.0,0.0,1.0,1.0,1.0,1.0,0.019351031876285653,0.01993801380284007,0.0,0.0
627,627.0,-0.00014645213386001995,0.0094237779808285,0.004031043468313999,0.01022274267069858,0.0035016448051531602,0.0062181797406668906,0.0012492807934591003,1.1037286347942428,0.5519434882095083,0.18724632021039725,0.01248700956876166,0.00277981193206089,0.014346292217157868,0.0029054794238971603,0.018858160161336,0.01596089431279544,0.00167523061390961,0.00153842912986869,0.018805098455368926,0.01599891665535583,0.00167922854889181,0.00153028997592624,1499.0,0.0006012718791879,0.0008181966974833199,0.013485340409271272,0.01337939651827604,0.0,0.0,0.01672188127688337,0.01685178459061963,0.0,0.0,1.0,1.0,1.0,1.0,0.01902019707104789,0.0199104087806052,0.0,0.0
628,628.0,-0.00015119228599503004,0.00942190255171199,0.004029159407491779,0.0102196104341838,0.00350056689123283,0.00621879798624331,0.0012492600345614003,0.8505801836494357,0.20193183252122254,0.10856546002905816,0.01248599884142775,0.0027801611637868,0.01434477569163245,0.00290038515634418,0.01884699843042571,0.01596991170940216,0.0016612373059615,0.001571555272676,0.01886730893096213,0.015967963095400828,0.0015504091978072701,0.0015167760662734,1500.0,0.00060253375037498,0.0008193138837076401,0.01348520590375058,0.013381774760278858,0.0,0.0,0.016698272857436795,0.016857845053598584,0.0,0.0,1.0,1.0,1.0,1.0,0.019034543676171932,0.01993530380426303,0.0,0.0
629,629.0,-0.00016043913101470002,0.00941863493040656,0.004026432072353,0.01021596603889297,0.00347516335935298,0.00621343716066752,0.0012492392897971002,1.5397165644913913,0.40523563583847133,0.1690628755139187,0.012484305661114681,0.00278032861878868,0.01434328512790716,0.0029000544093871904,0.018850026643716412,0.01596603979141225,0.00230456746648992,0.00214768801815803,0.01884061031592012,0.01596736178807718,0.0036709452047943595,0.00329650766216213,1501.0,0.0006037944537382099,0.0008204279132959201,0.013480103363419168,0.013381243614333021,0.0,0.0,0.016708792154326448,0.01686393043753654,0.0,0.0,1.0,1.0,1.0,1.0,0.019101501018061202,0.01991695231434036,0.0,0.0
630,630.0,-0.00037094438249222003,0.00942554933843438,0.00413876046088324,0.01023597415558176,0.00359822445906869,0.00621253291428589,0.0012482397233176997,0.6548861236544326,0.34621942753437907,0.16164094647392627,0.01246928060533233,0.00278228632856986,0.014351185592936572,0.00289207600053611,0.019028016046106815,0.01588338756890561,0.0017401055665686102,0.00158969126641745,0.01884274937977819,0.015956816854801336,0.00160912622231986,0.0015332270180806098,1550.0,0.0005921819438761,0.00079627138937351,0.01339744382507509,0.013198836691270418,0.0,0.0,0.01695238445685105,0.01709131797238473,0.0,0.0,1.0,1.0,1.0,1.0,0.019143177727856918,0.020062488842873472,0.0,0.0
631,631.0,-0.00036969730147948,0.00941811183656455,0.004137601038547911,0.01023381931447276,0.00359822445906869,0.006210852767463789,0.0012482196617661,1.2219124686904252,0.4530248222872615,0.1932861144421622,0.012468568283447602,0.0027816782885444796,0.01434939911146258,0.00289824943489548,0.019057768498242738,0.01587906672489111,0.0020298445830121002,0.00226587231736625,0.01902130239224639,0.01587912285464783,0.0016002411255612498,0.00151903801597648,1551.0,0.0005934044389947,0.0007973615397832799,0.013397996019003208,0.01319930655198212,0.0,0.0,0.016915511566696816,0.01710037662346513,0.0,0.0,1.0,1.0,1.0,1.0,0.019143177727856918,0.020062488842873472,0.0,0.0
632,632.0,-0.00041340902610499506,0.009315782081437681,0.00415249663528708,0.01021484274609186,0.003527227332438979,0.00617987908632941,0.0012472525000653003,0.6454689476173371,0.46266630524769425,0.16740302941761906,0.012460934155890741,0.00277763116931229,0.01436397601143175,0.0029235708307654507,0.01920561191963516,0.01584902115455863,0.0019474422559141499,0.00164902540855104,0.01902855565866559,0.01585990402631509,0.0016647027106955104,0.0015652783215045398,1600.0,0.0005865921253797301,0.00077450576921844,0.013383303987361492,0.013142274056836054,0.1,0.0,0.01703315514085761,0.0171568856581449,0.0,0.0,1.0,1.0,1.0,1.0,0.01919008449689024,0.02013334292936824,0.0,0.0
633,633.0,-0.0004185228918033608,0.009304043018842408,0.00415191971176664,0.01021502267389495,0.003527227332438959,0.006184460051047851,0.0012472330786571,0.6150176099035889,0.3785187918227166,0.1439274203497916,0.01246199461361002,0.0027758140722296395,0.014364065007602043,0.0029229120677516903,0.01920659832577119,0.01583894153630423,0.0020214413758367,0.0016341694863512498,0.01919675032418202,0.015843572037215613,0.00172842044848944,0.00155352612491692,1601.0,0.0005877846400872999,0.0007755812001815901,0.013380410638557888,0.013140989442545098,0.1,0.0,0.01704217150798905,0.01716410282119927,0.0,0.0,1.0,1.0,1.0,1.0,0.01919008449689026,0.020133342929368258,0.0,0.0
634,634.0,-0.0007011000233703302,0.009174358394918768,0.00402847093524405,0.01019679705444056,0.0035291731521470498,0.006144038162496901,0.0012462963097892002,0.6407670488813892,0.486840853956528,0.16018631963524965,0.01246181287419679,0.00280658054230779,0.0144423602533752,0.00292770566587544,0.0193897796310193,0.01598866623877892,0.0021214896580203702,0.0019656312651931797,0.01915656878953604,0.01578936293234031,0.00179902589879925,0.00159455626271661,1650.0,0.0005813807971904699,0.0007541350157164799,0.013563745646138822,0.013311484016805911,0.1,0.0,0.017221912439254382,0.017490947800819688,0.0,0.0,1.0,1.0,1.0,1.0,0.01899283864995325,0.019983879624662828,0.0,0.0
635,635.0,-0.00069833505690551,0.00916983911064279,0.004024236016063389,0.010195774421094702,0.00350973715058145,0.0061417592370109604,0.0012462774893885003,0.7227872377960012,0.6221506765577942,0.19535640587564557,0.012463438987667599,0.00280739982870099,0.014447710178685128,0.0029224989240035698,0.019363240726357027,0.01598955786979862,0.00183460901025677,0.00199188336264339,0.019389466162816102,0.01598691999021997,0.0017455466557293703,0.00158989317715162,1651.0,0.0005825459365319099,0.00075519352587387,0.01355256010969495,0.013309385965133341,0.1,0.0,0.01721157464346755,0.01745422964314022,0.0,0.0,1.0,1.0,1.0,1.0,0.01906943067075676,0.02013155772263562,0.0,0.0
636,636.0,-0.00055289857041478,0.0090780093141412,0.00407165058476463,0.01025160580426284,0.00354723731681798,0.0061427420788484795,0.0012453692824745,0.7574961456237361,0.40760896233841776,0.16867092789616434,0.012475416181802538,0.0028037612285843703,0.01451780342419468,0.0029251600274856904,0.019270494068332283,0.015971545256757726,0.014799667685292608,0.00195164729375387,0.019479335590409583,0.016059027619292045,0.0017652669223025101,0.00165793136693533,1700.0,0.0005676360642342,0.00073500589561614,0.0135159734502877,0.01319893460632757,0.1,0.0,0.016921018226710157,0.01712247539692483,0.0,0.0,1.0,1.0,1.0,1.0,0.01916799032668771,0.02017459263641299,0.0,0.0
637,637.0,-0.0005531819582316201,0.009079237695469691,0.00406322977228841,0.010248370424501618,0.00353004228941972,0.00613565775139006,0.0012453510274145,1.0089103009086102,0.310865045664832,0.21389107319992035,0.01247367305600049,0.0028038616301000402,0.014516140091371532,0.00292504323454681,0.01926932503595706,0.015971950873204556,0.007242807466536721,0.0034562119282781608,0.01926789143414216,0.015967306813712622,0.00500496663153166,0.00167259338777508,1701.0,0.0005687596905371101,0.00073603057630459,0.01351216296992895,0.013202344578766229,0.0,0.0,0.016922803795292058,0.017121273708617053,0.0,0.0,1.0,1.0,1.0,1.0,0.0191662923657845,0.02016940352537754,0.0,0.0
638,638.0,-0.0005564993014481001,0.00912847782854782,0.004061466958644429,0.01026383089047741,0.00360371352236897,0.006134865008869389,0.0012444874442522,0.9493885497329757,0.3151037870207801,0.11876524586696173,0.012473872904397599,0.0028068900602532102,0.014521004099700441,0.0029322723182306,0.019274390380357047,0.015969427467919243,0.0021059616701677,0.0019016130827367,0.01927643875772609,0.01598482596838047,0.0018021859461440997,0.00173074570484453,1749.0,0.00055471014123012,0.0007172891501041701,0.01356039901578358,0.01315127469184656,0.0,0.0,0.01703461723763071,0.01713439565458097,0.0,0.0,1.0,1.0,1.0,1.0,0.01901494941055161,0.01997592744314488,0.0,0.0
639,639.0,-0.0005648147617154999,0.00913453963161007,0.004057952800660179,0.01026736803967149,0.0036059771388161493,0.006135765082587719,0.0012444697115846,0.5808883109129965,0.4084208014421165,0.1116904369089752,0.01247531364777444,0.00280867418444894,0.014522425735921548,0.00293477089187112,0.019292877228178778,0.0159761857084534,0.0021965738153084695,0.0017486877972259698,0.01927546260209592,0.015969530075256602,0.0031362086068838302,0.00169743041042234,1750.0,0.0005558152197117101,0.00071829927618605,0.01356898883603106,0.013164055583874509,0.0,0.0,0.01704693428947807,0.01715912756801978,0.0,0.0,1.0,1.0,1.0,1.0,0.019011334615758477,0.01997151202101502,0.0,0.0
640,640.0,-0.00056109449088594,0.009137786876122,0.00401755346334684,0.01027254749622068,0.0035994871244845795,0.006139348060056579,0.0012444519892707002,0.6848380050389096,0.5073818138567731,0.23425954140257085,0.012474764968662708,0.00280935147909184,0.01452171617932084,0.0029368306826942697,0.019299428741665882,0.01599494106339654,0.014145589177496688,0.00316193641629064,0.019299304393458987,0.015982308723529078,0.0017762829083949002,0.0016973556019365202,1751.0,0.00055691645897142,0.00071930522708431,0.01359732230873921,0.01318129585559313,0.0,0.0,0.01704113573544912,0.01716607960926136,0.0,0.0,1.0,1.0,1.0,1.0,0.01901786584401674,0.019978603224366513,0.0,0.0
641,641.0,-0.00034039265741178,0.0088133964523796,0.003994205649479899,0.010258999592413002,0.0035530943140760197,0.00617414471499772,0.0012435960355792997,1.2014628956094384,0.3837719280272722,0.10855219922959802,0.012473288411489699,0.00280285918667698,0.014596203613767362,0.00293276102985602,0.01897936582735939,0.015976221769750023,0.00394937598612155,0.012784075085073659,0.01931999526994072,0.016004076089883253,0.00404940445441747,0.00184171786531802,1800.0,0.0005535155004725,0.00070134982625346,0.013561249581247197,0.0131078321594581,0.0,0.0,0.016705929572172217,0.016828295028924762,0.0,0.0,1.0,1.0,1.0,1.0,0.01899155941753999,0.01998825865209648,0.0,0.0
642,642.0,-0.00032739835516939,0.00880375450995991,0.0039987557703195405,0.01026092399283303,0.0035583254625027906,0.006177043608461819,0.0012435788161461998,0.8907545994967222,0.3776805603643879,0.19706448707729576,0.012472388593708101,0.0028059257083720103,0.014597658217786299,0.00294362376106603,0.01901184527062359,0.01598946223825824,0.00368063955102109,0.0020006517414003096,0.018983376469086308,0.01598014893175525,0.00199495127890254,0.00186146097257728,1801.0,0.00055458732546385,0.00070233987056065,0.01356476449634685,0.013121357791180649,0.0,0.0,0.016695665065289484,0.01683800707596126,0.0,0.0,1.0,1.0,1.0,1.0,0.01896532979512055,0.019958038364802,0.0,0.0
643,643.0,-0.0005010574674240599,0.008733888458666019,0.003979200186193179,0.01030039625850242,0.00350968030241338,0.00614399967602326,0.0012427468219684999,1.1562744689406828,0.6292512327665463,0.12737862376961856,0.012488783289167842,0.00279814883232375,0.014694356729700117,0.0029547785749792,0.019232002799898052,0.01597608348506619,0.00236823628656562,0.0019985153805464,0.019005513941991993,0.01597651594046273,0.0020456165773793597,0.0021925946930422798,1850.0,0.0005559848771042001,0.0006851168800980701,0.01365473392474709,0.013160201313238468,0.0,0.0,0.017000462831642978,0.016960285986977484,0.0,0.0,1.0,1.0,1.0,1.0,0.019515838540946948,0.020512403673565202,0.0,0.0
644,644.0,-0.0005058499880490299,0.008732666540823691,0.00397786160120017,0.01029689453162384,0.00350968030241338,0.0061392340830714,0.0012427300779846997,1.1447946573141963,0.501763356407173,0.1444732899079099,0.012487787547672298,0.00279966575913261,0.01469262392833685,0.00295465069289509,0.0192345096949767,0.01597879361631905,0.00260829371400173,0.00651983146090056,0.019227968946170522,0.01597383445637528,0.00613042339682574,0.00255820264574135,1851.0,0.0005570221065082401,0.00068608469225349,0.01365895001942343,0.01316061269283309,0.0,0.0,0.016960974827582128,0.01697670269501678,0.0,0.0,1.0,1.0,1.0,1.0,0.019515838540947027,0.020512403673565303,0.0,0.0
645,645.0,-0.00053822754597196,0.008711686839420049,0.003940495165170899,0.0102935679840684,0.003433370325851641,0.00612334629771699,0.0012419207534988001,1.0587036822456866,0.3549780142493546,0.22657896906603128,0.012498728313132219,0.0027986162593739198,0.01473668306694419,0.00295023199546081,0.01924664331923971,0.01596916343261101,0.02874326580204064,0.0026267508976160906,0.01923057543297123,0.015985889334591153,0.00267314687371249,0.0019435462774708401,1900.0,0.00054406941953747,0.00066972028440918,0.013659696431206642,0.01316543330515155,0.0,0.0,0.01708396357689449,0.01699264882837919,0.0,0.0,1.0,1.0,1.0,1.0,0.019613360730530396,0.02069253802249963,0.0,0.0
646,646.0,-0.00053544334185204,0.0087060085726619,0.00394449967218991,0.010293987534172601,0.00344579026621282,0.00612765035038213,0.0012419044597093002,0.6312152514001355,0.3231414728797972,0.06805827098432923,0.01249839159827413,0.00279706599869889,0.014737270894788351,0.0029503120478979903,0.01924096693818662,0.01596133011825621,0.00247548168990756,0.0020927804987877,0.01924417169427367,0.01596745146560153,0.00210999557748432,0.0019778074696659596,1901.0,0.00054508785325235,0.0006706723170730001,0.01365520696816383,0.01316115712735789,0.0,0.0,0.017080210469383073,0.016988569273457578,0.0,0.0,1.0,1.0,1.0,1.0,0.01959543039943719,0.02066413884906979,0.0,0.0
647,647.0,-0.0004392452825643299,0.00857528714836683,0.00399819627921176,0.010283644139114732,0.00347469704813791,0.00612465277047706,0.0012411166161371,0.6743595817824826,0.6432620377745479,0.15252066112589088,0.012545667774892588,0.002798720382903,0.014823224334390369,0.00299333812023483,0.01922816524602712,0.01590612782881652,0.00238050734624263,0.00208330461755389,0.01921973077605229,0.01595422257247862,0.0021568156313150496,0.00258951813448214,1950.0,0.00054801525884711,0.00065516135491721,0.01361748291374848,0.013106634081673238,0.0,0.0,0.01709116305298728,0.017294638971563178,0.0,0.0,1.0,1.0,1.0,1.0,0.019240967669300786,0.02038534827717533,0.0,0.0
648,648.0,-0.00042861604815789005,0.00855423869985019,0.00400019531379148,0.010284433947832138,0.0034779178030503997,0.00612720517867438,0.0012411007492398002,0.941686004307121,0.9863905013771728,0.361443659174256,0.012545064734777298,0.00279657256317863,0.014823287891550718,0.00299489505488633,0.01922042869846135,0.01590207509249742,0.03726478728931393,0.0055772230727597506,0.01922889709866747,0.0159065176584074,0.005474181007593801,0.00268709303345527,1951.0,0.00054900235560483,0.00065609461387794,0.01361219907892484,0.01310419451714083,0.0,0.0,0.017090669536939718,0.01728493454029918,0.0,0.0,1.0,1.0,1.0,1.0,0.0192404140310153,0.020383422584000048,0.0,0.0
649,649.0,-0.00063766281062155,0.00842975022346067,0.00402586774039562,0.010344719027208868,0.0035811714263151093,0.006222582619328418,0.0012403487580367,1.2174004450207576,0.7083866581553593,0.2302868926664814,0.012556930425623261,0.00277157418336057,0.014896768720756088,0.0029737013231179096,0.01931396179242538,0.015837554057127678,0.016125237382948347,0.0021769190905615303,0.019289625295169758,0.01595822499236775,0.0022367080207913496,0.00777365416288372,1999.0,0.0005415553873897601,0.0006416256107869398,0.01351296707623626,0.013027287263280628,0.1,0.0,0.01709269637976316,0.01731892968231139,0.0,0.0,1.0,1.0,1.0,1.0,0.019449258649485986,0.020500628945720387,0.0,0.0
650,650.0,-0.00063768009062576,0.00842768232525307,0.00402045679142305,0.01034611015969215,0.003571437738554609,0.0062205587780739795,0.0012403332885798997,0.7527071326971054,0.3947324975160882,0.153665513289161,0.012556280558517503,0.00277101186664855,0.014896418677710226,0.0029730682148077702,0.01930843683333263,0.015837943126416797,0.01967950537800784,0.00210497768130149,0.019316007560426413,0.0158381508390698,0.0022008168976753394,0.00206085648387666,2000.0,0.00054252216309821,0.00064254240711799,0.01352038249136446,0.013029857195394479,0.1,0.0,0.01708749683311484,0.017311043667783223,0.0,0.0,1.0,1.0,1.0,1.0,0.01945920893306643,0.0205080503586961,0.0,0.0
