,Unnamed: 0,tau,obj_values,MRO_tau,MRO_obj_values,cluster_SAA_tau,cluster_SAA_obj_values,epsilon,online_time,MRO_time,cluster_SAA_time,MRO_square_val,MRO_sig_val,square_val,sig_val,worst_values,MRO_worst_values,worst_times,MRO_worst_times,worst_values_regret,MRO_worst_values_regret,worst_times_regret,MRO_worst_times_regret,t,regret_bound,MRO_regret_bound,MRO_eval0,MRO_eval1,MRO_satisfy0,MRO_satisfy1,O_eval0,O_eval1,O_satisfy0,O_satisfy1,O_worst_satisfy0,O_worst_satisfy1,MRO_worst_satisfy0,MRO_worst_satisfy1,cluster_SAA_eval0,cluster_SAA_eval1,cluster_SAA_satisfy0,cluster_SAA_satisfy1
0,0.0,-0.002144584469084075,0.00638182979891495,-0.00214458445617515,0.006381829798201175,-0.003802731564913975,-0.00380273156491395,0.0043225324637831,1.082339617772959,2.109640095906798,0.1898875029291957,7.403057709967372e-35,9.064071137976149e-20,7.403057709967372e-35,9.064071137896446e-20,0.006381844963719975,0.006381844964177175,0.00013195991050445,7.429014658555388e-05,0.0,0.0,7.847003871574998e-05,6.588827818632126e-05,0.0,0.06550020939166883,0.017290131501844525,0.04822885472784615,0.03989266768807208,0.0,0.0,0.04822885472703168,0.03989266769165285,0.0,0.0,0.0,0.0,0.0,0.0,0.054415312644375324,0.05568446560502638,0.0,0.0
1,1.0,-0.00224844828753535,0.00695234904565615,-0.00224844825396065,0.006952349047608575,-0.00380273156491405,-0.00380273156491395,0.0043028750262966,6.773041095992085,6.6570554333156915,0.47654723055893555,4.7741408273813346e-35,1.5527470201951687e-19,6.169214758306144e-35,8.274155826372391e-20,0.0069523528798826496,0.0069523528803745,0.00010507495608174762,8.365529356524348e-05,0.008919220543629749,0.0089192205430296,7.537059718742967e-05,8.146330947056413e-05,1.0,0.0808419244619176,0.0563534646813297,0.04365464985803775,0.040672592131545574,0.0,0.0,0.0436545945267698,0.0406724695195408,0.0,0.0,0.0,0.0,0.0,0.0,0.050732367029114725,0.05235163526139455,0.0,0.0
2,2.0,0.0018696605852523,0.010940054116271976,0.0018696605847934502,0.010940054110988025,0.000562030797997125,0.00092732857535895,0.0042594787018807,9.150425913976505,10.404517796880098,0.489595246152021,4.584534288520485e-35,1.237140778728006e-19,4.1128098388707625e-35,3.1252130396547065e-20,0.0109400568095528,0.010940056798980224,0.000103625003248425,7.75681110098958e-05,0.020424349466609825,0.020424349464062973,7.540819933637977e-05,7.78001849539578e-05,4.0,0.06454470668820131,0.05804054552286258,0.03801853716458678,0.029686107766486225,0.0,0.0,0.038018537164492175,0.0296861077669323,0.0,0.0,0.0,0.0,0.0,0.0,0.04498052634702495,0.03789383223030868,0.0,0.0
3,3.0,0.0035307099006557496,0.012071034924121626,0.0035307300125715247,0.01207103462144625,0.000903437288598275,0.002621188112036475,0.0042482739432866,10.136276655131951,6.181122873269487,0.3013873740565032,5.0822503329381e-35,9.518264278445312e-20,3.701528854983686e-35,2.732374126516219e-20,0.012071031193433626,0.0120710311292753,0.00010103743989015969,7.60799739509821e-05,0.015771372213052526,0.0157713721866408,7.227080641314387e-05,7.886503590270877e-05,5.0,0.062108557187623356,0.056727455365565775,0.03322438418012087,0.029076967993711775,0.0,0.0,0.033224384180154054,0.0290769674972581,0.0,0.0,0.0,0.0,0.0,0.0,0.0421851921784502,0.037512173070200626,0.0,0.0
4,4.0,0.0040213651154548,0.01346628272182455,0.004021365111730251,0.013466257043920151,0.0031630832565785498,0.003556314722847175,0.0042126881675518,16.89092813967727,15.565351595112586,0.7798054711893201,4.004236988721064e-35,8.539311262443626e-20,2.643949182131204e-35,5.266100391887202e-20,0.013466204794062051,0.013466201301136174,0.00010554492473595,7.881259080022573e-05,0.01741741993632115,0.017417407577520874,8.057494414970279e-05,7.720326539129019e-05,9.0,0.049635291478448224,0.04812571569447205,0.023760095342692075,0.021816711264500275,0.0,0.0,0.02376010657374455,0.02181675624886545,0.0,0.0,0.0,0.0,0.0,0.0,0.02751586945916035,0.028296826944275374,0.0,0.0
5,5.0,0.0037960066544314745,0.013453080946340226,0.003795789270739375,0.013453080946173925,0.0031630832565785498,0.0034961474967149997,0.0042054282940117,12.872442258812953,12.615410943573806,0.7920406723860651,3.2206397983836136e-35,8.741621907566897e-20,2.467685903322458e-35,4.9001924773224924e-20,0.013453073219601226,0.013453073219587674,9.943504119284684e-05,8.273351704701781e-05,0.013453083067434524,0.013453080054738699,8.162565063685179e-05,8.356082253158092e-05,10.0,0.04672933583344883,0.047308156339733225,0.024054672270289252,0.021808824416709775,0.0,0.0,0.024053745226124676,0.021808145518900424,0.0,0.0,0.0,0.0,0.0,0.0,0.027388067149230276,0.0271048653064499,0.0,0.0
6,6.0,0.002833685650711325,0.012717723571667849,0.0036042572794120747,0.012245653916985474,0.002402179428967825,0.0037082051479256,0.0041806486850074,19.41585497453343,21.665173351764683,0.8881998799042776,0.00151069747923205,0.0006611609570543,0.0023493435498382,0.00071633098245455,0.0143451391579147,0.013908491750656825,0.00011815008474512499,8.679990423843265e-05,0.0150203077615,0.015020305322619725,9.835755918173906e-05,8.172757225111127e-05,14.0,0.0359049876165388,0.04011288405394435,0.022253633827708723,0.020384580214632624,0.0,0.0,0.019635732097518576,0.0228598848347873,0.0,0.0,0.0,0.75,0.0,0.75,0.022789833534275074,0.023301345474490424,0.0,0.0
7,7.0,0.0028177644368520003,0.012454961856799476,0.00385073531225785,0.01264590271653395,0.00179354454413165,0.00363078026846005,0.0041752911397251,15.372427706432063,19.22262294730172,1.1296920793829486,0.001753948827006225,0.000685624917832475,0.002739906634941175,0.0009618193998813249,0.01434074784106105,0.013837025233907474,0.000110164983197975,9.213754674419761e-05,0.0144212909514409,0.015316085889825175,8.06350726634264e-05,8.373329183086753e-05,15.0,0.03450720615397858,0.04325973781546263,0.018545210581224974,0.020672781150205075,0.0,0.0,0.019446725979412226,0.022576863280786775,0.0,0.0,0.0,1.0,0.0,0.75,0.022883359988348326,0.02394719856526965,0.0,0.0
8,8.0,0.002528368708288425,0.012762280969245698,0.0026589260427033,0.012034591110353625,0.002988120581533325,0.003571631622462725,0.0041563033067233,20.51275431906106,14.293597982614301,0.7348780082538724,0.003134839743901125,0.001108657457761875,0.004331737068444325,0.001400186473065325,0.015768209089473427,0.0155705984595605,0.00010963762179009999,8.641101885586977e-05,0.017958730555864652,0.0158360390131577,8.343532681465149e-05,8.158775744959712e-05,19.0,0.028559599872479375,0.0402385131610512,0.02173877516390535,0.024184070251127628,0.0,0.0,0.02052968013433105,0.023267690642446475,0.0,0.0,0.75,1.0,0.0,1.0,0.0252197120870514,0.025878546385547825,0.0,0.0
9,9.0,0.0017859573442918749,0.012567509578247399,0.0026673318704985753,0.01275839905550035,0.0012853311634094251,0.003945766836461475,0.0041520637556576,17.440788948209956,16.94476233655587,1.0013680358533747,0.003454437316174375,0.0011082945033326751,0.0045208187777940004,0.001416210340052725,0.015654404044701548,0.0152313240352396,0.00011816015467045,9.284826228395104e-05,0.01639119717938895,0.016049586797183123,9.479274740442634e-05,9.085773490369319e-05,20.0,0.027690418831109724,0.046167157703767045,0.0196011958484731,0.021097122517489,0.0,0.0,0.0196189016948887,0.01867010729843415,0.0,0.0,1.0,1.0,0.75,1.0,0.026103870612393876,0.026761070568110123,0.0,0.0
10,10.0,0.0035991058319896,0.013654814486901775,0.003553592890693175,0.013203062656759475,0.0025076514727779,0.0041060561391389,0.0040710219737891,15.602302694518585,11.148955498822033,0.5005793626187369,0.00748138830909365,0.0019125740750389,0.0086197862212385,0.0020279663639719498,0.018031354948666974,0.01793122647904285,0.0001427524257451,0.00011412514140825,0.021913654964759575,0.0217042342105448,0.00011614523828022501,0.0001191602204926,50.0,0.012449011610842775,0.022346423500114402,0.016019404366547127,0.0166083794235496,0.0,0.0,0.016774113120553925,0.015849496418283624,0.0,0.0,1.0,1.0,1.0,1.0,0.01933827601079845,0.019655343292204724,0.0,0.0
11,11.0,0.003567069681304775,0.0136120995197747,0.003552664781460075,0.013151315003895301,0.0024761936525155752,0.0040731001307291,0.0040691885434701,8.590217800170649,8.956706568715163,0.46376566973049194,0.007701807133900975,0.001927064576562925,0.0088522313272625,0.002124449397191825,0.017877112418925076,0.017875045996489876,0.000140349846333225,0.0001338626025244,0.017875040005991473,0.017870487989296975,0.0001311457017436,0.00012641533976415,51.0,0.012377742551588002,0.022071420979395875,0.0160556457125041,0.016707956838640275,0.0,0.0,0.01711083002348495,0.01556864568552345,0.0,0.0,1.0,1.0,1.0,1.0,0.019856007830155276,0.019538668832424423,0.0,0.0
12,12.0,0.0043472911855707,0.014154207031912426,0.003660773465539975,0.013472669708354475,0.003175893478394,0.00472911628449965,0.0040057402224427,18.908789480745323,14.33372820157092,0.5806827625492588,0.010261318940914024,0.0023869303738192254,0.010765399222529,0.0023542440331992,0.01913029933907535,0.0189043182368285,0.0001964233233593,0.000170696061104525,0.01975476640520295,0.019211010992616448,0.00016810995293772499,0.000166809884831225,100.0,0.0066922761550004,0.011727959986093226,0.0147867077759881,0.01517797191631365,0.0,0.0,0.016012614261598127,0.014923344097947624,0.0,0.75,1.0,1.0,1.0,1.0,0.02161030192660035,0.0195387310370973,0.0,0.0
13,13.0,0.0043457137552364005,0.014333171788223326,0.0037183067091714,0.013467058486879525,0.0032378217012629003,0.0046946621115278,0.0040047911002553,28.270515349693596,13.487619264400564,0.1869660249794833,0.01031423487074575,0.0023785532236553,0.010742532952300824,0.002355116356508675,0.019085208391433826,0.018788594357698727,0.0001991133322007,0.0001620150869712,0.019112526032647,0.018895714593743475,0.000158572569489425,0.000162101059686375,101.0,0.0067047471774669505,0.0116993468812757,0.015309762843373875,0.015182367725739476,0.75,0.0,0.0162194589254144,0.014930605093477274,0.0,1.0,1.0,1.0,1.0,1.0,0.021245734012245224,0.0195387310370984,0.0,0.0
14,14.0,0.0049278758722040746,0.014311916435118473,0.00450107034435265,0.014107071834662276,0.003143795466803375,0.005596194158893175,0.0039669271162523,10.927091474120973,22.209241594711784,0.6320903395535424,0.010934695278579525,0.002533107066850575,0.0113537874630774,0.0023726240023476,0.018916734559258224,0.01930270652701065,0.000265902664978025,0.000211570353712825,0.019456398564018797,0.020056341943002598,0.000208593497518375,0.000203549920115575,150.0,0.00467952407869205,0.0079936379770185,0.015105574361554425,0.014393095220650026,1.0,1.0,0.0150795405083554,0.014530736062873476,1.0,1.0,1.0,1.0,1.0,1.0,0.0217343333551733,0.02002402871480875,0.0,0.0
15,15.0,0.004841034776673125,0.01430020390607685,0.004221453057516875,0.01409926439926725,0.0022231276789897248,0.00557136445453745,0.0039662893956867,16.761088556260802,21.00583491125144,0.3342731498996727,0.010939361328595926,0.002538241668812675,0.0113586087084736,0.002359857384084875,0.0190195296146221,0.019482255842526372,0.00023956835502752502,0.00020861014490942498,0.019005416163505102,0.019482149666845826,0.0002058985992334,0.00020354328444219998,151.0,0.00470226502138655,0.007991734664924125,0.015107938474260976,0.014383672924426074,1.0,1.0,0.0152499631429631,0.01418215958745935,1.0,1.0,1.0,1.0,1.0,1.0,0.020574283036970148,0.020024028714808677,0.0,0.0
16,16.0,0.004982505147122825,0.0142850234111,0.00421850920607605,0.015002387354833125,0.00412281538200575,0.005991698110902325,0.0039392964733309,16.750447401660495,11.865396237291861,0.2089431160129606,0.011457373509570826,0.002490405451435925,0.011846931673477074,0.00250716902594975,0.0193389041088913,0.01927186278074785,0.000313358497805825,0.000607136054895775,0.019528314038581573,0.019849529920378025,0.000673016416840225,0.000271420052740675,200.0,0.0036397744256549003,0.0061129288961871255,0.014434965389952824,0.014133618001755999,1.0,1.0,0.01495484578564215,0.012809605372617851,1.0,1.0,1.0,1.0,1.0,1.0,0.0223577032440883,0.01878352750763735,0.0,0.0
17,17.0,0.0049817714089264754,0.014264966434399524,0.0042098560521978004,0.0149841918693479,0.0040984406728006495,0.006127690769812524,0.003938817268387,19.173491621855646,14.00540651008487,0.22718303278088567,0.011431294668385475,0.002486246570991675,0.011831424940282576,0.0024985228981164,0.019296544101960498,0.019237060962859376,0.00032134848879645,0.0003979143220931,0.01929578241529455,0.0192370963757138,0.00066288682864975,0.00026344356592735,201.0,0.0036612074766592,0.006123555896258525,0.0144432151514069,0.014154667251271751,1.0,1.0,0.01487123516327025,0.012809549248332674,1.0,1.0,1.0,1.0,1.0,1.0,0.022447332315417276,0.0189111512161292,0.0,0.0
18,18.0,0.004528299001890875,0.014268268962455226,0.0040869913443229,0.0149411385813216,0.00377446217923755,0.0063056650507296,0.0039178608689029,28.4888853514567,14.770098235050684,0.3873957717441953,0.01166683056618595,0.0025873002960477747,0.011914942598889,0.0024658040736037752,0.019813175360214624,0.019415135711609775,0.000341151026077525,0.00032343855127684996,0.019651042698581,0.019623245817442,0.000309373426716725,0.000298236031085175,250.0,0.002992849575536925,0.00496468868041835,0.014762269877951149,0.014365562209533075,1.0,1.0,0.01450650671396095,0.013054656848466526,1.0,1.0,1.0,1.0,1.0,1.0,0.02046719520406945,0.0196833291295482,0.0,0.0
19,19.0,0.004556294659113299,0.014245352034588325,0.0040859277391105,0.01492387529089065,0.003642191930072625,0.006306529461991575,0.0039174775348325,21.65724623110145,13.232373103091959,0.2754159143660217,0.011641012376029426,0.002585325922280325,0.0119214948112049,0.00246239033539455,0.02003422533816445,0.019379625784487202,0.00035028107231477497,0.0005562087171710501,0.019772436771672425,0.01937836343747535,0.0007887516985646749,0.000347693625371825,251.0,0.00301204271796815,0.004975711060721,0.01476037162041005,0.014367452476086874,1.0,1.0,0.0147295240223606,0.0133186687768155,1.0,1.0,1.0,1.0,1.0,1.0,0.02046719520406945,0.0197761428057748,0.0,0.0
20,20.0,0.005045856851120375,0.014704294897156401,0.004298721477385925,0.01532935889043345,0.0045553402175653,0.006768746984239125,0.0039003629088633,39.18672183633316,17.269329713948537,0.2843519721063785,0.012009354751117175,0.002423007612634025,0.012039256429115125,0.00246680236268755,0.0197053408666918,0.0197581320422258,0.00040672108298159997,0.0005330216954461999,0.019987065463356,0.019544540642631076,0.00065158691722895,0.0003486761124804,300.0,0.0025561322347646747,0.004198178085164575,0.014947762070595476,0.013910178391461477,1.0,1.0,0.014805996844183199,0.014146644688257826,1.0,1.0,1.0,1.0,1.0,1.0,0.019689828346531477,0.020025712577274347,0.0,0.0
21,21.0,0.00506755868991585,0.014693029170370974,0.005161299342555225,0.015376182144439575,0.004493081160865525,0.0066964175093436,0.0039000437430035,33.568963735539,22.073697507148605,0.32610678387572983,0.011999243384571725,0.002421108976049175,0.012043373442644376,0.002468896818574325,0.0196874658519006,0.019773882676588948,0.00040511600673192504,0.000595641729887525,0.019687348102817026,0.01977346772061795,0.0006480946321971,0.000340563245117625,301.0,0.00257375802347845,0.004210293813845675,0.014944828163117875,0.0139098778966369,1.0,1.0,0.014804635586592726,0.01414537323485935,1.0,1.0,1.0,1.0,1.0,1.0,0.019689828346531477,0.0200446391044055,0.0,0.0
22,22.0,0.005280905351191525,0.014829354412516725,0.004623454119045675,0.014947252526324124,0.0041623388444046,0.006397421783420825,0.0038855884986021,23.385554097709246,14.923129879462067,0.18917305965442205,0.011963297022236025,0.0024574849168318503,0.012050854578795251,0.0024758312832814247,0.019419283248699227,0.019658329323140225,0.00098355312366035,0.00048840127419675,0.01971648537785925,0.019457375188247524,0.000678256968967525,0.00038940086960785,350.0,0.0022433152608526,0.00365015924961805,0.01511471324924095,0.014816775558318824,1.0,1.0,0.015183249747556325,0.014108103137298149,1.0,1.0,1.0,1.0,1.0,1.0,0.018300246040098826,0.019441475473842673,0.0,0.0
23,23.0,0.0052795347453927005,0.014818835878885876,0.0046180262979298,0.014873205246880425,0.00409017920643885,0.006297359921324575,0.0038853152598932,28.810486719768964,18.25683524069609,0.0889906057273037,0.0119543564601323,0.0024567655906778,0.012048707293126175,0.002484608970714025,0.019410232351799676,0.019639017997835725,0.00048567098565395,0.0008903869311324999,0.019394352120088977,0.01963206885159265,0.00044668099144467503,0.000409746018704,351.0,0.002259177865648725,0.003661778597175375,0.015113442729555726,0.014817546546503,1.0,1.0,0.015182981422017525,0.014110743814480676,1.0,1.0,1.0,1.0,1.0,1.0,0.01968536898209085,0.019441475473842673,0.0,0.0
24,24.0,0.0050100547996636,0.01449483768456955,0.0047805053196024,0.014672904574929325,0.0035159056940391752,0.006208957473804375,0.0038728095288628,23.72814895591,12.981213145307265,0.15084883326198903,0.0119405529351558,0.0024809640394202496,0.01230237458811265,0.002433091139119525,0.019297361000852574,0.019129617353247128,0.00086236174684015,0.00080069195246315,0.01937370193936655,0.019566360315926852,0.0006855694809927749,0.000433229259215225,400.0,0.0020079103682188503,0.003240733732415375,0.0149036893643179,0.014605825050701224,1.0,1.0,0.014997023351546426,0.01500090923717515,1.0,1.0,1.0,1.0,1.0,1.0,0.0192928006532381,0.019628311959004302,0.0,0.0
25,25.0,0.005034959465227425,0.01448668420155565,0.004778223115958475,0.014659126673351725,0.003280342896611925,0.006203531707270775,0.0038725707685601,11.558464668283705,9.859473678690849,0.09870944055728613,0.011946333187389725,0.0024984113210881,0.012297016235250476,0.002471654475642725,0.019279582190991976,0.019150842224250026,0.000520283763762525,0.000859492691233675,0.019281031304749976,0.01915047786396945,0.00068515958264465,0.0004484185483306,401.0,0.00202286788017855,0.00325256390069235,0.014955924489869874,0.01462891655318515,1.0,1.0,0.014923144535027324,0.015000613220141325,1.0,1.0,1.0,1.0,1.0,1.0,0.019292800653238174,0.019628311959004302,0.0,0.0
26,26.0,0.005024564913153025,0.014656854840918675,0.004587344005408475,0.01511003792182955,0.00308679852569535,0.00645307095461455,0.0038615550355533,15.039626306039281,24.02679239946883,0.04882987326709545,0.011937182536771425,0.0024702344057782,0.012219825746487376,0.00247542929194695,0.019638170986509475,0.0198838545391814,0.0005807919660583,0.00099766696803265,0.019527653873612452,0.01971570470528225,0.0005724567454308,0.0005689308163709,450.0,0.0018270608628615,0.0029166801451268,0.015007535170849925,0.014412205732833,1.0,1.0,0.0148574965169052,0.014443279639642675,1.0,1.0,1.0,1.0,1.0,1.0,0.0204889354553907,0.0200996877944012,0.0,0.0
27,27.0,0.005029081963949375,0.014653247560149824,0.004610842918819025,0.015084270915738525,0.0031836580704546497,0.0064565395020877245,0.0038613431008322,19.71301677712472,15.31889570778003,0.1709822384873405,0.0119726049099311,0.0024878582530723,0.0122593817735578,0.002473738092260925,0.019616450285556426,0.019872028703984627,0.00057580170687285,0.001115423045121125,0.019617178708231348,0.019864595881475225,0.000613094598520525,0.000564122106879875,451.0,0.00184026338604995,0.0029271955222831,0.015001940100680601,0.01444247109609885,1.0,1.0,0.01488969745472105,0.0144407905920776,1.0,1.0,1.0,1.0,1.0,1.0,0.02051112545115325,0.0200996877944012,0.0,0.0
28,28.0,0.0051992990708925255,0.01478266204339245,0.004855574724704375,0.0150929867805976,0.0033194580069537,0.0065318112377895495,0.0038515029010799,16.07080176024465,18.746367775136605,0.1444469692651182,0.011944484669368776,0.002448992726373025,0.01218294602354965,0.00248618591304285,0.02004311796784995,0.019865040375048174,0.00101776025258,0.001150307944044425,0.019761688997713953,0.019946589408342423,0.00063916703220455,0.0005897817900404251,500.0,0.0016771962786719,0.002656951582030775,0.015248396476836625,0.014683877593764025,1.0,1.0,0.014969749096234025,0.014529415691741925,1.0,1.0,1.0,1.0,1.0,1.0,0.021947919936650923,0.019563221433788875,0.0,0.0
29,29.0,0.005206421990421475,0.014777481095370675,0.00486306171460415,0.01507036142527745,0.0032941275445279496,0.006539601652539025,0.0038513124258614,16.243896570929792,20.160419266088866,0.10866354696918275,0.011933541762111775,0.0024523640728711,0.012171876841776825,0.00249321260735355,0.020019732371081,0.019848914294290275,0.0006404545274562999,0.0009364180150441251,0.0200226371967906,0.019848129667652075,0.000605551933404025,0.000596724508795825,501.0,0.001689139933700875,0.002667072904951225,0.015333830813717801,0.0146673133834807,1.0,1.0,0.0149641555241731,0.014512878553401075,1.0,1.0,1.0,1.0,1.0,1.0,0.021947919936650923,0.019622261642196125,0.0,0.0
30,30.0,0.004468511960814225,0.01476446012420385,0.00482048780892755,0.0150277177446349,0.0039445145134602505,0.0064707939494141,0.0038424231411701,25.51563537423499,22.370109153096564,0.0994951132452115,0.012459547881844349,0.002523465561347625,0.012408845982857124,0.0025108682350321503,0.019778343832017875,0.020368677132429076,0.000747267040423975,0.0011827386915683,0.0201513589803138,0.02002989593563775,0.0006443244637920999,0.0005726595409214249,550.0,0.0015542164239880502,0.002445167820872275,0.015177781300903975,0.014708581768151275,1.0,1.0,0.0149451790589377,0.01448504140363195,1.0,1.0,1.0,1.0,1.0,1.0,0.023411537326116127,0.019464462698980674,0.0,0.0
31,31.0,0.004467014560048076,0.014757780498114225,0.004819240707673475,0.01501481759382595,0.0039445145134602505,0.00647956677853805,0.0038422502186806,14.618520420393907,20.427207713830285,0.07485181745141743,0.0124593290245023,0.002526346388682825,0.01239666224664655,0.002510524094697975,0.01976620123685905,0.0203620404225974,0.0007182337576523,0.0009891430963762,0.019760292462529874,0.0203476144463734,0.0006196037866174999,0.000574662059079825,551.0,0.00156528533222375,0.00245464044999255,0.015147633814690576,0.01471591395484155,1.0,1.0,0.014946647364635125,0.01448545389798135,1.0,1.0,1.0,1.0,1.0,1.0,0.023411537326116127,0.019464462698980674,0.0,0.0
32,32.0,0.0048996263780854,0.01505954331264885,0.0048218886420419,0.015074114910247625,0.003329119202373775,0.00657788433772225,0.0038341458508257,19.04387229360873,16.994919801421926,0.22702002967707807,0.0123816680608664,0.00254355186050225,0.01246856741998565,0.0024732102022253753,0.01925841347962745,0.020645590052100947,0.000994977715890825,0.0010999161750078,0.019851247027052477,0.020446229796448973,0.0006783761200494249,0.00061946699861435,600.0,0.001454797287057425,0.002268966423419575,0.015168249079212624,0.014729966671542225,1.0,1.0,0.0146146873690187,0.01414314234759835,1.0,1.0,1.0,1.0,1.0,1.0,0.0235598992530062,0.02266560642058025,0.0,0.0
33,33.0,0.004845945121956875,0.015053231542549676,0.004821059967622075,0.015063087493456775,0.003329119202373775,0.0065765530689917,0.0038339875491093,15.658023427880835,22.883073441742454,0.18787228397559375,0.012373702022906174,0.0025412940434161747,0.012461243708640074,0.002476036157720675,0.019221703413475524,0.020630500780424374,0.000767209276091275,0.001612583990208725,0.01924400161234605,0.0206298002264119,0.0007689492776989249,0.000611898780334725,601.0,0.001465138567513425,0.00227796374264255,0.015169226576260075,0.014729158972033675,1.0,1.0,0.01462176773854085,0.0141438049390041,1.0,1.0,1.0,1.0,1.0,1.0,0.023500755166901,0.02266560642058025,0.0,0.0
34,34.0,0.0048679451275076505,0.01509982540591165,0.004939309018101075,0.0153065694314421,0.0041831647653044245,0.006291531320977475,0.0038265419716452,22.197192838939372,15.538187412254047,0.1467945033218711,0.012423456096559576,0.002565564857277925,0.012538379797410001,0.00251121575332545,0.019724782681560124,0.020614690981181877,0.0008401556988246001,0.00146559160202735,0.019560118719303923,0.02063902143978755,0.000760359922423875,0.0006947461515664751,650.0,0.001369207172730475,0.0021192187398526748,0.015037963236112225,0.014074958050622751,1.0,1.0,0.014329328113200175,0.013656183775572575,1.0,1.0,1.0,1.0,1.0,1.0,0.022746679454424823,0.023680661029700626,0.0,0.0
35,35.0,0.004867395752860449,0.015092542974650076,0.0049373287600011,0.015301819757920625,0.0041831647653044245,0.006311073280023425,0.003826396034584,19.03779478202341,16.56734513572883,0.1095331964315846,0.01241818526045135,0.00256347211044105,0.012530087884885424,0.00250976774362365,0.019573110720791324,0.02059818150323245,0.000899837003089475,0.0014720761100761,0.019811091086572752,0.020596300077981272,0.000741901982109925,0.000690807006321775,651.0,0.0013787663629633,0.002127709681025625,0.015036118535271849,0.014075507725823075,1.0,1.0,0.01423882910724155,0.013655949739972001,1.0,1.0,1.0,1.0,1.0,1.0,0.022746679454424823,0.02370888051523695,0.0,0.0
36,36.0,0.005280208850590225,0.015270932065381725,0.004801100381851026,0.015451834944552625,0.00355118927355415,0.0061285297184483,0.003819511182392,37.28890478791436,23.63936941267457,0.2157159019843675,0.012455828968265074,0.002540747744397725,0.012557634201714876,0.002521192235859625,0.019714173394429876,0.019785096344378025,0.0011816955520771249,0.00162637722678475,0.019641650403905926,0.020584400117266324,0.000823912792839025,0.000754946900997275,700.0,0.00130294551974725,0.0019908256249329,0.014134280793819076,0.014172245307778551,1.0,1.0,0.014684944598723024,0.013960511303508975,1.0,1.0,1.0,1.0,1.0,1.0,0.021923210114186,0.023321617658327576,0.0,0.0
37,37.0,0.0052639783741873,0.01525980748516355,0.004767042585780449,0.0154443462087168,0.00354789530991995,0.006132847421169775,0.0038193758370997,28.495379071333446,18.486095378757458,0.11102855682838705,0.012456376642838624,0.00257239153371255,0.012560783040076275,0.0025202093487738,0.019695633799351374,0.020526613245376125,0.0010224303696303749,0.00148894876474505,0.0196979739105378,0.019813372450999372,0.0008219294250011,0.00076884438749395,701.0,0.001311966620383,0.00199885334953385,0.01398601141035105,0.014611054320582675,1.0,1.0,0.014683539678952275,0.013969330496006025,1.0,1.0,1.0,1.0,1.0,1.0,0.0219519490224146,0.023321617658327576,0.0,0.0
38,38.0,0.0057483595894962745,0.01546824619779835,0.0050409104583433,0.01537243073648605,0.004237472854929675,0.00634299861418455,0.0038129739655716,27.86035945086041,22.929567282088097,0.06494030018802724,0.01239024517798495,0.00250229597865675,0.0125510826209048,0.0025695373158576,0.020123873102002324,0.019998741258338126,0.000958547869231475,0.001360419031698225,0.019634254427379524,0.020589715475971024,0.000808391952887125,0.00079528946662315,750.0,0.00124439358130135,0.0018784889003692251,0.014383218481796375,0.0143894878231617,1.0,1.0,0.014851379982343175,0.013447940218322024,1.0,1.0,1.0,1.0,1.0,1.0,0.022859546978887525,0.02373675223355595,0.0,0.0
39,39.0,0.0057245298098848995,0.01545052023896855,0.005037667005029301,0.01536740743460715,0.004256412502730925,0.00634879724469265,0.0038128477937835,28.24132616253337,24.692490458837714,0.09046659379964687,0.01238336288731705,0.002499836314647,0.012545662317355277,0.0025692484157130253,0.020109755366739375,0.019989241572111828,0.0009803529246709501,0.0013131938176229,0.020109889082442822,0.019989081853473274,0.000814979488495675,0.000773534527979725,751.0,0.0012528475359573,0.0018861446621604749,0.014386530374641576,0.014385143318265275,1.0,1.0,0.014856664135012175,0.01345022001011155,1.0,1.0,1.0,1.0,1.0,1.0,0.0227882418611563,0.02373675223355595,0.0,0.0
40,40.0,0.005922596332228325,0.015331448976434575,0.0047075107529603,0.015306675286632826,0.0041699464969310995,0.006302848159238525,0.0038068662336609,26.691124429285995,19.97749251202913,0.15686648734845215,0.01233774380762525,0.002559542493069925,0.012739656278927775,0.00259283459086255,0.020423309445168476,0.02007643571287155,0.001037375419400575,0.0012045732582919,0.020259748893943802,0.019949913161639923,0.0008946120506152,0.000819257111288575,800.0,0.001203453559142175,0.00178073310705945,0.01441088959875185,0.014479030879312575,1.0,1.0,0.014905454913855726,0.013632820363524,1.0,1.0,1.0,1.0,1.0,1.0,0.022671354582474625,0.0235467365447341,0.0,0.0
41,41.0,0.005911661052894425,0.015325846582742424,0.004703934633191625,0.015348886357321425,0.004179945946068,0.0062985907195285,0.0038067480832063,25.851157843659166,23.080804398807228,0.0786860061343759,0.01233654518173355,0.00255972904211555,0.012738010591116924,0.0025917228158848,0.02042869216024905,0.020075764916351026,0.00098803511355065,0.0015776098007335999,0.020417709726026398,0.020075059625319774,0.000961447891313525,0.000821617140900325,801.0,0.0012114147971499,0.00178796524160155,0.014413167161250101,0.01450483502778535,1.0,1.0,0.01491956562726935,0.013630857907107425,1.0,1.0,1.0,1.0,1.0,1.0,0.022617109976371823,0.0235467365447341,0.0,0.0
42,42.0,0.006094309077415625,0.0153676862631458,0.0053149511886374755,0.01519973483780555,0.004140398133230275,0.0062288956304872006,0.003801135584262,20.208501060318667,18.275616236729547,0.0743678351864218,0.012408625372748725,0.00250371727962675,0.012932841393288574,0.00258117312981365,0.020165557002013723,0.019766449206822526,0.0010991899762302,0.0016156372730619499,0.020492480496600872,0.019917731177787126,0.00095409294590345,0.000859205261804075,850.0,0.001154381133554025,0.001695125876115,0.014357262592732626,0.0142941620583228,1.0,1.0,0.014645177806501024,0.013582154860504524,1.0,1.0,1.0,1.0,1.0,1.0,0.022741538823910223,0.0234131786563626,0.0,0.0
43,43.0,0.0060926785264329,0.015379798190036424,0.0052360308088561,0.015205200518146774,0.004140398133230275,0.006225816479525,0.0038010245065157,26.234653343155514,16.15887519333046,0.13263263052795077,0.012406936353604325,0.0025021619861414998,0.01293802849097115,0.0025718311527240497,0.02004591170835245,0.019755509784043973,0.0010793579858726999,0.001531027141027125,0.020273585875597577,0.01975551438368195,0.000919340120162775,0.000859869469422825,851.0,0.001161941534398575,0.0017020418363999999,0.014430504581891126,0.013872881280789975,1.0,1.0,0.0148362008793801,0.01343559183667125,1.0,1.0,1.0,1.0,1.0,1.0,0.022741538823910223,0.0234131786563626,0.0,0.0
44,44.0,0.0051598213667403,0.01539766038279285,0.0060050558285862,0.015311201594687875,0.003988441331671525,0.006239054447952575,0.0037957386256863,22.96550873288652,20.734756932011805,0.09249125112546605,0.012436662349699175,0.0024975691855437503,0.013022595937964425,0.002583761985469975,0.019745544511903627,0.01965426858828295,0.001288160565309175,0.001620864670257975,0.01997917980615165,0.019728034971948,0.00103871943429105,0.00098087475635105,900.0,0.00110731519151415,0.0016176355308203001,0.01436865763214265,0.013374768470083724,1.0,1.0,0.014817072975320675,0.01347481319634695,1.0,1.0,1.0,1.0,1.0,1.0,0.023076192012740603,0.023284687336597873,0.0,0.0
45,45.0,0.0051595505722911,0.015392400384251576,0.006010412556563,0.0152879366389792,0.003952289278916125,0.006237644312435425,0.0037956338303629,22.855035893560853,18.581482139299624,0.1333178092609159,0.012432214773703725,0.00249701616616145,0.013030067252652676,0.00258200367830515,0.019779253038318248,0.019644149924096924,0.001170202915091025,0.0017110222252085501,0.019733425051751775,0.019643979670198097,0.00099950016010545,0.00093780783936375,901.0,0.0011144952956384248,0.0016242296099114,0.014372141914362875,0.0133788407273671,1.0,1.0,0.01481616224658705,0.013480433571831275,1.0,1.0,1.0,1.0,1.0,1.0,0.022899763033628676,0.023284687336597873,0.0,0.0
46,46.0,0.005222361006075225,0.0153522845539662,0.0059651488281787755,0.01532343621175795,0.0038422797449827253,0.006230321655548526,0.0037906390257704,15.170131658785978,19.202914997644257,0.10205381683772426,0.01251521683777705,0.002472883898620975,0.013257924030462526,0.0026456908342269003,0.01998583392884595,0.019545679290153252,0.0012124255881644501,0.0017604672466403999,0.019976634641344023,0.019589163595848752,0.001160870655439725,0.001013930595945525,950.0,0.00106598435346325,0.001548487290531725,0.014173746938653625,0.0139853672231024,1.0,1.0,0.014672589765584025,0.0138208138120269,1.0,1.0,1.0,1.0,1.0,1.0,0.0230604817743154,0.0231529790007315,0.0,0.0
47,47.0,0.005222280032758475,0.015349033820457651,0.00596414059717725,0.015324181744685,0.0038486102603064003,0.006227750997510675,0.0037905398475972,17.565332099213265,25.64044827071484,0.060023722588084624,0.012511235247498226,0.002471233127454675,0.013254011289099251,0.00264348704727505,0.019978006843378474,0.019545844206435424,0.0014645782648585,0.001767224806826475,0.019976475522420302,0.019536008762012003,0.001190585491713075,0.0010833154083229,951.0,0.0010728421530102998,0.001554834155432725,0.014172559884963826,0.013991552452191351,1.0,1.0,0.014672995073133325,0.0138223998045085,1.0,1.0,1.0,1.0,1.0,1.0,0.0230604817743154,0.0231529790007315,0.0,0.0
48,48.0,0.00528462842693125,0.01542948070757455,0.0059456923983826,0.01542384851761665,0.004335108238502375,0.00642065947389565,0.0037858060613506,16.572645808802918,29.625904397573322,0.15037512191338462,0.01248479764641585,0.002471566826495725,0.01327474687667815,0.002648895031729025,0.0200537464988221,0.019737002144161648,0.0016218994860537,0.0019868874805979,0.0200078930366408,0.019518301314345177,0.001152190496213675,0.00107016303809355,1000.0,0.00103182168691025,0.0014865102190016,0.0141928151258395,0.013957023968692726,1.0,1.0,0.014830504245036725,0.01392799731477915,1.0,1.0,1.0,1.0,1.0,1.0,0.023369390193606576,0.022597269470698674,0.0,0.0
49,49.0,0.005315067430890325,0.015422625410552199,0.005637345067463225,0.01547452704641275,0.004335108238502375,0.0064246317630595,0.0037857119350624,17.968242966395337,27.689477553300097,0.09225667861755935,0.012482870872406925,0.0024719498608975496,0.01330877898478905,0.00264789166787355,0.02004927758228365,0.019743878225589925,0.0012256128829903749,0.0018477797275408751,0.020049288206703174,0.01976194616445605,0.001132875564508075,0.00105930777499445,1001.0,0.00103836659787335,0.001492554978959325,0.014274566893721374,0.0139722014155415,1.0,1.0,0.01483527472205935,0.01391289101380635,1.0,1.0,1.0,1.0,1.0,1.0,0.023369390193606576,0.022597269470698674,0.0,0.0
50,50.0,0.0050626442498605,0.015313704104470575,0.00507069590449965,0.01540553686579385,0.00437975826380675,0.006442968183996424,0.00378121352182,17.47670023381943,19.52365749602905,0.060825818160083124,0.012488499538154575,0.002465740509188675,0.013522346495827899,0.00269826725117315,0.0208605842896595,0.019951289119227826,0.0013793886755592499,0.00109978800173845,0.020072788497284,0.019768463575705247,0.001071478007361225,0.0010711330105550249,1050.0,0.000997576627538275,0.001430219022926625,0.014603876538446225,0.013688904391318299,1.0,1.0,0.014823444503205226,0.013979277370653626,1.0,1.0,1.0,1.0,1.0,1.0,0.0236601032142693,0.023145505133660926,0.0,0.0
51,51.0,0.0050618462571773,0.01530911445013835,0.00506972447780245,0.0154006372824625,0.00437975826380675,0.00643934582791825,0.0037811239631032,20.288233053695876,23.17830716841854,0.052695591293740976,0.0124892204203581,0.002465802177179525,0.013525129013908649,0.0027076687190783,0.02113561533030835,0.019942155430383177,0.0013608489534816999,0.0010883246432058,0.020895730029631875,0.0199421137510498,0.001088332617655375,0.00105702085420485,1051.0,0.00100382583850315,0.0014360050797600499,0.014604943118839225,0.013688468924307026,1.0,1.0,0.014825632664485125,0.014047744726552451,1.0,1.0,1.0,1.0,1.0,1.0,0.0236601032142693,0.023145505133660926,0.0,0.0
52,52.0,0.004707978254430775,0.015462363938740075,0.005651431491414875,0.0154264988853323,0.00452885512196515,0.006574676733650475,0.0037768388679193,25.543532905750908,24.230101392546207,0.0809364083688706,0.012511180038082725,0.002490768381019775,0.01359788133132575,0.002724958075280275,0.02139327394054185,0.019662505991245426,0.0013924161321483249,0.001110232202336125,0.0211295311290992,0.019930294298988925,0.00113983062328765,0.0011215155827812,1100.0,0.00099693488826005,0.0013789255613489751,0.01428164909996135,0.014002719753157776,1.0,1.0,0.015510895281207774,0.0140183564001355,1.0,1.0,1.0,1.0,1.0,1.0,0.023129143416913522,0.023027394055341273,0.0,0.0
53,53.0,0.0047066778271531,0.015456639613047725,0.005650971498872051,0.015422539116382824,0.00452885512196515,0.006580075858241075,0.0037767534586832,18.97507325455081,19.19344961317256,0.05159604892833155,0.012513196596809599,0.0024936106350608002,0.0135976362546736,0.002725058646140025,0.021384689503434702,0.01982709478017525,0.0013917088508605749,0.0011480172397568499,0.021384540215388624,0.01965390462771945,0.0011600471916608,0.001132085570134175,1101.0,0.00100287608355725,0.0013845241176491,0.014351131400082975,0.01400178640578275,1.0,1.0,0.015481209421380574,0.01401904835237925,1.0,1.0,1.0,1.0,1.0,1.0,0.023129143416913522,0.023027394055341273,0.0,0.0
54,54.0,0.004499683623435725,0.015551945822329926,0.005345600917193175,0.01533829443391455,0.0043098136890183,0.0066836540924299255,0.0037726625776646,27.71398887393298,20.97516296192771,0.050463716208469074,0.01262500600180265,0.0025424799504107,0.0137731838405629,0.002761948042957375,0.021498904264543876,0.019686519975193776,0.001476116536650775,0.0011649662628769749,0.021413415494718875,0.019915073338391476,0.001142927329055925,0.001144203008152525,1150.0,0.0009684011399894001,0.001331931537641925,0.01400188121672245,0.01417544956162895,1.0,1.0,0.015804390854393325,0.0144145858273465,1.0,1.0,1.0,1.0,1.0,1.0,0.0221500008932063,0.022735990488934602,0.0,0.0
55,55.0,0.0044999768541447,0.015547651909672949,0.005205569059311125,0.01533489866468105,0.0043098136890183,0.006681105795992175,0.0037725809545145,31.653427119599655,18.101867679157294,0.0777737407479435,0.0126252944935302,0.0025452379903222002,0.013778773226143801,0.0027615541895177247,0.021483776845865325,0.019678077155867425,0.00155307393288235,0.00119028618792065,0.021495100454277726,0.019680348306070326,0.00118568551260975,0.001161141262855325,1151.0,0.0009741147964106,0.001337325138905325,0.014000192935458924,0.014175955352333,1.0,1.0,0.015799554565558826,0.01440587159407005,1.0,1.0,1.0,1.0,1.0,1.0,0.022149014927613175,0.022735990488934602,0.0,0.0
56,56.0,0.003025058276029025,0.015319922158707625,0.00510861317904965,0.01537721164171945,0.0043670283348322255,0.006602995543901425,0.0037686676316081,15.937801168125588,18.90150583581999,0.06932292162673542,0.012608661268059774,0.0025251244246765753,0.014043924976398,0.0027646935866864498,0.0217774510554543,0.0198294827796952,0.00401399930706245,0.0012702854583039,0.0214160767128258,0.01965411993645135,0.001227723318152125,0.0012079728767275,1200.0,0.00094786032269865,0.00128872620429215,0.014750471656557275,0.0130960480156993,1.0,1.0,0.016971562521888073,0.015596385413167525,1.0,1.0,1.0,1.0,1.0,1.0,0.022789827449354975,0.022573984805650548,0.0,0.0
57,57.0,0.0030995445352966253,0.015351151622697099,0.004903174152655201,0.01537290631155025,0.0043670283348322255,0.0066228256799443245,0.0037685894767186,31.31041804724373,15.807628485606983,0.0535244270577095,0.012603996700120999,0.0025246320857636,0.0140580133185398,0.00276422720499015,0.02178114633914385,0.019851662420343252,0.0015095664421095499,0.00122103304602205,0.0217787354943897,0.0198507842258193,0.0012159032630734,0.001205605454742875,1201.0,0.0009533268401464,0.0012939135232367001,0.01474859311521335,0.0130838079111356,1.0,1.0,0.0168948863155928,0.015255092352570025,1.0,1.0,1.0,1.0,1.0,1.0,0.02285612080710005,0.022573984805650548,0.0,0.0
58,58.0,0.00255125158110495,0.015638196738264176,0.0050947518841248755,0.015293264027167925,0.00446388201053535,0.006568817594383649,0.0037649141307213,27.683152297395285,17.354096323950216,0.16090449248440564,0.012577192183871325,0.002520910398184325,0.014140830762643225,0.0027649455678816,0.023116206631076424,0.01965132268134965,0.001503197127021825,0.0012339653912931,0.02173997747513285,0.019955887174672428,0.001230677939020025,0.001225418003741575,1249.0,0.000960597307490625,0.001251508324525625,0.013945624773759425,0.012908800047257349,1.0,1.0,0.018027029869158526,0.017907374782073476,1.0,1.0,1.0,1.0,1.0,1.0,0.02279308369570725,0.02186228048975355,0.0,0.0
59,59.0,0.002551031567850675,0.01563192199232035,0.005094483327802875,0.015289729455713675,0.00446388201053535,0.006566985421908725,0.0037648391032838,27.560696723114237,22.820546713075597,0.08956222172128035,0.01257475413773215,0.0025198542202783253,0.014141682580096725,0.0027671291338745747,0.023135107548022175,0.019660496457385598,0.001615916728041975,0.001264720805920625,0.023111912290269824,0.019667940652945876,0.0013342907186596749,0.0012590305414050252,1250.0,0.0009658981390193001,0.001256557277122625,0.013872983406826526,0.012903600729184525,1.0,1.0,0.018025065337437973,0.01793034609814425,1.0,1.0,1.0,1.0,1.0,1.0,0.022793083695707227,0.02186228048975355,0.0,0.0
60,60.0,0.002608003446714125,0.0156274646018209,0.005094244261723525,0.015287773853148074,0.00445255772442695,0.006565156166905925,0.0037647641370986,24.821342486073263,21.006320758024234,0.0442712421063333,0.0125772824537015,0.0025188642227489248,0.014136684064266474,0.0027664855252248753,0.023125150357750625,0.019670425888512325,0.0016665966250002,0.0012879879213869249,0.02312819730430595,0.019669464443463375,0.0012468054774217,0.001243393693584925,1251.0,0.0009711669251565249,0.001261557533102625,0.014066095326799175,0.0129094100888786,1.0,1.0,0.0180228466506578,0.017927093577128277,1.0,1.0,1.0,1.0,1.0,1.0,0.02291436038458115,0.02186228048975355,0.0,0.0
61,61.0,0.0025797886489766003,0.015262606098773574,0.00498059520008095,0.015133041509858126,0.004535707396890375,0.00647740016616215,0.0037611638300734,22.222378463251516,19.63993173756171,0.0595927396207116,0.012542907837518175,0.0025300980288435002,0.014243185472000425,0.002809121103377125,0.02344658369117775,0.01973141247394925,0.0017278773593716,0.00135601888177915,0.023236759746260924,0.019778486146244324,0.0013911658315919001,0.00134214875288305,1300.0,0.000958410002013125,0.001219843134405925,0.01378049713944315,0.01292019141396875,1.0,1.0,0.017884328973857798,0.017929803813074276,1.0,1.0,1.0,1.0,1.0,1.0,0.02136510571955955,0.021833544360878327,0.0,0.0
62,62.0,0.002615153273536225,0.01525751665269175,0.004980351629117925,0.015101122088927676,0.004535707396890375,0.006461530288739725,0.0037610918054085,19.791390066733584,22.43533683847636,0.041597549105063025,0.012548727151219475,0.002545865203146075,0.014236613845619774,0.00277762052230325,0.0234412520266945,0.0197278880050656,0.0018001497373915751,0.00137500657001505,0.023433356566093702,0.019723207991758626,0.00137557630660005,0.001384261529892625,1301.0,0.000963430236217275,0.00122465431587535,0.013777777424742274,0.012920833891147,1.0,1.0,0.01751547820552575,0.017656084197483726,1.0,1.0,1.0,1.0,1.0,1.0,0.0211716505772107,0.0219286671352189,0.0,0.0
63,63.0,0.00138695620958165,0.0150104043521119,0.004958172803789425,0.015047982459256325,0.0045520713604797,0.00656761570904985,0.0037576301462664,24.081052834750153,15.295200962515082,0.06779721740167582,0.0125551348520627,0.0025401843858976004,0.01431267536292885,0.002781028539396925,0.0234804772100147,0.0197908049160245,0.00178352912189435,0.00141829909989605,0.023389562234530377,0.0198041303289422,0.0014086689916438999,0.0013909380068070749,1350.0,0.000933917350264225,0.001185732576440425,0.014387180796646101,0.013350569236412375,1.0,1.0,0.017635766527308798,0.018495694492938725,1.0,0.75,1.0,1.0,1.0,1.0,0.019387810555151173,0.0211998754672455,0.0,0.0
64,64.0,0.001258818504767725,0.015004667499705526,0.00495792305799375,0.015044313406865024,0.0045520713604797,0.006565825013076475,0.0037575608435061,22.56790571665624,19.207452411879785,0.046160681114997645,0.012550996062081675,0.0025402936818857,0.014308298913161951,0.002785043921282975,0.023476932232453125,0.019784132936194722,0.0017304999637417,0.00144502322655165,0.02348637575784315,0.0197828348131954,0.0014316982706077,0.001398821361362925,1351.0,0.0009387759877340499,0.0011903902038844,0.014387934776213775,0.01335259714264235,1.0,1.0,0.0176378740345242,0.0185412213489049,1.0,0.75,1.0,1.0,1.0,1.0,0.019387918154189103,0.021199875467245527,0.0,0.0
65,65.0,0.000370857151247,0.0147816527448853,0.00513990441409535,0.01506045237945755,0.004727431451870025,0.006545455077295275,0.0037542276647335,36.6464571369579,10.559136710246094,0.07013469323283057,0.01258398886298125,0.002542759399806575,0.0142995825179679,0.0027953512203667,0.023514145825307753,0.01956451156353765,0.001913002284709325,0.0014827210688963001,0.02356427100865485,0.0197250975359479,0.00153658626368265,0.0014783565420657,1400.0,0.000911865365453925,0.001154422636183925,0.013348504685631951,0.01384888772457245,1.0,1.0,0.018723015008483973,0.01892521241422615,1.0,0.75,1.0,1.0,1.0,1.0,0.020045939736876198,0.022014750219107027,0.0,0.0
66,66.0,0.00104599107067155,0.014806400726685251,0.005183285806102025,0.015057530108219624,0.00472980137676355,0.006538831754971049,0.0037541608878848,32.250991901382804,13.243588665674906,0.0811054813675582,0.01258182086666145,0.002543590145725525,0.0143201504275208,0.002792389712728625,0.02352323740702685,0.019571281576404625,0.001958014734554975,0.0014517287490889,0.0235106535451878,0.019577604460745576,0.001497151330113375,0.001461286505218575,1401.0,0.0009165658055776,0.00115904045365935,0.0133388275842749,0.013844131121686025,1.0,1.0,0.018733539889450403,0.018938097930250447,1.0,0.75,1.0,1.0,1.0,1.0,0.020045939736876198,0.022014750219107027,0.0,0.0
67,67.0,0.0009565377136539,0.014430077995649774,0.0054328972758733,0.015132405432436375,0.00489178400208915,0.0065815513338501755,0.0037509470969681,25.11037737719016,9.579186431772541,0.11168112145969637,0.012586258818392424,0.002521903269049475,0.014322098724374899,0.002858130229810325,0.02364617608951065,0.01956959214606285,0.002389845845755125,0.001537591451778975,0.023477582666350527,0.019681345724439577,0.001523568411357675,0.00149249151581895,1450.0,0.000913124595222825,0.001126414285153325,0.01338406855083005,0.013850486679883176,1.0,1.0,0.0188609535654728,0.018923598127850726,0.75,0.75,1.0,1.0,1.0,1.0,0.021018915108792773,0.021935651009445924,0.0,0.0
68,68.0,0.001027846212210875,0.014423293677871426,0.005451541250408275,0.015152577035007926,0.004790939500455525,0.0065820875118517,0.003750882670396,23.91995890019462,10.867049140157178,0.0488844563951715,0.012585192556856025,0.00252423685570865,0.0143211903809334,0.00281269853844085,0.023672867914024575,0.019563079655349102,0.0019648123998194248,0.001511986542027425,0.023634157520831325,0.0195634316393514,0.00153839658014475,0.00149733736179765,1451.0,0.0009176587341819999,0.001130822985392175,0.0133826251133489,0.0138458007904112,1.0,1.0,0.018861076912053173,0.018920424816690422,1.0,0.0,1.0,1.0,1.0,1.0,0.021193636400278423,0.022172251451683403,0.0,0.0
69,69.0,-2.9785442711100893e-05,0.0146856193485345,0.005462388827305,0.015213296794114074,0.0048625116655029,0.0065839257814751,0.0037478423803773,30.807781063427683,9.9033282235614,0.07142644870327784,0.012609646287765525,0.00252092288002125,0.01455737774293115,0.00277376053444165,0.024146756020060625,0.0195498530270703,0.0019873400451615,0.00157518411288035,0.0237212522108058,0.0196241653319596,0.0015872897347435,0.0015378833049907998,1499.0,0.000893583238126725,0.001101034179835675,0.01356944676460075,0.0138598084657881,1.0,1.0,0.01968798537664235,0.01871998121087495,0.75,0.0,1.0,1.0,1.0,1.0,0.0217724743679047,0.021598948268331773,0.0,0.0
70,70.0,-3.3560048561861594e-05,0.01465650128324005,0.005433108274323225,0.015209888175531225,0.004888013088287475,0.0065927331126481754,0.0037477801036844,24.848777716804765,10.542276562599,0.056521615362726076,0.012608252776145624,0.002519769903133375,0.014554858442113424,0.002773818947980075,0.024150673620533525,0.019553252865341,0.00190006510820235,0.00155553693184625,0.0241636937601643,0.019547279943600553,0.001573252608068275,0.00155982392607255,1500.0,0.000897987741287275,0.001105290136151175,0.013569836714286226,0.013864937935000075,1.0,1.0,0.019557013585720776,0.018676638853185126,0.75,0.0,1.0,1.0,1.0,1.0,0.021710969211640903,0.021598948268331773,0.0,0.0
71,71.0,-4.15796224723157e-05,0.014673818987186876,0.005419499113657951,0.015206877113045825,0.004888013088287475,0.006590350146461175,0.0037477178693914,29.938287574681453,10.742172056983692,0.06870738475117825,0.012606375404342675,0.002518436192443625,0.0145539896496815,0.002772159629756025,0.0241398191249392,0.01955186212719275,0.001973892503883675,0.0015697074122726748,0.024138755891262374,0.01954720770019975,0.001556918956339325,0.001549119711853525,1501.0,0.000902397172104175,0.00110955181681575,0.01357022581295145,0.013873646811272875,1.0,1.0,0.019557851131134674,0.018675134005892675,0.75,0.0,1.0,1.0,1.0,1.0,0.02171096921164075,0.021607016095187073,0.0,0.0
72,72.0,-0.000454191616296175,0.01442392366834705,0.005318301535510574,0.015118421964643601,0.0049064747678021,0.006675846525566326,0.0037447191699531,36.4687550511444,11.451897993450984,0.050908635021187296,0.012593476030439575,0.002529487343405275,0.0145107119658283,0.002782921291919675,0.0239529132229763,0.019491566673688676,0.002062819607090175,0.001575233240146175,0.02402925957430815,0.019522314587461224,0.0015868916525505251,0.001549548818729725,1550.0,0.0008951783748011,0.0010791128944647,0.014144534448311924,0.01384723233091865,1.0,1.0,0.0194801187869768,0.018385331632473877,0.75,0.0,1.0,1.0,1.0,1.0,0.0217866303963706,0.0223536846385957,0.0,0.0
73,73.0,-0.000464729896274675,0.014418508457024101,0.005318307331057475,0.015116041836004875,0.0049064747678021,0.00667476931398495,0.0037446589852985,36.87379836442415,12.885244989243802,0.0356388353393413,0.012594133197423375,0.002528773992556925,0.0145093516572237,0.002781804626562725,0.023943256679166025,0.019486113067693253,0.001980458328034675,0.001639441412407825,0.023941109274736073,0.019486148218180274,0.00164760247571385,0.00154428486712275,1551.0,0.000899423981978475,0.001083231435814425,0.01414466477835875,0.013847504480884275,1.0,1.0,0.019454414209630875,0.018357727687171376,0.75,0.0,1.0,1.0,1.0,1.0,0.0217866303963706,0.0223536846385957,0.0,0.0
74,74.0,-0.00035631918420484996,0.014355165263292525,0.005287437296503024,0.015110485282668625,0.004824623774027625,0.0064702087265876,0.0037417575001959,47.19651861500461,11.639204641396645,0.05603085795883085,0.012586361192257974,0.0025194341751769997,0.014588792061632926,0.00280714652212915,0.023942343540020852,0.019553254641235147,0.0021459885756485,0.001639051421079775,0.0239343741968213,0.01942774411047,0.001717761449981425,0.00157643645070485,1600.0,0.00087665901427215,0.0010547910683425749,0.01410724063688695,0.013844069506774775,1.0,1.0,0.019096197669123252,0.0184428872765457,0.0,0.0,1.0,1.0,1.0,1.0,0.021837027723280975,0.02264954126322655,0.0,0.0
75,75.0,-0.00035705626262269997,0.014350147826180274,0.00528729347557545,0.01510847426725405,0.004824623774027575,0.006468957322553625,0.0037416992359715,43.78798127151095,12.336528725922106,0.03550425224239,0.0125874800237215,0.0025209389660396002,0.014593622746087324,0.002806506016079375,0.02393559612326955,0.01955785464905585,0.00197506760014215,0.001811375084798775,0.023930934067301225,0.019547203646691373,0.0017025972483679,0.001565646380186025,1601.0,0.00088081527772765,0.0010587971722798252,0.014105444568174525,0.01384001663535005,1.0,1.0,0.019098361316892874,0.018444816967772674,0.0,0.0,1.0,1.0,1.0,1.0,0.021837027723280975,0.02264954126322655,0.0,0.0
76,76.0,-0.0006744105712894,0.014169810831367575,0.0052831400591924,0.01509883087274345,0.0048196151215657256,0.0064605890780299255,0.0037388889293678,20.77543894166593,11.055457278795075,0.05085173196857795,0.012586340446429676,0.002526828788975925,0.014655973351825525,0.0028610249240677748,0.0241153308543113,0.01947028069012745,0.002151688328012775,0.00203788105864075,0.023908307697652224,0.0194919498603652,0.00178172718733545,0.0016128989518619501,1650.0,0.000859257389072125,0.00103193144707135,0.014309644621271048,0.013758479810897924,1.0,1.0,0.018976208135648626,0.018684531115332425,0.75,0.0,1.0,1.0,1.0,1.0,0.02165180041599045,0.022705528185752298,0.0,0.0
77,77.0,-0.0006517903630614251,0.014193265970980976,0.00528320922080845,0.015114815660090274,0.00480651510432125,0.0064593536774907,0.0037388324681656,19.32414569176035,10.400574540835803,0.0527370848576538,0.0125852969522515,0.0025260836969352002,0.014655551705673625,0.002858968757254575,0.024103825413885803,0.019488605106978977,0.002163912460673575,0.00207186280749735,0.0241071518647584,0.019467951085966877,0.00178096501622345,0.001628134108614125,1651.0,0.0008632548030138749,0.001035867921041075,0.01432327727786835,0.013758872608395575,1.0,1.0,0.018986282503592723,0.018695084518864126,0.75,0.0,1.0,1.0,1.0,1.0,0.021758901702531072,0.022705528185752298,0.0,0.0
78,78.0,-0.000499161468348625,0.014060192523386875,0.005130317139939825,0.015125959503588601,0.0047527375311934,0.00657569712418235,0.0037361078474235,53.90202409256017,12.287915603315923,0.04502410395070908,0.0125978143486959,0.0025443919556192,0.01471200546174585,0.002857194749961025,0.0240425255275205,0.019548453338359577,0.002332998381461925,0.00237073935568325,0.024234067664082076,0.01948273632351035,0.0018476921250112,0.00168640917399895,1700.0,0.000843066799331775,0.001010635460893425,0.014260209746911225,0.013226892122939425,1.0,1.0,0.019298265322684475,0.0182887640726898,0.75,0.0,1.0,1.0,1.0,1.0,0.0224609807961835,0.022626543624532824,0.0,0.0
79,79.0,-0.000498703617191,0.01405992477425005,0.005119823527359225,0.015130164324619676,0.004744905858392275,0.0065725618656885506,0.0037360530822436,55.82277705025626,10.878253760223743,0.02478992071701205,0.012596381441853625,0.0025434744341395503,0.014709182812063425,0.0028563824541933,0.0240403663760063,0.019548780341667675,0.002214809355791625,0.00210633093956855,0.024048416245661425,0.0195436209291866,0.00180267967516555,0.00168345216661685,1701.0,0.000846957329155025,0.0010144317233247001,0.0142607529780211,0.01323625020710385,1.0,1.0,0.019298999265616498,0.018279045726269774,0.75,0.0,1.0,1.0,1.0,1.0,0.0224609807961835,0.0225919714264393,0.0,0.0
80,80.0,-0.00033512342882682496,0.0141067910924901,0.0050588277227039,0.015179763845665224,0.004713970914310425,0.006522870245008925,0.0037334623327567,43.61137402593158,12.040568885509858,0.027245352917816476,0.01258918348770155,0.002549196521124775,0.014728063942802551,0.00285117345871885,0.024218565574662475,0.019501346941887973,0.002214043575804625,0.0019572552409954,0.024044105011002327,0.01962418352798875,0.0018136074650101,0.001712794881314,1749.0,0.0008281373342835,0.000990902018730725,0.01419825708540005,0.013293170605705024,1.0,1.0,0.018510886176191774,0.017515797185343976,0.75,0.0,1.0,1.0,1.0,1.0,0.02197706600721595,0.0217818747529671,0.0,0.0
81,81.0,-0.000335128370473675,0.014141008330530901,0.005065793918551675,0.01518778078654195,0.004713970914310425,0.0065214811864811005,0.0037334091347539,44.198827266518485,12.773799891001545,0.0758125071297399,0.012601090232330275,0.0025472150616237246,0.014738224336571574,0.002857839178678,0.02420990047768735,0.019501458701112473,0.00222137576201925,0.002026335801929225,0.024207928466930526,0.0195050575900699,0.0018056881963275,0.0017255914281122,1750.0,0.0008319190900016749,0.00099459479993395,0.014198631096276825,0.013285665195357774,1.0,1.0,0.018511085414959973,0.017748715360684578,0.0,0.0,1.0,1.0,1.0,1.0,0.02197706600721595,0.021770568650982376,0.0,0.0
82,82.0,-0.00032691452733735,0.014154644004628202,0.0050647398086981,0.015187522779240825,0.004713970914310425,0.006520093710024475,0.0037333559678121,26.662783915817272,10.693189552228434,0.05226083222078158,0.012602965266384675,0.002549511066801225,0.014737578489984651,0.002857720845083225,0.0242271490739042,0.019496724950791276,0.002215558255556925,0.00216821522917595,0.024224150756935476,0.019496749792733026,0.001862501725554425,0.0017220543813891251,1751.0,0.0008356961231717999,0.000998276480367975,0.01420495920449145,0.0132856361005881,1.0,1.0,0.018511408883672725,0.01753103344188685,0.0,0.0,1.0,1.0,1.0,1.0,0.02197706600721595,0.021770568650982376,0.0,0.0
83,83.0,-0.000219657965729725,0.0140787669135485,0.0050405786421649995,0.01514503179116365,0.004710417860847575,0.006623135310572676,0.0037307881067379,29.819311682484113,12.67207922344096,0.055698409269098095,0.012607284689641125,0.0025528342766996,0.014758400469932875,0.002854333011351325,0.0237141671745504,0.019576862170507074,0.0023834636667742753,0.002148298663087125,0.02415946950623285,0.0195450181651851,0.00196882983436805,0.001887177466414825,1800.0,0.0008362916253956501,0.0009754770607116,0.014210633960677075,0.013302689324333102,1.0,1.0,0.018808522592355024,0.017987392507795248,0.75,0.0,1.0,1.0,1.0,1.0,0.022184171136196824,0.021861898402208153,0.0,0.0
84,84.0,-0.0002071141996709,0.01405426362330995,0.005025988308736001,0.015154433729256475,0.004791446479945101,0.00664292465779605,0.0037307364484386,46.815727660781704,8.37012645235518,0.031177480588667053,0.0126078740054779,0.0025547199992730753,0.014775376502777375,0.002955912191680875,0.023756261887788125,0.019580400457570726,0.00238785130204625,0.001990194898098675,0.023756715073364798,0.019572914034545273,0.00201559101697055,0.0018908309284597,1801.0,0.00083997111285305,0.0009790970842782,0.01421066135267285,0.013315695369364975,1.0,1.0,0.018809252161496225,0.017934174321354825,0.0,0.0,1.0,1.0,1.0,1.0,0.022184171136196824,0.021615070730005626,0.0,0.0
85,85.0,-0.0003571850386914,0.01381669874135125,0.00505475247425715,0.0152170902152212,0.00476796447918325,0.0064561645102572,0.0037282404659056,37.98448778525926,9.806646591401659,0.019799814617726924,0.01261815710577785,0.002523948063796325,0.01481758749403885,0.0029526919923103,0.024229630844254526,0.019462627051994974,0.002313509001396525,0.0021571206743828497,0.023688153200308572,0.01953534642790245,0.002049712638836325,0.0019411675166338001,1850.0,0.000848680022681875,0.00095713781766135,0.014470675364430174,0.013203729064755424,1.0,1.0,0.019467140709946547,0.018580177931522477,0.0,0.0,1.0,1.0,1.0,1.0,0.022198528662771874,0.021577334229318602,0.0,0.0
86,86.0,-0.0003566484419853,0.013812293033261324,0.005054722312128425,0.015213244281546474,0.00476796447918325,0.006454855698071125,0.0037281902339541,37.838968085998204,6.87586652621394,0.031175456766504777,0.012617051532579849,0.002524608132687,0.014817305478407325,0.00295260396481265,0.024248445320110473,0.019485440768220848,0.0025137537159025,0.0022469855612143,0.02422828813296825,0.019475754797554527,0.002137764240615,0.00192192790564145,1851.0,0.00085223710171245,0.000960632570581475,0.014471719866536026,0.01320371545580225,1.0,1.0,0.019409729453273974,0.018580020812467474,0.0,0.0,1.0,1.0,1.0,1.0,0.022198528662771874,0.021577334229318852,0.0,0.0
87,87.0,-0.000561524643728125,0.0137922732244841,0.004878467461844,0.0152316560067964,0.00469263753349505,0.0065943839738703,0.0037257622604965,32.567014630592894,9.371374842361549,0.0647567188716493,0.012659090331511351,0.0025042209689913253,0.0148781020135329,0.0029398962128802,0.0241482770537173,0.01934666722301705,0.00261111441068345,0.002159337745979375,0.0241559008872235,0.0195358642803754,0.0021407410386017752,0.0019690598128363,1900.0,0.0008342128895285,0.0009397686337492,0.014143861771251275,0.013044248618748725,1.0,1.0,0.019183042029316675,0.018490298185206325,0.0,0.0,1.0,1.0,1.0,1.0,0.022177395282654347,0.02295989713382285,0.0,0.0
88,88.0,-0.0005674679558505999,0.01378698404037145,0.00487768710936255,0.015229379973907924,0.00469263753349505,0.00659303245155785,0.003725713379128,30.335243180161342,11.585550318006426,0.06506368448026478,0.012658921451192774,0.002503827753862425,0.01487511928457535,0.0029394938924576,0.024160309861156352,0.01934188929165005,0.00264292937936255,0.002173600369133,0.024152787559246224,0.019342036270463298,0.0020671808160840997,0.001946179952938075,1901.0,0.0008377070589450499,0.0009431840794159,0.014140483072024125,0.01304792836441285,1.0,1.0,0.019190115289442877,0.01849739349728045,0.0,0.0,1.0,1.0,1.0,1.0,0.022065800903714374,0.02300228732836685,0.0,0.0
89,89.0,-0.0005369039212662,0.013655455004622225,0.0048458324286308006,0.015205872843245401,0.004689902222708275,0.006632616597071201,0.0037233498484115,21.20773295679828,5.9257400200585835,0.05815350380726155,0.012662466505365174,0.002519090069437325,0.015025656581547675,0.003016194056871075,0.02430725099016395,0.0192615393106133,0.0025475911679676997,0.002312979369889875,0.024107873163194127,0.019295659729643873,0.00218530109850685,0.00202609243569895,1950.0,0.000839091142814125,0.0009232825574596499,0.014124226753800026,0.013049114547849551,1.0,1.0,0.019171063368027076,0.01832813825254035,0.0,0.0,1.0,1.0,1.0,1.0,0.021772642095576274,0.022748595727291623,0.0,0.0
90,90.0,-0.000535273902496675,0.013647282722522826,0.004845794162381325,0.015204086876674074,0.004689902222708275,0.0066317605645194,0.0037233022477194,29.773269994242582,7.19079805992078,0.04444785992382092,0.012660549776928001,0.002517836027038525,0.015030411224193376,0.003015605221463125,0.024297075606227424,0.019258506930399502,0.002481647650711225,0.00229775247862555,0.0242977764352101,0.019258876236617622,0.002149616018868975,0.002027552458457575,1951.0,0.0008424764814616999,0.0009266261131603999,0.0141251208190049,0.01304863132184415,1.0,1.0,0.019167115809628026,0.018311628412761176,0.0,0.0,1.0,1.0,1.0,1.0,0.021772721005477474,0.02274376007352835,0.0,0.0
91,91.0,-0.00052374075807325,0.013690626358459475,0.0049546469937487,0.015339743804614024,0.004688265392407825,0.006742339374370975,0.0037210462741103,32.47171744989464,7.314501634507906,0.03148374968441195,0.0126617811790053,0.0025324717078994,0.015095102282596926,0.002969898935137025,0.024026981413053577,0.019356637472019125,0.0025114105083047997,0.0021384010906331,0.024253255089600825,0.019273745477616826,0.002214658481534525,0.0020495426142588,1999.0,0.0008260683173458,0.0009081264004876,0.014153690071592576,0.013492593871268024,1.0,1.0,0.018813469894488774,0.0186574219021573,0.0,0.0,1.0,1.0,1.0,1.0,0.021616316325559774,0.022789871857713147,0.0,0.0
92,92.0,-0.000522250366676175,0.013688614407002576,0.00495427287689555,0.0153583337600974,0.0047050410861934,0.006745939528065299,0.0037209998657398,31.272626613790635,9.316122405114582,0.03624108061194413,0.012660086189525376,0.0025323549057052748,0.015098650241667875,0.00297073327286825,0.024035756327046374,0.019351873532503748,0.002707018633373,0.0022868309752084003,0.024061002375866572,0.019351941932585524,0.00223619624739505,0.0020841882796957248,2000.0,0.0008293730706563,0.000911393375382175,0.0141539701452192,0.013492573193904725,1.0,1.0,0.018812043011146626,0.018661910908603925,0.0,0.0,1.0,1.0,1.0,1.0,0.0216310568460529,0.022838661018604576,0.0,0.0
93,93.0,-0.002776914795234675,0.005463510440719474,-0.0027769147818208248,0.005463510441964675,-0.003802731564913975,-0.00380273156491395,0.0038422510789183,0.6388879470177926,2.317909602657892,0.7186689231311902,7.403057709967372e-35,9.063547818716723e-20,7.403057709967372e-35,9.063547813606224e-20,0.00546353990354095,0.0054635399036731,0.0001300784060731,7.422250928357244e-05,0.0,0.0,8.834246546030045e-05,6.463984027504921e-05,0.0,0.06357908385220962,0.015369005962385324,0.04856112995905765,0.04018104003078405,0.0,0.0,0.04856112994634733,0.0401810400325959,0.0,0.0,0.0,0.0,0.0,0.0,0.054415312644375324,0.05568446560502638,0.0,0.0
94,94.0,-0.0028607588635362747,0.006047020015921575,-0.0028607589980259498,0.006047020015857075,-0.00380273156491405,-0.00380273156491395,0.0038247778011525,5.370795345748775,4.606980333512183,0.33730225072940806,4.7741408273813346e-35,1.684963325198767e-19,6.169214758306144e-35,8.19392520076766e-20,0.006047033031727725,0.006047033032125599,0.000115778471808825,8.281349437311292e-05,0.00822620704233205,0.008226207041568524,8.280080510303378e-05,7.140252273529768e-05,1.0,0.07940435654690431,0.054915896766316405,0.0444912485777295,0.040547638611294,0.0,0.0,0.04449124857816165,0.0405476386078967,0.0,0.0,0.0,0.0,0.0,0.0,0.050732367029114725,0.05235163526139455,0.0,0.0
95,95.0,0.0016979327224298253,0.010008927320928175,0.001697932722990625,0.010008927333513076,0.000562030797997125,0.00092732857535895,0.0037862032905606,10.5210057363729,13.340753855998628,1.9754520957940258,4.584534288520485e-35,1.276793996996663e-19,4.1128098388707625e-35,3.3341143015392714e-20,0.0100089316319766,0.010008931667065976,0.0001092735328711,8.771003922447562e-05,0.019691861609561927,0.01969186161106735,9.890017099674852e-05,7.80551927164197e-05,4.0,0.06378133372043271,0.057277172555094,0.038692777498921055,0.0297140361379281,0.0,0.0,0.03869277752115305,0.029714036126375826,0.0,0.0,0.0,0.0,0.0,0.0,0.04498052634702495,0.03789383223030868,0.0,0.0
96,96.0,0.00349422395077385,0.011182288794818975,0.0034942704931442,0.011182290695405574,0.000903437288598275,0.002621188112036475,0.0037762435051436,15.57408436969854,10.780412713822445,0.678467687452212,5.0822503329381e-35,9.6919310538554e-20,3.701528854983686e-35,2.718458930390413e-20,0.01118219442631725,0.0111821949780862,0.000111493282020075,8.636771235615015e-05,0.015081125875261624,0.01508112590810285,8.387822890654206e-05,7.54351494833827e-05,5.0,0.06131527706396475,0.05593417524190718,0.033934017012783355,0.029495178498153377,0.0,0.0,0.03393401700882595,0.029495178502592152,0.0,0.0,0.0,0.0,0.0,0.0,0.0421851921784502,0.037512173070200626,0.0,0.0
97,97.0,0.0039004225395273748,0.0126202300116719,0.0039004225402492747,0.01262020480553645,0.0031630832565785498,0.003556314722847175,0.0037446117044905,22.423011107544884,12.090662918519229,2.368037471664138,4.004236988721064e-35,8.568886443456873e-20,2.643949182131204e-35,5.285494362442481e-20,0.012620203117020876,0.0126201990839981,0.0001221999991685,7.262744475156069e-05,0.016569629916366624,0.016569621825992926,7.341243326663971e-05,7.930566789582372e-05,9.0,0.049066103509149,0.047556527725172826,0.023897001432089775,0.0218339113769475,0.0,0.0,0.02389881269310875,0.02183526937832105,0.0,0.0,0.0,0.0,0.0,0.0,0.02751586945916035,0.028296826944275374,0.0,0.0
98,98.0,0.00377286832228865,0.012608580734676576,0.0037727589711093997,0.0126085809355643,0.0031630832565785498,0.0034961474967149997,0.003738158483566,14.914339541224763,16.340500460471958,0.9167471089749597,3.2206397983836136e-35,8.675028712206393e-20,2.467685903322458e-35,4.915697972302594e-20,0.012608540561963776,0.012608540518164724,0.000111452420242125,7.847743108868599e-05,0.012608537023111025,0.0126085335039322,7.780786836519837e-05,7.380242459475994e-05,10.0,0.04612700740969713,0.0467058279159816,0.0242753936482467,0.021880932043162174,0.0,0.0,0.024274963145989724,0.021880593342583,0.0,0.0,0.0,0.0,0.0,0.0,0.027388067149230276,0.0271048653064499,0.0,0.0
99,99.0,0.00280058112681445,0.011830780232411025,0.0036178970988310247,0.011404491195898476,0.002402179428967825,0.0037082051479256,0.003716132164451,9.067405779729597,11.570933289593086,0.8715563521254808,0.00151069747923205,0.0006684309094759,0.0023493435498382,0.000712259357011925,0.013471589871305874,0.01314405978262935,0.000103802536614175,8.785247337073088e-05,0.014156116044637025,0.014156122404069799,8.255080319941044e-05,7.902755169197917e-05,14.0,0.0354015281223727,0.03960942455977818,0.022536043931462673,0.020238234732517225,0.0,0.0,0.0196502673991138,0.022677813125161227,0.0,0.0,0.0,0.0,0.0,0.75,0.022789833534275074,0.023301345474490424,0.0,0.0
100,100.0,0.0027826586706941998,0.01157574570275135,0.0038535172665812,0.011774967622835775,0.00179354454413165,0.00363078026846005,0.0037113699019779,9.304162670101505,7.674242836539634,0.3330524588818662,0.001753948827006225,0.00067816186480125,0.002739906634941175,0.00095862900569825,0.013471159314277925,0.0129757326166517,0.000113685615360675,8.11800709925592e-05,0.01356153109146435,0.014315210535908575,8.152989903464913e-05,7.5452437158674e-05,15.0,0.033977259928654975,0.042729791590139024,0.018393584602811902,0.020794749432569277,0.0,0.0,0.019254085855527875,0.022598338334555823,0.0,0.0,0.0,0.0,0.0,0.75,0.022883359988348326,0.02394719856526965,0.0,0.0
101,101.0,0.002483861961086275,0.011925631814154125,0.0026701697771784,0.0111730630356843,0.002988120581533325,0.003571631622462725,0.0036944918281985,12.145608031889424,20.097533398948144,0.9640518000815064,0.003134839743901125,0.001120477658306775,0.004331737068444325,0.00139378194565355,0.014895136004310874,0.014720919612723826,0.000112557434476825,9.801087435333745e-05,0.01710572890473015,0.015019314426859349,9.277567733079196e-05,0.00011234742123625,19.0,0.028089567232329152,0.0397684805209009,0.0213340201976729,0.022835771842607298,0.0,0.0,0.020563366061382926,0.023260327690908324,0.0,0.0,0.0,1.0,0.0,1.0,0.0252197120870514,0.025878546385547825,0.0,0.0
102,102.0,0.001755761452245125,0.011736542732764602,0.002624009177191425,0.011909695173113775,0.0012853311634094251,0.003945766836461475,0.0036907233383623,15.888304506544955,10.304674665676428,0.8711002972559071,0.003454437316174375,0.0011205803898038501,0.0045208187777940004,0.001416939143441,0.014779768197305676,0.01441753441992195,0.00011108268518,8.491758489981294e-05,0.01552251654852885,0.015210571824195523,8.33134981803596e-05,7.965497206896544e-05,20.0,0.0271988539465209,0.045675592819178226,0.01927244707997635,0.0211451231320641,0.0,0.0,0.01962691132361715,0.0182169117451083,0.0,0.0,1.0,1.0,0.0,0.75,0.026103870612393876,0.026761070568110123,0.0,0.0
103,103.0,0.0035581096540216253,0.012840687213596375,0.0035448277309431753,0.01237026512817555,0.0025076514727779,0.0041060561391389,0.0036186861989236,9.109230697213206,4.845206903410144,0.8625617137295194,0.00748138830909365,0.0019136090002120749,0.0086197862212385,0.002031466182684325,0.017214378660144823,0.017124700482968498,0.000139789946842925,0.00011458323569965001,0.020999391073181876,0.020906504545371275,0.000114512455183975,0.0001144935376942,50.0,0.012229040444496376,0.022126452333768,0.016043801965449675,0.016666570310037373,0.0,0.0,0.016783455672654025,0.015851317105859224,0.0,0.0,1.0,1.0,1.0,1.0,0.01933827601079845,0.019655343292204724,0.0,0.0
104,104.0,0.0035256122555136,0.012800142048006925,0.003543823432212375,0.012319529608395548,0.0024761936525155752,0.0040731001307291,0.0036170564830845,8.085408481769264,7.831686316640116,0.26616758573800325,0.007701807133900975,0.0019383041136005002,0.0088522313272625,0.0021465858017239,0.017060408154629,0.01706803635105475,0.00015477807028210002,0.00011438067303967499,0.017058059489005177,0.017062644411702625,0.0001165081048384,0.000117488438263525,51.0,0.0121446158229349,0.021838294250742803,0.0160843078271901,0.016757822164277226,0.0,0.0,0.0170938694627266,0.015855637622942075,0.0,0.0,1.0,1.0,1.0,1.0,0.019856007830155276,0.019538668832424423,0.0,0.0
105,105.0,0.004326712493295351,0.013343752371740576,0.0037071386550108997,0.012651881723609724,0.003175893478394,0.00472911628449965,0.0035606579755046,9.545048002910335,7.710024937347043,0.5390764113981277,0.010261318940914024,0.002403622743952575,0.010765399222529,0.00237184284124815,0.018420706858104225,0.017750648163377424,0.000223955255933075,0.00017107749590645,0.018926877442134525,0.01847791018182655,0.0001723259920254,0.000157855218276375,100.0,0.0065635068028183745,0.011599190633911226,0.0148530614660453,0.014669024686338876,0.0,0.0,0.016022381654113627,0.014930194995773324,0.0,0.0,1.0,1.0,1.0,1.0,0.02161030192660035,0.0195387310370973,0.0,0.0
106,106.0,0.00432491796320585,0.013527752320979849,0.00372001455609285,0.0126482106732244,0.0032378217012629003,0.0046946621115278,0.0035598143113381,11.43537708587246,4.195206276082899,0.1607514226343482,0.01031423487074575,0.002395271363561425,0.010742532952300824,0.0023722132671118498,0.018372675019876526,0.017889134317080425,0.000203540374059225,0.0001816133735701,0.018403618196468477,0.017890106175181924,0.0001668126205913,0.000158232636749725,101.0,0.0065685162687395505,0.011563115972548225,0.0153125273865798,0.014670663613367375,0.0,0.0,0.0163428249922318,0.014937271287857575,0.0,0.75,1.0,1.0,1.0,1.0,0.021245734012245224,0.0195387310370984,0.0,0.0
107,107.0,0.004841594543207425,0.01347487148765205,0.0044874317482172,0.013303390694475975,0.003143795466803375,0.005596194158893175,0.0035261574366687,6.584164467290975,10.497770898160525,0.25847551977494726,0.010934695278579525,0.002535382031725375,0.0113537874630774,0.00236792551457545,0.018146252360697626,0.018544054622185502,0.00024593574926255,0.00020678527653212502,0.018725272059598473,0.019305796032525552,0.0002006274298764,0.00020066578872500002,150.0,0.004581690403592475,0.007895804301918925,0.015092564346852425,0.01437432579832625,0.75,0.75,0.015047830251164225,0.014353365319189675,0.0,1.0,1.0,1.0,1.0,1.0,0.0217343333551733,0.02002402871480875,0.0,0.0
108,108.0,0.004840130674313849,0.013459429565910024,0.004214447019112675,0.01329593247341805,0.0022231276789897248,0.00557136445453745,0.0035255905739438,4.988294232287444,7.121088426851201,0.2700366572244092,0.010939361328595926,0.002536541445529975,0.0113586087084736,0.00236212564513215,0.018236871913213725,0.01867396565382805,0.000225402531214025,0.00021675752941515,0.0182214390992273,0.018673917123646074,0.00020508351735765,0.00019824772607527502,151.0,0.004599276786349225,0.0078887464298868,0.015094046457805625,0.014365984963585425,0.75,1.0,0.015049769539851576,0.014347195808584,0.0,1.0,1.0,1.0,1.0,1.0,0.020574283036970148,0.020024028714808677,0.0,0.0
109,109.0,0.005157694448710851,0.013501993322831375,0.004225587740797925,0.01419603497312675,0.00412281538200575,0.005991698110902325,0.003501596865183,9.375599086866714,7.5423652158351615,0.2946702865301631,0.011457373509570826,0.002492735131832975,0.011846931673477074,0.002509871413056025,0.01858047764569115,0.018492165056891125,0.00064237171318375,0.0002854050253517,0.018754917665947075,0.019104001607208775,0.0006842394941486,0.00025282858405255,200.0,0.003557552476757475,0.0060307069472897,0.0143997075293864,0.0141359817889506,1.0,1.0,0.01488236610094805,0.01326176265861495,1.0,1.0,1.0,1.0,1.0,1.0,0.0223577032440883,0.01878352750763735,0.0,0.0
110,110.0,0.0049578110479047,0.013481968040054675,0.004216141341141275,0.01417827412458025,0.0040984406728006495,0.006127690769812524,0.0035011709052329,12.20814150251681,5.5820210536476225,0.14323142723878837,0.011431294668385475,0.0024933869458818748,0.011831424940282576,0.0025011213034190002,0.018538647579075626,0.018457451152578123,0.000338353507686375,0.000608263595495325,0.0185355909492974,0.01845753590477735,0.00077571213478215,0.00025849568191910004,201.0,0.0035750596983933998,0.006037408117992725,0.014408459621129525,0.014158158299468551,1.0,1.0,0.014908582038637324,0.012842173659636524,1.0,1.0,1.0,1.0,1.0,1.0,0.022447332315417276,0.0189111512161292,0.0,0.0
111,111.0,0.004515165298094425,0.01348561139269025,0.00407622612512675,0.01415098738056415,0.00377446217923755,0.0063056650507296,0.0034825429945804,15.131195215100888,14.75110672065057,0.19119477603817353,0.01166683056618595,0.00258592594436755,0.011914942598889,0.002467033423358325,0.019098324913977227,0.018655375077187675,0.000355906027834825,0.000327063491567925,0.01890098953120085,0.01886501096130705,0.0002989209606312,0.00029351859120647504,250.0,0.00292006009956275,0.004891899204444225,0.014772220944040975,0.01443297534945405,1.0,1.0,0.014600478194306574,0.01311603218893715,0.75,1.0,1.0,1.0,1.0,1.0,0.02046719520406945,0.0196833291295482,0.0,0.0
112,112.0,0.0045435872470627,0.013463018266550551,0.004075026029687875,0.0141338050623215,0.003642191930072625,0.006306529461991575,0.0034822022531844,13.273410517547745,10.485782331903463,0.19994303351268172,0.011641012376029426,0.0025839332186925502,0.0119214948112049,0.0024724920689119,0.019257576599497724,0.0186188712817917,0.00039360590744755,0.000519869267009175,0.01905718205422885,0.018618609473444424,0.0007954470929689001,0.0003567234962247,251.0,0.002936087692412125,0.004899756035164975,0.014770077595742226,0.0144354232773306,1.0,1.0,0.0148043810664651,0.01326817589123935,0.75,1.0,1.0,1.0,1.0,1.0,0.02046719520406945,0.0197761428057748,0.0,0.0
113,113.0,0.005033051341956275,0.0139250389930348,0.004325429991256175,0.014551502446116076,0.0045553402175653,0.006768746984239125,0.0034669892523229,18.552566028141882,7.840338551381137,0.2492830504779704,0.012009354751117175,0.0024327108092704,0.012039256429115125,0.0024668991425593,0.0189388694387737,0.018987652495098227,0.00069707428338,0.0007871720008552001,0.01922306735635705,0.018875478025935925,0.00043162843212477496,0.000350312911905325,300.0,0.002489668739322475,0.004131714589722375,0.014994229952313875,0.013938146712291825,1.0,1.0,0.014854318749012574,0.014184378668755524,1.0,1.0,1.0,1.0,1.0,1.0,0.019689828346531477,0.020025712577274347,0.0,0.0
114,114.0,0.0050548281578979256,0.01391383041208875,0.0051364409140226,0.01459249936445495,0.004493081160865525,0.0066964175093436,0.0034667055493365,19.45956241467502,8.292597163817845,0.12226933630881825,0.011999243384571725,0.00243458887069285,0.012043373442644376,0.0024689099910032,0.01893181083571295,0.0189983292726279,0.00044153851922595,0.00053631176706395,0.01892092051250445,0.018997848647115175,0.000698696821927975,0.0003678385401144,301.0,0.00250464493390045,0.004141180724267675,0.014990717971302876,0.013937801264143325,1.0,1.0,0.014851944833027701,0.01418255868360635,1.0,1.0,1.0,1.0,1.0,1.0,0.019689828346531477,0.0200446391044055,0.0,0.0
115,115.0,0.005279954313107625,0.014055718646091276,0.004624436179355125,0.014169164129923351,0.0041623388444046,0.006397421783420825,0.0034538564432018,10.023845615272876,10.882175510865636,0.17627634230302644,0.011963297022236025,0.0024581918617875,0.012050854578795251,0.002483233239252325,0.0186724662136287,0.018886664267784025,0.000482213392388025,0.0005622769822366249,0.01894390363086005,0.01868234707262295,0.0008669545641168249,0.000436598493251925,350.0,0.0021813950015218,0.003588238990287275,0.015085474533371874,0.01480276821425215,1.0,1.0,0.015162323016745275,0.014108360129494275,1.0,1.0,1.0,1.0,1.0,1.0,0.018300246040098826,0.019441475473842673,0.0,0.0
116,116.0,0.005278377271362525,0.014045270825324049,0.004620209515316675,0.0140959672988451,0.00409017920643885,0.006297359921324575,0.0034536135643495,9.678000986983536,13.67588035069639,0.09546222287463021,0.0119543564601323,0.0024575554236403747,0.012048707293126175,0.0024920567865879253,0.018664104363912276,0.0188706387301034,0.0008204894838853999,0.0006638293853029251,0.018647493545605673,0.0188605545496981,0.0006869093631393999,0.0004056959296576,351.0,0.002194980751852325,0.003597581483378975,0.01508410303324295,0.01480363635007155,1.0,1.0,0.015162014271969724,0.0141115277218511,1.0,1.0,1.0,1.0,1.0,1.0,0.01968536898209085,0.019441475473842673,0.0,0.0
117,117.0,0.0049885429005434,0.013720713284522774,0.0047116920421806,0.013890946284143625,0.0035159056940391752,0.006208957473804375,0.0034424973589892,15.422255789104387,6.6781104482361116,0.13179773930460206,0.0119405529351558,0.0024888094836846997,0.01230237458811265,0.0024604331208244,0.018540789236544376,0.018399877008510424,0.000526288873515975,0.00125185871729625,0.018609690348216048,0.018813163872749252,0.000574775913264575,0.000455686822533575,400.0,0.001949415059315075,0.003182238423511575,0.0148758900062666,0.014609202947017126,1.0,1.0,0.014890363540151174,0.015030684066321926,1.0,1.0,1.0,1.0,1.0,1.0,0.0192928006532381,0.019628311959004302,0.0,0.0
118,118.0,0.005030185435124025,0.013712556627297576,0.0047090515759679995,0.01387729612603995,0.003280342896611925,0.006203531707270775,0.003442285127609,12.574676533928141,9.440825700061396,0.13987013621954245,0.011946333187389725,0.00250378345379465,0.012297016235250476,0.002473679302613875,0.018522686673501473,0.018417509002620423,0.0005597688141278749,0.000885414774529575,0.01852464799175555,0.018417484992272224,0.0006703786784782499,0.000432356144301525,401.0,0.001962377423404025,0.00319207344391775,0.014920763337806325,0.014632489809131526,1.0,1.0,0.0148848447677743,0.015030055798393525,1.0,1.0,1.0,1.0,1.0,1.0,0.019292800653238174,0.019628311959004302,0.0,0.0
119,119.0,0.005004255728576175,0.013881227221157826,0.004537645636032549,0.014333375495309275,0.00308679852569535,0.00645307095461455,0.0034324933649362,12.921485465136357,12.16688964428613,0.24754125456092874,0.011937182536771425,0.0024776099504119752,0.012219825746487376,0.002481054710149125,0.018893121233798976,0.0190909394088974,0.000847820076160075,0.000672524387482525,0.0187718351334993,0.018917199862102777,0.0005872313049621001,0.000562318717129475,450.0,0.0017712425413664,0.0028608618236317,0.015025217108608576,0.0144228848698612,1.0,1.0,0.01485906501813335,0.0144658214002864,1.0,1.0,1.0,1.0,1.0,1.0,0.0204889354553907,0.0200996877944012,0.0,0.0
120,120.0,0.005009401342756525,0.0138777084906733,0.004552943158176625,0.014306890167544726,0.0031836580704546497,0.0064565395020877245,0.0034323049785175,14.640140108473133,7.9261398844537325,0.20684853516286233,0.0119726049099311,0.0024920843386993,0.0122593817735578,0.0024812020000084,0.0188711035318048,0.019079959029308827,0.0005692736012861,0.0007647195016033501,0.018872197930752725,0.01907180269958395,0.000635719567071625,0.0005543092265724499,451.0,0.0017826702097432751,0.0028696023459764248,0.014984020969052075,0.01444961067801715,1.0,1.0,0.014887700186471226,0.014462781241506299,1.0,1.0,1.0,1.0,1.0,1.0,0.02051112545115325,0.0200996877944012,0.0,0.0
121,121.0,0.00517438017521505,0.014013134896845924,0.004809355013312875,0.01432178627764385,0.0033194580069537,0.0065318112377895495,0.0034235581342932,17.204418673412874,9.567027735640295,0.1434010132797993,0.011944484669368776,0.002451456835215425,0.01218294602354965,0.00248587427554395,0.019296945642103498,0.019074246352790376,0.0006313869962468001,0.001429148251190725,0.01897945818492065,0.019200705375225276,0.00067472952650855,0.00063632911769665,500.0,0.0016235297879161,0.002603285091274975,0.015213964217008574,0.01468810753664635,1.0,1.0,0.014997231291341125,0.014534008045867049,1.0,1.0,1.0,1.0,1.0,1.0,0.021947919936650923,0.019563221433788875,0.0,0.0
122,122.0,0.005181939317972625,0.014007811254020525,0.0048179686857137,0.0142908715199696,0.0032941275445279496,0.006539601652539025,0.0034233888229879,15.050699168699794,10.123439091548791,0.3249692869139835,0.011933541762111775,0.00245494501856205,0.012171876841776825,0.002492936184009625,0.019273245710313774,0.019058469380362125,0.000635851174592925,0.001187787915114275,0.0192764695895935,0.019057425218465273,0.00061362946871665,0.000615511904470575,501.0,0.0016338755155524752,0.0026118084868028252,0.015301629470999601,0.014672628269940624,1.0,1.0,0.014998191531755373,0.014515474976635825,1.0,1.0,1.0,1.0,1.0,1.0,0.021947919936650923,0.019622261642196125,0.0,0.0
123,123.0,0.0044045357366338,0.0139880017491931,0.00475878037498865,0.014258515849544625,0.0039445145134602505,0.0064707939494141,0.0034154872365956,11.158894658146892,14.300676383427342,0.27069285023026163,0.012459547881844349,0.00252519123984265,0.012408845982857124,0.00251549741871575,0.0190370817902554,0.0196024681561604,0.000714479596354025,0.00107750442111855,0.019371697887914152,0.019265144995207574,0.000653831171803125,0.000593234202824475,550.0,0.00150231874336855,0.002393270140252775,0.015155417677664675,0.0146929333894847,1.0,1.0,0.014948317645943301,0.014492814600769725,1.0,1.0,1.0,1.0,1.0,1.0,0.023411537326116127,0.019464462698980674,0.0,0.0
124,124.0,0.00440283028601615,0.013981395089788625,0.004757631001250125,0.014245559071919999,0.0039445145134602505,0.00647956677853805,0.003415333527716,21.72434697463177,12.112644091714175,0.21253562567289916,0.0124593290245023,0.0025284890027683997,0.01239666224664655,0.0025153193740455747,0.019026852432738075,0.019596882539714377,0.000696297036483825,0.00101340305991465,0.019019080870177552,0.019581501929761876,0.000596923462580875,0.00058312137844035,551.0,0.00151193490434395,0.0024012900221127248,0.01511716356698315,0.014699349458483725,1.0,1.0,0.014948779662953025,0.0144932810719375,1.0,1.0,1.0,1.0,1.0,1.0,0.023411537326116127,0.019464462698980674,0.0,0.0
125,125.0,0.004834021830257825,0.01429432183440975,0.004772760513149675,0.014303263984484975,0.003329119202373775,0.00657788433772225,0.0034081296451784,16.025432371068746,13.241066694667097,0.2574015003046952,0.0123816680608664,0.00254648217813795,0.01246856741998565,0.002478184602750025,0.018512135826884726,0.019867525367440998,0.001014942710753475,0.0014870213926769498,0.019110251165811176,0.019685492115068724,0.000683621910866275,0.0006091716350056,600.0,0.001404380368395825,0.002218549504757975,0.0151181692768886,0.0147415242050432,1.0,1.0,0.014653062917659675,0.014138304206043525,1.0,1.0,1.0,1.0,1.0,1.0,0.0235598992530062,0.02266560642058025,0.0,0.0
126,126.0,0.004783646133806575,0.014286884353568575,0.0047718199244540255,0.014292304102827474,0.003329119202373775,0.0065765530689917,0.0034079889325416,13.08134568040259,15.350512133154552,0.5665549281984568,0.012373702022906174,0.0025446668103703248,0.012461243708640074,0.0024813399279024497,0.018478622122429424,0.01985262276686335,0.001158773782663,0.001061873044818575,0.018497730810673525,0.0198517710704249,0.0007987171411513751,0.000633794465102225,601.0,0.00141339014930795,0.0022262153244370503,0.0151192402815561,0.014740602233185724,1.0,1.0,0.01466070625361475,0.014139162549230724,1.0,1.0,1.0,1.0,1.0,1.0,0.023500755166901,0.02266560642058025,0.0,0.0
127,127.0,0.004845411451650525,0.014335020461993751,0.00490459878618,0.01453696371108415,0.0041831647653044245,0.006291531320977475,0.0034013706414624,19.85355335782515,12.686928115144838,0.2639043036033399,0.012423456096559576,0.00256856449814245,0.012538379797410001,0.002515570772461425,0.019008310388105274,0.019867462190606748,0.00081782275810835,0.001370671205222575,0.018833118444452877,0.019903942812018648,0.0007910170825198,0.00068513129372145,650.0,0.001320048857624975,0.002070060424747175,0.015010484775953375,0.014106379555528849,1.0,1.0,0.0142996264976069,0.0136800804647233,1.0,1.0,1.0,1.0,1.0,1.0,0.022746679454424823,0.023680661029700626,0.0,0.0
128,128.0,0.00484492797365335,0.0143279586766898,0.004902319166153276,0.014531609625743725,0.0041831647653044245,0.006311073280023425,0.0034012409196302,18.22486715693958,12.413106089748908,0.10914287308696655,0.01241818526045135,0.002566475679530025,0.012530087884885424,0.002513805250087925,0.01887122763264605,0.0198506039926336,0.0011004795669578,0.0013080280623398,0.0190953135844137,0.01984910011625435,0.0007530419970862,0.000693733803927875,651.0,0.0013283793121222,0.002077322630184625,0.01502959147166525,0.014107024588107149,1.0,1.0,0.014208531785255375,0.013679874925311749,1.0,1.0,1.0,1.0,1.0,1.0,0.022746679454424823,0.02370888051523695,0.0,0.0
129,129.0,0.0052403829075011255,0.0145015851007637,0.0047875071439501,0.01468264492144265,0.00355118927355415,0.0061285297184483,0.0033951210510151,14.681044458644465,15.011440563364886,0.2515143957571126,0.012455828968265074,0.00254698178858065,0.012557634201714876,0.002527192440872275,0.019014047343968974,0.019065055952881327,0.000949180568568325,0.0014501612167805,0.018927759162277874,0.01985058653809625,0.0008035402279346999,0.000761202012654325,700.0,0.001254870808723725,0.001942750913909325,0.014131164402569701,0.014189526435762675,1.0,1.0,0.0146711440411894,0.014000409979829325,1.0,1.0,1.0,1.0,1.0,1.0,0.021923210114186,0.023321617658327576,0.0,0.0
130,130.0,0.0052240725459077745,0.014490702354268125,0.00474716012891675,0.014675196894800974,0.00354789530991995,0.006132847421169775,0.0033950007440886,15.011584190884605,13.372675277467351,0.19257067219587043,0.012456376642838624,0.002574598975383025,0.012560783040076275,0.0025262337193757752,0.018994773620919822,0.019808459138687624,0.0009454394457861,0.001483576546888775,0.0189978087483003,0.019094258812503977,0.0007650369079782999,0.00075415713945395,701.0,0.0012627513674269,0.00194963809657775,0.013994107375064475,0.0146550851090818,1.0,1.0,0.014669209712719775,0.014009327498299676,1.0,1.0,1.0,1.0,1.0,1.0,0.0219519490224146,0.023321617658327576,0.0,0.0
131,131.0,0.0057409034008736246,0.014701038687729475,0.005032128157323601,0.0145978533822582,0.004237472854929675,0.00634299861418455,0.0033893101916192,15.085950156790204,12.599690879229454,0.07333406235557048,0.01239024517798495,0.002510260660496025,0.0125510826209048,0.002574057510872075,0.019381379556538403,0.019275630510087224,0.000940467056352625,0.001609821745660125,0.018949153956748125,0.019871605333046827,0.00089022441534325,0.00078798778122285,750.0,0.001197262124837875,0.0018313574439058251,0.014335690644693826,0.014434502672301775,1.0,1.0,0.01485736557282445,0.0134902786689041,1.0,1.0,1.0,1.0,1.0,1.0,0.022859546978887525,0.02373675223355595,0.0,0.0
132,132.0,0.005717541391957525,0.01468339392269115,0.005028466119239675,0.014592766093964576,0.004256412502730925,0.00634879724469265,0.0033891980389187,18.69213766482426,17.221536310680676,0.18785133172059432,0.01238336288731705,0.002507857865308125,0.012545662317355277,0.00257378380401965,0.01936529368893945,0.0192660784067135,0.0010041654459200001,0.0015370293403975,0.019365619488189274,0.01926597282980795,0.00084270263323555,0.0007926595862954001,751.0,0.001204652044873975,0.00183794917107715,0.014339780056881525,0.014430792886971,1.0,1.0,0.014862307967458323,0.01349248344272485,1.0,1.0,1.0,1.0,1.0,1.0,0.0227882418611563,0.02373675223355595,0.0,0.0
133,133.0,0.00589273872064925,0.01456349090135475,0.004628236783313549,0.014531282869706825,0.0041699464969310995,0.006302848159238525,0.0033838810965874,14.225404218945187,11.870450548827648,0.13040756061673162,0.01233774380762525,0.00256485157550125,0.012739656278927775,0.0025975730317047002,0.019688583025548177,0.01936757493978115,0.001474278862588075,0.001673793653026175,0.019526365721676903,0.01922673921008955,0.00088796199997885,0.0008198127616196,800.0,0.001157151043597775,0.00173443059151505,0.01437668536597325,0.01451696488470195,1.0,1.0,0.014909548826017676,0.01363763745208555,1.0,1.0,1.0,1.0,1.0,1.0,0.022671354582474625,0.0235467365447341,0.0,0.0
134,134.0,0.005881519013384325,0.014557915638653326,0.005025239946938775,0.01457195487357755,0.004179945946068,0.0062985907195285,0.0033837760739611,16.424555669771507,13.5618642627378,0.14411750814178953,0.01233654518173355,0.00256503323460815,0.012738010591116924,0.002597851522459575,0.019693551325464926,0.019355469427192823,0.00101925304625175,0.00145367626100775,0.01968301626463665,0.019371298077291075,0.001006079604849175,0.000819254550151475,801.0,0.0011641152387438,0.00174066568319545,0.014378599873464374,0.014546860918896325,1.0,1.0,0.0149254664370941,0.013635657927138474,1.0,1.0,1.0,1.0,1.0,1.0,0.022617109976371823,0.0235467365447341,0.0,0.0
135,135.0,0.006062019426730225,0.01460983558093145,0.005325214585680175,0.0144214331320664,0.004140398133230275,0.0062288956304872006,0.0033787871860106,12.729536657279823,11.542183350073174,0.1810536943958141,0.012408625372748725,0.002515747987171775,0.012932841393288574,0.00258123600897545,0.019448363988054374,0.01906051694962835,0.001091518090106525,0.00152639643056315,0.01975634164737155,0.019204619348857723,0.00094248558161775,0.000876605219673325,850.0,0.001108813191101325,0.0016495579336623,0.014320947638824851,0.014316862309258976,1.0,1.0,0.014632208524566426,0.013555973360738076,1.0,1.0,1.0,1.0,1.0,1.0,0.022741538823910223,0.0234131786563626,0.0,0.0
136,136.0,0.0060604946080184754,0.01462201926090515,0.005184050532955525,0.014426913375974576,0.004140398133230275,0.006225816479525,0.0033786884502361,16.004816062166356,11.498517058207653,0.09029709431342779,0.012406936353604325,0.0025142014810205747,0.01293802849097115,0.002575489576912275,0.019382649039491374,0.019049539361310423,0.00107988732634105,0.0013351032393984,0.0195556456735798,0.019049548475953575,0.00093511020531875,0.0008539629634468999,851.0,0.0011154356907391752,0.0016555359927406751,0.014381876703190575,0.013933106959449874,1.0,1.0,0.01481498473533565,0.01341756330293025,1.0,1.0,1.0,1.0,1.0,1.0,0.022741538823910223,0.0234131786563626,0.0,0.0
137,137.0,0.005116935162449575,0.014634597126184,0.00596202899567535,0.014553526807378,0.003988441331671525,0.006239054447952575,0.0033739898894989,8.492366639431566,22.035765237174928,0.12227196997264392,0.012436662349699175,0.0025086005826447,0.013022595937964425,0.002604683466501025,0.019032788750681977,0.018942022587685375,0.00118899554945525,0.00169056368758895,0.01931504325831685,0.0190259616733253,0.001033094828016975,0.0009759548702276499,900.0,0.00106240299512115,0.0015727233344273,0.014400725671014674,0.013414632573987475,1.0,1.0,0.014797934401434249,0.013426474391043474,1.0,1.0,1.0,1.0,1.0,1.0,0.023076192012740603,0.023284687336597873,0.0,0.0
138,138.0,0.005116665901702575,0.01462937913519555,0.0059670031413919505,0.014529913060403198,0.003952289278916125,0.006237644312435425,0.0033738967381003,22.732242805417627,22.444590759230778,0.14664119912777096,0.012432214773703725,0.0025079702700014,0.013030067252652676,0.00260270468729355,0.019063040916800025,0.018931492338053,0.00116991793038315,0.0016485823434777,0.019020628845777425,0.018931711369306926,0.001060270587913625,0.000986742146778775,901.0,0.0010686977884426,0.001578432102715575,0.01440432806778635,0.01341736215461895,1.0,1.0,0.014796952941344275,0.0134290149342009,1.0,1.0,1.0,1.0,1.0,1.0,0.022899763033628676,0.023284687336597873,0.0,0.0
139,139.0,0.0051712909572087,0.014593734124625776,0.00592771028931935,0.01454923449868035,0.0038422797449827253,0.006230321655548526,0.0033694569117959,9.690669042465741,11.03246990730986,0.08014993404503908,0.01251521683777705,0.0024818790454951747,0.013257924030462526,0.00266196000058415,0.019298390947251227,0.018822552664070874,0.00119399308459825,0.001748678972944575,0.019264550725508374,0.018882493659937827,0.001179365557618375,0.0010121752275153,950.0,0.00102166136635455,0.0015041643034231001,0.014215002584570976,0.014037401575936024,1.0,1.0,0.01467676989479775,0.013804689562688974,1.0,1.0,1.0,1.0,1.0,1.0,0.0230604817743154,0.0231529790007315,0.0,0.0
140,140.0,0.005171172909194425,0.014590499207388974,0.0059265732447047,0.014566994030619776,0.0038486102603064003,0.006227750997510675,0.0033693687534197,8.117649982625153,15.04569663410075,0.24703278188826513,0.012511235247498226,0.0024801702026036,0.013254011289099251,0.002659726497796275,0.01929083526206785,0.018823532854736078,0.0012204129016026499,0.0018574775313027,0.0192890743775559,0.018812864840153275,0.0012026180629618251,0.001008064602501625,951.0,0.0010276809220134998,0.001509672924436025,0.01421341095283645,0.01404365787662085,1.0,1.0,0.01467727095337475,0.0138050596404052,1.0,1.0,1.0,1.0,1.0,1.0,0.0230604817743154,0.0231529790007315,0.0,0.0
141,141.0,0.005250584528929675,0.014675155645479675,0.005913568041751975,0.01466937705253865,0.004335108238502375,0.00642065947389565,0.0033651609434228,10.729546670918353,13.639072975201998,0.061670539958868155,0.01248479764641585,0.002479103037204875,0.01327474687667815,0.00266478083343485,0.019325128465424002,0.019010658747182052,0.0014722790801897,0.0018489900394342501,0.01931117121152335,0.018802160489516127,0.0011445031268522,0.001092440623324275,1000.0,0.000988031221207525,0.0014427197532988,0.014244801583831951,0.013997422928586599,1.0,1.0,0.014823333990054574,0.013921939622973625,1.0,1.0,1.0,1.0,1.0,1.0,0.023369390193606576,0.022597269470698674,0.0,0.0
142,142.0,0.005280937688697575,0.014668340621419624,0.005611653894156525,0.01472019323845145,0.004335108238502375,0.0064246317630595,0.0033650772756111,11.657439388683997,16.692801494093146,0.12946461845422158,0.012482870872406925,0.00247945559387885,0.01330877898478905,0.0026637857358799,0.01932054019401085,0.01901989123168445,0.001224753214046275,0.00184697756776585,0.019320604207445677,0.019030564303671026,0.001116597966756625,0.0011359505006111501,1001.0,0.000993780255529125,0.001447968636615125,0.014331344792929523,0.013988797864064225,1.0,1.0,0.01482820744230475,0.013907969750777925,1.0,1.0,1.0,1.0,1.0,1.0,0.023369390193606576,0.022597269470698674,0.0,0.0
143,143.0,0.0050279201517156,0.014556833894518874,0.0050338286768061,0.01464247341009235,0.00437975826380675,0.006442968183996424,0.0033610786860622,13.013222038687672,25.43198479601415,0.10028321278514338,0.012488499538154575,0.002474169641596925,0.013522346495827899,0.002712782404598075,0.020136552086853075,0.019223810384343874,0.0022957863984629,0.0011051961337216,0.0193478414852161,0.019048883582126325,0.0011258937302045002,0.0010794394765979748,1050.0,0.000954269981604175,0.001386912376992525,0.0146326114294413,0.0136970337592604,1.0,1.0,0.014976310685941824,0.01399264304079045,1.0,1.0,1.0,1.0,1.0,1.0,0.0236601032142693,0.023145505133660926,0.0,0.0
144,144.0,0.0050270822136881995,0.0145522316616096,0.0050327272005097,0.014637772300180174,0.00437975826380675,0.00643934582791825,0.0033609990783139,9.721399051719347,26.106554067519028,0.06721585209015754,0.0124892204203581,0.00247405020972385,0.013525129013908649,0.002718051793616425,0.020398131822594524,0.01921472537935915,0.00134445575531565,0.0010641796980052501,0.020171075693065074,0.019214617058181727,0.0010968280257657001,0.001076782878953875,1051.0,0.000959761651530425,0.0013919408927872499,0.014640958073696074,0.01369753930030245,1.0,1.0,0.014978783927016574,0.014056508824072599,1.0,1.0,1.0,1.0,1.0,1.0,0.0236601032142693,0.023145505133660926,0.0,0.0
145,145.0,0.004688445307590075,0.014707214740473975,0.0056158083635316,0.0146665633403608,0.00452885512196515,0.006574676733650475,0.0033571901048171,17.411796437343583,22.51590247481363,0.06563846505014222,0.012511180038082725,0.00249719813244245,0.01359788133132575,0.00273196698982725,0.020660992292279447,0.01894221938769055,0.001427940442226775,0.0011080704862251251,0.020394497081619202,0.01922178864972755,0.00111179630039255,0.001093063212465425,1100.0,0.0009540699054263501,0.001336060578515275,0.014523862312823875,0.014020050098007424,1.0,1.0,0.015573431826970002,0.013952361267892826,1.0,1.0,1.0,1.0,1.0,1.0,0.023129143416913522,0.023027394055341273,0.0,0.0
146,146.0,0.004686973585765125,0.01470154314811755,0.0056153191260776,0.014662527451999224,0.00452885512196515,0.006580075858241075,0.0033571141854961,18.528509725932963,12.66450103756506,0.03568764525698492,0.012513196596809599,0.00250083577351395,0.0135976362546736,0.002732089539709625,0.020652399361017724,0.01911552087343555,0.001398443011566925,0.0011119780247099,0.020652241508953777,0.018933602505970776,0.00110849534394215,0.0011014879564754001,1101.0,0.00095928841100165,0.0013409364450934248,0.0145249072232536,0.01401916584985705,1.0,1.0,0.015544755245079051,0.013953091528113476,1.0,1.0,1.0,1.0,1.0,1.0,0.023129143416913522,0.023027394055341273,0.0,0.0
147,147.0,0.0044830784866425,0.014792322372422074,0.00530463171754355,0.01458107226063785,0.0043098136890183,0.0066836540924299255,0.003353477846813,17.90101933758706,16.134909337910358,0.08195245097158473,0.01262500600180265,0.002550948523988125,0.0137731838405629,0.0027703016458577,0.020765267756504075,0.018975108395407825,0.001458259241189775,0.001185260480269775,0.020681568078310827,0.019197710935186928,0.001187683839816575,0.00114576792111615,1150.0,0.000925941079106925,0.001289471476759425,0.013992606925760126,0.014204883401545975,1.0,1.0,0.0157920141881703,0.01436328704805025,1.0,1.0,1.0,1.0,1.0,1.0,0.0221500008932063,0.022735990488934602,0.0,0.0
148,148.0,0.0044820887915504,0.014788293761017476,0.005178906755509725,0.01457779586777235,0.0043098136890183,0.006681105795992175,0.0033534052929017,15.584813953319099,17.3169555614586,0.10685245116474103,0.0126252944935302,0.0025536870744885,0.013778773226143801,0.0027699296365404752,0.020750322071091253,0.018966652613074602,0.00140885886503375,0.00119485065806655,0.02076161847760155,0.01896889982697935,0.001175025536213025,0.00114377803402015,1151.0,0.0009309638655687999,0.0012941742080635498,0.013991059819956,0.01420554113662345,1.0,1.0,0.015786909717370325,0.014354533239812076,1.0,1.0,1.0,1.0,1.0,1.0,0.022149014927613175,0.022735990488934602,0.0,0.0
149,149.0,0.002981542911724875,0.014562190857025726,0.0050804417328661495,0.014616430578625975,0.0043670283348322255,0.006602995543901425,0.0033499267836516,27.892226295080036,18.656801854493096,0.05588961264584207,0.012608661268059774,0.00253378585567495,0.014043924976398,0.0027718271006145247,0.02103813594248045,0.019110260500213676,0.00146134407259515,0.0012295488850213,0.0206925989272835,0.018946051222204274,0.001234301482327225,0.00121262809261675,1200.0,0.0009057729628219249,0.00124663884441545,0.014727811422261325,0.01313199093076495,1.0,1.0,0.016965031269602426,0.015685638388785325,1.0,1.0,1.0,1.0,1.0,1.0,0.022789827449354975,0.022573984805650548,0.0,0.0
150,150.0,0.0030470218241282,0.014595762670392125,0.004920277621286475,0.014612152171129924,0.0043670283348322255,0.0066228256799443245,0.0033498573126388,21.145480407460127,20.889238865056544,0.14096934109693393,0.012603996700120999,0.0025333673488342253,0.0140580133185398,0.0027732250168245,0.02104272733042195,0.019132802135679673,0.001496229844633425,0.001229570538271175,0.021040096282859598,0.019131691529731376,0.0012350711040198,0.00119228870607905,1201.0,0.0009105777762061,0.0012511644592964,0.014725946647898901,0.01311855586560985,1.0,1.0,0.0168909850730501,0.01524372949288835,1.0,1.0,1.0,1.0,1.0,1.0,0.02285612080710005,0.022573984805650548,0.0,0.0
151,151.0,0.0024977905884380498,0.014878336379495899,0.005080482918275574,0.014531782890631301,0.00446388201053535,0.006568817594383649,0.003346590338419,17.549887854547706,15.816708442813251,0.09127732337219635,0.012577192183871325,0.0025313146441252998,0.014140830762643225,0.00277540921105855,0.022395533513098698,0.01895975646755825,0.0015621964121236998,0.00126647623255845,0.02100732572651945,0.0192402152182006,0.0013160706730559251,0.0012466557673178,1249.0,0.000918820816235425,0.001209731833270325,0.01394246550105665,0.01296403707501375,1.0,1.0,0.018021681782500625,0.017925242890652674,1.0,1.0,1.0,1.0,1.0,1.0,0.02279308369570725,0.02186228048975355,0.0,0.0
152,152.0,0.002497551797526175,0.0148785117574072,0.00508019404013315,0.014527444069399174,0.00446388201053535,0.006566985421908725,0.0033465236473634,19.817030255217105,17.490100354130846,0.055244651797693174,0.01257475413773215,0.00253014215798875,0.014141682580096725,0.002777534869177075,0.022414159807483625,0.018967666463797352,0.00157711718929925,0.00125824869610365,0.0223912527619635,0.0189765291492331,0.001258980832062625,0.001243998238351125,1250.0,0.0009234862791916,0.0012141454172948998,0.013890262805889675,0.012956351200373325,1.0,1.0,0.0180136144168387,0.017948217630332174,1.0,1.0,1.0,1.0,1.0,1.0,0.022793083695707227,0.02186228048975355,0.0,0.0
153,153.0,0.002544695261150475,0.01487406065806035,0.00507990924705615,0.014526208512589775,0.00445255772442695,0.006565156166905925,0.0033464570107543,19.447614563163373,14.666440754022915,0.03660964797018095,0.0125772824537015,0.002529209081699425,0.014136684064266474,0.002776908654412425,0.0224041829756963,0.018977509134538224,0.001611896674148725,0.00125328329158945,0.022407290644197574,0.01897641588546235,0.0012723857653326501,0.00123341550352045,1251.0,0.0009281207250226499,0.0012185113329687249,0.014056922227740826,0.012963162293091924,1.0,1.0,0.01801653655610815,0.0179449851936812,1.0,1.0,1.0,1.0,1.0,1.0,0.02291436038458115,0.02186228048975355,0.0,0.0
154,154.0,0.002556655907650775,0.014507878919889874,0.0049717149430468,0.0143763559235465,0.004535707396890375,0.00647740016616215,0.003343256737843,13.208641121629626,13.466059814323671,0.0520423838170245,0.012542907837518175,0.0025412630352926752,0.014243185472000425,0.0028157877837444254,0.0227154063133347,0.01903892407498765,0.0016779514844529001,0.00136011379072435,0.022524570057844025,0.0190856565606155,0.001376635686028675,0.0013605490676127,1300.0,0.000916342933052425,0.00117777606544515,0.0137910105971328,0.012975758439031475,1.0,1.0,0.017937368682799226,0.01798942971399385,1.0,1.0,1.0,1.0,1.0,1.0,0.02136510571955955,0.021833544360878327,0.0,0.0
155,155.0,0.0026153014922575997,0.014502068581397775,0.0049714395436074,0.014345189893567999,0.004535707396890375,0.006461530288739725,0.0033431927159187,13.45601596951019,11.854953994159589,0.06954450753983105,0.012548727151219475,0.0025573786087568747,0.014236613845619774,0.002787568798667,0.02271007437638895,0.01903345540649135,0.0016621241811662,0.001347326266113625,0.022702201994552,0.01903070039594585,0.0013808437506668,0.00134875415824345,1301.0,0.000920753548894575,0.00118197762855255,0.013787692645567201,0.012976480206015824,1.0,1.0,0.0175051331796265,0.0176573999266289,1.0,1.0,1.0,1.0,1.0,1.0,0.0211716505772107,0.0219286671352189,0.0,0.0
156,156.0,0.0014183497254232,0.014248642880766325,0.004949026444284575,0.014293068878593175,0.0045520713604797,0.00656761570904985,0.0033401156855701,15.797222667897586,15.636684143042658,0.08444013871485362,0.0125551348520627,0.002551450112894075,0.01431267536292885,0.00278526600407205,0.02274140416022525,0.0190958476947085,0.0022389884106814497,0.0014454764313995248,0.022657440723796,0.01911322584057295,0.0014319613110274,0.001464708882849625,1350.0,0.000892170724663325,0.0011439859508395249,0.014362619039448375,0.013396565374307974,1.0,1.0,0.017617407256452874,0.018464026857139125,1.0,0.75,1.0,1.0,1.0,1.0,0.019387810555151173,0.0211998754672455,0.0,0.0
157,157.0,0.0012885879487856,0.014242984098310851,0.00494874484059375,0.014289431046427275,0.0045520713604797,0.006565825013076475,0.0033400540831165,16.913439012307208,14.383530209714081,0.11376697476953265,0.012550996062081675,0.002551614950082125,0.014308298913161951,0.0027893878566130747,0.022737940734953922,0.019089046295576777,0.0023000707151367497,0.0014100065454839999,0.022747456347102225,0.019087859246816625,0.0014308867976069,0.00138474156847215,1351.0,0.00089644263195945,0.001148056848109725,0.014363494347213025,0.0133986764276045,1.0,1.0,0.017620018003951222,0.018509928311366726,1.0,0.75,1.0,1.0,1.0,1.0,0.019387918154189103,0.021199875467245527,0.0,0.0
158,158.0,0.00039843256130412503,0.014033112803687174,0.005105892234048224,0.01430866100206225,0.004727431451870025,0.006545455077295275,0.0033370912575409,14.679669332457706,17.865724925184622,0.1551054721348919,0.01258398886298125,0.002549824559096775,0.0142995825179679,0.0028010508354983747,0.0227757743020275,0.01886306720904265,0.0020980583503842,0.0014623210881836001,0.02282609052448585,0.019027932512147624,0.001508196408394675,0.001523754268418975,1400.0,0.0008704174000946,0.001112974670824525,0.013363220722697074,0.0138744671750602,1.0,1.0,0.018709809591935574,0.0189285618538714,0.75,0.0,1.0,1.0,1.0,1.0,0.020045939736876198,0.022014750219107027,0.0,0.0
159,159.0,0.001063844568999675,0.01405775177959705,0.005161412957060275,0.014305769022654225,0.00472980137676355,0.006538831754971049,0.003337031900342,15.98133900220273,9.750538450316526,0.08205363014712927,0.01258182086666145,0.00255075691044965,0.0143201504275208,0.002796420230013875,0.022785143838227502,0.01886865830190035,0.00186078925617035,0.001469641458243075,0.0227721351630397,0.018874437098922624,0.001510478963609725,0.001443784218281475,1401.0,0.0008745523604821,0.00111702700856385,0.013349927605244375,0.013869192385175276,1.0,1.0,0.018720245312172226,0.018941397391215673,0.75,0.0,1.0,1.0,1.0,1.0,0.020045939736876198,0.022014750219107027,0.0,0.0
160,160.0,0.00099581003789205,0.013684386206964874,0.00540101058107105,0.014372514390214326,0.00489178400208915,0.0065815513338501755,0.003334175197305,13.145266358333176,10.308711182617115,0.10546855081338433,0.012586258818392424,0.002533359211473925,0.014322098724374899,0.00286557376657395,0.0229401801287965,0.018845580218263176,0.001930104161147,0.0015220373170449749,0.022739643887039952,0.0189803306125369,0.001568594190757625,0.001509995840024125,1450.0,0.0008719557208359999,0.001085245410766425,0.0134017785469368,0.013863341158934825,1.0,1.0,0.0188291458273614,0.018930833489219298,0.75,0.0,1.0,1.0,1.0,1.0,0.021018915108792773,0.021935651009445924,0.0,0.0
161,161.0,0.0010348129480978001,0.0136773123169527,0.00541904794491465,0.014393037540504776,0.004790939500455525,0.0065820875118517,0.0033341179292409,12.052088461408855,11.31325184047455,0.10404864663723848,0.012585192556856025,0.002535679210461425,0.0143211903809334,0.002814704980347875,0.022962327697826176,0.018839390271442224,0.0018915676046162,0.0015319947851821251,0.022928160839556323,0.018839415216518073,0.0015651414287276,0.0015498614520765251,1451.0,0.0008759441618272001,0.0010891084130374,0.013400414187925225,0.013859289786017526,1.0,1.0,0.018829392529190477,0.018927934705251226,0.75,0.0,1.0,1.0,1.0,1.0,0.021193636400278423,0.022172251451683403,0.0,0.0
162,162.0,3.183991568074434e-06,0.013937436837277824,0.005425413491292175,0.014454327759481226,0.0048625116655029,0.0065839257814751,0.0033314154492243,25.120888452685904,8.507456640421879,0.08930630295071745,0.012609646287765525,0.0025330726495947,0.01455737774293115,0.0027779521655065254,0.023411707641455726,0.0188284485320308,0.0018286900012753,0.0015439564012922,0.02300973071629875,0.018895765211831,0.00159305892884725,0.0015699812793172,1499.0,0.00085264852138575,0.0010600994630947502,0.01357693998930515,0.013879414598677,1.0,1.0,0.019679214861080926,0.018732696146926624,0.75,0.0,1.0,1.0,1.0,1.0,0.0217724743679047,0.021598948268331773,0.0,0.0
163,163.0,-1.3453297196443163e-06,0.013909268172799825,0.0054022083248046505,0.014450929804987751,0.004888013088287475,0.0065927331126481754,0.0033313600921639,21.433265791332815,8.779360465530772,0.07669829635415223,0.012608252776145624,0.00253189308267215,0.014554858442113424,0.002777469189772575,0.023415712885307027,0.0188319668521775,0.0021014199010096,0.00160999974468715,0.02342895631221605,0.01882594510758115,0.00166303134756155,0.00159426650498055,1500.0,0.000856525444008875,0.0010638278388727751,0.0135774168952409,0.013884699386954651,1.0,1.0,0.019548218231860773,0.01867922845522915,0.75,0.0,1.0,1.0,1.0,1.0,0.021710969211640903,0.021598948268331773,0.0,0.0
164,164.0,-1.0431162872479849e-05,0.013926528106194625,0.0053888536656104,0.014447868420357925,0.004888013088287475,0.006590350146461175,0.0033313047727924,23.769589231000282,9.810295541363303,0.07484908035257827,0.012606375404342675,0.002530532771396525,0.0145539896496815,0.0027757649868746003,0.0234049094116422,0.018831334138618375,0.001863302488345575,0.001547028019558575,0.0234038145409699,0.01882591930466615,0.0016120067448355,0.001543929800391125,1501.0,0.0008604080059969,0.001067562650708525,0.01357781392187585,0.013894650422147674,1.0,1.0,0.0195490573770936,0.0186777188356394,0.75,0.0,1.0,1.0,1.0,1.0,0.02171096921164075,0.021607016095187073,0.0,0.0
165,165.0,-0.00045595908753295,0.01367733620354725,0.00529017243165785,0.0143597175882828,0.0049064747678021,0.006675846525566326,0.0033286392621805,24.65142039983766,10.730210345122032,0.08856095722876485,0.012593476030439575,0.0025383232352574002,0.0145107119658283,0.0027866707294866,0.023217194607084175,0.018770728614356975,0.0019670428009703,0.0019171908497810002,0.023296499399075476,0.01880362125089435,0.00166031462140375,0.0015444242744705999,1550.0,0.000853979435974675,0.001037913955638225,0.014094186042007475,0.013863240658362025,1.0,1.0,0.019468019493622726,0.0184008259362193,0.0,0.0,1.0,1.0,1.0,1.0,0.0217866303963706,0.0223536846385957,0.0,0.0
166,166.0,-0.00046649258606779997,0.01367187324382305,0.00529017943517975,0.014357380866615775,0.0049064747678021,0.00667476931398495,0.0033285857647098,23.19000040722312,7.593486382858828,0.02570337039651345,0.012594133197423375,0.00253757750208295,0.0145093516572237,0.0027858219706355753,0.023207225356869473,0.018765274664721724,0.00223958812421185,0.00203819078160445,0.02320541156103485,0.018765303127449,0.00174085755133995,0.00154430180555205,1551.0,0.0008577154163381001,0.0010415228701741,0.014094327406314425,0.013863576229399476,1.0,1.0,0.019441004184147077,0.0183708479470711,0.0,0.0,1.0,1.0,1.0,1.0,0.0217866303963706,0.0223536846385957,0.0,0.0
167,167.0,-0.00035874663793014996,0.013610418145033476,0.005262138573208074,0.01435160065337025,0.004824623774027625,0.0064702087265876,0.0033260066668408,17.580131353694014,7.96714594704099,0.060272203816566595,0.012586361192257974,0.0025275807983072248,0.014588792061632926,0.002848651032684925,0.023225262336597226,0.0188354757340623,0.0020004426478407496,0.0019596876227296,0.023204370764647726,0.018723099589577075,0.00179073563776905,0.001594698929693525,1600.0,0.0008357078130520499,0.00101383986712255,0.014061619928395674,0.013849832720179875,1.0,1.0,0.019055967442256898,0.018482987890167425,0.0,0.0,1.0,1.0,1.0,1.0,0.021837027723280975,0.02264954126322655,0.0,0.0
168,168.0,-0.000359525405142825,0.0136054702226413,0.005261988618799425,0.014349651387730299,0.004824623774027575,0.006468957322553625,0.0033259548764191,16.68132280075224,7.99469578784192,0.08058637485373765,0.0125874800237215,0.0025291504145581248,0.014593622746087324,0.002848310659277675,0.023215519175350925,0.01885013325533805,0.001958668290171725,0.0017169772763736,0.023213917054978526,0.0188289141424317,0.001893940032459775,0.0016241914127021499,1601.0,0.000839370611436425,0.001017352505988525,0.0140595713932737,0.013845219833226851,1.0,1.0,0.019058077207366825,0.018484834845534325,0.0,0.0,1.0,1.0,1.0,1.0,0.021837027723280975,0.02264954126322655,0.0,0.0
169,169.0,-0.000677345242884,0.0134178076346193,0.00514233749562705,0.014333173356676825,0.0048196151215657256,0.0064605890780299255,0.0033234568261047,20.39014931215206,9.554847759893164,0.09855336602777237,0.012586340446429676,0.0025588425305632747,0.014655973351825525,0.0028619176036685746,0.023401177617231025,0.0187847903596405,0.0023441508528776,0.0020860676304436253,0.02318749393885405,0.018773888583406475,0.001889117527753025,0.0016182539984583501,1650.0,0.000818539698370225,0.0009912137563694498,0.014565464541503,0.013362848675207826,1.0,1.0,0.018944333488037902,0.018689883219142,0.0,0.0,1.0,1.0,1.0,1.0,0.02165180041599045,0.022705528185752298,0.0,0.0
170,170.0,-0.00065411457270685,0.013441487335157199,0.005142196692325801,0.014349305605116925,0.00480651510432125,0.0064593536774907,0.0033234066383694,19.834565694618504,9.234233959810808,0.06641859502997245,0.0125852969522515,0.0025577707273427997,0.014655551705673625,0.002859780742148525,0.02338936069303285,0.018799309547149676,0.00216951005859295,0.002145170990843275,0.023393367180013124,0.018779687226638274,0.0018034200184046999,0.0016530266730114,1651.0,0.000822058826781975,0.000994671944809175,0.01456980063312235,0.01336307531340725,1.0,1.0,0.018954236411715224,0.018700284680165,0.0,0.0,1.0,1.0,1.0,1.0,0.021758901702531072,0.022705528185752298,0.0,0.0
171,171.0,-0.0005009284676853501,0.013318950679389475,0.005104688783010149,0.0143638321651133,0.0047527375311934,0.00657569712418235,0.0033209847532653,31.821683661895804,7.52875954087358,0.07810559048084535,0.0125978143486959,0.00255251121991745,0.01471200546174585,0.0028588754762704748,0.023307944323993898,0.01880853012108275,0.002419238444417625,0.002047905698418575,0.023520286063986748,0.018809813118102148,0.0017985742306336,0.001674639817792875,1700.0,0.000802569623442475,0.0009701382850041251,0.0142358171627356,0.013240330371400426,1.0,1.0,0.019285215939005222,0.018285656498987852,0.0,0.0,1.0,1.0,1.0,1.0,0.0224609807961835,0.022626543624532824,0.0,0.0
172,172.0,-0.00050047934471765,0.013318687629985051,0.0050942905361466995,0.014368997446909124,0.004744905858392275,0.0065725618656885506,0.0033209360731054,23.19878369465005,7.6785605858895,0.09829336643451819,0.012596381441853625,0.00255163466699075,0.014709182812063425,0.002858060389903775,0.023305882866253576,0.01880868242224605,0.002227205957751675,0.0019446227233856502,0.023313964097131525,0.01880370764877485,0.00185312062967565,0.0017018042271956,1701.0,0.0008059961516457,0.000973470545815325,0.01423630838825355,0.013249758139869651,1.0,1.0,0.01928641960123955,0.01827579535474965,0.0,0.0,1.0,1.0,1.0,1.0,0.0224609807961835,0.0225919714264393,0.0,0.0
173,173.0,-0.000341624515501,0.013360420392736074,0.005035734107227425,0.014419879502155074,0.004713970914310425,0.006522870245008925,0.0033186331846726,19.38639506592881,8.067436107608955,0.06408648344222453,0.01258918348770155,0.0025567341634437,0.014728063942802551,0.002856417703013725,0.02347639578560725,0.0187748807109559,0.00225484074326225,0.002104026032611725,0.0233249835217884,0.018893571031342125,0.00184561510104685,0.0017599589773453499,1749.0,0.0007878257373943,0.000950590421841625,0.013858368012143775,0.013296406064840876,1.0,1.0,0.018507572239080325,0.017528343401648952,0.0,0.0,1.0,1.0,1.0,1.0,0.02197706600721595,0.0217818747529671,0.0,0.0
174,174.0,-0.00034162894330575,0.013391605092994625,0.00504250605977815,0.014427765040908501,0.004713970914310425,0.0065214811864811005,0.003318585897559,18.9272435324965,8.393147069145925,0.06071240652818227,0.012601090232330275,0.0025558813699002748,0.014738224336571574,0.00285942107346095,0.0234677752204396,0.018771101599315623,0.0028118477202951748,0.002319256949704075,0.023465814835775475,0.0187723276331117,0.0019640631508082,0.00174303661333395,1750.0,0.000791156705581575,0.000953832415513875,0.01385851863910995,0.013288897532375875,1.0,1.0,0.018507825055163376,0.017750902913804698,0.0,0.0,1.0,1.0,1.0,1.0,0.02197706600721595,0.021770568650982376,0.0,0.0
175,175.0,-0.00033314065153027504,0.013405172195963674,0.0050410881065283755,0.014427358394069601,0.004713970914310425,0.006520093710024475,0.0033185386380552,19.237223249161616,8.074211268103682,0.08411952311871569,0.012602965266384675,0.002554363563707975,0.014737578489984651,0.002859443570373625,0.023485299728091727,0.018765624158571623,0.002264256472699325,0.001824317499995175,0.023481603291038676,0.0187657925066213,0.00195168756181365,0.001746107591316075,1751.0,0.000794483472560125,0.0009570638297563,0.013859502785963275,0.01328884691380185,1.0,1.0,0.018508197261932424,0.0175415871235803,0.0,0.0,1.0,1.0,1.0,1.0,0.02197706600721595,0.021770568650982376,0.0,0.0
176,176.0,-0.000295901631615575,0.013336290585039,0.005018706381612375,0.014388562670558824,0.004710417860847575,0.006623135310572676,0.0033162560948781,28.22875265555922,9.413438881456386,0.05425198783632362,0.012607284689641125,0.002557864638831275,0.014758400469932875,0.002828472139237975,0.022717654077253225,0.018844436768228875,0.00222649535862725,0.002264792099595,0.02341750304374475,0.018811777131069126,0.0020662625902332,0.00190259423106905,1800.0,0.0007957400748251501,0.0009349255101411,0.014227678888059075,0.013304459531097976,1.0,1.0,0.018802652084529678,0.01799907141992245,0.0,0.0,1.0,1.0,1.0,1.0,0.022184171136196824,0.021861898402208153,0.0,0.0
177,177.0,-0.0002859273920439,0.013309114200721275,0.005003430845954175,0.0143977753657946,0.004791446479945101,0.00664292465779605,0.0033162101763899,28.654705727647524,6.8820426727761514,0.06378962314920494,0.0126078740054779,0.0025600669579398253,0.014775376502777375,0.002903211466558025,0.022892725455110202,0.018848836775364523,0.006445226259529551,0.0020083647686988003,0.022718830786559653,0.01884043783726235,0.00203422742197285,0.001873101748060425,1801.0,0.000798981995549125,0.000938107966974275,0.014227709583177124,0.01331869926419695,1.0,1.0,0.018803735066538277,0.017945595111513828,0.0,0.0,1.0,1.0,1.0,1.0,0.022184171136196824,0.021615070730005626,0.0,0.0
178,178.0,-0.00036144040189822497,0.01307633458812215,0.005033323646171025,0.014458396660072525,0.00476796447918325,0.0064561645102572,0.0033139915252494,25.70864732307382,7.476597817905713,0.04807902267202735,0.01261815710577785,0.002533789765136225,0.01481758749403885,0.0029395621596187502,0.02349863882358775,0.0187450482025645,0.00249239348340775,0.0020339736365712503,0.022811164611657227,0.018819762696452625,0.0020535734365693748,0.001957845583092375,1850.0,0.000808328531632975,0.000916786326612375,0.01424526796802145,0.0132672205255559,1.0,1.0,0.019445342959724575,0.0186035500930987,0.0,0.0,1.0,1.0,1.0,1.0,0.022198528662771874,0.021577334229318602,0.0,0.0
179,179.0,-0.000360907040257325,0.013071946441552676,0.005033236252029475,0.014454666088819,0.00476796447918325,0.006454855698071125,0.0033139468746259,22.883066000707913,5.9626482528983615,0.03968650399474425,0.012617051532579849,0.0025349347934853503,0.014817305478407325,0.0029394791916659497,0.023515768541509725,0.01876779041806235,0.002270773751661125,0.00221438059816135,0.02349664269433685,0.018739908506757927,0.002109917579218725,0.0019907259847968,1851.0,0.00081146005469895,0.000919855523567975,0.01448141621081465,0.013209426102463576,1.0,1.0,0.019410987784025474,0.018603403674803898,0.0,0.0,1.0,1.0,1.0,1.0,0.022198528662771874,0.021577334229318852,0.0,0.0
180,180.0,-0.000462032028812,0.013054062524813226,0.004858140668880675,0.014487466752172974,0.00469263753349505,0.0065943839738703,0.0033117886759969,24.420579896657728,7.585059693374205,0.07833697315072632,0.012659090331511351,0.0025121110850544496,0.0148781020135329,0.0029499307167972252,0.023453168313356823,0.018628707880754977,0.002414661168586375,0.0021808706806041,0.023423735044029025,0.018818078378383674,0.002147346560377575,0.0019832810503429997,1900.0,0.0007940515173753,0.0008996072615961,0.01412209387812995,0.013057113347402224,1.0,1.0,0.019177180546668424,0.018506302754616476,0.0,0.0,1.0,1.0,1.0,1.0,0.022177395282654347,0.02295989713382285,0.0,0.0
181,181.0,-0.00046732217731300005,0.0130488108867512,0.004857287996488275,0.014485215656698225,0.00469263753349505,0.00659303245155785,0.0033117452258916,24.677559235016815,7.981551862787455,0.09793775092111895,0.012658921451192774,0.0025117659558547747,0.01487511928457535,0.00294929641190015,0.023453107609463328,0.0186239163556031,0.00244137411937115,0.002347042784094775,0.023451549731750974,0.01862408565988555,0.00215368252247565,0.0019995202310383,1901.0,0.0007971315072424499,0.0009026085277133,0.01411891571739845,0.013060527537997075,1.0,1.0,0.0191841915406182,0.018513134407136225,0.0,0.0,1.0,1.0,1.0,1.0,0.022065800903714374,0.02300228732836685,0.0,0.0
182,182.0,-0.0005388351129485,0.012914219040405024,0.0048270735126271,0.0144610401454985,0.004689902222708275,0.006632616597071201,0.0033096443096991,18.25043149245903,5.915734352311119,0.03608814184553915,0.012662466505365174,0.00252455694852205,0.015025656581547675,0.0030157187678388746,0.0235648552292285,0.0185484068138064,0.00238007452571755,0.002058257465250775,0.02339731229696985,0.018588903546336175,0.002188904152717375,0.00200731499353415,1950.0,0.000799110698015925,0.0008833021126614499,0.01409265866866205,0.013061078397569599,1.0,1.0,0.01916347401594745,0.01834773048393365,0.0,0.0,1.0,1.0,1.0,1.0,0.021772642095576274,0.022748595727291623,0.0,0.0
183,183.0,-0.00053718853872505,0.0129061198692464,0.0048270430483567,0.014459271153854475,0.004689902222708275,0.0066317605645194,0.0033096019979728,27.912145628069993,7.213089625176508,0.0483703297795727,0.012660549776928001,0.0025232644362784998,0.015030411224193376,0.0030152442165360003,0.023554643795269524,0.018545830592450175,0.002407481020782125,0.00228154094656925,0.023555403261714347,0.0185467964901175,0.002165115205571025,0.002012023469433125,1951.0,0.0008020926479516,0.000886242279650225,0.014094256222971877,0.01306062569279255,1.0,1.0,0.019159226395964526,0.01833234297287965,0.0,0.0,1.0,1.0,1.0,1.0,0.021772721005477474,0.02274376007352835,0.0,0.0
184,184.0,-0.00052560286535925,0.012945387069149,0.004944272594568475,0.0145819408721058,0.004688265392407825,0.006742339374370975,0.0033075966880981,26.101954837387893,6.791565822553821,0.055206682358402676,0.0126617811790053,0.0025406446881617003,0.015095102282596926,0.0029696911727916,0.02329488988693555,0.018643098243605126,0.00239196704933415,0.002241508511360675,0.023512090925443676,0.018565760348208102,0.002285743656102475,0.0020917259389534003,1999.0,0.000786240371585725,0.0008682984547276,0.014122646359248075,0.013487349440242252,1.0,1.0,0.018803663877171653,0.018610774641352225,0.0,0.0,1.0,1.0,1.0,1.0,0.021616316325559774,0.022789871857713147,0.0,0.0
185,185.0,-0.000524136794198225,0.0129433965172397,0.00493995998135135,0.0146032932180755,0.0047050410861934,0.006745939528065299,0.0033075554362132,25.363852901791688,6.424758751585614,0.0493309449520893,0.012660086189525376,0.002540560461889625,0.015098650241667875,0.0029704211260790253,0.02330248706031845,0.01863892765111955,0.002469536790158525,0.0022575889015569997,0.023328752915513902,0.018638407844335278,0.002264628710690875,0.002103908627759625,2000.0,0.0007891517936835001,0.00087117209840935,0.014122912636842525,0.0134873407796574,1.0,1.0,0.018802443529327025,0.018615539142748126,0.0,0.0,1.0,1.0,1.0,1.0,0.0216310568460529,0.022838661018604576,0.0,0.0
186,186.0,-0.00306173444642345,0.004534210467239925,-0.003061734444425325,0.0045342105777266,-0.003802731564913975,-0.00380273156491395,0.0033619696940535,0.40180023288121447,1.1251969467266463,0.27725511853350326,7.403057709967372e-35,9.214888503650302e-20,7.403057709967372e-35,9.214889503021589e-20,0.004534237429490425,0.004534237382299875,0.0001212550560012,7.773505058139563e-05,0.0,0.0,8.597737178206444e-05,6.399821722880006e-05,0.0,0.06165795831275042,0.013447880422926125,0.04908225525561262,0.040530373726984426,0.0,0.0,0.049082255254966824,0.0405303736901553,0.0,0.0,0.0,0.0,0.0,0.0,0.054415312644375324,0.05568446560502638,0.0,0.0
187,187.0,-0.003064199032563775,0.005133303745647375,-0.00306419903232765,0.005133303745761075,-0.00380273156491405,-0.00380273156491395,0.0033466805760084,1.9174990601022728,4.495173469884321,0.3503986162832006,4.7741408273813346e-35,1.6942803769938236e-19,6.169214758306144e-35,8.081942058810688e-20,0.00513332433183765,0.00513332433202525,0.00011000566883009999,8.291489211842418e-05,0.007813962362921926,0.007813962367514974,7.572240428999066e-05,7.645244477316737e-05,1.0,0.07796678863189101,0.0534783288513031,0.044593354523018776,0.04033312702003303,0.0,0.0,0.0445933545214572,0.04033312701686195,0.0,0.0,0.0,0.0,0.0,0.0,0.050732367029114725,0.05235163526139455,0.0,0.0
188,188.0,0.0016532457916436751,0.0090596552586564,0.0016532457916323,0.0090596552567574,0.000562030797997125,0.00092732857535895,0.0033129278792405,5.226347848016303,4.674762386013754,0.7621073169866577,4.584534288520485e-35,1.246512452854101e-19,4.1128098388707625e-35,3.467803079055878e-20,0.00905965869047215,0.009059658700916825,0.00011384754907335,8.717778837308288e-05,0.019002190332258223,0.0190021903316532,7.70075130276382e-05,7.713749073445797e-05,4.0,0.06301796075266419,0.0565137995873254,0.038967082632096424,0.0298241112706338,0.0,0.0,0.03896708265092825,0.02982411128204085,0.0,0.0,0.0,0.0,0.0,0.0,0.04498052634702495,0.03789383223030868,0.0,0.0
189,189.0,0.0032185916753485495,0.010279732026327225,0.00321858526705025,0.010279732008051675,0.000903437288598275,0.002621188112036475,0.0033042130670007,5.617872511909809,3.899552889750339,0.3443850822513923,5.0822503329381e-35,1.1630388902232465e-19,3.701528854983686e-35,2.6995540481494186e-20,0.01027973178076845,0.01027973177796725,0.00010721571743484338,8.072255877777934e-05,0.014180822553373901,0.01418082256647535,7.779005682095885e-05,7.467757677659392e-05,5.0,0.060521996940306154,0.05514089511824857,0.03484124926947757,0.029628897959928423,0.0,0.0,0.0348412492694376,0.02962889833687265,0.0,0.0,0.0,0.0,0.0,0.0,0.0421851921784502,0.037512173070200626,0.0,0.0
190,190.0,0.0037628413655284502,0.011773932728273725,0.0037626830177140747,0.011773923622514025,0.0031630832565785498,0.003556314722847175,0.0032765352414292,8.90050372184487,6.881445209612139,0.5046578640467487,4.004236988721064e-35,8.610590147394519e-20,2.643949182131204e-35,5.309165322662549e-20,0.011773882381722101,0.011773881297383226,0.000111467728856875,7.448246469721198e-05,0.0157188211201848,0.015718722979192475,7.254001684486866e-05,7.186760194599628e-05,9.0,0.04849691553984972,0.04698733975587355,0.02412201672188745,0.0218855085370166,0.0,0.0,0.024121379745565975,0.021885022876482627,0.0,0.0,0.0,0.0,0.0,0.0,0.02751586945916035,0.028296826944275374,0.0,0.0
191,191.0,0.0037426687362000248,0.0117637019330789,0.003742154313100725,0.01176369916628825,0.0031630832565785498,0.0034961474967149997,0.0032708886731202,8.305005533678923,8.878614415240008,0.7570085360202938,3.2206397983836136e-35,8.537753424132469e-20,2.467685903322458e-35,4.9362038034851477e-20,0.01176366856768385,0.011763667971898775,0.00010226573795077499,9.556597797196061e-05,0.011763668952733751,0.011763668030427625,7.564813131466508e-05,7.946323603391647e-05,10.0,0.04552467898594543,0.0461034994922299,0.024531101345727776,0.02194758580212905,0.0,0.0,0.0245288032154917,0.021945910674974124,0.0,0.0,0.0,0.0,0.0,0.0,0.027388067149230276,0.0271048653064499,0.0,0.0
192,192.0,0.002757416965128375,0.01092388570617915,0.0036336625433387995,0.010558760817643426,0.002402179428967825,0.0037082051479256,0.0032516156438946,6.232423949113581,6.383781194221228,0.8283260312164202,0.00151069747923205,0.000676908127752225,0.0023493435498382,0.0007065180402657,0.012570939548464775,0.01221907994755145,0.00012237753253425,8.76325648277998e-05,0.013284830756214075,0.013284892270613025,9.362999117001892e-05,8.15275707282126e-05,14.0,0.0348980686282066,0.03910596506561205,0.022407394166421374,0.0200806404718967,0.0,0.0,0.01969040393124875,0.0223582919344989,0.0,0.0,0.0,0.0,0.0,0.0,0.022789833534275074,0.023301345474490424,0.0,0.0
193,193.0,0.0027366220370357,0.01067913105778325,0.003854883266556825,0.01088765132393,0.00179354454413165,0.00363078026846005,0.0032474486642306,7.06160793552408,6.184034862671979,0.8508184204110876,0.001753948827006225,0.0007010491566394751,0.002739906634941175,0.000954426289121425,0.012634318515754625,0.0121166599381006,0.0001234535011462,8.683279156684875e-05,0.01270150903161615,0.0133084278481244,8.437491487711668e-05,7.989018922671676e-05,15.0,0.03344731370333145,0.04219984536481543,0.018347639909162952,0.020594969303599477,0.0,0.0,0.018961216963527275,0.02253280402558815,0.0,0.0,0.0,0.0,0.0,0.0,0.022883359988348326,0.02394719856526965,0.0,0.0
194,194.0,0.0017654921769195001,0.0110806431224623,0.0026373867705882,0.01030104959178155,0.002988120581533325,0.003571631622462725,0.0032326803496737,10.36239396390738,11.301133238419423,0.698282629949972,0.003134839743901125,0.0011417487632237248,0.004331737068444325,0.001385456505055075,0.014045299089129975,0.0142396787558412,0.000112875830382075,9.496754501014948e-05,0.016254755601901948,0.0141960596457493,8.41973815113306e-05,8.671253453940153e-05,19.0,0.02761953459217895,0.039298447880750695,0.0208292410781934,0.021794141720465652,0.0,0.0,0.020618683745621424,0.023304469870307473,0.0,0.0,0.0,1.0,0.0,1.0,0.0252197120870514,0.025878546385547825,0.0,0.0
195,195.0,0.00171614291213215,0.0109032086911996,0.002567302343074075,0.011055486344189675,0.0012853311634094251,0.003945766836461475,0.003229382921067,6.4792858074069954,6.590195619384758,0.852535925223492,0.003454437316174375,0.001136675403853775,0.0045208187777940004,0.001417951642619925,0.01390404617142635,0.013681981346002924,0.0001082450035028,9.233993478119373e-05,0.01523324024232935,0.0146738381279377,8.629501098766923e-05,7.941509829834104e-05,20.0,0.026707289061932024,0.04518402793458935,0.019206370805323874,0.02121088693377,0.0,0.0,0.01966094276348805,0.01876049137510865,0.0,0.0,1.0,0.75,0.0,0.75,0.026103870612393876,0.026761070568110123,0.0,0.0
196,196.0,0.003681675388205825,0.0120237064331516,0.00353651470580115,0.011528185070876424,0.0025076514727779,0.0041060561391389,0.0031663504240582,5.214020597224589,9.15246936591575,0.9356389207532628,0.00748138830909365,0.00191670543723615,0.0086197862212385,0.002041179503394,0.016395980436106475,0.016308761356934223,0.000161293486598825,0.000112957612145625,0.019654430286275,0.020241710824437327,0.000113005109596925,0.0001173250493593,50.0,0.012009069278149976,0.0219064811674216,0.0160775798475708,0.01672170658370075,0.0,0.0,0.01682442286193575,0.015851632218363325,0.0,0.0,1.0,1.0,1.0,1.0,0.01933827601079845,0.019655343292204724,0.0,0.0
197,197.0,0.00347227814876495,0.011983581384711301,0.003536569536948425,0.0114784468913947,0.0024761936525155752,0.0040731001307291,0.003164924422699,3.3736827166867442,4.110244611627422,0.83237501361873,0.007701807133900975,0.001954194151484525,0.0088522313272625,0.002150784189087075,0.016242242926655475,0.01625143467237235,0.000156180176418225,0.000122649886179675,0.016239542462908,0.016243049647915727,0.00011454254854470001,0.00011527998140075,51.0,0.011911489094281899,0.0216051675220898,0.016124101406819923,0.016679031324662225,0.0,0.0,0.017024213844149975,0.01590212232029745,0.0,0.0,1.0,1.0,1.0,1.0,0.019856007830155276,0.019538668832424423,0.0,0.0
198,198.0,0.004299860313958925,0.01252903201326445,0.003707561073251625,0.011821707061262425,0.003175893478394,0.00472911628449965,0.0031155757285666,9.870624095725361,7.4423505155718885,0.38538239890476683,0.010261318940914024,0.002456689769306625,0.010765399222529,0.0023962718366613497,0.017735538844490126,0.017012811739420725,0.00019082328071809998,0.000160787487402525,0.018087757694378148,0.017735751788814223,0.00016698992112649998,0.000160950818099025,100.0,0.0064347374506363,0.0114704212817292,0.014811841525612952,0.01471511041616815,0.0,0.0,0.016032809846219725,0.014939960635017426,0.0,0.0,1.0,1.0,1.0,1.0,0.02161030192660035,0.0195387310370973,0.0,0.0
199,199.0,0.004297695550988275,0.012716856043991875,0.003718241688904875,0.011820516817042725,0.0032378217012629003,0.0046946621115278,0.0031148375224208,6.929164947010577,7.342607583384961,0.24993488180916756,0.01031423487074575,0.002461811641664125,0.010742532952300824,0.002395267514326025,0.017696355139789,0.017148171904692724,0.00020012608729295,0.00017151009524235,0.0177357369136102,0.017152178943427923,0.000174973101820725,0.000165453064255375,101.0,0.00643228536001205,0.0114268850638208,0.015319898603242399,0.014718606101152975,0.0,0.0,0.016476231759684924,0.014950217005544,0.0,0.0,1.0,1.0,1.0,1.0,0.021245734012245224,0.0195387310370984,0.0,0.0
200,200.0,0.004745447138464099,0.012659673836348825,0.004472104448856824,0.012492292421321676,0.003143795466803375,0.005596194158893175,0.0030853877570851,7.701404872525018,6.954785705136601,0.22659921058220786,0.010934695278579525,0.0025343237263151,0.0113537874630774,0.002372031755369875,0.01738844863754325,0.017794600595210576,0.00023426598636425,0.0002077557146549,0.01801538197742935,0.018501084194057202,0.00020727521041405,0.00020924536511295,150.0,0.00448385672849295,0.007797970626819325,0.015097033006048125,0.014354232588599549,0.0,0.75,0.01500630428598745,0.014393163507779826,0.0,0.75,1.0,1.0,1.0,1.0,0.0217343333551733,0.02002402871480875,0.0,0.0
201,201.0,0.00474394119181125,0.012644427587616101,0.004211109709609725,0.01248540742195965,0.0022231276789897248,0.00557136445453745,0.0030848917522008,6.44090799044352,8.141245304897893,0.6631075565819629,0.010939361328595926,0.0025344176608933,0.0113586087084736,0.0023704867646612998,0.01746535215844535,0.017859959524123524,0.00024725828552612497,0.000226477452088075,0.0174502319379604,0.01785993040257555,0.00020800088532265,0.000203885312657725,151.0,0.00449628855131185,0.007785758194849425,0.015094956627964725,0.014346428500584974,0.0,0.75,0.0150085293175449,0.014385471768849275,0.0,0.75,1.0,1.0,1.0,1.0,0.020574283036970148,0.020024028714808677,0.0,0.0
202,202.0,0.005075571426091351,0.012716332042044075,0.0042407329556136495,0.013379552678235124,0.00412281538200575,0.005991698110902325,0.0030638972570351,6.198765404580627,3.608618815080263,0.17787147586932403,0.011457373509570826,0.00249806424108435,0.011846931673477074,0.00251444652286935,0.017825292665265752,0.0177136921891403,0.00035857595503325,0.00060131674399595,0.018052928400156373,0.018336662616208775,0.0007689668564125501,0.000303393462672775,200.0,0.003475330527860075,0.0059484849983923,0.0143675318196228,0.014141350412605775,1.0,1.0,0.014881512463877724,0.01328527528282185,0.0,1.0,1.0,1.0,1.0,1.0,0.0223577032440883,0.01878352750763735,0.0,0.0
203,203.0,0.005127380437739176,0.01269633673825785,0.0042297925396058995,0.0133623370896117,0.0040984406728006495,0.006127690769812524,0.0030635245420788,7.860411702131389,3.6807716454495676,0.13128095475258297,0.011431294668385475,0.0025093510603816,0.011831424940282576,0.002505620572125125,0.01778391338348495,0.01767915667836335,0.0003517709556035,0.000260696047917,0.017780296168957627,0.017679201447232774,0.0007009423570707,0.00024483096785835,201.0,0.0034889119201276,0.0059512603397269,0.014377229665230525,0.014165805437307149,1.0,1.0,0.014874099921336726,0.013284881744917626,0.0,1.0,1.0,1.0,1.0,1.0,0.022447332315417276,0.0189111512161292,0.0,0.0
204,204.0,0.00449826016494815,0.01270116825387505,0.004061926553092025,0.013354589326890924,0.00377446217923755,0.0063056650507296,0.0030472251202578,9.349716865166556,8.126241463585757,0.4824776307214051,0.01166683056618595,0.0025842706645756498,0.011914942598889,0.002469680101521575,0.0183823355247648,0.0179002034446541,0.0006538791931234,0.000331965857185375,0.018157207616183474,0.01811434970843165,0.00030914088711140003,0.000302365224342775,250.0,0.00284727062358865,0.00481910972847005,0.014857246114243624,0.01442378734992945,1.0,1.0,0.01472646322892665,0.013197249246777025,0.75,1.0,1.0,1.0,1.0,1.0,0.02046719520406945,0.0196833291295482,0.0,0.0
205,205.0,0.004527168634407975,0.0126790618337539,0.00406055120297235,0.013337514914667276,0.003642191930072625,0.006306529461991575,0.0030469269715364,6.99080765718827,7.133862372604199,0.18401432520477096,0.011641012376029426,0.0025822922950302,0.0119214948112049,0.00247508370994865,0.01847976937164355,0.017863754556221224,0.000558846688363625,0.00039853085763745,0.0183583492531194,0.0178634165984827,0.000725664431229175,0.00035152846248815,251.0,0.00286013266685605,0.004823801009608875,0.014852208090347001,0.0144245493711063,1.0,1.0,0.014904190332171875,0.013265801359798225,0.75,1.0,1.0,1.0,1.0,1.0,0.02046719520406945,0.0197761428057748,0.0,0.0
206,206.0,0.0050163782133155,0.01314230556705685,0.0043603121497800745,0.013770170135707475,0.0045553402175653,0.006768746984239125,0.0030336155957825,14.813344731752295,8.813791977299843,0.3568960374686867,0.012009354751117175,0.00245116372952895,0.012039256429115125,0.002467500570097275,0.01817343363252755,0.0182170060557305,0.00089456443674855,0.00077230948954815,0.018464363293434673,0.018083896542231075,0.0006703271064907,0.0003867808845825,300.0,0.002423205243880275,0.004065251094280175,0.0150653616769176,0.013981404895144725,1.0,1.0,0.014923172575310725,0.014238749458085526,0.75,1.0,1.0,1.0,1.0,1.0,0.019689828346531477,0.020025712577274347,0.0,0.0
207,207.0,0.004960140929109475,0.013131176231959401,0.0052449433836083,0.013803553863471974,0.004493081160865525,0.0066964175093436,0.0030333673556694,11.845989201217888,6.480466746899765,0.3226388448965736,0.011999243384571725,0.00245382599340055,0.012043373442644376,0.002455949509605475,0.018180482641732023,0.0182243549497407,0.000928007299080475,0.0005649641971103749,0.018155518647219225,0.018223767864809174,0.000699224474374175,0.000338838552124725,301.0,0.00243553184432245,0.004072067634689675,0.0150616833808235,0.013980833700460524,1.0,1.0,0.014920897038859824,0.0142371449396071,0.75,1.0,1.0,1.0,1.0,1.0,0.019689828346531477,0.0200446391044055,0.0,0.0
208,208.0,0.0052787663847304,0.013279792990219575,0.004605303560237075,0.01338666444245345,0.0041623388444046,0.006397421783420825,0.0030221243878016,8.771415484661702,8.59724060370354,0.20387453993316734,0.011963297022236025,0.0024628681528952503,0.012050854578795251,0.0025022796781415,0.017934504359926398,0.01812120089337135,0.000628399197012175,0.000885712332092175,0.0181711910416336,0.018027428875541124,0.000769110163673725,0.0004072937881574,350.0,0.0021194747421909997,0.003526318730956475,0.015049205398441675,0.01478566892841375,1.0,1.0,0.015138701547801173,0.014208781210280574,1.0,1.0,1.0,1.0,1.0,1.0,0.018300246040098826,0.019441475473842673,0.0,0.0
209,209.0,0.005276932646835225,0.013269430015698275,0.004600718313548425,0.0133145919289579,0.00409017920643885,0.006297359921324575,0.0030219118688058,6.356696653179824,8.074022954388056,0.1210795544902794,0.0119543564601323,0.0024641469747184747,0.012048707293126175,0.002511993036212175,0.01792608961497685,0.018108683144945674,0.00050284207100045,0.000766909390222275,0.017909454994333624,0.01809573591372355,0.0007818868616594999,0.000397905940189925,351.0,0.00213078363805595,0.0035333843695826003,0.015047626275619926,0.014786662740191974,1.0,1.0,0.015138216915652975,0.014210757685754026,1.0,1.0,1.0,1.0,1.0,1.0,0.01968536898209085,0.019441475473842673,0.0,0.0
210,210.0,0.0049599378622926,0.012943008936040924,0.004619618206055625,0.013102382612016149,0.0035159056940391752,0.006208957473804375,0.0030121851891155,7.685224860499147,5.408961853769142,0.2992231547832489,0.0119405529351558,0.002500055555875425,0.01230237458811265,0.002465534368398125,0.017790009283402176,0.0177335686221173,0.000527056865394075,0.000871322292368825,0.01784162571245035,0.018126420820207698,0.000640859303530225,0.00044320180313655,400.0,0.00189091975041135,0.00312374311460785,0.0148604731111495,0.014616636911846451,1.0,1.0,0.014845893747833,0.0150837913013824,1.0,1.0,1.0,1.0,1.0,1.0,0.0192928006532381,0.019628311959004302,0.0,0.0
211,211.0,0.00502399485844745,0.01293489916938715,0.00461686136944525,0.013089162277357149,0.003280342896611925,0.006203531707270775,0.0030119994866578,5.7605992361786775,6.283578723552637,0.09656406578142192,0.011946333187389725,0.00251150523701445,0.012297016235250476,0.002476873972736425,0.017771515911951398,0.0177261426474364,0.0005004142294637,0.0010421527549623751,0.01777408770735415,0.0177297462677239,0.0006970244576222999,0.000461283780168675,401.0,0.001901886966629425,0.003131582987143175,0.01487777665182195,0.01464105293051025,1.0,1.0,0.01483762470368965,0.0150830218448022,1.0,1.0,1.0,1.0,1.0,1.0,0.019292800653238174,0.019628311959004302,0.0,0.0
212,212.0,0.004975213770489875,0.0131004894703283,0.0044898437203009,0.013552668147570725,0.00308679852569535,0.00645307095461455,0.0030034316943192,9.057994000148028,9.075668625708204,0.2986181234009564,0.011937182536771425,0.002489231260738025,0.012219825746487376,0.002492743020255825,0.018156904854804375,0.0182911239664773,0.000904649554286125,0.000767302000895075,0.0180176215200372,0.018139626212669225,0.00067170691909265,0.000557754305191275,450.0,0.0017154242198713,0.0028050435021365998,0.015011180700763401,0.014438027913678776,1.0,1.0,0.01490700606007865,0.014496243472058724,1.0,1.0,1.0,1.0,1.0,1.0,0.0204889354553907,0.0200996877944012,0.0,0.0
213,213.0,0.00498382254723825,0.013097050967279325,0.004476610930734425,0.0135244378685174,0.0031836580704546497,0.0064565395020877245,0.0030032668562028,8.871247328992467,9.638367135135924,0.29751789488364005,0.0119726049099311,0.002498626810265225,0.0122593817735578,0.0024914003411663,0.018134744748758203,0.018281935778688526,0.000598959566559575,0.0009943126933648749,0.0181360456787894,0.018272126421380624,0.000681761943269475,0.000559764273930275,451.0,0.00172507703343665,0.0028120091696697998,0.014965159180617575,0.014458993790272351,1.0,1.0,0.014924730388680526,0.014493552866531501,1.0,1.0,1.0,1.0,1.0,1.0,0.02051112545115325,0.0200996877944012,0.0,0.0
214,214.0,0.0051418538007037,0.01324111240375685,0.004749121907308575,0.01354308693151125,0.0033194580069537,0.0065318112377895495,0.0029956133675066,9.002407509833574,7.472822182753588,0.34610022907145316,0.011944484669368776,0.002455023704397725,0.01218294602354965,0.002487723140440825,0.018558140705436175,0.018275449861396825,0.00122614554129535,0.00139578885864465,0.018190858394755524,0.018416813193772523,0.000690322543960025,0.0006282168324105,500.0,0.0015698632971602251,0.0025496186005191748,0.015172310752477876,0.014694554824065224,1.0,1.0,0.015110299207917226,0.014541110502472001,1.0,1.0,1.0,1.0,1.0,1.0,0.021947919936650923,0.019563221433788875,0.0,0.0
215,215.0,0.0051495375490858,0.013235471660231625,0.004758632279662375,0.013507976100833326,0.0032941275445279496,0.006539601652539025,0.0029954652201144,9.764061253925318,6.823733891767915,0.2006166885257698,0.011933541762111775,0.0024589307067799503,0.012171876841776825,0.0024948295585784748,0.0185344372430276,0.018259657449702576,0.0006766419974155501,0.001360716414637825,0.018537653109064724,0.018258729590482,0.0006172592402435249,0.000599360966589275,501.0,0.0015786110974041001,0.002556544068654425,0.0152251373878629,0.0146796778588372,1.0,1.0,0.015110345000824576,0.01452054756468675,1.0,1.0,1.0,1.0,1.0,1.0,0.021947919936650923,0.019622261642196125,0.0,0.0
216,216.0,0.00444123074232195,0.01320515516841435,0.0046740816023692,0.0134850036466022,0.0039445145134602505,0.0064707939494141,0.0029885513320212,4.646391138725448,5.465912913088687,0.11566653975751245,0.012459547881844349,0.002528471120484075,0.012408845982857124,0.0025229454712912746,0.018305084349299398,0.018834588887595573,0.000698801944963575,0.0009706830605864,0.018586772382934873,0.018500668722135575,0.0006297471118159,0.000580244523007375,550.0,0.00145042106274905,0.002341372459633275,0.01513986655418885,0.014676279360604,1.0,1.0,0.014924781021018976,0.014503172641808375,1.0,1.0,1.0,1.0,1.0,1.0,0.023411537326116127,0.019464462698980674,0.0,0.0
217,217.0,0.0044410030834406995,0.013198981794042601,0.004672323222921225,0.013471865348439475,0.0039445145134602505,0.00647956677853805,0.0029884168367515,5.099633194680791,4.661777760426048,0.202116989181377,0.0124593290245023,0.00254087595782695,0.01239666224664655,0.002522934911318475,0.01829593803276965,0.018831359495849527,0.000803247094154275,0.0009191044373437,0.018287130569302673,0.01881373622015645,0.000588282069656975,0.000563113484531625,551.0,0.00145858447646415,0.002347939594232925,0.015099151615644749,0.01479747891748105,1.0,1.0,0.014925396994026875,0.014503710230486199,1.0,1.0,1.0,1.0,1.0,1.0,0.023411537326116127,0.019464462698980674,0.0,0.0
218,218.0,0.0047505105809823,0.013524362534865076,0.004708302900782476,0.013527109776781674,0.003329119202373775,0.00657788433772225,0.0029821134395311,6.925459839694668,7.652948321308941,0.3371590446913615,0.0123816680608664,0.0025517355229464503,0.01246856741998565,0.002484546861509925,0.01776163348016755,0.01908390642907035,0.001543243939522575,0.001083567971363625,0.01837684997736705,0.018925811269082424,0.00073461694410065,0.000640481943264525,600.0,0.001353963449734225,0.002168132586096375,0.015057978679992175,0.01476062017016405,1.0,1.0,0.014703614079791875,0.014140727661560926,1.0,1.0,1.0,1.0,1.0,1.0,0.0235598992530062,0.02266560642058025,0.0,0.0
219,219.0,0.004709548638273275,0.01351696612001875,0.0047071932283933,0.013516232694977873,0.003329119202373775,0.0065765530689917,0.0029819903159739,14.79704954935005,7.405105266429018,0.41152652399614453,0.012373702022906174,0.00255043290426,0.012461243708640074,0.002487869236299825,0.017727870071392572,0.019069166722282975,0.00072552956407885,0.0015847750473766999,0.017747242293583026,0.0190681860207655,0.000784259638749,0.00062586454441765,601.0,0.00136164173110245,0.0021744669062315498,0.0150591676105746,0.014759453128435351,1.0,1.0,0.0147129246158454,0.014141743008964624,1.0,1.0,1.0,1.0,1.0,1.0,0.023500755166901,0.02266560642058025,0.0,0.0
220,220.0,0.0050103414725654,0.0135663077863304,0.004858947883275425,0.013761638244220876,0.0041831647653044245,0.006291531320977475,0.0029761993112796,10.505429837387055,12.348042642697692,0.2826977946679108,0.012423456096559576,0.002573317648339775,0.012538379797410001,0.002523064762336625,0.0183110248676079,0.019123898721934776,0.001202573475893525,0.001461313979234525,0.018104909936157675,0.019178508908313324,0.000811377714853725,0.0006992745911702,650.0,0.0012708905425194749,0.002020902109641675,0.0149524494691681,0.01414977770872605,1.0,1.0,0.014095121836283125,0.014063106633996549,1.0,1.0,1.0,1.0,1.0,1.0,0.022746679454424823,0.023680661029700626,0.0,0.0
221,221.0,0.0050097503937513,0.01355951524093385,0.00485637471086665,0.013756076457347725,0.0041831647653044245,0.006311073280023425,0.0029760858046764,10.848735951294657,8.723370168125255,0.3363024035352282,0.01241818526045135,0.002571259251504625,0.012530087884885424,0.0025234784013149,0.018224881255829724,0.019106802479734824,0.0008752569556235501,0.00138580636121325,0.018399843272954176,0.019105562381182526,0.0007000669720582,0.0006787587772123,651.0,0.0012779922612812,0.002026935579343625,0.01497283006959115,0.014150522672668975,1.0,1.0,0.013941742332795075,0.0140636139314404,1.0,1.0,1.0,1.0,1.0,1.0,0.022746679454424823,0.02370888051523695,0.0,0.0
222,222.0,0.0051884115277069,0.013727714061038301,0.0047697284057974,0.01390776539769855,0.00355118927355415,0.0061285297184483,0.0029707309196382,8.010754868155345,8.438766436185688,0.30284982052398846,0.012455828968265074,0.0025585762059228,0.012557634201714876,0.0025360964157383,0.018338760669076075,0.0183571019568025,0.0009464528993703,0.00146956386743105,0.01822551628321525,0.0190994406996042,0.0008322744979522749,0.00074973207665605,700.0,0.001206796097700125,0.001894676202885725,0.014130803415604624,0.014215698608145476,1.0,1.0,0.014653975227468025,0.014006596089693076,1.0,1.0,1.0,1.0,1.0,1.0,0.021923210114186,0.023321617658327576,0.0,0.0
223,223.0,0.005171799269220725,0.013717118161079126,0.0047244268621345,0.0139002396484987,0.00354789530991995,0.006132847421169775,0.0029706256510775,4.993213522539008,9.483499092690183,0.2820664274040609,0.012456376642838624,0.002578645952595625,0.012560783040076275,0.002536775702727575,0.018318403574596825,0.019077343195031578,0.0013256787206046,0.001442741544451525,0.01832245084161445,0.01838750735420185,0.000805279531050425,0.00076499459100885,701.0,0.0012135361144708001,0.0019004228436216499,0.014015253494994025,0.014717744780980549,1.0,1.0,0.014651173029926625,0.014016032781279825,1.0,1.0,1.0,1.0,1.0,1.0,0.0219519490224146,0.023321617658327576,0.0,0.0
224,224.0,0.005711336567873175,0.013930048148505476,0.005020621224864375,0.013815526004376674,0.004237472854929675,0.00634299861418455,0.0029656464176668,6.828052320401184,10.328579325694593,0.09526837238809091,0.01239024517798495,0.0025218914568640003,0.0125510826209048,0.002581237750788625,0.018655629017022574,0.018565252895115198,0.000988064857665375,0.0014079213724471,0.018311466755867777,0.0191688873016617,0.00089102698257185,0.000794544524978775,750.0,0.0011501306683744752,0.001784225987442425,0.014275543673287976,0.01449485256311565,1.0,1.0,0.014875090129626976,0.013549458353342526,1.0,1.0,1.0,1.0,1.0,1.0,0.022859546978887525,0.02373675223355595,0.0,0.0
225,225.0,0.0056895380628073,0.01391249304778195,0.005016451892420725,0.013810271152128524,0.004256412502730925,0.00634879724469265,0.0029655482840538,8.869471800513567,10.418097499234136,0.20787420211127022,0.01238336288731705,0.002519564571648825,0.012545662317355277,0.0025808813210349,0.018639444533170374,0.018555687602656273,0.0010357073624617749,0.0012038356508128,0.0186398799882259,0.018555584906907976,0.0009001003345473751,0.00077228673035275,751.0,0.0011564565537906001,0.0017897536799938501,0.0142811564586502,0.01449206521117475,1.0,1.0,0.01487890846176105,0.013551401293492249,1.0,1.0,1.0,1.0,1.0,1.0,0.0227882418611563,0.02373675223355595,0.0,0.0
226,226.0,0.005853060379960751,0.013789894904729025,0.00491884874869815,0.013747355323248375,0.0041699464969310995,0.006302848159238525,0.002960895959514,9.053239469591063,7.787348122685216,0.12779417028650636,0.01233774380762525,0.002573522904345,0.012739656278927775,0.002606198433098725,0.018962508663940926,0.018670610880935173,0.001058130234014225,0.001606304314918775,0.018800584044660652,0.018518087980602276,0.0009694753098301,0.0008021296234801,800.0,0.001110848528053475,0.00168812807597075,0.0143372139534526,0.014568952671552825,1.0,1.0,0.01492091627382985,0.013644144941431825,1.0,1.0,1.0,1.0,1.0,1.0,0.022671354582474625,0.0235467365447341,0.0,0.0
227,227.0,0.005841719635655775,0.013785161892920724,0.004975646874743025,0.01377996372822645,0.004179945946068,0.0062985907195285,0.002960804064716,8.75499977148138,6.99865101656178,0.2118140967213548,0.01233654518173355,0.00257253244049815,0.012738010591116924,0.0026066018446807,0.01896702934612905,0.018660823492701175,0.001355560554657075,0.001662084250710825,0.018956972185876175,0.018662375686846498,0.00101038778666405,0.000829102005809525,801.0,0.0011168156803377,0.00169336612478935,0.01433874592207025,0.014605224906672175,1.0,1.0,0.01494141409321065,0.013641771535703649,1.0,1.0,1.0,1.0,1.0,1.0,0.022617109976371823,0.0235467365447341,0.0,0.0
228,228.0,0.0060192526635458,0.013849025331532575,0.0052614892570147,0.01363453565168195,0.004140398133230275,0.0062288956304872006,0.0029564387877593,8.613351663283538,5.737465595768299,0.14588857750641177,0.012408625372748725,0.002533998586638375,0.012932841393288574,0.00258703270448475,0.018806662076835425,0.0183814930439191,0.00144953123526645,0.001503718609455925,0.019029282996190902,0.01850751322432015,0.0009651680593378499,0.000882014457602,850.0,0.001063245248648725,0.0016039899912097,0.014296331280968251,0.0143881136414195,1.0,1.0,0.01461514940986865,0.013523332478160201,1.0,1.0,1.0,1.0,1.0,1.0,0.022741538823910223,0.0234131786563626,0.0,0.0
229,229.0,0.006017917585832275,0.013861134246359276,0.0051145208399985,0.013653563611161101,0.004140398133230275,0.006225816479525,0.0029563523939566,9.471180182998069,7.524437417334411,0.2120185637613758,0.012406936353604325,0.0025324730098973246,0.01293802849097115,0.00258416943852675,0.018761564579092,0.018370610287568773,0.0010829730308614,0.0016950598219409,0.018853281087828223,0.01837070628148755,0.0009738153894431001,0.000867394555825725,851.0,0.0010689298470798751,0.0016090301490812751,0.014341842414941724,0.01402192608855745,1.0,1.0,0.014789297270012125,0.013399720207024676,1.0,1.0,1.0,1.0,1.0,1.0,0.022741538823910223,0.0234131786563626,0.0,0.0
230,230.0,0.005048903648046174,0.013875251172793226,0.00590412101780025,0.01379201800222605,0.003988441331671525,0.006239054447952575,0.0029522411533115,10.123935258772688,8.851021195470821,0.5305895219789818,0.012436662349699175,0.00252518025109965,0.013022595937964425,0.002628967357012325,0.018332262369373922,0.018310327950968625,0.0015710773877799001,0.0018623772193677001,0.018691887956999425,0.018342031350606625,0.0010843283380381251,0.001012935594189875,900.0,0.00101749079872815,0.0015278111380343001,0.0144428385211196,0.013506762064158049,1.0,1.0,0.0147738918202385,0.0134078648173081,1.0,1.0,1.0,1.0,1.0,1.0,0.023076192012740603,0.023284687336597873,0.0,0.0
231,231.0,0.005048626290326175,0.01386971104093455,0.005909171378271,0.01376836146099405,0.003952289278916125,0.006237644312435425,0.0029521596458378,17.43772705696756,8.607029298727866,0.333419686590787,0.012432214773703725,0.0025244688110091004,0.013030067252652676,0.00262703111305305,0.018363193536358,0.018299610533575525,0.001997498329728775,0.00167213391978285,0.018320041768202573,0.01829978370259555,0.001098786189686425,0.0009995644795707751,901.0,0.001022900281246725,0.0015326345955197,0.014446115586737501,0.0135076657705093,1.0,1.0,0.014772769279829,0.01341052869281445,1.0,1.0,1.0,1.0,1.0,1.0,0.022899763033628676,0.023284687336597873,0.0,0.0
232,232.0,0.005102697194064125,0.013831280782702276,0.005878488269425275,0.013767898818658801,0.0038422797449827253,0.006230321655548526,0.0029482747978214,7.620914800907485,8.323547073348891,0.09391168999718498,0.01251521683777705,0.002494917836766325,0.013257924030462526,0.00267836968775255,0.018604758298338152,0.018110410024843274,0.00123041641199955,0.0018158902530558,0.0185693261754517,0.018195854786180726,0.001129590440541475,0.0010169298038817248,950.0,0.00097733837924595,0.0014598413163144249,0.014269640684234,0.014106657112033825,1.0,1.0,0.014689850051288676,0.013847633097256399,1.0,1.0,1.0,1.0,1.0,1.0,0.0230604817743154,0.0231529790007315,0.0,0.0
233,233.0,0.005102703130497525,0.0138280606372017,0.0058771686166676496,0.013804780450174324,0.0038486102603064003,0.006227750997510675,0.0029481976592422,4.499482753395569,8.35785772028612,0.048124491528142174,0.012511235247498226,0.0024931447488233,0.013254011289099251,0.002676064125699175,0.018605108890008274,0.018112087796088548,0.00121953792404375,0.001849638356361525,0.01860662680705465,0.018100691087845726,0.001174332981463425,0.001020345545839475,951.0,0.0009825196910168,0.001464511693439225,0.01426754859319195,0.014112361851330225,1.0,1.0,0.014690393607464075,0.013847664063030226,1.0,1.0,1.0,1.0,1.0,1.0,0.0230604817743154,0.0231529790007315,0.0,0.0
234,234.0,0.00520383994527625,0.013917754088800674,0.005870374136084925,0.013911598044207399,0.004335108238502375,0.00642065947389565,0.0029445158254949,7.05408832419198,14.11546180996811,0.2039151034550741,0.01248479764641585,0.0024899934319217,0.01327474687667815,0.002688404088171425,0.018605462237544727,0.01829956205813535,0.001262600533664175,0.0018356942455284,0.01860732372401605,0.01810863318970165,0.001136797771323425,0.001091842830646725,1000.0,0.000944240755504725,0.001398929287596,0.0143078368802098,0.014026526367224075,1.0,1.0,0.014815535633983176,0.0139360341856892,1.0,1.0,1.0,1.0,1.0,1.0,0.023369390193606576,0.022597269470698674,0.0,0.0
235,235.0,0.005234255554252601,0.013910993343046976,0.0055777238722709,0.013962697300212601,0.004335108238502375,0.0064246317630595,0.0029444426161597,5.833239887142554,12.317221909353975,0.2596154221100732,0.012482870872406925,0.002490271470435,0.01330877898478905,0.0026874225087512,0.018600755162624574,0.018300191110701976,0.0014277719892561,0.00179634219966825,0.0186008422046081,0.0183196438853098,0.0011539186234585251,0.0010708628105930498,1001.0,0.00094919391318485,0.00140338229427085,0.014412843553992074,0.01408250403410115,1.0,1.0,0.0148204455260689,0.0139224512310291,1.0,1.0,1.0,1.0,1.0,1.0,0.023369390193606576,0.022597269470698674,0.0,0.0
236,236.0,0.0049821210753412245,0.013795932307931174,0.004985099190709625,0.013876298735199352,0.00437975826380675,0.006442968183996424,0.0029409438503045,9.872313092055267,7.326827966666315,0.22451916662976146,0.012488499538154575,0.002486988650074875,0.013522346495827899,0.002734408259164875,0.0194212337959506,0.01850629545406925,0.001982269808649975,0.001062475610524375,0.0186329364375078,0.0183401350096836,0.0010786497150547252,0.0010443897335789252,1050.0,0.000910963335670075,0.001343605731058425,0.014624293661756424,0.01373432604896315,1.0,1.0,0.0151733154886695,0.01401588618597935,1.0,1.0,1.0,1.0,1.0,1.0,0.0236601032142693,0.023145505133660926,0.0,0.0
237,237.0,0.0049812160622333,0.013791336251375925,0.0049838258100042,0.01387123774005095,0.00437975826380675,0.00643934582791825,0.0029408741935247,10.298196641670073,10.047423326119315,0.23213021270930762,0.0124892204203581,0.00248677865411505,0.013525129013908649,0.0027326190925811003,0.019668004118137,0.018497157023031775,0.0018039449932984249,0.00110576086444775,0.019454902881125776,0.0184970680159112,0.001099085435271225,0.0010659853578544251,1051.0,0.00091569746455765,0.001347876705814525,0.014656359973597875,0.01373511724730595,1.0,1.0,0.01517417507445495,0.014074339950324675,1.0,1.0,1.0,1.0,1.0,1.0,0.0236601032142693,0.023145505133660926,0.0,0.0
238,238.0,0.004663154177123249,0.0139481764303277,0.005568394731856075,0.01389780395878695,0.00452885512196515,0.006574676733650475,0.002937541341715,9.6126172998338,11.564004080893937,0.44219398393761367,0.012511180038082725,0.002507119189130275,0.01359788133132575,0.0027406998689046,0.019935644847720275,0.018422394683160474,0.001413465535733775,0.001167060574516625,0.0196670876105473,0.018520942117296876,0.001129680778831225,0.00110211223363875,1100.0,0.000911204922592675,0.001293195595681575,0.014704932457701075,0.01402590654845695,1.0,1.0,0.015664963642988822,0.013917354870079274,1.0,1.0,1.0,1.0,1.0,1.0,0.023129143416913522,0.023027394055341273,0.0,0.0
239,239.0,0.004661478637779625,0.0139425089370701,0.00556781398801905,0.013893802712223775,0.00452885512196515,0.006580075858241075,0.0029374749123091,10.016010246414227,8.488405632029753,0.19706539245089513,0.012513196596809599,0.0025111479828120002,0.0135976362546736,0.002741962094523175,0.01992698093100825,0.01842324158651875,0.001413476420566375,0.001123265537898975,0.01992686308542065,0.018423010236833775,0.0011232096585444499,0.00109233724651855,1101.0,0.00091570073844595,0.0012973487725378,0.014706680379705,0.014025601597719926,1.0,1.0,0.015636188973874202,0.013918170363548225,1.0,1.0,1.0,1.0,1.0,1.0,0.023129143416913522,0.023027394055341273,0.0,0.0
240,240.0,0.0044589619333177,0.0140312057124518,0.005271415964459675,0.013819247294881225,0.0043098136890183,0.0066836540924299255,0.0029342931159614,15.251545138773508,15.915997576899827,0.16980142774991686,0.01262500600180265,0.00256216858794215,0.0137731838405629,0.0027887222219635747,0.020036728128235072,0.01827642525411875,0.00150361639680335,0.00176682189339765,0.019956322144547275,0.0184934681561323,0.001222872990183475,0.0011504255235195,1150.0,0.0008834810182245,0.001247011415877025,0.0139831617159361,0.014246053468032274,1.0,1.0,0.01577975722387045,0.014299823114367,1.0,1.0,1.0,1.0,1.0,1.0,0.0221500008932063,0.022735990488934602,0.0,0.0
241,241.0,0.004458199106380075,0.014027565349886275,0.005169740617912925,0.013816128997743175,0.0043098136890183,0.006681105795992175,0.002934229631289,13.865645636164118,10.785546692903154,0.28118086321046576,0.0126252944935302,0.00256490410686435,0.013778773226143801,0.002788492506438725,0.0200227632994262,0.01826793625870045,0.00144337903475385,0.0011652007815427749,0.0200332248008478,0.0182701610722844,0.001174667966552,0.0011343329679220499,1151.0,0.0008878129347271,0.00125102327722185,0.013981238376925626,0.0142468009908575,1.0,1.0,0.01577440005142935,0.0142915017799018,1.0,1.0,1.0,1.0,1.0,1.0,0.022149014927613175,0.022735990488934602,0.0,0.0
242,242.0,0.0029238834197212,0.013800454974167575,0.0050431608379237994,0.013851933687269675,0.0043670283348322255,0.006602995543901425,0.0029311859356952,11.740710499230774,10.622265271493234,0.0763458930305205,0.012608661268059774,0.002545495951078275,0.014043924976398,0.0027857946404931753,0.0203025371817615,0.018402240050143626,0.001502546307165125,0.001219885773025425,0.020000142327535622,0.018251473072237026,0.00121312803821635,0.00121914583723985,1200.0,0.000863685602945225,0.00120455148453875,0.014700655308858624,0.01320382456539875,1.0,1.0,0.016958563954473725,0.015588420561061876,1.0,1.0,1.0,1.0,1.0,1.0,0.022789827449354975,0.022573984805650548,0.0,0.0
243,243.0,0.0029775046259251,0.013836342598480399,0.00493387375565875,0.01384768585425105,0.0043670283348322255,0.0066228256799443245,0.0029311251485589,10.196145385329146,9.14295891695656,0.11949173640459769,0.012603996700120999,0.0025451746222916,0.0140580133185398,0.00278543816713475,0.02030813036884965,0.018425424451635274,0.00156673626042895,0.002178533643018425,0.020305375556412576,0.018423817138379477,0.0012520633172243,0.0012172079877927249,1201.0,0.0008678287122658251,0.0012084153953561,0.014699011995085274,0.0131893907117486,1.0,1.0,0.0168858268974199,0.0152329984794153,1.0,1.0,1.0,1.0,1.0,1.0,0.02285612080710005,0.022573984805650548,0.0,0.0
244,244.0,0.002499222535394325,0.01411231276741025,0.0050618355975956,0.013765246619823826,0.00446388201053535,0.006568817594383649,0.0029282665461166,10.306112881284209,16.079484692716505,0.2324045855202712,0.012577192183871325,0.0025459513028488,0.014140830762643225,0.002782814425103775,0.0216897780816693,0.01829384838760535,0.0015601664199493249,0.0012820829288102,0.020280145510698025,0.018538756523656125,0.001280245603993475,0.00122962583554905,1249.0,0.0008770443249801251,0.001167955342015125,0.013914704617919325,0.013040521491571776,1.0,1.0,0.018015279580990126,0.017951475020830974,0.75,1.0,1.0,1.0,1.0,1.0,0.02279308369570725,0.02186228048975355,0.0,0.0
245,245.0,0.0024989290375972252,0.014120991268755826,0.005061505926985376,0.013760410466970525,0.00446388201053535,0.006566985421908725,0.0029282081914429,10.574494254018646,10.679873838205822,0.17111187928821892,0.01257475413773215,0.0025445543503498248,0.014141682580096725,0.002781136672193475,0.0217081324815452,0.0182996188321536,0.0015862416476010999,0.001246110594365675,0.021685504472889423,0.018311041391847402,0.00127930578310035,0.001227730826940325,1250.0,0.000881074419363825,0.001171733557467125,0.01391175340653405,0.01303095985670505,1.0,1.0,0.018005801866627025,0.017973352813718924,0.75,1.0,1.0,1.0,1.0,1.0,0.022793083695707227,0.02186228048975355,0.0,0.0
246,246.0,0.0024985845632618502,0.014116549842830676,0.005061193368588925,0.0137603207828161,0.00445255772442695,0.006565156166905925,0.00292814988441,11.35937942058081,12.694859296898358,0.1939160858164541,0.0125772824537015,0.0025435990389057,0.014136684064266474,0.002784494726732225,0.021698082412462273,0.01830912583498255,0.0015536549617535499,0.001259000680874975,0.021701307112941576,0.01830806654423295,0.0012916587293147499,0.001264703692868325,1251.0,0.000885074524888825,0.00117546513283485,0.01404850483900845,0.013038327555226725,1.0,1.0,0.018009216867925802,0.017970003289434502,0.75,1.0,1.0,1.0,1.0,1.0,0.02291436038458115,0.02186228048975355,0.0,0.0
247,247.0,0.0025263127574990498,0.0137482781211486,0.004960053642825325,0.0136160767548949,0.004535707396890375,0.00647740016616215,0.0029253496456126,8.664054585970007,9.741666693997104,0.19159018062055108,0.012542907837518175,0.0025572175860586748,0.014243185472000425,0.0028263030490550747,0.021992715601402126,0.01837584009444035,0.001745734596624925,0.0013706380850635,0.021830201233611603,0.018418077970072725,0.0014083103742449999,0.00137504562735555,1300.0,0.000874275864091625,0.00113570899648435,0.013807328176677326,0.013049568830088926,1.0,1.0,0.0179740485712641,0.018039992293259602,0.75,0.75,1.0,1.0,1.0,1.0,0.02136510571955955,0.021833544360878327,0.0,0.0
248,248.0,0.002543079285857775,0.01374165988433225,0.00495973709978475,0.013585834197394576,0.004535707396890375,0.006461530288739725,0.0029252936264288,8.407342962105758,13.505933893087786,0.1138470784062519,0.012548727151219475,0.002569118850258325,0.014236613845619774,0.0028272568132317747,0.021987166949778574,0.018367252510231802,0.0018172473064623001,0.001416691637132225,0.021979532424008626,0.01836757394571415,0.001413871534168675,0.00135197647614395,1301.0,0.0008780768615717751,0.00113930094122985,0.013802623253366625,0.01305035497942555,1.0,1.0,0.0179457369569592,0.018009785762430473,0.75,0.75,1.0,1.0,1.0,1.0,0.0211716505772107,0.0219286671352189,0.0,0.0
249,249.0,0.001459123798588625,0.013482041243171474,0.0049369038572063,0.013529555112444476,0.0045520713604797,0.00656761570904985,0.0029226012248739,11.769015422207303,10.50024214212317,0.1623853116179816,0.0125551348520627,0.002563577485840575,0.01431267536292885,0.0027914112237212,0.02200630950996945,0.0184024351637035,0.002243046357762,0.001433868950698475,0.0219329998085622,0.018444958245633775,0.001481354061979775,0.0014522112905979,1350.0,0.0008504240990624249,0.001102239325238625,0.014344447106933375,0.01346039802231065,1.0,1.0,0.01759528697161275,0.018423490716513724,0.0,0.75,1.0,1.0,1.0,1.0,0.019387810555151173,0.0211998754672455,0.0,0.0
250,250.0,0.0013272227240920002,0.013476436217210725,0.004936580113914724,0.013526963451808075,0.0045520713604797,0.006565825013076475,0.0029225473227269,10.032877721474506,11.977109670580832,0.12315714103169735,0.012550996062081675,0.0025631411401573,0.014308298913161951,0.002795628661331225,0.022002649095208125,0.01839805762230185,0.00184422754682595,0.0014038561494089,0.02201255565643635,0.0183961390717921,0.0014526415616273251,0.001392760663293275,1351.0,0.000854109276184825,0.001105723492335125,0.014345457513955849,0.013462478925826051,1.0,1.0,0.017598269859538697,0.018478704616711472,0.0,0.75,1.0,1.0,1.0,1.0,0.019387918154189103,0.021199875467245527,0.0,0.0
251,251.0,0.00044302006224145,0.013279500548641774,0.005073384405219251,0.0135528324962825,0.004727431451870025,0.006545455077295275,0.0029199548503483,12.926620285434183,9.381302576861344,0.06562628201209005,0.01258398886298125,0.002559562377793075,0.0142995825179679,0.00281000798746815,0.02203970009145395,0.018182832711488177,0.0017899023951030752,0.0014910440077073,0.022091530448427075,0.01835205436469405,0.0015286190318874252,0.0014624582836404,1400.0,0.000828969434735225,0.0010715267054652,0.013384943492402724,0.0139100877850169,1.0,1.0,0.018301292241155172,0.018909682396589075,0.0,0.0,1.0,1.0,1.0,1.0,0.020045939736876198,0.022014750219107027,0.0,0.0
252,252.0,0.0010871317990548,0.01330367282221655,0.00513805616728695,0.01354993469810695,0.00472980137676355,0.006538831754971049,0.0029199029127993,11.9214001991204,10.754442834702786,0.1474469401873648,0.01258182086666145,0.00256064299301995,0.0143201504275208,0.00280411241238705,0.022049155707062,0.018184784717822748,0.0021449331543407753,0.001514462172053675,0.022035862876368474,0.018189571385326175,0.00151526642730455,0.001457898935768675,1401.0,0.0008325389153866,0.00107501356346835,0.0133695060915311,0.013904276739567374,1.0,1.0,0.018316532662832025,0.01892049039019305,0.0,0.0,1.0,1.0,1.0,1.0,0.020045939736876198,0.022014750219107027,0.0,0.0
253,253.0,0.00073413364913705,0.012934590705861525,0.00535885040081165,0.013605667326165576,0.00489178400208915,0.0065815513338501755,0.0029174032976419,9.702500504034106,9.075543645594735,0.16975456534419206,0.012586258818392424,0.0025419532579200503,0.014322098724374899,0.0028189449414629,0.022249708736411248,0.018127703117097726,0.0018411076744086498,0.001512658258434375,0.022003592813047028,0.018298465205236723,0.001545104489196075,0.001489826478063975,1450.0,0.0008307868464491,0.0010440765363795251,0.01342918981887635,0.013883945085324326,1.0,1.0,0.01845140078241025,0.018897211728058153,0.0,0.0,1.0,1.0,1.0,1.0,0.021018915108792773,0.021935651009445924,0.0,0.0
254,254.0,0.00104392925865255,0.012928123506990075,0.005376336776348901,0.013626651087097524,0.004790939500455525,0.0065820875118517,0.0029173531880858,8.973693538224325,7.842427425261121,0.159315534052439,0.012585192556856025,0.002542283672638,0.0143211903809334,0.0028177200016208503,0.022266480655500475,0.0181221222770383,0.00188010226702315,0.001527586427982825,0.02223768121320635,0.018121527159845774,0.001551479159388625,0.00148639234248545,1451.0,0.0008342295894724001,0.0010473938406826001,0.0134278893013273,0.013880314914071976,1.0,1.0,0.018445604688941224,0.018891017177253375,0.0,0.0,1.0,1.0,1.0,1.0,0.021193636400278423,0.022172251451683403,0.0,0.0
255,255.0,4.5666917891649996e-05,0.013185466561367026,0.005376634259268825,0.0136885750686466,0.0048625116655029,0.0065839257814751,0.0029149885180713,12.801260950742288,6.516623368079308,0.0854641512269154,0.012609646287765525,0.002550055992700725,0.01455737774293115,0.002784112007258025,0.0226798761340946,0.018115458725892025,0.0022641457035206002,0.00160362129099665,0.02231225640089975,0.01817291611001025,0.001620200113393325,0.001548799918964475,1499.0,0.00081171380464475,0.00101916474635375,0.0135925688332999,0.01390502872625805,1.0,1.0,0.01967050326675905,0.0187505303853751,0.75,0.0,1.0,1.0,1.0,1.0,0.0217724743679047,0.021598948268331773,0.0,0.0
256,256.0,4.0678261814625e-05,0.013156368105585249,0.0053619285417661,0.01368519010353315,0.004888013088287475,0.0065927331126481754,0.0029149400806434,13.000325446890201,9.140801758330781,0.11070196679793293,0.012608252776145624,0.002548842593220825,0.014554858442113424,0.002783666937124775,0.0226840827025218,0.018117383157486625,0.0020325648365541998,0.0015945640043355,0.0226975255082037,0.018111254401575298,0.001614377368241475,0.0016068440163507498,1500.0,0.0008150631467304999,0.0010223655415943752,0.013592998061421849,0.01391047092252285,1.0,1.0,0.019539436614031173,0.01868456589399605,0.75,0.0,1.0,1.0,1.0,1.0,0.021710969211640903,0.021598948268331773,0.0,0.0
257,257.0,3.0186345546161873e-05,0.013172107357650875,0.005348730175623375,0.013682060222166375,0.004888013088287475,0.006590350146461175,0.0029148916761933,9.87857134087244,9.192030600912405,0.0980089904624037,0.012606375404342675,0.00254750573980755,0.0145539896496815,0.0027817019362639,0.022673378162216574,0.01811777321343685,0.0019680751138366004,0.00160350656369695,0.022672203994570924,0.0181113277514252,0.0016074689920059998,0.001559306518174675,1501.0,0.000818418839889675,0.0010255734846012251,0.013593429156444799,0.0139218032574066,1.0,1.0,0.019540117972580526,0.018683105674117576,0.75,0.0,1.0,1.0,1.0,1.0,0.02171096921164075,0.021607016095187073,0.0,0.0
258,258.0,-0.000458246676297475,0.012927517247966775,0.005252866140041525,0.0135941552985225,0.0049064747678021,0.006675846525566326,0.0029125593544079,13.4484988496406,8.346498588914983,0.0888395167421549,0.012593476030439575,0.002553592636425675,0.0145107119658283,0.002793608529745125,0.022486379598259575,0.0180578706893671,0.0020709909731522,0.001579566451255225,0.022567500209848625,0.018092220607774125,0.00163998967036595,0.00155486399307845,1550.0,0.000812780497148175,0.000996715016811725,0.014031448649606251,0.013878188835486175,1.0,1.0,0.019454259003703425,0.018430696681033573,0.0,0.0,1.0,1.0,1.0,1.0,0.0217866303963706,0.0223536846385957,0.0,0.0
259,259.0,-0.00046877683978315,0.0129219267847552,0.005252875852053575,0.013591876976581825,0.0049064747678021,0.00667476931398495,0.002912512544121,14.540211944025941,7.243455419491511,0.15118774719303468,0.012594133197423375,0.0025533486629523003,0.0145093516572237,0.00279292180447435,0.02247734824224255,0.018052384723317598,0.00199651089496905,0.001603158947546,0.022474616881964102,0.0180524306408485,0.0015724515542387251,0.0015186317614279,1551.0,0.0008160068506977,0.000999814304533725,0.014031612155515025,0.013878986575686425,1.0,1.0,0.019425388725680025,0.01839862618052155,0.0,0.0,1.0,1.0,1.0,1.0,0.0217866303963706,0.0223536846385957,0.0,0.0
260,260.0,-0.0003619061966431,0.012857941897533524,0.005228731509036225,0.013596330792962675,0.004824623774027625,0.0064702087265876,0.0029102558334857,12.863650096347556,9.325403254071718,0.06342633249005297,0.012586361192257974,0.002541191672665825,0.014588792061632926,0.0028537036750551003,0.022492411703644126,0.01814518854196535,0.0020725475624203253,0.00161650159861885,0.022477767976709424,0.018037263514228123,0.00167052971664815,0.00154404249042265,1600.0,0.000794756611831975,0.00097288866590245,0.0140067300897813,0.013856923989457249,1.0,1.0,0.019006329181889402,0.018477424758588573,0.0,0.0,1.0,1.0,1.0,1.0,0.021837027723280975,0.02264954126322655,0.0,0.0
261,261.0,-0.0003627453193245,0.012852915551041798,0.005228621994072675,0.01359425891177795,0.004824623774027575,0.006468957322553625,0.0029102105168667,15.684640411869623,7.060352661064826,0.15120602777460584,0.0125874800237215,0.002542520683206675,0.014593622746087324,0.0028535426042439003,0.02248283829815795,0.018160611215901973,0.002338963211513975,0.0016947222757153,0.022481080040867324,0.018138557964330525,0.0017169247148557999,0.001605603902135025,1601.0,0.000797925945145125,0.000975907839697225,0.01400425917426305,0.013852341725397725,1.0,1.0,0.01900842547622955,0.018479199727283274,0.0,0.0,1.0,1.0,1.0,1.0,0.021837027723280975,0.02264954126322655,0.0,0.0
262,262.0,-0.0006807867839507501,0.0126606209935132,0.00511088749308895,0.013561823983424275,0.0048196151215657256,0.0064605890780299255,0.0029080247228416,8.831870162859559,6.036333624913823,0.10140512476209546,0.012586340446429676,0.0025695260784337,0.014655973351825525,0.002864172024441275,0.022695467092682227,0.01809945338599965,0.002423669269774025,0.002131753251887825,0.022455643515912102,0.018063739515773152,0.00188095838529985,0.0016871542902662999,1650.0,0.000777822007668325,0.0009504960656675501,0.0144744954954641,0.01336609689027295,1.0,1.0,0.018904198433400524,0.01870130524469955,0.0,0.0,1.0,1.0,1.0,1.0,0.02165180041599045,0.022705528185752298,0.0,0.0
263,263.0,-0.000656742722725025,0.01268460299797565,0.0051108569190167,0.013578130922303025,0.00480651510432125,0.0064593536774907,0.0029079808085732,9.098718993132934,8.862908041162884,0.08892868459224693,0.0125852969522515,0.002568443779568025,0.014655551705673625,0.002861934911468925,0.02268310977961645,0.018095124955269274,0.002164815901778575,0.002035972545854725,0.022688134351933825,0.0180943386772498,0.001819071592763025,0.001637174049392325,1651.0,0.000780862850550175,0.0009534759685773751,0.014478310776903024,0.01336628464292865,1.0,1.0,0.018914277557920127,0.018711762675648773,0.0,0.0,1.0,1.0,1.0,1.0,0.021758901702531072,0.022705528185752298,0.0,0.0
264,264.0,-0.0005033378747915001,0.0125759668218609,0.005071018286326775,0.013593015281270325,0.0047527375311934,0.00657569712418235,0.0029058616591071,10.045731823600363,10.171482581237797,0.09071445505833252,0.0125978143486959,0.00256385155403085,0.01471200546174585,0.002863665670614125,0.0225742828822837,0.01807480810836155,0.0027098919381387,0.0020437652128747997,0.022814921264906203,0.018121285154275125,0.001831065339501875,0.00172043481143185,1700.0,0.000762072447553175,0.0009296411091149,0.014207452790423826,0.013257966532665425,1.0,1.0,0.019269471852639875,0.018282209829608174,0.0,0.0,1.0,1.0,1.0,1.0,0.0224609807961835,0.022626543624532824,0.0,0.0
265,265.0,-0.00050288545147325,0.0125757005320551,0.005064270572147251,0.0136014216246021,0.004744905858392275,0.0065725618656885506,0.0029058190639672,12.721153071615845,7.038291078642942,0.06966275925515213,0.012596381441853625,0.002563073033646075,0.014709182812063425,0.002862958870073125,0.02257228618167995,0.0180741235993731,0.00209007074590765,0.0023567593307233753,0.022580465749919676,0.018069410572780324,0.0018936922424472248,0.001678976579569225,1701.0,0.000765034974136325,0.000932509368306,0.014208020236620626,0.0132675063202649,1.0,1.0,0.019271296908878674,0.018272192023016526,0.0,0.0,1.0,1.0,1.0,1.0,0.0224609807961835,0.0225919714264393,0.0,0.0
266,266.0,-0.000350022023726225,0.012609445040964675,0.005004995550797951,0.0136516637099609,0.004713970914310425,0.006522870245008925,0.0029038040365885,12.378325475612657,7.755280748941004,0.11323092720704148,0.01258918348770155,0.0025648583305519,0.014728063942802551,0.002863573259452125,0.02273517576090345,0.018057890597903574,0.00212655839277425,0.0020491409813984253,0.02261314235415595,0.0181685693267734,0.0018236357136629001,0.001726507500279675,1749.0,0.0007475141405052,0.000910278824952425,0.013866211245637375,0.0133016277458105,1.0,1.0,0.018616713673968676,0.017547041373295123,0.0,0.0,1.0,1.0,1.0,1.0,0.02197706600721595,0.0217818747529671,0.0,0.0
267,267.0,-0.000350020173079425,0.012634436053545901,0.00501129490827605,0.013659484206326174,0.004713970914310425,0.0065214811864811005,0.0029037626603642,13.792362454230897,8.453128488967195,0.09882346488302571,0.012601090232330275,0.0025640826517711,0.014738224336571574,0.00286234486092165,0.022726640559691275,0.01805416620939425,0.002526283264160125,0.0021043836022727,0.02272466699403615,0.018055287717995576,0.00186576839769255,0.00173517735674975,1750.0,0.000750394321161475,0.00091307003109385,0.013866373410406524,0.013294451602360875,1.0,1.0,0.018628264629776074,0.017522428462834125,0.0,0.0,1.0,1.0,1.0,1.0,0.02197706600721595,0.021770568650982376,0.0,0.0
268,268.0,-0.00034122760071345,0.012650161289233776,0.0050097658952960745,0.01365862410608115,0.004713970914310425,0.006520093710024475,0.0029037213082983,11.207795236667152,6.320461710274685,0.06554495601449159,0.012602965266384675,0.0025624880595488,0.014737578489984651,0.0028625470567432503,0.02274455307185785,0.018048645215428552,0.0022296551614999,0.0022245608852244,0.022739906751699,0.018051478172244874,0.0018794309580698,0.0017061250982806,1751.0,0.0007532708219485,0.000915851179144675,0.013867992947384276,0.0132943844013368,1.0,1.0,0.018628743973707274,0.017546174294180324,0.0,0.0,1.0,1.0,1.0,1.0,0.02197706600721595,0.021770568650982376,0.0,0.0
269,269.0,-0.000301087187172875,0.012591608429942724,0.004989971747593925,0.01362481545847025,0.004710417860847575,0.006623135310572676,0.0029017240830183,12.209966949478257,5.145767265581526,0.06332819035742429,0.012607284689641125,0.002566210699491275,0.014758400469932875,0.002830979991244025,0.022001049585475975,0.018157025558149124,0.0023086538421921,0.002125054888892875,0.022676359932134075,0.01808589925873715,0.0020302849588915498,0.0019176174537278,1800.0,0.0007551885242546501,0.0008943739595706749,0.013778563821596725,0.0133069760179569,1.0,1.0,0.018801913918066127,0.018021037724312725,0.0,0.0,1.0,1.0,1.0,1.0,0.022184171136196824,0.021861898402208153,0.0,0.0
270,270.0,-0.000290923725440175,0.012560458281665226,0.0049737064104188496,0.013633777088303399,0.004791446479945101,0.00664292465779605,0.0029016839043411,14.013649965578225,8.130233225936536,0.061957809433806625,0.0126078740054779,0.0025688539297562254,0.014775376502777375,0.002903927581924775,0.022143950170906024,0.0181550061780527,0.002588600968010675,0.002154233574401525,0.021994255501680302,0.018151371962004125,0.00203472323482855,0.001892175176180825,1801.0,0.00075799287824515,0.0008971188496703,0.013778710894366025,0.013322866532716025,1.0,1.0,0.018804302176242224,0.017966605062186326,0.0,0.0,1.0,1.0,1.0,1.0,0.022184171136196824,0.021615070730005626,0.0,0.0
271,271.0,-0.000366968092151625,0.01233360057843945,0.00500512075153575,0.0136913320019466,0.00476796447918325,0.0064561645102572,0.0028997425845932,15.448324967583176,4.217320696392562,0.05119402846321457,0.01261815710577785,0.002548042651877325,0.01481758749403885,0.002940084093185625,0.02276912798957565,0.01804483307247875,0.00238707818789405,0.0021757486392743,0.022061842879479876,0.018138109844805326,0.00207928061718115,0.001975597348064125,1850.0,0.000767977040583975,0.00087643483556345,0.014230261649843975,0.013269957141105751,1.0,1.0,0.019419782253599298,0.018635414162292,0.0,0.0,1.0,1.0,1.0,1.0,0.022198528662771874,0.021577334229318602,0.0,0.0
272,272.0,-0.00036642628293475,0.012329230042767876,0.005005082320051601,0.013688145503143026,0.00476796447918325,0.006454855698071125,0.0028997035152976,17.500140042451676,7.345176200789865,0.07851321983616792,0.012617051532579849,0.00254913609039925,0.014817305478407325,0.0029400108502219253,0.02278463881824,0.018056436516196175,0.0024901102879084,0.0020794783486053,0.022766553347626402,0.018039392819315325,0.0020653677056543,0.0019554766477085,1851.0,0.00077068300768545,0.0008790784765544751,0.014513746866765475,0.013217592378969825,1.0,1.0,0.019408884563568974,0.0186353708035599,0.0,0.0,1.0,1.0,1.0,1.0,0.022198528662771874,0.021577334229318852,0.0,0.0
273,273.0,-0.0004668424895315,0.012313987725336699,0.00483142065154,0.013723145358525176,0.00469263753349505,0.0065943839738703,0.0028978150914973,24.94566050521098,4.977420219860505,0.0958824551198631,0.012659090331511351,0.002553499917271875,0.0148781020135329,0.0029511042636801,0.022714779969742575,0.017918730187380074,0.0030136028071864997,0.002172717533539925,0.02269311806669665,0.0180988698866004,0.0021288602147251,0.0019818300497717748,1900.0,0.0007538901452221999,0.0008594458894429,0.014091690119766201,0.013076878953349299,1.0,1.0,0.01917261407144985,0.018529747726453775,0.0,0.0,1.0,1.0,1.0,1.0,0.022177395282654347,0.02295989713382285,0.0,0.0
274,274.0,-0.0004721096097214,0.012308774172631,0.00483049916405325,0.013720924987762,0.00469263753349505,0.00659303245155785,0.0028977770726551,19.629611588956326,5.010500754113309,0.14719753724057225,0.012658921451192774,0.002552595623820525,0.01487511928457535,0.002950528843248925,0.022706764787333925,0.0179138989537817,0.0025111288414336,0.0020927125588059,0.022705223773163325,0.01791411503778045,0.002192058425862275,0.00200527993729335,1901.0,0.0007565559555398499,0.0008620329760107,0.014092082631659624,0.013079793071363675,1.0,1.0,0.019191618133046026,0.018536554711884826,0.0,0.0,1.0,1.0,1.0,1.0,0.022065800903714374,0.02300228732836685,0.0,0.0
275,275.0,-0.0005413841356318499,0.012171079037530801,0.004802471954516999,0.013712340706874274,0.004689902222708275,0.006632616597071201,0.0028959387709867,11.894255881255958,5.589880227635149,0.0568131378386169,0.012662466505365174,0.0025542142408717253,0.015025656581547675,0.00301540783079245,0.02282394567991155,0.017843324636572074,0.002434791356790775,0.00242096203146495,0.022662484445683823,0.0180015510195973,0.002191868610680025,0.0020622733281925,1950.0,0.000759130253217725,0.00084332166786325,0.0140531005285345,0.01307742405486665,1.0,1.0,0.019158633864183077,0.0183759482859365,0.0,0.0,1.0,1.0,1.0,1.0,0.021772642095576274,0.022748595727291623,0.0,0.0
276,276.0,-0.0005397043024481,0.01216289768106865,0.004802437397194975,0.0137105719167658,0.004689902222708275,0.0066317605645194,0.0028959017482262,13.241838586167432,5.633681099105161,0.06773056823294601,0.012660549776928001,0.002553117532000275,0.015030411224193376,0.00301510414850865,0.022813740212676625,0.017841457677753775,0.00230713939527045,0.002151145949028425,0.022814518366327724,0.017841747386890025,0.002205702883657,0.0020728781819343498,1951.0,0.000761708814441425,0.0008458584461401,0.01405516117054955,0.013076971848754775,1.0,1.0,0.019154328079018575,0.0183606439154398,0.0,0.0,1.0,1.0,1.0,1.0,0.021772721005477474,0.02274376007352835,0.0,0.0
277,277.0,-0.0005279648403542,0.012193828282637926,0.004944137960795125,0.0138160649230873,0.004688265392407825,0.006742339374370975,0.0028941471020858,19.404359449166805,6.881147176027298,0.0693922590580768,0.0126617811790053,0.002552390431762825,0.015095102282596926,0.0029699649762394502,0.022624182560310402,0.017937517964277824,0.002906492736656175,0.002283346664626075,0.02277262197399135,0.0179610898463999,0.0022503451909869497,0.002083488274365625,1999.0,0.0007464124258257,0.000828470508967575,0.014083311364954224,0.013483165716397025,1.0,1.0,0.018793771712059575,0.018555809082110047,0.0,0.0,1.0,1.0,1.0,1.0,0.021616316325559774,0.022789871857713147,0.0,0.0
278,278.0,-0.00052653574931505,0.01219203321671295,0.004939218816006025,0.0138371379901783,0.0047050410861934,0.006745939528065299,0.0028941110066865,16.525720452307723,3.4403990152641204,0.0951837525935843,0.012660086189525376,0.002567625131570525,0.015098650241667875,0.00297056408483425,0.0226313343656634,0.01802213378829905,0.002564241411164325,0.00220740673830725,0.022646327264408826,0.0179328305497524,0.0022606259444727748,0.0022356710396706503,2000.0,0.000748930516710675,0.000830950821436475,0.014083613756134575,0.013483220858446276,1.0,1.0,0.01879268970211955,0.018561354864337725,0.0,0.0,1.0,1.0,1.0,1.0,0.0216310568460529,0.022838661018604576,0.0,0.0
279,279.0,-0.003138658107452825,0.00358510112174615,-0.003138658104449175,0.003585101120211425,-0.003802731564913975,-0.00380273156491395,0.0028816883091887,0.5495977752143517,0.3569316449575126,0.13356276939157394,7.403057709967372e-35,8.885038623325405e-20,7.403057709967372e-35,8.885038675022919e-20,0.003585120093417325,0.0035851200897764,0.000126512371934925,7.702753646299243e-05,0.0,0.0,7.757998537272215e-05,7.739494321867824e-05,0.0,0.059736832773291226,0.011526754883466925,0.0496744095197229,0.041273063118431125,0.0,0.0,0.049674409433589625,0.04127306304490482,0.0,0.0,0.0,0.0,0.0,0.0,0.054415312644375324,0.05568446560502638,0.0,0.0
280,280.0,-0.003141295706291825,0.004061240512126875,-0.00314129571421915,0.0040612405110071,-0.00380273156491405,-0.00380273156491395,0.0028685833508644,1.2327141575515272,0.8030721393297426,0.28989486605860293,4.7741408273813346e-35,1.6881987284918951e-19,6.169214758306144e-35,7.470670634271144e-20,0.004061245500581275,0.004061245498869875,9.460008004680276e-05,7.589755114167929e-05,0.0073366838481327,0.0073366838582383,7.066584657877684e-05,7.356575224548578e-05,1.0,0.0765292207168777,0.0520407609362898,0.044913299741264776,0.04069287651268412,0.0,0.0,0.044913299728084374,0.04069287634374472,0.0,0.0,0.0,0.0,0.0,0.0,0.050732367029114725,0.05235163526139455,0.0,0.0
281,281.0,0.001619985750244925,0.0081052408126607,0.001619985750593425,0.008105240985654301,0.000562030797997125,0.00092732857535895,0.0028396524679204,2.094381517614238,2.376495718373917,0.39106568507850165,4.584534288520485e-35,1.204626594133476e-19,4.1128098388707625e-35,3.4314343755519407e-20,0.008105244268501576,0.008105244487779599,9.809259790927172e-05,8.14899685792625e-05,0.01837822665687395,0.01837822665734475,7.323233876377344e-05,6.957235746085644e-05,4.0,0.0622545877848956,0.0557504266195569,0.03937902571583338,0.030105119038809303,0.0,0.0,0.039379025729008275,0.030105119045717575,0.0,0.0,0.0,0.0,0.0,0.0,0.04498052634702495,0.03789383223030868,0.0,0.0
282,282.0,0.0034570289751904995,0.009360246401932224,0.003457012838220825,0.009360246567638975,0.000903437288598275,0.002621188112036475,0.0028321826288577,7.301382642588578,3.8936861561960536,0.4330589268938638,5.0822503329381e-35,1.235266356420032e-19,3.701528854983686e-35,2.6746868552748513e-20,0.009360231008691674,0.009360231039338451,0.00012687349226320001,9.158253669738771e-05,0.013286644460890425,0.013286644454560424,8.660258026793599e-05,8.611759403720498e-05,5.0,0.05972871681664757,0.054347614994589975,0.035591610286481,0.02998134977589945,0.0,0.0,0.0355916561344052,0.029981349600706902,0.0,0.0,0.0,0.0,0.0,0.0,0.0421851921784502,0.037512173070200626,0.0,0.0
283,283.0,0.003725061746927,0.010927069477810174,0.003725061755144675,0.01092711351898245,0.0031630832565785498,0.003556314722847175,0.0028084587783678,6.321851301239803,5.261694971937686,0.8012570270220749,4.004236988721064e-35,8.797679493007055e-20,2.643949182131204e-35,5.3302115129790305e-20,0.010927058543138276,0.0109270624932478,0.000114108319394275,8.947483729571104e-05,0.0149119170513211,0.0149119223073865,8.625502232462168e-05,7.647991878911853e-05,9.0,0.0479277275705505,0.046418151786574324,0.024421024186829975,0.021991702179013903,0.0,0.0,0.024421045303126075,0.021991702179341575,0.0,0.0,0.0,0.0,0.0,0.0,0.02751586945916035,0.028296826944275374,0.0,0.0
284,284.0,0.003700586710078625,0.01091832700000735,0.0037005883116923003,0.01091832659319245,0.0031630832565785498,0.0034961474967149997,0.0028036188626745,6.054931422462687,6.898342982691247,0.5916323318379,3.2206397983836136e-35,8.347512227953663e-20,2.467685903322458e-35,4.8881138369779414e-20,0.0109183010335225,0.0109183009329435,9.947753278538585e-05,8.035002974793315e-05,0.010918298644116576,0.010918302319020023,8.762988727539778e-05,8.569244528189301e-05,10.0,0.04492235056219373,0.0455011710684782,0.024836667592294227,0.022039055699975,0.0,0.0,0.0248365763101068,0.022038875903580248,0.0,0.0,0.0,0.0,0.0,0.0,0.027388067149230276,0.0271048653064499,0.0,0.0
285,285.0,0.0026995760458755,0.009984585792694099,0.003625948436687375,0.009707094367467351,0.002402179428967825,0.0037082051479256,0.0027870991233383,4.547487222531345,5.700186319008935,0.6258602277957834,0.00151069747923205,0.000781588768674325,0.0023493435498382,0.0006996277438082251,0.011586105728724849,0.011334510856737225,0.000112407433334675,8.231523679569364e-05,0.0124016947874109,0.012401703225783675,8.580245776101947e-05,7.943244418129325e-05,14.0,0.034394609134040396,0.03860250557144595,0.022403893296884976,0.020185815016925325,0.0,0.0,0.018999946296826574,0.022174656895297,0.0,0.0,0.0,0.0,0.0,0.0,0.022789833534275074,0.023301345474490424,0.0,0.0
286,286.0,0.002674099543574,0.00975410160639225,0.00384973015858785,0.0099733874271963,0.00179354454413165,0.00363078026846005,0.0027835274264834,2.599491241562646,4.434027190145571,0.4528848967165686,0.001753948827006225,0.000700321278689625,0.002739906634941175,0.0009520569066316751,0.0117971800238001,0.011247433424305725,0.000122090103104675,8.983240695670247e-05,0.0118353588435511,0.01241748411723765,8.161494042724371e-05,8.115486707538366e-05,15.0,0.032917367478007845,0.0416698991394919,0.018409029451311003,0.0205747014527014,0.0,0.0,0.018813680645940373,0.02247427960460225,0.0,0.0,0.0,0.0,0.0,0.0,0.022883359988348326,0.02394719856526965,0.0,0.0
287,287.0,0.001727088185618325,0.0102283686472886,0.00266008922396765,0.00941465037894925,0.002988120581533325,0.003571631622462725,0.0027708688711488,7.0902154836803675,5.940821928496007,0.9063868078519589,0.003134839743901125,0.0011803640680831,0.004331737068444325,0.00137416563520745,0.0132037788013953,0.01340872959486495,0.00013460847549135,0.0001207352615892528,0.01540393169751025,0.01332870589307225,0.00010096316691482699,9.404501179233193e-05,19.0,0.02714950195202875,0.0388284152406005,0.020292959276382475,0.02191098254195595,0.0,0.0,0.020723417755156952,0.023247992083037197,0.0,0.0,0.0,0.0,0.0,0.0,0.0252197120870514,0.025878546385547825,0.0,0.0
288,288.0,0.0017025776329839999,0.010061404744558475,0.0025018109689532,0.0101933592379735,0.0012853311634094251,0.003945766836461475,0.0027680425037717,4.955949924478773,3.1266022450290625,0.612480798328761,0.003454437316174375,0.00114833172721965,0.0045208187777940004,0.001423993573191575,0.0130261182992669,0.012891871156984924,0.0001113406615331,9.404512820765376e-05,0.014342618735567676,0.013833661663601324,8.621747838333249e-05,8.144002640619874e-05,20.0,0.026215724177343226,0.044692463050000526,0.019252047437133726,0.021307968258041626,0.0,0.0,0.01971559371015215,0.018631874826269948,0.0,0.0,0.75,0.75,0.0,0.75,0.026103870612393876,0.026761070568110123,0.0,0.0
289,289.0,0.003596112049333625,0.011202093442844976,0.00335726719465775,0.01065915060008895,0.0025076514727779,0.0041060561391389,0.0027140146491927,2.1655963921220973,1.872654233535286,0.6027121446095407,0.00748138830909365,0.002022824427311075,0.0086197862212385,0.0020669212425184,0.015573058534589524,0.01541927590203445,0.000141254975460425,0.000118616037070675,0.01900996163966645,0.019657252052362226,0.000116447568871,0.000114772527012925,50.0,0.011789098111803575,0.0216865100010752,0.016437557293382376,0.017114898841488126,0.0,0.0,0.01705338725227585,0.0159493680268727,0.0,0.0,1.0,1.0,1.0,1.0,0.01933827601079845,0.019655343292204724,0.0,0.0
290,290.0,0.0035829808721465004,0.011161558713975875,0.0033530315324741752,0.010614977541486525,0.0024761936525155752,0.0040731001307291,0.0027127923623134,3.205932726326864,2.4863086649565957,0.18559429148444903,0.007701807133900975,0.0020292162960658,0.0088522313272625,0.00215569793770835,0.0154212578669626,0.0153410999394051,0.000153122702613425,0.00012371857883404998,0.015416440289373251,0.015340987319920875,0.000118432508315825,0.0001168699818663,51.0,0.011678362365628825,0.021372040793436776,0.016438851113666376,0.016822453882384424,0.0,0.0,0.017030515884347574,0.01595690855165455,0.0,0.0,1.0,1.0,1.0,1.0,0.019856007830155276,0.019538668832424423,0.0,0.0
291,291.0,0.004259563698949,0.01170957414447115,0.00370798559771275,0.010976964533297176,0.003175893478394,0.00472911628449965,0.0026704934816285,6.102294036827516,5.727218445681501,0.8330913917743601,0.010261318940914024,0.0024692738744540002,0.010765399222529,0.002413352365174775,0.016902143288909623,0.016224374475574503,0.00019977521151297499,0.00017167523037635,0.01723848595133925,0.017344414773838752,0.0001633776701055,0.00016758008860045,100.0,0.006305968098454275,0.011341651929547125,0.014793537152217574,0.014783089007170775,0.0,0.0,0.016005306055972474,0.01498465420016215,0.0,0.0,1.0,1.0,1.0,1.0,0.02161030192660035,0.0195387310370973,0.0,0.0
292,292.0,0.0042609288765574,0.011897424889111274,0.0037427869712784497,0.010979156361277326,0.0032378217012629003,0.0046946621115278,0.0026698607335035,6.589337827987038,4.116740809462499,0.32431533240014687,0.01031423487074575,0.002476039685201675,0.010742532952300824,0.002423405832788975,0.0170474096858685,0.016386586233817176,0.000195030355825975,0.00016523565864185,0.017123868015198926,0.01636465098263525,0.000158654875121925,0.0001563900150358,101.0,0.006296054451284575,0.011290654155093324,0.015343479985058925,0.014786734474927725,0.0,0.0,0.01643260022559355,0.01499365464401255,0.0,0.0,1.0,1.0,1.0,1.0,0.021245734012245224,0.0195387310370984,0.0,0.0
293,293.0,0.00460431155397085,0.01183229227207265,0.004399702695443225,0.011670447248456875,0.003143795466803375,0.005596194158893175,0.0026446180775015,3.1553818092215806,4.830836093751714,0.5297531388350762,0.010934695278579525,0.002526984557815625,0.0113537874630774,0.00237862498627665,0.016671852571284423,0.016888213678894426,0.000243810936808525,0.0002255778526887,0.017341182994954452,0.017694821984643627,0.00021624029614027498,0.000202722614631025,150.0,0.004386023053393375,0.0077001369517198,0.015154948239988551,0.014326969036870875,0.0,0.0,0.01502111740416045,0.014483794132427674,0.0,0.0,1.0,1.0,1.0,1.0,0.0217343333551733,0.02002402871480875,0.0,0.0
294,294.0,0.0046032022255001245,0.0118172439708706,0.0042065746552244505,0.0116638987283861,0.0022231276789897248,0.00557136445453745,0.0026441929304578,5.951435166993178,6.1433936064713635,0.7995695225545205,0.010939361328595926,0.002527207572274425,0.0113586087084736,0.0023741609783651,0.016719841405943472,0.016838861030736525,0.00024999823654065,0.000235900282859725,0.016704450488794452,0.0168356052534309,0.00023163534933695,0.00022296508541322499,151.0,0.00439330031627445,0.0076827699598121,0.015151081112666876,0.014319596771642724,0.0,0.0,0.015005829143852876,0.01447287831685705,0.0,0.0,1.0,1.0,1.0,1.0,0.020574283036970148,0.020024028714808677,0.0,0.0
295,295.0,0.004878624127702325,0.011926577471689799,0.0042495934391087,0.012547001279158525,0.00412281538200575,0.005991698110902325,0.0026261976488873,5.447491894999985,4.153625287814066,0.29715167917311186,0.011457373509570826,0.002508606858035875,0.011846931673477074,0.00252525772946285,0.017124419506705776,0.0169690046897944,0.000312370830215475,0.00040054845158005,0.017283786748753874,0.0175698711698653,0.0007628393941558,0.000256473198532975,200.0,0.003393108578962675,0.0058662630494948995,0.014334421209081225,0.0141551446337085,0.0,0.75,0.014883017720648576,0.01331591547675795,0.0,0.0,1.0,1.0,1.0,1.0,0.0223577032440883,0.01878352750763735,0.0,0.0
296,296.0,0.004941776770054875,0.011906605997832675,0.00424627065233645,0.012530555255737225,0.0040984406728006495,0.006127690769812524,0.0026258781789247,3.6847456020186655,4.230451544979587,0.4914948099758476,0.011431294668385475,0.0025231790682459752,0.011831424940282576,0.0025163685948244503,0.017098499827094778,0.016933891577234173,0.0011184372124262,0.000262420857325175,0.017079947898181874,0.016930772662276924,0.0007190921460278,0.0002565231989137,201.0,0.0034027641418618,0.0058651125614611,0.014344671398557576,0.0141836814500566,0.0,0.75,0.0148818930882049,0.013315704603979624,0.0,0.0,1.0,1.0,1.0,1.0,0.022447332315417276,0.0189111512161292,0.0,0.0
297,297.0,0.004475322969040325,0.011914129869416677,0.004041973509413525,0.0125485367752332,0.00377446217923755,0.0063056650507296,0.0026119072459353,2.691796854720451,6.323311514162924,0.265122578071896,0.01166683056618595,0.002583389064209825,0.011914942598889,0.002491672876468875,0.017664027500977397,0.0171529844571105,0.000359010940883225,0.000300596118904575,0.01743526685163235,0.017376887649184776,0.00029675092082465,0.000296298589091725,250.0,0.002774481147614525,0.00474632025249595,0.0149958969310451,0.01447966095923075,0.0,1.0,0.0149048283515576,0.013313725339751,0.75,0.75,1.0,1.0,1.0,1.0,0.02046719520406945,0.0196833291295482,0.0,0.0
298,298.0,0.0045049358132504,0.01189264504540515,0.00404035603946625,0.0125315033800684,0.003642191930072625,0.006306529461991575,0.0026116516898883,2.6610083304112777,4.519228016433772,0.18833250406896695,0.011641012376029426,0.002581358899728975,0.0119214948112049,0.002479420142617075,0.017699537059616726,0.017115472047648423,0.000631694332696475,0.0004137843498028,0.017626943561107174,0.017116132412969925,0.000734189059585275,0.00034834095276884997,251.0,0.0027841776412999503,0.0047478459840528,0.0149894921683342,0.014479970221161376,0.75,0.75,0.015052809608184699,0.013324844372375699,0.75,0.75,1.0,1.0,1.0,1.0,0.02046719520406945,0.0197761428057748,0.0,0.0
299,299.0,0.004922136755436525,0.0123542221802223,0.004738764353354725,0.012983529074784075,0.0045553402175653,0.006768746984239125,0.0026002419392422,8.491679117782041,1.5999478996964172,0.17646254459396,0.012009354751117175,0.002480115892797675,0.012039256429115125,0.00247214719346885,0.01742082217921545,0.01745029339358125,0.0007319651776924,0.000400080985855225,0.017727713276615126,0.01728674158675195,0.00069848698331035,0.000352568458765725,300.0,0.0023567417484380753,0.003998787598837975,0.01517032564042975,0.0140508665577772,1.0,0.75,0.015196813692087075,0.0141765964671595,0.75,1.0,1.0,1.0,1.0,1.0,0.019689828346531477,0.020025712577274347,0.0,0.0
300,300.0,0.004940145559197925,0.012343273238015526,0.005039141193642025,0.0130063994686555,0.004493081160865525,0.0066964175093436,0.0026000291620023,5.790228287340142,1.9248971812194213,0.530253971402999,0.011999243384571725,0.0024827910826522503,0.012043373442644376,0.0024601691871732,0.017446064048354075,0.017454052412321973,0.0005770842544734,0.000501276052091175,0.017402861519783475,0.017453522008204898,0.000609249400440575,0.00034767604665825,301.0,0.002366418754744375,0.0040029545451115995,0.015165178603349025,0.01404978766745095,0.75,0.75,0.01519634673193525,0.014174833590948874,0.75,0.75,1.0,1.0,1.0,1.0,0.019689828346531477,0.0200446391044055,0.0,0.0
301,301.0,0.00527707649677595,0.012500898158209076,0.004578949816803375,0.012597390878460126,0.0041623388444046,0.006397421783420825,0.0025903923324014,4.131606463517528,4.963684945192654,0.2897503610001877,0.011963297022236025,0.002480785610416,0.012050854578795251,0.002516651756289775,0.01721401904919965,0.017358413510408975,0.00076004519360135,0.0011983260628767249,0.017414770261132275,0.017257780058411075,0.0006643845699727,0.00041100603993974997,350.0,0.0020575544828603,0.003464398471625775,0.01500409986780235,0.0147710804329668,0.75,0.75,0.015131541883116575,0.014389391693927925,0.75,0.75,1.0,1.0,1.0,1.0,0.018300246040098826,0.019441475473842673,0.0,0.0
302,302.0,0.005274966528757325,0.01249056350653765,0.00457337877751255,0.012526824814264051,0.00409017920643885,0.006297359921324575,0.0025902101732621,4.221322913712356,3.4931753947748803,0.11785326740937305,0.0119543564601323,0.0024823075830815748,0.012048707293126175,0.0025265696278691753,0.0172049537421146,0.01734963539682445,0.000479016394820025,0.000776014523580625,0.017188822974391376,0.017333127642479774,0.000788794830441425,0.00040686101419847503,351.0,0.00206658652425955,0.0034691872557862,0.015002218573474325,0.0147722120786106,0.75,0.75,0.015130788408950675,0.014389899982496025,0.75,0.75,1.0,1.0,1.0,1.0,0.01968536898209085,0.019441475473842673,0.0,0.0
303,303.0,0.0049194711834568,0.012158405030248974,0.0044911780544686,0.012296209316810601,0.0035159056940391752,0.006208957473804375,0.0025818730192419,4.220449319342151,4.93954570760252,0.2152004336821846,0.0119405529351558,0.0025163691332858247,0.01230237458811265,0.00247503179442185,0.0173682658227249,0.017203436967618724,0.000538051011972075,0.001165908470284175,0.0173965808724143,0.017332970376229523,0.000746301840990725,0.000500401190947675,400.0,0.0018324244415075749,0.003065247805704075,0.0148516547471536,0.014632835552745652,1.0,0.75,0.014789536983476025,0.014812432151465774,0.75,0.0,1.0,1.0,1.0,1.0,0.0192928006532381,0.019628311959004302,0.0,0.0
304,304.0,0.004997408474157574,0.012150338255489074,0.00448752384193265,0.012283164683711476,0.003280342896611925,0.006203531707270775,0.0025817138457067,5.75669884274248,5.13697386754211,0.3255758472951129,0.011946333187389725,0.00252349178933795,0.012297016235250476,0.00248755762272575,0.0173516066891441,0.01719706710472175,0.0005134486127644,0.000898745260201375,0.017351627412920977,0.017196105737569876,0.00067385711008675,0.00043427100172265,401.0,0.001841396509854825,0.003071092530368575,0.014852162891116676,0.0146583616772015,1.0,0.75,0.0147803559676499,0.014811538890929576,0.75,0.0,1.0,1.0,1.0,1.0,0.019292800653238174,0.019628311959004302,0.0,0.0
305,305.0,0.004914418098823525,0.0123118655159362,0.004423670728948,0.012765423815290425,0.00308679852569535,0.00645307095461455,0.0025743700237022,7.544552786566783,5.363786189584062,0.2897049660678021,0.011937182536771425,0.002517488161743125,0.012219825746487376,0.002506865475287325,0.01737959548228515,0.017479745625854,0.0008375791367143,0.000926132081076475,0.017380457311204824,0.017560969205559898,0.00063196389237415,0.0005662934272549251,450.0,0.001659605898376275,0.0027492251806415,0.0150089696368285,0.014513414060014999,0.75,0.75,0.014976432357170374,0.0145431252753116,0.75,1.0,1.0,1.0,1.0,1.0,0.0204889354553907,0.0200996877944012,0.0,0.0
306,306.0,0.00494915120311515,0.012308522855543675,0.004370502179801075,0.012734673578629474,0.0031836580704546497,0.0064565395020877245,0.0025742287338881,3.7314718979177997,6.199797598121222,0.3258669681963511,0.0119726049099311,0.002508226806331075,0.0122593817735578,0.002505358972714275,0.017373961756702527,0.017473260597085875,0.000582596228923625,0.0013208455056883,0.01736780605759215,0.017460916240003274,0.000618009304162075,0.0005721208872273,451.0,0.001667483857129975,0.002754415993363125,0.014942003321427375,0.014473993868472125,0.75,0.75,0.014994195785146875,0.014536907120936875,0.75,1.0,1.0,1.0,1.0,1.0,0.02051112545115325,0.0200996877944012,0.0,0.0
307,307.0,0.0050974486047905745,0.0124655420334722,0.004735823356876375,0.01275488171243415,0.0033194580069537,0.0065318112377895495,0.0025676686007199,7.247205459512769,5.488123237970285,0.275479856878519,0.011944484669368776,0.0024660656427631248,0.01218294602354965,0.002492175522221825,0.017782306079196373,0.017467268116976298,0.0006365968729369,0.00166023126803335,0.017398245457450626,0.017628506503126348,0.000644789368379825,0.0005943384603596999,500.0,0.001516196806404425,0.002495952109763375,0.015096674570410825,0.014712098895966126,1.0,1.0,0.015280827721731,0.014551390302712224,0.75,1.0,1.0,1.0,1.0,1.0,0.021947919936650923,0.019563221433788875,0.0,0.0
308,308.0,0.0051061107476078,0.01245961153873865,0.004678055188574675,0.012720046224800274,0.0032941275445279496,0.006539601652539025,0.0025675416172409,4.421919446322136,5.684296136838384,0.33962891466217116,0.011933541762111775,0.00246938437706455,0.012171876841776825,0.002499566986777175,0.017764537096797175,0.017451576640007075,0.00065714342053975,0.00090732309035955,0.017767872737160524,0.017450660440432628,0.0006102444021962,0.00062564678955815,501.0,0.0015233466792557,0.0025012796505060253,0.015185784603428499,0.01469824738901345,1.0,1.0,0.01523695408433955,0.014528399204258125,0.75,1.0,1.0,1.0,1.0,1.0,0.021947919936650923,0.019622261642196125,0.0,0.0
309,309.0,0.0043837499913631,0.012412899471179399,0.004559183137150124,0.0127050494983995,0.0039445145134602505,0.0064707939494141,0.0025616154274467,6.022475250356365,2.9047050703084096,0.2536179519956931,0.012459547881844349,0.002537757492654225,0.012408845982857124,0.00253669315769275,0.017590561050200074,0.018068028019861723,0.0007049645064398251,0.001049252750817625,0.017795220809047774,0.017742244002392625,0.000672781781759075,0.000589197094086475,550.0,0.00139852338212955,0.002289474779013775,0.015126435246506175,0.014659372732880276,0.75,1.0,0.014898369959095051,0.0145179449647687,0.0,0.75,1.0,1.0,1.0,1.0,0.023411537326116127,0.019464462698980674,0.0,0.0
310,310.0,0.0043834728759311,0.012406741491521375,0.0045570348112862,0.01269136302796765,0.0039445145134602505,0.00647956677853805,0.002561500145787,3.0494477507891133,3.8504691175767216,0.4824309722171165,0.0124593290245023,0.0025479398031032752,0.01239666224664655,0.0025403137012434,0.017584744871148274,0.01807008064983425,0.00069364713272075,0.0011215927661396,0.017572647562588223,0.0180473169814453,0.0006617895560338499,0.00061263702809805,551.0,0.001405234048584325,0.002294589166353125,0.015085009171767074,0.01478940703454985,0.75,1.0,0.014898876498321025,0.01451857675088975,0.0,0.75,1.0,1.0,1.0,1.0,0.023411537326116127,0.019464462698980674,0.0,0.0
311,311.0,0.004646012232838125,0.012749184319895074,0.0046192407648519,0.012742718885952851,0.003329119202373775,0.00657788433772225,0.0025560972338838,4.147040547861252,3.456654468609486,0.5819576069479808,0.0123816680608664,0.0025618111323923,0.01246856741998565,0.0024950491093427,0.017032583553003775,0.01829105949894395,0.0007960794609971,0.00165294978069135,0.0176623710131405,0.018171352540578174,0.000699358817655525,0.000636790879070725,600.0,0.001303546531072625,0.002117715667434675,0.014979845962327501,0.014789415718794524,1.0,1.0,0.0148204710075745,0.01414743826815235,0.75,0.75,1.0,1.0,1.0,1.0,0.0235598992530062,0.02266560642058025,0.0,0.0
312,312.0,0.004645693473970075,0.012742281905705,0.0046181653950367,0.0127319389064479,0.003329119202373775,0.0065765530689917,0.0025559916994062,2.480489441659302,2.8496553829172626,0.3623699325835332,0.012373702022906174,0.002560289629772325,0.012461243708640074,0.0024971106689972997,0.016999110513524075,0.018276587960363376,0.00125874293735245,0.0013411212712526,0.017018430887387748,0.018275370700087674,0.00077944766962895,0.000627414206974175,601.0,0.001309893312897025,0.002122718488026125,0.014981257285856276,0.0147880238003918,1.0,1.0,0.01485172726229045,0.0141487215151876,0.75,0.75,1.0,1.0,1.0,1.0,0.023500755166901,0.02266560642058025,0.0,0.0
313,313.0,0.0049561235463001,0.012791766680732449,0.004795956499827624,0.012977739888304276,0.0041831647653044245,0.006291531320977475,0.0025510279810968,4.0698133335099556,5.759104128170293,0.31325251259841025,0.012423456096559576,0.0025814460456826498,0.012538379797410001,0.002541312716764525,0.017620421645113397,0.018387968153448574,0.0008640545420348,0.0015345404390245,0.017397095237073675,0.018388041958930148,0.0008062844863160751,0.00069683190668,650.0,0.001221732227413975,0.001971743794536175,0.014896085271038601,0.014217247890694775,1.0,1.0,0.01404731722204925,0.01404556329674415,0.75,1.0,1.0,1.0,1.0,1.0,0.022746679454424823,0.023680661029700626,0.0,0.0
314,314.0,0.0049552400541197,0.012785258581117275,0.004792977599892775,0.01297229009933155,0.0041831647653044245,0.006311073280023425,0.0025509306897227,3.9972041381988674,4.81250741292024,0.14585272385738782,0.01241818526045135,0.002579445636039675,0.012530087884885424,0.0025387642448528253,0.01753149667783315,0.018369523722172924,0.001129158074036175,0.0011160201393067498,0.01770991303918995,0.018369649602984497,0.000723556091543225,0.000682931218761875,651.0,0.0012276052104402,0.001976548528502525,0.014923209233030425,0.01421814983436195,1.0,1.0,0.01396946952607065,0.01404611206965775,0.75,1.0,1.0,1.0,1.0,1.0,0.022746679454424823,0.02370888051523695,0.0,0.0
315,315.0,0.0051161954272269,0.012946712756083051,0.004745213637146175,0.013123927853809076,0.00355118927355415,0.0061285297184483,0.0025463407882613,3.4486781525192782,8.821212852257304,0.2023839693283662,0.012455828968265074,0.002586410459484825,0.012557634201714876,0.00255086690912555,0.017713578703355923,0.017682376574313725,0.000982610275968875,0.0015040264115668,0.01755045881167635,0.018351875136904425,0.00081736186984925,0.0007447503157891,700.0,0.0011587213866765251,0.001846601491862125,0.0141322252590864,0.014254946729471526,1.0,1.0,0.014644627539090899,0.014015152552256025,1.0,1.0,1.0,1.0,1.0,1.0,0.021923210114186,0.023321617658327576,0.0,0.0
316,316.0,0.0050999570942752,0.0129363147293642,0.004692843633855375,0.01311646701064675,0.00354789530991995,0.006132847421169775,0.0025462505580665,5.672730252263136,6.84732007450657,0.2555743296979926,0.012456376642838624,0.002585370022787175,0.012560783040076275,0.0025496719668172,0.017691922473234974,0.018353899171039575,0.0010776080307549748,0.0015188863617367249,0.017697131810286225,0.017713389319846423,0.0007967644487507001,0.0007650320185347999,701.0,0.0011643208615147,0.00185120759066555,0.0140464202088254,0.014805098108301124,1.0,1.0,0.014639966629479851,0.014024970620596374,1.0,1.0,1.0,1.0,1.0,1.0,0.0219519490224146,0.023321617658327576,0.0,0.0
317,317.0,0.00543009749464095,0.013153221674444375,0.005006402658422724,0.013027621647634324,0.004237472854929675,0.00634299861418455,0.0025419826437144,5.844128211087082,6.1968411356792785,0.31715617066947743,0.01239024517798495,0.0025529510915462002,0.0125510826209048,0.0026059398148614,0.0179473348399554,0.0178994348341382,0.0013838359736836748,0.0014388380805030001,0.0177746979798063,0.018493426468186726,0.00089054775889955,0.0008076772210187249,750.0,0.001102999211911075,0.0017370945309790001,0.014219846904091026,0.01458432073940765,1.0,1.0,0.014912141206234599,0.013632411544721525,0.75,1.0,1.0,1.0,1.0,1.0,0.022859546978887525,0.02373675223355595,0.0,0.0
318,318.0,0.0053706352038306,0.013135416822482426,0.005001265895091775,0.013023583965411301,0.004256412502730925,0.00634879724469265,0.002541898529189,6.212594265874941,5.916815249715,0.3352479469031095,0.01238336288731705,0.002550906438538375,0.012545662317355277,0.002603233466896225,0.01793096033665055,0.01789083064118975,0.001273808069527125,0.00120298302499575,0.017931581631079975,0.0178894410068866,0.0008982019498944,0.00080133695155375,751.0,0.001108261062707275,0.00174155818891045,0.014229115307960125,0.014581701541216725,1.0,1.0,0.014954483094788475,0.013632920970657875,0.75,1.0,1.0,1.0,1.0,1.0,0.0227882418611563,0.02373675223355595,0.0,0.0
319,319.0,0.005798359891400425,0.013007778515382675,0.004849571142115275,0.012954270327827325,0.0041699464969310995,0.006302848159238525,0.0025379108224406,7.675239103380591,12.590773425064981,0.2770131604629568,0.01233774380762525,0.002589965547627575,0.012739656278927775,0.002620730776032975,0.01825039623151165,0.018003158073747826,0.001351918734144375,0.0014934362261555748,0.0180912771520075,0.017854904740221975,0.0009299078374168999,0.0008387570269405499,800.0,0.001064546012509075,0.0016418255604263498,0.014282434993646825,0.0146459401676199,1.0,1.0,0.014940448649807274,0.01365527765310165,1.0,1.0,1.0,1.0,1.0,1.0,0.022671354582474625,0.0235467365447341,0.0,0.0
320,320.0,0.005786640633293525,0.013006414806086126,0.004906654474017075,0.01297687241729905,0.004179945946068,0.0062985907195285,0.0025378320554708,4.75419140647864,2.9133225437253714,0.1864213622757233,0.01233654518173355,0.0025881704554061,0.012738010591116924,0.0026211229811373502,0.018254201940199024,0.0179933724256315,0.001035282912198375,0.001523829123470875,0.01824488571917925,0.0179945337044598,0.0009024695609696,0.00080624269321555,801.0,0.0010695161219316,0.00164606656638325,0.014283810510352424,0.014690896101621977,1.0,1.0,0.014964528118907226,0.013653208824863601,1.0,1.0,1.0,1.0,1.0,1.0,0.022617109976371823,0.0235467365447341,0.0,0.0
321,321.0,0.0059599088201616,0.013083481051910026,0.005177623782785525,0.0128560664817091,0.004140398133230275,0.0062288956304872006,0.002534090389508,3.3040473304572515,2.778588790912181,0.27328433451475576,0.012408625372748725,0.002564562667481975,0.012932841393288574,0.002631845507938175,0.018253007163160025,0.017747729840738476,0.001084797782823425,0.001597782422322725,0.018315003219936475,0.017835919163531375,0.00094302539946505,0.000850679818540725,850.0,0.001017677306196025,0.001558422048757,0.014262039046369902,0.014486809752193325,1.0,1.0,0.01459516585051795,0.01352726174567785,1.0,1.0,1.0,1.0,1.0,1.0,0.022741538823910223,0.0234131786563626,0.0,0.0
322,322.0,0.005958413746326149,0.01309528022668645,0.0050163776867141,0.012878974325594,0.004140398133230275,0.006225816479525,0.0025340163376771,4.224309050361626,4.149581601202954,0.26847682672087103,0.012406936353604325,0.0025629090632398,0.01293802849097115,0.0026272627110846504,0.018215480427425025,0.017736426446609378,0.0010698373080230501,0.001598796341568175,0.018279592206945926,0.0177368230229101,0.001002128061372725,0.000893135147634875,851.0,0.001022424003420475,0.001562524305421875,0.014303309671283425,0.0141829108654529,1.0,1.0,0.01475560404153425,0.013421940504969324,1.0,1.0,1.0,1.0,1.0,1.0,0.022741538823910223,0.0234131786563626,0.0,0.0
323,323.0,0.00495302277452385,0.01311381422572325,0.0058249661992139,0.01302511349426715,0.003988441331671525,0.006239054447952575,0.0025304924171242,5.722424428560771,5.867570839589462,0.2010965216904878,0.012436662349699175,0.002558389910152,0.013022595937964425,0.002665242901671925,0.0176701478700935,0.017619075430720173,0.0011793370940722,0.00166256632655855,0.01810840723760785,0.017691234382489127,0.0010225348523817,0.00094336515758185,900.0,0.0009725786023352499,0.0014828989416414001,0.01450548534317405,0.013589981291570626,1.0,1.0,0.0147411334889039,0.013409861614968875,1.0,1.0,1.0,1.0,1.0,1.0,0.023076192012740603,0.023284687336597873,0.0,0.0
324,324.0,0.0049529275858211505,0.013108269252401574,0.00583044456852955,0.01300143030366015,0.003952289278916125,0.006237644312435425,0.0025304225535752,3.738431567850057,5.924184228759259,0.13482366176322097,0.012432214773703725,0.002555732925065475,0.013030067252652676,0.0026630956710319746,0.017689133378606624,0.017608480866356226,0.00216138502582905,0.0013671113410964,0.017658109145095,0.017608475102201076,0.001030432817060425,0.0010040354100055498,901.0,0.0009771027740508248,0.0014868370883238,0.01449937302819855,0.013588134749872076,1.0,1.0,0.014739808653487924,0.01341149859759545,0.75,1.0,1.0,1.0,1.0,1.0,0.022899763033628676,0.023284687336597873,0.0,0.0
325,325.0,0.005005759911647575,0.01306276944924015,0.005810295015132025,0.012990115580111851,0.0038422797449827253,0.006230321655548526,0.0025270926838469,4.504244019277394,7.191416987159755,0.29735227278433735,0.01251521683777705,0.002514154388320475,0.013257924030462526,0.0026900496874711997,0.017906063545116924,0.01742420293100945,0.00198015250498425,0.00181695003993805,0.017895482340044573,0.017537308017641327,0.001184511289466125,0.001006262958981025,950.0,0.00093301539213725,0.0014155183292058,0.014353786096292474,0.0141672943854062,1.0,1.0,0.014710274536972824,0.01392332628922705,0.75,1.0,1.0,1.0,1.0,1.0,0.0230604817743154,0.0231529790007315,0.0,0.0
326,326.0,0.005005640566521425,0.013059565604060849,0.0058087260046298245,0.0130067674101288,0.0038486102603064003,0.006227750997510675,0.0025270265650648,6.629692140093539,7.6170243278029375,0.16074272198602552,0.012511235247498226,0.002512282533203225,0.013254011289099251,0.0026876670560886003,0.01790603542835855,0.017425661857761152,0.0011793104349635,0.001938797242473775,0.0179079052308153,0.017414956430981426,0.00112151890061795,0.00099929270800195,951.0,0.0009373584600201,0.001419350462442525,0.01435089553600615,0.0141729318303084,1.0,1.0,0.01471093592133565,0.013923524945548176,0.75,1.0,1.0,1.0,1.0,1.0,0.0230604817743154,0.0231529790007315,0.0,0.0
327,327.0,0.0050919334573581755,0.013155050645495076,0.0058083869175458245,0.013149017602947325,0.004335108238502375,0.00642065947389565,0.0025238707075671,3.667382307176012,5.506896011647769,0.11920112988445905,0.01248479764641585,0.0025135165123887503,0.01327474687667815,0.0027109422946987,0.0179037746781444,0.017615666615344173,0.001235155563335825,0.0018388993339612499,0.017900838186928898,0.017429181480911597,0.001110432902351,0.00104711309541015,1000.0,0.00090045028980195,0.001355138821893275,0.014389448758404,0.014126620686295725,1.0,1.0,0.014822370166756424,0.013812219800227076,0.75,1.0,1.0,1.0,1.0,1.0,0.023369390193606576,0.022597269470698674,0.0,0.0
328,328.0,0.0051221838619348505,0.013148305873659276,0.005530906094529525,0.013200510224863475,0.004335108238502375,0.0064246317630595,0.0025238079567083,5.846182400244288,6.082606076844968,0.15261997038032854,0.012482870872406925,0.0025123488649252002,0.01330877898478905,0.002714521100285575,0.017898704397555677,0.017621250883828776,0.0017928869929164002,0.001491426606662525,0.017899017290653,0.017636071602626927,0.001140287320595175,0.0010639405809342,1001.0,0.00090460757084065,0.001358795951926625,0.01454678952682825,0.014122863128837,1.0,1.0,0.014827332085546374,0.01381734450092365,0.75,1.0,1.0,1.0,1.0,1.0,0.023369390193606576,0.022597269470698674,0.0,0.0
329,329.0,0.0049233381564588,0.013028795726134076,0.004961228608756275,0.0131045035588671,0.00437975826380675,0.006442968183996424,0.0025208090145467,3.7388785575749353,7.515990851621609,0.27907296112971375,0.012488499538154575,0.0025133971481358,0.013522346495827899,0.0027659290959744,0.018724175288788725,0.017815309845091224,0.0013814390986226,0.001085160474758525,0.01793647305087695,0.017658239268168275,0.00108641048427665,0.00106940796831615,1050.0,0.000867656689735975,0.0013002990851243251,0.014604839942825024,0.013804459300600124,1.0,1.0,0.015320826977762776,0.014074713630157975,0.75,1.0,1.0,1.0,1.0,1.0,0.0236601032142693,0.023145505133660926,0.0,0.0
330,330.0,0.004921800828473025,0.013024088356511226,0.004959455977926925,0.013099461127254373,0.00437975826380675,0.00643934582791825,0.0025207493087354,3.972439604520332,2.777130657806992,0.1552974749938585,0.0124892204203581,0.00251285620852455,0.013525129013908649,0.002755871354556475,0.018952755006081325,0.017806055763834473,0.00131361314561215,0.0011001682723872,0.018756657468677326,0.0178058854281199,0.001076765591278625,0.0010798030416480499,1051.0,0.00087163327758485,0.00130381251884175,0.014634701881564275,0.013805396291145699,1.0,1.0,0.015320352727056475,0.01410803739100265,0.75,1.0,1.0,1.0,1.0,1.0,0.0236601032142693,0.023145505133660926,0.0,0.0
331,331.0,0.0046281505011401,0.0131832089344745,0.005501596781810475,0.013119409575710575,0.00452885512196515,0.006574676733650475,0.0025178925786128,2.850234611018095,5.537921830837149,0.18890304124215615,0.012511180038082725,0.002521623726408475,0.01359788133132575,0.0027573844117475,0.01922588244609135,0.0177667947925154,0.001636923931073325,0.001152865472249625,0.0189550604081476,0.0178267987637499,0.0011293927673249752,0.001094135513994775,1100.0,0.00086833993975905,0.001250330612847975,0.014698013134540826,0.014069858505587274,1.0,1.0,0.015793871920465802,0.013957340236207925,0.75,1.0,1.0,1.0,1.0,1.0,0.023129143416913522,0.023027394055341273,0.0,0.0
332,332.0,0.004626153100500324,0.0131775789382364,0.00550089480917065,0.013115466328227,0.00452885512196515,0.006580075858241075,0.0025178356391221,6.0748535067541525,8.153151622565929,0.055771521991118775,0.012513196596809599,0.002526175810324975,0.0135976362546736,0.0027592420967066,0.0192171496609112,0.017768562602775373,0.0014140155399217748,0.0011063353740609501,0.01921704686521825,0.017768386845042526,0.0011247979709877749,0.0011045347782783,1101.0,0.0008721130658903499,0.0012537610999821,0.014698417221654774,0.01406910502915545,1.0,1.0,0.015765010816694625,0.01395817321699885,0.75,1.0,1.0,1.0,1.0,1.0,0.023129143416913522,0.023027394055341273,0.0,0.0
333,333.0,0.00442865538640755,0.013264087212349224,0.005227674199253625,0.013050257788592326,0.0043098136890183,0.0066836540924299255,0.0025151083851097,5.8878163707559,4.293601325945929,0.15447925071930504,0.01262500600180265,0.002578472172350025,0.0137731838405629,0.00280997268366655,0.0193146474483595,0.017603820193488474,0.0016510846326127,0.0012041178997605748,0.0192462723574834,0.01784308226395765,0.0011733905412256,0.0011406252160668,1150.0,0.000841020957342025,0.00120455135499455,0.013980554730026575,0.014305551411025425,1.0,1.0,0.01576903297932935,0.0142174111654214,1.0,1.0,1.0,1.0,1.0,1.0,0.0221500008932063,0.022735990488934602,0.0,0.0
334,334.0,0.0044272129753300995,0.013260696545513624,0.005163757705376975,0.013047313370170975,0.0043098136890183,0.006681105795992175,0.0025150539696763,3.7218813402578235,2.7474799436167814,0.19819667440606276,0.0126252944935302,0.0025811931827572,0.013778773226143801,0.00280964045667495,0.019306313730927872,0.017595298454317374,0.0014381465734913499,0.001218580640852425,0.0193112683018981,0.0175974657472842,0.00117143068928265,0.001151945616584225,1151.0,0.000844662003885375,0.00120787234638005,0.013978275993616826,0.014306455627694075,1.0,1.0,0.015763044355263253,0.014209010330207775,1.0,1.0,1.0,1.0,1.0,1.0,0.022149014927613175,0.022735990488934602,0.0,0.0
335,335.0,0.002844578065179675,0.013032439649235275,0.004992287601805125,0.01308780727765425,0.0043670283348322255,0.006602995543901425,0.0025124450877387,3.75523497100221,5.785515115363523,0.13344418647466227,0.012608661268059774,0.0025623325647905,0.014043924976398,0.002803001508392575,0.019579688879222724,0.017721333494960176,0.001436016464140225,0.001204718777444175,0.019342154184757,0.017584931193217725,0.0012182130012661,0.0012088455841875751,1200.0,0.00082159824306845,0.00116246412466205,0.01466997376872695,0.013312383048367099,1.0,1.0,0.0169560562529568,0.015622518108925475,1.0,0.75,1.0,1.0,1.0,1.0,0.022789827449354975,0.022573984805650548,0.0,0.0
336,336.0,0.0027358515692173253,0.013068577314438324,0.0049585795858954,0.013083596691239275,0.0043670283348322255,0.0066228256799443245,0.0025123929844791,6.172029802459292,4.4804482945473865,0.1956544915447011,0.012603996700120999,0.0025621489263752996,0.0140580133185398,0.00280462400741715,0.019586760645209925,0.017751347725304123,0.001636639004573175,0.001229723857249975,0.01958371830834265,0.01774666913499435,0.00122679048217825,0.001197982986923275,1201.0,0.000825079648325525,0.0011656663314158,0.014669697840338,0.01329560474264015,1.0,1.0,0.0168855952483437,0.015235369326078925,1.0,0.75,1.0,1.0,1.0,1.0,0.02285612080710005,0.022573984805650548,0.0,0.0
337,337.0,0.0023834886637335503,0.013336729373380225,0.005005473150854875,0.012991643249275325,0.00446388201053535,0.006568817594383649,0.0025099427538142,6.188070227683056,3.6782041087863036,0.14403002033941448,0.012577192183871325,0.002567713793811,0.014140830762643225,0.002816729167574225,0.021018354811424927,0.017672993075684075,0.001562914345413425,0.001255678012967075,0.019565386029007877,0.017867567966674526,0.001313708315137725,0.001277677947655275,1249.0,0.000835267833724925,0.001126178850759925,0.013934063665911524,0.0131584125366455,1.0,1.0,0.01800743227804285,0.0180352943761094,0.75,0.75,1.0,1.0,1.0,1.0,0.02279308369570725,0.02186228048975355,0.0,0.0
338,338.0,0.00238313926304125,0.01335713653258295,0.0050050425635001245,0.012986850231045925,0.00446388201053535,0.006566985421908725,0.0025098927355225,6.2922189949895255,5.980103950249031,0.13333949795924124,0.01257475413773215,0.0025660531329088,0.014141682580096725,0.0028152182936006,0.021035888496748326,0.017677249007188398,0.00156477181008085,0.0012665429385378749,0.021014070417959926,0.017690757089811274,0.00128597387811165,0.0012482163729145251,1250.0,0.0008386625595361,0.0011293216976394,0.013930677389224426,0.0131430647166329,1.0,1.0,0.017996106761652052,0.018059759547004374,0.75,0.75,1.0,1.0,1.0,1.0,0.022793083695707227,0.02186228048975355,0.0,0.0
339,339.0,0.00238239802195085,0.0133526984939515,0.00500461302681815,0.01298701614590305,0.00445255772442695,0.006565156166905925,0.0025098427580657,8.987395359261427,4.100739520625211,0.08377007773378858,0.0125772824537015,0.0025651685531421498,0.014136684064266474,0.00281606884028315,0.021025698740583524,0.01768648097539625,0.001593338150996675,0.00128693552687755,0.0210290998603312,0.01768525243612285,0.00128560134908175,0.0012472340604290251,1251.0,0.000842028324754925,0.00113241893270095,0.013933069561554724,0.013151559640969226,1.0,1.0,0.018000308631203624,0.01805937588167015,0.75,0.75,1.0,1.0,1.0,1.0,0.02291436038458115,0.02186228048975355,0.0,0.0
340,340.0,0.0024368748979747747,0.012981895886421825,0.0049439296324391,0.012850610836533199,0.004535707396890375,0.00647740016616215,0.0025074425533823,4.532841538137291,4.946722234599292,0.05972839967580508,0.012542907837518175,0.002583334583723,0.014243185472000425,0.0028408191932138,0.021300549112362125,0.017740512936821926,0.00166841683676465,0.0014067982556298,0.02117436259788845,0.017778280875090674,0.001401413872372275,0.0013637566007673502,1300.0,0.000832208795130825,0.00109364192752355,0.01384728980584175,0.013162418410520224,1.0,1.0,0.017985084407450825,0.018079807362788376,0.75,0.75,1.0,1.0,1.0,1.0,0.02136510571955955,0.021833544360878327,0.0,0.0
341,341.0,0.0024365456650036503,0.012973876002017274,0.00494356909239715,0.012821179493759549,0.004535707396890375,0.006461530288739725,0.002507394536939,4.692202172242105,6.0367478844709686,0.182538261055015,0.012548727151219475,0.0025930348368828748,0.014236613845619774,0.0028403993723959,0.021294720197845875,0.017734724816559848,0.001664881769102025,0.0013400763855315,0.021287353318092176,0.0177338721505046,0.00138195161707695,0.001345047843642475,1301.0,0.000835400174249075,0.00109662425390705,0.01383863232307445,0.0131633215605303,1.0,1.0,0.017963885769868824,0.018055293403273026,0.0,0.75,1.0,1.0,1.0,1.0,0.0211716505772107,0.0219286671352189,0.0,0.0
342,342.0,0.00151496240318585,0.012707595378457776,0.00492025484663835,0.01274527106441145,0.0045520713604797,0.00656761570904985,0.0025050867641776,7.351493861002382,5.858459904207848,0.42892306891735643,0.0125551348520627,0.002584874991141625,0.01431267536292885,0.0028155282635955754,0.021283190265624426,0.017716086592360025,0.015119607443921174,0.00143082579597825,0.021237938303650873,0.017770938796658826,0.0014462262624874499,0.00141463405452665,1350.0,0.000808677473461525,0.001060492699637725,0.014323824397830299,0.0135544127486088,1.0,1.0,0.017661707302889948,0.01836978995020315,0.0,0.75,1.0,1.0,1.0,1.0,0.019387810555151173,0.0211998754672455,0.0,0.0
343,343.0,0.0013801203392907,0.012702045187353999,0.004919870502351025,0.012742741689997075,0.0045520713604797,0.006565825013076475,0.0025050405623374,6.049005653767381,4.653955307265278,0.25609412160702044,0.012550996062081675,0.0025843799044812,0.014308298913161951,0.00281655226330815,0.021279933842099925,0.01771334806219305,0.00174671906279395,0.001405394054017925,0.02128969362656215,0.017712370420845773,0.001489328278694275,0.0014121290878392249,1351.0,0.000811775920410225,0.0010633901365604999,0.01432507071649175,0.01355648075368485,1.0,1.0,0.017668750266286577,0.018463299908726926,0.0,0.0,1.0,1.0,1.0,1.0,0.019387918154189103,0.021199875467245527,0.0,0.0
344,344.0,0.0005490196589582,0.012520773795105375,0.005045420977841075,0.012791177819960175,0.004727431451870025,0.006545455077295275,0.0025028184431557,7.429366491327528,6.425286280398723,0.20804361265618349,0.01258398886298125,0.0025759996578512,0.0142995825179679,0.002828764992906325,0.021314534901741875,0.01756082838821045,0.0017917394870891998,0.001459271530620725,0.021370181234686248,0.017667472051993274,0.00149520678678525,0.0014388066483661,1400.0,0.000787521469375825,0.001030078740105825,0.0134420990345228,0.01396419738862735,1.0,1.0,0.018314707281583225,0.018915453200908,0.0,0.0,1.0,1.0,1.0,1.0,0.020045939736876198,0.022014750219107027,0.0,0.0
345,345.0,0.001233076802616125,0.01254489648557865,0.0051107882360301995,0.012788297823804674,0.00472980137676355,0.006538831754971049,0.0025027739252565,6.171829866361804,8.261294930416625,0.15999025880591938,0.01258182086666145,0.002580021593299575,0.0143201504275208,0.0028403694314234,0.02132403264018595,0.017560005554289375,0.0020314182038418498,0.0015139659517444,0.021310413869282275,0.017558345996548375,0.001510624890215675,0.00149591825902455,1401.0,0.0007905254702910999,0.001033000118372775,0.0134250590183342,0.013959651461381525,1.0,1.0,0.01832844945090855,0.018926036756868752,0.0,0.0,1.0,1.0,1.0,1.0,0.020045939736876198,0.022014750219107027,0.0,0.0
346,346.0,0.00087880710740345,0.012181044740722876,0.005301525207264875,0.0128326897078488,0.00489178400208915,0.0065815513338501755,0.0025006313979787,6.883270397607703,4.205437910393812,0.13481484650401396,0.012586258818392424,0.00256626700328165,0.014322098724374899,0.002823391935860775,0.0215748356431429,0.017421024908852275,0.0022076257737353,0.0015289341099559751,0.021278228668782977,0.017597681104255122,0.0015314547345041752,0.001531893271021525,1450.0,0.0007896179720622,0.001002907661992625,0.013548997177625175,0.0139149314945732,1.0,1.0,0.0184363836914158,0.0188966392673071,0.0,0.0,1.0,1.0,1.0,1.0,0.021018915108792773,0.021935651009445924,0.0,0.0
347,347.0,0.0010559395174801248,0.012174227645903426,0.0053174268215199,0.012849603658653124,0.004790939500455525,0.0065820875118517,0.0025005884469306,5.761999053589534,6.369294432166498,0.13689521077321837,0.012585192556856025,0.0025644011483704,0.0143211903809334,0.002822176293940975,0.021598971294351427,0.0174162299945618,0.001851449720561425,0.001534321403596525,0.021562791017537525,0.0174148268899185,0.0015878894482739,0.00155587377957995,1451.0,0.0007925150171176,0.001005679268327875,0.013548507413482524,0.013918948783867124,1.0,1.0,0.018427955830528052,0.0188898305388627,0.0,0.0,1.0,1.0,1.0,1.0,0.021193636400278423,0.022172251451683403,0.0,0.0
348,348.0,0.00010489111461979999,0.0124207862001264,0.005306733429183,0.012912281167544101,0.0048625116655029,0.0065839257814751,0.0024985615869182,7.675842477474362,7.411300126288552,0.13121379638323555,0.012609646287765525,0.002575757177682,0.01455737774293115,0.002793943322454175,0.021955797229285777,0.0174188556420114,0.001951002399437075,0.001581266405992125,0.021641943053454925,0.01745914033303235,0.00159277720376845,0.00153105048229915,1499.0,0.000770779087903825,0.000978230029612775,0.013651341681968425,0.013932818204297676,1.0,1.0,0.01953362077015275,0.018741450146018475,0.0,0.0,1.0,1.0,1.0,1.0,0.0217724743679047,0.021598948268331773,0.0,0.0
349,349.0,9.8009974757025e-05,0.012395161324897225,0.00530694491293555,0.012908893401972599,0.004888013088287475,0.0065927331126481754,0.0024985200691229,9.970021627435928,7.971355236019008,0.1458558852900751,0.012608252776145624,0.0025744900628361,0.014554858442113424,0.0027935178124220998,0.021960421352290947,0.0174198673053053,0.0018527978099882,0.0015780118410475,0.02197398738520925,0.017413346038114327,0.00163986650295555,0.0015705390251241251,1500.0,0.0007736008494521,0.000980903244315975,0.013651763818346825,0.01394187308645215,1.0,1.0,0.019529075541780128,0.018692339691817376,0.0,0.0,1.0,1.0,1.0,1.0,0.021710969211640903,0.021598948268331773,0.0,0.0
350,350.0,8.554690305955e-05,0.012411002278727226,0.005306159639711075,0.01290571238664495,0.004888013088287475,0.006590350146461175,0.0024984785795943,8.863296913448721,7.94687171257101,0.07995589746860783,0.012606375404342675,0.00257314844164895,0.0145539896496815,0.0027912205121322,0.021949666879839975,0.017421501189318126,0.0020375800086184746,0.0015756649081595,0.0219485612271933,0.017414855328572523,0.0016044364892877,0.001524686580523775,1501.0,0.0007764296737823751,0.000983584318493925,0.013652265398801749,0.013948404681954924,1.0,1.0,0.019530122325525926,0.0186908889808653,0.0,0.0,1.0,1.0,1.0,1.0,0.02171096921164075,0.021607016095187073,0.0,0.0
351,351.0,-0.00046134986978275,0.01217280439880615,0.0052010235422356495,0.012817826889036725,0.0049064747678021,0.006675846525566326,0.0024964794466354,6.619271588453557,4.343794209242333,0.10796469973865892,0.012593476030439575,0.0025781203872361253,0.0145107119658283,0.00280414595595755,0.0217643774324816,0.0173593549277451,0.002362180792260875,0.001702356501482375,0.021846877670602925,0.01739553128877655,0.001674596744123825,0.00169467914383855,1550.0,0.0007715815583217,0.0009555160779853001,0.013946372172969675,0.013893761142830975,1.0,1.0,0.019438397961975874,0.0184734045581181,0.0,0.0,1.0,1.0,1.0,1.0,0.0217866303963706,0.0223536846385957,0.0,0.0
352,352.0,-0.0004718750183284,0.012167059532837825,0.005201038977252575,0.012815619125636024,0.0049064747678021,0.00667476931398495,0.0024964393235323,9.037667543103453,6.150492044631392,0.0813313134713098,0.012594133197423375,0.0025779168530928,0.0145093516572237,0.00280344243473695,0.021755751644816374,0.01735385875309985,0.0019922026549465503,0.00176511931931595,0.021752634140114923,0.0173538874503875,0.0016718814149498501,0.00157232471974565,1551.0,0.0007742982850573,0.000958105738893325,0.013946547777935425,0.013894555643238025,1.0,1.0,0.0194102402489635,0.018438848035557752,0.0,0.0,1.0,1.0,1.0,1.0,0.0217866303963706,0.0223536846385957,0.0,0.0
353,353.0,-0.00035874455272625,0.012099093484265275,0.005175508422489675,0.012834307902451925,0.004824623774027625,0.0064702087265876,0.0024945050001306,7.260952306620311,2.9613869069726206,0.08464276173617685,0.012586361192257974,0.002566659300681175,0.014588792061632926,0.0028631684057076248,0.021763722023503348,0.017458927737733124,0.00216147402534255,0.001865494705270925,0.021758447943039425,0.017381349865798677,0.001834094990044775,0.0015601840568705751,1600.0,0.000753805410611875,0.000931937464682375,0.013935645526425075,0.0138735753880984,1.0,1.0,0.018941174402061323,0.018474350876364974,0.0,0.0,1.0,1.0,1.0,1.0,0.021837027723280975,0.02264954126322655,0.0,0.0
354,354.0,-0.00035138179739285,0.012094297402400724,0.005175523118717275,0.012832346744927899,0.004824623774027575,0.006468957322553625,0.0024944661573143,5.007211818126962,5.50298206898151,0.09111413499340412,0.0125874800237215,0.002567375374867425,0.014593622746087324,0.002863249823931725,0.02175397375576125,0.01745323377286915,0.0022096132743171498,0.001757242134772225,0.021752402722334474,0.01745327664597615,0.0016566065023652498,0.0015895242686383,1601.0,0.00075648127885385,0.000934463173406025,0.0139326737424452,0.013868239192061399,1.0,1.0,0.018943222953894175,0.01847585865471435,0.0,0.0,1.0,1.0,1.0,1.0,0.021837027723280975,0.02264954126322655,0.0,0.0
355,355.0,-0.000685492518034625,0.01189512106992005,0.005068503973929575,0.012778814909821074,0.0048196151215657256,0.0064605890780299255,0.0024925926195785,5.635249749058858,7.130441056389827,0.09858474740758533,0.012586340446429676,0.002585360521115625,0.014655973351825525,0.0028686851284529,0.02200706847977215,0.01741745562796765,0.0027514342218637,0.002229286415968,0.02172944846343515,0.017361035865721925,0.00191782071487975,0.001652234001085125,1650.0,0.0007371043169664,0.000909778374965575,0.014218509242607624,0.01338461482497335,0.75,1.0,0.019244347794926002,0.01871980519602155,0.0,0.0,1.0,1.0,1.0,1.0,0.02165180041599045,0.022705528185752298,0.0,0.0
356,356.0,-0.000660389350788625,0.011919490498087775,0.0050684756332117255,0.01279540066389425,0.00480651510432125,0.0064593536774907,0.002492554978777,7.472473610483575,8.012045783863869,0.1153121670358814,0.0125852969522515,0.002584320041860575,0.014655551705673625,0.0028662568369719,0.02199334254139375,0.01741666707344005,0.00205447513144455,0.002044385182671225,0.02200038131859223,0.01741547298589535,0.001812093309126775,0.001633587642572775,1651.0,0.000739666874318375,0.0009122799923455751,0.014370306335083275,0.0133848427663056,0.75,1.0,0.019247730192892103,0.018730383967642626,0.0,0.0,1.0,1.0,1.0,1.0,0.021758901702531072,0.022705528185752298,0.0,0.0
357,357.0,-0.0005066406961306751,0.01183027514321185,0.005035258714138525,0.012812623107616751,0.0047527375311934,0.00657569712418235,0.002490738564949,8.286174744891468,6.535340925271157,0.0927211799426004,0.0125978143486959,0.00258084529334395,0.01471200546174585,0.002871699827027575,0.0218477209005976,0.01736176239114385,0.0023013336467555996,0.00210293853888285,0.022126003208752375,0.017428947399016376,0.0018504245090298001,0.0016862449701875,1700.0,0.000721575271663875,0.0008891439332256,0.01418069724691515,0.01329753145901855,1.0,1.0,0.019252600266478778,0.018286464747637697,0.0,0.0,1.0,1.0,1.0,1.0,0.0224609807961835,0.022626543624532824,0.0,0.0
358,358.0,-0.000506161206104225,0.011830042976630374,0.005027921786152426,0.012821484191936525,0.004744905858392275,0.0065725618656885506,0.002490702054829,8.42624987452291,4.752412745845504,0.12873059103731066,0.012596381441853625,0.002580198652782075,0.014709182812063425,0.00287100263456145,0.0218465573426493,0.017357862151291325,0.00245101976906875,0.002094544179271825,0.021855863425023676,0.01735637290516665,0.0018719008076003752,0.0017308800597674251,1701.0,0.0007240737966269999,0.000891548190796625,0.0141811146238827,0.013307185041939274,1.0,1.0,0.019255442253136426,0.018276160386123102,0.0,0.0,1.0,1.0,1.0,1.0,0.0224609807961835,0.0225919714264393,0.0,0.0
359,359.0,-0.00036144572590687503,0.01185337209167905,0.0049626632827821,0.01287064739172745,0.004713970914310425,0.006522870245008925,0.0024889748885045,3.9016574766137637,3.162582262593787,0.07026882556965572,0.01258918348770155,0.002579260595208425,0.014728063942802551,0.002869507157739675,0.021999498896298677,0.01736245314481865,0.002174740948248625,0.0020307780941947497,0.021916673657378326,0.017453175446530897,0.0020926849101669752,0.001730890013277475,1749.0,0.000707202543616,0.000869967228063225,0.013882665981271726,0.01332570252053755,1.0,1.0,0.018647493753164525,0.017595757100066726,0.0,0.0,1.0,1.0,1.0,1.0,0.02197706600721595,0.0217818747529671,0.0,0.0
360,360.0,-0.00036144778349292504,0.0118682588633831,0.0049684182867499,0.0128781937157887,0.004713970914310425,0.0065214811864811005,0.0024889394231693,5.543307782325428,5.099432225862984,0.09301354613853614,0.012601090232330275,0.0025785014908236504,0.014738224336571574,0.0028682457508344248,0.021990890092827724,0.017356364539844252,0.002516922890208625,0.002427583269309225,0.0219890806711496,0.01735671641574655,0.001828259439207575,0.001725876936688975,1750.0,0.000709631936741475,0.00087230764667375,0.0138828233338996,0.013319061972429224,1.0,1.0,0.018660308239489626,0.017582829840752323,0.0,0.0,1.0,1.0,1.0,1.0,0.02197706600721595,0.021770568650982376,0.0,0.0
361,361.0,-0.0003521780561692,0.011885445336027076,0.00496657010406415,0.012876970522591626,0.004713970914310425,0.006520093710024475,0.0024889039785414,7.150577258551493,4.40044197550742,0.1374571445630863,0.012602965266384675,0.00257680300259775,0.014737578489984651,0.002868844505347725,0.022009870196449476,0.017355047838825223,0.002292068616952725,0.0018542149919084751,0.0220033627499065,0.0173602633028287,0.0018990057869814,0.0017118318355641999,1751.0,0.0007120581713368,0.000874638528533,0.0138852492452846,0.013318938226009125,1.0,1.0,0.0186611211678062,0.017581600422694625,0.0,0.0,1.0,1.0,1.0,1.0,0.02197706600721595,0.021770568650982376,0.0,0.0
362,362.0,-0.00030817406380705,0.01184346259259915,0.00495005470087155,0.0128497542968702,0.004710417860847575,0.006623135310572676,0.0024871920711586,5.59751199564198,3.5702574244351126,0.1221756678423844,0.012607284689641125,0.00258014074267845,0.014758400469932875,0.002836287490218475,0.021303528959273572,0.017454432854205924,0.002233848324976825,0.00206804601475595,0.021940711773319972,0.01737544268525445,0.002006009977776525,0.001895568391773775,1800.0,0.0007146369736841501,0.0008538224090001749,0.013791266802522524,0.01332448401882665,1.0,1.0,0.018837895624692576,0.018084339597110977,0.0,0.0,1.0,1.0,1.0,1.0,0.022184171136196824,0.021861898402208153,0.0,0.0
363,363.0,-0.00029765615118875,0.011804696336862,0.004934805299865225,0.012858362060046851,0.004791446479945101,0.00664292465779605,0.0024871576322924,5.02851101901615,4.669579159119166,0.12364647112553935,0.0126078740054779,0.002583454819114675,0.014775376502777375,0.0029055600480453747,0.021397484593728,0.017452627107367003,0.00245853338856245,0.0020992958452552,0.0212936909425874,0.0174487541128401,0.0020126524032093,0.001872297551017225,1801.0,0.000717003760941225,0.000856129732366375,0.013791419778807625,0.013343610476390776,1.0,1.0,0.018841996161599074,0.018032433330577878,0.0,0.0,1.0,1.0,1.0,1.0,0.022184171136196824,0.021615070730005626,0.0,0.0
364,364.0,-0.00037442144832285,0.01158725986019965,0.0049660489453756,0.01291683668337075,0.00476796447918325,0.0064561645102572,0.0024854936439371,8.131907945382409,2.621570747171063,0.09806278924224893,0.01261815710577785,0.0025665744740869002,0.01481758749403885,0.002941393647256825,0.0220437251476063,0.017357472547848328,0.002529395103920175,0.002306158829014675,0.0213169383602997,0.01743899699465115,0.0020420707878656503,0.00189361831871785,1850.0,0.000727625549534975,0.00083608334451445,0.014043353718752625,0.013290938077777675,0.75,1.0,0.019438496411757725,0.018687310381959372,0.0,0.0,1.0,1.0,1.0,1.0,0.022198528662771874,0.021577334229318602,0.0,0.0
365,365.0,-0.0003738691143143,0.011582907850621525,0.0049660054963935,0.0129134631377431,0.00476796447918325,0.006454855698071125,0.0024854601559694,9.604663834034,8.767982174700592,0.10633243736810978,0.012617051532579849,0.00256559911960905,0.014817305478407325,0.0029413447678053,0.022059257658038175,0.017358995050428424,0.00262268644291905,0.00231700087897475,0.02204044423739105,0.017352731554282675,0.0021130953100509248,0.0019113600137643,1851.0,0.00072990596067195,0.000838301429540975,0.014440599938450899,0.013242888895607425,0.75,1.0,0.0194055406354334,0.018686955795860223,0.0,0.0,1.0,1.0,1.0,1.0,0.022198528662771874,0.021577334229318852,0.0,0.0
366,366.0,-0.000547034076953275,0.01157112351905455,0.004794477616612825,0.0129417776436275,0.00469263753349505,0.0065943839738703,0.0024838415069977,9.911820053181145,4.905469212273602,0.1112001701840199,0.012659090331511351,0.00254369899377665,0.0148781020135329,0.0029528973024453746,0.0219621834902341,0.017224442751763026,0.002677559095900425,0.00233463931363075,0.021968214136947176,0.017415566503532275,0.002128485066350525,0.0019623377011157,1900.0,0.0007137287730689999,0.0008192845172898,0.014039149402322725,0.0131768380185881,1.0,1.0,0.019193650983254526,0.018564352745782726,0.0,0.0,1.0,1.0,1.0,1.0,0.022177395282654347,0.02295989713382285,0.0,0.0
367,367.0,-0.0005530822929192499,0.011565965055965601,0.004793390664620125,0.012939620548146825,0.00469263753349505,0.00659303245155785,0.0024838089194187,12.961972036166117,2.558912928099744,0.33593885030131787,0.012658921451192774,0.0025426827828539,0.01487511928457535,0.00292618225113685,0.0219127733979015,0.01721955294148365,0.0024007915635592247,0.002216515364125325,0.021952651544342224,0.017219830232085273,0.00213691999670115,0.0019962852238677,1901.0,0.00071598040383725,0.0008214574243081,0.014039158492093825,0.013179973186979674,1.0,1.0,0.019211799786353727,0.01857083615178995,0.0,0.0,1.0,1.0,1.0,1.0,0.022065800903714374,0.02300228732836685,0.0,0.0
368,368.0,-0.000544767992238275,0.0114246764822727,0.0047744145921425505,0.012957948402050026,0.004689902222708275,0.006632616597071201,0.0024822332322743,8.969158210325986,2.5822519733337685,0.10074635338969525,0.012662466505365174,0.0025709596361959,0.015025656581547675,0.003015770375987125,0.022089216729261476,0.017211536411357274,0.0028986923280171504,0.0022327151964418,0.021845305701608225,0.017342059307121575,0.002156819973606575,0.019622838532086424,1950.0,0.0007191498084195499,0.000803341223065075,0.014000651917364375,0.013118645972628375,0.75,1.0,0.019165940332873624,0.018420557431966973,0.0,0.0,1.0,1.0,1.0,1.0,0.021772642095576274,0.022748595727291623,0.0,0.0
369,369.0,-0.0005430522468298749,0.0114164385101724,0.004774303491468325,0.012956216087630526,0.004689902222708275,0.0066317605645194,0.0024822014984796,9.459791990288068,4.646867364295758,0.08194971457123752,0.012660549776928001,0.002570237129158525,0.015030411224193376,0.003015658248830675,0.022079007962950974,0.01720638380040835,0.002859170315787125,0.00216778984758995,0.0220798156137028,0.01720644571776975,0.0022044481593184,0.00204011780442665,1951.0,0.0007213249809312999,0.00080547461263,0.01400334873808545,0.013118251671532126,0.75,1.0,0.019161438626071274,0.0184044807970252,0.0,0.0,1.0,1.0,1.0,1.0,0.021772721005477474,0.02274376007352835,0.0,0.0
370,370.0,-0.00053124499000105,0.011435611545810926,0.004944023253328775,0.01303754907635305,0.004688265392407825,0.006742339374370975,0.0024806975160735,11.65250965137966,4.533060923626181,0.07143723167246202,0.0126617811790053,0.0025787027434058247,0.015095102282596926,0.002971208045669125,0.021888039968380603,0.017323279536727874,0.0027672846917994,0.0022302732686511747,0.022039539505579422,0.01729462993189325,0.002384443418122775,0.0022551527363247753,1999.0,0.0007065844800657,0.0007886425632074999,0.014030124613449125,0.013539783218635375,1.0,1.0,0.01878421894420825,0.018495110631458075,0.0,0.0,1.0,1.0,1.0,1.0,0.021616316325559774,0.022789871857713147,0.0,0.0
371,371.0,-0.0005298637914145749,0.0114338740387199,0.004938196242883425,0.013058221389084902,0.0047050410861934,0.006745939528065299,0.0024806665771599,7.805385779240169,3.6776483659632504,0.1645576424780301,0.012660086189525376,0.002578143730490775,0.015098650241667875,0.002971636047110575,0.021893986866472252,0.017324347048587926,0.00256020989036185,0.0021533258259296252,0.02191159581847195,0.0173240869516707,0.0022518201731144497,0.00211095780832685,2000.0,0.0007087092397378,0.000790729544463675,0.0140305352356992,0.013539830428877526,1.0,1.0,0.018782971689977272,0.018500263558805977,0.0,0.0,1.0,1.0,1.0,1.0,0.0216310568460529,0.022838661018604576,0.0,0.0
372,372.0,-0.0032496397201555,0.0026051289671662,-0.003249639725048675,0.0026051293591849503,-0.003802731564913975,-0.00380273156491395,0.0024014069243239,0.4763555097160861,0.38701729552121833,0.30167495744535694,7.403057709967372e-35,8.830215251584096e-20,7.403057709967372e-35,8.830474562185711e-20,0.0026051380772874498,0.00260513814455945,0.000152397493366125,8.50475043989718e-05,0.0,0.0,9.875092655420303e-05,7.96349486336112e-05,0.0,0.0578157072338321,0.009605629344007724,0.05014280998787572,0.041910064183202624,0.0,0.0,0.05014281000327842,0.04191006419549742,0.0,0.0,0.0,0.0,0.0,0.0,0.054415312644375324,0.05568446560502638,0.0,0.0
373,373.0,-0.003252861160170875,0.00284557955271905,-0.0032528611568044498,0.0028455795537545,-0.00380273156491405,-0.00380273156491395,0.0023904861257203,1.8490585886756892,0.8640544336521998,0.32811252196552226,4.7741408273813346e-35,1.6794956774221018e-19,6.169214758306144e-35,7.901141874322979e-20,0.0028455814616770753,0.002845581462241525,0.0001044925302266932,7.801747415214777e-05,0.007188007228282975,0.0071880072275589,7.016491144895554e-05,7.209507748484612e-05,1.0,0.0750916528018644,0.05060319302127653,0.0451888273059438,0.0405160377437166,0.0,0.0,0.04518882730650405,0.04051603776887673,0.0,0.0,0.0,0.0,0.0,0.0,0.050732367029114725,0.05235163526139455,0.0,0.0
374,374.0,0.00157197073620525,0.007142525848654775,0.001571970735212425,0.00714252581508645,0.000562030797997125,0.00092732857535895,0.0023663770566003,3.0902290190570056,2.219624886987731,0.3352988174883649,4.584534288520485e-35,1.1758938004635813e-19,4.1128098388707625e-35,3.4207331395622466e-20,0.0071425262007295,0.0071425261591978,0.00010614824714134148,7.947336416691542e-05,0.01779423420050265,0.017794234202845226,7.14825582690537e-05,7.387273944914341e-05,4.0,0.0614912148171271,0.054987053651788374,0.039641507878247176,0.030491038307369697,0.0,0.0,0.03964150788005352,0.030491038316981373,0.0,0.0,0.0,0.0,0.0,0.0,0.04498052634702495,0.03789383223030868,0.0,0.0
375,375.0,0.003513698180754675,0.0084061176953373,0.0035136942109514997,0.008406117626218425,0.000903437288598275,0.002621188112036475,0.0023601521907148,2.8269652692833915,2.8265316841425374,0.4451975734555162,5.0822503329381e-35,1.0175288120020288e-19,3.701528854983686e-35,2.6388484795114493e-20,0.00840604881143075,0.008406048778012076,0.000106560240965325,8.252257248386741e-05,0.012405703717910475,0.01240570371234165,8.081254782155156e-05,7.431750418618321e-05,5.0,0.05893543669298898,0.05355433487093138,0.03606803849242092,0.030302723967109174,0.0,0.0,0.03606815955919375,0.030302723963537677,0.0,0.0,0.0,0.0,0.0,0.0,0.0421851921784502,0.037512173070200626,0.0,0.0
376,376.0,0.003670296903312025,0.010079475411406174,0.0036702969317797497,0.010079491454250975,0.0031630832565785498,0.003556314722847175,0.0023403823153065,9.718611575895922,5.59397733095102,0.7271228199242614,4.004236988721064e-35,9.585213300901504e-20,2.643949182131204e-35,5.291412373437327e-20,0.010079447404078276,0.0100794508891311,0.00011263816850255,7.609516615048051e-05,0.01411724455142345,0.014117445621495176,7.006496889516711e-05,7.087743142619729e-05,9.0,0.04735853960125122,0.045848963817275046,0.024348997892752626,0.0209967091730182,0.0,0.0,0.024348997983359273,0.020996709173436826,0.0,0.0,0.0,0.0,0.0,0.0,0.02751586945916035,0.028296826944275374,0.0,0.0
377,377.0,0.0035834589955031004,0.00988428517302075,0.0035825872987053,0.0098843195873619,0.0031630832565785498,0.0034961474967149997,0.0023363490522287,10.172868924215436,6.9626200299244365,1.10860103945015,3.2206397983836136e-35,7.953005686750273e-20,2.467685903322458e-35,4.9080161599213705e-20,0.00988425564396745,0.0098842603187608,0.000120965938549425,9.098259033635259e-05,0.009887353329010976,0.009887353328949576,7.734994869679213e-05,7.320573786273599e-05,10.0,0.04432002213844205,0.04489884264472653,0.024638994213339302,0.02131428251625885,0.0,0.0,0.02463880524952995,0.02131413509329005,0.0,0.0,0.0,0.0,0.0,0.0,0.027388067149230276,0.0271048653064499,0.0,0.0
378,378.0,0.0026145218292514,0.008995757239583275,0.003613432147437275,0.00884562100519065,0.002402179428967825,0.0037082051479256,0.0023225826027819,5.66756509890547,3.424109227838926,0.6183700968977064,0.00151069747923205,0.0007772469899181751,0.0023493435498382,0.0006973539679154,0.010531071685615024,0.010450171646753626,0.00011377246119075,8.98173893801868e-05,0.011515485087779725,0.011514244102366726,8.505524601787329e-05,9.737501386553049e-05,14.0,0.0338911496398743,0.03809904607727985,0.02241175194330555,0.02078537646834035,0.0,0.0,0.019258248708475575,0.0225237590276904,0.0,0.0,0.0,0.0,0.0,0.0,0.022789833534275074,0.023301345474490424,0.0,0.0
379,379.0,0.002583242984697575,0.008783396935787226,0.00382736539690035,0.009011809574792074,0.00179354454413165,0.00363078026846005,0.0023196061887362,5.412620340357535,2.747718889848329,0.8362254787352867,0.001753948827006225,0.00072013992624965,0.002739906634941175,0.000955996134139175,0.010968149457931025,0.01036647281186155,0.000111828499939225,8.566252654418349e-05,0.011003399480407499,0.0115120089364295,8.365337271243334e-05,8.342252112925053e-05,15.0,0.032387421252684276,0.041139952914168325,0.018432700539550526,0.020557498333271175,0.0,0.0,0.019008371517013026,0.022384759345440274,0.0,0.0,0.0,0.0,0.0,0.0,0.022883359988348326,0.02394719856526965,0.0,0.0
380,380.0,0.00169198615960345,0.009385981514841251,0.0032324946319476997,0.008507192970739425,0.002988120581533325,0.003571631622462725,0.002309057392624,3.715592536551412,4.9790821323986165,1.8110984812956303,0.003134839743901125,0.0012077808174748,0.004331737068444325,0.00135900397906945,0.012352614889106875,0.012576182832780775,0.00011861597886302501,9.353528730571269e-05,0.014554860347039499,0.01248039193713565,9.779486572369933e-05,8.329824777320027e-05,19.0,0.026679469311878475,0.0383583826004503,0.019545395794518326,0.022097463690832125,0.0,0.0,0.020889654561556274,0.023384821462726676,0.0,0.0,0.0,0.0,0.0,0.0,0.0252197120870514,0.025878546385547825,0.0,0.0
381,381.0,0.001660335813486125,0.009214204394463826,0.0024621840310577,0.009307955802326575,0.0012853311634094251,0.003945766836461475,0.0023067020864764,4.255320912518073,3.4820245712762703,0.9416147096781059,0.003454437316174375,0.0011737161274453251,0.0045208187777940004,0.001443751876034425,0.012994477108900325,0.012196724619980899,0.00012016738764935,9.637256152927876e-05,0.01326424162173135,0.012881043386312924,9.210006101056932e-05,8.705002255737782e-05,20.0,0.025724159292754324,0.04420089816541173,0.020135356180166902,0.021536838350360674,0.0,0.0,0.019816319902307224,0.018235481234727048,0.0,0.0,0.75,0.0,0.0,0.0,0.026103870612393876,0.026761070568110123,0.0,0.0
382,382.0,0.0035005174273989,0.010372310232676,0.003312721895382525,0.009760607259133676,0.0025076514727779,0.0041060561391389,0.0022616788743272,1.6706106534111314,2.4683601115830243,0.9577399154077285,0.00748138830909365,0.00204146992744,0.0086197862212385,0.0020905370979345996,0.014761535158794525,0.014536387597429399,0.00014430319424715,0.000123877718579,0.0189632828451019,0.019492848700066998,0.000110792752820925,0.00012152071576559999,50.0,0.011569126945457099,0.0214665388347288,0.0165852270384805,0.017188297695275825,0.0,0.0,0.0170842256235011,0.01598072300583635,0.0,0.0,1.0,1.0,1.0,1.0,0.01933827601079845,0.019655343292204724,0.0,0.0
383,383.0,0.00322346905591705,0.01033187494931825,0.003307587292753875,0.009716558629489249,0.0024761936525155752,0.0040731001307291,0.0022606603019278,2.123360255267471,1.9292521637980826,0.9408893184154296,0.007701807133900975,0.002081468316293575,0.0088522313272625,0.002181006023077225,0.014617614840536974,0.014447822850896675,0.00015409255865957502,0.0001221161219291,0.01460460531261335,0.014437404185371774,0.0001153557095676,0.000126404920592825,51.0,0.0114452356369758,0.0211389140647837,0.016603066534409523,0.016835321762976148,0.0,0.0,0.017078060980193273,0.015971067908298324,0.0,0.0,1.0,1.0,1.0,1.0,0.019856007830155276,0.019538668832424423,0.0,0.0
384,384.0,0.00414435420861665,0.010882447497279376,0.0037080886063789,0.010112270606373975,0.003175893478394,0.00472911628449965,0.0022254112346904,3.699421473662369,1.7252840044675395,0.6518713099067099,0.010261318940914024,0.002489662479780675,0.010765399222529,0.00245527764959685,0.016122865721846326,0.015526243138105226,0.00019477528985587498,0.000174460059497475,0.01641707429390382,0.016508574921894652,0.00016536773182447502,0.000163245014846275,100.0,0.0061771987462721995,0.0112128825773651,0.014818445402459624,0.0149273251994917,0.0,0.0,0.016159392615492076,0.01520170112422715,0.0,0.0,1.0,1.0,1.0,1.0,0.02161030192660035,0.0195387310370973,0.0,0.0
385,385.0,0.004172014290764225,0.011063547785412775,0.0037801269170698,0.010118787536331275,0.0032378217012629003,0.0046946621115278,0.0022248839445863,3.838816577917896,2.875532003294211,0.33256305148825044,0.01031423487074575,0.002467151011918125,0.010742532952300824,0.00245652193976065,0.016280979483241625,0.0155323144891037,0.00018920743605115001,0.0001657810644246,0.0164084936014918,0.015603152714643177,0.0001529675209894,0.00015229603741312501,101.0,0.00615982354255715,0.0111544232463659,0.0154829515166037,0.014928137061930575,0.0,0.0,0.016386111151224025,0.015064540281591125,0.0,0.0,1.0,1.0,1.0,1.0,0.021245734012245224,0.0195387310370984,0.0,0.0
386,386.0,0.0044992701363938,0.011012164192505875,0.004345745519635975,0.010833811932179924,0.003143795466803375,0.005596194158893175,0.0022038483979179,3.200577725598123,4.757105456781574,0.6858879085630178,0.010934695278579525,0.002569224374930925,0.0113537874630774,0.0024510578710824,0.016024108259499126,0.01649728908842105,0.000253152858931525,0.000211153412237725,0.016797952470109127,0.016879691645816826,0.00022174842888485002,0.0002047677990049,150.0,0.004288189378293851,0.0076023032766202245,0.01556152005432675,0.014215748633944624,0.0,0.0,0.015301053191370225,0.014692452643713324,0.0,0.0,1.0,1.0,1.0,1.0,0.0217343333551733,0.02002402871480875,0.0,0.0
387,387.0,0.004492350752695724,0.010992922202392025,0.0042305334704771,0.010827040004088474,0.0022231276789897248,0.00557136445453745,0.0022034941087148,2.8219046580488794,1.9747276038979178,0.34442414215300227,0.010939361328595926,0.0025753347325689997,0.0113586087084736,0.002442198683019475,0.016057232433030425,0.01644247341564225,0.00024271331494670002,0.000209658232051825,0.0160539950207934,0.016444145238919225,0.00021487014601005,0.00020836852490895,151.0,0.004290312081237125,0.007579781724774699,0.015560622668962475,0.014206672386469051,0.0,0.0,0.015213548723780675,0.014707830961639601,0.0,0.0,1.0,1.0,1.0,1.0,0.020574283036970148,0.020024028714808677,0.0,0.0
388,388.0,0.00471358282062635,0.011130147398659574,0.004299398192916699,0.01168649609828365,0.00412281538200575,0.005991698110902325,0.0021884980407394,2.7105148986447603,4.181161409884226,0.42526089504826814,0.011457373509570826,0.00252778477652015,0.011846931673477074,0.0026288179281507753,0.016720335368246825,0.016212227204944175,0.000595581775996775,0.000269205134827625,0.01652429784867465,0.017302224440047524,0.0007587246363982,0.000306626025121575,200.0,0.003310886630065275,0.005784041100597425,0.0143320712020954,0.0142152055238503,0.0,0.0,0.014989256378211175,0.013377239052753974,0.0,0.0,1.0,1.0,1.0,1.0,0.0223577032440883,0.01878352750763735,0.0,0.0
389,389.0,0.0048295500875905,0.011110122560279975,0.004284996250504325,0.01167117140337005,0.0040984406728006495,0.006127690769812524,0.0021882318157705,3.025254926586058,4.073951449943706,0.5052360919071361,0.011431294668385475,0.002535459236220425,0.011831424940282576,0.0026089103207205,0.01665555488457995,0.01617221332257565,0.0006857035914435751,0.00027334096375845,0.016676362614067176,0.01617380598817435,0.000680029508657675,0.000342671060934575,201.0,0.0033166163635959998,0.0057789647831952996,0.014340142983092425,0.0142505903946892,0.0,0.0,0.014988864888007974,0.01337696198600795,0.0,0.0,1.0,1.0,1.0,1.0,0.022447332315417276,0.0189111512161292,0.0,0.0
390,390.0,0.00444238908762415,0.011123133903056526,0.004011582624494075,0.011726069839659299,0.00377446217923755,0.0063056650507296,0.0021765893716127,2.997882028692402,5.03144504642114,0.5538157522096299,0.01166683056618595,0.0025837086029377,0.011914942598889,0.0025039669648398498,0.01688437394075225,0.0164221729165417,0.00038597901584575,0.00040866603376342496,0.016837309917245125,0.016679517718983523,0.00031113595468917497,0.00029551284387705,250.0,0.00270169167164035,0.004673530776521825,0.01520618154218065,0.01456314271357295,0.0,0.0,0.015148860158364325,0.0135054738741362,0.0,0.0,1.0,1.0,1.0,1.0,0.02046719520406945,0.0196833291295482,0.0,0.0
391,391.0,0.00447299778656115,0.011102263164740299,0.0040097411909715995,0.011709065234879325,0.003642191930072625,0.006306529461991575,0.0021763764082403,3.771988661843352,3.9242026299471036,0.16905614727875215,0.011641012376029426,0.002581565923655575,0.0119214948112049,0.002492299389231575,0.016920358956381724,0.01637994892343165,0.0003588584950193,0.000486831064335925,0.01684735722877135,0.016385170457881078,0.000784284435212575,0.000344785803463275,251.0,0.002708222615743925,0.004671890958496775,0.015198458209667224,0.014563434658900476,0.0,0.0,0.015190037231147176,0.01350535537952335,0.0,0.0,1.0,1.0,1.0,1.0,0.02046719520406945,0.0197761428057748,0.0,0.0
392,392.0,0.0048932330936135495,0.0115577271737134,0.004702668036627625,0.012188077297801126,0.0045553402175653,0.006768746984239125,0.0021668682827018,1.6840024203411303,1.1614990355446937,0.1481717018759809,0.012009354751117175,0.002519303112530075,0.012039256429115125,0.00249319724149385,0.016698440788349252,0.016695141419243425,0.00040430866647505,0.0005814743344672,0.017275948124162426,0.01648850773386098,0.00067633460275825,0.000352340983226825,300.0,0.002290278252995875,0.0039323241033957755,0.01529944364822935,0.014153992689134025,0.0,0.0,0.015203672224850074,0.014262970815467724,0.0,0.0,1.0,1.0,1.0,1.0,0.019689828346531477,0.020025712577274347,0.0,0.0
393,393.0,0.004911749716299825,0.0115468366853889,0.004945935823927225,0.0122023863451459,0.004493081160865525,0.0066964175093436,0.0021666909683353,2.2838125802809373,1.3602864545537159,0.19204648304730648,0.011999243384571725,0.002522132528505575,0.012043373442644376,0.00248374477256215,0.01673233741083385,0.016692712266472724,0.0007293517701327001,0.00053448951803145,0.01667840094543335,0.016692526903257975,0.000621929357293975,0.00039024912985037504,301.0,0.002297305665166375,0.003933841455533575,0.015294718028925324,0.014152763080901225,0.0,0.0,0.015203089922595725,0.01426025547027805,0.0,0.0,1.0,1.0,1.0,1.0,0.019689828346531477,0.0200446391044055,0.0,0.0
394,394.0,0.005373926590273125,0.0117090212058899,0.004541089707094375,0.011796824658731175,0.0041623388444046,0.006397421783420825,0.0021586602770011,2.037954593484756,1.491621665598359,0.16975120286224402,0.011963297022236025,0.002511792377043525,0.012050854578795251,0.00249987420314485,0.016595121379091797,0.0166055128347956,0.000477518653497075,0.000490965961944275,0.016663496561575876,0.0166628957465825,0.000772496976423925,0.000386455911211625,350.0,0.0019956342235295,0.003402478212294975,0.014947774246247325,0.01476088402755275,0.0,0.75,0.015107089590762575,0.014446157772556225,0.0,0.75,1.0,1.0,1.0,1.0,0.018300246040098826,0.019441475473842673,0.0,0.0
395,395.0,0.005369365705300075,0.01169929203028205,0.004534502302662275,0.011728464319415974,0.00409017920643885,0.006297359921324575,0.0021585084777184,1.7730164453387258,1.0910196491167878,0.07010207505663851,0.0119543564601323,0.0025141346139691,0.012048707293126175,0.002553259396984375,0.0165389445014795,0.016596944020318874,0.00055917090503495,0.000537346233613725,0.016567993159059376,0.016580276992667002,0.000806066906079625,0.00038461864460255003,351.0,0.00200238941046315,0.0034049901419898002,0.014945495568110475,0.01476221691735775,0.0,0.75,0.01510595578583315,0.014447298332594252,0.0,0.75,1.0,1.0,1.0,1.0,0.01968536898209085,0.019441475473842673,0.0,0.0
396,396.0,0.004858851282642801,0.011374274284684075,0.004319237801567475,0.011472873790236624,0.0035159056940391752,0.006208957473804375,0.0021515608493682,1.287294301961083,1.325201335537713,0.4002904778462834,0.0119405529351558,0.0025495916849031497,0.01230237458811265,0.0025052390295315,0.016638732952399975,0.016418658382043275,0.0005017562070861,0.000714187044650275,0.016661803924940426,0.016561598158827948,0.00066843180684365,0.00043909600935875003,400.0,0.00177392913260385,0.0030067524968003497,0.015162015065056525,0.01479839899401755,0.0,0.75,0.0147127155708575,0.015003982596684624,0.0,0.0,1.0,1.0,1.0,1.0,0.0192928006532381,0.019628311959004302,0.0,0.0
397,397.0,0.00493042169532085,0.011362647241649775,0.004290670038638625,0.01145991321753565,0.003280342896611925,0.006203531707270775,0.0021514282047556,1.2586417362908833,2.050266756559722,0.26582972251344467,0.011946333187389725,0.0025501019641046,0.012297016235250476,0.002515261130173125,0.016621751757373602,0.0164173238690122,0.0005290536792017251,0.00091767957201225,0.016621914736271323,0.016417471951966973,0.00059449614491305,0.00043408625060685003,401.0,0.001780906053080225,0.003010602073593975,0.015090377164936549,0.0146917121119193,0.0,0.75,0.01470336397501725,0.015002808124371301,0.0,0.0,1.0,1.0,1.0,1.0,0.019292800653238174,0.019628311959004302,0.0,0.0
398,398.0,0.004825375000688074,0.01151011276509475,0.00460885818404585,0.0119602434369047,0.00308679852569535,0.00645307095461455,0.0021453083530851,1.1898465345147997,1.5568433120497502,0.2716142101562582,0.011937182536771425,0.0025385194083738,0.012219825746487376,0.002529697868742025,0.01668522833950175,0.016717556503553575,0.00068161945091555,0.001142793043982225,0.016621112395261102,0.01693044878963175,0.0006960362079552999,0.0005443342379294249,450.0,0.001603787576881175,0.0026934068591464,0.0150935788955898,0.014551339391832875,0.0,0.75,0.01501201152444425,0.0146164517889295,0.0,0.75,1.0,1.0,1.0,1.0,0.0204889354553907,0.0200996877944012,0.0,0.0
399,399.0,0.004899257048815725,0.011508462893291225,0.00427069039682035,0.01192284042749755,0.0031836580704546497,0.0064565395020877245,0.0021451906115734,1.741723645827733,1.2863104412681423,0.10544807906262575,0.0119726049099311,0.002523370531570025,0.0122593817735578,0.0025181841106954247,0.01666601492721275,0.016712859868274477,0.000607313355430925,0.0009762552217580001,0.016678226507081475,0.016715308734706877,0.00071948696859175,0.000553163758013375,451.0,0.001609890680823275,0.0026968228170565003,0.015014814923352174,0.014505508346163626,0.0,0.75,0.015000563420354074,0.014607588423218076,0.0,0.75,1.0,1.0,1.0,1.0,0.02051112545115325,0.0200996877944012,0.0,0.0
400,400.0,0.004978508510626475,0.01168397387737515,0.0045655626093985,0.011951091660353274,0.0033194580069537,0.0065318112377895495,0.0021397238339333,1.4283330127364025,1.8882901198230684,0.26636331708868966,0.011944484669368776,0.0024911267249459997,0.01218294602354965,0.0025038001952252253,0.016984973598918277,0.0166480348573547,0.000642756931483725,0.00137181626632805,0.0166108185543213,0.017031566926269625,0.000598494254518275,0.000590299488976575,500.0,0.001462530315648625,0.002442285619007575,0.01505595758058175,0.014751077784856025,0.0,0.75,0.0153431694582038,0.014568726344176875,0.0,0.75,1.0,1.0,1.0,1.0,0.021947919936650923,0.019563221433788875,0.0,0.0
401,401.0,0.0049881223248302,0.011677786986969274,0.0045232652413752,0.01191553481904625,0.0032941275445279496,0.006539601652539025,0.0021396180143674,1.311119445541408,1.2515932038077153,0.32663042907370254,0.011933541762111775,0.002495385263772625,0.012171876841776825,0.00251156137281705,0.016966630882036052,0.0166322088650337,0.00093510019360105,0.001320523035246825,0.0169705596482744,0.016631551459635675,0.0005897567607462001,0.00060651451349255,501.0,0.0014680822611073,0.002446015232357625,0.015156056607296749,0.014739090587896825,0.0,0.75,0.015237307303851425,0.014543019439196149,0.0,0.75,1.0,1.0,1.0,1.0,0.021947919936650923,0.019622261642196125,0.0,0.0
402,402.0,0.004310847536015225,0.011610050381223376,0.004396433123308676,0.0119150262055018,0.0039445145134602505,0.0064707939494141,0.0021346795228722,2.3718978778924793,2.148706942447461,0.2163475434063002,0.012459547881844349,0.0025575902610872,0.012408845982857124,0.0025646019340410248,0.0169202519174984,0.017312734345088426,0.00069672131212425,0.000963097147177825,0.017004440437842376,0.0169536999326367,0.00066983466967935,0.000570583564694925,550.0,0.00134662570151005,0.002237577098394275,0.015161140063819049,0.014730273682574025,0.0,0.75,0.014870456358860725,0.014543386539003049,0.0,0.0,1.0,1.0,1.0,1.0,0.023411537326116127,0.019464462698980674,0.0,0.0
403,403.0,0.004310587792899875,0.01160392044102075,0.004394444117777575,0.011899959392237,0.0039445145134602505,0.00647956677853805,0.0021345834548225,1.5862064864486456,2.109240011079237,0.25890274927951396,0.0124593290245023,0.002560686384674925,0.01239666224664655,0.00257127226405175,0.016923148635229552,0.0173051922763887,0.000690324348397525,0.00098860479192805,0.016902343991571277,0.01729411555915135,0.000604704371653475,0.0005680421018040999,551.0,0.00135188362070445,0.002241238738473325,0.0151164789180053,0.014785707584523775,0.0,1.0,0.014871048596170675,0.014544577416474525,0.0,0.0,1.0,1.0,1.0,1.0,0.023411537326116127,0.019464462698980674,0.0,0.0
404,404.0,0.0045530974883932,0.011963174105606975,0.0044991814994797,0.01194460100254285,0.003329119202373775,0.00657788433772225,0.0021300810282365,2.302957792475354,2.0457355544203892,0.24149975768523285,0.0123816680608664,0.0025790967406668,0.01246856741998565,0.002519448330799375,0.016339119378795924,0.0174955660721199,0.0011920928373001,0.001246065367013175,0.016996262250133502,0.017435430160298176,0.0007784902118146,0.0006100519094616,600.0,0.0012531296124109249,0.0020672987487730748,0.0148888160903453,0.01483891412372845,0.0,0.75,0.014949559770390551,0.014175486868023526,0.0,0.0,1.0,1.0,1.0,1.0,0.0235598992530062,0.02266560642058025,0.0,0.0
405,405.0,0.0045529867216449,0.011957731356665025,0.00449799391880065,0.0119339530394309,0.003329119202373775,0.0065765530689917,0.0021299930828385,1.5604651350877248,1.520986181101762,0.2536892532370984,0.012373702022906174,0.0025775076402081753,0.012461243708640074,0.0025193158356212,0.016306771541757952,0.0174816394683367,0.000745152239687675,0.00130658614216365,0.016324872428404,0.017479924822878776,0.0006933595286682,0.000616420933511025,601.0,0.001258144894691525,0.0020709700698206502,0.01489020918065835,0.0148374379422329,0.0,0.75,0.01492832621812505,0.014176996894323125,0.0,0.0,1.0,1.0,1.0,1.0,0.023500755166901,0.02266560642058025,0.0,0.0
406,406.0,0.004897140256176375,0.01200739314271435,0.0047292727614281745,0.01218004729686745,0.0041831647653044245,0.006291531320977475,0.002125856650914,1.2717083957395514,2.5402409156085923,0.3210042978753335,0.012423456096559576,0.002595105367223275,0.012538379797410001,0.002586296413892475,0.0170165520573324,0.01767125464014685,0.0008082944550551,0.001361651287879775,0.01674271724555465,0.017595672061074652,0.000779672292992425,0.00069358444306995,650.0,0.0011725739123085001,0.0019225854794306752,0.014842213710773275,0.014334841382590925,0.0,0.75,0.013765483191454174,0.014029671065682049,0.0,0.75,1.0,1.0,1.0,1.0,0.022746679454424823,0.023680661029700626,0.0,0.0
407,407.0,0.004896365303078075,0.01200136814173655,0.004719994695939,0.012174756967980125,0.0041831647653044245,0.006311073280023425,0.0021257755747689,1.6319661801098846,1.7942416360601783,0.24604749726131553,0.01241818526045135,0.0025945095424627,0.012530087884885424,0.0025841361045929,0.016973065675184102,0.017650851573798775,0.000819284527096875,0.0014648812357336,0.017088145262708975,0.0176529324012334,0.0007170268800109,0.00068353203823785,651.0,0.0011772181595991,0.001926161477661525,0.014873288131094325,0.014337207997553149,0.0,0.75,0.013764284500348676,0.014030334654396275,0.0,0.75,1.0,1.0,1.0,1.0,0.022746679454424823,0.02370888051523695,0.0,0.0
408,408.0,0.005009110724925175,0.01215400164467465,0.00470996209693335,0.012325262524257152,0.00355118927355415,0.0061285297184483,0.0021219506568844,2.7070084071019664,1.7452408547396774,0.3245580348884687,0.012455828968265074,0.0025987065367734,0.012557634201714876,0.002579011164895025,0.017086706930678302,0.0170725098041209,0.001162372936960275,0.0013829479576088,0.01695257423491145,0.017617602936176174,0.0007766518974676,0.00078180700074875,700.0,0.0011106466756529501,0.0017985267808385999,0.014133495544365776,0.0143208296790177,0.75,0.75,0.014780476158589824,0.01406785924485315,0.75,0.0,1.0,1.0,1.0,1.0,0.021923210114186,0.023321617658327576,0.0,0.0
409,409.0,0.004992889732667,0.012143894014983399,0.004646378643075025,0.01231778237439355,0.00354789530991995,0.006132847421169775,0.0021218754650554,2.347696461598389,2.5166198494262066,0.3250530860968865,0.012456376642838624,0.0025977323731798,0.012560783040076275,0.00257197416505855,0.017063491550758425,0.017657615380192376,0.00098264543339605,0.001525046536698875,0.01707026091295165,0.017105866905960426,0.00074692664202295,0.000744252407457625,701.0,0.0011151056085585249,0.00180199233770945,0.01414165359194185,0.014933594275230075,0.75,0.75,0.014779975676708926,0.01407759063163995,0.75,0.0,1.0,1.0,1.0,1.0,0.0219519490224146,0.023321617658327576,0.0,0.0
410,410.0,0.005551063166915875,0.0123666841074473,0.004980665611348975,0.012225902257738574,0.004237472854929675,0.00634299861418455,0.002118318869762,3.2506621790817007,2.7611707246978767,0.3394305200199596,0.01239024517798495,0.002590506124170125,0.0125510826209048,0.0026118142400025,0.01727231396102635,0.017346388222363975,0.000952658010646675,0.0012269479921086749,0.0170331275348391,0.017876581322603773,0.00088978209532795,0.0008409147849306,750.0,0.0010558677554476752,0.001689963074515525,0.0142700198393019,0.01464459563907395,0.75,0.75,0.01499283310941845,0.0137635888209958,0.75,0.75,1.0,1.0,1.0,1.0,0.022859546978887525,0.02373675223355595,0.0,0.0
411,411.0,0.0055287608112268745,0.012348145209520975,0.004974583067306875,0.012221795652011976,0.004256412502730925,0.00634879724469265,0.0021182487743241,3.3800821232725866,3.2739165842649527,0.3024299123790115,0.01238336288731705,0.002587360642173275,0.012545662317355277,0.002610397986350625,0.017256101715658827,0.017338659042194476,0.001188241003546825,0.0011806463589891251,0.017256526973461875,0.017336126442071,0.00082851544721045,0.00078357424354175,751.0,0.0010600655716239,0.00169336269782715,0.0142741233321841,0.0146449671013182,0.75,0.75,0.015028593221131075,0.013763272491974975,0.75,0.75,1.0,1.0,1.0,1.0,0.0227882418611563,0.02373675223355595,0.0,0.0
412,412.0,0.0057147161626272,0.01221260329215075,0.00474515372894695,0.012153136431947924,0.0041699464969310995,0.006302848159238525,0.0021149256853671,2.5948274836991914,3.005833415722009,0.2991066971444524,0.01233774380762525,0.00261686528803585,0.012739656278927775,0.002640844087575375,0.017569341711592624,0.017390160332154653,0.00098000047728415,0.001449802250135625,0.01742471049925505,0.017285144005640275,0.000932337658014075,0.0008243719930759749,800.0,0.001018243496964775,0.001595523044882025,0.01421220211082405,0.014782189585830875,0.75,0.75,0.014969375177903275,0.013708613698031575,0.75,0.75,1.0,1.0,1.0,1.0,0.022671354582474625,0.0235467365447341,0.0,0.0
413,413.0,0.00570301351741625,0.012217797848788575,0.004801238624551275,0.01216057397367965,0.004179945946068,0.0062985907195285,0.0021148600462257,3.708634993701708,1.9577136639854873,0.3047733480925672,0.01233654518173355,0.00261465068076,0.012738010591116924,0.002641701911302025,0.01757204816205385,0.017380135539680902,0.0010218077222816499,0.0014265920617616999,0.01756384193158,0.017378229687019603,0.0009196270257233749,0.000822984438855125,801.0,0.0010222165635255,0.00159876700797715,0.014323970372253074,0.01482962257559235,0.75,0.75,0.014998599404892201,0.013708743901417849,0.75,0.75,1.0,1.0,1.0,1.0,0.022617109976371823,0.0235467365447341,0.0,0.0
414,414.0,0.0058711826251584,0.0123101404433916,0.005058506371580825,0.012078672856182275,0.004140398133230275,0.0062288956304872006,0.0021117419912566,3.6871184324845663,3.0661436177324504,0.39646099635865534,0.012408625372748725,0.002639779071471625,0.012932841393288574,0.0027220752314267996,0.017708645018981423,0.017191380830836975,0.0009759444510564,0.001579138857778125,0.017629466573869927,0.017214218596613477,0.0008972843643277,0.0008369944989680751,850.0,0.000972109363743425,0.0015128541063043999,0.014234192935913026,0.014644833455722,0.0,0.75,0.0146624018846051,0.013582910934946525,0.75,0.75,1.0,1.0,1.0,1.0,0.022741538823910223,0.0234131786563626,0.0,0.0
415,415.0,0.005872059904304075,0.01232129936532215,0.004864904129967525,0.01210163692211455,0.004140398133230275,0.006225816479525,0.0021116802813976,2.0845866188174114,1.9859441089211032,0.26940252317581326,0.012406936353604325,0.00263718587143165,0.01293802849097115,0.0027196690019627,0.01768604319396215,0.0171798897863738,0.0009409847552887499,0.0015456590335815499,0.017737817834543652,0.0171802613106742,0.00093949551228425,0.000864804489538,851.0,0.000975918159761075,0.0015160184617625,0.01426486738722235,0.014446999592992876,0.0,0.75,0.014791131435510824,0.01352942777714705,0.75,0.75,1.0,1.0,1.0,1.0,0.022741538823910223,0.0234131786563626,0.0,0.0
416,416.0,0.004807063406567525,0.012326717784796324,0.005705939999919125,0.01224793419155995,0.003988441331671525,0.006239054447952575,0.0021087436809368,2.519380384881515,1.4449825656483883,0.30143311579013243,0.012436662349699175,0.0026222292613856,0.013022595937964425,0.002703917121982975,0.017063222203960674,0.016971902394848873,0.001318124064709975,0.0016929273260757002,0.01742203371673965,0.0171072203510046,0.00100942293647675,0.000950685294810625,900.0,0.00092766640594225,0.0014379867452484,0.014696290390343125,0.013731315190118651,0.0,0.75,0.0147432483813222,0.013491178908847226,0.75,1.0,1.0,1.0,1.0,1.0,0.023076192012740603,0.023284687336597873,0.0,0.0
417,417.0,0.0048067717464244,0.0123232768880915,0.005711452995332725,0.012225664530056374,0.003952289278916125,0.006237644312435425,0.0021086854613127,1.9165472915628925,1.3817869213526137,0.31312435562722385,0.012432214773703725,0.002619515135455175,0.013030067252652676,0.00270724222917225,0.017065386562004774,0.0169608904756937,0.001498216879554025,0.00171057006809855,0.017050979654963976,0.016961193502745102,0.0010594947962089501,0.0010100753279402,901.0,0.000931305266855,0.001441039581127975,0.01459539224196005,0.013724266135959099,0.0,0.0,0.014742069296491474,0.013492117324502974,0.75,1.0,1.0,1.0,1.0,1.0,0.022899763033628676,0.023284687336597873,0.0,0.0
418,418.0,0.004854246815912175,0.012284348670367025,0.0057247322594312505,0.012199223366431075,0.0038422797449827253,0.006230321655548526,0.0021059105698724,2.037415626924485,3.1480122337234206,0.3330978915910236,0.01251521683777705,0.002561162725330675,0.013257924030462526,0.0027157205732567,0.0172530347510287,0.01710216182273505,0.001225361193064575,0.0018246347317472,0.017222230310707725,0.0169450529742046,0.0011194987455382748,0.001016497029922825,950.0,0.0008886924050286251,0.001371195342097125,0.01440051454212135,0.014272302412232424,0.0,0.0,0.01476601179762355,0.01408968197586175,0.75,1.0,1.0,1.0,1.0,1.0,0.0230604817743154,0.0231529790007315,0.0,0.0
419,419.0,0.00485680100988285,0.0122811556715151,0.00572223377151835,0.012208755863699225,0.0038486102603064003,0.006227750997510675,0.0021058554708873,3.3886096266796812,3.590725797519554,0.5749007276026532,0.012511235247498226,0.002559519426270275,0.013254011289099251,0.002713120101720525,0.017252635306284077,0.017103569677763428,0.00142477144254365,0.0016445441287942,0.017254803397792725,0.017091900463441525,0.001124997972510725,0.0010167427244596,951.0,0.0008921972290233001,0.001374189231445825,0.014397637098260975,0.01427519209385625,0.0,0.0,0.014766631886426875,0.01408997948326535,0.75,1.0,1.0,1.0,1.0,1.0,0.0230604817743154,0.0231529790007315,0.0,0.0
420,420.0,0.004995468075420475,0.012373070634359426,0.0057280610792212,0.012378435504982,0.004335108238502375,0.00642065947389565,0.0021032255896392,4.150527335179504,5.815990896313451,0.6125432073604316,0.01248479764641585,0.00256399102778435,0.01327474687667815,0.00273405071509915,0.017243806241764352,0.016969262966673677,0.00153264222899445,0.00177524233004075,0.01725195009509135,0.017067658608199626,0.001126534771174125,0.001074947649612975,1000.0,0.00085665982409915,0.001311348356190475,0.014541234320713525,0.014182954475027475,0.75,0.75,0.014871165584919126,0.01395522792514865,0.75,1.0,1.0,1.0,1.0,1.0,0.023369390193606576,0.022597269470698674,0.0,0.0
421,421.0,0.005025912834035775,0.012377347365730651,0.0054379062921905506,0.012430299945945125,0.004335108238502375,0.0064246317630595,0.0021031732972569,4.893416484701447,4.555069618625566,0.33135144721018145,0.012482870872406925,0.002565188941456875,0.01330877898478905,0.002737549432385275,0.017238373751721825,0.01697107181965485,0.00147580704651765,0.001643401512410475,0.01723882974770065,0.016989954951285077,0.001178415433969275,0.001063293078914225,1001.0,0.000860021228496425,0.001314209609582425,0.0147656339991295,0.014218824225098351,0.75,0.0,0.0148764888396864,0.01395461072428645,0.75,1.0,1.0,1.0,1.0,1.0,0.023369390193606576,0.022597269470698674,0.0,0.0
422,422.0,0.004878811199942175,0.01225129725344965,0.0049263826346942,0.012323026304220875,0.00437975826380675,0.006442968183996424,0.0021006741787889,2.0569962213048716,3.3796778084360994,0.1321613930631428,0.012488499538154575,0.002577946205101975,0.013522346495827899,0.002813580647123625,0.01806525366954245,0.017302722551664776,0.0014149155467748499,0.00108498166082425,0.017283345689711748,0.016984222289077748,0.00108935299795115,0.00105947308475145,1050.0,0.0008243500438018751,0.001256992439190225,0.01457934971941025,0.013918300486412176,0.75,0.0,0.015585369500436926,0.014223526371692101,0.75,1.0,1.0,1.0,1.0,1.0,0.0236601032142693,0.023145505133660926,0.0,0.0
423,423.0,0.004876906519498675,0.01224654006643665,0.00492417653043325,0.0123186203959042,0.00437975826380675,0.00643934582791825,0.0021006244239462,2.8877168770413846,5.240986801916733,0.16378841904224825,0.0124892204203581,0.0025765383789355,0.013525129013908649,0.0027952953673052,0.0182669673912919,0.017294732949190924,0.00137298583285875,0.0010743276798166,0.018095997679287924,0.0172944694600407,0.0010894480510614,0.0010589154553599,1051.0,0.000827569090612125,0.00125974833186895,0.0146044574702978,0.013919339242570451,0.75,0.0,0.015584498186420975,0.014223020319211825,0.75,1.0,1.0,1.0,1.0,1.0,0.0236601032142693,0.023145505133660926,0.0,0.0
424,424.0,0.0045759032576742,0.0124070512701384,0.005398950497160275,0.012338072250350825,0.00452885512196515,0.006574676733650475,0.0020982438155107,2.944011680840049,2.8845587912946944,0.16921428556088355,0.012511180038082725,0.0025452582616816498,0.01359788133132575,0.0027903900563233247,0.018551706796904023,0.017208674140334702,0.0013465515221469,0.0011163296294397751,0.01827371070189355,0.017245079715907975,0.001122055517043875,0.001081522146705475,1100.0,0.00082547495692535,0.0012074656300142751,0.014698769944163826,0.01419642094431605,0.75,0.0,0.015736325356387998,0.014041078060083425,0.75,1.0,1.0,1.0,1.0,1.0,0.023129143416913522,0.023027394055341273,0.0,0.0
425,425.0,0.0045734755288595,0.012401492158441624,0.005398112558409175,0.012334201052631725,0.00452885512196515,0.006580075858241075,0.0020981963659351,3.3144050231203437,2.17786850995617,0.1526651293970644,0.012513196596809599,0.0025506819306486753,0.0135976362546736,0.002793356876399375,0.0185427403393096,0.017211480815011674,0.00140264123911035,0.00111164886038745,0.0185427628797957,0.017211455361168426,0.0011477979132905,0.00115693081170315,1101.0,0.00082852539333465,0.0012101734274265,0.0146992058977258,0.01419620859105785,0.75,0.75,0.01573726517507475,0.014038820619626925,0.75,1.0,1.0,1.0,1.0,1.0,0.023129143416913522,0.023027394055341273,0.0,0.0
426,426.0,0.004321749310698325,0.012487297397798825,0.00516298363408345,0.0122694247045408,0.0043098136890183,0.0066836540924299255,0.0020959236542581,3.7169823976582848,1.5640603044303134,0.11665545293362804,0.01262500600180265,0.002606072070905625,0.0137731838405629,0.002827083824356225,0.01861849589228645,0.016986339381209827,0.0013414465356618001,0.001158915401901975,0.018570422529159424,0.017285083022534675,0.0011655489797703,0.00114291859790675,1150.0,0.0007985608964596,0.001162091294112125,0.014011486987292,0.014406958875777875,0.75,0.75,0.015759762199482923,0.014000703836767176,0.75,0.0,1.0,1.0,1.0,1.0,0.0221500008932063,0.022735990488934602,0.0,0.0
427,427.0,0.004320591100141825,0.012483834476995475,0.0051616488284705,0.01226660684638815,0.0043098136890183,0.006681105795992175,0.0020958783080636,2.123294426361099,2.2611294092494068,0.21396135416580359,0.0126252944935302,0.002608895530081975,0.013778773226143801,0.0028282417830140247,0.018611293633985698,0.01697762272686275,0.0014210232184268,0.001177517988253325,0.018615267622587424,0.016979828225309197,0.001164748449809825,0.00115562538849185,1151.0,0.0008015110730436,0.00116472141553835,0.014007819823482875,0.014407475417482751,0.75,0.75,0.0157536470855756,0.013992505398507675,0.75,0.0,1.0,1.0,1.0,1.0,0.022149014927613175,0.022735990488934602,0.0,0.0
428,428.0,0.002549453105567925,0.01225031682307475,0.004915285411159975,0.01230810037340985,0.0043670283348322255,0.006602995543901425,0.0020937042397822,2.6143873192486353,3.4304028324550018,0.1882548333378508,0.012608661268059774,0.002595334789041425,0.014043924976398,0.002831641973681375,0.0188856816661329,0.017126817114789826,0.0018075404805130502,0.0012030004872940001,0.018619826552563324,0.0170090275311001,0.001209038018714575,0.001189513015560775,1200.0,0.00077951088319175,0.001120376764785325,0.014644395281133274,0.01348517651699975,0.75,0.0,0.01696828376668445,0.015690427308072324,0.75,0.0,1.0,1.0,1.0,1.0,0.022789827449354975,0.022573984805650548,0.0,0.0
429,429.0,0.002657831111743425,0.0122874797102021,0.00492727602551905,0.0123045702541796,0.0043670283348322255,0.0066228256799443245,0.0020936608203992,3.0844961989205335,2.3936148178763688,0.10525764193153005,0.012603996700120999,0.00259684442906645,0.0140580133185398,0.00283380418483735,0.018894706233915225,0.017160590511736074,0.0014193139504641,0.0012077787541784,0.0188914424115968,0.0171526644270934,0.00120184558909385,0.0012131279218010249,1201.0,0.000782330584385225,0.001122917267475525,0.014646856362184074,0.01346854781415065,0.75,0.0,0.016902084452894553,0.015235817327356425,0.75,0.0,1.0,1.0,1.0,1.0,0.02285612080710005,0.022573984805650548,0.0,0.0
430,430.0,0.00222999370441995,0.0125449935030208,0.0049598829219653995,0.0122070781718282,0.00446388201053535,0.006568817594383649,0.0020916189615118,2.5726671904558316,1.4100498118787075,0.17453345796093345,0.012577192183871325,0.00260352582121805,0.014140830762643225,0.002862748572521225,0.020421022224786776,0.017156640427291973,0.0015077648567966748,0.001266703009605375,0.018873444295201526,0.017284523171677675,0.00125609547831115,0.0012245331308804,1249.0,0.0007934913424697001,0.001084402359504625,0.013987395136286575,0.013369885320154425,0.75,0.75,0.018000786648857597,0.018199377643072376,0.75,0.0,1.0,1.0,1.0,1.0,0.02279308369570725,0.02186228048975355,0.0,0.0
431,431.0,0.002228084868750475,0.01256471334778075,0.0049594988480632,0.01220235247128925,0.00446388201053535,0.006566985421908725,0.0020915772796021,2.9559714214410633,1.7423430330236442,0.17377668817061925,0.01257475413773215,0.002601183724258625,0.014141682580096725,0.00285168984218325,0.02043765945405685,0.0171660171137401,0.00152695411816235,0.0012637754552997,0.020416686729915024,0.0171742279825999,0.00129340821877115,0.001271118235308625,1250.0,0.000796250699708325,0.001086909837811625,0.013983688405031426,0.013349604860370226,0.75,0.75,0.017986330806526202,0.018199513510318677,0.75,0.0,1.0,1.0,1.0,1.0,0.022793083695707227,0.02186228048975355,0.0,0.0
432,432.0,0.002225823706453575,0.012567765696056126,0.0049591144274104,0.012202084526973375,0.00445255772442695,0.006565156166905925,0.0020915356317214,3.2450047192978673,1.9571956997388043,0.10933863039826967,0.0125772824537015,0.00260031982459025,0.014136684064266474,0.00285276652962365,0.020427042068569823,0.01717342025821375,0.00154047139221795,0.001233713002875375,0.020430890341237348,0.0171732912332454,0.00125230319099495,0.001219415338709925,1251.0,0.000798982124621025,0.001089372732567125,0.0139845002091527,0.013360135334553276,0.75,0.75,0.017992092371111674,0.0181992693684109,0.75,0.0,1.0,1.0,1.0,1.0,0.02291436038458115,0.02186228048975355,0.0,0.0
433,433.0,0.002274534125536925,0.01220428063445515,0.00490663558228025,0.0120762038660905,0.004535707396890375,0.00647740016616215,0.0020895354611519,2.404792088724207,1.3540189202758484,0.1276743506896309,0.012542907837518175,0.0026258705924156,0.014243185472000425,0.0028644623207413,0.020630492617976323,0.0171350696676649,0.001693877391517125,0.0013792640529572,0.020599855403127525,0.017200439300665324,0.00139495229814195,0.0013464706134982249,1300.0,0.000790141726170025,0.001051574858562825,0.0139831473750773,0.013362592926091049,0.75,0.75,0.018004752120670778,0.01814504904138405,0.0,0.0,1.0,1.0,1.0,1.0,0.02136510571955955,0.021833544360878327,0.0,0.0
434,434.0,0.00227413041446395,0.012193949482477625,0.00490624145016975,0.012047876389211525,0.004535707396890375,0.006461530288739725,0.0020894954474491,2.071221166057512,1.3929368522949517,0.15087517327629024,0.012548727151219475,0.0026289614386569,0.014236613845619774,0.0028661639951373,0.02062450081296165,0.01712942967649645,0.002180053154006525,0.0015272615128196,0.02061729523386765,0.0171283321820035,0.001417740655597275,0.0013437115703708999,1301.0,0.0007927234869263,0.00105394756658435,0.013964083248980125,0.013363632212974525,0.75,0.75,0.017994327224098952,0.018128758368399826,0.0,0.0,1.0,1.0,1.0,1.0,0.0211716505772107,0.0219286671352189,0.0,0.0
435,435.0,0.0014740839819854502,0.01192035164026475,0.004893688104297825,0.011948610208954574,0.0045520713604797,0.00656761570904985,0.0020875723034813,1.8856958679971283,2.179243083111942,0.13485824968665833,0.0125551348520627,0.0026200951761366498,0.01431267536292885,0.0028622835982855,0.0205841964971763,0.0170897323953816,0.0016900889459066,0.001405471411999275,0.020564290715891175,0.0171653764512691,0.00143212394323195,0.0014028092264197498,1350.0,0.00076693084786065,0.001018746074036825,0.014310073684552326,0.0137041328982218,0.75,0.75,0.017800563385250073,0.0183093094678139,0.0,0.0,1.0,1.0,1.0,1.0,0.019387810555151173,0.0211998754672455,0.0,0.0
436,436.0,0.001420036660707025,0.011914827592341675,0.0048932659257533255,0.011945687974507051,0.0045520713604797,0.006565825013076475,0.0020875338019478,2.5073744477704167,2.4789085952797905,0.25328543793875724,0.012550996062081675,0.002620806674423125,0.014308298913161951,0.0028633970865425996,0.0205809325826425,0.017087439672506873,0.0017271005781366502,0.0014007637510076,0.020591051976371524,0.017086296296754448,0.001418674073647625,0.0013936964096500498,1351.0,0.000769442564635625,0.0010210567807859,0.014311505844744075,0.0137060363221428,0.75,0.75,0.017801781102200626,0.0184476828572193,0.0,0.0,1.0,1.0,1.0,1.0,0.019387918154189103,0.021199875467245527,0.0,0.0
437,437.0,0.0007017927699630001,0.0117545387592967,0.0050036565621534995,0.0120200284861409,0.004727431451870025,0.006545455077295275,0.002085682035963,2.83889657468535,5.071784689149354,0.18127008469309655,0.01258398886298125,0.0026113601339903753,0.0142995825179679,0.002852558171175975,0.020610735735697973,0.0170037156597155,0.001857914263382525,0.0014833291061221998,0.020673504359418976,0.017020644755741627,0.001489296322688375,0.001447524060495125,1400.0,0.000746073504016525,0.0009886307747464249,0.013553453788179699,0.014056047656167725,0.75,0.75,0.018340018730056924,0.018925464753835324,0.0,0.0,1.0,1.0,1.0,1.0,0.020045939736876198,0.022014750219107027,0.0,0.0
438,438.0,0.001164483970512475,0.011778319318666476,0.005067630782778726,0.012017168062221676,0.00472980137676355,0.006538831754971049,0.0020856449377138,4.694322381634265,2.0903619635500945,0.09747248812345785,0.01258182086666145,0.002617425101238275,0.0143201504275208,0.0028529103461159,0.02062075013726545,0.0170180960127701,0.00183972495142365,0.001454101584386,0.020606180848781623,0.0170275875596769,0.0014895158237776748,0.001432071439921775,1401.0,0.0007485120251956,0.000990986673277275,0.013531654471929076,0.014049465279044299,0.75,0.75,0.018352561889445024,0.018935739801410126,0.0,0.0,1.0,1.0,1.0,1.0,0.020045939736876198,0.022014750219107027,0.0,0.0
439,439.0,0.001166432654610325,0.01142228777214465,0.0052165014093109256,0.0120574679022459,0.00489178400208915,0.0065815513338501755,0.0020838594983156,3.4226095668273047,1.1860160740325227,0.15505250025307754,0.012586258818392424,0.002611746578469225,0.014322098724374899,0.00288390026448765,0.020962079467563302,0.016740693463827352,0.0019260998815297501,0.001731517200823825,0.020574623500030753,0.016939049992423474,0.0015531091485171751,0.00153366400627415,1450.0,0.0007484490976753251,0.000961738787605825,0.013708304928760375,0.0139698809992751,0.0,1.0,0.018371628660297623,0.018909955150819027,0.0,0.0,1.0,1.0,1.0,1.0,0.021018915108792773,0.021935651009445924,0.0,0.0
440,440.0,0.001072962981776475,0.011414786223648301,0.005232098729223001,0.012063952542481101,0.004790939500455525,0.0065820875118517,0.0020838237057755,1.6901035570190288,0.909431100008078,0.0944338889676146,0.012585192556856025,0.002609825045928125,0.0143211903809334,0.002833203578211725,0.020986736773603826,0.0167368934887936,0.001892849744763175,0.00154369964729985,0.020949986278931777,0.01673444965935715,0.00158549391198895,0.001495116506703125,1451.0,0.0007508004447628999,0.000963964695973075,0.013707643181008925,0.013975443081235776,0.0,1.0,0.018415441116313123,0.01890627702449435,0.0,0.0,1.0,1.0,1.0,1.0,0.021193636400278423,0.022172251451683403,0.0,0.0
441,441.0,0.00019021831507155,0.011650329129974974,0.0052190930158781,0.01211873759930585,0.0048625116655029,0.0065839257814751,0.0020821346557652,3.0886022098129615,2.3683067549136467,0.17612360022030765,0.012609646287765525,0.0026168440329504246,0.01455737774293115,0.002814477383708575,0.0212653359104606,0.0167533355229228,0.001980682543944525,0.001546204963233275,0.0210250895088955,0.0167655183622145,0.00160977139603345,0.001550636487081575,1499.0,0.0007298443711628499,0.000937295312871775,0.013760235680370474,0.013983024198312075,0.75,1.0,0.01952533038202395,0.018764584111683424,0.0,0.0,1.0,1.0,1.0,1.0,0.0217724743679047,0.021598948268331773,0.0,0.0
442,442.0,0.00018130515921919999,0.011628286949776124,0.005220697099115325,0.012115638122871975,0.004888013088287475,0.0065927331126481754,0.0020821000576024,1.555840678338427,2.1744543674285524,0.13776853046147153,0.012608252776145624,0.0026159138855663,0.014554858442113424,0.002815013943514925,0.021268813504249848,0.01675436359878325,0.0020537035306915,0.00160000647883855,0.021284232224068774,0.016747771269492725,0.006009099597577,0.0016236191149801,1500.0,0.0007321385521737,0.000939440947037575,0.0137600161518245,0.013992563332033175,0.75,1.0,0.019518994499561848,0.018716360314614475,0.0,0.0,1.0,1.0,1.0,1.0,0.021710969211640903,0.021598948268331773,0.0,0.0
443,443.0,0.00016583216652832502,0.011643982483917448,0.005220651891900925,0.012112277451917727,0.004888013088287475,0.006590350146461175,0.0020820654829952,5.420204619935248,1.8653572135372087,0.28197452990571037,0.012606375404342675,0.0026161186564942,0.0145539896496815,0.0028135554427514003,0.02126113866837085,0.0167582081576081,0.0019608275615609497,0.00158939312677825,0.021256648728643447,0.016749717785743374,0.001645544776692975,0.001551087305415375,1501.0,0.000734440507675075,0.000941595152386625,0.013760308164048926,0.014003836079424075,0.75,1.0,0.019520193541548176,0.01871507088969165,0.0,0.0,1.0,1.0,1.0,1.0,0.02171096921164075,0.021607016095187073,0.0,0.0
444,444.0,-0.000465812626640875,0.01141015529444525,0.005074094722998275,0.01202332814129695,0.0049064747678021,0.006675846525566326,0.0020803995388628,2.293857701530215,3.3905386218684725,0.27721423236653203,0.012593476030439575,0.002623460038034725,0.0145107119658283,0.0028294630156016753,0.0210671393740682,0.016884859506407723,0.001966348150745,0.002054844982922,0.021150631513627977,0.016755688547612127,0.00166260398691515,0.00154639402171595,1550.0,0.0007303826194952,0.000914317139158825,0.01407241024343815,0.01356241099444405,0.75,1.0,0.01940078123002305,0.018537024010431676,0.0,0.0,1.0,1.0,1.0,1.0,0.0217866303963706,0.0223536846385957,0.0,0.0
445,445.0,-0.00047633175928375,0.01140417105075625,0.005073693591888925,0.012021232122553224,0.0049064747678021,0.00667476931398495,0.0020803661029436,5.063205973361619,1.9864819375798106,0.10707956930855282,0.012594133197423375,0.002624242826785225,0.0145093516572237,0.0028291852667132753,0.0210638404063067,0.016879602157981375,0.00246036180760705,0.00161800900241355,0.021055422369380024,0.016879602737978176,0.001710617158096225,0.00153309904271735,1551.0,0.000732589719417,0.0009163971732530001,0.014072726554060399,0.01356299152902255,0.75,1.0,0.0193683257565878,0.018502050330019976,0.0,0.0,1.0,1.0,1.0,1.0,0.0217866303963706,0.0223536846385957,0.0,0.0
446,446.0,-0.000331929305542575,0.0113305787694555,0.0050748600421321255,0.0120615985151417,0.004824623774027625,0.0064702087265876,0.0020787541667755,2.9368108748458326,1.4609553645714186,0.16002238082000986,0.012586361192257974,0.0026151517577341003,0.014588792061632926,0.002880726861282725,0.0210451051178248,0.01678884436600465,0.002653702278621425,0.001613764034118425,0.021066428109316023,0.016820577739236526,0.0016914375009946,0.001572916633449425,1600.0,0.00071285420939185,0.00089098626346235,0.01408868669178835,0.013540173758492601,0.75,1.0,0.018849456245652926,0.0184935582981536,0.0,0.0,1.0,1.0,1.0,1.0,0.021837027723280975,0.02264954126322655,0.0,0.0
447,447.0,-0.000327668063976325,0.011325708657753451,0.005074708011880575,0.0120596633570707,0.004824623774027575,0.006468957322553625,0.0020787217977619,4.402721090824343,4.396587168041151,0.12166953767882654,0.0125874800237215,0.002613718527049,0.014593622746087324,0.002881103133393625,0.021035214194110273,0.016783846687834475,0.0020545073784887253,0.001993542420677775,0.021033793213227,0.01678341390026985,0.001747828966472225,0.00159916153643275,1601.0,0.00071503661256255,0.000893018507114725,0.0141480180321125,0.01354044408577945,0.75,1.0,0.01885142925474665,0.0184956766400246,0.0,0.0,1.0,1.0,1.0,1.0,0.021837027723280975,0.02264954126322655,0.0,0.0
448,448.0,-0.0006922937484653,0.011115931410680175,0.004986550416868525,0.011981161479470624,0.0048196151215657256,0.0064605890780299255,0.0020771605163154,3.3932797567686066,4.178351077716798,0.04636894521536297,0.012586340446429676,0.00261020210400485,0.014655973351825525,0.002892694366089925,0.021419900334004476,0.016808661637691725,0.0020899130031465747,0.0021150608663447,0.021021050192040175,0.016672623139972975,0.0018556430586613,0.0016928122495301,1650.0,0.0006963866262644251,0.000869060684263675,0.01380522574751895,0.013803326333337175,0.0,1.0,0.019229189141680973,0.0187499968037822,0.0,0.0,1.0,1.0,1.0,1.0,0.02165180041599045,0.022705528185752298,0.0,0.0
449,449.0,-0.000665661526747525,0.011140893847790524,0.004986517272679375,0.01199002739116615,0.00480651510432125,0.0064593536774907,0.0020771291489809,2.849184735037852,1.1894894249271601,0.1385715197538957,0.0125852969522515,0.00261007799136355,0.014655551705673625,0.002889293096460325,0.021287640612519622,0.01680832323002925,0.00225229572970415,0.002033190859947275,0.0214129670187719,0.01680672288834375,0.001793421397451225,0.00168937904527405,1651.0,0.0006984708980864751,0.000871084016113675,0.013817702767782474,0.013803685096975176,0.0,1.0,0.0192326476684131,0.018760681500071826,0.0,0.0,1.0,1.0,1.0,1.0,0.021758901702531072,0.022705528185752298,0.0,0.0
450,450.0,-0.00051145029191465,0.01108020260969775,0.005000273558500676,0.012031245836927325,0.0047527375311934,0.00657569712418235,0.0020756154707908,4.038306452916004,3.9456567685701884,0.23210864112479612,0.0125978143486959,0.002607684527021225,0.01471200546174585,0.00288568299110145,0.021142771750979675,0.01669492350037615,0.002269256103318175,0.002094575262162775,0.021459906127804677,0.016804120932124748,0.0018313275650142752,0.0016820296295918,1700.0,0.000681078095774575,0.0008486467573363,0.013796856335533625,0.013340747501930124,0.0,1.0,0.01922503885105735,0.018313664956686425,0.0,0.0,1.0,1.0,1.0,1.0,0.0224609807961835,0.022626543624532824,0.0,0.0
451,451.0,-0.0005109561902627751,0.011079978420220474,0.0049979901600104,0.012032452914978425,0.004744905858392275,0.0065725618656885506,0.0020755850456909,5.721291555848438,2.194910517195239,0.15484977309824893,0.012596381441853625,0.002609471638100825,0.014709182812063425,0.0028846996817728,0.021141737524454973,0.01668744461625655,0.0021397883538156496,0.0020378709305077496,0.021151271016224,0.016689755538594378,0.0018710619187913,0.001734129677060925,1701.0,0.000683112619117625,0.000850587013287225,0.0137969522102102,0.013352421592047024,0.0,1.0,0.019229629606303325,0.018303405276464575,0.0,0.0,1.0,1.0,1.0,1.0,0.0224609807961835,0.0225919714264393,0.0,0.0
452,452.0,-0.00039913855074525,0.011088324828662625,0.00494340774489275,0.01206735656242505,0.004713970914310425,0.006522870245008925,0.0020741457404204,2.5518547047977336,1.95419730246067,0.17691073170863086,0.01258918348770155,0.002608273647982575,0.014728063942802551,0.002883599398202575,0.021278693227983425,0.0167008832203442,0.002417978132143575,0.002169026003684775,0.02124727090438095,0.016762295539732124,0.001948985620401725,0.0017167067271657002,1749.0,0.0006668909467268,0.000829655631174125,0.0139186576189115,0.013375628666931426,0.0,1.0,0.01871754870947115,0.017692438462631674,0.0,0.0,1.0,1.0,1.0,1.0,0.02197706600721595,0.0217818747529671,0.0,0.0
453,453.0,-0.000401258617504525,0.011095266456501201,0.004945147266635275,0.012074589138240976,0.004713970914310425,0.0065214811864811005,0.0020741161859744,2.7610880221473053,2.179216040007305,0.2204655073001049,0.012601090232330275,0.00260741847082195,0.014738224336571574,0.0028823476805413502,0.02127021423846335,0.01669465974257975,0.002150560263544275,0.002079646685160625,0.021268396062064175,0.0166951391997631,0.001931641600094725,0.001728059956803875,1750.0,0.0006688695523213749,0.000831545262253675,0.01391881799160295,0.01336924993784375,0.0,1.0,0.018730467160881826,0.017699683043384873,0.0,0.0,1.0,1.0,1.0,1.0,0.02197706600721595,0.021770568650982376,0.0,0.0
454,454.0,-0.000396902384485175,0.011105533884703875,0.00493849796486405,0.01207261171012945,0.004713970914310425,0.006520093710024475,0.0020740866487845,4.6496051325812005,1.7547454974846914,0.1576395697775297,0.012602965266384675,0.0026064607921186247,0.014737578489984651,0.002883983804421475,0.021291359697480826,0.016692019545177177,0.002286128583364125,0.002113042864948425,0.0212814908889878,0.016702642653974774,0.0018282518140039499,0.0017371316207572501,1751.0,0.0006708455207251999,0.000833425877921375,0.014019107212632826,0.0133690908957531,0.0,1.0,0.01873219729187155,0.01769943229089075,0.0,0.0,1.0,1.0,1.0,1.0,0.02197706600721595,0.021770568650982376,0.0,0.0
455,455.0,-0.00031898931150775,0.011089688512045875,0.004923038979905825,0.012077844754053926,0.004710417860847575,0.006623135310572676,0.0020726600592988,4.684971027483698,2.2565343503956683,0.1328443181118928,0.012607284689641125,0.00260802924942955,0.014758400469932875,0.002852924725809475,0.020631180499232377,0.016802610019240376,0.0031931810081004246,0.0020787860266863753,0.0212207226105219,0.0167041352375435,0.002006410970352525,0.0018902746960520501,1800.0,0.0006740854231136501,0.0008132708584296749,0.013838342510640249,0.01336957650388235,0.0,1.0,0.018905515343041576,0.0181926355168342,0.0,0.0,1.0,1.0,1.0,1.0,0.022184171136196824,0.021861898402208153,0.0,0.0
456,456.0,-0.00030802197889792497,0.011040336211095274,0.004916325699376325,0.0120792547731376,0.004791446479945101,0.00664292465779605,0.0020726313602436,6.033109926327597,3.005903273820877,0.08342132862890138,0.0126078740054779,0.002612582124141625,0.014775376502777375,0.002909706434880475,0.0206551248946043,0.01680196697142525,0.0023446842678822,0.00210868538124485,0.020621327378370122,0.016796877673065452,0.002115620765835,0.0019205925636924248,1801.0,0.00067601464363725,0.0008151406150624,0.013838418358964375,0.013392659134874526,0.0,1.0,0.018911314077099603,0.018139460687846925,0.0,0.0,1.0,1.0,1.0,1.0,0.022184171136196824,0.021615070730005626,0.0,0.0
457,457.0,-0.000394142564772775,0.0108349309777307,0.004911446758743625,0.0121335268000287,0.00476796447918325,0.0064561645102572,0.0020712447032809,5.700294782407582,2.1392072081798688,0.10455377981998024,0.01261815710577785,0.0025993218806592,0.01481758749403885,0.0029096225918158,0.021293377462819,0.016698344304770824,0.00230667600408195,0.0021396806114352997,0.0206173011325539,0.016784776382421124,0.0020688560325652,0.00195196777349335,1850.0,0.000687274058486,0.0007957318534654499,0.013970305912028,0.0133367195469781,0.0,1.0,0.019496766652206475,0.018764132337056125,0.0,0.0,1.0,1.0,1.0,1.0,0.022198528662771874,0.021577334229318602,0.0,0.0
458,458.0,-0.0003935970276878,0.01083061044453975,0.004911282319208,0.01213013786651275,0.00476796447918325,0.006454855698071125,0.0020712167966412,5.96104752557585,2.326690099143889,0.20003164454828948,0.012617051532579849,0.002598394301086075,0.014817305478407325,0.002909602676587925,0.021309521987112025,0.016699277398723577,0.007232221367303226,0.002206700854003425,0.021291244412845124,0.0166935574801102,0.002124622580595275,0.0019607977010309002,1851.0,0.00068912891365845,0.00079752438252755,0.013970070834873775,0.013336924357618676,0.0,1.0,0.019403215719567875,0.0187642145952674,0.0,0.0,1.0,1.0,1.0,1.0,0.022198528662771874,0.021577334229318852,0.0,0.0
459,459.0,-0.0004945763715486,0.010823642676506075,0.0047786675445904,0.012140582528385624,0.00469263753349505,0.0065943839738703,0.002069867922498,5.939929209824186,1.6605469048954546,0.0628886006888933,0.012659090331511351,0.002581091351490075,0.0148781020135329,0.002942803158979125,0.0211959069199638,0.016608060701401826,0.002391986257862225,0.0020700750756077247,0.02120743845903025,0.016710422196404923,0.0021252658916637,0.0019599916413426,1900.0,0.000673567400915825,0.0007791231451366001,0.0139610123427544,0.013243120775124526,0.0,1.0,0.019247150638321425,0.018626001834749426,0.0,0.0,1.0,1.0,1.0,1.0,0.022177395282654347,0.02295989713382285,0.0,0.0
460,460.0,-0.000500024072225925,0.0108185610488778,0.004778130675499975,0.012138103625609875,0.00469263753349505,0.00659303245155785,0.0020698407661822,6.705061019049026,3.678043784748297,0.17165315739111972,0.012658921451192774,0.002580241767340025,0.01487511928457535,0.00294259139327475,0.021200783957147147,0.016603116036010897,0.002727687009610175,0.0022023977362549997,0.0211961439419308,0.016603645446362524,0.002126030682120425,0.002079588186461425,1901.0,0.00067540485213465,0.0007808818726055,0.01396156781902035,0.013245740806218525,0.0,1.0,0.019263898001105124,0.01862690624343525,0.0,0.0,1.0,1.0,1.0,1.0,0.022065800903714374,0.02300228732836685,0.0,0.0
461,461.0,-0.000549575549801075,0.010673791947880524,0.00476973141673715,0.012194205280862173,0.004689902222708275,0.006632616597071201,0.0020685276935619,5.942575295397546,3.1355911752907564,0.1171219226671382,0.012662466505365174,0.002604252297833225,0.015025656581547675,0.0030180002237299,0.02137623073739685,0.01665860772101125,0.0029809163534081752,0.002110933419316975,0.0211362557536406,0.0167329826179374,0.0021375485812313,0.002058455953374425,1950.0,0.00067916936362135,0.00076336077826695,0.01394466072781735,0.013189635954880076,0.0,1.0,0.0192043464426815,0.018491658665194977,0.0,0.0,1.0,1.0,1.0,1.0,0.021772642095576274,0.022748595727291623,0.0,0.0
462,462.0,-0.00054780928819775,0.01066577280724755,0.004769593333619,0.01219245409373285,0.004689902222708275,0.0066317605645194,0.002068501248733,4.289147288945969,1.5679947326425463,0.1294416271266527,0.012660549776928001,0.00258484007084185,0.015030411224193376,0.003018133718685375,0.021366051998656148,0.01665334255291995,0.01456930575659495,0.0021959627629257,0.021366939354571176,0.016654184518958448,0.00217609823448575,0.0020415978506206746,1951.0,0.0006809411474212,0.000765090779119825,0.013949678898678451,0.013247542927026325,0.0,1.0,0.019199617385671698,0.0184751638390278,0.0,0.0,1.0,1.0,1.0,1.0,0.021772721005477474,0.02274376007352835,0.0,0.0
463,463.0,-0.0005358689031030751,0.010668141723502625,0.004943418089974625,0.012237290117347525,0.004688265392407825,0.006742339374370975,0.0020672479300613,3.9343466181890108,2.185149189957883,0.19276043045101685,0.0126617811790053,0.0026100557127809,0.015095102282596926,0.002974702521262125,0.02117749928805705,0.016629702013205325,0.002620071754790775,0.002304849156644175,0.02132885988203135,0.016670554543941923,0.00225165131269015,0.002094963507261075,1999.0,0.0006667565343056,0.0007488146174475,0.013959123803551798,0.013557920566407825,0.75,1.0,0.018771879075376075,0.0184074538553918,0.0,0.0,1.0,1.0,1.0,1.0,0.021616316325559774,0.022789871857713147,0.0,0.0
464,464.0,-0.000532819917949425,0.01066652246081075,0.004936052777972725,0.0122573256138703,0.0047050410861934,0.006745939528065299,0.0020672221476332,5.950490624818485,1.7782709450693803,0.22592663124669338,0.012660086189525376,0.002610551472827425,0.015098650241667875,0.002974872058217425,0.021176849797477824,0.01663789884115285,0.00236038101138545,0.0021772432373836,0.021209640416352676,0.01663718763784865,0.0022591006709262503,0.0020842108642682,2000.0,0.000668487962764975,0.00075050826749085,0.013959560274582351,0.013557892967264151,0.75,1.0,0.0187705899075315,0.01841378332356055,0.0,0.0,1.0,1.0,1.0,1.0,0.0216310568460529,0.022838661018604576,0.0,0.0
465,465.0,-0.00343067336258625,0.0016053513620944001,-0.003430673363469475,0.0016053513623352001,-0.003802731564913975,-0.00380273156491395,0.0019211255394591,0.35983345966087654,0.1321499131154269,0.22223339037736875,7.403057709967372e-35,8.980839077991711e-20,7.403057709967372e-35,8.980839079309522e-20,0.0016053666905565,0.00160536669112915,0.00013232359196985,9.488762589171529e-05,0.0,0.0,9.403505828231572e-05,7.034774171188474e-05,0.0,0.0558945816943729,0.007684503804548525,0.05091342535887393,0.04302362931333485,0.0,0.0,0.05091342536418257,0.04302362931587315,0.0,0.0,0.0,0.0,0.0,0.0,0.054415312644375324,0.05568446560502638,0.0,0.0
466,466.0,-0.0034342325270335997,0.001595877382033275,-0.003434232522208125,0.001595877382330075,-0.00380273156491405,-0.00380273156491395,0.0019123889005762,0.25085980817675585,0.5749760159524158,0.282066119776573,4.7741408273813346e-35,1.6779053498755222e-19,6.169214758306144e-35,8.529166397873093e-20,0.001595879127532525,0.0015958791280648499,9.504740592092277e-05,7.762003224343061e-05,0.00710951312626975,0.007109513129562775,6.9869973231107e-05,6.84173428453505e-05,1.0,0.07365408488685113,0.049165625106263225,0.045970877300443705,0.041399950005662975,0.0,0.0,0.0459708773021318,0.04139995001878888,0.0,0.0,0.0,0.0,0.0,0.0,0.050732367029114725,0.05235163526139455,0.0,0.0
467,467.0,0.00149595167168085,0.0061641315874400495,0.00149595168037035,0.0061641315922570505,0.000562030797997125,0.00092732857535895,0.0018931016452803,1.6246727133984677,2.2155937666539107,0.4908529055537656,4.584534288520485e-35,1.0899638782377533e-19,4.1128098388707625e-35,3.727966216113579e-20,0.006164148674318,0.006164148673846775,0.000103992351796425,8.556491229683161e-05,0.0177632907035543,0.0177632905354284,7.724529132246971e-05,7.389235543087125e-05,4.0,0.0607278418493585,0.054223680684019795,0.040056205207186876,0.0311185691653251,0.0,0.0,0.0400562051916614,0.031118569163183125,0.0,0.0,0.0,0.0,0.0,0.0,0.04498052634702495,0.03789383223030868,0.0,0.0
468,468.0,0.00314966583118805,0.00745158372148095,0.003149665829384975,0.007451583721170475,0.000903437288598275,0.002621188112036475,0.0018881217525718,1.0871509710559621,1.2736315854126588,0.6063437307602726,5.0822503329381e-35,1.2155951401255886e-19,3.701528854983686e-35,2.676130389919195e-20,0.00745158119902315,0.007451581198980125,0.000109564978629275,8.001754758879542e-05,0.0113139628662875,0.0113139628855474,9.169260738417506e-05,7.557327626273036e-05,5.0,0.058142156569330375,0.05276105474727277,0.03684076437608792,0.030814944060565102,0.0,0.0,0.03684049510936095,0.030814944034983322,0.0,0.0,0.0,0.0,0.0,0.0,0.0421851921784502,0.037512173070200626,0.0,0.0
469,469.0,0.00357743320438475,0.0090464652165963,0.0035775642129527,0.009046444212244976,0.0031630832565785498,0.003556314722847175,0.0018723058522452,1.9814628280000761,1.8238702763919716,1.5476753399707377,4.004236988721064e-35,9.508491030129779e-20,2.643949182131204e-35,5.338918478000663e-20,0.009046441567265025,0.00904643816551205,0.00011375750182190001,8.291611447930336e-05,0.013290452197124625,0.01329045825878475,0.00010061520151789213,0.00011721579357976486,9.0,0.046789351631952,0.04527977584797582,0.024397809753300227,0.021735532940111348,0.0,0.0,0.024397809761740576,0.021735532947562825,0.0,0.0,0.0,0.0,0.0,0.0,0.02751586945916035,0.028296826944275374,0.0,0.0
470,470.0,0.003036176059904025,0.008808816803264525,0.00303619461991765,0.00880881671894175,0.0031630832565785498,0.0034961474967149997,0.001869079241783,3.6796614511986263,1.4597189049818555,0.8637033136328681,3.2206397983836136e-35,7.912629842311876e-20,2.467685903322458e-35,4.948670276921762e-20,0.008808806540725474,0.008808806534989074,0.0001151553005911,8.332752622663975e-05,0.008829181461583926,0.008829179875016399,8.174008689820766e-05,8.004746632650495e-05,10.0,0.04371769371469043,0.04429651422097483,0.024449709362717426,0.0217223508442251,0.0,0.0,0.0244497010644424,0.021722350442193623,0.0,0.0,0.0,0.0,0.0,0.0,0.027388067149230276,0.0271048653064499,0.0,0.0
471,471.0,0.002473848674811425,0.00794493716106235,0.0033688068022774,0.0079535870029774,0.002402179428967825,0.0037082051479256,0.0018580660822255,4.589874036842957,1.000645270163659,0.3601635118830017,0.00151069747923205,0.00077078624179635,0.0023493435498382,0.0006992801936421,0.0096076140537288,0.009608683813101376,0.00010368827497583679,8.591247024014592e-05,0.01026397862381305,0.010263988712592976,8.238753071054816e-05,7.600244134664536e-05,14.0,0.0333876901457082,0.037595586583113676,0.022480868412673827,0.02091886110042385,0.0,0.0,0.019893603333142575,0.023145119838852476,0.0,0.0,0.0,0.0,0.0,0.0,0.022789833534275074,0.023301345474490424,0.0,0.0
472,472.0,0.00243267965649595,0.007748270660128075,0.0035356037846781003,0.008078024150892876,0.00179354454413165,0.00363078026846005,0.0018556849509889,1.2681806154432707,1.3747491735266522,0.4651039189775474,0.001753948827006225,0.00075859169742975,0.002739906634941175,0.000990848168934125,0.010170622664828875,0.00942668152399305,0.0001102332025766,8.305528899654746e-05,0.010175667796961,0.010590036534477775,7.932580774649978e-05,7.74531508795917e-05,15.0,0.03185747502736067,0.04061000668884472,0.019228800616701673,0.0209690823027047,0.0,0.0,0.019392881903254625,0.02258086292376847,0.0,0.0,0.0,0.0,0.0,0.0,0.022883359988348326,0.02394719856526965,0.0,0.0
473,473.0,0.0016364093486118999,0.008544048871977374,0.003318657372401725,0.0075692596395938744,0.002988120581533325,0.003571631622462725,0.0018472459140992,2.2425385614042175,1.4753611387568526,0.481078956683632,0.003134839743901125,0.0012084507999284,0.004331737068444325,0.0013455583112448,0.0119425160841442,0.01208869388161035,0.00010343495523555,9.204354137182236e-05,0.014274617242616625,0.012160640478458926,8.524005534127355e-05,9.651260916143656e-05,19.0,0.026209436671728273,0.0378883499603,0.019838108567185125,0.022624981797265797,0.0,0.0,0.020567299569487177,0.0228091350845786,0.0,0.0,0.0,0.0,0.0,0.0,0.0252197120870514,0.025878546385547825,0.0,0.0
474,474.0,0.0015970494429430999,0.008356679492831824,0.0022890835726251248,0.008402281956426099,0.0012853311634094251,0.003945766836461475,0.0018453616691811,2.2442583086667582,1.1171154716284946,0.5260653030127287,0.003454437316174375,0.0012710020672450251,0.0045208187777940004,0.0014730089792999,0.011875622861204875,0.011863189115219774,0.0001084377872757,8.599739521741867e-05,0.012039606240503676,0.011897595761134576,8.584349416196346e-05,8.924771100282669e-05,20.0,0.025232594408165526,0.043709333280822854,0.02060849659619335,0.022665784950764975,0.0,0.0,0.01999167095386935,0.01863852894082825,0.0,0.0,0.0,0.0,0.0,0.0,0.026103870612393876,0.026761070568110123,0.0,0.0
475,475.0,0.003269148698067425,0.00950145372148345,0.0031702815855911,0.008831872706301976,0.0025076514727779,0.0041060561391389,0.0018093430994618,1.173897827451583,1.182666021748446,0.3356150924228131,0.00748138830909365,0.002071335061991825,0.0086197862212385,0.0021646685785559248,0.01397009791359295,0.013857695472069975,0.00014046841533845,0.00011993566295124999,0.018207915295997523,0.01925379988485865,0.00011532020289447501,0.00010949326679107501,50.0,0.0113491557791107,0.0212465676683824,0.017145584485864028,0.01740700604765645,0.0,0.0,0.017131775382781378,0.016042568433443177,0.0,0.0,1.0,1.0,1.0,1.0,0.01933827601079845,0.019655343292204724,0.0,0.0
476,476.0,0.00324504018468465,0.009453178128939324,0.00316561499337935,0.008786164573915001,0.0024761936525155752,0.0040731001307291,0.0018085282415422,0.6214701413991861,1.0813977798097767,0.8292629452189431,0.007701807133900975,0.00210921572732075,0.0088522313272625,0.002199320166493325,0.014237198517101176,0.013775003435042125,0.00014586030738425001,0.00012400612467895002,0.013812067656881274,0.01373012289556395,0.0001164501882158,0.0001174583449028,51.0,0.0112121089083228,0.0209057873361307,0.0167579313815614,0.01698441198284335,0.0,0.0,0.0170164759430576,0.0160092686497526,0.0,0.0,1.0,1.0,1.0,1.0,0.019856007830155276,0.019538668832424423,0.0,0.0
477,477.0,0.0040539189938966005,0.0100389153083193,0.0037094174162681,0.009226075548629874,0.003175893478394,0.00472911628449965,0.0017803289877523,0.9536936311633325,0.9782085134647787,0.26488480693660676,0.010261318940914024,0.0025250466914613,0.010765399222529,0.0024759029983547247,0.01535805247283955,0.01465873806619395,0.0001904928358271,0.000162370037287425,0.01575132926803605,0.015658547118612674,0.00015607988461845,0.00015855761012060002,100.0,0.006048429394090175,0.011084113225183025,0.014913061431797525,0.01518586002928625,0.0,0.0,0.01612741503641845,0.015107659735955176,0.0,0.0,1.0,1.0,1.0,1.0,0.02161030192660035,0.0195387310370973,0.0,0.0
478,478.0,0.004050126190930675,0.010157410978014824,0.0038395141274714497,0.009239575615774926,0.0032378217012629003,0.0046946621115278,0.001779907155669,2.642673649126664,0.9888215715182014,0.4231030322262086,0.01031423487074575,0.002519054926810075,0.010742532952300824,0.00248055603026475,0.015576629390326224,0.014789576297112875,0.00019755522953345,0.00017071992624545,0.01568232670147405,0.0148025006761968,0.000165317789651425,0.000165255391038925,101.0,0.006023592633829675,0.0110181923376384,0.0155616697340812,0.0151850023475019,0.0,0.0,0.016399502845924327,0.01501791686974345,0.0,0.0,1.0,1.0,1.0,1.0,0.021245734012245224,0.0195387310370984,0.0,0.0
479,479.0,0.004350579304506775,0.010192462917942275,0.004331905001080775,0.009969778370232048,0.003143795466803375,0.005596194158893175,0.0017630787183343,1.114660199265927,2.808885826030746,0.30833192734280596,0.010934695278579525,0.00267088793791075,0.0113537874630774,0.00250794309794955,0.0158198601580192,0.015913598294919278,0.00023085071006785,0.000204893469344775,0.016037233957235476,0.016391288725913528,0.000207580043934225,0.000200971029698775,150.0,0.00419035570319425,0.0075044696015207,0.015773836187408373,0.01421305362964165,0.0,0.0,0.016100840782494075,0.014812176423842176,0.0,0.0,1.0,1.0,1.0,1.0,0.0217343333551733,0.02002402871480875,0.0,0.0
480,480.0,0.0043173754314810246,0.010173241599635325,0.0039692116104064,0.009961845034728226,0.0022231276789897248,0.00557136445453745,0.0017627952869719,1.156647366588004,1.4113092664629223,0.3252086212160066,0.010939361328595926,0.00267010632528005,0.0113586087084736,0.002490776591549925,0.015662569631115023,0.016025415166960877,0.000216415210161325,0.000208634999580625,0.0157792978702357,0.016107949554873477,0.000199675268959175,0.0001996398787014,151.0,0.00418732384619975,0.007476793489737325,0.01604862602419025,0.014318016052056374,0.0,0.0,0.015976027528517074,0.014718554659962024,0.0,0.0,1.0,1.0,1.0,1.0,0.020574283036970148,0.020024028714808677,0.0,0.0
481,481.0,0.004544798700770225,0.0103197603785991,0.00439426725111305,0.010793451403309,0.00412281538200575,0.005991698110902325,0.0017507984325915,1.7946281972690485,0.918713228078559,0.16386657889233894,0.011457373509570826,0.002655167783619675,0.011846931673477074,0.00267719354661315,0.01622279457929545,0.015575016793331599,0.00037470587994897504,0.000629401765763675,0.01579209961511595,0.016997586574030273,0.000673119386192375,0.0002633150434121,200.0,0.003228664681167875,0.005701819151700025,0.0146553406255163,0.014234784137306725,0.0,0.0,0.015136182237334626,0.0135343641824999,0.0,0.0,1.0,1.0,1.0,1.0,0.0223577032440883,0.01878352750763735,0.0,0.0
482,482.0,0.004708143997345075,0.010299713563138226,0.0043591348076148255,0.010776373627340751,0.0040984406728006495,0.006127690769812524,0.0017505854526164,1.3701602428918704,0.9859504305641169,0.28473393461899826,0.011431294668385475,0.002664164373256825,0.011831424940282576,0.00266990249145855,0.0161762184952169,0.015513013986639174,0.00030451273778445,0.00025711074704297496,0.0161753993099229,0.015538747769879999,0.0009030752116814,0.000249640259426025,201.0,0.0032304685853302,0.005692817004929425,0.014659592331180301,0.01428315221403045,0.0,0.0,0.0151823236716009,0.013534169856682375,0.0,0.0,1.0,1.0,1.0,1.0,0.022447332315417276,0.0189111512161292,0.0,0.0
483,483.0,0.0044171566588781,0.010321769711275075,0.003978909363010025,0.010871622411090825,0.00377446217923755,0.0063056650507296,0.0017412714972902,1.0106768975965679,0.9730071530793793,0.2983995949034579,0.01166683056618595,0.002588449743565575,0.011914942598889,0.002551817831960275,0.01612307555123305,0.015730119231384926,0.000340718368533925,0.000299998151604,0.01624178958750025,0.016518793832414176,0.00031021510949355005,0.000295375939458575,250.0,0.00262890219566625,0.00460074130054765,0.0154132455156364,0.0146637705551884,0.0,0.0,0.0151505468950357,0.01393425562396435,0.0,0.0,1.0,1.0,1.0,1.0,0.02046719520406945,0.0196833291295482,0.0,0.0
484,484.0,0.00440994409571795,0.010302137271397574,0.003978099178753025,0.010854619580433,0.003642191930072625,0.006306529461991575,0.0017411011265922,1.2107419034000486,1.1787437006132677,0.3012519162730314,0.011641012376029426,0.002584200473141875,0.0119214948112049,0.002547239347055275,0.016161572282209047,0.015676560391158726,0.000368656008504325,0.000384523533284575,0.016086031751594,0.01569277751795025,0.00084268458886065,0.0003335534711368,251.0,0.00263226759018785,0.004595935932940675,0.015408272009548599,0.014665829699696974,0.0,0.0,0.01516831330123925,0.013933913520342475,0.0,0.0,1.0,1.0,1.0,1.0,0.02046719520406945,0.0197761428057748,0.0,0.0
485,485.0,0.004848680039177825,0.010746068416802899,0.00464166042303785,0.011376246478989,0.0045553402175653,0.006768746984239125,0.0017334946261614,1.0615332617890092,0.43848227907437826,0.2785937531734816,0.012009354751117175,0.002594113753879,0.012039256429115125,0.0024831161290355002,0.016237676903436398,0.0159682684886553,0.000389043532777525,0.000531171739567025,0.016541487506347426,0.0157510667803753,0.0007278319681063001,0.000346828601323025,300.0,0.0022238147575536753,0.0038658606079535747,0.015522846794410775,0.0143053101015706,0.0,0.0,0.015241450069559574,0.014531231720142675,0.0,0.0,1.0,1.0,1.0,1.0,0.019689828346531477,0.020025712577274347,0.0,0.0
486,486.0,0.004868054770375325,0.010735229676703725,0.004527721325311025,0.011391061825152975,0.004493081160865525,0.0066964175093436,0.0017333527746682,1.5210050939931534,1.2086460802238435,0.10843888937961303,0.011999243384571725,0.00259690772026225,0.012043373442644376,0.002482660823349075,0.01625500954460915,0.015963238871094323,0.00068705424200735,0.000585461733862675,0.016216605753381973,0.015963774128880726,0.00070400454569605,0.000390590983442875,301.0,0.00222819257558835,0.003864728365955575,0.0155152843436689,0.01430397138845505,0.0,0.0,0.015240485035787876,0.0145294969019834,0.0,0.0,1.0,1.0,1.0,1.0,0.019689828346531477,0.0200446391044055,0.0,0.0
487,487.0,0.005360301776908076,0.01090791206335545,0.0044798123236488,0.01097527125782365,0.0041623388444046,0.006397421783420825,0.0017269282216009,2.6582832720596343,1.3254824506002478,0.3264588328311219,0.011963297022236025,0.0025963084682329753,0.012050854578795251,0.0025092274553805503,0.016068010345829227,0.015902306574176125,0.00047402130439875,0.0005208490765653,0.016113873786547,0.015970766985813352,0.0007449523545801,0.0003864734899252,350.0,0.0019337139641988,0.00334055795296425,0.014910433081918974,0.014777286688653999,0.0,0.0,0.01510967764551835,0.014521146233016249,0.0,0.0,1.0,1.0,1.0,1.0,0.018300246040098826,0.019441475473842673,0.0,0.0
488,488.0,0.0053566796198053004,0.010898197552858925,0.004471440165533025,0.01091043549981495,0.00409017920643885,0.006297359921324575,0.0017268067821747,1.2710974787478335,1.9673926208051853,0.3257022259640507,0.0119543564601323,0.0025990145578996,0.012048707293126175,0.0025052758958098,0.016043349955056026,0.015932937585081627,0.0004712285008281,0.000433116685599075,0.016045429049572728,0.015924545550301476,0.000758977024815925,0.0003953684936277,351.0,0.00193819229666675,0.0033407930281933998,0.0149087615926124,0.014779014980514375,0.0,0.0,0.0151086896388097,0.014521448823178974,0.0,0.0,1.0,1.0,1.0,1.0,0.01968536898209085,0.019441475473842673,0.0,0.0
489,489.0,0.004759942425328075,0.010576120063728,0.004202437502669925,0.0106323207291352,0.0035159056940391752,0.006208957473804375,0.0017212486794946,1.1191591288079505,0.9222139267367312,0.32982324447948486,0.0119405529351558,0.002642951287785475,0.01230237458811265,0.0025938757577284,0.015945461190830776,0.015886525848054323,0.000715501839294975,0.000838897889479975,0.01588688630857535,0.0158775788659962,0.0006143369828350001,0.00046229624422265,400.0,0.0017154338237000749,0.002948257187896575,0.015300831998521575,0.0148310066255312,0.0,0.0,0.014758402372931849,0.0152015293762539,0.0,0.0,1.0,1.0,1.0,1.0,0.0192928006532381,0.019628311959004302,0.0,0.0
490,490.0,0.004808799259926701,0.010565454184752899,0.0041078418279860505,0.010619545231669275,0.003280342896611925,0.006203531707270775,0.0017211425638045,0.7987235710024834,0.9298667291877792,0.1295215493300929,0.011946333187389725,0.002646745121793475,0.012297016235250476,0.00262118884803985,0.0159271057479243,0.01587151172925815,0.00081372028216715,0.0005455060745589251,0.015928230268978123,0.015867850094787975,0.000844316964503325,0.0004339909064583,401.0,0.001720415596305625,0.0029501116168193747,0.015278990835755225,0.014780124042167499,0.0,0.0,0.014693344439694424,0.015201230917452225,0.0,0.0,1.0,1.0,1.0,1.0,0.019292800653238174,0.019628311959004302,0.0,0.0
491,491.0,0.004619394587264574,0.010686826984148051,0.0041358798940887755,0.011131293560434,0.00308679852569535,0.00645307095461455,0.0017162466824681,1.6122782140155323,1.444909785699565,0.33404947095550597,0.011937182536771425,0.002621995547326325,0.012219825746487376,0.002569064636289875,0.016023941613213348,0.016019094794854728,0.00096031726570795,0.000623722036834775,0.0159228358645839,0.016304009119466473,0.0006500844610854749,0.00058138417080035,450.0,0.0015479692553860749,0.0026375885376513,0.015061499209957526,0.014621443685014876,0.0,0.0,0.015066530698100624,0.0146666417648305,0.0,0.0,1.0,1.0,1.0,1.0,0.0204889354553907,0.0200996877944012,0.0,0.0
492,492.0,0.0048325268961117995,0.0106974890345411,0.004594249858028925,0.01109613791886095,0.0031836580704546497,0.0064565395020877245,0.0017161524892587,1.6345590584678573,1.6723920023650862,0.31133943598251784,0.0119726049099311,0.00261308829213455,0.0122593817735578,0.00256458255930055,0.0160019796570732,0.016068422276026527,0.000558489235118025,0.000877324549946875,0.016002576150638926,0.016008858132492775,0.0005472917109727,0.000547848409041675,451.0,0.00155229750451665,0.0026392296407498003,0.01495344553679745,0.014566270763466775,0.0,0.0,0.0150712253578506,0.01468679906487165,0.0,0.0,1.0,1.0,1.0,1.0,0.02051112545115325,0.0200996877944012,0.0,0.0
493,493.0,0.004891250084854525,0.010890153145025776,0.0044322459641783,0.011127447716488175,0.0033194580069537,0.0065318112377895495,0.0017117790671466,1.0902326135546898,1.0908782104961574,0.2617340466822497,0.011944484669368776,0.002528310864709925,0.01218294602354965,0.0025376908793413497,0.016215974519554824,0.01589175662614365,0.0006476819980889,0.001402321155182975,0.01594806649998235,0.0167766389266427,0.0006457819254137,0.0006128619424998,500.0,0.0014088638248928248,0.0023886191282517,0.015000966902275824,0.014793804935402124,0.0,0.0,0.015382061861361325,0.014617005781498325,0.0,0.0,1.0,1.0,1.0,1.0,0.021947919936650923,0.019563221433788875,0.0,0.0
494,494.0,0.0049024672011110495,0.0108808368960063,0.004340501962531375,0.01109613650065145,0.0032941275445279496,0.006539601652539025,0.0017116944114939,1.0562186852912419,1.1445061970152892,0.4487945605069399,0.011933541762111775,0.002533029292727025,0.012171876841776825,0.0025456691393418002,0.0161869384244121,0.015878695763428673,0.0016107639530673,0.0009225995163433,0.01620061394927415,0.015875687216292275,0.0006110212998464,0.000610339164268175,501.0,0.0014128178429589,0.002390750814209225,0.015120585903327176,0.014785606029408949,0.0,0.0,0.015255265386197125,0.0145876283067254,0.0,0.0,1.0,1.0,1.0,1.0,0.021947919936650923,0.019622261642196125,0.0,0.0
495,495.0,0.0042097509190743,0.010788785362981175,0.00421003547597475,0.011106117632791426,0.0039445145134602505,0.0064707939494141,0.0017077436182978,1.1883031439501792,1.236208632355556,0.19004872936056924,0.012459547881844349,0.002622309037418375,0.012408845982857124,0.0026265716961989248,0.01636345847624015,0.016507208572793225,0.000665819214191275,0.0009799101972020501,0.0162262649676431,0.016217085532012374,0.0005961584392934749,0.0005844109691679001,550.0,0.00129472802089055,0.002185679417774775,0.0152444111554227,0.01471611377698915,0.0,0.0,0.0148356094555353,0.014661397699775949,0.0,0.0,1.0,1.0,1.0,1.0,0.023411537326116127,0.019464462698980674,0.0,0.0
496,496.0,0.00420937645716115,0.01078264088111285,0.004208328182860475,0.011089164716758599,0.0039445145134602505,0.00647956677853805,0.001707666763858,1.3233948947163299,0.7129503756877966,0.13725670514395458,0.0124593290245023,0.002624517815051075,0.01239666224664655,0.00262653773281255,0.01635278556469335,0.016499768338480224,0.000668434193357775,0.000949192675761825,0.016345455746499878,0.016490819145450076,0.000623544154223,0.000566916365642025,551.0,0.00129853319282465,0.00218788831059345,0.01520512012748,0.014763103714251625,0.0,0.0,0.014836053929021549,0.01466326508997555,0.0,0.0,1.0,1.0,1.0,1.0,0.023411537326116127,0.019464462698980674,0.0,0.0
497,497.0,0.004246550784023125,0.011162567798560724,0.004373571458728775,0.011120492824427074,0.003329119202373775,0.00657788433772225,0.0017040648225892,1.3427519144606777,1.2028090392122976,0.3968990469584241,0.0123816680608664,0.002620538822185225,0.01246856741998565,0.002561360339066225,0.0157432774053822,0.016694657474151026,0.00074732449138535,0.0011928129242733,0.0164138902934668,0.016738803352898776,0.0006864311289973,0.00060233369003975,600.0,0.001202712693749325,0.002016881830111475,0.0149223099750499,0.0149259435096767,0.0,0.0,0.015036210794948825,0.014443946952212124,0.0,0.0,1.0,1.0,1.0,1.0,0.0235598992530062,0.02266560642058025,0.0,0.0
498,498.0,0.004198888967818275,0.011157144035644875,0.0043698627396505,0.011110046282620824,0.003329119202373775,0.0065765530689917,0.0017039944662708,1.6036384646431543,1.2186773215653373,0.32439780706772575,0.012373702022906174,0.0026220061766228,0.012461243708640074,0.00256393201895,0.0157032665165588,0.01668069035982175,0.001197713834699175,0.001591183943673925,0.0157320594877751,0.016679043176200475,0.000824741960968775,0.0006147770909592,601.0,0.00120639647648605,0.0020192216516151497,0.014924467691143323,0.014926970319782726,0.0,0.0,0.015032452126024,0.0144577608497754,0.0,0.0,1.0,1.0,1.0,1.0,0.023500755166901,0.02266560642058025,0.0,0.0
499,499.0,0.0047866241915728745,0.011205030446776724,0.00469021005600135,0.0113561932764386,0.0041831647653044245,0.006291531320977475,0.0017006853207312,1.5995446617598645,1.5491427159286104,0.33656459290068597,0.012423456096559576,0.002684357645611325,0.012538379797410001,0.00267340881098575,0.016746842765612148,0.017024596696771525,0.000841909437440325,0.001488906564190925,0.0163303513664942,0.01679726973227975,0.0007913794834166,0.000681612000334975,650.0,0.0011234155972030002,0.0018734271643252,0.014947484191028025,0.014581955008001675,0.0,0.0,0.014416198191146574,0.0140917862377603,0.0,0.0,1.0,1.0,1.0,1.0,0.022746679454424823,0.023680661029700626,0.0,0.0
500,500.0,0.0047852427765544756,0.011199673839287624,0.004679076408412076,0.011350966862454525,0.0041831647653044245,0.006311073280023425,0.0017006204598151,1.6380294551490806,1.257800675521139,0.3274850809830241,0.01241818526045135,0.0026718890145238,0.012530087884885424,0.00266838727001215,0.0167225451596661,0.01700709745001095,0.000801057089120125,0.00148496375186365,0.016767697949010327,0.017034880775624574,0.000743299722671475,0.00066506949951865,651.0,0.0011268311087581,0.0018757744268205249,0.0149764865313296,0.0145835514978029,0.0,0.0,0.014242129999595825,0.014092778246833174,0.0,0.0,1.0,1.0,1.0,1.0,0.022746679454424823,0.02370888051523695,0.0,0.0
501,501.0,0.004830233884943075,0.01133828306233205,0.00465182283074125,0.0115080056760319,0.00355118927355415,0.0061285297184483,0.0016975605255075,2.4127657686476596,1.140705193975009,0.4522141260677017,0.012455828968265074,0.0026649373091504752,0.012557634201714876,0.0026379537118047,0.016514994601209948,0.0165513573923925,0.0009727779543026501,0.00145033391891045,0.01664328940636855,0.016960092046295276,0.0007528780261054249,0.0007626637234352249,700.0,0.0010625719646293501,0.001750452069815,0.014379638084103601,0.0144383069232048,0.0,0.0,0.0148324737104709,0.014280086222843026,0.75,0.0,1.0,1.0,1.0,1.0,0.021923210114186,0.023321617658327576,0.0,0.0
502,502.0,0.00481447919464965,0.011328445710693275,0.0045694607376162745,0.011500315666727375,0.00354789530991995,0.006132847421169775,0.0016975003720443,1.3815635779756121,1.6810403551207858,0.3564491348806768,0.012456376642838624,0.00266186818073175,0.012560783040076275,0.002629173397997675,0.016488420895609923,0.017009750311167825,0.000931899470742725,0.001536118914373175,0.016498371184099223,0.016587163202643376,0.00080080964835355,0.0007503036176785,701.0,0.001065890355602425,0.001752777084753325,0.01439321163850185,0.0151457835191115,0.0,0.0,0.0148219628970105,0.014288951630744551,0.75,0.0,1.0,1.0,1.0,1.0,0.0219519490224146,0.023321617658327576,0.0,0.0
503,503.0,0.0054657570521373,0.0115616817909482,0.004940527954658525,0.011398473829015526,0.004237472854929675,0.00634299861418455,0.0016946550958096,1.7046565184136853,1.832210222375579,0.2662096652784385,0.01239024517798495,0.002680981509562275,0.0125510826209048,0.00269301847803225,0.01666743111387633,0.016921021223873747,0.0009410746861249,0.001501644146628625,0.016365514085086477,0.017189384515217523,0.000806611962616375,0.0007915870519354751,750.0,0.00100873629898425,0.001642831618052125,0.014386148566634525,0.014771590863046025,0.0,0.0,0.015075825962388125,0.014023648575627375,0.0,0.0,1.0,1.0,1.0,1.0,0.022859546978887525,0.02373675223355595,0.0,0.0
504,504.0,0.0054424989728268005,0.01154729029987785,0.0049327271578917505,0.011394155294469976,0.004256412502730925,0.00634879724469265,0.0016945990194593,1.2315859556547366,1.4522513869451361,0.32319034065585583,0.01238336288731705,0.002681219559178475,0.012545662317355277,0.0026899411767262,0.016650237118701425,0.016926444645724775,0.000909345282707325,0.0015342818223870749,0.016651549207084823,0.01692778227936495,0.000804274459369425,0.0008072144701145001,751.0,0.001011870080540575,0.001645167206743775,0.014378657348740725,0.014771853872104324,0.0,0.0,0.015078147052258774,0.014022215714434749,0.0,0.0,1.0,1.0,1.0,1.0,0.0227882418611563,0.02373675223355595,0.0,0.0
505,505.0,0.0056087123396717,0.011399068196928,0.004223778525065626,0.011323509740303925,0.0041699464969310995,0.006302848159238525,0.0016919405482937,0.8001937619992532,1.4174672576482408,0.27939119533402845,0.01233774380762525,0.00270722369701945,0.012739656278927775,0.0027375389883067753,0.01695924093794525,0.016995260568164024,0.00102781731402495,0.001496047188993525,0.0167706411939375,0.01690870449904745,0.00085419940296555,0.0008065095171332251,800.0,0.000971940981420375,0.0015492205293376501,0.014443216061400425,0.014986815070831975,0.0,0.0,0.0150437468273339,0.013957540192272525,0.0,0.0,1.0,1.0,1.0,1.0,0.022671354582474625,0.0235467365447341,0.0,0.0
506,506.0,0.005596147160764725,0.011410671769518951,0.0043360123271118,0.011330808086461074,0.004179945946068,0.0062985907195285,0.0016918880369805,0.9195756966946648,1.2943465719581582,0.3262735801981762,0.01233654518173355,0.002719767155152925,0.012738010591116924,0.00273985065918525,0.0169598962066372,0.01700954990128915,0.0010226355516351501,0.0015199987683444248,0.016953711560888474,0.016982282230940376,0.000855582125950525,0.0008077095262706,801.0,0.0009749170051194,0.00155146744957105,0.014414031302528149,0.014981099576230748,0.0,0.0,0.0150854445512801,0.013963155559669975,0.0,0.0,1.0,1.0,1.0,1.0,0.022617109976371823,0.0235467365447341,0.0,0.0
507,507.0,0.0057235151662266,0.01152217565392335,0.004823426313065199,0.011288643498491624,0.004140398133230275,0.0062288956304872006,0.0016893935930053,1.1252549306373112,1.1429994028876538,0.324907043017447,0.012408625372748725,0.0027638406556309498,0.012932841393288574,0.0027856902979087,0.01706967959533345,0.0168001482410545,0.00134553131647405,0.001487623958382725,0.01700967021581795,0.0167541509880973,0.0009791677002794499,0.0008602620218880001,850.0,0.00092654142129075,0.001467286163851775,0.014426274373236875,0.0148755514075444,0.0,0.0,0.015076549224465776,0.0137333114856655,0.0,0.0,1.0,1.0,1.0,1.0,0.022741538823910223,0.0234131786563626,0.0,0.0
508,508.0,0.005730414555576225,0.011532314884876025,0.0046302247629913754,0.011307434300330224,0.004140398133230275,0.006225816479525,0.001689344225118,1.1600762234884314,1.325367872370407,0.20437566511100153,0.012406936353604325,0.002761177497868,0.01293802849097115,0.002786789941019625,0.017065518053480097,0.016787955315581176,0.0010398656013420999,0.001484076259657725,0.017097808158986025,0.016788624915343525,0.000936617027036775,0.00086346553871405,851.0,0.000929412316101675,0.001469512618103175,0.014420939383860576,0.014942460127725724,0.0,0.0,0.01526672547605325,0.013792691649362775,0.0,0.0,1.0,1.0,1.0,1.0,0.022741538823910223,0.0234131786563626,0.0,0.0
509,509.0,0.004554027002516775,0.01151354808032995,0.00550157255319305,0.011448408117785875,0.003988441331671525,0.006239054447952575,0.0016869949447494,1.492330108245369,1.8226451194495894,0.2719225367181934,0.012436662349699175,0.002760688405459,0.013022595937964425,0.002814643985113525,0.01660037659664875,0.016540797966413775,0.001177468046080275,0.0016692573553882,0.0168122106435749,0.016752767069959675,0.0010588853037915749,0.000997285242192425,900.0,0.0008827542095492499,0.0013930745488554002,0.014804773072604326,0.0141796560517561,0.0,0.0,0.0147873690443817,0.01398468418377585,0.0,0.0,1.0,1.0,1.0,1.0,0.023076192012740603,0.023284687336597873,0.0,0.0
510,510.0,0.004530068201281625,0.011510084593809,0.0055075194345228255,0.011432470350258074,0.003952289278916125,0.006237644312435425,0.0016869483690501,1.2789554563350978,1.583449247176759,0.3306131912977434,0.012432214773703725,0.00275918127530085,0.013030067252652676,0.002796585923059175,0.0165913129940369,0.01652762204270345,0.001446998794563075,0.001711452496237975,0.016587734688331024,0.01652902183720835,0.0010232173954136,0.000949712179135525,901.0,0.000885507759659125,0.0013952420739321,0.014802592577807274,0.014159624849374776,0.0,0.0,0.014785790128569625,0.013984954081884925,0.0,0.0,1.0,1.0,1.0,1.0,0.022899763033628676,0.023284687336597873,0.0,0.0
511,511.0,0.004597052412227551,0.011488046981065349,0.0055742301033307,0.011396952191040475,0.0038422797449827253,0.006230321655548526,0.0016847284558979,1.2948157535865903,1.7268835735740142,0.30090500868391246,0.01251521683777705,0.002707823551697,0.013257924030462526,0.002778563397609725,0.0170099129933271,0.016621713818201676,0.0011914331116712749,0.001590599771589,0.016658336001344577,0.016552404992955325,0.0011173955863341251,0.00100779469357795,950.0,0.0008443694179199499,0.001326872354988425,0.0144896457041459,0.01460974109351215,0.0,0.0,0.01481600983506995,0.014449526342026574,0.75,0.0,1.0,1.0,1.0,1.0,0.0230604817743154,0.0231529790007315,0.0,0.0
512,512.0,0.0046129480879087,0.011488627954500676,0.005593957257002775,0.011394868615066325,0.0038486102603064003,0.006227750997510675,0.0016846843767098,1.3355847239145078,1.5408497080788948,0.1324917768361047,0.012511235247498226,0.002705735984799225,0.013254011289099251,0.0027756058255388,0.017008673881817177,0.01661598236141575,0.0011344105005263502,0.001766510074958125,0.0170046278337859,0.016611740614031725,0.0011250873212702251,0.0010035277809947,951.0,0.0008470359980266,0.001329028000449025,0.0144843586648022,0.014609580206525474,0.0,0.0,0.0148185087594604,0.0143638999491441,0.75,0.0,1.0,1.0,1.0,1.0,0.0230604817743154,0.0231529790007315,0.0,0.0
513,513.0,0.004802160996821625,0.01156880572838385,0.005482914359926976,0.011569100685748275,0.004335108238502375,0.00642065947389565,0.0016825804717114,1.0354318030877039,1.0897330802399665,0.20785798755241552,0.01248479764641585,0.0027228932205546497,0.01327474687667815,0.002784757969780575,0.016989187525722503,0.0165430143638827,0.00564444955671205,0.0020075531792826,0.016941776086236975,0.016616686814881276,0.001122338057029975,0.0010711778886615501,1000.0,0.00081286935839635,0.001267557890487675,0.014697874950121525,0.01444571917316555,0.0,0.0,0.0150504079612807,0.0142522980420109,0.75,0.0,1.0,1.0,1.0,1.0,0.023369390193606576,0.022597269470698674,0.0,0.0
514,514.0,0.004834497455004275,0.011592742922945425,0.0051901524841844,0.01156634010503565,0.004335108238502375,0.0064246317630595,0.0016825386378055,1.1083661999437027,0.9179558866890146,0.01994892500806595,0.012482870872406925,0.002728988776987725,0.01330877898478905,0.002787864723835775,0.016979682189494978,0.016422686017711175,0.001230098074302025,0.001881251751910825,0.0169807592429496,0.0165398286753811,0.001147455594036725,0.001072587620001225,1001.0,0.00081543488615215,0.0012696232672381501,0.014669326056781925,0.014479064158646575,0.0,0.0,0.015055866894036176,0.014251420876878976,0.75,0.0,1.0,1.0,1.0,1.0,0.023369390193606576,0.022597269470698674,0.0,0.0
515,515.0,0.004738695864059475,0.011456763201365525,0.0048670721994537,0.011519904504798874,0.00437975826380675,0.006442968183996424,0.0016805393430311,1.333695205685217,0.45470865990500897,0.12473464524373408,0.012488499538154575,0.002721317446720225,0.013522346495827899,0.0028652700112805247,0.017619816591463576,0.0168749278200871,0.001255187962669825,0.001085145457182025,0.0170082276395196,0.016542492276118398,0.0011030178284272,0.0010618502856231749,1050.0,0.000781043397867775,0.001213685793256125,0.0147465050759298,0.01415299576620755,0.0,0.0,0.015670669504603198,0.014367825876192026,0.75,0.0,1.0,1.0,1.0,1.0,0.0236601032142693,0.023145505133660926,0.0,0.0
516,516.0,0.0047379206000795,0.011451837578139074,0.004864118492705375,0.011515510864732726,0.00437975826380675,0.00643934582791825,0.0016804995391569,1.1972754338057712,1.3327631058054976,0.2715469386894256,0.0124892204203581,0.0027180758249832496,0.013525129013908649,0.00286302203319695,0.01763697931009315,0.016871541096033477,0.001217607990838525,0.00108946533873675,0.017641542145510426,0.0168754008459406,0.001075857842806675,0.001047792902681925,1051.0,0.00078350490363935,0.001215684144896225,0.014763649433082851,0.014154137625212225,0.0,0.0,0.015670726354989225,0.014366964409763275,0.75,0.0,1.0,1.0,1.0,1.0,0.0236601032142693,0.023145505133660926,0.0,0.0
517,517.0,0.0044935020058404,0.011613258282468699,0.00521537389092855,0.011537406084472825,0.00452885512196515,0.006574676733650475,0.0016785950524085,0.9587086829124019,1.1188533483073113,0.16730674362042916,0.012511180038082725,0.0026817080758522746,0.01359788133132575,0.002879193408440925,0.017962132774602575,0.016790317215416874,0.00194130744785065,0.001141917950007975,0.017658700213347676,0.016794169872792426,0.001121920708101225,0.001102961192373175,1100.0,0.000782609974091675,0.001164600647180575,0.0147563618000773,0.01451582814557145,0.0,0.0,0.015653123881504902,0.0144085641067546,0.75,0.0,1.0,1.0,1.0,1.0,0.023129143416913522,0.023027394055341273,0.0,0.0
518,518.0,0.00449032908435625,0.0116077472721738,0.005214357822149424,0.011533611310198125,0.00452885512196515,0.006580075858241075,0.001678557092748,1.652633064892143,1.4467518064775504,0.31290716672083363,0.012513196596809599,0.0026874543769126,0.0135976362546736,0.002885015896421675,0.017952637101535177,0.0169977508689392,0.0012551313266157501,0.001117913052439625,0.017952978879157325,0.01679405802550915,0.001119395776186075,0.0011010129237547,1101.0,0.00078493772077905,0.0011665857548708,0.014757193333718424,0.01451518667875185,0.0,0.0,0.01565427361823885,0.014382184225850626,0.75,0.0,1.0,1.0,1.0,1.0,0.023129143416913522,0.023027394055341273,0.0,0.0
519,519.0,0.004252020193556425,0.01169017183588345,0.005036259058399325,0.011466021920958025,0.0043098136890183,0.0066836540924299255,0.0016767389234065,1.1747679162072018,1.1184170235646889,0.3138388183433562,0.01262500600180265,0.00269191141317,0.0137731838405629,0.002860595113468775,0.0182126422471533,0.016693296800220574,0.001258648815564775,0.001162862929049825,0.017975980472209524,0.017046463352531852,0.001148000825196475,0.0011298484168946,1150.0,0.0007561008355771251,0.0011196312332296498,0.014345763046063501,0.014555794561765199,0.0,0.0,0.016048900242261025,0.013871042398657775,0.75,0.0,1.0,1.0,1.0,1.0,0.0221500008932063,0.022735990488934602,0.0,0.0
520,520.0,0.004250656992400775,0.0116886822874952,0.005035825645986074,0.011463491638663574,0.0043098136890183,0.006681105795992175,0.0016767026464508,1.5785088833072223,1.2890062950318677,0.20108799840090794,0.0126252944935302,0.0026907790514327998,0.013778773226143801,0.00285709650774385,0.018191237251582098,0.016683972594141,0.0014385291142388751,0.001183933753054525,0.01820357871805585,0.016690202149042474,0.0011657827999442252,0.00115459965309125,1151.0,0.0007583601422019,0.001121570484696625,0.0143347568917995,0.014557268236155175,0.0,0.0,0.016035139363796073,0.013863427067950476,0.75,0.0,1.0,1.0,1.0,1.0,0.022149014927613175,0.022735990488934602,0.0,0.0
521,521.0,0.002478012383472575,0.011442897323347277,0.004806900974874675,0.011501439153697024,0.0043670283348322255,0.006602995543901425,0.0016749633918258,0.9260015425388703,1.1962622571154498,0.14689638552954418,0.012608661268059774,0.00268263712672595,0.014043924976398,0.002893521711308725,0.01826092199472915,0.016794109703161,0.00145365070784455,0.001233303744811525,0.01842164770567065,0.016721970179031376,0.00122166331857435,0.0012220229255035,1200.0,0.00073742352331505,0.0010782894049085501,0.014693942626016499,0.013849216790386,0.0,0.0,0.016997653303269723,0.015833597326630998,0.75,0.0,1.0,1.0,1.0,1.0,0.022789827449354975,0.022573984805650548,0.0,0.0
522,522.0,0.00259295129101015,0.011479930098614526,0.004810600856944325,0.011498095468097224,0.0043670283348322255,0.0066228256799443245,0.0016749286563194,1.515616176824551,1.0537596806534566,0.20741624280344692,0.012603996700120999,0.002691706331173125,0.0140580133185398,0.0028949545867597752,0.018272808724192173,0.016847412830472825,0.0014427765854634,0.0011968890321440752,0.018269494120015176,0.016835637515199127,0.001198396377731075,0.001191865419968925,1201.0,0.000739581520444925,0.001080168203535225,0.01470757414398245,0.013827003403031625,0.0,0.0,0.016946932056690848,0.015292534827890301,0.75,0.0,1.0,1.0,1.0,1.0,0.02285612080710005,0.022573984805650548,0.0,0.0
523,523.0,0.0021797768224672,0.011723353159730025,0.004879579936526675,0.011402801768112624,0.00446388201053535,0.006568817594383649,0.0016732951692095,1.169621494889725,0.9188531281542964,0.2534556982573122,0.012577192183871325,0.002731277490401425,0.014140830762643225,0.0029415254930430248,0.019989634137093225,0.01688781297996215,0.001689407217781925,0.0012689136783592,0.01823325020944665,0.0169444683878591,0.00126363389426835,0.00122671801364045,1249.0,0.000751714851214425,0.001042625868249425,0.014588641082579899,0.0137674073625175,0.0,0.0,0.0180073524332545,0.018275059434561675,0.75,0.0,1.0,1.0,1.0,1.0,0.02279308369570725,0.02186228048975355,0.0,0.0
524,524.0,0.0021773767982854997,0.011740242244765775,0.004879096786903425,0.01139816628811695,0.00446388201053535,0.006566985421908725,0.0016732618236817,1.3380988055141643,1.3912347590667196,0.13188109424663708,0.01257475413773215,0.002730308307433725,0.014141682580096725,0.0029317120700632997,0.01998449419763855,0.016881413918795697,0.0015432317741215,0.00122911040671165,0.019984600368158627,0.016880531092288174,0.0012272755848243499,0.0012142732157371249,1250.0,0.0007538388398806,0.001044497977983925,0.0145790068550627,0.013756639483159173,0.0,0.0,0.017989564901044,0.01827494523611945,0.75,0.0,1.0,1.0,1.0,1.0,0.022793083695707227,0.02186228048975355,0.0,0.0
525,525.0,0.0021733550241197497,0.0117437133696331,0.004878609991626325,0.011396925039581875,0.00445255772442695,0.006565156166905925,0.0016732285053771,1.1870661713765003,1.5847835175227372,0.27093277632957324,0.0125772824537015,0.002727898071640775,0.014136684064266474,0.0029334518863354747,0.019974025970360326,0.016875023431178,0.001479664002545125,0.00125619885511695,0.019977251711123474,0.016874140062141225,0.001289479027036525,0.0012429638882167,1251.0,0.000755935924487125,0.001046326532433225,0.0145791725270853,0.013760923848668475,0.0,0.0,0.017996407474579052,0.018274831897229,0.75,0.0,1.0,1.0,1.0,1.0,0.02291436038458115,0.02186228048975355,0.0,0.0
526,526.0,0.00200228685789245,0.011404805801464649,0.0048263472509118745,0.01128574302463785,0.004535707396890375,0.00647740016616215,0.0016716283689215,1.3992849755450152,0.7964437510818243,0.35619770543416956,0.012542907837518175,0.0027299794903503753,0.014243185472000425,0.002911144176199275,0.020055677982769,0.0167810555759083,0.0018885796889662248,0.0013388232910073999,0.020036450036070425,0.016886950716170027,0.001354013045784075,0.001373708888422625,1300.0,0.000748074657209325,0.001009507789602025,0.01458521089857195,0.013732571341825725,0.0,0.0,0.0180490216661692,0.01825443638141045,0.0,0.0,1.0,1.0,1.0,1.0,0.02136510571955955,0.021833544360878327,0.0,0.0
527,527.0,0.002001888921715175,0.011390410848643475,0.00482586696248465,0.0112584980035058,0.004535707396890375,0.006461530288739725,0.0016715963579593,0.9578851764090359,0.6494103875011206,0.14850848459172986,0.012548727151219475,0.00273221651324775,0.014236613845619774,0.002912472200193475,0.020048836232171324,0.016776799361071376,0.0015689948922954,0.0013553682365454,0.020042434994556553,0.016773385781112,0.0013783114845864,0.00135975400917225,1301.0,0.0007500467996035751,0.00101127087926165,0.014564817498364125,0.0137335761273272,0.0,0.0,0.018042716921600727,0.018228534694048625,0.0,0.0,1.0,1.0,1.0,1.0,0.0211716505772107,0.0219286671352189,0.0,0.0
528,528.0,0.0016055627942844247,0.011125069653015976,0.004812017997800875,0.011149810360321975,0.0045520713604797,0.00656761570904985,0.001670057842785,1.999353184364736,1.0137930042110384,0.08284532255493102,0.0125551348520627,0.0027119242105484,0.01431267536292885,0.0028749293797372,0.01993702452105535,0.01662069869417045,0.0018188921967520499,0.0014244386111385249,0.0199822316185091,0.016746255871957823,0.001418788393493675,0.0014061862602829,1350.0,0.0007251842222598249,0.00097699944843595,0.014486463687499975,0.014002350196365825,0.0,0.0,0.01803251260535575,0.0182872948054872,0.0,0.0,1.0,1.0,1.0,1.0,0.019387810555151173,0.0211998754672455,0.0,0.0
529,529.0,0.0015541190620781751,0.011116687277528,0.0048114968632989,0.0111468795207764,0.0045520713604797,0.006565825013076475,0.0016700270415582,2.378052639949601,1.7339104681741446,0.34410600311821327,0.012550996062081675,0.002711470964068325,0.014308298913161951,0.0028758196862080747,0.0199341675409574,0.016627214416389525,0.00213038024958215,0.0014723641215822999,0.01994439911046215,0.016624294614199425,0.00144065823405975,0.0014210090739652,1351.0,0.00072710920886095,0.0009787234250113,0.014488236365135675,0.014004467939523575,0.0,0.0,0.0180439833069425,0.01843376853141075,0.0,0.0,1.0,1.0,1.0,1.0,0.019387918154189103,0.021199875467245527,0.0,0.0
530,530.0,0.000947173811596425,0.010974157266648951,0.004920699473115925,0.011231139663234425,0.004727431451870025,0.006545455077295275,0.0016685456287704,2.7068525356589817,1.0791169231524689,0.2801639157696627,0.01258398886298125,0.002722922855827075,0.0142995825179679,0.00291546964860305,0.01997772265244755,0.016673757395412526,0.0017187123303301,0.0014310445403679498,0.019921069259724748,0.016661317027995302,0.0014524732832796499,0.001438645762391325,1400.0,0.000704625538657125,0.000947182809387125,0.014120044863880125,0.0142227583152225,0.0,0.0,0.018397693858797075,0.01895308746315025,0.0,0.0,1.0,1.0,1.0,1.0,0.020045939736876198,0.022014750219107027,0.0,0.0
531,531.0,0.0010494448989827,0.010997686354086975,0.0049206855593631246,0.0112282408835195,0.00472980137676355,0.006538831754971049,0.001668515950171,1.4645359601126984,0.7409781248425134,0.3169772328110412,0.01258182086666145,0.002724490487510075,0.0143201504275208,0.002916781256218525,0.019985716724722248,0.016677253837262873,0.0017128821345977,0.0014325263909995248,0.0199806147824608,0.016676362546903,0.0014589064521714251,0.00141961156623435,1401.0,0.0007064985801001,0.000948973228181775,0.014106141140952076,0.014217004576674101,0.0,0.0,0.01840456166331675,0.018964984648297874,0.0,0.0,1.0,1.0,1.0,1.0,0.020045939736876198,0.022014750219107027,0.0,0.0
532,532.0,0.0010981950185097,0.010652014022576725,0.0051180433180029496,0.011260551056960675,0.00489178400208915,0.0065815513338501755,0.0016670875986525,2.1119335296098143,0.9374792632879688,0.1566149474238045,0.012586258818392424,0.0026912536244706,0.014322098724374899,0.002912001221257725,0.02047011552330673,0.01630835817389705,0.001993215759284725,0.00148231413913885,0.019939422586885948,0.016579150201621425,0.0015130590181797,0.0014729722170159,1450.0,0.0007072802232885,0.0009205699132189251,0.013985648062347575,0.014074474145239425,0.0,0.0,0.018424356894095023,0.018949712609817527,0.0,0.0,1.0,1.0,1.0,1.0,0.021018915108792773,0.021935651009445924,0.0,0.0
533,533.0,0.0010990951129562,0.0106432827077739,0.00514262446832555,0.01126739520958385,0.004790939500455525,0.0065820875118517,0.0016670589646204,1.3273658572579734,1.829278977646027,0.3170748330885544,0.012585192556856025,0.002687821938651075,0.0143211903809334,0.002908116551101175,0.0204967682786447,0.016307891849547673,0.001926895172800825,0.0015235040336846499,0.020457909500547725,0.016312277868321127,0.0015338888624683,0.0015254911268129498,1451.0,0.0007090858724081,0.000922250123618275,0.014098928136025425,0.014091903285753299,0.0,0.0,0.0184110876254337,0.018946001876763048,0.0,0.0,1.0,1.0,1.0,1.0,0.021193636400278423,0.022172251451683403,0.0,0.0
534,534.0,0.000326482095074675,0.01086941846505875,0.00507317960533005,0.011294978077692976,0.0048625116655029,0.0065839257814751,0.0016657077246121,1.4527730700210668,0.8580390481511131,0.2719529979513027,0.012609646287765525,0.002690988594122075,0.01455737774293115,0.0028705786162848248,0.020675334682114875,0.0163362782841542,0.0018181430641561,0.00155596638796845,0.0205286906857459,0.016330824390045875,0.0015820315456949,0.0015877363039179999,1499.0,0.00068890965442185,0.00089636059613085,0.014188213645774125,0.01409177261439305,0.0,0.0,0.01952878717974095,0.018820536505853448,0.0,0.0,1.0,1.0,1.0,1.0,0.0217724743679047,0.021598948268331773,0.0,0.0
535,535.0,0.000314284793057825,0.010850737140278,0.005075095495170451,0.011292411771287699,0.004888013088287475,0.0065927331126481754,0.0016656800460819,1.3816031472524626,1.3828392153955065,0.27489675395190716,0.012608252776145624,0.0026909386996687252,0.014554858442113424,0.0028650562398843,0.020678829943199174,0.01634795897624345,0.00172115728491915,0.001551912282593475,0.020695040718859227,0.01633045981097455,0.001578601775690825,0.0015331890317611,1500.0,0.0006906762548953001,0.000897978649759175,0.014188432018645999,0.01410121652492875,0.0,0.0,0.01952456402931185,0.018798319568552473,0.0,0.0,1.0,1.0,1.0,1.0,0.021710969211640903,0.021598948268331773,0.0,0.0
536,536.0,0.0002941109824546,0.0108666697669236,0.0050750478042638995,0.011288767735785049,0.004888013088287475,0.006590350146461175,0.0016656523863962,1.5247668697847985,1.173736357188318,0.3272275673225522,0.012606375404342675,0.002691060849429725,0.0145539896496815,0.0028632387597754003,0.020671552750311226,0.016342322527112926,0.001799550489522475,0.001536813913844475,0.020666622917819025,0.016343778567911624,0.0015707367565482,0.001562143908813575,1501.0,0.000692451341567775,0.0008996059862793251,0.014188667142012525,0.01412303317767,0.0,0.0,0.019525780967123076,0.0187964542809978,0.0,0.0,1.0,1.0,1.0,1.0,0.02171096921164075,0.021607016095187073,0.0,0.0
537,537.0,-0.00047286135782195,0.0106328640650205,0.0050515760146432,0.011195434732846876,0.0049064747678021,0.006675846525566326,0.0016643196310902,1.6469025664846415,1.058728938398417,0.14902778586838392,0.012593476030439575,0.002719539706769275,0.0145107119658283,0.0028843266349056753,0.02048695436291255,0.016294235371874775,0.0018960824236273499,0.001853160734753975,0.020559761831500552,0.016418837537776974,0.001654619874898325,0.001565426413435425,1550.0,0.000689183680668775,0.0008731182003323249,0.0139050494384644,0.0136830742751333,0.0,0.0,0.019350978392069725,0.01863739321166465,0.0,0.0,1.0,1.0,1.0,1.0,0.0217866303963706,0.0223536846385957,0.0,0.0
538,538.0,-0.000483371215830075,0.01062657886622265,0.00505145968074225,0.011193453617155825,0.0049064747678021,0.00667476931398495,0.0016642928823549,2.8486388454912235,1.4800574657274408,0.2841883509536274,0.012594133197423375,0.0027182365518577498,0.0145093516572237,0.00288381667464475,0.020490301651388824,0.016289476552520974,0.002028010028880025,0.0016329666250385,0.020475207517953675,0.016288891473461076,0.0017485093558207,0.0015530606615356498,1551.0,0.0006908811537766,0.0008746886076126249,0.01390535954835295,0.013683184918934225,0.0,0.0,0.019313776356132024,0.018604718051562948,0.0,0.0,1.0,1.0,1.0,1.0,0.0217866303963706,0.0223536846385957,0.0,0.0
539,539.0,-0.000243352946772325,0.010556002156206924,0.005010382773918025,0.011268368600001076,0.004824623774027625,0.0064702087265876,0.0016630033334204,1.5425291212741286,1.0674824880552478,0.22459388291463253,0.012586361192257974,0.002703142420440675,0.014588792061632926,0.002907364025729,0.020354003434875777,0.016249027232006198,0.002122833335306425,0.0016368573415093,0.020470461538551275,0.016281489754653773,0.001763260108418675,0.001594926521647675,1600.0,0.0006719030081717751,0.0008500350622422499,0.0139853736263737,0.013635533955043825,0.0,0.0,0.018721650733625975,0.018560497281901227,0.0,0.0,1.0,1.0,1.0,1.0,0.021837027723280975,0.02264954126322655,0.0,0.0
540,540.0,-0.000245151187956225,0.010550873167289424,0.00501028672367535,0.011266260815148125,0.004824623774027575,0.006468957322553625,0.0016629774382095,1.5984000536845997,1.7719771909760311,0.17053903645137322,0.0125874800237215,0.002702830465211775,0.014593622746087324,0.0029065342825716,0.02034311589093185,0.016245616713201398,0.0020648657809942753,0.00174065923783925,0.020343058959675177,0.016243787807582375,0.0017217750428243752,0.00157266930909825,1601.0,0.00067359194627125,0.000851573840823425,0.01397987512521885,0.013635707317608176,0.0,0.0,0.018723407903197226,0.018561413871459324,0.0,0.0,1.0,1.0,1.0,1.0,0.021837027723280975,0.02264954126322655,0.0,0.0
541,541.0,-0.0007073390119041751,0.010313909139443224,0.004949638156520424,0.011179410837109199,0.0048196151215657256,0.0064605890780299255,0.0016617284130523,2.7432531533413567,3.057906922069378,0.21452136576408515,0.012586340446429676,0.002699615791033325,0.014655973351825525,0.00293104562891365,0.020767281697520977,0.01646839583526345,0.002793046762235425,0.00215981318615375,0.020339993778335275,0.016195461700536352,0.0019056664896197001,0.0017151397769338498,1650.0,0.0006556689355625249,0.000828342993561775,0.014070506765475974,0.013823908533945276,0.0,0.0,0.01918915952803475,0.0188011450023368,0.0,0.0,1.0,1.0,1.0,1.0,0.02165180041599045,0.022705528185752298,0.0,0.0
542,542.0,-0.0006782445122434,0.010336653261779051,0.004950568082163425,0.01118348283087685,0.00480651510432125,0.0064593536774907,0.0016617033191847,1.863031098328065,2.338888518686872,0.32972714374773204,0.0125852969522515,0.002704259213904125,0.014655551705673625,0.0029271757200565003,0.02062398450719875,0.0164729979505302,0.002240687492303525,0.002057890931609975,0.0207763549185542,0.016473338210207626,0.001747851783875325,0.001635314896702725,1651.0,0.0006572749218546751,0.000829888039881875,0.0140687511211576,0.0138241271156383,0.0,0.0,0.019192353280013452,0.018812031514422803,0.0,0.0,1.0,1.0,1.0,1.0,0.021758901702531072,0.022705528185752298,0.0,0.0
543,543.0,-0.000519206243633975,0.01031589383777225,0.004978489903073025,0.011239515066338076,0.0047527375311934,0.00657569712418235,0.0016604923766326,3.5131832153419964,2.441874520853162,0.2977558078127913,0.0125978143486959,0.0026947744728626002,0.01471200546174585,0.0029277888752777,0.0205257575249989,0.016360612174902225,0.0022449411335401003,0.002107563253957725,0.020796215643934825,0.016465336233956702,0.001804611529223575,0.001684752525761675,1700.0,0.000640580919885275,0.000808149581447025,0.01398976141691785,0.013486372787462326,0.0,0.0,0.01916677613133175,0.018408010778471325,0.0,0.0,1.0,1.0,1.0,1.0,0.0224609807961835,0.022626543624532824,0.0,0.0
544,544.0,-0.0005186867603354,0.0103163561824382,0.0049760701752631755,0.011233140572674475,0.004744905858392275,0.0065725618656885506,0.0016604680365527,2.4929326503770426,2.9594063634285703,0.27603734948206693,0.012596381441853625,0.002694407670817825,0.014709182812063425,0.002926746004173075,0.02052051008939965,0.01635253541142715,0.00277927255956455,0.0019804982002824,0.020526792027118247,0.016358643964054925,0.0019038715981878,0.001693791535217225,1701.0,0.000642151441608225,0.0008096258357779,0.013988586490830499,0.013496565443848875,0.0,0.0,0.019173036398174376,0.0183974485220368,0.0,0.0,1.0,1.0,1.0,1.0,0.0224609807961835,0.0225919714264393,0.0,0.0
545,545.0,-0.00047324231951505,0.0103079159825643,0.004910470222162575,0.01124284587657385,0.004713970914310425,0.006522870245008925,0.0016593165923363,2.646586906805169,1.1152529092505574,0.26599546836223453,0.01258918348770155,0.002693269795169675,0.014728063942802551,0.0029182734063482,0.020605150209216425,0.016343155997959276,0.002181272371672075,0.0020309066167100752,0.0205691318089001,0.016332961857387973,0.0017600549617782,0.00172293744981285,1749.0,0.0006265793498377,0.000789344034284925,0.013951924502877099,0.013423052167975475,0.0,0.0,0.01884580081963205,0.0178886137412379,0.0,0.0,1.0,1.0,1.0,1.0,0.02197706600721595,0.0217818747529671,0.0,0.0
546,546.0,-0.00047599179212422504,0.010314279394039776,0.004911865379052076,0.0112668668770516,0.004713970914310425,0.0065214811864811005,0.0016592929487795,1.648254061525222,1.613123600895051,0.2832189087057486,0.012601090232330275,0.002698889735559775,0.014738224336571574,0.0029169569647242996,0.020596584310516475,0.0163740739953655,0.0021596984588540752,0.002037580357864475,0.020595045263775598,0.016348098707484524,0.001945800031535275,0.001722834189422425,1750.0,0.0006281071679012751,0.000790782877833575,0.0139521314428734,0.013417288513733,0.0,0.0,0.018859421859273875,0.017899758939329824,0.0,0.0,1.0,1.0,1.0,1.0,0.02197706600721595,0.021770568650982376,0.0,0.0
547,547.0,-0.00047213072922424996,0.01031654436999635,0.0049034288837176,0.011263985511565999,0.004713970914310425,0.006520093710024475,0.0016592693190276,1.663449319486972,2.7135416459059343,0.4512609515222721,0.012602965266384675,0.0026920243819411,0.014737578489984651,0.002920937552493175,0.020623593285654475,0.016390319143391376,0.0025281542330048497,0.0020022100070491,0.02060585285471775,0.016368701835450125,0.0045438150991684995,0.001765447494108175,1751.0,0.0006296328701135,0.000792213227309675,0.01394879512505575,0.013443779187818423,0.0,0.0,0.01886178767000875,0.017900068036684848,0.0,0.0,1.0,1.0,1.0,1.0,0.02197706600721595,0.021770568650982376,0.0,0.0
548,548.0,-0.00033587780601262497,0.010325458297005876,0.00489297519503115,0.011299304633415675,0.004710417860847575,0.006623135310572676,0.001658128047439,2.528640264645219,1.4965079110115767,0.2808270944515243,0.012607284689641125,0.00269219126583475,0.014758400469932875,0.002899459240142575,0.0200078048924172,0.016259655034569227,0.0023282661568373,0.0020084058050997,0.0205511526622085,0.0163459893794915,0.0020330299157649,0.0018931946833617749,1800.0,0.000633533872543175,0.0007727193078592,0.013972853590887424,0.013464314244504226,0.0,0.0,0.019035880680265724,0.01837295849632655,0.0,0.0,1.0,1.0,1.0,1.0,0.022184171136196824,0.021861898402208153,0.0,0.0
549,549.0,-0.000324141777930225,0.010260734321693474,0.004884996780896125,0.011297245083420726,0.004791446479945101,0.00664292465779605,0.0016581050881949,2.3719395713414997,2.03643916209694,0.31312065204838285,0.0126078740054779,0.0026954849645151498,0.014775376502777375,0.0029372141378429,0.019999241864025075,0.016260143703023575,0.002491524326614975,0.001967720570974,0.019997914492473925,0.0162554401198517,0.0020572657813318,0.0019266927265561501,1801.0,0.000635025526333325,0.0007741514977584749,0.0139754374180459,0.013498078624783175,0.0,0.0,0.01904397683465075,0.01831210967850195,0.0,0.0,1.0,1.0,1.0,1.0,0.022184171136196824,0.021615070730005626,0.0,0.0
550,550.0,-0.00040159142668415,0.0100718150927734,0.0048912962021426,0.011322325961532325,0.00476796447918325,0.0064561645102572,0.0016569957626247,2.0990797234117053,1.2637725927634165,0.2604876326513476,0.01261815710577785,0.0026706153613912497,0.01481758749403885,0.0029205254520637504,0.020597951632966374,0.01622168527107495,0.002302996814250925,0.00209027080563825,0.019991094051186,0.01622166864193275,0.002061405277345275,0.001904665026813675,1850.0,0.000646922567437075,0.0007553803624165499,0.013988592391568001,0.013435837737704875,0.0,0.0,0.019599598949032,0.01889886641845925,0.0,0.0,1.0,1.0,1.0,1.0,0.022198528662771874,0.021577334229318602,0.0,0.0
551,551.0,-0.00040099389815555003,0.010067514916770125,0.004891087509663125,0.011318276462202525,0.00476796447918325,0.006454855698071125,0.0016569734373129,2.5374005030025732,1.2153809764422476,0.18218920653453094,0.012617051532579849,0.0026716991875800748,0.014817305478407325,0.00292056065566305,0.020611127028489523,0.0162190676793398,0.00238484400324515,0.002098170225508475,0.0205952353914071,0.01621752681515095,0.0020815128227695497,0.0019846477080136,1851.0,0.00064835186664505,0.00075674733551405,0.013985345638266849,0.013436061521032626,0.0,0.0,0.019474713991501427,0.0188988222049956,0.0,0.0,1.0,1.0,1.0,1.0,0.022198528662771874,0.021577334229318852,0.0,0.0
552,552.0,-0.0005614958579473,0.010067994520579224,0.004761346970525925,0.01132984329482745,0.00469263753349505,0.0065943839738703,0.0016558943379984,3.576202468073461,1.1276546792360023,0.08522200555307788,0.012659090331511351,0.00270796612382985,0.0148781020135329,0.002927899717641775,0.020493110386824998,0.0163710248294546,0.003348523285239875,0.0021770553430542,0.02050971413134195,0.016245938121990124,0.0021059634746052004,0.0019627874717116,1900.0,0.0006334060287627,0.000738961772983425,0.014063574414635176,0.01337602087978045,0.0,0.0,0.019360975869020525,0.018750091029695874,0.0,0.0,1.0,1.0,1.0,1.0,0.022177395282654347,0.02295989713382285,0.0,0.0
553,553.0,-0.000567129641559225,0.0100630105515659,0.0047606826256086756,0.011327476347065251,0.00469263753349505,0.00659303245155785,0.0016558726129458,2.463861142867245,1.2381091631250456,0.24454233236610884,0.012658921451192774,0.002705517988240375,0.01487511928457535,0.002928294805345425,0.020501935623727874,0.016365166579743524,0.003203785920049975,0.002023395732976425,0.020492683953883623,0.0163664768847677,0.002159736177418325,0.002010311000049075,1901.0,0.00063482930043205,0.0007403063209029,0.01405867293022885,0.013378046215739325,0.0,0.0,0.019376121031814172,0.01875094787760645,0.0,0.0,1.0,1.0,1.0,1.0,0.022065800903714374,0.02300228732836685,0.0,0.0
554,554.0,-0.00055710106845455,0.0099159661427613,0.004777231417530475,0.011343437979416175,0.004689902222708275,0.006632616597071201,0.0016548221548495,2.750108792504762,1.9573318748152815,0.32507988705765456,0.012662466505365174,0.0026819611854616253,0.015025656581547675,0.0030335268393592,0.020733027865157627,0.016261900999347226,0.002514629275538,0.002106845320668,0.0204238516197928,0.016401302688324376,0.002149968524463425,0.0020134407095611,1950.0,0.00063918891882315,0.0007233803334687499,0.014009500514020449,0.01337085152220505,0.0,0.0,0.019302881880985674,0.0186062847870306,0.0,0.0,1.0,1.0,1.0,1.0,0.021772642095576274,0.022748595727291623,0.0,0.0
555,555.0,-0.00055525304747575,0.00990783631662605,0.004776687242588825,0.011341879886289999,0.004689902222708275,0.0066317605645194,0.0016548009989864,2.693014388962183,1.1361259709810838,0.31182247179094696,0.012660549776928001,0.0026782353152438,0.015030411224193376,0.003032761726821275,0.020733796364789725,0.016254766457644575,0.002401654433924675,0.00210773339495055,0.020724042995978676,0.016258392380337848,0.00217791093746195,0.002033378521446125,1951.0,0.000640557313911025,0.0007247069456097,0.014007694169844575,0.013371474377906777,0.0,0.0,0.01927549298233545,0.01860049119119535,0.0,0.0,1.0,1.0,1.0,1.0,0.021772721005477474,0.02274376007352835,0.0,0.0
556,556.0,-0.000496183638589975,0.00988307750938675,0.0049408250641205,0.011426891161248174,0.004688265392407825,0.006742339374370975,0.001653798344049,2.910684931324795,0.8491404344094917,0.16029895446263248,0.0126617811790053,0.0026831141523345004,0.015095102282596926,0.0029836916378017998,0.02055602941853185,0.0161414558756609,0.00300482253078365,0.002110417815856625,0.020699483676709075,0.0162962682127199,0.002264766138978225,0.0020586048485710497,1999.0,0.0006269285885456001,0.000708986671687475,0.0141075883517456,0.01356777256499705,0.0,0.0,0.018870045912545427,0.0183132927380855,0.0,0.0,1.0,1.0,1.0,1.0,0.021616316325559774,0.022789871857713147,0.0,0.0
557,557.0,-0.0005008773018686499,0.009881724212548,0.00493068049791145,0.01143153499470265,0.0047050410861934,0.006745939528065299,0.0016537777181066,3.8025771293323487,0.9302406879724003,0.11370536236790933,0.012660086189525376,0.0026825817798507502,0.015098650241667875,0.002983407478881275,0.020549642173427123,0.016138077418531627,0.00265104748541485,0.002301688538864225,0.02058737658042215,0.0161366741936395,0.00223079096758735,0.0020764833316206247,2000.0,0.000628266685792175,0.000710286990517975,0.014124881626947574,0.013567668921600676,0.0,0.0,0.01885033748794275,0.01832505401600585,0.0,0.0,1.0,1.0,1.0,1.0,0.0216310568460529,0.022838661018604576,0.0,0.0
558,558.0,-0.0036718748428331252,0.00030501751475600007,-0.003671874841393375,0.00030501751473687507,-0.003802731564913975,-0.00380273156491395,0.0014408441545943,0.14089338493067768,0.2693259709631093,0.5839319179649465,7.403057709967372e-35,9.290897475977311e-20,7.403057709967372e-35,9.290897474763053e-20,0.00030503211798404994,0.0003050321172990499,0.00015155755681912501,7.116002961993217e-05,0.0,0.0,8.589512435719371e-05,6.534496787935495e-05,0.0,0.0539734561549137,0.005763378265089325,0.052165429526492,0.044036249641815926,0.0,0.0,0.05216542952839555,0.0440362496421823,0.0,0.0,0.0,0.0,0.0,0.0,0.054415312644375324,0.05568446560502638,0.0,0.0
559,559.0,-0.003672534022249025,0.00028669251941077504,-0.003672534014529575,0.000286692519287975,-0.00380273156491405,-0.00380273156491395,0.0014342916754322,0.8151564846048132,0.46477295702788973,0.47397415753221134,4.7741408273813346e-35,1.713434713268434e-19,6.169214758306144e-35,8.874027580225026e-20,0.0002867030627872,0.00028670306251235003,0.00010001566261051215,9.48907108977437e-05,0.007541708010509925,0.0075417080167828245,7.937068585306406e-05,8.093594806268811e-05,1.0,0.0722165169718378,0.04772805719124992,0.04636193590333293,0.04239454183855155,0.0,0.0,0.04636193590195782,0.042394541848933376,0.0,0.0,0.0,0.0,0.0,0.0,0.050732367029114725,0.05235163526139455,0.0,0.0
560,560.0,0.0013531599541489001,0.0051481929298892995,0.0013531599538298999,0.00514819291387225,0.000562030797997125,0.00092732857535895,0.0014198262339602,2.246650175016839,1.3844445215072483,0.921283738280181,4.584534288520485e-35,1.1580687668373102e-19,4.1128098388707625e-35,3.6822717804983173e-20,0.005148223460508075,0.005148223444870475,9.250768925994635e-05,9.779527317727143e-05,0.016987942658357374,0.01698794241455065,7.878849282860756e-05,7.087248377501965e-05,4.0,0.05996446888159,0.053460307716251196,0.0409343424644149,0.0323809340815426,0.0,0.0,0.04093434244222568,0.032380934072709526,0.0,0.0,0.0,0.0,0.0,0.0,0.04498052634702495,0.03789383223030868,0.0,0.0
561,561.0,0.002945084803252175,0.00647094926258715,0.002945081448561875,0.0064709496727365,0.000903437288598275,0.002621188112036475,0.0014160913144288,1.585661283286754,1.119504210422747,0.5670971896615811,5.0822503329381e-35,1.2120458312197328e-19,3.701528854983686e-35,3.186807660069775e-20,0.006470940132415575,0.006470939925292925,0.00010238250251854534,7.647776510566473e-05,0.010372923989412,0.010372923996550449,7.141829701140523e-05,7.523247040808201e-05,5.0,0.05734887644567177,0.05196777462361417,0.03820106435353665,0.031866157473838905,0.0,0.0,0.038201064355439796,0.031866157477524096,0.0,0.0,0.0,0.0,0.0,0.0,0.0421851921784502,0.037512173070200626,0.0,0.0
562,562.0,0.003534006224132775,0.007886329793509124,0.0035340070944774003,0.0078863294869415,0.0031630832565785498,0.003556314722847175,0.0014042293891839,1.1686902049113996,1.4901668354868889,1.0494645849685185,4.004236988721064e-35,9.189015680882817e-20,2.643949182131204e-35,5.470879629439056e-20,0.00788617233296015,0.0078861722669479,0.000106373336166075,8.186494233086705e-05,0.012411951368084225,0.012411940218438625,9.162334026768804e-05,7.200747495517135e-05,9.0,0.04622016366265272,0.044710587878676544,0.025337282097319426,0.023309167977969326,0.0,0.0,0.02533728209287365,0.023309167975982602,0.0,0.0,0.0,0.0,0.0,0.0,0.02751586945916035,0.028296826944275374,0.0,0.0
563,563.0,0.0029564389488183,0.007652761971132025,0.002956457503305,0.0076527602350539,0.0031630832565785498,0.0034961474967149997,0.0014018094313372,2.809201484953519,1.5361794066848233,1.0720595803577453,3.2206397983836136e-35,1.0267260642513284e-19,2.467685903322458e-35,5.11551309783405e-20,0.00765273236052685,0.0076527322518596995,0.000107362458948,8.03852453827858e-05,0.007734671903472675,0.00773467190681605,7.719488348811865e-05,7.150322198867798e-05,10.0,0.04311536529093873,0.0436941857972232,0.025406656216679625,0.023388425761462623,0.0,0.0,0.025406651021869273,0.02338842354245405,0.0,0.0,0.0,0.0,0.0,0.0,0.027388067149230276,0.0271048653064499,0.0,0.0
564,564.0,0.00243225518439915,0.006827105252083775,0.0032120963954627,0.007010329484734925,0.002402179428967825,0.0037082051479256,0.0013935495616691,1.1595832238090225,2.676754180691205,1.0309259055065922,0.00151069747923205,0.0007606553163974,0.0023493435498382,0.0007122200421774501,0.0087426061135259,0.008773973467818826,0.00010598782682787499,7.671007188037038e-05,0.009986684652248275,0.009986683540244375,7.87207973189652e-05,7.625092985108495e-05,14.0,0.0328842306515421,0.037092127088947546,0.023268570758547175,0.023147105655127575,0.0,0.0,0.020477194169751873,0.024043500499792876,0.0,0.0,0.0,0.0,0.0,0.0,0.022789833534275074,0.023301345474490424,0.0,0.0
565,565.0,0.0022361168147379,0.0066425795006792,0.00347946382692335,0.007096172372782299,0.00179354454413165,0.00363078026846005,0.0013917637132417,1.3633375275530852,1.3571818945929408,1.1278671579784714,0.001753948827006225,0.00076152439402775,0.002739906634941175,0.00098020814939835,0.00910092675053895,0.008457774529525,0.000110417546238725,8.114741649478674e-05,0.008966998653410625,0.0099670870225431,7.705489406362176e-05,8.161738514900208e-05,15.0,0.03132752880203715,0.040080060463521125,0.019951417746693074,0.022951791139982074,0.0,0.0,0.020569560160192676,0.023502558845369975,0.0,0.0,0.0,0.0,0.0,0.0,0.022883359988348326,0.02394719856526965,0.0,0.0
566,566.0,0.001567608160523975,0.0076888516684731,0.0029382953917987753,0.006596591354049975,0.002988120581533325,0.003571631622462725,0.0013854344355744,2.7404191285022534,1.278928047278896,0.6345161306671798,0.003134839743901125,0.00122371386155295,0.004331737068444325,0.00132368344547125,0.010924961920304675,0.010949934996698826,0.000121555582154475,8.672568947076797e-05,0.0134618804718344,0.011367819408864374,9.868270717561246e-05,8.342572255060077e-05,19.0,0.02573940403157805,0.0374183173201498,0.0199077175647973,0.02246193208907795,0.0,0.0,0.019841783867446974,0.02115517198110255,0.0,0.0,0.0,0.0,0.0,0.0,0.0252197120870514,0.025878546385547825,0.0,0.0
567,567.0,0.00147757123170475,0.00747605622559015,0.00213751686875295,0.0074756635716115745,0.0012853311634094251,0.003945766836461475,0.0013840212518858,2.4842998534440994,1.2503702716203409,0.881761678669136,0.003454437316174375,0.001307246988908075,0.0045208187777940004,0.00156822390628375,0.0110323106555316,0.010943609585462826,0.000109769927803375,9.870278881862758e-05,0.011155284158649876,0.011010141416182326,8.570327190682292e-05,8.415512274950743e-05,20.0,0.024741029523576725,0.04321776839623403,0.021204334118512774,0.02314939415152905,0.0,0.0,0.02037059286283695,0.019077900962365224,0.0,0.0,0.0,0.0,0.0,0.0,0.026103870612393876,0.026761070568110123,0.0,0.0
568,568.0,0.0032598575919498248,0.0085441898223393,0.0030789813864101,0.007838806215478526,0.0025076514727779,0.0041060561391389,0.0013570073245963,1.4831308409920896,0.9566061482182704,0.8032589260255918,0.00748138830909365,0.0021605214609251248,0.0086197862212385,0.002178605231390225,0.013612879350426274,0.0135214682098183,0.0001481249346397,0.00013359356671565,0.017912569523087275,0.0188869881049853,0.000115364964585725,0.000112428446300275,50.0,0.0111291846127643,0.021026596502036,0.017776644747585477,0.017474610485826,0.0,0.0,0.0171221701692514,0.0164822715436711,0.0,0.0,1.0,1.0,1.0,1.0,0.01933827601079845,0.019655343292204724,0.0,0.0
569,569.0,0.0032443080762871003,0.008499578085179624,0.00307265136149855,0.007792193974331925,0.0024761936525155752,0.0040731001307291,0.0013563961811567,0.9319649412645958,1.081086012360174,0.8787310699699447,0.007701807133900975,0.00212859067905195,0.0088522313272625,0.002215819017723075,0.013497691721342676,0.0134049797536834,0.000147333543281975,0.000118764990475,0.013480490148220675,0.01338096869364045,0.000121313496492725,0.00012876093387595,51.0,0.010978982179669725,0.0206726606074776,0.017166606920965423,0.01708651108024645,0.0,0.0,0.0171358608104407,0.01630047923440075,0.0,0.0,1.0,1.0,1.0,1.0,0.019856007830155276,0.019538668832424423,0.0,0.0
570,570.0,0.00368808909379695,0.009161329850296725,0.00371283289299735,0.008291909721985024,0.003175893478394,0.00472911628449965,0.0013352467408142,0.6151013865019195,1.1454526688321494,0.5288418440613896,0.010261318940914024,0.002564486936477575,0.010765399222529,0.0025848759270591503,0.014800501984458675,0.01404906843559385,0.000198437541257525,0.000184128351975175,0.01502626997205225,0.0148167173700979,0.000167547841556325,0.0001728750066831,100.0,0.005919660041908175,0.010955343873001,0.015240718603214274,0.015662781563377175,0.0,0.0,0.016129222321754025,0.015494451852777551,0.0,0.0,1.0,1.0,1.0,1.0,0.02161030192660035,0.0195387310370973,0.0,0.0
571,571.0,0.0036370820151975,0.009132678914534375,0.0038988166506325503,0.008317959396569551,0.0032378217012629003,0.0046946621115278,0.0013349303667517,0.7341680726385675,0.6993782846839167,0.15197498089401046,0.01031423487074575,0.002582337891749575,0.010742532952300824,0.0025862690236025747,0.0150968037179113,0.014229931739653576,0.0001991877215914,0.00018432614160695,0.015119422250421824,0.014198710182609325,0.000161617703270125,0.000159795046783925,101.0,0.00588736172510225,0.010881961428911,0.01526789290074465,0.015748735231402224,0.0,0.0,0.0163643981122754,0.01519531272247435,0.0,0.0,1.0,1.0,1.0,1.0,0.021245734012245224,0.0195387310370984,0.0,0.0
572,572.0,0.004011082799302475,0.009343594318190051,0.004280033942673125,0.0090635474034173,0.003143795466803375,0.005596194158893175,0.0013223090387507,0.8226903117611073,0.8367392046493478,0.420973194995895,0.010934695278579525,0.0027849721277985497,0.0113537874630774,0.00271743674432325,0.01537977207202075,0.01598568092379235,0.00023651344235985002,0.000225548224989275,0.015635975882916726,0.0158272030757118,0.000199217814952075,0.00021826068405055,150.0,0.004092522028094675,0.0074066359264211,0.01630521092130785,0.014291284973723374,0.0,0.0,0.016851205158952175,0.015405291065641724,0.0,0.0,1.0,1.0,1.0,1.0,0.0217343333551733,0.02002402871480875,0.0,0.0
573,573.0,0.00407943936955245,0.00932276707784615,0.0039464416132809505,0.009056406836925449,0.0022231276789897248,0.00557136445453745,0.0013220964652289,0.7813843927579001,0.604715212539304,0.3241400917759165,0.010939361328595926,0.002781896432979175,0.0113586087084736,0.00264769526271425,0.015461069486492725,0.0159848895709487,0.000243990740273125,0.000223656068556,0.015322600579109676,0.015990476531671276,0.000207206117920525,0.0002044881694018,151.0,0.004084335611162425,0.0073738052547,0.01628526459631885,0.014334238163763675,0.0,0.0,0.016925382118808025,0.01499681757479985,0.0,0.0,1.0,1.0,1.0,1.0,0.020574283036970148,0.020024028714808677,0.0,0.0
574,574.0,0.0042838582574821,0.009484963969612525,0.004330473782609225,0.0098291506340275,0.00412281538200575,0.005991698110902325,0.0013130988244436,0.41571163357002655,0.6758305316907354,0.2707906364812515,0.011457373509570826,0.0028419227972567,0.011846931673477074,0.002815504268334175,0.01563218432156095,0.015985777802212324,0.00032668845960864997,0.000320316117722475,0.015623367586376325,0.017144693760833673,0.000660122022964,0.000252335972618275,200.0,0.0031464427322704,0.005619597202802625,0.01520275278746395,0.014612152313763026,0.0,0.0,0.015670579957318676,0.013918843878369325,0.0,0.0,1.0,1.0,1.0,1.0,0.0223577032440883,0.01878352750763735,0.0,0.0
575,575.0,0.00447475841514465,0.0094645519329353,0.00429783699058075,0.0098125319439915,0.0040984406728006495,0.006127690769812524,0.0013129390894623,0.4802160736871883,0.8912256784969941,0.13533586455741892,0.011431294668385475,0.002841996459578625,0.011831424940282576,0.002807219945207225,0.015583817799857852,0.01591558147410005,0.000606564222834925,0.000278050894848925,0.015585406004192549,0.01617464908900405,0.0006564994109793749,0.000253858161158825,201.0,0.003144320807064325,0.005606669226663625,0.01521287221340505,0.0146123811196358,0.0,0.0,0.015607945855136975,0.01391866436848705,0.0,0.0,1.0,1.0,1.0,1.0,0.022447332315417276,0.0189111512161292,0.0,0.0
576,576.0,0.0042186172369447755,0.009498419201590527,0.0039480083907559,0.009937655441078375,0.00377446217923755,0.0063056650507296,0.0013059536229676,0.38558662007562816,0.7586847298662178,0.09919621201697736,0.01166683056618595,0.0027941718959319,0.011914942598889,0.00272963195786855,0.015459769554644376,0.01535177729493755,0.00033140584127975,0.000304603658150825,0.0159114385024525,0.016378946459604176,0.00028870848473154997,0.000297932769171875,250.0,0.002556112719692125,0.00452795182457355,0.015936487628020374,0.014819442598983424,0.0,0.0,0.015526665752930074,0.01496930721189455,0.0,0.0,1.0,1.0,1.0,1.0,0.02046719520406945,0.0196833291295482,0.0,0.0
577,577.0,0.004208404641591175,0.009479430884710024,0.00394561313601255,0.009920903888947426,0.003642191930072625,0.006306529461991575,0.0013058258449441,0.6042097643367015,1.0340746605652384,0.3013799639302306,0.011641012376029426,0.002783732937965175,0.0119214948112049,0.0027257731516944,0.015494731084943125,0.015260105249629376,0.0006886012852191251,0.0003516310243867,0.015422263868446926,0.0153167820963997,0.00079809274757275,0.00038706790655845,251.0,0.00255631256463175,0.0045199809073846004,0.01592036414932245,0.014819431263634249,0.0,0.0,0.015493131371749801,0.0149692819253489,0.0,0.0,1.0,1.0,1.0,1.0,0.02046719520406945,0.0197761428057748,0.0,0.0
578,578.0,0.0047711939062285,0.00990278239877325,0.0044461010831772,0.01052725000951095,0.0045553402175653,0.006768746984239125,0.0013001209696211,0.4899195465259254,0.2167061672080308,0.23578664887463674,0.012009354751117175,0.002760988205038525,0.012039256429115125,0.0025535380859229503,0.01564775747068905,0.0157681736190773,0.000478991307318175,0.00044034363236277504,0.015917619919937825,0.0156512440040932,0.000699458585586325,0.00040844205068417503,300.0,0.002157351262111475,0.003799397112511375,0.0158758898845663,0.014732349997331626,0.0,0.0,0.0156095681872382,0.0147315703944532,0.0,0.0,1.0,1.0,1.0,1.0,0.019689828346531477,0.020025712577274347,0.0,0.0
579,579.0,0.00479506334165165,0.0098918473886811,0.004371947083479275,0.010542686881614175,0.004493081160865525,0.0066964175093436,0.0013000145810011,1.1052416148013435,0.3277012266917154,0.269078214361798,0.011999243384571725,0.0027760592524460497,0.012043373442644376,0.0025528808897212,0.015631652885275123,0.015737218711784576,0.000690466782543775,0.0005947813042438751,0.015625559464470577,0.015738202447274273,0.000707166967913425,0.000349416164681275,301.0,0.00215907948601035,0.003795615276377575,0.015882579945991026,0.01472764035984715,0.0,0.0,0.01560791457134855,0.014730203481007275,0.0,0.0,1.0,1.0,1.0,1.0,0.019689828346531477,0.0200446391044055,0.0,0.0
580,580.0,0.005393361256500825,0.010042909959640524,0.004368392853995,0.010105725333507024,0.0041623388444046,0.006397421783420825,0.0012951961662007,0.8387414115713909,0.4004662414663471,0.2178894560784101,0.011963297022236025,0.002820571671423525,0.012050854578795251,0.002623873452295375,0.015618630868162349,0.01582136503267625,0.00048214365961025003,0.00083311193156985,0.015473582254349,0.015942704694945024,0.000757961999624925,0.000385196006391125,350.0,0.001871793704868,0.003278637693633475,0.0151353969318785,0.014877909947591625,0.0,0.0,0.01518418270829705,0.0146902834954742,0.0,0.0,1.0,1.0,1.0,1.0,0.018300246040098826,0.019441475473842673,0.0,0.0
581,581.0,0.005388070598292825,0.0100380737963719,0.0043566506302492244,0.010047854882508325,0.00409017920643885,0.006297359921324575,0.001295105086631,1.005344870442059,0.6323226397507824,0.16711555997608224,0.0119543564601323,0.00282229911946275,0.012048707293126175,0.002622739267105475,0.015610374924013626,0.015875814470729423,0.0004756295820698,0.000565643538720875,0.015598881459299075,0.0158140145247439,0.0007516917539759749,0.0003829085617326,351.0,0.001873995182870425,0.003276595914397,0.01513327371845005,0.0148791093233839,0.0,0.0,0.01518267659403345,0.014690289870114576,0.0,0.0,1.0,1.0,1.0,1.0,0.01968536898209085,0.019441475473842673,0.0,0.0
582,582.0,0.0046986091858814,0.00975760934479075,0.004174473570629575,0.009726364741286974,0.0035159056940391752,0.006208957473804375,0.0012909365096209,0.9247075950843282,0.5255665999720804,0.373344044375699,0.0119405529351558,0.002726679108152125,0.01230237458811265,0.002823665501346525,0.01589074666114055,0.015526361622225775,0.000683751946780775,0.00111713301157575,0.015470706634346574,0.0159090103760196,0.0007383938063866749,0.0004439367912709,400.0,0.00165693851479635,0.00288976187899285,0.015380436862477451,0.014918972710927424,0.0,0.0,0.015482106875669824,0.015289099507988076,0.0,0.0,1.0,1.0,1.0,1.0,0.0192928006532381,0.019628311959004302,0.0,0.0
583,583.0,0.004726430911436425,0.009747861083986124,0.004095302967226,0.009714468096246924,0.003280342896611925,0.006203531707270775,0.0012908569228533,0.4195319327991456,0.935936886293348,0.12677034409716723,0.011946333187389725,0.002720619542899875,0.012297016235250476,0.0028217217924499747,0.015860662264119474,0.01553027424598645,0.00056649890029795,0.00107710133306675,0.015862786661743948,0.0155364245504095,0.00063981447601685,0.000483256124425625,401.0,0.001659925139531025,0.002889621160044775,0.015417996917980575,0.014927735947587575,0.0,0.0,0.0153929695129482,0.015290442902646426,0.0,0.0,1.0,1.0,1.0,1.0,0.019292800653238174,0.019628311959004302,0.0,0.0
584,584.0,0.004445249883078775,0.00981736882230075,0.004445410270071851,0.01025122643672465,0.00308679852569535,0.00645307095461455,0.0012871850118511,0.36144831572892144,0.3298176790121943,0.3751223892322741,0.011937182536771425,0.002782617057185525,0.012219825746487376,0.0027253837647382246,0.015574700570173551,0.01586026632147295,0.000896246870979575,0.001038457732647575,0.015921672617987225,0.016029292203645323,0.00087515037739645,0.0005445284186862,450.0,0.0014921509338910002,0.0025817702161563,0.015230979131809225,0.0148893241381586,0.0,0.0,0.0152798466338042,0.0148579920606145,0.0,0.0,1.0,1.0,1.0,1.0,0.0204889354553907,0.0200996877944012,0.0,0.0
585,585.0,0.004468513152757,0.00985159782471025,0.004506557258558,0.0102028995978171,0.0031836580704546497,0.0064565395020877245,0.001287114366944,1.0914491243311204,0.31223481229972094,0.0964515340747311,0.0119726049099311,0.00277569093608685,0.0122593817735578,0.0027285252130175254,0.015573405392374125,0.0158543396911619,0.000592561729717925,0.00086049229139455,0.015551120230361624,0.015842849013350424,0.000625756976660275,0.000542494584806175,451.0,0.001494704328209975,0.002581636464443125,0.01513729314484715,0.014779076999130274,0.0,0.0,0.01545922153246765,0.014825583011622,0.0,0.0,1.0,1.0,1.0,1.0,0.02051112545115325,0.0200996877944012,0.0,0.0
586,586.0,0.0047251306358232,0.01006939029233005,0.004263987969503575,0.01027337585213445,0.0033194580069537,0.0065318112377895495,0.0012838343003599,0.6495886901393533,0.3280489417957142,0.28961974219419057,0.011944484669368776,0.00269833550962865,0.01218294602354965,0.0026554084690825503,0.015616515395844325,0.015915935686289774,0.000626857101451575,0.001280210795812225,0.01566624951841515,0.016400123901881926,0.0006611270364373,0.0005781944491900001,500.0,0.0013551973341370252,0.0023349526374959,0.015027381865511875,0.015014284803458075,0.0,0.0,0.015530464638875249,0.014666611526139175,0.0,0.0,1.0,1.0,1.0,1.0,0.021947919936650923,0.019563221433788875,0.0,0.0
587,587.0,0.004739785798329,0.0100625774677051,0.004171959938232375,0.01024471772045155,0.0032941275445279496,0.006539601652539025,0.0012837708086204,0.34326477738795796,0.5487557762535289,0.18103039538254959,0.011933541762111775,0.0027049922656723,0.012171876841776825,0.0026357504002,0.015581028208017825,0.015891245387263178,0.00126561592333015,0.000994428119156475,0.0156019387599628,0.0158937663891125,0.00059842917835335,0.0005962394061498251,501.0,0.0013575534248105,0.002335486396060825,0.015159560059042225,0.015021387991064275,0.0,0.0,0.015360316198751452,0.01462291603036205,0.0,0.0,1.0,1.0,1.0,1.0,0.021947919936650923,0.019622261642196125,0.0,0.0
588,588.0,0.004071015544818025,0.009927205617248126,0.003798464672072475,0.010248379618844974,0.0039445145134602505,0.0064707939494141,0.0012808077137233,0.31303268880583346,0.5674868446658365,0.23588066030060867,0.012459547881844349,0.002829968426815625,0.012408845982857124,0.00278901983828835,0.016133490528566975,0.016580220417472574,0.0006361791747621251,0.0010450953268446,0.0156289284294205,0.015799638731288475,0.00071276206290345,0.0005633588298223249,550.0,0.00124283034027105,0.002133781737155275,0.015836354157694,0.014822447793837875,0.0,0.0,0.015537605808086526,0.014754839834401175,0.0,0.0,1.0,1.0,1.0,1.0,0.023411537326116127,0.019464462698980674,0.0,0.0
589,589.0,0.0040685165998975495,0.00992101675672375,0.003795497927316325,0.010229951802041226,0.0039445145134602505,0.00647956677853805,0.0012807500728935,0.27234910329570994,0.44892118498682976,0.042446847655810374,0.0124593290245023,0.0028857391083150254,0.01239666224664655,0.002793132568171475,0.01611236736875435,0.016589939302849077,0.0010738379787653,0.0007290770299732249,0.016115185937916977,0.016560938433739476,0.000629251298960225,0.000576556951273175,551.0,0.00124518276494485,0.002134537882713625,0.0159548594096906,0.014777696144858774,0.0,0.0,0.015527743667810002,0.014755441311255325,0.0,0.0,1.0,1.0,1.0,1.0,0.023411537326116127,0.019464462698980674,0.0,0.0
590,590.0,0.00407566061523475,0.01033247145248965,0.00409792225251245,0.010242071904528575,0.003329119202373775,0.00657788433772225,0.0012780486169419,0.3235649549751542,0.2763373338384554,0.4494119254522957,0.0123816680608664,0.002886599077128075,0.01246856741998565,0.0027264987174691,0.015934198686250775,0.016840300448127052,0.000734921719413225,0.00115398783236735,0.01630254062387155,0.016591258063062976,0.000678764423355425,0.00061237672343845,600.0,0.001152295775087725,0.001966464911449875,0.015834483361275048,0.01519220299026435,0.0,0.0,0.01545025794615925,0.01469799683221635,0.0,0.0,1.0,1.0,1.0,1.0,0.0235598992530062,0.02266560642058025,0.0,0.0
591,591.0,0.0040373200848301755,0.0103271093757912,0.0040926820275061,0.01023339744801055,0.003329119202373775,0.0065765530689917,0.0012779958497031,0.42893533775350073,0.3115276873577386,0.29626443120650947,0.012373702022906174,0.0028837250652822,0.012461243708640074,0.002724001534283725,0.01589855117944145,0.016823183728921276,0.0007179419044404749,0.0016544117243029,0.01592989542629805,0.01682022093037825,0.0007248671608977,0.00062913453439245,601.0,0.00115464805828055,0.001967473233409725,0.015831001681225074,0.015194223412638,0.0,0.0,0.01545650092649665,0.014687231596427024,0.0,0.0,1.0,1.0,1.0,1.0,0.023500755166901,0.02266560642058025,0.0,0.0
592,592.0,0.0046434750338417,0.01036206287382115,0.0045138302685534745,0.0104835587491764,0.0041831647653044245,0.006291531320977475,0.0012755139905484,0.7311319779255427,0.6229440919705667,0.33537552237976337,0.012423456096559576,0.002821666458694375,0.012538379797410001,0.002759975987365825,0.016216935175552526,0.016626472905907602,0.001449498697184,0.00129368342459195,0.016383033835711276,0.016830107849265624,0.0007697502733208,0.000709134445060025,650.0,0.001074257282097575,0.0018242688492197,0.015924277459645975,0.0152800586034232,0.0,0.0,0.014962636419905124,0.014353782194067775,0.0,0.0,1.0,1.0,1.0,1.0,0.022746679454424823,0.023680661029700626,0.0,0.0
593,593.0,0.0046422304681554,0.010357862289437251,0.0045106274034889,0.010479909189702225,0.0041831647653044245,0.006311073280023425,0.0012754653448613,1.2724982716608793,1.0314004243118688,0.3376752709737047,0.01241818526045135,0.002826768404038125,0.012530087884885424,0.00275668007624445,0.016260465310992924,0.016610885973159673,0.000794064428191625,0.0013725762837566,0.016255118182230875,0.01661267651219455,0.0007324667531064749,0.000665694475173925,651.0,0.0010764440579171001,0.001825387375979425,0.015763245176961427,0.015282779528471626,0.0,0.0,0.014779199938854501,0.0143536957764953,0.0,0.0,1.0,1.0,1.0,1.0,0.022746679454424823,0.02370888051523695,0.0,0.0
594,594.0,0.004556997218798825,0.01047415720923995,0.00452831197955885,0.010632192146608974,0.00355118927355415,0.0061285297184483,0.0012731703941306,0.6198671807069331,0.4807030617957935,0.42013270105235273,0.012455828968265074,0.002883037648688125,0.012557634201714876,0.002756148481551,0.016312671610467375,0.016499548290518348,0.000986044353339775,0.0017222099122591,0.016490558796383625,0.016787652159294748,0.0007948419079184001,0.000752714462578225,700.0,0.0010144972536058252,0.001702377358791425,0.015340582083670926,0.014867221264436549,0.0,0.0,0.014994261018556075,0.015184483082484825,0.0,0.0,1.0,1.0,1.0,1.0,0.021923210114186,0.023321617658327576,0.0,0.0
595,595.0,0.0045370208954656505,0.010464746726524775,0.004418580455811125,0.010627809194126876,0.00354789530991995,0.006132847421169775,0.0012731252790332,0.3751618708483875,0.9013672250439413,0.32717495883116493,0.012456376642838624,0.002882524522727325,0.012560783040076275,0.0027545882006546753,0.01628634167853985,0.016516717260435076,0.0009368819883093,0.001514813338872,0.016295483090633025,0.016483302346850776,0.000759215210564425,0.0007706719916313501,701.0,0.001016675102646325,0.00170356183179715,0.0155036037090313,0.01570725870649035,0.0,0.0,0.014981183367538599,0.015184672708737825,0.0,0.0,1.0,1.0,1.0,1.0,0.0219519490224146,0.023321617658327576,0.0,0.0
596,596.0,0.005278401546812025,0.010706055145325601,0.004834610826493025,0.0105198655301548,0.004237472854929675,0.00634299861418455,0.0012709913218572,1.1116949371644298,1.0175455390126444,0.3282709133345634,0.01239024517798495,0.0029506164565662497,0.0125510826209048,0.0028404840519519253,0.016238169372322024,0.017008948603400124,0.000859085179399625,0.001436753955203975,0.016011319719048976,0.01673594603537745,0.0007998776854947,0.000788566889241325,750.0,0.000961604842520775,0.001595700161588725,0.0153406994778439,0.015430394342453675,0.0,0.0,0.01516970138329805,0.014573224667091475,0.0,0.0,1.0,1.0,1.0,1.0,0.022859546978887525,0.02373675223355595,0.0,0.0
597,597.0,0.00520337079926215,0.01070162411631775,0.0048315268916548255,0.0105155248676387,0.004256412502730925,0.00634879724469265,0.0012709492645945,0.6690253151464276,0.8387061973335221,0.32703384262276813,0.01238336288731705,0.002951224460466975,0.012545662317355277,0.002841779284235825,0.016227296840268475,0.017024981779026626,0.0011763284564949,0.0014070361503399,0.016227589380157177,0.0170277159780166,0.0007953469175845,0.00082217017188665,751.0,0.000963674589457275,0.00159697171566045,0.015335135202114426,0.015427526046436824,0.0,0.0,0.01517274820430895,0.01457040420652185,0.0,0.0,1.0,1.0,1.0,1.0,0.0227882418611563,0.02373675223355595,0.0,0.0
598,598.0,0.0053529760486693,0.010544511708183575,0.00406021651489065,0.010449440879957174,0.0041699464969310995,0.006302848159238525,0.0012689554112203,0.9766720656771215,0.5416069697239436,0.3146186849335208,0.01233774380762525,0.00302960066793395,0.012739656278927775,0.0029387578545586003,0.016309837758047424,0.017297344030114653,0.000871229683980325,0.001519519079010875,0.01619597943361515,0.01682613533699625,0.00086499477038155,0.00079123728210105,800.0,0.000925638465876075,0.001502918013793325,0.015354216085029576,0.015516433304510076,0.0,0.0,0.0152418978718067,0.014952417999945476,0.0,0.0,1.0,1.0,1.0,1.0,0.022671354582474625,0.0235467365447341,0.0,0.0
599,599.0,0.0053565876744,0.010556894910917125,0.00415671687468935,0.01044453602122055,0.004179945946068,0.0062985907195285,0.0012689160277354,0.6653157446999103,0.45246995124034584,0.3362442323123105,0.01233654518173355,0.00302556139985065,0.012738010591116924,0.002940863333975375,0.016311581457945475,0.017306269041313275,0.000964323058724375,0.0015689173596910501,0.0163124701065588,0.0172984057782298,0.000921517959795875,0.000846395152620925,801.0,0.0009276174467133,0.00150416789116495,0.015355666307783625,0.0155163686151575,0.0,0.0,0.01525579433058925,0.014973043203811851,0.0,0.0,1.0,1.0,1.0,1.0,0.022617109976371823,0.0235467365447341,0.0,0.0
600,600.0,0.00541836140458045,0.010702106851177475,0.004342525046870975,0.0104677614466957,0.004140398133230275,0.0062288956304872006,0.001267045194754,0.6215040583047085,0.7051314112613909,0.3298916789935901,0.012408625372748725,0.0031801852619683,0.012932841393288574,0.0030321848801807,0.016798182463692798,0.01718836073258235,0.0010207130690105001,0.001561769051477225,0.016570247126873272,0.017148272192991074,0.0009686169796623,0.0008648347575217,850.0,0.000880973478838125,0.0014217182213991,0.015445819477276426,0.015957542903449074,0.0,0.0,0.0150762497329269,0.015652158382935648,0.0,0.0,1.0,1.0,1.0,1.0,0.022741538823910223,0.0234131786563626,0.0,0.0
601,601.0,0.005418491399336275,0.010710377779701425,0.0043350449212227,0.010475626709351451,0.004140398133230275,0.006225816479525,0.0012670081688385,0.9714834136539139,1.0351816660840996,0.3372830579755828,0.012406936353604325,0.003180156594174925,0.01293802849097115,0.0030297535587469,0.016786710527587574,0.0172031152885798,0.0010659227264113,0.001557793875690475,0.0167886788657097,0.017203199693651874,0.000902859668713,0.0008471944602206,851.0,0.000882906472442375,0.001423006774443775,0.015446994370508975,0.0159556743162365,0.0,0.0,0.0150757979880553,0.015635252951203677,0.0,0.0,1.0,1.0,1.0,1.0,0.022741538823910223,0.0234131786563626,0.0,0.0
602,602.0,0.004224648652715975,0.0106428976179129,0.005052808879403725,0.0106106069915448,0.003988441331671525,0.006239054447952575,0.0012652462085621,0.33741553343133995,0.7282929422217421,0.3131119150784798,0.012436662349699175,0.0030908089800469,0.013022595937964425,0.00303335848685355,0.016512465508295326,0.017034925274892726,0.001260945806279725,0.0017008914146571749,0.0167019042910837,0.01729151594710195,0.00102507724659515,0.0009580552577971499,900.0,0.00083784201315625,0.0013481623524624,0.015325979705861224,0.015529826278952349,0.0,0.0,0.015292838333576675,0.014863445711263626,0.0,0.0,1.0,1.0,1.0,1.0,0.023076192012740603,0.023284687336597873,0.0,0.0
603,603.0,0.004211450466950775,0.010639378214705,0.005053962843824475,0.010602263779220175,0.003952289278916125,0.006237644312435425,0.0012652112767876,0.35859617375535885,0.8591067810193637,0.3291523194056935,0.012432214773703725,0.003085966624300625,0.013030067252652676,0.0030330776220942497,0.0165116485945395,0.017020259356001977,0.0010473555885254998,0.0016937817563302498,0.016514766002642324,0.017021671891984225,0.0010085155954584,0.00095044297631825,901.0,0.000839710252463225,0.0013494445667362,0.015325069313517774,0.0154586869066214,0.0,0.0,0.015301325478110675,0.014990063902592974,0.0,0.0,1.0,1.0,1.0,1.0,0.022899763033628676,0.023284687336597873,0.0,0.0
604,604.0,0.004196992430212675,0.010635786338390001,0.0050486927376582,0.0105497856104183,0.0038422797449827253,0.006230321655548526,0.0012635463419234,0.3784729856415651,0.8019376601441763,0.3210257337777875,0.01251521683777705,0.003159149987691175,0.013257924030462526,0.0030488795688470996,0.016999127031260677,0.017344936881657474,0.0011167727061547,0.0017621496226637749,0.016586430364968402,0.0168966253380585,0.00115342304343355,0.00105765491025515,950.0,0.000800046430811325,0.001282549367879825,0.015557478804277249,0.0158154760981896,0.0,0.0,0.015727639380746047,0.014803075388814375,0.0,0.0,1.0,1.0,1.0,1.0,0.0230604817743154,0.0231529790007315,0.0,0.0
605,605.0,0.004213092750473674,0.010643483864575674,0.00506620876980945,0.0105477056580227,0.0038486102603064003,0.006227750997510675,0.0012635132825324,0.6163489244645461,0.7239575907005928,0.32792417355813086,0.012511235247498226,0.003155684531009225,0.013254011289099251,0.0030460633399002,0.016981982991308275,0.01733432141940485,0.001144100562669325,0.001646424003411025,0.0170014270117738,0.017337117430633778,0.001103162881918225,0.00101207802072165,951.0,0.0008018747670299,0.001283866769452325,0.015527315582947275,0.015457621098823225,0.0,0.0,0.015713118193201026,0.014717719019825574,0.0,0.0,1.0,1.0,1.0,1.0,0.0230604817743154,0.0231529790007315,0.0,0.0
606,606.0,0.004501503344766825,0.0107178477419041,0.005069986286097425,0.010589355581216476,0.004335108238502375,0.00642065947389565,0.0012619353537835,0.32620898971799756,0.9737414086703211,0.322549860633444,0.01248479764641585,0.0031564442335797497,0.01327474687667815,0.003025656609690925,0.017127745809032924,0.017039258677863624,0.001192025607451725,0.001766666653566025,0.0170478554457719,0.017351123102674674,0.001106180774513575,0.0010420395992696,1000.0,0.00076907889269355,0.001223767424784875,0.015575436537133825,0.015458386114419,0.0,0.0,0.015654920002073726,0.015298694125395775,0.0,0.0,1.0,1.0,1.0,1.0,0.023369390193606576,0.022597269470698674,0.0,0.0
607,607.0,0.004523554655614625,0.010744517840455176,0.00484151716426665,0.010587581476911325,0.004335108238502375,0.0064246317630595,0.0012619039783541,0.45417601376539096,1.1172401350340806,0.3281764460843988,0.012482870872406925,0.003164619650416825,0.01330877898478905,0.003025857891922625,0.017207608974517077,0.017045464966334953,0.001192864088807175,0.0017478868248871752,0.0171847101867141,0.017043364355182274,0.001115922874305325,0.0010520881041884,1001.0,0.00077084854380795,0.001225036924893925,0.015594641287366201,0.0150991039712775,0.0,0.0,0.015596205142476574,0.015252950381777949,0.0,0.0,1.0,1.0,1.0,1.0,0.023369390193606576,0.022597269470698674,0.0,0.0
608,608.0,0.0044766933698138,0.0106269525921908,0.004733866202071425,0.010657736963689175,0.00437975826380675,0.006442968183996424,0.0012604045072733,0.3324891204829327,0.3329848682624288,0.21216341899707913,0.012488499538154575,0.0031621629233567,0.013522346495827899,0.0030934799297480248,0.01731872999894505,0.0175417489262304,0.0012169606052339001,0.0010708530899136998,0.017198842001340874,0.01711243809977625,0.0010918653570115,0.00105484772939225,1050.0,0.000737736751933675,0.001170379147322025,0.015731689448803272,0.015172835911480026,0.0,0.0,0.0159201805142791,0.015335717169049651,0.0,0.0,1.0,1.0,1.0,1.0,0.0236601032142693,0.023145505133660926,0.0,0.0
609,609.0,0.0044725101795677746,0.01062179803003945,0.004728729526192899,0.010653072044288725,0.00437975826380675,0.00643934582791825,0.0012603746543677,0.40390139870578423,0.3392083990038372,0.2953741519013419,0.0124892204203581,0.0031601812759942,0.013525129013908649,0.0030847392217947254,0.0173366245496022,0.017537951177021175,0.001233540417160775,0.001054777763783875,0.017339695401015175,0.017541906076736627,0.00107313547050575,0.001056200533639575,1051.0,0.00073944071666655,0.001171619957923425,0.015724911173147026,0.01516951603846085,0.0,0.0,0.015907482995474925,0.015131198911143999,0.0,0.0,1.0,1.0,1.0,1.0,0.0236601032142693,0.023145505133660926,0.0,0.0
610,610.0,0.004275932649994251,0.010779041405671975,0.004742226372105075,0.0106938790188765,0.00452885512196515,0.006574676733650475,0.0012589462893064,0.22137126128654927,0.5074023575289175,0.2646434948546812,0.012511180038082725,0.00314898951733755,0.01359788133132575,0.00309521056199545,0.017748894628064726,0.017445912290483298,0.0012654108577406999,0.0011088511673733,0.0173725128687005,0.0174268110791468,0.00111803307663645,0.0010987729183398,1100.0,0.00073974499125805,0.001121735664346875,0.0157181706418523,0.015579237054261374,0.0,0.0,0.015920569980406724,0.015281625627288775,0.0,0.0,1.0,1.0,1.0,1.0,0.023129143416913522,0.023027394055341273,0.0,0.0
611,611.0,0.004272371608236225,0.010773791314161524,0.00473974565505695,0.010690892671117875,0.00452885512196515,0.006580075858241075,0.001258917819561,0.39105265313992277,0.3923189747147262,0.2517077497323043,0.012513196596809599,0.0031484057000612502,0.0135976362546736,0.0030990041327627503,0.017742895604841852,0.017430989749977026,0.001507321256212875,0.00112462369725105,0.01774478021669455,0.0174368879135419,0.00114311027573415,0.0011059254757128,1101.0,0.00074135004822335,0.0011229980823152,0.015711972502773827,0.015580390505701725,0.0,0.0,0.01592016885978375,0.015324572478598725,0.0,0.0,1.0,1.0,1.0,1.0,0.023129143416913522,0.023027394055341273,0.0,0.0
612,612.0,0.0040750726259874,0.0108219051719317,0.004675143593515976,0.010610434662539626,0.0043098136890183,0.0066836540924299255,0.0012575541925548,1.1684431988978758,0.30037664348492393,0.14824766881065438,0.01262500600180265,0.00314621361097905,0.0137731838405629,0.003011038793933425,0.01823402461963975,0.017365445870074676,0.001449503412004475,0.0011728301178663498,0.0177496984516496,0.017282912769834773,0.0011627247440628,0.001153643708676025,1150.0,0.0007136407746947,0.001077171172347225,0.015517003619579126,0.015426328164505874,0.0,0.0,0.0167898076123341,0.015345207620958874,0.0,0.0,1.0,1.0,1.0,1.0,0.0221500008932063,0.022735990488934602,0.0,0.0
613,613.0,0.004072866879798475,0.01084666676751655,0.00467351379886035,0.010608288447446775,0.0043098136890183,0.006681105795992175,0.0012575269848381,0.6944534314097837,0.32892455643741414,0.058001185010652934,0.0126252944935302,0.0031443291765426,0.013778773226143801,0.003012184591764325,0.018228322060820798,0.01735973968625215,0.001477887330111025,0.0011778187472373,0.018237435923118724,0.017361854418503048,0.001155245816335025,0.001154221477918275,1151.0,0.0007152092113601001,0.00107841955385485,0.015516018631552775,0.015427847691824126,0.0,0.0,0.016783496308454198,0.015374554141879975,0.0,0.0,1.0,1.0,1.0,1.0,0.022149014927613175,0.022735990488934602,0.0,0.0
614,614.0,0.0023124922632963,0.010581699750950174,0.00464765933679725,0.010645689518340775,0.0043670283348322255,0.006602995543901425,0.0012562225438693,0.37170110788429156,0.3152699000784196,0.17342699144501236,0.012608661268059774,0.0031442053730708,0.014043924976398,0.0030409519528603497,0.019218329633207798,0.017255551573130377,0.001452101510949375,0.0012080130982212,0.018293660204000226,0.017300696023519448,0.0012293757172301,0.0012092503602616,1200.0,0.000695336163438325,0.00103620204503185,0.015211265793280875,0.015049995654913075,0.0,0.0,0.01812284766773682,0.016338686742989973,0.0,0.0,1.0,1.0,1.0,1.0,0.022789827449354975,0.022573984805650548,0.0,0.0
615,615.0,0.00247228334217135,0.010633722049813325,0.004655167403040025,0.0106420257631012,0.0043670283348322255,0.0066228256799443245,0.0012561964922395,0.285810844390653,0.6736570111825131,0.2623658740776591,0.012603996700120999,0.0031438257244046502,0.0140580133185398,0.003046179192405825,0.019221150878706975,0.017283772220368674,0.001489111513364975,0.0012319287634454251,0.0192123580332762,0.017270006707671124,0.00123658281518145,0.001198281301185425,1201.0,0.0006968324565047,0.001037419139595,0.015258460692433026,0.015044348614794725,0.0,0.0,0.0181337377884862,0.015779391900496074,0.0,0.0,1.0,1.0,1.0,1.0,0.02285612080710005,0.022573984805650548,0.0,0.0
616,616.0,0.002082126716533475,0.010863248846285999,0.004675363177701151,0.010553434385842225,0.00446388201053535,0.006568817594383649,0.0012549713769071,0.9600773980491795,0.3062520422972739,0.33033481519669294,0.012577192183871325,0.0031026568209995753,0.014140830762643225,0.00314723778675945,0.020512917909402073,0.017157061920267225,0.0014434782206080498,0.00122273049782955,0.01909612217064185,0.01725117253209905,0.001277790754102125,0.001236610463820325,1249.0,0.000709938359959225,0.001000849376994125,0.015132778001866425,0.015222522834017801,0.0,0.0,0.019043276172442225,0.0189444544981258,0.0,0.0,1.0,1.0,1.0,1.0,0.02279308369570725,0.02186228048975355,0.0,0.0
617,617.0,0.002129723844419825,0.0108643817120653,0.00467509497254195,0.010548956751487374,0.00446388201053535,0.006566985421908725,0.0012549463677612,0.5792402771185152,0.7040517501882277,0.0424364478094503,0.01257475413773215,0.0031034619610410246,0.014141682580096725,0.003157624894034075,0.020501490776905024,0.017183752248597074,0.0014680888853035499,0.001248741464223675,0.020498033566843123,0.017168328405615024,0.0012818133691325,0.001266145671252125,1250.0,0.000711426980052825,0.001002086118156125,0.015128937052552876,0.01519574278206565,0.0,0.0,0.01905533286703395,0.018944596290429574,0.0,0.0,1.0,1.0,1.0,1.0,0.022793083695707227,0.02186228048975355,0.0,0.0
618,618.0,0.0021290199380094997,0.010863985885372374,0.004674823663506825,0.010545754434604674,0.00445255772442695,0.006565156166905925,0.0012549213790328,0.8650424642837606,0.3053633894887752,0.32621866918634623,0.0125772824537015,0.003092453671002725,0.014136684064266474,0.0031536772676062502,0.0204851988105582,0.0171551478819912,0.0014822916127740999,0.00122760294470935,0.020486610746939048,0.017186832850282524,0.0012443386949598499,0.001218815858010125,1251.0,0.000712889724353225,0.001003280332299325,0.015126629864889876,0.01520383286580165,0.0,0.0,0.0190212127633877,0.018978388391131022,0.0,0.0,1.0,1.0,1.0,1.0,0.02291436038458115,0.02186228048975355,0.0,0.0
619,619.0,0.00170843205604115,0.0105530395180533,0.004638638888270525,0.010419962439671925,0.004535707396890375,0.00647740016616215,0.0012537212766911,1.0527037799474783,0.33001286647049705,0.3302137596765533,0.012542907837518175,0.0029852378777535,0.014243185472000425,0.0030730617439288753,0.019818732893818223,0.01707789226470955,0.001584218931384325,0.0013348687207326,0.020598382187751552,0.0172322496985092,0.001351498009171275,0.001319066563155475,1300.0,0.000706007588248525,0.00096744072064125,0.014766598249453726,0.01477303513620375,0.0,0.0,0.017971844565214376,0.018320433687864176,0.0,0.0,1.0,1.0,1.0,1.0,0.02136510571955955,0.021833544360878327,0.0,0.0
620,620.0,0.001707880636669725,0.010533088330780076,0.004637898019693325,0.01041805082296865,0.004535707396890375,0.006461530288739725,0.0012536972684695,0.6681144308531657,0.49381480895681307,0.28241973725380376,0.012548727151219475,0.0029872839481648,0.014236613845619774,0.0030738105944403,0.019808466895567527,0.017072024815846177,0.001559067110065325,0.0013284708838909,0.019805401771409728,0.01706950875315445,0.00138765887822955,0.001344315649475825,1301.0,0.0007073701122808,0.0009685941919388499,0.0147653864877607,0.0147735113830255,0.0,0.0,0.017970795452887774,0.01826352962775475,0.0,0.0,1.0,1.0,1.0,1.0,0.0211716505772107,0.0219286671352189,0.0,0.0
621,621.0,0.0015955683737981,0.010310453160855,0.004659725877435675,0.010291412610254725,0.0045520713604797,0.00656761570904985,0.0012525433820888,1.0955454214126803,0.3270275917020626,0.2738609460648149,0.0125551348520627,0.0029658000131162748,0.01431267536292885,0.002950390173675825,0.0192506644896775,0.016968697861544826,0.0016189916059374501,0.0013932312140240751,0.01979565055042925,0.0169834417640502,0.0014142615254968249,0.00137598393484945,1350.0,0.000683437596658925,0.00093525282283505,0.014793476945621175,0.0148472953919979,0.0,0.0,0.0185272274273353,0.018271639474563024,0.0,0.0,1.0,1.0,1.0,1.0,0.019387810555151173,0.0211998754672455,0.0,0.0
622,622.0,0.00155379069267825,0.010301355685392151,0.0046573647567310006,0.0102862084622971,0.0045520713604797,0.006565825013076475,0.0012525202811687,0.7521687020780519,0.3392070206464268,0.2623990356805734,0.012550996062081675,0.0029634752265925747,0.014308298913161951,0.002954286711423225,0.01925084333714155,0.016976053566741825,0.001626201381441125,0.001412219076883025,0.019245925788276677,0.016960721085314448,0.001434551260899725,0.0013923714868723752,1351.0,0.0006847758530863499,0.0009363900692367,0.014808999810954925,0.014849599885179324,0.0,0.0,0.01853222557987655,0.018431950598544102,0.0,0.0,1.0,1.0,1.0,1.0,0.019387918154189103,0.021199875467245527,0.0,0.0
623,623.0,0.000786092685158225,0.010161619511945774,0.004701048642126325,0.01036186725540115,0.004727431451870025,0.006545455077295275,0.0012514092215778,1.0389071529498324,0.32886314060306177,0.32211095385719085,0.01258398886298125,0.0029429537745714,0.0142995825179679,0.002997370679321325,0.019726779268358852,0.017004303912584874,0.001810384914278975,0.001442904002033125,0.019226985721522375,0.017011144703207026,0.001470389019232175,0.0014424115652218001,1400.0,0.000663177573297725,0.0009057348440277249,0.014178735230305075,0.014680932904488925,0.0,0.0,0.018722738197636975,0.0190679479129469,0.0,0.0,1.0,1.0,1.0,1.0,0.020045939736876198,0.022014750219107027,0.0,0.0
624,624.0,0.000780814379757075,0.0101841460333035,0.0047243883105325245,0.0103978327799882,0.00472980137676355,0.006538831754971049,0.0012513869626282,1.2353560919873419,0.4158757016994059,0.33025532867759466,0.01258182086666145,0.002963363373427875,0.0143201504275208,0.00300520344782815,0.019718607153044927,0.01700147883466965,0.00190392008516935,0.001423223700839975,0.019731562775709373,0.0170115047258228,0.0014708043308928,0.001445051981136125,1401.0,0.0006644851350046,0.00090695978308625,0.01416620105366505,0.014678994742893225,0.0,0.0,0.018690073398995526,0.019078968257944376,0.0,0.0,1.0,1.0,1.0,1.0,0.020045939736876198,0.022014750219107027,0.0,0.0
625,625.0,0.0009634800199532001,0.00985642609911935,0.00495731023344465,0.010418565173793025,0.00489178400208915,0.0065815513338501755,0.0012503156989893,1.4169888875330798,1.1497550208005123,0.34226871735882014,0.012586258818392424,0.002889370793607375,0.014322098724374899,0.0030740084325994246,0.020333629828008848,0.016552858494420074,0.0019083300721831251,0.0015032616793177501,0.019675667028407725,0.016892311394994676,0.00154602597467595,0.001488311507273425,1450.0,0.0006661113489016,0.000879401038832025,0.014047739430749275,0.014426038236900876,0.0,0.0,0.0184228045882694,0.0190421055994964,0.0,0.0,1.0,1.0,1.0,1.0,0.021018915108792773,0.021935651009445924,0.0,0.0
626,626.0,0.0009922575338082499,0.00984544381646915,0.004985018531493425,0.010426318277029476,0.004790939500455525,0.0065820875118517,0.0012502942234653,1.4082648024777882,1.2007336968672462,0.332470475404989,0.012585192556856025,0.0028838960495945,0.0143211903809334,0.0030759743917401997,0.020341188829614353,0.0165396111567611,0.00165246671531345,0.0014754838193766,0.020320579272161327,0.016557844758603675,0.00153167074313385,0.0014720918843521748,1451.0,0.0006673713000533001,0.000880535551263475,0.0140760871666675,0.01442852649986865,0.0,0.0,0.018488024123467547,0.019043820368203873,0.0,0.0,1.0,1.0,1.0,1.0,0.021193636400278423,0.022172251451683403,0.0,0.0
627,627.0,0.0006044463935966249,0.01005883417786225,0.004955695897787025,0.01042169465293105,0.0048625116655029,0.0065839257814751,0.0012492807934591,1.7237327409093268,0.8615569364046678,0.32933186937589193,0.012609646287765525,0.0028746668423696503,0.01455737774293115,0.00299901243860145,0.02021055251626755,0.0165617275658025,0.0016839718446135,0.001541081466711975,0.020279092565823498,0.016505392244543376,0.0016176641802303,0.00154518469935275,1499.0,0.000647974937680925,0.0008554258793898751,0.014283310819777375,0.014414578585924724,0.0,0.0,0.019529438391098802,0.018965995115642377,0.0,0.0,1.0,1.0,1.0,1.0,0.0217724743679047,0.021598948268331773,0.0,0.0
628,628.0,0.000585666707159125,0.010059371860289325,0.00497396082100395,0.010415949714000176,0.004888013088287475,0.0065927331126481754,0.0012492600345614,1.0561416705022564,0.17352115001995114,0.027468702290207078,0.012608252776145624,0.0028742510326298003,0.014554858442113424,0.0029991197878083,0.020212889350514376,0.016593214307588876,0.0016808592481538,0.00154617917723945,0.02022807485071805,0.0166015550967773,0.00155919673852615,0.001522437494713775,1500.0,0.0006492139576169001,0.0008565163524807749,0.0142590995539379,0.014423549824096,0.0,0.0,0.01951419276091225,0.0189449412427398,0.0,0.0,1.0,1.0,1.0,1.0,0.021710969211640903,0.021598948268331773,0.0,0.0
629,629.0,0.000554441326539725,0.01006569772452615,0.004973843145757601,0.010406928216712625,0.004888013088287475,0.006590350146461175,0.0012492392897971,1.2868906781077385,0.44780458812601864,0.2946806728723459,0.012606375404342675,0.002864205238349,0.0145539896496815,0.002996353464686575,0.020201533708191527,0.016586371909928024,0.002009836491197325,0.001544319093227375,0.0202027007452167,0.0165876088724383,0.001566421415191075,0.00152290426194665,1501.0,0.000650462175460475,0.00085761682017205,0.014254365057305375,0.014470178298421475,0.0,0.0,0.01951425506865745,0.018943331419880326,0.0,0.0,1.0,1.0,1.0,1.0,0.02171096921164075,0.021607016095187073,0.0,0.0
630,630.0,-0.0004860623967029,0.009822814532683799,0.00499432576525155,0.0103425499914306,0.0049064747678021,0.006675846525566326,0.0012482397233177,1.1172435396001674,0.3793830167269334,0.29935828893212596,0.012593476030439575,0.0029294205791347,0.0145107119658283,0.002929221863756725,0.0198536766239495,0.016587020611508952,0.001684574584942275,0.0015744320699013,0.020218618070930727,0.016629913562995976,0.001648994279094,0.001554697286337575,1550.0,0.000647984741842275,0.0008319192615059,0.014423382733321225,0.0142709487948349,0.0,0.0,0.019380701543258275,0.018834694064937176,0.0,0.0,1.0,1.0,1.0,1.0,0.0217866303963706,0.0223536846385957,0.0,0.0
631,631.0,-0.000496545803973675,0.009815837409768624,0.0049941929242769,0.0103401456759342,0.0049064747678021,0.00667476931398495,0.0012482196617661,1.590774524898734,0.8739913781755605,0.30641012842534104,0.012594133197423375,0.002927968493833875,0.0145093516572237,0.0029288993265492,0.020058192542551798,0.01658496768972175,0.002053828444331825,0.001848337356932375,0.01984692148239615,0.016580548852002226,0.0016500341007485248,0.0015348746092057998,1551.0,0.0006491725881362001,0.000832980041972225,0.014421085573023951,0.01427082535148565,0.0,0.0,0.019372984104848,0.018833455193468324,0.0,0.0,1.0,1.0,1.0,1.0,0.0217866303963706,0.0223536846385957,0.0,0.0
632,632.0,-7.465854928441238e-05,0.009757545515099924,0.004956998967858775,0.010424918306459776,0.004824623774027625,0.0064702087265876,0.0012472525000653,0.6524044995894656,0.755458485276904,0.32701253163395444,0.012586361192257974,0.00289971267608015,0.014588792061632926,0.0029606319134364498,0.019894219618594725,0.01655418428038205,0.0020317907910793248,0.0016082515357993248,0.019941969271820327,0.0164869027591139,0.001721163163892875,0.001596981543116225,1600.0,0.000630951806951675,0.000809083861022175,0.014577767525048475,0.014090726550796025,0.0,0.0,0.019196322318720226,0.018705950068125823,0.0,0.0,1.0,1.0,1.0,1.0,0.021837027723280975,0.02264954126322655,0.0,0.0
633,633.0,-7.475462439120613e-05,0.009752483394497576,0.004956867643161375,0.0104226143174287,0.004824623774027575,0.006468957322553625,0.0012472330786571,1.1126183232991025,0.7504312332603149,0.32381256116786966,0.0125874800237215,0.002892711017692175,0.014593622746087324,0.00295851878668375,0.0198832152812036,0.0165529922052208,0.00205014075618235,0.001610881532542325,0.01988280473033485,0.016549016266461776,0.00175166653934865,0.0015789442695677,1601.0,0.0006321472799800251,0.000810129174532125,0.014563650050229224,0.01409059001811125,0.0,0.0,0.019231655182572076,0.018715338896991625,0.0,0.0,1.0,1.0,1.0,1.0,0.021837027723280975,0.02264954126322655,0.0,0.0
634,634.0,-0.0007411059586282,0.0094962597664119,0.004908019929237475,0.010333281933794925,0.0048196151215657256,0.0064605890780299255,0.0012462963097892,0.8671523941447958,0.953397607896477,0.3110165843972936,0.012586340446429676,0.002911271095900575,0.014655973351825525,0.0030217008189038002,0.02028704961579645,0.016799179175224624,0.00220807001460335,0.002089318470098025,0.0198884228117584,0.016509650344884125,0.001877520175185025,0.001606797333806675,1650.0,0.0006149512448606249,0.00078762530285985,0.014882230420847901,0.014316453230986426,0.0,0.0,0.0193239292863341,0.018907969148666326,0.0,0.0,1.0,1.0,1.0,1.0,0.02165180041599045,0.022705528185752298,0.0,0.0
635,635.0,-0.0007072776202642,0.009499049781121476,0.004908651713764625,0.010330343489302101,0.00480651510432125,0.0064593536774907,0.0012462774893885,1.2561923203174954,0.9888936398201622,0.308210376126226,0.0125852969522515,0.002908851921078075,0.014655551705673625,0.003012152596392525,0.020155983010627123,0.016785153562717876,0.001790297566913025,0.002074020158033775,0.0202931852947165,0.01679490578484015,0.0018157565500587,0.00160984398098655,1651.0,0.0006160789456228751,0.00078869206365,0.0148065537447254,0.014310114735022101,0.0,0.0,0.01931707988055555,0.01891890465232155,0.0,0.0,1.0,1.0,1.0,1.0,0.021758901702531072,0.022705528185752298,0.0,0.0
636,636.0,-0.0005345361076259,0.009512257034154975,0.00495324143564955,0.010416794669457425,0.0047527375311934,0.00657569712418235,0.0012453692824745,0.7640280511695892,0.7394332166877575,0.2982386386720463,0.0125978143486959,0.002925008902547675,0.01471200546174585,0.0030284587560477252,0.020106705073896503,0.016669786474535975,0.002361648483201775,0.00209495995659375,0.02032423308206545,0.016863353846145974,0.0017841200460679749,0.00168446899624535,1700.0,0.00060008374399605,0.000767652405557725,0.014588450338959825,0.01430745854445115,0.0,0.0,0.0192262020065292,0.0186005542886728,0.0,0.0,1.0,1.0,1.0,1.0,0.0224609807961835,0.022626543624532824,0.0,0.0
637,637.0,-0.00053396310784115,0.00951273302627785,0.0049498595577956,0.010414348553068975,0.004744905858392275,0.0065725618656885506,0.0012453510274145,0.7383056686376221,0.5340463951579295,0.18670364934951061,0.012596381441853625,0.0029262907640698497,0.014709182812063425,0.003027186193908,0.020100905127129625,0.0167084695612225,0.0027819319511762997,0.00188570522004735,0.020108541176607073,0.01666329236102225,0.001814097457099675,0.0016961241490207,1701.0,0.0006011902640989,0.000768664658268525,0.014588521582270624,0.014313961433814425,0.0,0.0,0.01923513819566775,0.0185890382710351,0.0,0.0,1.0,1.0,1.0,1.0,0.0224609807961835,0.0225919714264393,0.0,0.0
638,638.0,-0.000576320079347625,0.009496541520411475,0.004884447950817375,0.010421757569961774,0.004713970914310425,0.006522870245008925,0.0012444874442522,1.2287709139636718,0.34005863970378414,0.16102723171934483,0.01258918348770155,0.002911658865155925,0.014728063942802551,0.0030433221102469,0.0200958302236402,0.016555995265628027,0.0022827458451501253,0.00207900040550155,0.020118285239562876,0.01675751636973,0.001868090650532375,0.001735487487167025,1749.0,0.0005862677529485,0.000749032437395725,0.014510434773588501,0.01428082360598975,0.0,0.0,0.019274723976941924,0.01837906596237905,0.0,0.0,1.0,1.0,1.0,1.0,0.02197706600721595,0.0217818747529671,0.0,0.0
639,639.0,-0.000577536732971575,0.009500450174178299,0.004883662242454175,0.010442082229517249,0.004713970914310425,0.0065214811864811005,0.0012444697115846,0.8701622384833172,0.4524097043904476,0.2236100789741612,0.012601090232330275,0.00291733415377,0.014738224336571574,0.00304678589923,0.020102471665313273,0.0165551628594512,0.002247767522931075,0.0017487555160187,0.0201006634935595,0.016549675790065402,0.00188694417010985,0.00170587730826805,1750.0,0.00058734478348125,0.00075002049341355,0.01451062017267145,0.014280199123174124,0.0,0.0,0.019276233043034927,0.0183892915978627,0.0,0.0,1.0,1.0,1.0,1.0,0.02197706600721595,0.021770568650982376,0.0,0.0
640,640.0,-0.000558468600262575,0.009502194491948925,0.00487325621178505,0.010447094939427701,0.004713970914310425,0.006520093710024475,0.0012444519892707,0.6581739109242335,0.6088339689886197,0.21772871847497297,0.012602965266384675,0.0029126384431882248,0.014737578489984651,0.00305079202774645,0.0200929093493508,0.0165609694894024,0.028448152937926324,0.002072011004202025,0.020091705643688576,0.016564037799315125,0.0017965597216971002,0.001711267221253325,1751.0,0.000588420219501825,0.000751000576698,0.01450918788639865,0.014288975477368075,0.0,0.0,0.01935904892197365,0.018402441250121724,0.0,0.0,1.0,1.0,1.0,1.0,0.02197706600721595,0.021770568650982376,0.0,0.0
641,641.0,-0.00036161765699562495,0.009539286115690049,0.0048266985100995745,0.0104986084598638,0.004710417860847575,0.006623135310572676,0.0012435960355793,1.5023287697695196,0.48669627378694713,0.09632884419988838,0.012607284689641125,0.002933440915774925,0.014758400469932875,0.0030021726688629247,0.019518444602427527,0.016536670706325775,0.002235755033325375,0.0022001031902618,0.020202492697549125,0.016593309976068248,0.001996814971789675,0.0018559149466454501,1800.0,0.00059298232197275,0.0007321677572887,0.014488003759280825,0.014139852137228126,0.0,0.0,0.019321092143495797,0.01879089686755145,0.0,0.0,1.0,1.0,1.0,1.0,0.022184171136196824,0.021861898402208153,0.0,0.0
642,642.0,-0.000350842715555025,0.009444005014165126,0.00483154154649325,0.01049664109575555,0.004791446479945101,0.00664292465779605,0.0012435788161462,1.0511657231254505,0.6287834367831238,0.3474326436407864,0.0126078740054779,0.00293702341510065,0.014775376502777375,0.0030132523498183003,0.019514140642223274,0.01653125902225755,0.002647181798238275,0.0021108736400491748,0.019508455593953776,0.016530108590171275,0.00200416496954855,0.00187041249591855,1801.0,0.00059403640902935,0.0007331623804544751,0.014487165781092751,0.014223034005249699,0.0,0.0,0.0193319387636215,0.0187022644770799,0.0,0.0,1.0,1.0,1.0,1.0,0.022184171136196824,0.021615070730005626,0.0,0.0
643,643.0,-0.000431074406986725,0.009285848222001075,0.004843205381479875,0.010455740378297624,0.00476796447918325,0.0064561645102572,0.0012427468219685,1.4037573427776808,0.5067009999766015,0.2090965041425079,0.01261815710577785,0.00290983705454375,0.01481758749403885,0.0029939140807507753,0.02009842856492415,0.0164314895148962,0.0024331959430127503,0.002083020866848475,0.019535670708119998,0.016537559819041474,0.00206710986094545,0.00193265086272725,1850.0,0.000606571076388075,0.00071502887136755,0.0145209112162452,0.014177750856539224,0.0,0.0,0.019816885634189124,0.019186610497961575,0.0,0.0,1.0,1.0,1.0,1.0,0.022198528662771874,0.021577334229318602,0.0,0.0
644,644.0,-0.00043042220216317495,0.009281601928027076,0.004842919631314476,0.010447529165708975,0.00476796447918325,0.006454855698071125,0.0012427300779847,1.0033193281269632,0.6353903732378967,0.24140660197008396,0.012617051532579849,0.0029113735591845998,0.014817305478407325,0.002994015512702725,0.0201081671601556,0.016434113344016676,0.0024000668199732752,0.0026830023853108,0.020094581758024376,0.01642711477677195,0.00215971568832165,0.0019682653364725,1851.0,0.00060757481963155,0.000715970288500575,0.014527600455230976,0.014176029751263801,0.0,0.0,0.01972621876687605,0.01918435897147405,0.0,0.0,1.0,1.0,1.0,1.0,0.022198528662771874,0.021577334229318852,0.0,0.0
645,645.0,-0.00056388007768025,0.00929505832338875,0.004757580175719975,0.010474706089042676,0.00469263753349505,0.0065943839738703,0.0012419207534988,1.370140971324872,0.417440036253538,0.33145713887643063,0.012659090331511351,0.002852948808100825,0.0148781020135329,0.00296708374544735,0.019892544515853476,0.016450615028464798,0.002950047492049575,0.0021273156744427753,0.020009436285714402,0.016385566819612275,0.0021548653603531,0.0019760952563956003,1900.0,0.000593244656609525,0.0006988004008303,0.014337799199325076,0.014153054037111874,0.0,0.0,0.019744892726421902,0.0190246129933026,0.0,0.0,1.0,1.0,1.0,1.0,0.022177395282654347,0.02295989713382285,0.0,0.0
646,646.0,-0.000568542592252075,0.0092903015205873,0.004756669821277175,0.010472308409432625,0.00469263753349505,0.00659303245155785,0.0012419044597093,1.0246881631901488,0.3415636653662659,0.06624042260227722,0.012658921451192774,0.00285088737085715,0.01487511928457535,0.00296835409416885,0.019902624783582,0.0164257301523745,0.002642310922965325,0.002180315845180225,0.0198920680417699,0.016445026368221677,0.002108970948029275,0.002014297642745075,1901.0,0.00059425374872945,0.0006997307692003,0.0143164077911354,0.014149846248470375,0.0,0.0,0.01974796996717245,0.019025188673156952,0.0,0.0,1.0,1.0,1.0,1.0,0.022065800903714374,0.02300228732836685,0.0,0.0
647,647.0,-0.0005708384907862499,0.009143141031789901,0.004825890249706575,0.010402857438232275,0.004689902222708275,0.006632616597071201,0.0012411166161371,1.0320257977000438,0.45794585277326405,0.26769786101067433,0.012662466505365174,0.00284632327937005,0.015025656581547675,0.0031221070004869003,0.020375322715752424,0.0163533655835131,0.0023671159869991,0.002135038375854475,0.0198325824455126,0.016373193817874852,0.00219093321356915,0.002048955822829075,1950.0,0.000599208474025025,0.00068339988867055,0.0141823946599689,0.014061210574353875,0.0,0.0,0.0192488166486603,0.01884210058564915,0.0,0.0,1.0,1.0,1.0,1.0,0.021772642095576274,0.022748595727291623,0.0,0.0
648,648.0,-0.0005688295392864,0.009134973119442301,0.00482491639198835,0.0104014704012701,0.004689902222708275,0.0066317605645194,0.0012411007492398,1.2371917099808343,1.2176514294114895,0.3741537412861362,0.012660549776928001,0.00284009686129235,0.015030411224193376,0.0031373703863468,0.0203627622554538,0.01635261179381525,0.0187726604635827,0.002378920908085925,0.020366944701719326,0.016347832829596426,0.002211808518040875,0.0021035649697295497,1951.0,0.0006001734804008999,0.000684323112099525,0.01418047330201885,0.014059477966537549,0.0,0.0,0.01922144486464895,0.018824441235253127,0.0,0.0,1.0,1.0,1.0,1.0,0.021772721005477474,0.02274376007352835,0.0,0.0
649,649.0,-0.0004988330651754,0.0090577031863034,0.0049498016639457,0.010581644147557225,0.004688265392407825,0.006742339374370975,0.0012403487580367,1.6345141341444105,1.020690390956588,0.26831717457389453,0.0126617811790053,0.00283514996987655,0.015095102282596926,0.003077876841563925,0.020169074637308326,0.016250617444436375,0.002588076167739875,0.00220469676423815,0.020336684334358975,0.0164250856856911,0.002251369995065,0.0021228028926998,1999.0,0.000587100642785525,0.0006691587259274,0.01424104456820965,0.014175061303571199,0.0,0.0,0.019048214547000075,0.0182974663352915,0.0,0.0,1.0,1.0,1.0,1.0,0.021616316325559774,0.022789871857713147,0.0,0.0
650,650.0,-0.0005038864352546501,0.009056886362117024,0.004933669019171701,0.010579341590668426,0.0047050410861934,0.006745939528065299,0.0012403332885799,1.2165335716563277,0.5955929592018947,0.18469619553070515,0.012660086189525376,0.00283470352180165,0.015098650241667875,0.0030714259161004,0.020149915609648773,0.0162508268744764,0.002671446884050925,0.002155300229787775,0.020199085991412926,0.01624547767512935,0.002220945956651075,0.002053070056717825,2000.0,0.0005880454088193,0.000670065713545175,0.014241316576766399,0.014187529668656176,0.0,0.0,0.019057259747425226,0.01831092732178825,0.0,0.0,1.0,1.0,1.0,1.0,0.0216310568460529,0.022838661018604576,0.0,0.0
