,DRO_tau,DRO_obj_values,epsilon,DRO_time,DRO_eval1,DRO_eval2,DRO_eval3,DRO_eval4,DRO_satisfy1,DRO_satisfy2,DRO_satisfy3,DRO_satisfy4,SA_eval1,SA_eval2,SA_eval3,SA_eval4,SA_satisfy1,SA_satisfy2,SA_satisfy3,SA_satisfy4,SA_satisfy_p1,SA_satisfy_p2,SA_satisfy_p3,SA_satisfy_p4,DRO_satisfy_p1,DRO_satisfy_p2,DRO_satisfy_p3,DRO_satisfy_p4,SA_obj_values,SA_obj_values_act,DRO_obj_values_act,SA_time,SA_tau,t
0,0.0,41.84382978572477,0.0009226808345905884,0.2326035259757191,82.58730075430157,80.03181035890367,78.71455804615258,81.43017923766854,0.0,0.0,0.0,0.0,82.58730075430162,80.03181035890373,78.7145580461526,81.4301792376686,0.0,0.0,0.0,0.0,0.0,0.0,0.0,0.0,0.0,0.0,0.0,0.0,40.99449945149294,40.99449945149294,40.99449945149294,0.24581855104770511,0.0,0
1,0.0,41.83612240818845,0.000914307826761828,0.40302884101402014,82.5873007543016,80.0318103589037,78.7145580461526,81.43017923766857,0.0,0.0,0.0,0.0,82.5873007543016,80.03181035890367,78.71455804615258,81.43017923766857,0.0,0.0,0.0,0.0,0.0,0.0,0.0,0.0,0.0,0.0,0.0,0.0,40.99449945149294,40.99449945149294,40.99449945149294,0.29727342701517045,0.0,1
2,2.602085214115193e-19,42.9037273496496,0.0007923928261578267,4.52648358407896,44.452025713125344,44.21914060173318,44.71162999247527,44.76556235470791,0.0,0.0,0.0,0.0,44.452025713125344,44.21914060173318,44.71162999247527,44.76556235470792,0.0,0.0,0.0,0.0,0.0,0.0,0.0,0.0,0.0,0.0,0.0,0.0,42.19632459115794,42.19632459115795,42.19632459115796,1.2132428410695866,0.0,100
3,4.686921785963977e-19,42.90339216460357,0.0007920173707004799,3.9054416079306975,44.45202571312534,44.21914060173317,44.71162999247526,44.76556235470791,0.0,0.0,0.0,0.0,44.45202571312535,44.219140601733194,44.71162999247528,44.765562354707924,0.0,0.0,0.0,0.0,0.0,0.0,0.0,0.0,0.0,0.0,0.0,0.0,42.19632459115794,42.19632459115795,42.19632459115795,0.6264427190180868,1.9721522630525295e-30,101
4,-9.245025073770338e-19,42.95460733719889,0.0007663237878912505,7.930567917996086,42.792413106156616,42.60022265333922,42.776602039076735,42.889705949186514,1.0,1.0,1.0,1.0,42.792413106156665,42.60022265333927,42.77660203907678,42.889705949186556,0.0,0.0,0.0,0.0,0.0,0.0,0.0,0.0,0.0,0.0,0.0,0.0,42.300066279439186,42.30006627943919,42.30006627943919,2.9413966019637883,0.0,200
