,Unnamed: 0,DRO_tau,DRO_obj_values,epsilon,DRO_time,DRO_eval1,DRO_eval2,DRO_satisfy1,DRO_satisfy2,SA_eval1,SA_eval2,SA_satisfy1,SA_satisfy2,SA_obj_values,SA_time,t
0,0.0,-0.052061733905038335,-0.05002635741810538,0.0006458765842134,0.07333028779999999,0.05510317697975421,0.05529699682722007,0.0,0.0,0.05462767336644013,0.05524718507319826,0.0,0.0,-0.052148996727193093,0.0030005153666666663,0.0
1,1.0,-0.045565137225286635,-0.04379442143649302,0.0006400154787331997,0.08546211819999998,0.03418208144949398,0.03507217082699539,0.0,0.0,0.03881441135657919,0.040188698866262716,0.0,0.0,-0.045666127548491545,0.0032098295,1.0
2,2.0,-0.039278524275126146,-0.037716037759359534,0.0006271709218884997,0.13280563623333333,0.01608129349812486,0.01605659747507844,0.0,0.0,0.018455647267469056,0.018701629452583655,0.0,0.0,-0.03929609513982694,0.004124411133333334,4.0
3,3.0,-0.03754886885518504,-0.03606268639108206,0.0006238756566935999,0.15503084569999998,0.01069993887611815,0.010873990720722005,0.0,0.0,0.012457792252907864,0.012527312134730977,0.0,0.0,-0.037562260708497976,0.004485818666666667,5.0
4,4.0,-0.03525984336465222,-0.03231556475969486,0.0006134676107615,0.24008737743333333,0.0031074086477035144,0.0030970479189966825,0.0,0.0,0.0037335093474825235,0.00370481755548797,0.0,0.0,-0.033680398452707344,0.005754707100000001,9.0
5,5.0,-0.03352195996646082,-0.030680263741442594,0.0006113550121111998,0.26130234236666666,-0.0010670232649924569,-0.0007447740275359699,0.0,0.0,1.805828127558343e-05,6.272514519937011e-05,0.0,0.0,-0.032013561684435324,0.005876154333333333,10.0
6,6.0,-0.031669075417820325,-0.028291368057978144,0.0006041716740353998,0.3516374431666666,-0.0058875831927195045,-0.005783605782828394,0.0,0.0,-0.0046487822285302,-0.004451886500107067,0.0,0.0,-0.02952655736521727,0.007051695800000001,14.0
7,7.0,-0.031319524009115716,-0.02780245910296545,0.0006026241615322002,0.3839315581000001,-0.0068154294372609866,-0.00674530769727209,0.0,0.0,-0.005772872370858507,-0.005816592358724228,0.0,0.0,-0.0290787883635763,0.0073017552,15.0
8,8.0,-0.030554663560917857,-0.026581719178579728,0.0005971555567523002,0.46844052820000015,-0.008582355974490422,-0.008361390162049379,0.0,0.0,-0.007708711325858473,-0.007472426001500118,0.0,0.0,-0.027776616459372207,0.008737844266666666,19.0
9,9.0,-0.02989911272123978,-0.02604254585356228,0.0005959379457644995,0.5057891589333333,-0.00959383167441901,-0.009106461625718095,0.03333333333333333,0.0,-0.008312765273441238,-0.007670731523035464,0.0,0.0,-0.027195437191418592,0.008833859166666668,20.0
10,10.0,-0.02989911272123978,-0.02604254585356228,0.0005905300160684996,0.5057891589333333,-0.00959383167441901,-0.009106461625718095,0.03333333333333333,0.0,-0.009656113715203724,-0.009333126211035641,0.0,0.0,-0.02649035559819988,0.010808137699999998,25.0
11,11.0,-0.02989911272123978,-0.02604254585356228,0.0005895626405570001,0.5057891589333333,-0.00959383167441901,-0.009106461625718095,0.03333333333333333,0.0,-0.00933604892676476,-0.009206605819221884,0.0,0.0,-0.02640401556271825,0.011069088466666663,26.0
12,12.0,-0.02989911272123978,-0.02604254585356228,0.0005729014290246999,0.5057891589333333,-0.00959383167441901,-0.009106461625718095,0.03333333333333333,0.0,-0.014602371922471083,-0.014073899914884913,0.0,0.0,-0.02412533450368677,0.021509122933333333,50.0
13,13.0,-0.02989911272123978,-0.02604254585356228,0.0005723855200798002,0.5057891589333333,-0.00959383167441901,-0.009106461625718095,0.03333333333333333,0.0,-0.014682149809891996,-0.014151722986070309,0.0,0.0,-0.024083049606682286,0.021784737399999997,51.0
14,14.0,-0.02989911272123978,-0.02604254585356228,0.0005622682242066996,0.5057891589333333,-0.00959383167441901,-0.009106461625718095,0.03333333333333333,0.0,-0.016324297027790872,-0.01589363693454088,0.0,0.0,-0.022597846514321854,0.035695646733333336,75.0
15,15.0,-0.02989911272123978,-0.02604254585356228,0.0005619190932321,0.5057891589333333,-0.00959383167441901,-0.009106461625718095,0.03333333333333333,0.0,-0.01633857159109691,-0.015928261023469534,0.0,0.0,-0.02253608887650292,0.034981342666666665,76.0
16,16.0,-0.026554003549306447,-0.02091238271231977,0.0005546749783103998,19.175981355033336,-0.017311959499947276,-0.017099910674406627,0.06666666666666667,0.06666666666666667,-0.017094668824833174,-0.016895152438386563,0.0,0.0,-0.021714820568652118,0.5371950509,100.0
17,17.0,-0.02655147424111897,-0.02086511711829574,0.0005544121594903,19.7908563616,-0.01728701594955762,-0.017111314429620456,0.06666666666666667,0.06666666666666667,-0.01707386816346759,-0.016874191265260352,0.0,0.0,-0.021662173645675523,0.5524302569999999,101.0
18,18.0,-0.02655147424111897,-0.02086511711829574,0.0005487832816712004,19.7908563616,-0.01728701594955762,-0.017111314429620456,0.06666666666666667,0.06666666666666667,-0.017418256048898895,-0.017133986550882652,0.0,0.03333333333333333,-0.021183883048301617,0.6302574103666666,125.0
19,19.0,-0.02655147424111897,-0.02086511711829574,0.0005485730591239002,19.7908563616,-0.01728701594955762,-0.017111314429620456,0.06666666666666667,0.06666666666666667,-0.017486210413255807,-0.017257280453822556,0.0,0.03333333333333333,-0.021189116528420707,0.6263773970000001,126.0
20,20.0,-0.02655147424111897,-0.02086511711829574,0.0005439781492326003,19.7908563616,-0.01728701594955762,-0.017111314429620456,0.06666666666666667,0.06666666666666667,-0.01810644455265564,-0.01766016523028876,0.0,0.06666666666666667,-0.020752463042890364,0.7245906929333332,150.0
21,21.0,-0.02655147424111897,-0.02086511711829574,0.0005438032641598002,19.7908563616,-0.01728701594955762,-0.017111314429620456,0.06666666666666667,0.06666666666666667,-0.01812913295213781,-0.0176750263029134,0.0,0.06666666666666667,-0.020735833342137012,0.7284116105333335,151.0
22,22.0,-0.02655147424111897,-0.02086511711829574,0.0005399262156292,19.7908563616,-0.01728701594955762,-0.017111314429620456,0.06666666666666667,0.06666666666666667,-0.018241480999550756,-0.017969349232132125,0.1,0.03333333333333333,-0.02052047535531872,0.7194087482,175.0
23,23.0,-0.02655147424111897,-0.02086511711829574,0.0005397766719114002,19.7908563616,-0.01728701594955762,-0.017111314429620456,0.06666666666666667,0.06666666666666667,-0.018226261381887918,-0.017979212006148118,0.1,0.03333333333333333,-0.02048546129491606,0.7405384116666666,176.0
24,24.0,-0.02510879676111627,-0.019588810714374096,0.0005364266515237999,12.038142515766667,-0.018625233472778422,-0.01837673684039538,0.23333333333333334,0.26666666666666666,-0.018472652973325378,-0.01816660903736856,0.1,0.03333333333333333,-0.0202844918403078,0.85405791,200.0
25,25.0,-0.025146945561716833,-0.019594484496072574,0.0005362961497095997,12.143381244033332,-0.018610384710570235,-0.018366715493860594,0.23333333333333334,0.23333333333333334,-0.018477746973271182,-0.018157340099164757,0.1,0.03333333333333333,-0.02029022791870475,0.8477739821666668,201.0
26,26.0,-0.025146945561716833,-0.019594484496072574,0.000533349200256,12.143381244033332,-0.018610384710570235,-0.018366715493860594,0.23333333333333334,0.23333333333333334,-0.01860841057250676,-0.01831956616512096,0.06666666666666667,0.0,-0.020275934409586433,0.8998267290333332,225.0
27,27.0,-0.025146945561716833,-0.019594484496072574,0.0005332335186520998,12.143381244033332,-0.018610384710570235,-0.018366715493860594,0.23333333333333334,0.23333333333333334,-0.018636444657028448,-0.018349920641188754,0.06666666666666667,0.03333333333333333,-0.020265842558578866,0.9311368084,226.0
28,28.0,-0.025146945561716833,-0.019594484496072574,0.0005306046247731,12.143381244033332,-0.018610384710570235,-0.018366715493860594,0.23333333333333334,0.23333333333333334,-0.018653823414187382,-0.01843356888632304,0.06666666666666667,0.1,-0.02024962131075795,0.9773143745333335,250.0
29,29.0,-0.025146945561716833,-0.019594484496072574,0.0005305007982785996,12.143381244033332,-0.018610384710570235,-0.018366715493860594,0.23333333333333334,0.23333333333333334,-0.01865651873338453,-0.01845975391524717,0.1,0.1,-0.020239219139470296,0.9896261237333334,251.0
30,30.0,-0.025146945561716833,-0.019594484496072574,0.0005281291493747998,12.143381244033332,-0.018610384710570235,-0.018366715493860594,0.23333333333333334,0.23333333333333334,-0.018702816952013073,-0.018495615092254482,0.16666666666666666,0.1,-0.020155445496467344,1.1016292520333333,275.0
31,31.0,-0.025146945561716833,-0.019594484496072574,0.0005280350169967002,12.143381244033332,-0.018610384710570235,-0.018366715493860594,0.23333333333333334,0.23333333333333334,-0.01870300857064368,-0.01851774347273791,0.16666666666666666,0.1,-0.020149069808105196,1.1122721677333334,276.0
32,32.0,-0.02508994284731515,-0.01945171267233137,0.0005258756333128,21.005857527666663,-0.018858193363872466,-0.018643900715232743,0.3,0.36666666666666664,-0.0187931023594889,-0.018525433882050527,0.16666666666666666,0.1,-0.02011767617230314,0.26311367823333337,300.0
33,33.0,-0.02506624939872266,-0.01944866288351327,0.0005257895722536999,20.264708939700007,-0.01885671782053878,-0.018648043199008653,0.3,0.36666666666666664,-0.018787684890355365,-0.018530499494458327,0.16666666666666666,0.06666666666666667,-0.02011287611044044,0.28038515490000004,301.0
34,34.0,-0.02506624939872266,-0.01944866288351327,0.0005238082605203003,20.264708939700007,-0.01885671782053878,-0.018648043199008653,0.3,0.36666666666666664,-0.018790473196341015,-0.018576966207322673,0.13333333333333333,0.06666666666666667,-0.02009518410545491,0.3766080939333334,325.0
35,35.0,-0.02506624939872266,-0.01944866288351327,0.0005237290216339,20.264708939700007,-0.01885671782053878,-0.018648043199008653,0.3,0.36666666666666664,-0.018791073331580636,-0.018571058390047652,0.13333333333333333,0.06666666666666667,-0.020097761749595804,0.382608601,326.0
36,36.0,-0.02506624939872266,-0.01944866288351327,0.0005218991894483,20.264708939700007,-0.01885671782053878,-0.018648043199008653,0.3,0.36666666666666664,-0.018817479297948542,-0.018675843552330495,0.16666666666666666,0.16666666666666666,-0.0201131762599963,0.4889306549333334,350.0
37,37.0,-0.02506624939872266,-0.01944866288351327,0.0005218257910187996,20.264708939700007,-0.01885671782053878,-0.018648043199008653,0.3,0.36666666666666664,-0.01879903531305899,-0.018674070473581272,0.16666666666666666,0.16666666666666666,-0.0201104710431786,0.49323785210000004,351.0
38,38.0,-0.02506624939872266,-0.01944866288351327,0.0005201263549816002,20.264708939700007,-0.01885671782053878,-0.018648043199008653,0.3,0.36666666666666664,-0.018818054029922014,-0.018667805499939856,0.13333333333333333,0.16666666666666666,-0.020072658022839477,0.6132650042666666,375.0
39,39.0,-0.02506624939872266,-0.01944866288351327,0.0005200580116856997,20.264708939700007,-0.01885671782053878,-0.018648043199008653,0.3,0.36666666666666664,-0.018830181543911546,-0.01867001737208489,0.13333333333333333,0.2,-0.020065819868361295,0.6182689743666667,376.0
40,40.0,-0.02494515646185471,-0.019336787592471164,0.0005184719779158,32.26957254016666,-0.018983645938779343,-0.01884572320365587,0.43333333333333335,0.4,-0.018915085116595346,-0.018789181887497463,0.2,0.23333333333333334,-0.019980725663908468,0.7167944762333335,400.0
41,41.0,-0.02493581902232348,-0.019337830779145533,0.0005184080518643998,31.503141806933336,-0.018978438209998783,-0.018836745221858985,0.43333333333333335,0.4,-0.01891679479942843,-0.01877460377025468,0.2,0.23333333333333334,-0.0199819171224797,0.7278410096333334,401.0
42,42.0,-0.02493581902232348,-0.019337830779145533,0.0005169215254083001,31.503141806933336,-0.018978438209998783,-0.018836745221858985,0.43333333333333335,0.4,-0.018918993911077833,-0.01877764797929245,0.16666666666666666,0.2,-0.019949348188839935,0.8297588898,425.0
43,43.0,-0.02493581902232348,-0.019337830779145533,0.0005168614915243998,31.503141806933336,-0.018978438209998783,-0.018836745221858985,0.43333333333333335,0.4,-0.01892876943348863,-0.01878245783442152,0.16666666666666666,0.2,-0.019948518350555663,0.8366390833666666,426.0
44,44.0,-0.02493581902232348,-0.019337830779145533,0.0005154629681395003,31.503141806933336,-0.018978438209998783,-0.018836745221858985,0.43333333333333335,0.4,-0.018969432441922264,-0.018835488182451718,0.2,0.23333333333333334,-0.01991979018394526,0.9408898925,450.0
45,45.0,-0.02493581902232348,-0.019337830779145533,0.0005154063891179998,31.503141806933336,-0.018978438209998783,-0.018836745221858985,0.43333333333333335,0.4,-0.018990406438387394,-0.01883856995065447,0.2,0.23333333333333334,-0.019912988653503046,0.9258746900333333,451.0
46,46.0,-0.02493581902232348,-0.019337830779145533,0.0005140862381317002,31.503141806933336,-0.018978438209998783,-0.018836745221858985,0.43333333333333335,0.4,-0.018943159400156527,-0.01879977550539465,0.16666666666666666,0.23333333333333334,-0.01991278986958499,1.0566177227,475.0
47,47.0,-0.02493581902232348,-0.019337830779145533,0.0005140327459695998,31.503141806933336,-0.018978438209998783,-0.018836745221858985,0.43333333333333335,0.4,-0.018941894074199,-0.018791193170487518,0.16666666666666666,0.23333333333333334,-0.019894961871702754,1.0268196143,476.0
48,48.0,-0.02483925326466065,-0.01918959831556088,0.0005127828255761997,46.101440820866664,-0.019012873591942894,-0.018947031414169847,0.43333333333333335,0.4,-0.018968588239126342,-0.01888246092007823,0.26666666666666666,0.23333333333333334,-0.019820598448457745,1.1591560380333334,500.0
49,49.0,-0.024839508879989425,-0.01918882965399097,0.0005127321077094002,45.59222408643334,-0.019023937128467113,-0.01895698861910473,0.43333333333333335,0.4,-0.018980017946277787,-0.018883778733079958,0.26666666666666666,0.23333333333333334,-0.019818602746559496,1.1345141406333332,501.0
50,50.0,-0.024839508879989425,-0.01918882965399097,0.0005115454740256997,45.59222408643334,-0.019023937128467113,-0.01895698861910473,0.43333333333333335,0.4,-0.019012556995588608,-0.018963440904188444,0.23333333333333334,0.3,-0.019781850710547843,1.1571289145,525.0
51,51.0,-0.024839508879989425,-0.01918882965399097,0.0005114972627608998,45.59222408643334,-0.019023937128467113,-0.01895698861910473,0.43333333333333335,0.4,-0.019015858954144555,-0.01896370447693575,0.2,0.3,-0.019775302974350584,1.1565725352666667,526.0
52,52.0,-0.024839508879989425,-0.01918882965399097,0.0005103679465214002,45.59222408643334,-0.019023937128467113,-0.01895698861910473,0.43333333333333335,0.4,-0.01906522974362478,-0.01897447888448209,0.26666666666666666,0.3,-0.019754077836692027,1.2979010160666666,550.0
53,53.0,-0.024839508879989425,-0.01918882965399097,0.0005103220108673997,45.59222408643334,-0.019023937128467113,-0.01895698861910473,0.43333333333333335,0.4,-0.019063377731680344,-0.018985808472375416,0.26666666666666666,0.26666666666666666,-0.019756421779628656,1.3519916789666668,551.0
54,54.0,-0.024839508879989425,-0.01918882965399097,0.0005092448437473001,45.59222408643334,-0.019023937128467113,-0.01895698861910473,0.43333333333333335,0.4,-0.019063488843156458,-0.018970842742851504,0.26666666666666666,0.16666666666666666,-0.019791620831258246,1.4262040988000002,575.0
55,55.0,-0.024839508879989425,-0.01918882965399097,0.0005092009830204003,45.59222408643334,-0.019023937128467113,-0.01895698861910473,0.43333333333333335,0.4,-0.019065787604463813,-0.018973636508259697,0.26666666666666666,0.2,-0.01979062058947566,1.393148197933333,576.0
56,56.0,-0.024777310295858966,-0.019136504907634515,0.0005081714609274997,63.83244290689999,-0.019134261347791816,-0.01904312739856631,0.5,0.5333333333333333,-0.019103879662155283,-0.019003903272716408,0.26666666666666666,0.26666666666666666,-0.019758127458627324,1.519826469666667,600.0
57,57.0,-0.024792394847472907,-0.01914493021948409,0.0005081294996891997,62.9324065877,-0.0191360464451619,-0.019044455472788803,0.5,0.5,-0.01910654593267883,-0.019003560189865546,0.26666666666666666,0.26666666666666666,-0.019766711668052474,1.5035525581999998,601.0
58,58.0,-0.024792394847472907,-0.01914493021948409,0.0005071436739781998,62.9324065877,-0.0191360464451619,-0.019044455472788803,0.5,0.5,-0.01910415286440425,-0.01901662233664686,0.26666666666666666,0.23333333333333334,-0.01973655053681472,1.6125688371,625.0
59,59.0,-0.024792394847472907,-0.01914493021948409,0.0005071034579850997,62.9324065877,-0.0191360464451619,-0.019044455472788803,0.5,0.5,-0.01910928807539985,-0.019017880818038135,0.26666666666666666,0.26666666666666666,-0.019730351081777807,1.5955273908,626.0
60,60.0,-0.024792394847472907,-0.01914493021948409,0.0005061578480263002,62.9324065877,-0.0191360464451619,-0.019044455472788803,0.5,0.5,-0.019105210169811284,-0.019043430063092715,0.26666666666666666,0.23333333333333334,-0.01972928281887848,1.6843162607333337,650.0
61,61.0,-0.024792394847472907,-0.01914493021948409,0.0005061192409598,62.9324065877,-0.0191360464451619,-0.019044455472788803,0.5,0.5,-0.01911823033841645,-0.019036994900808176,0.26666666666666666,0.23333333333333334,-0.019723603924708077,1.7262684108666664,651.0
62,62.0,-0.024792394847472907,-0.01914493021948409,0.0005052107632280998,62.9324065877,-0.0191360464451619,-0.019044455472788803,0.5,0.5,-0.01911270915832724,-0.01905543581009371,0.23333333333333334,0.23333333333333334,-0.019723195302157322,1.8133276537666667,675.0
63,63.0,-0.024792394847472907,-0.01914493021948409,0.0005051736440294003,62.9324065877,-0.0191360464451619,-0.019044455472788803,0.5,0.5,-0.019118274485770984,-0.01906708529452897,0.26666666666666666,0.23333333333333334,-0.01972639774004382,1.8026016129000004,676.0
64,64.0,-0.024728117310786602,-0.01906109986414395,0.0005042995541082,82.5746631107,-0.019165457450671216,-0.019110480339102922,0.5,0.5666666666666667,-0.01912500604354195,-0.01907837543314889,0.26666666666666666,0.3,-0.01966994231535273,1.8996158687000002,700.0
65,65.0,-0.02472320914026215,-0.019063387114985873,0.0005042638147908003,82.93552798503333,-0.019166411080396493,-0.019113827834555952,0.4666666666666667,0.5666666666666667,-0.019138145476053987,-0.019091872267388385,0.3,0.3,-0.019673279023467893,1.8723312546,701.0
66,66.0,-0.02472320914026215,-0.019063387114985873,0.0005034216595706,82.93552798503333,-0.019166411080396493,-0.019113827834555952,0.4666666666666667,0.5666666666666667,-0.019150537633845596,-0.019075176961646248,0.3,0.3,-0.01968445310105389,1.945357247633333,725.0
67,67.0,-0.02472320914026215,-0.019063387114985873,0.0005033872034098003,82.93552798503333,-0.019166411080396493,-0.019113827834555952,0.4666666666666667,0.5666666666666667,-0.01914255376699218,-0.0190749669822696,0.3,0.26666666666666666,-0.01968646587655582,1.9378061643000002,726.0
68,68.0,-0.02472320914026215,-0.019063387114985873,0.0005025747814068004,82.93552798503333,-0.019166411080396493,-0.019113827834555952,0.4666666666666667,0.5666666666666667,-0.01915652426825127,-0.019141146395759187,0.3,0.3333333333333333,-0.01970713166325292,2.0431161126333337,750.0
69,69.0,-0.02472320914026215,-0.019063387114985873,0.0005025415214317002,82.93552798503333,-0.019166411080396493,-0.019113827834555952,0.4666666666666667,0.5666666666666667,-0.019152335741643385,-0.019141252096324553,0.3,0.3333333333333333,-0.01970313734333735,2.033208069833333,751.0
70,70.0,-0.02472320914026215,-0.019063387114985873,0.0005017568496280002,82.93552798503333,-0.019166411080396493,-0.019113827834555952,0.4666666666666667,0.5666666666666667,-0.0191567070625872,-0.019167320431906144,0.3,0.3333333333333333,-0.019681584401293906,2.0872554666,775.0
71,71.0,-0.02472320914026215,-0.019063387114985873,0.0005017247073571996,82.93552798503333,-0.019166411080396493,-0.019113827834555952,0.4666666666666667,0.5666666666666667,-0.01916166411488078,-0.019177388917417392,0.3,0.3333333333333333,-0.019681462031994945,2.0930984960666668,776.0
72,72.0,-0.02475918700441792,-0.019087442216363062,0.0005009659933179999,101.52297551166664,-0.019212537477398293,-0.0192084323021693,0.5,0.5,-0.01916023342440263,-0.01918055919987786,0.3,0.3333333333333333,-0.019690623331786273,2.120162865766667,800.0
73,73.0,-0.024766422616117407,-0.019088481036158456,0.0005009348976935999,101.00064069476667,-0.019215155095282665,-0.019209033501695384,0.5,0.5,-0.01916981709020981,-0.01918301901148536,0.3,0.3333333333333333,-0.019691783866001764,2.0814466954666666,801.0
74,74.0,-0.024766422616117407,-0.019088481036158456,0.0005002005159867002,101.00064069476667,-0.019215155095282665,-0.019209033501695384,0.5,0.5,-0.019172945835939148,-0.019197499084717205,0.3,0.3333333333333333,-0.01963653584535374,2.1537782792,825.0
75,75.0,-0.024766422616117407,-0.019088481036158456,0.0005001704024696004,101.00064069476667,-0.019215155095282665,-0.019209033501695384,0.5,0.5,-0.01917570634011162,-0.019198934880956538,0.26666666666666666,0.3333333333333333,-0.019633782414579783,2.1370895421666662,826.0
76,76.0,-0.024766422616117407,-0.019088481036158456,0.0004994588746152999,101.00064069476667,-0.019215155095282665,-0.019209033501695384,0.5,0.5,-0.01918649493294804,-0.019195621727428686,0.26666666666666666,0.36666666666666664,-0.01963436911234568,2.2243952813333334,850.0
77,77.0,-0.024766422616117407,-0.019088481036158456,0.0004994296844143997,101.00064069476667,-0.019215155095282665,-0.019209033501695384,0.5,0.5,-0.019188804954730392,-0.01919503069620473,0.26666666666666666,0.3333333333333333,-0.019635683610644057,2.2775590776666665,851.0
78,78.0,-0.024766422616117407,-0.019088481036158456,0.0004987396617506002,101.00064069476667,-0.019215155095282665,-0.019209033501695384,0.5,0.5,-0.01919191590101413,-0.019199502410255694,0.3,0.3,-0.019620684365452112,2.2535348397000003,875.0
79,79.0,-0.024766422616117407,-0.019088481036158456,0.0004987113411626002,101.00064069476667,-0.019215155095282665,-0.019209033501695384,0.5,0.5,-0.019191288110636157,-0.01919979355998021,0.3,0.3,-0.01962216587221307,2.257129030366667,876.0
80,80.0,-0.024732956057210757,-0.019043251380647244,0.0004980415901317,122.27216361236665,-0.019228695076436545,-0.01920402038198963,0.5,0.5,-0.019209050945413135,-0.019215118072072095,0.3,0.3333333333333333,-0.01964339001082588,2.7414711872333326,900.0
81,81.0,-0.024728076083529157,-0.019044812963170336,0.0004980140899721003,118.9739786756,-0.019225701610948238,-0.019201420239268185,0.5,0.5,-0.019205113524137243,-0.019210402288397717,0.3,0.3333333333333333,-0.019645156296397324,2.8061761114999997,901.0
82,82.0,-0.024728076083529157,-0.019044812963170336,0.0004973634794307997,118.9739786756,-0.019225701610948238,-0.019201420239268185,0.5,0.5,-0.01919655669830534,-0.01921635863540982,0.26666666666666666,0.3333333333333333,-0.019640378875735883,2.8049809275666666,925.0
83,83.0,-0.024728076083529157,-0.019044812963170336,0.0004973367545428003,118.9739786756,-0.019225701610948238,-0.019201420239268185,0.5,0.5,-0.01919492081510714,-0.019217008342839275,0.26666666666666666,0.3333333333333333,-0.019642576913796464,2.7525001598666665,926.0
84,84.0,-0.024728076083529157,-0.019044812963170336,0.0004967042447695997,118.9739786756,-0.019225701610948238,-0.019201420239268185,0.5,0.5,-0.019180336747641535,-0.01922562881247048,0.26666666666666666,0.3,-0.0196497320392725,2.8183752597333336,950.0
85,85.0,-0.024728076083529157,-0.019044812963170336,0.0004966782535977997,118.9739786756,-0.019225701610948238,-0.019201420239268185,0.5,0.5,-0.01918002310778039,-0.019226253312079274,0.26666666666666666,0.3,-0.019652510706590586,2.8647607973000007,951.0
86,86.0,-0.024728076083529157,-0.019044812963170336,0.0004960628867348997,118.9739786756,-0.019225701610948238,-0.019201420239268185,0.5,0.5,-0.019185247271462546,-0.019211475779887015,0.26666666666666666,0.3,-0.01962455578350532,2.9565476761666662,975.0
87,87.0,-0.024728076083529157,-0.019044812963170336,0.0004960375909531001,118.9739786756,-0.019225701610948238,-0.019201420239268185,0.5,0.5,-0.019182675148398023,-0.019216188719770776,0.26666666666666666,0.3333333333333333,-0.01961971999169132,3.0100308645000005,976.0
88,88.0,-0.02473649789227761,-0.01898982082711993,0.0004954384826623,142.2060205049,-0.01923192302187015,-0.019223335548410173,0.5666666666666667,0.5,-0.01920534181512106,-0.019226155404571642,0.23333333333333334,0.3333333333333333,-0.01958825253005205,3.036734941766667,1000.0
89,89.0,-0.024736763232551133,-0.018987345244070673,0.0004954138468489,140.46506934773333,-0.01923505463617003,-0.019226939553105764,0.5333333333333333,0.5,-0.019213947429370142,-0.019231644999622804,0.23333333333333334,0.36666666666666664,-0.019585443296519508,3.0758836158666667,1001.0
90,90.0,-0.024736763232551133,-0.018987345244070673,0.0004948301790017997,140.46506934773333,-0.01923505463617003,-0.019226939553105764,0.5333333333333333,0.5,-0.019218107729695916,-0.01922465122227835,0.23333333333333334,0.3333333333333333,-0.019593516665022622,3.0286794194,1025.0
91,91.0,-0.024736763232551133,-0.018987345244070673,0.0004948061703548,140.46506934773333,-0.01923505463617003,-0.019226939553105764,0.5333333333333333,0.5,-0.019215415963238478,-0.01922700784035705,0.26666666666666666,0.3333333333333333,-0.019590937536753585,2.9911365354000004,1026.0
92,92.0,-0.024736763232551133,-0.018987345244070673,0.0004942371846082,140.46506934773333,-0.01923505463617003,-0.019226939553105764,0.5333333333333333,0.5,-0.019220177929507212,-0.019225335311958035,0.3,0.3333333333333333,-0.019572223103891617,3.0829688443333336,1050.0
93,93.0,-0.024736763232551133,-0.018987345244070673,0.0004942137726936997,140.46506934773333,-0.01923505463617003,-0.019226939553105764,0.5333333333333333,0.5,-0.019219515509673255,-0.019224049144746347,0.3,0.3333333333333333,-0.019573734515306876,3.0827795273000005,1051.0
94,94.0,-0.024736763232551133,-0.018987345244070673,0.0004936587648237,140.46506934773333,-0.01923505463617003,-0.019226939553105764,0.5333333333333333,0.5,-0.01922358565057291,-0.01921112402806837,0.3,0.3333333333333333,-0.019552776907353474,3.2070003165,1075.0
95,95.0,-0.024736763232551133,-0.018987345244070673,0.0004936359213539997,140.46506934773333,-0.01923505463617003,-0.019226939553105764,0.5333333333333333,0.5,-0.01922735768219058,-0.01921178449027488,0.3,0.3333333333333333,-0.019550348020522464,3.153037624799999,1076.0
96,96.0,-0.02471155830077583,-0.018947510681862626,0.0004930942362447997,165.1212781154,-0.01925162635922363,-0.01924430563238886,0.6,0.6,-0.019245992471901337,-0.019229000437419746,0.3,0.36666666666666664,-0.019540890132214026,3.2338199766333338,1100.0
97,97.0,-0.024708508595839798,-0.01894436169864126,0.0004930719348825997,166.99712402219998,-0.019248575453132712,-0.01924304774506126,0.5666666666666667,0.6,-0.01924416332597521,-0.019223156191808866,0.3333333333333333,0.3333333333333333,-0.01953779790967023,3.2171181899000003,1101.0
98,98.0,-0.024708508595839798,-0.01894436169864126,0.0004925429620802998,166.99712402219998,-0.019248575453132712,-0.01924304774506126,0.5666666666666667,0.6,-0.01924243188829257,-0.01922513167327502,0.3,0.36666666666666664,-0.019541505779535364,3.2673395067666666,1125.0
99,99.0,-0.024708508595839798,-0.01894436169864126,0.0004925211782632996,166.99712402219998,-0.019248575453132712,-0.01924304774506126,0.5666666666666667,0.6,-0.019243265062721053,-0.01923168781737726,0.3,0.36666666666666664,-0.019540813667469233,3.2559317426666667,1126.0
100,100.0,-0.024708508595839798,-0.01894436169864126,0.0004920043480216,166.99712402219998,-0.019248575453132712,-0.01924304774506126,0.5666666666666667,0.6,-0.019241356044873783,-0.01924459491770032,0.26666666666666666,0.36666666666666664,-0.019538558997952322,3.3793546590666663,1150.0
101,101.0,-0.024708508595839798,-0.01894436169864126,0.0004919830588076998,166.99712402219998,-0.019248575453132712,-0.01924304774506126,0.5666666666666667,0.6,-0.01923876374821278,-0.01924851412044185,0.26666666666666666,0.36666666666666664,-0.019541329386155583,3.3210714893,1151.0
102,102.0,-0.024708508595839798,-0.01894436169864126,0.0004914778385596998,166.99712402219998,-0.019248575453132712,-0.01924304774506126,0.5666666666666667,0.6,-0.01924654546480524,-0.019263218264602307,0.26666666666666666,0.4,-0.019538641287808408,3.399038160733333,1175.0
103,103.0,-0.024708508595839798,-0.01894436169864126,0.0004914570224877,166.99712402219998,-0.019248575453132712,-0.01924304774506126,0.5666666666666667,0.6,-0.019245620151595703,-0.01926180663323571,0.26666666666666666,0.4,-0.01953802063742798,3.4169850890999998,1176.0
104,104.0,-0.024703208110647044,-0.018934126241690618,0.0004909629136924002,193.05806084433334,-0.01926074163794412,-0.019288130203863777,0.6333333333333333,0.6666666666666666,-0.019250195259755094,-0.019251745594713855,0.26666666666666666,0.43333333333333335,-0.0195251865175806,3.367446220166667,1200.0
105,105.0,-0.02470625620557524,-0.01893565208094493,0.0004909425506579002,193.54715266433334,-0.01926575816928507,-0.019291063338691048,0.6333333333333333,0.6333333333333333,-0.01924954537015189,-0.019257200026361422,0.26666666666666666,0.43333333333333335,-0.019526721693256623,3.498107023333333,1201.0
106,106.0,-0.02470625620557524,-0.01893565208094493,0.0004904590859719,193.54715266433334,-0.01926575816928507,-0.019291063338691048,0.6333333333333333,0.6333333333333333,-0.0192573766195419,-0.019269217229459415,0.26666666666666666,0.43333333333333335,-0.01952877394994228,3.517032657666667,1225.0
107,107.0,-0.02470625620557524,-0.01893565208094493,0.0004904391571158,193.54715266433334,-0.01926575816928507,-0.019291063338691048,0.6333333333333333,0.6333333333333333,-0.01925634448750282,-0.019268486080208022,0.3,0.43333333333333335,-0.019527801102250008,3.4699226692,1226.0
108,108.0,-0.024641607163333905,-0.018916116355018393,0.0004899854265774001,199.19103702853332,-0.019287714177119768,-0.01930951444014625,0.6666666666666666,0.6333333333333333,-0.01926784783427875,-0.019282501550799188,0.3,0.43333333333333335,-0.01950464857403033,3.6115668139666672,1249.0
109,109.0,-0.024637200334616815,-0.018912800404426663,0.0004899658978533003,206.47946989173332,-0.019288077331706507,-0.019307070584554234,0.6666666666666666,0.6666666666666666,-0.01926818990293647,-0.019279765927300036,0.3,0.43333333333333335,-0.019500795273134152,3.566604348233333,1250.0
110,110.0,-0.024637200334616815,-0.018912800404426663,0.0004899463854611002,206.47946989173332,-0.019288077331706507,-0.019307070584554234,0.6666666666666666,0.6666666666666666,-0.01926774292000409,-0.019281990917772565,0.3,0.43333333333333335,-0.019504964612424836,3.522673976233333,1251.0
111,111.0,-0.024637200334616815,-0.018912800404426663,0.0004894829193066997,206.47946989173332,-0.019288077331706507,-0.019307070584554234,0.6666666666666666,0.6666666666666666,-0.019267994425464955,-0.019275635282266942,0.26666666666666666,0.43333333333333335,-0.019520817193942518,3.560432205566666,1275.0
112,112.0,-0.024637200334616815,-0.018912800404426663,0.0004894638067183002,206.47946989173332,-0.019288077331706507,-0.019307070584554234,0.6666666666666666,0.6666666666666666,-0.0192617000735369,-0.01928146554494621,0.26666666666666666,0.43333333333333335,-0.01952355560724393,3.5998624472999996,1276.0
113,113.0,-0.024681238486649285,-0.01892726354666515,0.0004890097456619998,218.7278014047,-0.019290787564702958,-0.019309182685447925,0.6333333333333333,0.6666666666666666,-0.019260106664606213,-0.019306631520819007,0.23333333333333334,0.43333333333333335,-0.019515179296716662,3.770181396733334,1300.0
114,114.0,-0.024673643938572225,-0.01892558737947699,0.0004889910171900002,212.98526740993336,-0.019288763702895825,-0.019313422952475328,0.6333333333333333,0.6666666666666666,-0.01926097313118019,-0.019316213411821125,0.26666666666666666,0.43333333333333335,-0.019513287283499433,3.5910269275000006,1301.0
115,115.0,-0.024673643938572225,-0.01892558737947699,0.0004885459956614002,212.98526740993336,-0.019288763702895825,-0.019313422952475328,0.6333333333333333,0.6666666666666666,-0.01926696201732844,-0.019307308889553034,0.23333333333333334,0.43333333333333335,-0.01951181553893672,3.7649604829666665,1325.0
116,116.0,-0.024673643938572225,-0.01892558737947699,0.0004885276365166998,212.98526740993336,-0.019288763702895825,-0.019313422952475328,0.6333333333333333,0.6666666666666666,-0.0192629581761437,-0.01930972584553401,0.23333333333333334,0.43333333333333335,-0.01951112895895337,3.655988036433334,1326.0
117,117.0,-0.024673643938572225,-0.01892558737947699,0.00048809130969340017,212.98526740993336,-0.019288763702895825,-0.019313422952475328,0.6333333333333333,0.6666666666666666,-0.019271236181165517,-0.01930145353366554,0.26666666666666666,0.43333333333333335,-0.0195284686432229,3.758359694733334,1350.0
118,118.0,-0.024673643938572225,-0.01892558737947699,0.0004880733059187003,212.98526740993336,-0.019288763702895825,-0.019313422952475328,0.6333333333333333,0.6666666666666666,-0.019271333413813603,-0.019303203704741142,0.26666666666666666,0.43333333333333335,-0.019526523339866524,3.7544890930333326,1351.0
119,119.0,-0.024673643938572225,-0.01892558737947699,0.0004876453481912,212.98526740993336,-0.019288763702895825,-0.019313422952475328,0.6333333333333333,0.6666666666666666,-0.019266156216686047,-0.019305533476113225,0.26666666666666666,0.43333333333333335,-0.019527929411980734,3.948712615333333,1375.0
120,120.0,-0.024673643938572225,-0.01892558737947699,0.00048762768659980015,212.98526740993336,-0.019288763702895825,-0.019313422952475328,0.6333333333333333,0.6666666666666666,-0.019268409326257823,-0.0193094733352739,0.26666666666666666,0.43333333333333335,-0.019525516043488844,3.8783634994333336,1376.0
121,121.0,-0.024683850046845028,-0.01892179807120138,0.0004872077901754997,240.48178597289998,-0.019294008617801624,-0.01931977101992829,0.6666666666666666,0.6,-0.01926608948082704,-0.019305769232607115,0.26666666666666666,0.43333333333333335,-0.01950584303111595,3.9309399028666667,1400.0
122,122.0,-0.024683930878374824,-0.018922313064184133,0.0004871904582955997,250.9017274893,-0.01929415890932497,-0.01931780723787793,0.6666666666666666,0.6,-0.019264659554318272,-0.019302926771821594,0.26666666666666666,0.43333333333333335,-0.019506236395110912,3.9537083781999995,1401.0
123,123.0,-0.024683930878374824,-0.018922313064184133,0.00048677833192730004,250.9017274893,-0.01929415890932497,-0.01931780723787793,0.6666666666666666,0.6,-0.019270210156660545,-0.019300611918124433,0.26666666666666666,0.43333333333333335,-0.01951347824852707,4.0607906779,1425.0
124,124.0,-0.024683930878374824,-0.018922313064184133,0.00048676131795159967,250.9017274893,-0.01929415890932497,-0.01931780723787793,0.6666666666666666,0.6,-0.019273208256834803,-0.019300163709676486,0.26666666666666666,0.43333333333333335,-0.01951052978973962,3.9850792597666667,1426.0
125,125.0,-0.024683930878374824,-0.018922313064184133,0.00048635668577660024,250.9017274893,-0.01929415890932497,-0.01931780723787793,0.6666666666666666,0.6,-0.019264823962649634,-0.019296754776388376,0.26666666666666666,0.43333333333333335,-0.019494262153272882,4.016365953466666,1450.0
126,126.0,-0.024683930878374824,-0.018922313064184133,0.0004863399785161997,250.9017274893,-0.01929415890932497,-0.01931780723787793,0.6666666666666666,0.6,-0.019265039593151588,-0.019297890735034785,0.26666666666666666,0.43333333333333335,-0.019491746662639916,4.034185965166667,1451.0
127,127.0,-0.024683930878374824,-0.018922313064184133,0.00048594257899559984,250.9017274893,-0.01929415890932497,-0.01931780723787793,0.6666666666666666,0.6,-0.019276718084443884,-0.019306729207414643,0.26666666666666666,0.43333333333333335,-0.01949835988372386,4.1092708798999995,1475.0
128,128.0,-0.024683930878374824,-0.018922313064184133,0.00048592616783750016,250.9017274893,-0.01929415890932497,-0.01931780723787793,0.6666666666666666,0.6,-0.019282331529390514,-0.01930656168485149,0.26666666666666666,0.43333333333333335,-0.019497282445086864,4.1161794538,1476.0
129,129.0,-0.024655685725729473,-0.018913331134090598,0.0004855518891706997,274.0864582223333,-0.019316065118879386,-0.019330391469403952,0.6666666666666666,0.7,-0.019287569384941264,-0.019317704296811497,0.26666666666666666,0.43333333333333335,-0.019493825058635488,4.242342491499999,1499.0
130,130.0,-0.024647466966318973,-0.01891024365066691,0.00048553575278519973,279.34468161616667,-0.019315907086244546,-0.019332543954282164,0.6666666666666666,0.7,-0.019289864604179665,-0.019316537223567017,0.26666666666666666,0.43333333333333335,-0.019490672376356075,4.1520997301666664,1500.0
131,131.0,-0.024649502980816248,-0.018910859099642272,0.0004855196276537,274.5781515615667,-0.01931670852335409,-0.019332165067399664,0.6666666666666666,0.7,-0.019287342055876396,-0.019315496983836167,0.26666666666666666,0.43333333333333335,-0.01949144967095647,4.183322267366666,1501.0
132,132.0,-0.024649502980816248,-0.018910859099642272,0.0004851359613460998,274.5781515615667,-0.01931670852335409,-0.019332165067399664,0.6666666666666666,0.7,-0.01930276417534871,-0.019313179371582185,0.26666666666666666,0.43333333333333335,-0.019499112707123917,4.1534758684,1525.0
133,133.0,-0.024649502980816248,-0.018910859099642272,0.0004851201126674,274.5781515615667,-0.01931670852335409,-0.019332165067399664,0.6666666666666666,0.7,-0.019302545109717413,-0.01931365144163508,0.26666666666666666,0.43333333333333335,-0.01950194070178037,4.175719458399999,1526.0
134,134.0,-0.024649502980816248,-0.018910859099642272,0.0004847429710256,274.5781515615667,-0.01931670852335409,-0.019332165067399664,0.6666666666666666,0.7,-0.01929684553943564,-0.019317938988794556,0.26666666666666666,0.43333333333333335,-0.019496775891666412,4.387940716566667,1550.0
135,135.0,-0.024649502980816248,-0.018910859099642272,0.00048472738969499975,274.5781515615667,-0.01931670852335409,-0.019332165067399664,0.6666666666666666,0.7,-0.019299216982509127,-0.019318157525244867,0.26666666666666666,0.43333333333333335,-0.019496426989429178,4.3999239441333335,1551.0
136,136.0,-0.024649502980816248,-0.018910859099642272,0.0004843565595334002,274.5781515615667,-0.01931670852335409,-0.019332165067399664,0.6666666666666666,0.7,-0.01930171526729443,-0.019311369718803175,0.26666666666666666,0.43333333333333335,-0.019492839373310547,4.3433024585,1575.0
137,137.0,-0.024649502980816248,-0.018910859099642272,0.0004843412368850998,274.5781515615667,-0.01931670852335409,-0.019332165067399664,0.6666666666666666,0.7,-0.019300914637552315,-0.019313027362052346,0.26666666666666666,0.43333333333333335,-0.019490403176105387,4.411164736633333,1576.0
138,138.0,-0.024679371978604037,-0.018917024678090016,0.00048397651521919977,296.3989523248667,-0.019328378281925344,-0.01932991503845319,0.6333333333333333,0.7,-0.01931595525397253,-0.019303504703965125,0.3,0.4666666666666667,-0.019494889180404634,4.395984503233334,1600.0
139,139.0,-0.02467976780470852,-0.018919557924747858,0.0004839614429988998,294.3133454867667,-0.019328709319503687,-0.01932825023234366,0.6333333333333333,0.7,-0.01931509112198037,-0.01930284334658944,0.3,0.4666666666666667,-0.019497392240511193,4.509283394066667,1601.0
140,140.0,-0.02467976780470852,-0.018919557924747858,0.00048360263640710016,294.3133454867667,-0.019328709319503687,-0.01932825023234366,0.6333333333333333,0.7,-0.019314264210599754,-0.01931792585987175,0.26666666666666666,0.43333333333333335,-0.01949636296513263,4.4564936048,1625.0
141,141.0,-0.02467976780470852,-0.018919557924747858,0.0004835878067463002,294.3133454867667,-0.019328709319503687,-0.01932825023234366,0.6333333333333333,0.7,-0.01931457980578597,-0.01931692290102186,0.26666666666666666,0.43333333333333335,-0.01949887871535077,4.5242352719333345,1626.0
142,142.0,-0.02467976780470852,-0.018919557924747858,0.0004832347307804002,294.3133454867667,-0.019328709319503687,-0.01932825023234366,0.6333333333333333,0.7,-0.019305073850156278,-0.019315049070851673,0.26666666666666666,0.43333333333333335,-0.019495903738680154,4.639854879533333,1650.0
143,143.0,-0.02467976780470852,-0.018919557924747858,0.0004832201361731,294.3133454867667,-0.019328709319503687,-0.01932825023234366,0.6333333333333333,0.7,-0.019308162528063784,-0.01930968792153096,0.26666666666666666,0.43333333333333335,-0.019495055189207012,4.613133536666666,1651.0
144,144.0,-0.02467976780470852,-0.018919557924747858,0.00048287261481439966,294.3133454867667,-0.019328709319503687,-0.01932825023234366,0.6333333333333333,0.7,-0.01931085176717292,-0.019317784790021556,0.26666666666666666,0.43333333333333335,-0.019487468193792528,4.5322813128,1675.0
145,145.0,-0.02467976780470852,-0.018919557924747858,0.00048285824809480036,294.3133454867667,-0.019328709319503687,-0.01932825023234366,0.6333333333333333,0.7,-0.019308791914468642,-0.019318222970781118,0.26666666666666666,0.43333333333333335,-0.019487402168768708,4.560121410766667,1676.0
146,146.0,-0.024670470300145693,-0.018896730856682826,0.0004825161132495998,323.2835810421667,-0.01931105410965133,-0.019318749011083675,0.6333333333333333,0.6333333333333333,-0.01930653766364719,-0.019309160374616958,0.3,0.4666666666666667,-0.019472477864251547,4.727910914966666,1700.0
147,147.0,-0.024667126323745167,-0.018896814852584563,0.0004825019675722999,321.9747927499667,-0.019312731257285075,-0.01931717865685547,0.6666666666666666,0.6333333333333333,-0.019308889157960512,-0.019310831359516854,0.3,0.4666666666666667,-0.019472599212501735,4.6772286777,1701.0
148,148.0,-0.024667126323745167,-0.018896814852584563,0.0004821650586052002,321.9747927499667,-0.019312731257285075,-0.01931717865685547,0.6666666666666666,0.6333333333333333,-0.019314764098517505,-0.019313313933558653,0.3,0.4666666666666667,-0.019461001380604658,4.749888596866667,1725.0
149,149.0,-0.024667126323745167,-0.018896814852584563,0.00048215112742619996,321.9747927499667,-0.019312731257285075,-0.01931717865685547,0.6666666666666666,0.6333333333333333,-0.01931038451803556,-0.01931152682711774,0.3,0.4666666666666667,-0.019461865417368163,4.8559417741,1726.0
150,150.0,-0.024651857706718343,-0.018888804983589278,0.0004818330218803998,338.57187114666675,-0.019322765807809433,-0.019315664870216465,0.6333333333333333,0.6,-0.01930758423293362,-0.01930273955041439,0.26666666666666666,0.4666666666666667,-0.01946339596151549,4.804576586333334,1749.0
151,151.0,-0.02464872304842421,-0.01888945297995925,0.0004818192907271,332.4671855009332,-0.0193213253544466,-0.01931797267967593,0.6333333333333333,0.6333333333333333,-0.019308465250964586,-0.019305502721638508,0.26666666666666666,0.4666666666666667,-0.01946415633844765,4.7280401554,1750.0
152,152.0,-0.02464872304842421,-0.01888945297995925,0.0004818055677866003,332.4671855009332,-0.0193213253544466,-0.01931797267967593,0.6333333333333333,0.6333333333333333,-0.01930930952473447,-0.01930495518131753,0.26666666666666666,0.4666666666666667,-0.01946444006530796,4.767408037033334,1751.0
153,153.0,-0.02464872304842421,-0.01888945297995925,0.0004814786563680997,332.4671855009332,-0.0193213253544466,-0.01931797267967593,0.6333333333333333,0.6333333333333333,-0.01929446069737429,-0.019310037151661054,0.26666666666666666,0.43333333333333335,-0.019461536106885467,4.756154800800002,1775.0
154,154.0,-0.02464872304842421,-0.01888945297995925,0.0004814651356743002,332.4671855009332,-0.0193213253544466,-0.01931797267967593,0.6333333333333333,0.6333333333333333,-0.0192953340868148,-0.019309163963516545,0.26666666666666666,0.43333333333333335,-0.019462451494088883,4.811684623800001,1776.0
155,155.0,-0.02464841633286402,-0.018883464753188205,0.0004811430087981999,345.2045422874666,-0.01930907917781876,-0.019334768260393355,0.6333333333333333,0.6666666666666666,-0.019287817336595257,-0.019313581238074362,0.26666666666666666,0.4666666666666667,-0.01945673008590655,4.818381923966666,1800.0
156,156.0,-0.0246519242511947,-0.018884264566012745,0.0004811296846121,343.5770287103001,-0.019307990864949165,-0.019335039798023177,0.6333333333333333,0.6666666666666666,-0.019290657054942262,-0.019315291005458535,0.26666666666666666,0.4666666666666667,-0.019457614636335184,4.7652388299,1801.0
157,157.0,-0.0246519242511947,-0.018884264566012745,0.0004808122074412002,343.5770287103001,-0.019307990864949165,-0.019335039798023177,0.6333333333333333,0.6666666666666666,-0.019301331797487466,-0.019315697596353022,0.26666666666666666,0.43333333333333335,-0.019456796687990323,4.891102810566666,1825.0
158,158.0,-0.0246519242511947,-0.018884264566012745,0.00048079907426309975,343.5770287103001,-0.019307990864949165,-0.019335039798023177,0.6333333333333333,0.6666666666666666,-0.019298223402069412,-0.019314265024731703,0.26666666666666666,0.43333333333333335,-0.01945681728032821,4.850215030399999,1826.0
159,159.0,-0.0246519242511947,-0.018884264566012745,0.00048048611753729985,343.5770287103001,-0.019307990864949165,-0.019335039798023177,0.6333333333333333,0.6666666666666666,-0.01929099094291979,-0.019315748380518926,0.26666666666666666,0.5,-0.019453726684130528,5.048191104033334,1850.0
160,160.0,-0.0246519242511947,-0.018884264566012745,0.0004804731700930998,343.5770287103001,-0.019307990864949165,-0.019335039798023177,0.6333333333333333,0.6666666666666666,-0.019289171054076047,-0.0193116912763015,0.26666666666666666,0.5,-0.01945319612609124,4.9897751057,1851.0
161,161.0,-0.0246519242511947,-0.018884264566012745,0.0004801646098269997,343.5770287103001,-0.019307990864949165,-0.019335039798023177,0.6333333333333333,0.6666666666666666,-0.019292176708234566,-0.0193138764432833,0.26666666666666666,0.4666666666666667,-0.01943800653939643,5.0580532378,1875.0
162,162.0,-0.0246519242511947,-0.018884264566012745,0.0004801518430566,343.5770287103001,-0.019307990864949165,-0.019335039798023177,0.6333333333333333,0.6666666666666666,-0.019288592557629266,-0.019309914745249443,0.26666666666666666,0.4666666666666667,-0.019438198194871015,5.0464206525,1876.0
163,163.0,-0.024608731899737852,-0.018855343396365423,0.00047984756025759974,388.37708078726666,-0.019298640359829068,-0.019326881367469483,0.6666666666666666,0.7,-0.019289742372143356,-0.019321582557939303,0.3,0.5,-0.019425690208503668,5.061945143600001,1900.0
164,164.0,-0.024609583889281656,-0.01885656482646876,0.00047983496930309986,380.9305306539667,-0.01929890602020424,-0.019329584472787313,0.6666666666666666,0.7,-0.019288396227670226,-0.019322191206573282,0.3,0.5,-0.019426912408601348,4.790892190866666,1901.0
165,165.0,-0.024609583889281656,-0.01885656482646876,0.00047953484970800024,380.9305306539667,-0.01929890602020424,-0.019329584472787313,0.6666666666666666,0.7,-0.01930175826480985,-0.019325968216202354,0.3,0.4666666666666667,-0.019425694621512654,4.741566707733333,1925.0
166,166.0,-0.024609583889281656,-0.01885656482646876,0.00047952242990349986,380.9305306539667,-0.01929890602020424,-0.019329584472787313,0.6666666666666666,0.7,-0.019301150783531798,-0.019327134978944678,0.3,0.5,-0.01942431181710586,4.734554388333334,1926.0
167,167.0,-0.024609583889281656,-0.01885656482646876,0.00047922636373159977,380.9305306539667,-0.01929890602020424,-0.019329584472787313,0.6666666666666666,0.7,-0.019300271358237826,-0.01931866140854776,0.3,0.4666666666666667,-0.019417014754751712,4.877120677066666,1950.0
168,168.0,-0.024609583889281656,-0.01885656482646876,0.0004792141105930998,380.9305306539667,-0.01929890602020424,-0.019329584472787313,0.6666666666666666,0.7,-0.01929995134457073,-0.019319741434961405,0.3,0.4666666666666667,-0.01941906384428785,4.875223727966667,1951.0
169,169.0,-0.024609583889281656,-0.01885656482646876,0.00047892199231619996,380.9305306539667,-0.01929890602020424,-0.019329584472787313,0.6666666666666666,0.7,-0.019297237597814567,-0.01931942075278707,0.3,0.5,-0.0194190262113936,5.036352671566667,1975.0
170,170.0,-0.024609583889281656,-0.01885656482646876,0.00047890990153219966,380.9305306539667,-0.01929890602020424,-0.019329584472787313,0.6666666666666666,0.7,-0.019297042060813455,-0.019319914035156687,0.3,0.5,-0.01941926825881877,5.064701539266666,1976.0
171,171.0,-0.024594014699204286,-0.018846966590539763,0.0004786335684863998,370.801472978,-0.019314101622973808,-0.0193276201620142,0.6333333333333333,0.7333333333333333,-0.0193050088737262,-0.019320153374748173,0.3,0.5,-0.019414940891467468,4.4965136906,1999.0
172,172.0,-0.024595881082877122,-0.0188476646290448,0.0004786216296584997,336.9908869371,-0.019314916343475163,-0.019326690963605137,0.6333333333333333,0.7333333333333333,-0.01930556907760799,-0.019321974876668736,0.3,0.4666666666666667,-0.019415676124044493,4.216536381699999,2000.0
173,173.0,-0.05211204432181905,-0.050911034852192324,0.00036907233383619986,0.07291084893333334,0.05491344140314763,0.05535124251440222,0.0,0.0,,,0.0,0.0,,,0.0
174,174.0,-0.04560654421977361,-0.044563180550124634,0.00036572313070470003,0.08475292766666663,0.03477985510246935,0.035870100457552755,0.0,0.0,,,0.0,0.0,,,1.0
175,175.0,-0.03929430900703892,-0.03836997074767501,0.00035838338393629984,0.13611545576666667,0.016995772258348453,0.017065964446578423,0.0,0.0,,,0.0,0.0,,,4.0
176,176.0,-0.03758780790058088,-0.036684792900244526,0.0003565003752534003,0.15496192083333327,0.011271477389955134,0.011458625097135704,0.0,0.0,,,0.0,0.0,,,5.0
177,177.0,-0.03530287539252845,-0.03288683350632166,0.0003505529204351001,0.24706501863333333,0.0033910742303821834,0.0033684648733728413,0.0,0.0,,,0.0,0.0,,,9.0
178,178.0,-0.033915872940680866,-0.03123621324833937,0.0003493457212063999,0.26405266306666664,-0.0003972737891715997,-0.00021761691326533324,0.0,0.0,,,0.0,0.0,,,10.0
179,179.0,-0.03188759687161756,-0.028796898271218292,0.0003452409565916,0.35049602083333337,-0.00546443043310503,-0.005422034096381571,0.0,0.0,,,0.0,0.0,,,14.0
180,180.0,-0.03152568574791766,-0.0283221144360941,0.00034435666373260006,0.3730178577666667,-0.006234642969095649,-0.006261133501803199,0.0,0.0,,,0.0,0.0,,,15.0
181,181.0,-0.030585763521698433,-0.027073626123455936,0.0003412317467156,0.46533015036666664,-0.008209967979260267,-0.007925829538654497,0.0,0.0,,,0.0,0.0,,,19.0
182,182.0,-0.030125376255957972,-0.026513445296450493,0.0003405359690083001,0.5123506864333334,-0.009218484349486964,-0.008656525589498382,0.0,0.0,,,0.0,0.0,,,20.0
183,183.0,-0.030125376255957972,-0.026513445296450493,0.00033744572346769994,0.5123506864333334,-0.009218484349486964,-0.008656525589498382,0.0,0.0,,,0.0,0.0,,,25.0
184,184.0,-0.030125376255957972,-0.026513445296450493,0.0003368929374611001,0.5123506864333334,-0.009218484349486964,-0.008656525589498382,0.0,0.0,,,0.0,0.0,,,26.0
185,185.0,-0.030125376255957972,-0.026513445296450493,0.000327372245157,0.5123506864333334,-0.009218484349486964,-0.008656525589498382,0.0,0.0,,,0.0,0.0,,,50.0
186,186.0,-0.030125376255957972,-0.026513445296450493,0.00032707744004559984,0.5123506864333334,-0.009218484349486964,-0.008656525589498382,0.0,0.0,,,0.0,0.0,,,51.0
187,187.0,-0.030125376255957972,-0.026513445296450493,0.00032129612811809995,0.5123506864333334,-0.009218484349486964,-0.008656525589498382,0.0,0.0,,,0.0,0.0,,,75.0
188,188.0,-0.030125376255957972,-0.026513445296450493,0.00032109662470400016,0.5123506864333334,-0.009218484349486964,-0.008656525589498382,0.0,0.0,,,0.0,0.0,,,76.0
189,189.0,-0.026651401812647888,-0.021236407738795888,0.0003169571304631,19.669127142900003,-0.01723038083768225,-0.017023526752837265,0.03333333333333333,0.03333333333333333,,,0.0,0.0,,,100.0
190,190.0,-0.026665481951006223,-0.02118655283983019,0.0003168069482800998,19.639536528800004,-0.017225502346282087,-0.01702621776441609,0.03333333333333333,0.0,,,0.0,0.0,,,101.0
191,191.0,-0.026665481951006223,-0.02118655283983019,0.0003135904466692,19.639536528800004,-0.017225502346282087,-0.01702621776441609,0.03333333333333333,0.0,,,0.0,0.0,,,125.0
192,192.0,-0.026665481951006223,-0.02118655283983019,0.0003134703194993,19.639536528800004,-0.017225502346282087,-0.01702621776441609,0.03333333333333333,0.0,,,0.0,0.0,,,126.0
193,193.0,-0.026665481951006223,-0.02118655283983019,0.00031084465670429983,19.639536528800004,-0.017225502346282087,-0.01702621776441609,0.03333333333333333,0.0,,,0.0,0.0,,,150.0
194,194.0,-0.026665481951006223,-0.02118655283983019,0.00031074472237700013,19.639536528800004,-0.017225502346282087,-0.01702621776441609,0.03333333333333333,0.0,,,0.0,0.0,,,151.0
195,195.0,-0.026665481951006223,-0.02118655283983019,0.0003085292660738002,19.639536528800004,-0.017225502346282087,-0.01702621776441609,0.03333333333333333,0.0,,,0.0,0.0,,,175.0
196,196.0,-0.026665481951006223,-0.02118655283983019,0.00030844381252079987,19.639536528800004,-0.017225502346282087,-0.01702621776441609,0.03333333333333333,0.0,,,0.0,0.0,,,176.0
197,197.0,-0.02514795894892186,-0.01986800580278705,0.0003065295151565,11.1594478721,-0.018612077621850947,-0.0183156039815341,0.16666666666666666,0.1,,,0.0,0.0,,,200.0
198,198.0,-0.025151993287158336,-0.01987315217506815,0.00030645494269119995,12.421897480733334,-0.018610688457077782,-0.018312948996317708,0.16666666666666666,0.06666666666666667,,,0.0,0.0,,,201.0
199,199.0,-0.025151993287158336,-0.01987315217506815,0.00030477097157479994,12.421897480733334,-0.018610688457077782,-0.018312948996317708,0.16666666666666666,0.06666666666666667,,,0.0,0.0,,,225.0
200,200.0,-0.025151993287158336,-0.01987315217506815,0.00030470486780120003,12.421897480733334,-0.018610688457077782,-0.018312948996317708,0.16666666666666666,0.06666666666666667,,,0.0,0.0,,,226.0
201,201.0,-0.025151993287158336,-0.01987315217506815,0.0003032026427275002,12.421897480733334,-0.018610688457077782,-0.018312948996317708,0.16666666666666666,0.06666666666666667,,,0.0,0.0,,,250.0
202,202.0,-0.025151993287158336,-0.01987315217506815,0.00030314331330200003,12.421897480733334,-0.018610688457077782,-0.018312948996317708,0.16666666666666666,0.06666666666666667,,,0.0,0.0,,,251.0
203,203.0,-0.025151993287158336,-0.01987315217506815,0.000301788085357,12.421897480733334,-0.018610688457077782,-0.018312948996317708,0.16666666666666666,0.06666666666666667,,,0.0,0.0,,,275.0
204,204.0,-0.025151993287158336,-0.01987315217506815,0.00030173429542660013,12.421897480733334,-0.018610688457077782,-0.018312948996317708,0.16666666666666666,0.06666666666666667,,,0.0,0.0,,,276.0
205,205.0,-0.025152776393032743,-0.019719048489946333,0.0003005003618930002,19.947642849066668,-0.018815090886206712,-0.018606135128456134,0.2,0.23333333333333334,,,0.0,0.0,,,300.0
206,206.0,-0.025147130586374897,-0.0197148560814685,0.00030045118414499984,21.424334655066666,-0.018806723084657695,-0.01859696237331613,0.2,0.23333333333333334,,,0.0,0.0,,,301.0
207,207.0,-0.025147130586374897,-0.0197148560814685,0.00029931900601160017,21.424334655066666,-0.018806723084657695,-0.01859696237331613,0.2,0.23333333333333334,,,0.0,0.0,,,325.0
208,208.0,-0.025147130586374897,-0.0197148560814685,0.0002992737266479,21.424334655066666,-0.018806723084657695,-0.01859696237331613,0.2,0.23333333333333334,,,0.0,0.0,,,326.0
209,209.0,-0.025147130586374897,-0.0197148560814685,0.00029822810825609977,21.424334655066666,-0.018806723084657695,-0.01859696237331613,0.2,0.23333333333333334,,,0.0,0.0,,,350.0
210,210.0,-0.025147130586374897,-0.0197148560814685,0.00029818616629639997,21.424334655066666,-0.018806723084657695,-0.01859696237331613,0.2,0.23333333333333334,,,0.0,0.0,,,351.0
211,211.0,-0.025147130586374897,-0.0197148560814685,0.00029721505998950005,21.424334655066666,-0.018806723084657695,-0.01859696237331613,0.2,0.23333333333333334,,,0.0,0.0,,,375.0
212,212.0,-0.025147130586374897,-0.0197148560814685,0.0002971760066775001,21.424334655066666,-0.018806723084657695,-0.01859696237331613,0.2,0.23333333333333334,,,0.0,0.0,,,376.0
213,213.0,-0.025031261145057878,-0.019595070642275603,0.0002962697016661001,32.597363877099994,-0.018964082614299566,-0.018807802865494404,0.3,0.3,,,0.0,0.0,,,400.0
214,214.0,-0.02502104187388448,-0.019596603131050383,0.0002962331724939,32.926045702366665,-0.018951982626845828,-0.01879579381581136,0.26666666666666666,0.3,,,0.0,0.0,,,401.0
215,215.0,-0.02502104187388448,-0.019596603131050383,0.0002953837288047002,32.926045702366665,-0.018951982626845828,-0.01879579381581136,0.26666666666666666,0.3,,,0.0,0.0,,,425.0
216,216.0,-0.02502104187388448,-0.019596603131050383,0.00029534942372820024,32.926045702366665,-0.018951982626845828,-0.01879579381581136,0.26666666666666666,0.3,,,0.0,0.0,,,426.0
217,217.0,-0.02502104187388448,-0.019596603131050383,0.0002945502675082,32.926045702366665,-0.018951982626845828,-0.01879579381581136,0.26666666666666666,0.3,,,0.0,0.0,,,450.0
218,218.0,-0.02502104187388448,-0.019596603131050383,0.00029451793663890007,32.926045702366665,-0.018951982626845828,-0.01879579381581136,0.26666666666666666,0.3,,,0.0,0.0,,,451.0
219,219.0,-0.02502104187388448,-0.019596603131050383,0.0002937635646466,32.926045702366665,-0.018951982626845828,-0.01879579381581136,0.26666666666666666,0.3,,,0.0,0.0,,,475.0
220,220.0,-0.02502104187388448,-0.019596603131050383,0.00029373299769689987,32.926045702366665,-0.018951982626845828,-0.01879579381581136,0.26666666666666666,0.3,,,0.0,0.0,,,476.0
221,221.0,-0.024933213630434325,-0.019443234070749917,0.0002930187574720999,46.54500923886666,-0.01900503225386264,-0.01892534998347323,0.3,0.36666666666666664,,,0.0,0.0,,,500.0
222,222.0,-0.024934662920255556,-0.019442012813797552,0.0002929897758339,47.21790956163333,-0.019012897591082857,-0.01893433314136559,0.3,0.36666666666666664,,,0.0,0.0,,,501.0
223,223.0,-0.024934662920255556,-0.019442012813797552,0.0002923116994432001,47.21790956163333,-0.019012897591082857,-0.01893433314136559,0.3,0.36666666666666664,,,0.0,0.0,,,525.0
224,224.0,-0.024934662920255556,-0.019442012813797552,0.0002922841501490001,47.21790956163333,-0.019012897591082857,-0.01893433314136559,0.3,0.36666666666666664,,,0.0,0.0,,,526.0
225,225.0,-0.024934662920255556,-0.019442012813797552,0.0002916388265835999,47.21790956163333,-0.019012897591082857,-0.01893433314136559,0.3,0.36666666666666664,,,0.0,0.0,,,550.0
226,226.0,-0.024934662920255556,-0.019442012813797552,0.0002916125776384998,47.21790956163333,-0.019012897591082857,-0.01893433314136559,0.3,0.36666666666666664,,,0.0,0.0,,,551.0
227,227.0,-0.024934662920255556,-0.019442012813797552,0.00029099705356989985,47.21790956163333,-0.019012897591082857,-0.01893433314136559,0.3,0.36666666666666664,,,0.0,0.0,,,575.0
228,228.0,-0.024934662920255556,-0.019442012813797552,0.00029097199029739997,47.21790956163333,-0.019012897591082857,-0.01893433314136559,0.3,0.36666666666666664,,,0.0,0.0,,,576.0
229,229.0,-0.024882091756116897,-0.019385263569639252,0.0002903836919585999,62.20972139286666,-0.019131358682698406,-0.01902744231488483,0.3333333333333333,0.4,,,0.0,0.0,,,600.0
230,230.0,-0.024897701835752194,-0.019393787028976952,0.0002903597141081001,62.47615761586667,-0.019135838708420005,-0.019027246771253135,0.3,0.4,,,0.0,0.0,,,601.0
231,231.0,-0.024897701835752194,-0.019393787028976952,0.0002897963851304,62.47615761586667,-0.019135838708420005,-0.019027246771253135,0.3,0.4,,,0.0,0.0,,,625.0
232,232.0,-0.024897701835752194,-0.019393787028976952,0.00028977340456289995,62.47615761586667,-0.019135838708420005,-0.019027246771253135,0.3,0.4,,,0.0,0.0,,,626.0
233,233.0,-0.024897701835752194,-0.019393787028976952,0.00028923305601499984,62.47615761586667,-0.019135838708420005,-0.019027246771253135,0.3,0.4,,,0.0,0.0,,,650.0
234,234.0,-0.024897701835752194,-0.019393787028976952,0.00028921099483410017,62.47615761586667,-0.019135838708420005,-0.019027246771253135,0.3,0.4,,,0.0,0.0,,,651.0
235,235.0,-0.024897701835752194,-0.019393787028976952,0.0002886918647018002,62.47615761586667,-0.019135838708420005,-0.019027246771253135,0.3,0.4,,,0.0,0.0,,,675.0
236,236.0,-0.024897701835752194,-0.019393787028976952,0.0002886706537311,62.47615761586667,-0.019135838708420005,-0.019027246771253135,0.3,0.4,,,0.0,0.0,,,676.0
237,237.0,-0.024874320968737113,-0.01930457836128935,0.00028817117377609984,78.89347271483334,-0.019158600256436124,-0.019090682808468422,0.36666666666666664,0.36666666666666664,,,0.0,0.0,,,700.0
238,238.0,-0.02487002774747774,-0.019307170705543653,0.00028815075130900013,79.64267137306666,-0.019158347865128666,-0.019098503924679603,0.36666666666666664,0.36666666666666664,,,0.0,0.0,,,701.0
239,239.0,-0.02487002774747774,-0.019307170705543653,0.00028766951975459976,79.64267137306666,-0.019158347865128666,-0.019098503924679603,0.36666666666666664,0.36666666666666664,,,0.0,0.0,,,725.0
240,240.0,-0.02487002774747774,-0.019307170705543653,0.00028764983051979986,79.64267137306666,-0.019158347865128666,-0.019098503924679603,0.36666666666666664,0.36666666666666664,,,0.0,0.0,,,726.0
241,241.0,-0.02487002774747774,-0.019307170705543653,0.00028718558937530005,79.64267137306666,-0.019158347865128666,-0.019098503924679603,0.36666666666666664,0.36666666666666664,,,0.0,0.0,,,750.0
242,242.0,-0.02487002774747774,-0.019307170705543653,0.0002871665836752002,79.64267137306666,-0.019158347865128666,-0.019098503924679603,0.36666666666666664,0.36666666666666664,,,0.0,0.0,,,751.0
243,243.0,-0.02487002774747774,-0.019307170705543653,0.00028671819978740015,79.64267137306666,-0.019158347865128666,-0.019098503924679603,0.36666666666666664,0.36666666666666664,,,0.0,0.0,,,775.0
244,244.0,-0.02487002774747774,-0.019307170705543653,0.0002866998327755,79.64267137306666,-0.019158347865128666,-0.019098503924679603,0.36666666666666664,0.36666666666666664,,,0.0,0.0,,,776.0
245,245.0,-0.024895658693101595,-0.019328875896682144,0.00028626628189599995,99.0680983754,-0.019194963815028273,-0.01919843363329828,0.36666666666666664,0.36666666666666664,,,0.0,0.0,,,800.0
246,246.0,-0.02490023667342981,-0.019329985002695428,0.00028624851296779976,100.5922838046,-0.019196652386332655,-0.01919657376720967,0.36666666666666664,0.36666666666666664,,,0.0,0.0,,,801.0
247,247.0,-0.02490023667342981,-0.019329985002695428,0.0002858288662780999,100.5922838046,-0.019196652386332655,-0.01919657376720967,0.36666666666666664,0.36666666666666664,,,0.0,0.0,,,825.0
248,248.0,-0.02490023667342981,-0.019329985002695428,0.000285811658554,100.5922838046,-0.019196652386332655,-0.01919657376720967,0.36666666666666664,0.36666666666666664,,,0.0,0.0,,,826.0
249,249.0,-0.02490023667342981,-0.019329985002695428,0.00028540507120870004,100.5922838046,-0.019196652386332655,-0.01919657376720967,0.36666666666666664,0.36666666666666664,,,0.0,0.0,,,850.0
250,250.0,-0.02490023667342981,-0.019329985002695428,0.0002853883910938998,100.5922838046,-0.019196652386332655,-0.01919657376720967,0.36666666666666664,0.36666666666666664,,,0.0,0.0,,,851.0
251,251.0,-0.02490023667342981,-0.019329985002695428,0.0002849940924288999,100.5922838046,-0.019196652386332655,-0.01919657376720967,0.36666666666666664,0.36666666666666664,,,0.0,0.0,,,875.0
252,252.0,-0.02490023667342981,-0.019329985002695428,0.0002849779092358,100.5922838046,-0.019196652386332655,-0.01919657376720967,0.36666666666666664,0.36666666666666664,,,0.0,0.0,,,876.0
253,253.0,-0.024827947106042043,-0.01928282338614333,0.0002845951943609999,119.50182150320002,-0.01922446004153933,-0.01921196956498319,0.4,0.5,,,0.0,0.0,,,900.0
254,254.0,-0.024820263086583402,-0.019284507365256283,0.0002845794799841001,121.49526426693332,-0.019215529075305753,-0.019210501146535275,0.4,0.5,,,0.0,0.0,,,901.0
255,255.0,-0.024820263086583402,-0.019284507365256283,0.0002842077025318,121.49526426693332,-0.019215529075305753,-0.019210501146535275,0.4,0.5,,,0.0,0.0,,,925.0
256,256.0,-0.024820263086583402,-0.019284507365256283,0.00028419243116729995,121.49526426693332,-0.019215529075305753,-0.019210501146535275,0.4,0.5,,,0.0,0.0,,,926.0
257,257.0,-0.024820263086583402,-0.019284507365256283,0.0002838309970111999,121.49526426693332,-0.019215529075305753,-0.019210501146535275,0.4,0.5,,,0.0,0.0,,,950.0
258,258.0,-0.024820263086583402,-0.019284507365256283,0.000283816144913,121.49526426693332,-0.019215529075305753,-0.019210501146535275,0.4,0.5,,,0.0,0.0,,,951.0
259,259.0,-0.024820263086583402,-0.019284507365256283,0.00028346450670569995,121.49526426693332,-0.019215529075305753,-0.019210501146535275,0.4,0.5,,,0.0,0.0,,,975.0
260,260.0,-0.024820263086583402,-0.019284507365256283,0.00028345005197320003,121.49526426693332,-0.019215529075305753,-0.019210501146535275,0.4,0.5,,,0.0,0.0,,,976.0
261,261.0,-0.024837623327263646,-0.019227914978121496,0.0002831077043783999,144.61383879643333,-0.01923509500231068,-0.01923118064688578,0.36666666666666664,0.4666666666666667,,,0.0,0.0,,,1000.0
262,262.0,-0.024846057565455403,-0.019225334578764353,0.0002830936267708,141.9437221724667,-0.019239997009420032,-0.01923672395236281,0.36666666666666664,0.4666666666666667,,,0.0,0.0,,,1001.0
263,263.0,-0.024846057565455403,-0.019225334578764353,0.00028276010228669995,141.9437221724667,-0.019239997009420032,-0.01923672395236281,0.36666666666666664,0.4666666666666667,,,0.0,0.0,,,1025.0
264,264.0,-0.024846057565455403,-0.019225334578764353,0.0002827463830599001,141.9437221724667,-0.019239997009420032,-0.01923672395236281,0.36666666666666664,0.4666666666666667,,,0.0,0.0,,,1026.0
265,265.0,-0.024846057565455403,-0.019225334578764353,0.0002824212483475001,141.9437221724667,-0.019239997009420032,-0.01923672395236281,0.36666666666666664,0.4666666666666667,,,0.0,0.0,,,1050.0
266,266.0,-0.024846057565455403,-0.019225334578764353,0.0002824078701106,141.9437221724667,-0.019239997009420032,-0.01923672395236281,0.36666666666666664,0.4666666666666667,,,0.0,0.0,,,1051.0
267,267.0,-0.024846057565455403,-0.019225334578764353,0.00028209072275640017,141.9437221724667,-0.019239997009420032,-0.01923672395236281,0.36666666666666664,0.4666666666666667,,,0.0,0.0,,,1075.0
268,268.0,-0.024846057565455403,-0.019225334578764353,0.0002820776693450999,141.9437221724667,-0.019239997009420032,-0.01923672395236281,0.36666666666666664,0.4666666666666667,,,0.0,0.0,,,1076.0
269,269.0,-0.024779374387571333,-0.019183872598480742,0.0002817681349969998,161.9732749297,-0.019249875321383572,-0.01922770635033391,0.36666666666666664,0.4666666666666667,,,0.0,0.0,,,1100.0
270,270.0,-0.024782233846815317,-0.019180771314668818,0.0002817553913613999,162.94551247246665,-0.019246958968389908,-0.019227281689820172,0.4,0.4666666666666667,,,0.0,0.0,,,1101.0
271,271.0,-0.024782233846815317,-0.019180771314668818,0.0002814531211886999,162.94551247246665,-0.019246958968389908,-0.019227281689820172,0.4,0.4666666666666667,,,0.0,0.0,,,1125.0
272,272.0,-0.024782233846815317,-0.019180771314668818,0.0002814406732933002,162.94551247246665,-0.019246958968389908,-0.019227281689820172,0.4,0.4666666666666667,,,0.0,0.0,,,1126.0
273,273.0,-0.024782233846815317,-0.019180771314668818,0.0002811453417266001,162.94551247246665,-0.019246958968389908,-0.019227281689820172,0.4,0.4666666666666667,,,0.0,0.0,,,1150.0
274,274.0,-0.024782233846815317,-0.019180771314668818,0.00028113317646150007,162.94551247246665,-0.019246958968389908,-0.019227281689820172,0.4,0.4666666666666667,,,0.0,0.0,,,1151.0
275,275.0,-0.024782233846815317,-0.019180771314668818,0.000280844479177,162.94551247246665,-0.019246958968389908,-0.019227281689820172,0.4,0.4666666666666667,,,0.0,0.0,,,1175.0
276,276.0,-0.024782233846815317,-0.019180771314668818,0.0002808325842787,162.94551247246665,-0.019246958968389908,-0.019227281689820172,0.4,0.4666666666666667,,,0.0,0.0,,,1176.0
277,277.0,-0.02479888702822325,-0.019170173313689365,0.00028055023639560016,186.6364318305,-0.01925878803113507,-0.019281750761951093,0.4666666666666667,0.5,,,0.0,0.0,,,1200.0
278,278.0,-0.024799956415549464,-0.01918911045517264,0.0002805386003759002,190.81147482006898,-0.01926157290807812,-0.01928316294268503,0.4666666666666667,0.4666666666666667,,,0.0,0.0,,,1201.0
279,279.0,-0.024799956415549464,-0.01918911045517264,0.0002802623348410001,190.81147482006898,-0.01926157290807812,-0.01928316294268503,0.4666666666666667,0.4666666666666667,,,0.0,0.0,,,1225.0
280,280.0,-0.024799956415549464,-0.01918911045517264,0.0002802509469233001,190.81147482006898,-0.01926157290807812,-0.01928316294268503,0.4666666666666667,0.4666666666666667,,,0.0,0.0,,,1226.0
281,281.0,-0.024756214559172905,-0.019150956872199983,0.0002799916723299002,202.52989033186668,-0.01928661358971218,-0.01930222678903813,0.4666666666666667,0.5333333333333333,,,0.0,0.0,,,1249.0
282,282.0,-0.024754164019423364,-0.0191473506436022,0.0002799805130589999,208.41247181996673,-0.019290212385539282,-0.01930558456722558,0.43333333333333335,0.5333333333333333,,,0.0,0.0,,,1250.0
283,283.0,-0.024754164019423364,-0.0191473506436022,0.0002799693631206,208.41247181996673,-0.019290212385539282,-0.01930558456722558,0.43333333333333335,0.5333333333333333,,,0.0,0.0,,,1251.0
284,284.0,-0.024754164019423364,-0.0191473506436022,0.00027970452531810014,208.41247181996673,-0.019290212385539282,-0.01930558456722558,0.43333333333333335,0.5333333333333333,,,0.0,0.0,,,1275.0
285,285.0,-0.024754164019423364,-0.0191473506436022,0.00027969360383899987,208.41247181996673,-0.019290212385539282,-0.01930558456722558,0.43333333333333335,0.5333333333333333,,,0.0,0.0,,,1276.0
286,286.0,-0.024778522686645734,-0.019161721988083958,0.00027943414037829976,218.00286586376663,-0.01928694332489167,-0.01931468269991698,0.5,0.5,,,0.0,0.0,,,1300.0
287,287.0,-0.02477679495321456,-0.019160072736906116,0.0002794234383942001,222.31299377993335,-0.019289491314342957,-0.01931954852795641,0.4666666666666667,0.5,,,0.0,0.0,,,1301.0
288,288.0,-0.02477679495321456,-0.019160072736906116,0.0002791691403779002,222.31299377993335,-0.019289491314342957,-0.01931954852795641,0.4666666666666667,0.5,,,0.0,0.0,,,1325.0
289,289.0,-0.02477679495321456,-0.019160072736906116,0.0002791586494381002,222.31299377993335,-0.019289491314342957,-0.01931954852795641,0.4666666666666667,0.5,,,0.0,0.0,,,1326.0
290,290.0,-0.02477679495321456,-0.019160072736906116,0.00027890931982480003,222.31299377993335,-0.019289491314342957,-0.01931954852795641,0.4666666666666667,0.5,,,0.0,0.0,,,1350.0
291,291.0,-0.02477679495321456,-0.019160072736906116,0.0002788990319534999,222.31299377993335,-0.019289491314342957,-0.01931954852795641,0.4666666666666667,0.5,,,0.0,0.0,,,1351.0
292,292.0,-0.02477679495321456,-0.019160072736906116,0.00027865448468069985,222.31299377993335,-0.019289491314342957,-0.01931954852795641,0.4666666666666667,0.5,,,0.0,0.0,,,1375.0
293,293.0,-0.02477679495321456,-0.019160072736906116,0.0002786443923426998,222.31299377993335,-0.019289491314342957,-0.01931954852795641,0.4666666666666667,0.5,,,0.0,0.0,,,1376.0
294,294.0,-0.024780919049748964,-0.019154377668421086,0.0002784044515288999,245.74898258023333,-0.019295143558266167,-0.01931862274988582,0.5333333333333333,0.4666666666666667,,,0.0,0.0,,,1400.0
295,295.0,-0.02478104607882178,-0.01915485091995983,0.0002783945475974999,245.20695658453332,-0.019295111475971804,-0.01931258313701997,0.5,0.4666666666666667,,,0.0,0.0,,,1401.0
296,296.0,-0.02478104607882178,-0.01915485091995983,0.0002781590468156,245.20695658453332,-0.019295111475971804,-0.01931258313701997,0.5,0.4666666666666667,,,0.0,0.0,,,1425.0
297,297.0,-0.02478104607882178,-0.01915485091995983,0.0002781493245438,245.20695658453332,-0.019295111475971804,-0.01931258313701997,0.5,0.4666666666666667,,,0.0,0.0,,,1426.0
298,298.0,-0.02478104607882178,-0.01915485091995983,0.0002779181061581,245.20695658453332,-0.019295111475971804,-0.01931258313701997,0.5,0.4666666666666667,,,0.0,0.0,,,1450.0
299,299.0,-0.02478104607882178,-0.01915485091995983,0.0002779085591521,245.20695658453332,-0.019295111475971804,-0.01931258313701997,0.5,0.4666666666666667,,,0.0,0.0,,,1451.0
300,300.0,-0.02478104607882178,-0.01915485091995983,0.0002776814737118,245.20695658453332,-0.019295111475971804,-0.01931258313701997,0.5,0.4666666666666667,,,0.0,0.0,,,1475.0
301,301.0,-0.02478104607882178,-0.01915485091995983,0.00027767209590709983,245.20695658453332,-0.019295111475971804,-0.01931258313701997,0.5,0.4666666666666667,,,0.0,0.0,,,1476.0
302,302.0,-0.02476665745482191,-0.01914475862471291,0.0002774582223832,280.4708159707,-0.01932529085707204,-0.019334255698641684,0.5,0.5333333333333333,,,0.0,0.0,,,1499.0
303,303.0,-0.024762493131955852,-0.019141686429955434,0.00027744900159150013,272.1702147104,-0.019325661162576394,-0.019332542350384223,0.5,0.5666666666666667,,,0.0,0.0,,,1500.0
304,304.0,-0.024766736754689996,-0.01914225041784682,0.00027743978723069994,273.14289601440004,-0.01932333544971316,-0.019332693385579452,0.5,0.5666666666666667,,,0.0,0.0,,,1501.0
305,305.0,-0.024766736754689996,-0.01914225041784682,0.0002772205493405999,273.14289601440004,-0.01932333544971316,-0.019332693385579452,0.5,0.5666666666666667,,,0.0,0.0,,,1525.0
306,306.0,-0.024766736754689996,-0.01914225041784682,0.0002772114929528002,273.14289601440004,-0.01932333544971316,-0.019332693385579452,0.5,0.5666666666666667,,,0.0,0.0,,,1526.0
307,307.0,-0.024766736754689996,-0.01914225041784682,0.00027699598344319985,273.14289601440004,-0.01932333544971316,-0.019332693385579452,0.5,0.5666666666666667,,,0.0,0.0,,,1550.0
308,308.0,-0.024766736754689996,-0.01914225041784682,0.00027698707982570006,273.14289601440004,-0.01932333544971316,-0.019332693385579452,0.5,0.5666666666666667,,,0.0,0.0,,,1551.0
309,309.0,-0.024766736754689996,-0.01914225041784682,0.00027677517687620004,273.14289601440004,-0.01932333544971316,-0.019332693385579452,0.5,0.5666666666666667,,,0.0,0.0,,,1575.0
310,310.0,-0.024766736754689996,-0.01914225041784682,0.00027676642107720014,273.14289601440004,-0.01932333544971316,-0.019332693385579452,0.5,0.5666666666666667,,,0.0,0.0,,,1576.0
311,311.0,-0.024749882737404787,-0.019147760431297126,0.00027655800869670003,302.17772158583335,-0.019332063614032884,-0.01933617078239653,0.5,0.5,,,0.0,0.0,,,1600.0
312,312.0,-0.024750030102125453,-0.019150234961112178,0.00027654939599940006,295.09532721716664,-0.01933408722024508,-0.019335859589356328,0.5,0.5,,,0.0,0.0,,,1601.0
313,313.0,-0.024750030102125453,-0.019150234961112178,0.0002763443636611999,295.09532721716664,-0.01933408722024508,-0.019335859589356328,0.5,0.5,,,0.0,0.0,,,1625.0
314,314.0,-0.024750030102125453,-0.019150234961112178,0.00027633588956930006,295.09532721716664,-0.01933408722024508,-0.019335859589356328,0.5,0.5,,,0.0,0.0,,,1626.0
315,315.0,-0.024750030102125453,-0.019150234961112178,0.0002761341318745,295.09532721716664,-0.01933408722024508,-0.019335859589356328,0.5,0.5,,,0.0,0.0,,,1650.0
316,316.0,-0.024750030102125453,-0.019150234961112178,0.00027612579209889993,295.09532721716664,-0.01933408722024508,-0.019335859589356328,0.5,0.5,,,0.0,0.0,,,1651.0
317,317.0,-0.024750030102125453,-0.019150234961112178,0.0002759272084654,295.09532721716664,-0.01933408722024508,-0.019335859589356328,0.5,0.5,,,0.0,0.0,,,1675.0
318,318.0,-0.024750030102125453,-0.019150234961112178,0.0002759189989113,295.09532721716664,-0.01933408722024508,-0.019335859589356328,0.5,0.5,,,0.0,0.0,,,1676.0
319,319.0,-0.02474775880846876,-0.019126127710395437,0.00027572349328549976,329.68821169919994,-0.0192995616395268,-0.019313699564675317,0.4666666666666667,0.5333333333333333,,,0.0,0.0,,,1700.0
320,320.0,-0.02474775081091729,-0.0191261428454608,0.0002757154100412999,332.0089639579,-0.019302750131399926,-0.019314431178102196,0.4666666666666667,0.5333333333333333,,,0.0,0.0,,,1701.0
321,321.0,-0.02474775081091729,-0.0191261428454608,0.00027552289063150013,332.0089639579,-0.019302750131399926,-0.019314431178102196,0.4666666666666667,0.5333333333333333,,,0.0,0.0,,,1725.0
322,322.0,-0.02474775081091729,-0.0191261428454608,0.00027551492995780004,332.0089639579,-0.019302750131399926,-0.019314431178102196,0.4666666666666667,0.5333333333333333,,,0.0,0.0,,,1726.0
323,323.0,-0.02472963179622613,-0.0191179270430055,0.0002753331553602002,338.88467237839996,-0.019314159078328796,-0.019307020932748095,0.43333333333333335,0.5,,,0.0,0.0,,,1749.0
324,324.0,-0.024728878578615325,-0.019118617035997657,0.0002753253089869001,337.8830707903,-0.019312808582857353,-0.019307737896413654,0.43333333333333335,0.5,,,0.0,0.0,,,1750.0
325,325.0,-0.024728878578615325,-0.019118617035997657,0.0002753174673066001,337.8830707903,-0.019312808582857353,-0.019307737896413654,0.43333333333333335,0.5,,,0.0,0.0,,,1751.0
326,326.0,-0.024728878578615325,-0.019118617035997657,0.00027513066078180005,337.8830707903,-0.019312808582857353,-0.019307737896413654,0.43333333333333335,0.5,,,0.0,0.0,,,1775.0
327,327.0,-0.024728878578615325,-0.019118617035997657,0.00027512293467100014,337.8830707903,-0.019312808582857353,-0.019307737896413654,0.43333333333333335,0.5,,,0.0,0.0,,,1776.0
328,328.0,-0.024747413934200838,-0.019112464167940015,0.0002749388621704,354.8684175477334,-0.01930214195166733,-0.019325573425315323,0.4666666666666667,0.6,,,0.0,0.0,,,1800.0
329,329.0,-0.024749642875549684,-0.019113255059659696,0.00027493124834979994,351.7031376977332,-0.019301903919946715,-0.019324281072400005,0.4666666666666667,0.6,,,0.0,0.0,,,1801.0
330,330.0,-0.024749642875549684,-0.019113255059659696,0.00027474983282349996,351.7031376977332,-0.019301903919946715,-0.019324281072400005,0.4666666666666667,0.6,,,0.0,0.0,,,1825.0
331,331.0,-0.024749642875549684,-0.019113255059659696,0.0002747423281503,351.7031376977332,-0.019301903919946715,-0.019324281072400005,0.4666666666666667,0.6,,,0.0,0.0,,,1826.0
332,332.0,-0.024749642875549684,-0.019113255059659696,0.00027456349573560016,351.7031376977332,-0.019301903919946715,-0.019324281072400005,0.4666666666666667,0.6,,,0.0,0.0,,,1850.0
333,333.0,-0.024749642875549684,-0.019113255059659696,0.000274556097196,351.7031376977332,-0.019301903919946715,-0.019324281072400005,0.4666666666666667,0.6,,,0.0,0.0,,,1851.0
334,334.0,-0.024749642875549684,-0.019113255059659696,0.0002743797770440001,351.7031376977332,-0.019301903919946715,-0.019324281072400005,0.4666666666666667,0.6,,,0.0,0.0,,,1875.0
335,335.0,-0.024749642875549684,-0.019113255059659696,0.0002743724817466001,351.7031376977332,-0.019301903919946715,-0.019324281072400005,0.4666666666666667,0.6,,,0.0,0.0,,,1876.0
336,336.0,-0.024677344182817453,-0.019083170757694036,0.0002741986058614999,376.1605380010333,-0.019306053902945333,-0.01932966320317977,0.4666666666666667,0.5666666666666667,,,0.0,0.0,,,1900.0
337,337.0,-0.024678529762523795,-0.019084378151253623,0.00027419141103030004,375.99074363326673,-0.019307621015737627,-0.0193314320986991,0.4666666666666667,0.5666666666666667,,,0.0,0.0,,,1901.0
338,338.0,-0.024678529762523795,-0.019084378151253623,0.00027401991411880004,375.99074363326673,-0.019307621015737627,-0.0193314320986991,0.4666666666666667,0.5666666666666667,,,0.0,0.0,,,1925.0
339,339.0,-0.024678529762523795,-0.019084378151253623,0.0002740128170877001,375.99074363326673,-0.019307621015737627,-0.0193314320986991,0.4666666666666667,0.5666666666666667,,,0.0,0.0,,,1926.0
340,340.0,-0.024678529762523795,-0.019084378151253623,0.000273843636418,375.99074363326673,-0.019307621015737627,-0.0193314320986991,0.4666666666666667,0.5666666666666667,,,0.0,0.0,,,1950.0
341,341.0,-0.024678529762523795,-0.019084378151253623,0.0002738366346245999,375.99074363326673,-0.019307621015737627,-0.0193314320986991,0.4666666666666667,0.5666666666666667,,,0.0,0.0,,,1951.0
342,342.0,-0.024678529762523795,-0.019084378151253623,0.00027366970989500003,375.99074363326673,-0.019307621015737627,-0.0193314320986991,0.4666666666666667,0.5666666666666667,,,0.0,0.0,,,1975.0
343,343.0,-0.024678529762523795,-0.019084378151253623,0.00027366280087549985,375.99074363326673,-0.019307621015737627,-0.0193314320986991,0.4666666666666667,0.5666666666666667,,,0.0,0.0,,,1976.0
344,344.0,-0.024689107137265534,-0.019073668093103922,0.0002735048962779,397.0305353214333,-0.019316824166948635,-0.01933519114251268,0.5333333333333333,0.6,,,0.0,0.0,,,1999.0
345,345.0,-0.02469149259400127,-0.01907439592309028,0.0002734980740904999,354.7329883173,-0.019317783233941347,-0.01933402706171148,0.5666666666666667,0.6,,,0.0,0.0,,,2000.0
346,346.0,-0.0521448219773586,-0.05152184064330497,0.00018453616691809993,0.0730819057,0.05480338065014919,0.05543932860567242,0.0,0.0,,,0.0,0.0,,,0.0
347,347.0,-0.0456528834348804,-0.045100579919536685,0.0001828615653523,0.08739222006666666,0.03620263686485593,0.037653089572887245,0.0,0.0,,,0.0,0.0,,,1.0
348,348.0,-0.039329149146457174,-0.038827646781573424,0.0001791916919680999,0.1375599645333333,0.01828029034752279,0.018497297622309682,0.0,0.0,,,0.0,0.0,,,4.0
349,349.0,-0.03760676319407968,-0.03711488326697015,0.00017825018762670014,0.16070964606666668,0.01201028092415047,0.01211598116828976,0.0,0.0,,,0.0,0.0,,,5.0
350,350.0,-0.03534103442365259,-0.03327762593056833,0.00017527646021749986,0.24756647003333335,0.0036575910422591367,0.003660176452529008,0.0,0.0,,,0.0,0.0,,,9.0
351,351.0,-0.034048497603381245,-0.031619818036506056,0.00017467286060319996,0.2633829538333333,-9.416236269700212e-07,7.428368700119013e-05,0.0,0.0,,,0.0,0.0,,,10.0
352,352.0,-0.03210714873338355,-0.029151545076912075,0.0001726204782958,0.35200187479999995,-0.005187824883274717,-0.0051192073423587435,0.0,0.0,,,0.0,0.0,,,14.0
353,353.0,-0.03173772672009447,-0.02869285195082227,0.00017217833186630003,0.3721403105666667,-0.005789135255582,-0.0058310446464254866,0.0,0.0,,,0.0,0.0,,,15.0
354,354.0,-0.030635222873035835,-0.027418294942245614,0.0001706158733578,0.4659502210666666,-0.007950947811252386,-0.0076443646592739365,0.0,0.0,,,0.0,0.0,,,19.0
355,355.0,-0.030226094177592512,-0.02684492382654036,0.00017026798450410003,0.5195845548333333,-0.008998962086234913,-0.008395760912975439,0.0,0.0,,,0.0,0.0,,,20.0
356,356.0,-0.030226094177592512,-0.02684492382654036,0.0001687228617338,0.5195845548333333,-0.008998962086234913,-0.008395760912975439,0.0,0.0,,,0.0,0.0,,,25.0
357,357.0,-0.030226094177592512,-0.02684492382654036,0.00016844646873049986,0.5195845548333333,-0.008998962086234913,-0.008395760912975439,0.0,0.0,,,0.0,0.0,,,26.0
358,358.0,-0.030226094177592512,-0.02684492382654036,0.0001636861225785,0.5195845548333333,-0.008998962086234913,-0.008395760912975439,0.0,0.0,,,0.0,0.0,,,50.0
359,359.0,-0.030226094177592512,-0.02684492382654036,0.00016353872002279992,0.5195845548333333,-0.008998962086234913,-0.008395760912975439,0.0,0.0,,,0.0,0.0,,,51.0
360,360.0,-0.030226094177592512,-0.02684492382654036,0.00016064806405899996,0.5195845548333333,-0.008998962086234913,-0.008395760912975439,0.0,0.0,,,0.0,0.0,,,75.0
361,361.0,-0.030226094177592512,-0.02684492382654036,0.00016054831235200008,0.5195845548333333,-0.008998962086234913,-0.008395760912975439,0.0,0.0,,,0.0,0.0,,,76.0
362,362.0,-0.026709316185906964,-0.021467344060976123,0.0001584785652315,19.62735731013333,-0.017132576979871975,-0.016902712083133653,0.03333333333333333,0.0,,,0.0,0.0,,,100.0
363,363.0,-0.026715986452026944,-0.021416381241629846,0.00015840347414000002,19.705379625366668,-0.017151284904877592,-0.016922485091631263,0.03333333333333333,0.0,,,0.0,0.0,,,101.0
364,364.0,-0.026715986452026944,-0.021416381241629846,0.0001567952233346,19.705379625366668,-0.017151284904877592,-0.016922485091631263,0.03333333333333333,0.0,,,0.0,0.0,,,125.0
365,365.0,-0.026715986452026944,-0.021416381241629846,0.0001567351597496,19.705379625366668,-0.017151284904877592,-0.016922485091631263,0.03333333333333333,0.0,,,0.0,0.0,,,126.0
366,366.0,-0.026715986452026944,-0.021416381241629846,0.00015542232835210004,19.705379625366668,-0.017151284904877592,-0.016922485091631263,0.03333333333333333,0.0,,,0.0,0.0,,,150.0
367,367.0,-0.026715986452026944,-0.021416381241629846,0.00015537236118850006,19.705379625366668,-0.017151284904877592,-0.016922485091631263,0.03333333333333333,0.0,,,0.0,0.0,,,151.0
368,368.0,-0.026715986452026944,-0.021416381241629846,0.0001542646330369001,19.705379625366668,-0.017151284904877592,-0.016922485091631263,0.03333333333333333,0.0,,,0.0,0.0,,,175.0
369,369.0,-0.026715986452026944,-0.021416381241629846,0.00015422190626039994,19.705379625366668,-0.017151284904877592,-0.016922485091631263,0.03333333333333333,0.0,,,0.0,0.0,,,176.0
370,370.0,-0.025152589790520694,-0.020067341268987272,0.0001532647575782,11.421857061066667,-0.018579621212837606,-0.01828788433638671,0.1,0.03333333333333333,,,0.0,0.0,,,200.0
371,371.0,-0.025176841223866476,-0.02007245226852734,0.00015322747134559998,12.348591148600002,-0.018577410872617307,-0.018277683146237424,0.1,0.03333333333333333,,,0.0,0.0,,,201.0
372,372.0,-0.025176841223866476,-0.02007245226852734,0.00015238548578739997,12.348591148600002,-0.018577410872617307,-0.018277683146237424,0.1,0.03333333333333333,,,0.0,0.0,,,225.0
373,373.0,-0.025176841223866476,-0.02007245226852734,0.00015235243390060001,12.348591148600002,-0.018577410872617307,-0.018277683146237424,0.1,0.03333333333333333,,,0.0,0.0,,,226.0
374,374.0,-0.025176841223866476,-0.02007245226852734,0.0001516013213636999,12.348591148600002,-0.018577410872617307,-0.018277683146237424,0.1,0.03333333333333333,,,0.0,0.0,,,250.0
375,375.0,-0.025176841223866476,-0.02007245226852734,0.00015157165665100002,12.348591148600002,-0.018577410872617307,-0.018277683146237424,0.1,0.03333333333333333,,,0.0,0.0,,,251.0
376,376.0,-0.025176841223866476,-0.02007245226852734,0.0001508940426785,12.348591148600002,-0.018577410872617307,-0.018277683146237424,0.1,0.03333333333333333,,,0.0,0.0,,,275.0
377,377.0,-0.025176841223866476,-0.02007245226852734,0.00015086714771330006,12.348591148600002,-0.018577410872617307,-0.018277683146237424,0.1,0.03333333333333333,,,0.0,0.0,,,276.0
378,378.0,-0.025236405102137108,-0.019908832145830644,0.0001502501809465001,20.1133320766,-0.01879559817536347,-0.01856759340334403,0.16666666666666666,0.16666666666666666,,,0.0,0.0,,,300.0
379,379.0,-0.025229164378330487,-0.019904153558404594,0.00015022559207249992,22.11605869903333,-0.018799729202406117,-0.01856467982337152,0.16666666666666666,0.16666666666666666,,,0.0,0.0,,,301.0
380,380.0,-0.025229164378330487,-0.019904153558404594,0.00014965950300580008,22.11605869903333,-0.018799729202406117,-0.01856467982337152,0.16666666666666666,0.16666666666666666,,,0.0,0.0,,,325.0
381,381.0,-0.025229164378330487,-0.019904153558404594,0.00014963686332390006,22.11605869903333,-0.018799729202406117,-0.01856467982337152,0.16666666666666666,0.16666666666666666,,,0.0,0.0,,,326.0
382,382.0,-0.025229164378330487,-0.019904153558404594,0.000149114054128,22.11605869903333,-0.018799729202406117,-0.01856467982337152,0.16666666666666666,0.16666666666666666,,,0.0,0.0,,,350.0
383,383.0,-0.025229164378330487,-0.019904153558404594,0.00014909308314819999,22.11605869903333,-0.018799729202406117,-0.01856467982337152,0.16666666666666666,0.16666666666666666,,,0.0,0.0,,,351.0
384,384.0,-0.025229164378330487,-0.019904153558404594,0.00014860752999469996,22.11605869903333,-0.018799729202406117,-0.01856467982337152,0.16666666666666666,0.16666666666666666,,,0.0,0.0,,,375.0
385,385.0,-0.025229164378330487,-0.019904153558404594,0.0001485880033386999,22.11605869903333,-0.018799729202406117,-0.01856467982337152,0.16666666666666666,0.16666666666666666,,,0.0,0.0,,,376.0
386,386.0,-0.02510387778625424,-0.019779520143658868,0.0001481348508329999,32.70050197016666,-0.018931755783221392,-0.018801887043665366,0.23333333333333334,0.26666666666666666,,,0.0,0.0,,,400.0
387,387.0,-0.02509727849090587,-0.019780808756974307,0.00014811658624690012,32.543406873433334,-0.018926843225057274,-0.018785677199148136,0.2,0.26666666666666666,,,0.0,0.0,,,401.0
388,388.0,-0.02509727849090587,-0.019780808756974307,0.0001476918644022999,32.543406873433334,-0.018926843225057274,-0.018785677199148136,0.2,0.26666666666666666,,,0.0,0.0,,,425.0
389,389.0,-0.02509727849090587,-0.019780808756974307,0.00014767471186410012,32.543406873433334,-0.018926843225057274,-0.018785677199148136,0.2,0.26666666666666666,,,0.0,0.0,,,426.0
390,390.0,-0.02509727849090587,-0.019780808756974307,0.0001472751337541,32.543406873433334,-0.018926843225057274,-0.018785677199148136,0.2,0.26666666666666666,,,0.0,0.0,,,450.0
391,391.0,-0.02509727849090587,-0.019780808756974307,0.00014725896831939997,32.543406873433334,-0.018926843225057274,-0.018785677199148136,0.2,0.26666666666666666,,,0.0,0.0,,,451.0
392,392.0,-0.02509727849090587,-0.019780808756974307,0.0001468817823233,32.543406873433334,-0.018926843225057274,-0.018785677199148136,0.2,0.26666666666666666,,,0.0,0.0,,,475.0
393,393.0,-0.02509727849090587,-0.019780808756974307,0.00014686649884839995,32.543406873433334,-0.018926843225057274,-0.018785677199148136,0.2,0.26666666666666666,,,0.0,0.0,,,476.0
394,394.0,-0.02498083022989309,-0.0196238320226042,0.00014650937873600002,46.20085050513333,-0.018980933167320167,-0.018902561278102865,0.3,0.3,,,0.0,0.0,,,500.0
395,395.0,-0.02498208599450017,-0.01962206162780399,0.0001464948879169001,47.1817947116,-0.018980718656796416,-0.018909388912592966,0.3,0.3,,,0.0,0.0,,,501.0
396,396.0,-0.02498208599450017,-0.01962206162780399,0.00014615584972160005,47.1817947116,-0.018980718656796416,-0.018909388912592966,0.3,0.3,,,0.0,0.0,,,525.0
397,397.0,-0.02498208599450017,-0.01962206162780399,0.00014614207507450004,47.1817947116,-0.018980718656796416,-0.018909388912592966,0.3,0.3,,,0.0,0.0,,,526.0
398,398.0,-0.02498208599450017,-0.01962206162780399,0.00014581941329179995,47.1817947116,-0.018980718656796416,-0.018909388912592966,0.3,0.3,,,0.0,0.0,,,550.0
399,399.0,-0.02498208599450017,-0.01962206162780399,0.0001458062888192,47.1817947116,-0.018980718656796416,-0.018909388912592966,0.3,0.3,,,0.0,0.0,,,551.0
400,400.0,-0.02498208599450017,-0.01962206162780399,0.00014549852678490003,47.1817947116,-0.018980718656796416,-0.018909388912592966,0.3,0.3,,,0.0,0.0,,,575.0
401,401.0,-0.02498208599450017,-0.01962206162780399,0.00014548599514869998,47.1817947116,-0.018980718656796416,-0.018909388912592966,0.3,0.3,,,0.0,0.0,,,576.0
402,402.0,-0.024962043251458257,-0.019562427892452505,0.00014519184597929996,61.7051084618,-0.019118976899301032,-0.019003620903918137,0.26666666666666666,0.26666666666666666,,,0.0,0.0,,,600.0
403,403.0,-0.024977215077885747,-0.019571057665775292,0.00014517985705399998,63.349508200933336,-0.019119660970362076,-0.019003478035009232,0.26666666666666666,0.26666666666666666,,,0.0,0.0,,,601.0
404,404.0,-0.024977215077885747,-0.019571057665775292,0.0001448981925652,63.349508200933336,-0.019119660970362076,-0.019003478035009232,0.26666666666666666,0.26666666666666666,,,0.0,0.0,,,625.0
405,405.0,-0.024977215077885747,-0.019571057665775292,0.0001448867022814,63.349508200933336,-0.019119660970362076,-0.019003478035009232,0.26666666666666666,0.26666666666666666,,,0.0,0.0,,,626.0
406,406.0,-0.024977215077885747,-0.019571057665775292,0.00014461652800749992,63.349508200933336,-0.019119660970362076,-0.019003478035009232,0.26666666666666666,0.26666666666666666,,,0.0,0.0,,,650.0
407,407.0,-0.024977215077885747,-0.019571057665775292,0.00014460549741699994,63.349508200933336,-0.019119660970362076,-0.019003478035009232,0.26666666666666666,0.26666666666666666,,,0.0,0.0,,,651.0
408,408.0,-0.024977215077885747,-0.019571057665775292,0.0001443459323509001,63.349508200933336,-0.019119660970362076,-0.019003478035009232,0.26666666666666666,0.26666666666666666,,,0.0,0.0,,,675.0
409,409.0,-0.024977215077885747,-0.019571057665775292,0.00014433532686550005,63.349508200933336,-0.019119660970362076,-0.019003478035009232,0.26666666666666666,0.26666666666666666,,,0.0,0.0,,,676.0
410,410.0,-0.024895509963221173,-0.019478736449890847,0.00014408558688800002,84.7113423108,-0.01914958966814787,-0.019086935256039876,0.36666666666666664,0.3333333333333333,,,0.0,0.0,,,700.0
411,411.0,-0.024895147161280193,-0.019481652961607723,0.00014407537565450007,83.20157944093333,-0.019152726633250145,-0.019092739942213107,0.36666666666666664,0.3333333333333333,,,0.0,0.0,,,701.0
412,412.0,-0.024895147161280193,-0.019481652961607723,0.00014383475987729988,83.20157944093333,-0.019152726633250145,-0.019092739942213107,0.36666666666666664,0.3333333333333333,,,0.0,0.0,,,725.0
413,413.0,-0.024895147161280193,-0.019481652961607723,0.00014382491525989993,83.20157944093333,-0.019152726633250145,-0.019092739942213107,0.36666666666666664,0.3333333333333333,,,0.0,0.0,,,726.0
414,414.0,-0.024895147161280193,-0.019481652961607723,0.00014359279468760004,83.20157944093333,-0.019152726633250145,-0.019092739942213107,0.36666666666666664,0.3333333333333333,,,0.0,0.0,,,750.0
415,415.0,-0.024895147161280193,-0.019481652961607723,0.0001435832918376001,83.20157944093333,-0.019152726633250145,-0.019092739942213107,0.36666666666666664,0.3333333333333333,,,0.0,0.0,,,751.0
416,416.0,-0.024895147161280193,-0.019481652961607723,0.00014335909989370008,83.20157944093333,-0.019152726633250145,-0.019092739942213107,0.36666666666666664,0.3333333333333333,,,0.0,0.0,,,775.0
417,417.0,-0.024895147161280193,-0.019481652961607723,0.0001433499163877001,83.20157944093333,-0.019152726633250145,-0.019092739942213107,0.36666666666666664,0.3333333333333333,,,0.0,0.0,,,776.0
418,418.0,-0.024970383219214902,-0.019500921659318764,0.00014313314094799998,100.6287157149,-0.01918213112275674,-0.019185332384443334,0.3,0.36666666666666664,,,0.0,0.0,,,800.0
419,419.0,-0.024977779004520948,-0.01950196869804411,0.00014312425648389988,101.67592219023332,-0.01918634218683912,-0.019183021122829238,0.3,0.36666666666666664,,,0.0,0.0,,,801.0
420,420.0,-0.024977779004520948,-0.01950196869804411,0.00014291443313899996,101.67592219023332,-0.01918634218683912,-0.019183021122829238,0.3,0.36666666666666664,,,0.0,0.0,,,825.0
421,421.0,-0.024977779004520948,-0.01950196869804411,0.000142905829277,101.67592219023332,-0.01918634218683912,-0.019183021122829238,0.3,0.36666666666666664,,,0.0,0.0,,,826.0
422,422.0,-0.024977779004520948,-0.01950196869804411,0.00014270253560429993,101.67592219023332,-0.01918634218683912,-0.019183021122829238,0.3,0.36666666666666664,,,0.0,0.0,,,850.0
423,423.0,-0.024977779004520948,-0.01950196869804411,0.00014269419554689997,101.67592219023332,-0.01918634218683912,-0.019183021122829238,0.3,0.36666666666666664,,,0.0,0.0,,,851.0
424,424.0,-0.024977779004520948,-0.01950196869804411,0.00014249704621439998,101.67592219023332,-0.01918634218683912,-0.019183021122829238,0.3,0.36666666666666664,,,0.0,0.0,,,875.0
425,425.0,-0.024977779004520948,-0.01950196869804411,0.0001424889546179,101.67592219023332,-0.01918634218683912,-0.019183021122829238,0.3,0.36666666666666664,,,0.0,0.0,,,876.0
426,426.0,-0.024895288281810646,-0.019453790939372814,0.00014229759718049995,120.07755977773333,-0.01921732508094294,-0.01921417467454844,0.3,0.4,,,0.0,0.0,,,900.0
427,427.0,-0.024894202198281964,-0.019455509893925922,0.00014228973999199995,120.8063953891,-0.019212467354577843,-0.01921723122648422,0.3,0.4,,,0.0,0.0,,,901.0
428,428.0,-0.024894202198281964,-0.019455509893925922,0.0001421038512659,120.8063953891,-0.019212467354577843,-0.01921723122648422,0.3,0.4,,,0.0,0.0,,,925.0
429,429.0,-0.024894202198281964,-0.019455509893925922,0.0001420962155836,120.8063953891,-0.019212467354577843,-0.01921723122648422,0.3,0.4,,,0.0,0.0,,,926.0
430,430.0,-0.024894202198281964,-0.019455509893925922,0.00014191549850559994,120.8063953891,-0.019212467354577843,-0.01921723122648422,0.3,0.4,,,0.0,0.0,,,950.0
431,431.0,-0.024894202198281964,-0.019455509893925922,0.0001419080724565,120.8063953891,-0.019212467354577843,-0.01921723122648422,0.3,0.4,,,0.0,0.0,,,951.0
432,432.0,-0.024894202198281964,-0.019455509893925922,0.0001417322533528,120.8063953891,-0.019212467354577843,-0.01921723122648422,0.3,0.4,,,0.0,0.0,,,975.0
433,433.0,-0.024894202198281964,-0.019455509893925922,0.00014172502598660001,120.8063953891,-0.019212467354577843,-0.01921723122648422,0.3,0.4,,,0.0,0.0,,,976.0
434,434.0,-0.02489818049286175,-0.01939904198810166,0.00014155385218919995,139.01407745846666,-0.019228917124867836,-0.019235586598790617,0.3333333333333333,0.4,,,0.0,0.0,,,1000.0
435,435.0,-0.02489634173737095,-0.019396360944592864,0.0001415468133854,135.76707482266667,-0.019233304188225372,-0.01923908937027215,0.3333333333333333,0.4,,,0.0,0.0,,,1001.0
436,436.0,-0.02489634173737095,-0.019396360944592864,0.00014138005114330002,135.76707482266667,-0.019233304188225372,-0.01923908937027215,0.3333333333333333,0.4,,,0.0,0.0,,,1025.0
437,437.0,-0.02489634173737095,-0.019396360944592864,0.00014137319152989988,135.76707482266667,-0.019233304188225372,-0.01923908937027215,0.3333333333333333,0.4,,,0.0,0.0,,,1026.0
438,438.0,-0.02489634173737095,-0.019396360944592864,0.0001412106241736999,135.76707482266667,-0.019233304188225372,-0.01923908937027215,0.3333333333333333,0.4,,,0.0,0.0,,,1050.0
439,439.0,-0.02489634173737095,-0.019396360944592864,0.0001412039350553,135.76707482266667,-0.019233304188225372,-0.01923908937027215,0.3333333333333333,0.4,,,0.0,0.0,,,1051.0
440,440.0,-0.02489634173737095,-0.019396360944592864,0.00014104536137820009,135.76707482266667,-0.019233304188225372,-0.01923908937027215,0.3333333333333333,0.4,,,0.0,0.0,,,1075.0
441,441.0,-0.02489634173737095,-0.019396360944592864,0.0001410388346725,135.76707482266667,-0.019233304188225372,-0.01923908937027215,0.3333333333333333,0.4,,,0.0,0.0,,,1076.0
442,442.0,-0.024822580686790215,-0.019353174722689066,0.0001408840674984999,162.46117814783335,-0.01924954058402462,-0.019223980108646337,0.36666666666666664,0.4,,,0.0,0.0,,,1100.0
443,443.0,-0.024834195095252854,-0.01935005903095428,0.00014087769568069995,157.43560804953339,-0.01924891402025878,-0.019223840926988325,0.36666666666666664,0.4,,,0.0,0.0,,,1101.0
444,444.0,-0.024834195095252854,-0.01935005903095428,0.0001407265605943,157.43560804953339,-0.01924891402025878,-0.019223840926988325,0.36666666666666664,0.4,,,0.0,0.0,,,1125.0
445,445.0,-0.024834195095252854,-0.01935005903095428,0.00014072033664659994,157.43560804953339,-0.01924891402025878,-0.019223840926988325,0.36666666666666664,0.4,,,0.0,0.0,,,1126.0
446,446.0,-0.024834195095252854,-0.01935005903095428,0.00014057267086330005,157.43560804953339,-0.01924891402025878,-0.019223840926988325,0.36666666666666664,0.4,,,0.0,0.0,,,1150.0
447,447.0,-0.024834195095252854,-0.01935005903095428,0.0001405665882307001,157.43560804953339,-0.01924891402025878,-0.019223840926988325,0.36666666666666664,0.4,,,0.0,0.0,,,1151.0
448,448.0,-0.024834195095252854,-0.01935005903095428,0.0001404222395885,157.43560804953339,-0.01924891402025878,-0.019223840926988325,0.36666666666666664,0.4,,,0.0,0.0,,,1175.0
449,449.0,-0.024834195095252854,-0.01935005903095428,0.00014041629213930003,157.43560804953339,-0.01924891402025878,-0.019223840926988325,0.36666666666666664,0.4,,,0.0,0.0,,,1176.0
450,450.0,-0.024835456045789055,-0.01933845518533129,0.00014027511819780008,183.7030451509667,-0.019257499207785116,-0.019275024379822862,0.3333333333333333,0.43333333333333335,,,0.0,0.0,,,1200.0
451,451.0,-0.024834876679642726,-0.01934001090884888,0.00014026930018789995,182.40725380589998,-0.01926220255182142,-0.019276445297100955,0.3333333333333333,0.43333333333333335,,,0.0,0.0,,,1201.0
452,452.0,-0.024834876679642726,-0.01934001090884888,0.00014013116742050006,182.40725380589998,-0.01926220255182142,-0.019276445297100955,0.3333333333333333,0.43333333333333335,,,0.0,0.0,,,1225.0
453,453.0,-0.024834876679642726,-0.01934001090884888,0.00014012547346159995,182.40725380589998,-0.01926220255182142,-0.019276445297100955,0.3333333333333333,0.43333333333333335,,,0.0,0.0,,,1226.0
454,454.0,-0.02478559534703474,-0.0193186684631968,0.00013999583616489995,197.65430105183336,-0.01927345222530484,-0.01929453697011779,0.36666666666666664,0.43333333333333335,,,0.0,0.0,,,1249.0
455,455.0,-0.024778727687783744,-0.01931492827124466,0.00013999025652949995,198.83612419303333,-0.019272908772289363,-0.019291707914710955,0.4,0.43333333333333335,,,0.0,0.0,,,1250.0
456,456.0,-0.024778727687783744,-0.01931492827124466,0.0001399846815603,198.83612419303333,-0.019272908772289363,-0.019291707914710955,0.4,0.43333333333333335,,,0.0,0.0,,,1251.0
457,457.0,-0.024778727687783744,-0.01931492827124466,0.0001398522626589999,198.83612419303333,-0.019272908772289363,-0.019291707914710955,0.4,0.43333333333333335,,,0.0,0.0,,,1275.0
458,458.0,-0.024778727687783744,-0.01931492827124466,0.00013984680191949994,198.83612419303333,-0.019272908772289363,-0.019291707914710955,0.4,0.43333333333333335,,,0.0,0.0,,,1276.0
459,459.0,-0.024814165786441456,-0.01932950437372138,0.00013971707018909995,207.50274260506666,-0.019279703880036986,-0.0193093252221267,0.3333333333333333,0.43333333333333335,,,0.0,0.0,,,1300.0
460,460.0,-0.02481392370737447,-0.019327674327291867,0.00013971171919710006,209.70454815606664,-0.019280880141701155,-0.019314198828457318,0.3,0.43333333333333335,,,0.0,0.0,,,1301.0
461,461.0,-0.02481392370737447,-0.019327674327291867,0.00013958457018889994,209.70454815606664,-0.019280880141701155,-0.019314198828457318,0.3,0.43333333333333335,,,0.0,0.0,,,1325.0
462,462.0,-0.02481392370737447,-0.019327674327291867,0.00013957932471899995,209.70454815606664,-0.019280880141701155,-0.019314198828457318,0.3,0.43333333333333335,,,0.0,0.0,,,1326.0
463,463.0,-0.02481392370737447,-0.019327674327291867,0.00013945465991240002,209.70454815606664,-0.019280880141701155,-0.019314198828457318,0.3,0.43333333333333335,,,0.0,0.0,,,1350.0
464,464.0,-0.02481392370737447,-0.019327674327291867,0.00013944951597670002,209.70454815606664,-0.019280880141701155,-0.019314198828457318,0.3,0.43333333333333335,,,0.0,0.0,,,1351.0
465,465.0,-0.02481392370737447,-0.019327674327291867,0.0001393272423403,209.70454815606664,-0.019280880141701155,-0.019314198828457318,0.3,0.43333333333333335,,,0.0,0.0,,,1375.0
466,466.0,-0.02481392370737447,-0.019327674327291867,0.00013932219617130003,209.70454815606664,-0.019280880141701155,-0.019314198828457318,0.3,0.43333333333333335,,,0.0,0.0,,,1376.0
467,467.0,-0.024833474067777472,-0.01932089987961795,0.00013920222576439999,236.31450357976664,-0.019274742285503764,-0.019315687429286008,0.3333333333333333,0.4666666666666667,,,0.0,0.0,,,1400.0
468,468.0,-0.024829613544873307,-0.019321369260896133,0.00013919727379870002,239.26661828736667,-0.01927493875916886,-0.019310425205804137,0.3333333333333333,0.4666666666666667,,,0.0,0.0,,,1401.0
469,469.0,-0.024829613544873307,-0.019321369260896133,0.0001390795234078,239.26661828736667,-0.01927493875916886,-0.019310425205804137,0.3333333333333333,0.4666666666666667,,,0.0,0.0,,,1425.0
470,470.0,-0.024829613544873307,-0.019321369260896133,0.0001390746622719,239.26661828736667,-0.01927493875916886,-0.019310425205804137,0.3333333333333333,0.4666666666666667,,,0.0,0.0,,,1426.0
471,471.0,-0.024829613544873307,-0.019321369260896133,0.00013895905307900004,239.26661828736667,-0.01927493875916886,-0.019310425205804137,0.3333333333333333,0.4666666666666667,,,0.0,0.0,,,1450.0
472,472.0,-0.024829613544873307,-0.019321369260896133,0.00013895427957600004,239.26661828736667,-0.01927493875916886,-0.019310425205804137,0.3333333333333333,0.4666666666666667,,,0.0,0.0,,,1451.0
473,473.0,-0.024829613544873307,-0.019321369260896133,0.0001388407368559,239.26661828736667,-0.01927493875916886,-0.019310425205804137,0.3333333333333333,0.4666666666666667,,,0.0,0.0,,,1475.0
474,474.0,-0.024829613544873307,-0.019321369260896133,0.00013883604795349996,239.26661828736667,-0.01927493875916886,-0.019310425205804137,0.3333333333333333,0.4666666666666667,,,0.0,0.0,,,1476.0
475,475.0,-0.02481009006734317,-0.01931003887440675,0.0001387291111916,271.20327979660004,-0.01931626270756322,-0.019324842885951987,0.3333333333333333,0.4666666666666667,,,0.0,0.0,,,1499.0
476,476.0,-0.024804714936836357,-0.01930684353851429,0.00013872450079569995,269.5002907978667,-0.0193134304229415,-0.01932561466614294,0.3,0.4666666666666667,,,0.0,0.0,,,1500.0
477,477.0,-0.024806746639586343,-0.01930753811085304,0.00013871989361530001,270.61941014953334,-0.019310975580162457,-0.01932940548822752,0.3,0.4666666666666667,,,0.0,0.0,,,1501.0
478,478.0,-0.024806746639586343,-0.01930753811085304,0.00013861027467029996,270.61941014953334,-0.019310975580162457,-0.01932940548822752,0.3,0.4666666666666667,,,0.0,0.0,,,1525.0
479,479.0,-0.024806746639586343,-0.01930753811085304,0.0001386057464764001,270.61941014953334,-0.019310975580162457,-0.01932940548822752,0.3,0.4666666666666667,,,0.0,0.0,,,1526.0
480,480.0,-0.024806746639586343,-0.01930753811085304,0.00013849799172159993,270.61941014953334,-0.019310975580162457,-0.01932940548822752,0.3,0.4666666666666667,,,0.0,0.0,,,1550.0
481,481.0,-0.024806746639586343,-0.01930753811085304,0.00013849353991280007,270.61941014953334,-0.019310975580162457,-0.01932940548822752,0.3,0.4666666666666667,,,0.0,0.0,,,1551.0
482,482.0,-0.024806746639586343,-0.01930753811085304,0.00013838758843810002,270.61941014953334,-0.019310975580162457,-0.01932940548822752,0.3,0.4666666666666667,,,0.0,0.0,,,1575.0
483,483.0,-0.024806746639586343,-0.01930753811085304,0.00013838321053860007,270.61941014953334,-0.019310975580162457,-0.01932940548822752,0.3,0.4666666666666667,,,0.0,0.0,,,1576.0
484,484.0,-0.024787140197459052,-0.019312042944783888,0.0001382790043483001,297.56394695060004,-0.01933107858404757,-0.019326166824029288,0.4,0.4666666666666667,,,0.0,0.0,,,1600.0
485,485.0,-0.02479023888253222,-0.01931452666194875,0.00013827469799970003,292.20108266950007,-0.019331287499771012,-0.01932479811878924,0.4,0.4666666666666667,,,0.0,0.0,,,1601.0
486,486.0,-0.02479023888253222,-0.01931452666194875,0.00013817218183059994,292.20108266950007,-0.019331287499771012,-0.01932479811878924,0.4,0.4666666666666667,,,0.0,0.0,,,1625.0
487,487.0,-0.02479023888253222,-0.01931452666194875,0.00013816794478460008,292.20108266950007,-0.019331287499771012,-0.01932479811878924,0.4,0.4666666666666667,,,0.0,0.0,,,1626.0
488,488.0,-0.02479023888253222,-0.01931452666194875,0.00013806706593720005,292.20108266950007,-0.019331287499771012,-0.01932479811878924,0.4,0.4666666666666667,,,0.0,0.0,,,1650.0
489,489.0,-0.02479023888253222,-0.01931452666194875,0.0001380628960494,292.20108266950007,-0.019331287499771012,-0.01932479811878924,0.4,0.4666666666666667,,,0.0,0.0,,,1651.0
490,490.0,-0.02479023888253222,-0.01931452666194875,0.0001379636042327,292.20108266950007,-0.019331287499771012,-0.01932479811878924,0.4,0.4666666666666667,,,0.0,0.0,,,1675.0
491,491.0,-0.02479023888253222,-0.01931452666194875,0.00013795949945560006,292.20108266950007,-0.019331287499771012,-0.01932479811878924,0.4,0.4666666666666667,,,0.0,0.0,,,1676.0
492,492.0,-0.024806410528422137,-0.019290234121072097,0.00013786174664269995,306.58664446240005,-0.01930511393731632,-0.01931594242892093,0.36666666666666664,0.4666666666666667,,,0.0,0.0,,,1700.0
493,493.0,-0.024806829777875166,-0.019290303581505446,0.0001378577050206,302.6708752797,-0.01930784801411934,-0.019317470480536943,0.36666666666666664,0.4666666666666667,,,0.0,0.0,,,1701.0
494,494.0,-0.024806829777875166,-0.019290303581505446,0.00013776144531569992,302.6708752797,-0.01930784801411934,-0.019317470480536943,0.36666666666666664,0.4666666666666667,,,0.0,0.0,,,1725.0
495,495.0,-0.024806829777875166,-0.019290303581505446,0.00013775746497890002,302.6708752797,-0.01930784801411934,-0.019317470480536943,0.36666666666666664,0.4666666666666667,,,0.0,0.0,,,1726.0
496,496.0,-0.02478712413101387,-0.01928161766806828,0.0001376665776801001,326.0016557651667,-0.019312115761641598,-0.019307278247495736,0.36666666666666664,0.4666666666666667,,,0.0,0.0,,,1749.0
497,497.0,-0.024782134207575683,-0.01928231190614574,0.0001376626544933999,322.9187754665333,-0.01931045765530621,-0.019308915815220377,0.36666666666666664,0.4666666666666667,,,0.0,0.0,,,1750.0
498,498.0,-0.024782134207575683,-0.01928231190614574,0.00013765873365330006,322.9187754665333,-0.01931045765530621,-0.019308915815220377,0.36666666666666664,0.4666666666666667,,,0.0,0.0,,,1751.0
499,499.0,-0.024782134207575683,-0.01928231190614574,0.00013756533039090002,322.9187754665333,-0.01931045765530621,-0.019308915815220377,0.36666666666666664,0.4666666666666667,,,0.0,0.0,,,1775.0
500,500.0,-0.024782134207575683,-0.01928231190614574,0.00013756146733550007,322.9187754665333,-0.01931045765530621,-0.019308915815220377,0.36666666666666664,0.4666666666666667,,,0.0,0.0,,,1776.0
501,501.0,-0.024788297529762495,-0.019273153454889825,0.0001374694310852,338.08713311573325,-0.019297757852456323,-0.019317609921115204,0.3333333333333333,0.4666666666666667,,,0.0,0.0,,,1800.0
502,502.0,-0.024792279299275376,-0.01927652152691911,0.00013746562417489997,336.34205222776654,-0.01929679724472968,-0.01931677382877881,0.3333333333333333,0.4666666666666667,,,0.0,0.0,,,1801.0
503,503.0,-0.024792279299275376,-0.01927652152691911,0.0001373749164117,336.34205222776654,-0.01929679724472968,-0.01931677382877881,0.3333333333333333,0.4666666666666667,,,0.0,0.0,,,1825.0
504,504.0,-0.024792279299275376,-0.01927652152691911,0.00013737116407510003,336.34205222776654,-0.01929679724472968,-0.01931677382877881,0.3333333333333333,0.4666666666666667,,,0.0,0.0,,,1826.0
505,505.0,-0.024792279299275376,-0.01927652152691911,0.00013728174786780008,336.34205222776654,-0.01929679724472968,-0.01931677382877881,0.3333333333333333,0.4666666666666667,,,0.0,0.0,,,1850.0
506,506.0,-0.024792279299275376,-0.01927652152691911,0.000137278048598,336.34205222776654,-0.01929679724472968,-0.01931677382877881,0.3333333333333333,0.4666666666666667,,,0.0,0.0,,,1851.0
507,507.0,-0.024792279299275376,-0.01927652152691911,0.00013718988852200005,336.34205222776654,-0.01929679724472968,-0.01931677382877881,0.3333333333333333,0.4666666666666667,,,0.0,0.0,,,1875.0
508,508.0,-0.024792279299275376,-0.01927652152691911,0.00013718624087330006,336.34205222776654,-0.01929679724472968,-0.01931677382877881,0.3333333333333333,0.4666666666666667,,,0.0,0.0,,,1876.0
509,509.0,-0.02473480749546391,-0.01924576188367649,0.00013709930293069998,360.2728807069334,-0.019299013900450124,-0.01932522422792758,0.36666666666666664,0.5333333333333333,,,0.0,0.0,,,1900.0
510,510.0,-0.024736381375925664,-0.019246972906722417,0.00013709570551510006,361.4842555445,-0.019301151130916128,-0.019327018849464982,0.36666666666666664,0.5333333333333333,,,0.0,0.0,,,1901.0
511,511.0,-0.024736381375925664,-0.019246972906722417,0.00013700995705940002,361.4842555445,-0.019301151130916128,-0.019327018849464982,0.36666666666666664,0.5333333333333333,,,0.0,0.0,,,1925.0
512,512.0,-0.024736381375925664,-0.019246972906722417,0.0001370064085438001,361.4842555445,-0.019301151130916128,-0.019327018849464982,0.36666666666666664,0.5333333333333333,,,0.0,0.0,,,1926.0
513,513.0,-0.024736381375925664,-0.019246972906722417,0.000136921818209,361.4842555445,-0.019301151130916128,-0.019327018849464982,0.36666666666666664,0.5333333333333333,,,0.0,0.0,,,1950.0
514,514.0,-0.024736381375925664,-0.019246972906722417,0.00013691831731229995,361.4842555445,-0.019301151130916128,-0.019327018849464982,0.36666666666666664,0.5333333333333333,,,0.0,0.0,,,1951.0
515,515.0,-0.024736381375925664,-0.019246972906722417,0.00013683485494750001,361.4842555445,-0.019301151130916128,-0.019327018849464982,0.36666666666666664,0.5333333333333333,,,0.0,0.0,,,1975.0
516,516.0,-0.024736381375925664,-0.019246972906722417,0.00013683140043769997,361.4842555445,-0.019301151130916128,-0.019327018849464982,0.36666666666666664,0.5333333333333333,,,0.0,0.0,,,1976.0
517,517.0,-0.024748397846712327,-0.019235502840893117,0.00013675244813890003,394.1962360883666,-0.019320109858174818,-0.019334222809526787,0.4,0.5,,,0.0,0.0,,,1999.0
518,518.0,-0.02475397628657089,-0.01923625737089631,0.00013674903704520003,401.5396844178001,-0.01932035890806154,-0.01933334703184206,0.4,0.5,,,0.0,0.0,,,2000.0
